geoid10,name,population,median_hh_income,households,hh_no_vehicle,poverty_universe,poverty_count,rent_universe,rent_burden_30plus,occupied_units,overcrowded_units,race_universe,nh_white,nh_black,nh_asian,hispanic,pct_no_vehicle,poverty_rate,pct_rent_burden_30plus,pct_overcrowded,pct_hispanic,pct_nh_black,pct_nh_asian,pct_nh_white
06037101110,"Census Tract 1011.10, Los Angeles County, California",4283,63534.0,1575,97,4173,577,732,439,1575,60,4283,2616,19,331,1188,0.061587301587301586,0.1382698298586149,0.5997267759562842,0.0380952380952381,0.2773756712584637,0.004436142890497315,0.07728227877655848,0.6107868316600513
06037101122,"Census Tract 1011.22, Los Angeles County, California",3405,90389.0,1312,8,3379,130,240,184,1312,40,3405,2882,74,220,147,0.006097560975609756,0.03847292098253921,0.7666666666666667,0.03048780487804878,0.04317180616740088,0.021732745961820853,0.06461086637298091,0.84640234948605
06037101210,"Census Tract 1012.10, Los Angeles County, California",6347,44083.0,2297,257,6327,1673,1896,1231,2297,278,6347,2986,198,486,2616,0.11188506747932085,0.264422317053896,0.6492616033755274,0.12102742707879843,0.41216322672128564,0.03119584055459272,0.07657160863400031,0.47045848432330234
06037101220,"Census Tract 1012.20, Los Angeles County, California",3702,43713.0,1357,117,3702,585,822,563,1357,158,3702,1812,87,341,1364,0.08621960206337509,0.1580226904376013,0.6849148418491484,0.11643330876934414,0.3684494867639114,0.023500810372771474,0.09211237169097786,0.48946515397082657
06037101300,"Census Tract 1013, Los Angeles County, California",3884,81776.0,1445,49,3839,219,190,91,1445,47,3884,3126,205,194,297,0.033910034602076124,0.057046105756707474,0.4789473684210526,0.032525951557093424,0.07646755921730175,0.052780638516992794,0.049948506694129764,0.8048403707518023
06037101400,"Census Tract 1014, Los Angeles County, California",3458,75139.0,1355,104,3448,267,416,253,1355,38,3458,2271,9,409,591,0.07675276752767528,0.07743619489559164,0.6081730769230769,0.028044280442804426,0.17090803932909196,0.0026026604973973396,0.11827646038172354,0.656737998843262
06037102103,"Census Tract 1021.03, Los Angeles County, California",1763,76833.0,692,6,1763,85,231,117,692,25,1763,1106,25,224,355,0.008670520231213872,0.04821327283040272,0.5064935064935064,0.036127167630057806,0.2013613159387408,0.014180374361883154,0.12705615428247305,0.6273397617697107
06037102104,"Census Tract 1021.04, Los Angeles County, California",3721,80789.0,1230,92,3492,424,303,132,1230,22,3721,2568,73,351,512,0.07479674796747968,0.12142038946162657,0.43564356435643564,0.01788617886178862,0.13759742004837408,0.01961838215533459,0.09432948132222521,0.6901370599301263
06037102105,"Census Tract 1021.05, Los Angeles County, California",1905,57614.0,559,3,1905,356,257,172,559,58,1905,427,14,124,1283,0.005366726296958855,0.1868766404199475,0.669260700389105,0.1037567084078712,0.673490813648294,0.007349081364829396,0.06509186351706037,0.2241469816272966
06037102107,"Census Tract 1021.07, Los Angeles County, California",4349,109375.0,1345,36,4234,428,388,199,1345,48,4349,2605,69,398,1195,0.026765799256505577,0.10108644307982995,0.5128865979381443,0.035687732342007436,0.2747758105311566,0.015865716256610714,0.0915152908714647,0.5989882731662451
06037103101,"Census Tract 1031.01, Los Angeles County, California",2428,99875.0,897,10,2428,115,128,99,897,8,2428,1793,18,164,396,0.011148272017837236,0.04736408566721582,0.7734375,0.008918617614269788,0.1630971993410214,0.007413509060955519,0.06754530477759473,0.7384678747940692
06037103102,"Census Tract 1031.02, Los Angeles County, California",4734,75276.0,1623,80,4734,272,428,257,1623,92,4734,2651,0,579,1322,0.04929143561306223,0.0574566962399662,0.6004672897196262,0.056685150955021565,0.2792564427545416,0.0,0.12230671736375158,0.559991550485847
06037103200,"Census Tract 1032, Los Angeles County, California",6349,84286.0,2226,183,6227,937,857,446,2226,109,6349,3865,105,437,1751,0.08221024258760108,0.15047374337562228,0.5204200700116686,0.048966756513926325,0.2757914632225547,0.016538037486218304,0.06882973696645141,0.6087572846117498
06037103300,"Census Tract 1033, Los Angeles County, California",3781,105909.0,1288,58,3781,206,157,92,1288,46,3781,2897,1,271,403,0.04503105590062112,0.054482941020893946,0.5859872611464968,0.03571428571428571,0.1065855593758265,0.0002644802962179318,0.0716741602750595,0.7661994181433484
06037103400,"Census Tract 1034, Los Angeles County, California",6416,89926.0,2461,90,6370,534,899,389,2461,219,6416,3472,154,1037,1573,0.03657049979683056,0.08383045525902669,0.43270300333704115,0.08898821617228769,0.24516832917705736,0.024002493765586035,0.16162718204488777,0.5411471321695761
06037104103,"Census Tract 1041.03, Los Angeles County, California",3431,97543.0,849,27,3346,179,154,129,849,50,3431,379,431,199,2401,0.03180212014134275,0.053496712492528395,0.8376623376623377,0.05889281507656066,0.6997959778490236,0.1256193529583212,0.05800058292043136,0.11046342174293208
06037104105,"Census Tract 1041.05, Los Angeles County, California",6054,54960.0,1646,164,6054,1350,777,445,1646,94,6054,345,278,685,4482,0.09963547995139732,0.22299306243805747,0.5727155727155727,0.05710814094775213,0.7403369672943508,0.0459200528576148,0.11314833168153288,0.05698711595639247
06037104108,"Census Tract 1041.08, Los Angeles County, California",6001,51875.0,1459,227,6001,943,887,573,1459,282,6001,327,430,203,4982,0.15558601782042494,0.15714047658723546,0.6459977452085682,0.19328307059629884,0.8301949675054158,0.07165472421263124,0.03382769538410265,0.054490918180303285
06037104124,"Census Tract 1041.24, Los Angeles County, California",3875,77885.0,1232,23,3643,322,284,194,1232,27,3875,1224,491,323,1728,0.018668831168831168,0.08838869063958277,0.6830985915492958,0.021915584415584416,0.44593548387096776,0.12670967741935485,0.08335483870967741,0.31587096774193546
06037104201,"Census Tract 1042.01, Los Angeles County, California",4569,60129.0,941,37,4518,976,278,153,941,208,4569,56,401,0,4081,0.039319872476089264,0.21602478972996902,0.5503597122302158,0.22104144527098832,0.8931932589188006,0.08776537535565769,0.0,0.012256511271613044
06037104203,"Census Tract 1042.03, Los Angeles County, California",5441,49609.0,1169,82,5399,1385,591,466,1169,245,5441,82,446,68,4817,0.07014542343883662,0.25652898684941655,0.7884940778341794,0.20958083832335328,0.8853151994118729,0.08197022606138578,0.012497702628193347,0.015070759051644919
06037104204,"Census Tract 1042.04, Los Angeles County, California",3679,59000.0,764,25,3269,481,268,195,764,156,3679,359,139,246,2870,0.032722513089005235,0.14713979810339553,0.7276119402985075,0.20418848167539266,0.7801032889372111,0.03778200597988584,0.0668659961946181,0.09758086436531667
06037104310,"Census Tract 1043.10, Los Angeles County, California",4962,74940.0,849,34,4945,659,214,157,849,252,4962,68,96,18,4744,0.04004711425206125,0.1332659251769464,0.7336448598130841,0.2968197879858657,0.9560661023780733,0.019347037484885126,0.0036275695284159614,0.013704151551793631
06037104320,"Census Tract 1043.20, Los Angeles County, California",5292,56021.0,1331,168,5292,797,699,458,1331,306,5292,139,244,58,4718,0.12622088655146507,0.15060468631897203,0.6552217453505007,0.2299023290758828,0.8915343915343915,0.04610733182161754,0.010959939531368102,0.026266061980347696
06037104401,"Census Tract 1044.01, Los Angeles County, California",3270,69000.0,664,52,3258,783,254,170,664,226,3270,65,14,36,3155,0.0783132530120482,0.24033149171270718,0.6692913385826772,0.34036144578313254,0.9648318042813455,0.004281345565749235,0.011009174311926606,0.019877675840978593
06037104403,"Census Tract 1044.03, Los Angeles County, California",3341,60804.0,665,58,3317,453,250,131,665,196,3341,15,0,135,3191,0.08721804511278196,0.13656918902622853,0.524,0.29473684210526313,0.9551032624962587,0.0,0.04040706375336726,0.004489673750374139
06037104404,"Census Tract 1044.04, Los Angeles County, California",3084,56974.0,678,42,3055,767,369,213,678,207,3084,80,62,67,2867,0.061946902654867256,0.251063829787234,0.5772357723577236,0.3053097345132743,0.9296368352788587,0.020103761348897537,0.02172503242542153,0.02594033722438392
06037104500,"Census Tract 1045, Los Angeles County, California",3025,64229.0,625,24,3020,739,160,111,625,138,3025,25,1,0,2991,0.0384,0.24470198675496688,0.69375,0.2208,0.9887603305785124,0.00033057851239669424,0.0,0.008264462809917356
06037104610,"Census Tract 1046.10, Los Angeles County, California",3386,61359.0,703,13,3334,446,251,185,703,225,3386,66,0,0,3291,0.01849217638691323,0.13377324535092983,0.7370517928286853,0.3200568990042674,0.9719432959243945,0.0,0.0,0.019492025989367986
06037104620,"Census Tract 1046.20, Los Angeles County, California",3528,64648.0,661,22,3458,375,255,143,661,218,3528,62,0,0,3466,0.03328290468986384,0.10844418739155581,0.5607843137254902,0.329803328290469,0.9824263038548753,0.0,0.0,0.017573696145124718
06037104701,"Census Tract 1047.01, Los Angeles County, California",4402,35357.0,926,98,4389,1431,725,447,926,282,4402,58,145,15,4158,0.10583153347732181,0.32604237867395763,0.616551724137931,0.3045356371490281,0.9445706497046797,0.03293957292139937,0.0034075420263516582,0.013175829168559746
06037104703,"Census Tract 1047.03, Los Angeles County, California",2174,41875.0,572,22,2174,701,359,221,572,184,2174,130,173,0,1856,0.038461538461538464,0.3224471021159154,0.6155988857938719,0.32167832167832167,0.8537258509659613,0.07957681692732291,0.0,0.05979760809567617
06037104704,"Census Tract 1047.04, Los Angeles County, California",4321,43338.0,1199,33,4227,1210,456,295,1199,177,4321,275,555,89,3377,0.027522935779816515,0.2862550272060563,0.6469298245614035,0.14762301918265222,0.7815320527655635,0.1284424901643138,0.020597084008331403,0.06364267530664199
06037104810,"Census Tract 1048.10, Los Angeles County, California",5631,74149.0,1095,37,5609,691,298,205,1095,265,5631,188,12,47,5361,0.033789954337899546,0.12319486539490106,0.6879194630872483,0.2420091324200913,0.9520511454448588,0.002131060202450719,0.00834665245959865,0.0333866098383946
06037104821,"Census Tract 1048.21, Los Angeles County, California",3551,70231.0,795,12,3515,615,373,190,795,161,3551,165,86,119,3170,0.01509433962264151,0.17496443812233287,0.5093833780160858,0.20251572327044026,0.8927062799211489,0.024218529991551677,0.033511686848774994,0.046465784286116585
06037104822,"Census Tract 1048.22, Los Angeles County, California",2839,60515.0,625,75,2829,563,416,260,625,214,2839,68,35,142,2573,0.12,0.19901025097207495,0.625,0.3424,0.9063050369848539,0.012328284607256075,0.05001761183515322,0.023952095808383235
06037106010,"Census Tract 1060.10, Los Angeles County, California",3093,89946.0,959,32,3087,312,230,139,959,72,3093,550,124,118,2227,0.03336809176225235,0.1010689990281827,0.6043478260869565,0.07507820646506778,0.7200129324280634,0.04009052699644358,0.038150662786938246,0.17782088587132233
06037106020,"Census Tract 1060.20, Los Angeles County, California",5420,79703.0,1451,11,5406,510,265,209,1451,140,5420,1056,54,71,4187,0.007580978635423846,0.09433962264150944,0.7886792452830189,0.09648518263266713,0.772509225092251,0.00996309963099631,0.013099630996309963,0.1948339483394834
06037106111,"Census Tract 1061.11, Los Angeles County, California",4191,95288.0,1298,46,4191,205,147,68,1298,49,4191,1136,185,422,2378,0.03543913713405239,0.04891434025292293,0.46258503401360546,0.03775038520801233,0.567406346933906,0.044142209496540206,0.10069195895967549,0.27105702696253875
06037106112,"Census Tract 1061.12, Los Angeles County, California",5611,95625.0,1447,31,5446,663,263,137,1447,84,5611,1030,158,432,3895,0.021423635107118175,0.12174072713918473,0.5209125475285171,0.0580511402902557,0.6941721618249866,0.028158973445018713,0.07699162359650687,0.18356799144537517
06037106113,"Census Tract 1061.13, Los Angeles County, California",3697,96667.0,982,10,3600,287,198,127,982,48,3697,571,140,309,2650,0.010183299389002037,0.07972222222222222,0.6414141414141414,0.048879837067209775,0.716797403299973,0.03786854206113065,0.08358128212063835,0.15444955369218286
06037106114,"Census Tract 1061.14, Los Angeles County, California",6324,58194.0,1594,72,6250,1120,891,518,1594,303,6324,227,208,285,5583,0.0451693851944793,0.1792,0.5813692480359147,0.19008782936010038,0.8828273244781784,0.03289057558507274,0.04506641366223909,0.035895003162555346
06037106403,"Census Tract 1064.03, Los Angeles County, California",3667,72604.0,828,23,3624,169,164,123,828,159,3667,280,62,7,3318,0.027777777777777776,0.04663355408388521,0.75,0.19202898550724637,0.9048268339241887,0.016907553858740116,0.0019089173711480775,0.0763566948459231
06037106405,"Census Tract 1064.05, Los Angeles County, California",4758,59352.0,1184,19,4731,1347,716,399,1184,98,4758,808,308,65,3540,0.016047297297297296,0.284717818642993,0.5572625698324022,0.08277027027027027,0.7440100882723834,0.06473308112652375,0.01366120218579235,0.1698192517864649
06037106406,"Census Tract 1064.06, Los Angeles County, California",5839,85115.0,1660,52,5826,318,392,137,1660,119,5839,1238,60,418,4014,0.03132530120481928,0.05458290422245108,0.3494897959183674,0.07168674698795181,0.6874464805617401,0.010275732145915397,0.07158760061654393,0.212022606610721
06037106407,"Census Tract 1064.07, Los Angeles County, California",3119,34327.0,913,223,2902,936,709,551,913,181,3119,388,492,133,2073,0.244249726177437,0.32253618194348727,0.7771509167842031,0.1982475355969332,0.6646361013145239,0.15774286630330234,0.0426418723949984,0.1243988457839051
06037106408,"Census Tract 1064.08, Los Angeles County, California",3667,60199.0,956,60,3667,711,777,458,956,195,3667,149,92,119,3295,0.06276150627615062,0.19389146441232616,0.5894465894465895,0.20397489539748953,0.8985546768475593,0.02508862830651759,0.032451595309517314,0.04063266975729479
06037106510,"Census Tract 1065.10, Los Angeles County, California",5618,85521.0,1635,8,5194,430,506,284,1635,76,5618,778,269,438,4077,0.004892966360856269,0.08278783211397767,0.5612648221343873,0.046483180428134555,0.7257030971876113,0.04788180847276611,0.07796368814524741,0.13848344606621574
06037106520,"Census Tract 1065.20, Los Angeles County, California",5920,63924.0,1433,73,5903,907,450,311,1433,179,5920,502,16,126,5264,0.050942079553384506,0.15365068609181773,0.6911111111111111,0.12491277041172366,0.8891891891891892,0.002702702702702703,0.021283783783783785,0.08479729729729729
06037106603,"Census Tract 1066.03, Los Angeles County, California",3156,112404.0,990,9,3139,115,123,82,990,10,3156,1663,70,731,548,0.00909090909090909,0.03663587129659127,0.6666666666666666,0.010101010101010102,0.17363751584283904,0.022179974651457542,0.23162230671736375,0.5269328263624842
06037106604,"Census Tract 1066.04, Los Angeles County, California",5068,60350.0,1230,84,5052,701,643,353,1230,181,5068,250,55,108,4623,0.06829268292682927,0.138756927949327,0.5489891135303266,0.14715447154471545,0.9121941594317285,0.010852407261247041,0.021310181531176007,0.04932912391475927
06037106641,"Census Tract 1066.41, Los Angeles County, California",2372,110357.0,794,18,2372,73,77,71,794,6,2372,1586,6,455,199,0.022670025188916875,0.030775716694772345,0.922077922077922,0.007556675062972292,0.08389544688026981,0.002529510961214165,0.1918212478920742,0.6686340640809444
06037106642,"Census Tract 1066.42, Los Angeles County, California",2961,109063.0,1034,43,2954,133,101,73,1034,48,2961,1574,170,338,693,0.041586073500967116,0.045023696682464455,0.7227722772277227,0.04642166344294004,0.23404255319148937,0.057413036136440394,0.11415062478892266,0.5315771698750422
06037106643,"Census Tract 1066.43, Los Angeles County, California",4577,164125.0,1355,24,4577,75,126,40,1355,8,4577,2796,82,978,618,0.017712177121771217,0.016386279222197948,0.31746031746031744,0.005904059040590406,0.13502294079091107,0.01791566528293642,0.21367708105746122,0.6108804894035395
06037106645,"Census Tract 1066.45, Los Angeles County, California",3650,113940.0,1135,7,3650,104,99,57,1135,36,3650,2245,56,659,624,0.006167400881057269,0.028493150684931506,0.5757575757575758,0.03171806167400881,0.17095890410958905,0.015342465753424657,0.18054794520547945,0.6150684931506849
06037106646,"Census Tract 1066.46, Los Angeles County, California",3161,110734.0,967,60,3072,206,97,42,967,28,3161,1401,157,575,899,0.06204756980351603,0.06705729166666667,0.4329896907216495,0.028955532574974147,0.28440366972477066,0.049667826637140144,0.18190446061372983,0.4432141727301487
06037106648,"Census Tract 1066.48, Los Angeles County, California",4546,68426.0,1084,34,4524,913,609,306,1084,216,4546,128,12,6,4394,0.03136531365313653,0.2018125552608311,0.5024630541871922,0.1992619926199262,0.9665640123185217,0.0026396832380114386,0.0013198416190057193,0.028156621205455347
06037106649,"Census Tract 1066.49, Los Angeles County, California",2661,87039.0,697,21,2652,242,166,113,697,106,2661,221,70,501,1766,0.03012912482065997,0.09125188536953242,0.6807228915662651,0.15208034433285508,0.6636602780909433,0.026305900037579856,0.1882750845546787,0.08305148440435926
06037107010,"Census Tract 1070.10, Los Angeles County, California",3141,69934.0,735,18,3110,311,174,119,735,73,3141,88,14,20,2997,0.024489795918367346,0.1,0.6839080459770115,0.09931972789115646,0.9541547277936963,0.004457179242279528,0.006367398917542184,0.02801655523718561
06037107020,"Census Tract 1070.20, Los Angeles County, California",5317,84289.0,1229,39,5317,226,325,143,1229,166,5317,217,18,418,4648,0.03173311635475997,0.04250517208952417,0.44,0.13506916192026036,0.8741771675757006,0.0033853676885461726,0.07861576076735001,0.040812488245251084
06037108101,"Census Tract 1081.01, Los Angeles County, California",2327,121563.0,777,8,2327,204,132,43,777,0,2327,1328,83,513,323,0.010296010296010296,0.08766652342071336,0.32575757575757575,0.0,0.13880532874946283,0.035668242372152985,0.2204555221314998,0.5706918779544478
06037108102,"Census Tract 1081.02, Los Angeles County, California",3552,100938.0,1217,11,3544,335,216,100,1217,0,3552,1932,130,1109,322,0.009038619556285949,0.09452595936794582,0.46296296296296297,0.0,0.09065315315315316,0.0365990990990991,0.31221846846846846,0.543918918918919
06037108103,"Census Tract 1081.03, Los Angeles County, California",3099,146932.0,1016,0,3099,112,89,71,1016,0,3099,1789,0,824,356,0.0,0.0361406905453372,0.797752808988764,0.0,0.11487576637625041,0.0,0.265892223297838,0.5772829945143595
06037108104,"Census Tract 1081.04, Los Angeles County, California",1836,152321.0,570,8,1836,30,90,17,570,25,1836,930,96,644,136,0.014035087719298246,0.016339869281045753,0.18888888888888888,0.043859649122807015,0.07407407407407407,0.05228758169934641,0.35076252723311546,0.5065359477124183
06037108201,"Census Tract 1082.01, Los Angeles County, California",5460,129688.0,1847,10,5460,68,350,162,1847,15,5460,2001,357,2544,306,0.005414185165132647,0.012454212454212455,0.46285714285714286,0.008121277747698972,0.056043956043956046,0.06538461538461539,0.46593406593406594,0.36648351648351646
06037108202,"Census Tract 1082.02, Los Angeles County, California",7487,97188.0,2723,30,7487,186,826,611,2723,92,7487,2482,588,3566,505,0.011017260374586852,0.02484306130626419,0.7397094430992736,0.033786265148733015,0.06745024709496461,0.07853612929077067,0.47629223988246294,0.3315079471083211
06037109100,"Census Tract 1091, Los Angeles County, California",2797,67750.0,772,37,2570,122,196,83,772,77,2797,681,8,330,1771,0.04792746113989637,0.047470817120622566,0.42346938775510207,0.09974093264248704,0.633178405434394,0.002860207365033965,0.11798355380765105,0.24347515194851627
06037109200,"Census Tract 1092, Los Angeles County, California",2846,117857.0,944,22,2846,57,196,29,944,50,2846,969,36,713,1082,0.023305084745762712,0.020028109627547436,0.14795918367346939,0.05296610169491525,0.38018271257905834,0.012649332396345749,0.2505270555165144,0.3404778636683064
06037109300,"Census Tract 1093, Los Angeles County, California",2962,86316.0,920,62,2945,190,153,71,920,34,2962,1054,26,503,1297,0.06739130434782609,0.06451612903225806,0.46405228758169936,0.03695652173913044,0.43787981093855505,0.008777852802160702,0.16981769074949357,0.35584064821066846
06037109400,"Census Tract 1094, Los Angeles County, California",3903,82215.0,1113,43,3896,327,319,135,1113,140,3903,539,33,127,2898,0.03863432165318958,0.08393223819301848,0.4231974921630094,0.12578616352201258,0.7425057647963106,0.008455034588777863,0.03253907250832693,0.13809889828337177
06037109500,"Census Tract 1095, Los Angeles County, California",4832,33387.0,1038,54,4787,1348,448,356,1038,353,4832,174,65,111,4482,0.05202312138728324,0.2815959891372467,0.7946428571428571,0.3400770712909441,0.9275662251655629,0.013451986754966887,0.02297185430463576,0.036009933774834434
06037109601,"Census Tract 1096.01, Los Angeles County, California",4945,93778.0,1281,51,4945,239,196,110,1281,127,4945,784,50,525,3453,0.03981264637002342,0.04833164812942366,0.5612244897959183,0.09914129586260734,0.6982810920121335,0.010111223458038422,0.10616784630940344,0.15854398382204246
06037109603,"Census Tract 1096.03, Los Angeles County, California",4297,56970.0,1314,33,4297,842,578,394,1314,121,4297,500,40,622,3042,0.02511415525114155,0.19595066325343263,0.6816608996539792,0.09208523592085235,0.7079357691412613,0.00930882010705143,0.14475215266464975,0.11636025133814289
06037109604,"Census Tract 1096.04, Los Angeles County, California",3195,92500.0,918,40,3195,220,184,100,918,84,3195,531,27,381,2198,0.04357298474945534,0.06885758998435054,0.5434782608695652,0.0915032679738562,0.6879499217527386,0.008450704225352112,0.11924882629107982,0.16619718309859155
06037109700,"Census Tract 1097, Los Angeles County, California",4616,101709.0,1366,22,4562,340,219,168,1366,0,4616,1464,467,678,1949,0.016105417276720352,0.07452871547566857,0.7671232876712328,0.0,0.4222270363951473,0.10116984402079723,0.14688041594454074,0.317157712305026
06037109800,"Census Tract 1098, Los Angeles County, California",5534,92356.0,1451,14,5412,650,385,191,1451,193,5534,1351,131,778,3209,0.009648518263266712,0.12010347376201035,0.4961038961038961,0.1330117160578911,0.5798698951933502,0.023671846765449946,0.1405854716299241,0.24412721358872425
06037111100,"Census Tract 1111, Los Angeles County, California",3179,91648.0,941,33,3176,225,206,95,941,58,3179,986,85,457,1581,0.03506907545164718,0.07084382871536524,0.46116504854368934,0.061636556854410204,0.49732620320855614,0.026737967914438502,0.1437558980811576,0.31016042780748665
06037111201,"Census Tract 1112.01, Los Angeles County, California",3628,90341.0,1121,81,3590,186,134,117,1121,44,3628,1807,40,562,1201,0.07225691347011597,0.05181058495821727,0.8731343283582089,0.039250669045495096,0.3310363836824697,0.011025358324145534,0.15490628445424476,0.4980705622932745
06037111202,"Census Tract 1112.02, Los Angeles County, California",5169,84240.0,1763,93,5056,237,520,238,1763,76,5169,2649,102,739,1574,0.052750992626205334,0.046875,0.4576923076923077,0.04310833806012479,0.3045076417101954,0.019733023795705164,0.14296769201005996,0.5124782356355194
06037111204,"Census Tract 1112.04, Los Angeles County, California",6114,154038.0,1956,39,6098,58,78,28,1956,0,6114,3160,207,1447,1063,0.019938650306748466,0.009511315185306658,0.358974358974359,0.0,0.17386326463853452,0.033856722276741906,0.23666993784756296,0.5168465816159633
06037111205,"Census Tract 1112.05, Los Angeles County, California",3869,77351.0,1327,26,3869,170,621,384,1327,74,3869,1070,263,1425,968,0.019593067068575734,0.043939002326182475,0.6183574879227053,0.05576488319517709,0.25019384853967436,0.06797622124579995,0.3683122253812355,0.27655724993538383
06037111206,"Census Tract 1112.06, Los Angeles County, California",4379,114275.0,1503,54,4368,143,91,81,1503,46,4379,2140,48,676,1285,0.03592814371257485,0.03273809523809524,0.8901098901098901,0.030605455755156354,0.29344599223567025,0.010961406713861612,0.15437314455355103,0.4886960493263302
06037111301,"Census Tract 1113.01, Los Angeles County, California",7552,66861.0,2773,170,7540,876,1881,1066,2773,283,7552,2468,443,2089,2240,0.06130544536602957,0.11618037135278515,0.5667198298777246,0.10205553552109628,0.2966101694915254,0.05865995762711865,0.2766154661016949,0.3268008474576271
06037111302,"Census Tract 1113.02, Los Angeles County, California",5163,62865.0,1801,229,4984,728,895,585,1801,122,5163,2145,477,1237,1236,0.1271515824541921,0.14606741573033707,0.6536312849162011,0.06774014436424208,0.23939570017431724,0.09238814642649622,0.23958938601588223,0.41545613015688554
06037111400,"Census Tract 1114, Los Angeles County, California",8735,61467.0,2888,244,8657,1454,1801,1197,2888,322,8735,3376,390,1227,3724,0.08448753462603878,0.1679565669400485,0.6646307606885064,0.11149584487534626,0.42633085289066974,0.044647967945048654,0.14046937607326845,0.3864911276473955
06037113101,"Census Tract 1131.01, Los Angeles County, California",3719,106000.0,1112,0,3717,214,214,95,1112,41,3719,2082,134,649,854,0.0,0.05757331181059994,0.4439252336448598,0.0368705035971223,0.22963162140360313,0.036031191180424846,0.17450927668728153,0.5598279107286905
06037113102,"Census Tract 1131.02, Los Angeles County, California",3021,163021.0,981,27,3008,164,44,10,981,0,3021,2133,63,321,472,0.027522935779816515,0.05452127659574468,0.22727272727272727,0.0,0.15623965574313142,0.020854021847070508,0.10625620655412116,0.7060575968222443
06037113211,"Census Tract 1132.11, Los Angeles County, California",4109,91094.0,1678,21,4065,243,296,133,1678,10,4109,3069,106,569,323,0.012514898688915376,0.05977859778597786,0.44932432432432434,0.0059594755661501785,0.07860793380384522,0.025797030907763446,0.1384765149671453,0.746897055244585
06037113212,"Census Tract 1132.12, Los Angeles County, California",3494,84429.0,1084,39,3382,300,458,186,1084,67,3494,1306,131,906,1035,0.035977859778597784,0.08870490833826139,0.40611353711790393,0.061808118081180814,0.2962220950200343,0.037492844876931886,0.2593016599885518,0.37378362907842017
06037113213,"Census Tract 1132.13, Los Angeles County, California",5248,91544.0,1695,45,5114,166,669,310,1695,104,5248,1762,311,1115,1532,0.02654867256637168,0.03245991396167384,0.4633781763826607,0.06135693215339233,0.2919207317073171,0.059260670731707314,0.21246189024390244,0.3357469512195122
06037113231,"Census Tract 1132.31, Los Angeles County, California",2303,112500.0,816,24,2303,93,151,53,816,10,2303,1449,60,253,293,0.029411764705882353,0.04038211029092488,0.3509933774834437,0.012254901960784314,0.12722535822839776,0.026052974381241857,0.10985670864090318,0.6291793313069909
06037113232,"Census Tract 1132.32, Los Angeles County, California",4315,113079.0,1399,19,4207,248,197,82,1399,44,4315,2625,128,692,663,0.013581129378127233,0.05894937009745662,0.41624365482233505,0.031451036454610434,0.1536500579374276,0.02966396292004635,0.16037079953650057,0.608342989571263
06037113233,"Census Tract 1132.33, Los Angeles County, California",7345,46474.0,2534,297,7327,1243,1912,1371,2534,254,7345,1405,482,1055,4299,0.11720599842146803,0.16964651289750238,0.7170502092050209,0.10023677979479084,0.5852961198093941,0.06562287270251872,0.14363512593601088,0.191286589516678
06037113234,"Census Tract 1132.34, Los Angeles County, California",4823,59598.0,1508,103,4803,705,762,443,1508,305,4823,1485,209,865,2165,0.06830238726790451,0.14678326046221113,0.5813648293963255,0.20225464190981432,0.4488907319095998,0.043334024466099935,0.1793489529338586,0.30789964752228904
06037113235,"Census Tract 1132.35, Los Angeles County, California",1824,89792.0,711,23,1824,105,238,148,711,12,1824,982,116,63,391,0.03234880450070324,0.05756578947368421,0.6218487394957983,0.016877637130801686,0.21436403508771928,0.06359649122807018,0.03453947368421053,0.5383771929824561
06037113237,"Census Tract 1132.37, Los Angeles County, California",4194,82024.0,1458,32,4128,441,518,359,1458,39,4194,1756,646,478,1086,0.02194787379972565,0.1068313953488372,0.693050193050193,0.026748971193415638,0.25894134477825465,0.15402956604673343,0.1139723414401526,0.41869337148307106
06037113301,"Census Tract 1133.01, Los Angeles County, California",3509,66793.0,1287,107,3477,304,682,527,1287,38,3509,1928,200,605,655,0.08313908313908314,0.08743169398907104,0.7727272727272727,0.029526029526029528,0.1866628669136506,0.05699629524080935,0.1724137931034483,0.5494442861214021
06037113303,"Census Tract 1133.03, Los Angeles County, California",4191,93656.0,1407,67,4091,336,173,113,1407,64,4191,2434,66,459,1128,0.047619047619047616,0.08213150818870692,0.653179190751445,0.04548685145700071,0.2691481746599857,0.015748031496062992,0.10952040085898354,0.5807683130517777
06037113321,"Census Tract 1133.21, Los Angeles County, California",6180,76897.0,2544,86,6180,646,1981,959,2544,211,6180,2427,540,887,2001,0.03380503144654088,0.10453074433656957,0.4840989399293286,0.08294025157232704,0.3237864077669903,0.08737864077669903,0.14352750809061487,0.3927184466019418
06037113322,"Census Tract 1133.22, Los Angeles County, California",4572,94983.0,1449,17,4541,324,299,189,1449,42,4572,2012,84,885,1453,0.011732229123533472,0.07134992292446597,0.6321070234113713,0.028985507246376812,0.3178040244969379,0.01837270341207349,0.19356955380577429,0.44006999125109364
06037113401,"Census Tract 1134.01, Los Angeles County, California",6550,86101.0,1972,181,6511,800,600,289,1972,180,6550,1799,132,1021,3161,0.09178498985801217,0.12286899093841191,0.4816666666666667,0.09127789046653144,0.48259541984732823,0.02015267175572519,0.15587786259541986,0.2746564885496183
06037113421,"Census Tract 1134.21, Los Angeles County, California",6879,65060.0,2127,152,6879,1051,1729,1006,2127,354,6879,1386,398,969,3985,0.07146215326751293,0.15278383485971797,0.5818392134181608,0.16643159379407615,0.5792993167611571,0.057857246692833264,0.14086349760139555,0.20148277365896206
06037113422,"Census Tract 1134.22, Los Angeles County, California",6306,75109.0,2101,197,6269,618,966,489,2101,220,6306,2181,293,925,2672,0.09376487386958592,0.09858031583984686,0.5062111801242236,0.10471204188481675,0.4237234379955598,0.046463685379004124,0.14668569616238503,0.3458610846812559
06037115101,"Census Tract 1151.01, Los Angeles County, California",5083,141711.0,1656,58,5083,237,114,106,1656,6,5083,2755,261,581,1351,0.035024154589371984,0.04662600826283691,0.9298245614035088,0.0036231884057971015,0.26578792051937833,0.051347629352744444,0.11430257721817824,0.5420027542789692
06037115103,"Census Tract 1151.03, Los Angeles County, California",3381,43958.0,28,0,124,64,28,19,28,0,3381,876,467,605,1243,0.0,0.5161290322580645,0.6785714285714286,0.0,0.3676427092576161,0.13812481514344868,0.17894114167406092,0.259094942324756
06037115104,"Census Tract 1151.04, Los Angeles County, California",4377,54861.0,1915,162,4344,1111,1434,834,1915,145,4377,1448,656,926,1229,0.0845953002610966,0.2557550644567219,0.5815899581589958,0.07571801566579635,0.2807859264336303,0.14987434315741374,0.21156042951793466,0.33082019648160843
06037115201,"Census Tract 1152.01, Los Angeles County, California",6647,65208.0,2681,233,6607,867,1920,1093,2681,316,6647,3427,156,951,1912,0.08690787019768743,0.13122445890721962,0.5692708333333333,0.11786646773591944,0.2876485632616218,0.023469234241010984,0.14307206258462465,0.5155709342560554
06037115202,"Census Tract 1152.02, Los Angeles County, California",5684,65125.0,1913,76,5678,838,1067,684,1913,133,5684,1832,414,848,2275,0.03972817564035546,0.14758717858400847,0.6410496719775071,0.06952430737062205,0.4002463054187192,0.07283603096410979,0.14919071076706544,0.3223082336382829
06037115301,"Census Tract 1153.01, Los Angeles County, California",4524,94279.0,1653,88,4475,464,736,314,1653,37,4524,2296,150,1096,881,0.05323653962492438,0.10368715083798882,0.4266304347826087,0.02238354506957048,0.1947391688770999,0.033156498673740056,0.242263483642794,0.5075154730327144
06037115302,"Census Tract 1153.02, Los Angeles County, California",3957,45549.0,1056,95,3957,1075,699,464,1056,190,3957,524,224,388,2791,0.08996212121212122,0.2716704574172353,0.6638054363376252,0.17992424242424243,0.705332322466515,0.056608541824614604,0.09805408137477888,0.1324235531968663
06037115401,"Census Tract 1154.01, Los Angeles County, California",6373,71646.0,1933,40,6363,1071,1183,661,1933,311,6373,2013,253,729,3219,0.020693222969477496,0.16831683168316833,0.558748943364328,0.16088980858768753,0.5050996391024635,0.039698729013023695,0.1143888278675663,0.31586380040797113
06037115403,"Census Tract 1154.03, Los Angeles County, California",3583,54407.0,1038,27,3583,614,689,464,1038,187,3583,783,227,507,1975,0.02601156069364162,0.17136477811889478,0.6734397677793904,0.18015414258188825,0.5512140664247837,0.06335473067262071,0.1415015350265141,0.21853195646106616
06037115404,"Census Tract 1154.04, Los Angeles County, California",2800,66136.0,860,33,2786,471,460,258,860,78,2800,688,197,474,1333,0.03837209302325582,0.16905958363244794,0.5608695652173913,0.09069767441860466,0.4760714285714286,0.07035714285714285,0.1692857142857143,0.24571428571428572
06037117101,"Census Tract 1171.01, Los Angeles County, California",5224,90750.0,1465,74,5224,404,453,188,1465,189,5224,433,434,2069,2049,0.050511945392491465,0.0773353751914242,0.41501103752759383,0.12901023890784982,0.3922281776416539,0.0830781010719755,0.39605666156202146,0.08288667687595712
06037117102,"Census Tract 1171.02, Los Angeles County, California",2861,69500.0,802,10,2813,258,242,180,802,91,2861,637,59,331,1778,0.012468827930174564,0.0917170280838962,0.743801652892562,0.11346633416458853,0.6214610276127228,0.020622160083886752,0.11569381335197483,0.22264942327857393
06037117201,"Census Tract 1172.01, Los Angeles County, California",5191,61335.0,1239,135,5065,1124,846,528,1239,309,5191,456,290,673,3498,0.1089588377723971,0.22191510365251726,0.624113475177305,0.24939467312348668,0.6738586014255442,0.055865921787709494,0.12964746676940858,0.08784434598343287
06037117202,"Census Tract 1172.02, Los Angeles County, California",2633,100326.0,814,66,2606,108,166,66,814,58,2633,761,245,719,805,0.08108108108108109,0.04144282425172678,0.39759036144578314,0.07125307125307126,0.30573490315229773,0.09304975313330802,0.2730725408279529,0.28902392707937713
06037117301,"Census Tract 1173.01, Los Angeles County, California",3910,97634.0,1189,40,3910,118,255,159,1189,0,3910,1608,94,714,1356,0.0336417157275021,0.03017902813299233,0.6235294117647059,0.0,0.34680306905370845,0.02404092071611253,0.1826086956521739,0.4112531969309463
06037117302,"Census Tract 1173.02, Los Angeles County, California",5229,102917.0,1728,157,5223,415,388,211,1728,65,5229,2161,583,850,1328,0.09085648148148148,0.07945625119663029,0.5438144329896907,0.03761574074074074,0.25396825396825395,0.11149359342130427,0.16255498183209027,0.41327213616370245
06037117303,"Census Tract 1173.03, Los Angeles County, California",3754,83931.0,1049,17,3742,417,191,130,1049,59,3754,1197,148,610,1696,0.016205910390848427,0.11143773383217531,0.680628272251309,0.05624404194470925,0.4517847629195525,0.03942461374533831,0.16249334043686733,0.31885988279168886
06037117404,"Census Tract 1174.04, Los Angeles County, California",5324,107981.0,1362,16,5277,624,373,244,1362,127,5324,1989,66,815,2241,0.011747430249632892,0.11824900511654349,0.6541554959785523,0.09324522760646109,0.4209241172051089,0.012396694214876033,0.15308039068369647,0.37359128474830955
06037117405,"Census Tract 1174.05, Los Angeles County, California",3574,36538.0,876,85,3519,1412,833,601,876,324,3574,50,110,99,3315,0.09703196347031963,0.4012503552145496,0.7214885954381752,0.3698630136986301,0.9275321768326805,0.03077783995523223,0.027700055959709008,0.013989927252378288
06037117407,"Census Tract 1174.07, Los Angeles County, California",3836,33480.0,959,138,3836,1463,946,644,959,471,3836,17,49,90,3662,0.14389989572471323,0.3813868613138686,0.6807610993657506,0.49113660062565173,0.9546402502606882,0.012773722627737226,0.02346193952033368,0.0044316996871741395
06037117408,"Census Tract 1174.08, Los Angeles County, California",3073,36250.0,858,97,3073,1112,744,519,858,349,3073,116,145,333,2455,0.11305361305361306,0.3618613732508949,0.6975806451612904,0.40675990675990675,0.7988935893263911,0.04718516108037748,0.1083631630328669,0.03774812886430198
06037117510,"Census Tract 1175.10, Los Angeles County, California",3687,46838.0,968,160,3675,931,825,543,968,383,3687,348,128,274,2937,0.1652892561983471,0.25333333333333335,0.6581818181818182,0.3956611570247934,0.7965825874694874,0.03471657173854082,0.07431516137781394,0.09438567941415785
06037117520,"Census Tract 1175.20, Los Angeles County, California",4168,36003.0,1077,119,4135,1517,902,620,1077,405,4168,170,239,307,3430,0.11049210770659239,0.36686819830713424,0.6873614190687362,0.37604456824512533,0.822936660268714,0.05734165067178503,0.07365642994241843,0.040786948176583494
06037117530,"Census Tract 1175.30, Los Angeles County, California",6742,55483.0,1649,206,6720,1514,1262,762,1649,606,6742,377,125,740,5372,0.1249241964827168,0.22529761904761905,0.6038034865293186,0.36749545178896303,0.7967962029071493,0.018540492435479086,0.1097597152180362,0.05591812518540493
06037119001,"Census Tract 1190.01, Los Angeles County, California",4435,85758.0,994,13,4435,438,265,136,994,196,4435,578,14,599,3160,0.013078470824949699,0.09875986471251409,0.5132075471698113,0.19718309859154928,0.7125140924464487,0.003156708004509583,0.1350620067643743,0.13032694475760992
06037119002,"Census Tract 1190.02, Los Angeles County, California",7976,80664.0,1736,179,7907,503,567,224,1736,377,7976,410,89,766,6644,0.10311059907834101,0.06361451878082712,0.3950617283950617,0.2171658986175115,0.8329989969909729,0.011158475426278836,0.09603811434302909,0.05140421263791374
06037119201,"Census Tract 1192.01, Los Angeles County, California",4547,91111.0,882,65,4516,658,204,113,882,242,4547,219,30,266,3986,0.07369614512471655,0.14570416297608504,0.553921568627451,0.2743764172335601,0.8766219485374972,0.006597756762700682,0.05850010996261271,0.04816362436771498
06037119202,"Census Tract 1192.02, Los Angeles County, California",4759,67500.0,1056,72,4759,707,280,202,1056,305,4759,174,35,296,4226,0.06818181818181818,0.14856062197940745,0.7214285714285714,0.28882575757575757,0.8880016810254255,0.0073544862366043285,0.06219794074385375,0.03656230300483295
06037119310,"Census Tract 1193.10, Los Angeles County, California",4087,47959.0,1234,104,3944,693,642,476,1234,97,4087,573,174,648,2686,0.08427876823338736,0.17570993914807304,0.7414330218068536,0.07860615883306321,0.6572057744066553,0.04257401517005138,0.15855150477122584,0.14020063616344508
06037119320,"Census Tract 1193.20, Los Angeles County, California",4906,72813.0,1235,114,4906,616,874,485,1235,287,4906,270,296,861,3426,0.09230769230769231,0.12556053811659193,0.5549199084668193,0.23238866396761135,0.6983285772523441,0.060334284549531186,0.1754993885038728,0.055034651447207504
06037119340,"Census Tract 1193.40, Los Angeles County, California",4264,30817.0,1027,174,4264,2032,1015,730,1027,455,4264,4,158,103,3999,0.1694255111976631,0.47654784240150094,0.7192118226600985,0.4430379746835443,0.9378517823639775,0.037054409005628515,0.024155722326454035,0.0009380863039399625
06037119341,"Census Tract 1193.41, Los Angeles County, California",2890,51083.0,822,59,2890,487,553,359,822,136,2890,401,137,772,1560,0.07177615571776155,0.1685121107266436,0.6491862567811935,0.1654501216545012,0.5397923875432526,0.04740484429065744,0.2671280276816609,0.13875432525951556
06037119342,"Census Tract 1193.42, Los Angeles County, California",2911,58611.0,758,37,2911,445,396,297,758,122,2911,203,58,378,2249,0.048812664907651716,0.15286843009275164,0.75,0.16094986807387862,0.7725867399519065,0.01992442459635864,0.12985228443833735,0.06973548608725524
06037119400,"Census Tract 1194, Los Angeles County, California",5499,83333.0,1160,51,5488,604,222,146,1160,272,5499,397,74,485,4470,0.04396551724137931,0.11005830903790087,0.6576576576576577,0.23448275862068965,0.8128750681942172,0.013456992180396435,0.08819785415530096,0.07219494453537006
06037119700,"Census Tract 1197, Los Angeles County, California",4913,81688.0,1302,19,4896,454,227,119,1302,145,4913,1257,179,1088,2291,0.014592933947772658,0.09272875816993464,0.5242290748898678,0.11136712749615975,0.46631386118461227,0.03643395074292693,0.22145328719723184,0.2558518216975372
06037119800,"Census Tract 1198, Los Angeles County, California",6054,82981.0,1486,65,6029,715,402,286,1486,138,6054,499,68,788,4599,0.04374158815612382,0.11859346491955548,0.7114427860696517,0.09286675639300135,0.7596630327056492,0.011232243145028081,0.1301618764453254,0.08242484307895606
06037119900,"Census Tract 1199, Los Angeles County, California",5245,78000.0,1242,15,5222,480,223,120,1242,262,5245,467,39,1122,3526,0.012077294685990338,0.09191880505553428,0.5381165919282511,0.2109500805152979,0.6722592945662536,0.007435653002859866,0.21391801715919923,0.0890371782650143
06037120010,"Census Tract 1200.10, Los Angeles County, California",2704,49432.0,747,25,2700,302,352,269,747,134,2704,225,75,419,1985,0.03346720214190094,0.11185185185185186,0.7642045454545454,0.17938420348058903,0.7340976331360947,0.027736686390532544,0.15495562130177515,0.08321005917159763
06037120020,"Census Tract 1200.20, Los Angeles County, California",3872,37045.0,1168,199,3845,1112,986,592,1168,185,3872,85,283,634,2849,0.1703767123287671,0.28920676202860857,0.6004056795131846,0.1583904109589041,0.7357954545454546,0.07308884297520661,0.1637396694214876,0.021952479338842975
06037120030,"Census Tract 1200.30, Los Angeles County, California",2666,30625.0,734,211,2666,834,687,437,734,196,2666,84,72,168,2342,0.28746594005449594,0.31282820705176295,0.636098981077147,0.2670299727520436,0.878469617404351,0.02700675168792198,0.06301575393848462,0.03150787696924231
06037120103,"Census Tract 1201.03, Los Angeles County, California",3452,26875.0,848,223,3393,1636,791,624,848,368,3452,63,53,100,3236,0.26297169811320753,0.4821691718243442,0.7888748419721872,0.4339622641509434,0.9374275782155272,0.015353418308227115,0.028968713789107765,0.01825028968713789
06037120104,"Census Tract 1201.04, Los Angeles County, California",2228,38672.0,772,173,2228,448,679,468,772,186,2228,239,146,344,1447,0.22409326424870465,0.20107719928186715,0.6892488954344624,0.24093264248704663,0.6494614003590664,0.06552962298025135,0.15439856373429084,0.10727109515260323
06037120105,"Census Tract 1201.05, Los Angeles County, California",2832,33984.0,868,200,2828,779,618,429,868,190,2832,161,35,483,2153,0.2304147465437788,0.27545968882602545,0.6941747572815534,0.21889400921658986,0.7602401129943502,0.012358757062146893,0.1705508474576271,0.0568502824858757
06037120106,"Census Tract 1201.06, Los Angeles County, California",4763,36217.0,1205,224,4530,1203,1062,667,1205,467,4763,129,73,727,3834,0.18589211618257262,0.26556291390728476,0.628060263653484,0.387551867219917,0.8049548603821122,0.015326474910770523,0.1526348939743859,0.027083770732731473
06037120107,"Census Tract 1201.07, Los Angeles County, California",3893,30481.0,1108,161,3841,1464,1042,779,1108,405,3893,128,71,275,3397,0.14530685920577618,0.38115074199427235,0.7476007677543186,0.3655234657039711,0.8725918314924223,0.018237862830721808,0.07063960955561263,0.032879527356794246
06037120108,"Census Tract 1201.08, Los Angeles County, California",4732,39032.0,1356,134,4686,1366,1009,603,1356,262,4732,387,126,243,3924,0.09882005899705015,0.2915066154502774,0.597621407333994,0.19321533923303835,0.8292476754015216,0.026627218934911243,0.05135249366018597,0.08178360101437024
06037120300,"Census Tract 1203, Los Angeles County, California",5238,70208.0,1349,57,5238,605,385,247,1349,186,5238,776,57,1018,3343,0.04225352112676056,0.11550210003818251,0.6415584415584416,0.13787991104521868,0.6382206949217258,0.010882016036655211,0.19434898816342117,0.14814814814814814
06037120400,"Census Tract 1204, Los Angeles County, California",6769,54733.0,2057,190,6715,566,1346,850,2057,289,6769,1179,351,1265,3867,0.09236752552260574,0.08428890543559196,0.6315007429420505,0.14049586776859505,0.5712808391195154,0.051854040478652684,0.18688137095582805,0.17417639237701285
06037121010,"Census Tract 1210.10, Los Angeles County, California",4934,62903.0,1298,93,4934,717,403,247,1298,157,4934,1570,33,535,2796,0.07164869029275808,0.14531820024321038,0.6129032258064516,0.12095531587057011,0.5666801783542764,0.006688285366842318,0.10843129306850426,0.318200243210377
06037121020,"Census Tract 1210.20, Los Angeles County, California",3610,53345.0,1085,75,3592,543,534,308,1085,184,3610,941,88,437,2124,0.06912442396313365,0.15116926503340758,0.5767790262172284,0.1695852534562212,0.5883656509695291,0.02437673130193906,0.12105263157894737,0.26066481994459834
06037121101,"Census Tract 1211.01, Los Angeles County, California",2862,59267.0,927,64,2862,385,562,233,927,108,2862,499,28,272,1996,0.06903991370010787,0.1345213137665968,0.41459074733096085,0.11650485436893204,0.6974143955276031,0.009783368273934312,0.09503843466107617,0.17435359888190077
06037121102,"Census Tract 1211.02, Los Angeles County, California",2479,48750.0,811,54,2425,379,314,151,811,82,2479,1139,0,101,1202,0.06658446362515413,0.15628865979381443,0.48089171974522293,0.10110974106041924,0.4848729326341267,0.0,0.040742234772085516,0.4594594594594595
06037121210,"Census Tract 1212.10, Los Angeles County, California",2926,67375.0,766,84,2791,191,278,176,766,126,2926,281,49,353,2142,0.10966057441253264,0.06843425295592978,0.6330935251798561,0.16449086161879894,0.7320574162679426,0.01674641148325359,0.12064251537935748,0.09603554340396446
06037121221,"Census Tract 1212.21, Los Angeles County, California",2420,64335.0,517,17,2420,313,180,84,517,87,2420,288,13,68,2020,0.03288201160541586,0.12933884297520662,0.4666666666666667,0.16827852998065765,0.8347107438016529,0.005371900826446281,0.02809917355371901,0.11900826446280992
06037121222,"Census Tract 1212.22, Los Angeles County, California",5139,55192.0,1218,105,5139,1294,810,515,1218,242,5139,280,53,129,4633,0.08620689655172414,0.25179996108192254,0.6358024691358025,0.1986863711001642,0.9015372640591555,0.010313290523448142,0.025102159953298307,0.05448530842576377
06037121600,"Census Tract 1216, Los Angeles County, California",2735,79474.0,856,37,2722,280,196,85,856,41,2735,1068,37,641,910,0.04322429906542056,0.10286554004408523,0.4336734693877551,0.04789719626168224,0.3327239488117002,0.013528336380255941,0.2343692870201097,0.3904936014625229
06037121801,"Census Tract 1218.01, Los Angeles County, California",3127,42520.0,1143,115,3071,442,772,539,1143,147,3127,568,95,91,2320,0.10061242344706911,0.1439270595897102,0.6981865284974094,0.12860892388451445,0.7419251678925488,0.030380556443875918,0.02910137511992325,0.1816437480012792
06037121802,"Census Tract 1218.02, Los Angeles County, California",3216,68083.0,709,41,3196,663,233,138,709,129,3216,849,196,207,1934,0.05782792665726375,0.2074468085106383,0.592274678111588,0.18194640338504936,0.6013681592039801,0.060945273631840796,0.06436567164179105,0.26399253731343286
06037121900,"Census Tract 1219, Los Angeles County, California",3761,54702.0,991,21,3707,750,440,274,991,149,3761,653,89,91,2928,0.02119071644803229,0.2023199352576207,0.6227272727272727,0.1503531786074672,0.7785163520340335,0.023663919170433395,0.024195692634937517,0.17362403616059557
06037122000,"Census Tract 1220, Los Angeles County, California",5892,75486.0,1568,45,5892,563,599,352,1568,262,5892,2115,175,549,2863,0.028698979591836735,0.09555329260013577,0.5876460767946577,0.16709183673469388,0.4859131025118805,0.029701289884589272,0.09317718940936863,0.3589613034623218
06037122120,"Census Tract 1221.20, Los Angeles County, California",5011,61625.0,1086,32,5011,864,482,273,1086,295,5011,525,186,89,4053,0.029465930018416207,0.17242067451606466,0.5663900414937759,0.2716390423572744,0.8088205946916783,0.03711833965276392,0.01776092596288166,0.10476950708441429
06037122121,"Census Tract 1221.21, Los Angeles County, California",2829,53125.0,720,24,2823,292,384,270,720,136,2829,253,122,162,2263,0.03333333333333333,0.10343606092809068,0.703125,0.18888888888888888,0.7999293036408625,0.0431247790738777,0.05726405090137858,0.08943089430894309
06037122122,"Census Tract 1221.22, Los Angeles County, California",2728,41811.0,639,68,2725,521,476,349,639,170,2728,109,0,21,2598,0.10641627543035993,0.19119266055045872,0.7331932773109243,0.26604068857589985,0.9523460410557185,0.0,0.0076979472140762464,0.03995601173020528
06037122200,"Census Tract 1222, Los Angeles County, California",3469,54250.0,890,67,3469,556,466,343,890,146,3469,675,12,84,2606,0.07528089887640449,0.16027673681176133,0.7360515021459227,0.16404494382022472,0.7512251369270683,0.003459210147016431,0.024214471029115017,0.19458057076967425
06037122410,"Census Tract 1224.10, Los Angeles County, California",3457,36222.0,1171,93,3342,927,1029,618,1171,341,3457,427,98,151,2730,0.07941929974380871,0.27737881508078993,0.6005830903790087,0.29120409906063194,0.7897020538038761,0.02834827885449812,0.04367949088805322,0.12351750072317037
06037122420,"Census Tract 1224.20, Los Angeles County, California",4503,44967.0,1405,151,4494,664,922,631,1405,362,4503,678,77,317,3425,0.10747330960854093,0.14775255896751224,0.6843817787418656,0.2576512455516014,0.7606040417499444,0.017099711303575394,0.07039751276926494,0.15056628914057296
06037123010,"Census Tract 1230.10, Los Angeles County, California",4027,36518.0,1057,72,3998,1147,655,503,1057,215,4027,522,73,98,3324,0.06811731315042574,0.2868934467233617,0.76793893129771,0.20340586565752128,0.8254283585795877,0.018127638440526447,0.02433573379687112,0.1296250310404768
06037123020,"Census Tract 1230.20, Los Angeles County, California",3250,42056.0,831,23,3187,506,332,260,831,154,3250,273,50,95,2784,0.027677496991576414,0.15877000313774708,0.7831325301204819,0.18531889290012032,0.8566153846153847,0.015384615384615385,0.02923076923076923,0.084
06037123103,"Census Tract 1231.03, Los Angeles County, California",3808,48902.0,1531,119,3770,807,991,714,1531,186,3808,1120,207,394,2071,0.07772697583278902,0.21405835543766577,0.7204843592330978,0.12148922273024167,0.5438550420168067,0.05435924369747899,0.10346638655462184,0.29411764705882354
06037123104,"Census Tract 1231.04, Los Angeles County, California",4416,41766.0,1525,182,4351,1068,1119,738,1525,241,4416,1168,145,310,2703,0.11934426229508197,0.24546081360606756,0.6595174262734584,0.1580327868852459,0.6120923913043478,0.03283514492753623,0.07019927536231885,0.2644927536231884
06037123203,"Census Tract 1232.03, Los Angeles County, California",4094,48850.0,1165,66,4094,704,987,614,1165,467,4094,524,440,4,3076,0.05665236051502146,0.1719589643380557,0.6220871327254306,0.4008583690987124,0.7513434294088911,0.1074743527112848,0.0009770395701025891,0.12799218368343918
06037123204,"Census Tract 1232.04, Los Angeles County, California",3129,41375.0,1011,94,3066,889,868,495,1011,239,3129,530,143,143,2287,0.09297725024727992,0.2899543378995434,0.5702764976958525,0.23639960435212662,0.7309044423138383,0.04570150207734101,0.04570150207734101,0.1693831895174177
06037123205,"Census Tract 1232.05, Los Angeles County, California",2492,46083.0,749,62,2480,548,603,372,749,168,2492,458,96,46,1892,0.08277703604806408,0.22096774193548388,0.6169154228855721,0.22429906542056074,0.7592295345104334,0.038523274478330656,0.018459069020866775,0.18378812199036917
06037123206,"Census Tract 1232.06, Los Angeles County, California",2572,32266.0,846,79,2572,761,652,444,846,189,2572,277,19,60,2178,0.0933806146572104,0.29587869362363917,0.6809815950920245,0.22340425531914893,0.8468118195956454,0.007387247278382581,0.02332814930015552,0.10769828926905133
06037123301,"Census Tract 1233.01, Los Angeles County, California",4530,57031.0,1548,111,4513,697,950,600,1548,194,4530,1368,210,1241,1631,0.07170542635658915,0.15444272102814094,0.631578947368421,0.12532299741602068,0.36004415011037527,0.046357615894039736,0.2739514348785872,0.3019867549668874
06037123303,"Census Tract 1233.03, Los Angeles County, California",3087,44477.0,937,55,3056,602,672,460,937,148,3087,1028,50,162,1763,0.05869797225186766,0.19698952879581152,0.6845238095238095,0.15795090715048027,0.5711046323291221,0.016196954972465177,0.052478134110787174,0.33300939423388404
06037123304,"Census Tract 1233.04, Los Angeles County, California",4362,39631.0,1701,302,4362,1028,1368,989,1701,214,4362,1948,55,289,1979,0.17754262198706644,0.2356717102246676,0.722953216374269,0.12580834803057026,0.45369096744612564,0.012608895002292526,0.0662540119211371,0.4465841357175607
06037123410,"Census Tract 1234.10, Los Angeles County, California",4181,50481.0,1262,144,4103,984,976,599,1262,327,4181,1583,89,244,2258,0.11410459587955626,0.23982451864489399,0.6137295081967213,0.2591125198098257,0.5400621860798852,0.02128677349916288,0.058359244199952164,0.378617555608706
06037123420,"Census Tract 1234.20, Los Angeles County, California",4408,44790.0,1450,138,4408,947,946,687,1450,291,4408,1526,203,281,2398,0.09517241379310344,0.2148366606170599,0.726215644820296,0.2006896551724138,0.544010889292196,0.046052631578947366,0.06374773139745916,0.34618874773139746
06037123510,"Census Tract 1235.10, Los Angeles County, California",4795,45338.0,1660,299,4672,939,1247,735,1660,228,4795,1716,159,288,2349,0.18012048192771085,0.2009845890410959,0.5894145950280674,0.13734939759036144,0.48988529718456725,0.03315954118873827,0.06006256517205422,0.3578727841501564
06037123520,"Census Tract 1235.20, Los Angeles County, California",2816,45521.0,854,51,2816,685,567,387,854,183,2816,1082,5,51,1638,0.059718969555035126,0.2432528409090909,0.6825396825396826,0.21428571428571427,0.5816761363636364,0.0017755681818181818,0.018110795454545456,0.38423295454545453
06037123601,"Census Tract 1236.01, Los Angeles County, California",4803,55241.0,1885,260,4705,713,1235,785,1885,108,4803,2585,281,118,1694,0.13793103448275862,0.15154091392136027,0.6356275303643725,0.057294429708222815,0.35269623152196544,0.05850510097855507,0.024567978346866543,0.5382052883614408
06037123602,"Census Tract 1236.02, Los Angeles County, California",3659,50667.0,1350,132,3659,660,822,561,1350,155,3659,1918,261,160,1262,0.09777777777777778,0.18037715222738454,0.6824817518248175,0.11481481481481481,0.3449029789559989,0.0713309647444657,0.04372779447936595,0.5241869363213993
06037123700,"Census Tract 1237, Los Angeles County, California",4435,65278.0,1440,133,4435,491,656,414,1440,206,4435,2635,208,100,1359,0.09236111111111112,0.11071025930101466,0.6310975609756098,0.14305555555555555,0.3064261555806088,0.04689966178128523,0.02254791431792559,0.5941375422773394
06037123800,"Census Tract 1238, Los Angeles County, California",6018,75096.0,2396,167,6016,1158,1623,694,2396,120,6018,3791,369,202,1552,0.06969949916527546,0.1924867021276596,0.42760320394331486,0.05008347245409015,0.257892987703556,0.0613160518444666,0.03356596876038551,0.6299435028248588
06037123901,"Census Tract 1239.01, Los Angeles County, California",4696,66771.0,1521,64,4694,467,1075,483,1521,274,4696,1354,325,383,2417,0.042077580539119,0.09948870899020025,0.4493023255813953,0.18014464168310323,0.5146933560477002,0.06920783645655877,0.0815587734241908,0.2883304940374787
06037123902,"Census Tract 1239.02, Los Angeles County, California",2668,70592.0,1074,41,2668,455,693,372,1074,88,2668,1392,86,371,763,0.038175046554934824,0.17053973013493254,0.5367965367965368,0.08193668528864059,0.28598200899550225,0.03223388305847077,0.13905547226386808,0.5217391304347826
06037124000,"Census Tract 1240, Los Angeles County, California",5219,86881.0,2117,67,5219,361,1142,617,2117,57,5219,3794,119,273,728,0.03164855928200284,0.06917033914543017,0.5402802101576182,0.0269248937175248,0.13949032381682314,0.02280130293159609,0.05230887143130868,0.7269591875838283
06037124102,"Census Tract 1241.02, Los Angeles County, California",3551,50064.0,1362,37,3514,802,1075,693,1362,312,3551,1245,128,177,1804,0.027165932452276064,0.228229937393284,0.6446511627906977,0.2290748898678414,0.5080259081948747,0.03604618417347226,0.04984511405237961,0.3506054632497888
06037124103,"Census Tract 1241.03, Los Angeles County, California",1950,43787.0,611,68,1939,304,401,225,611,114,1950,475,39,139,1274,0.11129296235679215,0.15678184631253222,0.5610972568578554,0.18657937806873978,0.6533333333333333,0.02,0.07128205128205128,0.24358974358974358
06037124104,"Census Tract 1241.04, Los Angeles County, California",2492,43816.0,996,101,2476,460,839,493,996,210,2492,704,169,28,1473,0.10140562248995984,0.18578352180936994,0.5876042908224076,0.21084337349397592,0.591091492776886,0.06781701444622792,0.011235955056179775,0.2825040128410915
06037124105,"Census Tract 1241.05, Los Angeles County, California",2538,45764.0,929,105,2538,395,768,485,929,189,2538,821,81,129,1435,0.11302475780409042,0.15563435776201734,0.6315104166666666,0.20344456404736275,0.5654058313632782,0.031914893617021274,0.0508274231678487,0.32348305752561074
06037124201,"Census Tract 1242.01, Los Angeles County, California",3348,64364.0,1141,88,3348,370,610,395,1141,139,3348,1007,9,234,2057,0.07712532865907099,0.11051373954599761,0.6475409836065574,0.12182296231375986,0.6143966547192353,0.002688172043010753,0.06989247311827956,0.30077658303464755
06037124203,"Census Tract 1242.03, Los Angeles County, California",2384,52561.0,814,70,2384,361,501,280,814,122,2384,792,46,132,1357,0.085995085995086,0.1514261744966443,0.5588822355289421,0.14987714987714987,0.5692114093959731,0.01929530201342282,0.05536912751677853,0.33221476510067116
06037124204,"Census Tract 1242.04, Los Angeles County, California",2192,43385.0,929,39,2192,617,794,433,929,113,2192,663,70,112,1216,0.04198062432723358,0.28147810218978103,0.5453400503778337,0.1216361679224973,0.5547445255474452,0.03193430656934307,0.051094890510948905,0.30246350364963503
06037124300,"Census Tract 1243, Los Angeles County, California",2988,42826.0,1150,106,2941,474,853,547,1150,152,2988,984,54,155,1733,0.09217391304347826,0.1611696701802108,0.6412661195779601,0.13217391304347825,0.5799866131191432,0.018072289156626505,0.05187416331994645,0.3293172690763052
06037124400,"Census Tract 1244, Los Angeles County, California",4858,82500.0,1768,124,4760,515,1126,447,1768,68,4858,3377,141,217,924,0.07013574660633484,0.10819327731092437,0.3969804618117229,0.038461538461538464,0.19020172910662825,0.02902428983120626,0.0446685878962536,0.6951420337587485
06037124500,"Census Tract 1245, Los Angeles County, California",2925,90565.0,1168,19,2925,439,582,355,1168,15,2925,1762,89,171,523,0.016267123287671232,0.15008547008547007,0.6099656357388317,0.012842465753424657,0.1788034188034188,0.030427350427350428,0.05846153846153846,0.6023931623931624
06037124600,"Census Tract 1246, Los Angeles County, California",2691,64712.0,1310,75,2691,285,800,483,1310,17,2691,1825,138,91,340,0.05725190839694656,0.10590858416945373,0.60375,0.012977099236641221,0.12634708286882199,0.05128205128205128,0.033816425120772944,0.6781865477517651
06037124700,"Census Tract 1247, Los Angeles County, California",5539,89674.0,2474,216,5448,345,1318,800,2474,15,5539,3991,62,290,950,0.08730800323362975,0.06332599118942732,0.6069802731411229,0.006063055780113177,0.17151110308719986,0.011193356201480412,0.05235602094240838,0.720527170969489
06037124902,"Census Tract 1249.02, Los Angeles County, California",2706,31852.0,1534,324,2689,466,1373,909,1534,101,2706,1540,344,154,524,0.21121251629726207,0.17329862402380067,0.662053896576839,0.06584093872229466,0.19364375461936437,0.1271249076127125,0.056910569105691054,0.5691056910569106
06037124903,"Census Tract 1249.03, Los Angeles County, California",3499,61429.0,1508,172,3311,435,1180,747,1508,91,3499,1989,229,255,917,0.11405835543766578,0.13138024765931744,0.6330508474576271,0.0603448275862069,0.2620748785367248,0.06544727064875679,0.07287796513289511,0.5684481280365818
06037125100,"Census Tract 1251, Los Angeles County, California",5892,76595.0,2852,132,5892,604,2166,1222,2852,110,5892,3637,513,424,1189,0.04628330995792426,0.10251188051595383,0.564173591874423,0.038569424964936885,0.2017990495587237,0.08706720977596741,0.07196198234894773,0.6172776646300068
06037125200,"Census Tract 1252, Los Angeles County, California",3907,75260.0,1653,39,3907,570,1078,628,1653,95,3907,2037,87,213,1219,0.023593466424682397,0.14589198873816228,0.5825602968460112,0.05747126436781609,0.31200409521371897,0.0222677245968774,0.05451753263373432,0.5213718965958536
06037125310,"Census Tract 1253.10, Los Angeles County, California",4313,48958.0,1973,94,4273,793,1604,957,1973,252,4313,1710,666,93,1758,0.0476431829700963,0.1855838989000702,0.5966334164588528,0.12772427774961986,0.4076049153721308,0.15441687920241132,0.02156271736610248,0.3964757709251101
06037125320,"Census Tract 1253.20, Los Angeles County, California",5106,39977.0,2753,370,5106,1325,2658,1675,2753,269,5106,2526,316,597,1420,0.13439883763167454,0.25949862906384646,0.6301730624529721,0.09771158735924446,0.27810419114766943,0.06188797493145319,0.11692126909518213,0.49471210340775557
06037125401,"Census Tract 1254.01, Los Angeles County, California",4966,62934.0,2558,209,4966,868,2433,1435,2558,208,4966,2611,723,603,928,0.081704456606724,0.1747885622231172,0.5898068228524456,0.08131352619233777,0.18687072090213452,0.1455900120821587,0.12142569472412404,0.5257752718485703
06037125402,"Census Tract 1254.02, Los Angeles County, California",4889,80299.0,2040,103,4889,656,1416,737,2040,71,4889,3194,284,350,831,0.050490196078431374,0.13417876866434852,0.5204802259887006,0.03480392156862745,0.1699734096952342,0.05808958887298016,0.07158928206177133,0.6533033340151361
06037125501,"Census Tract 1255.01, Los Angeles County, California",3052,46767.0,1627,148,3052,605,1466,798,1627,77,3052,1824,317,240,606,0.09096496619545175,0.19823066841415465,0.5443383356070941,0.04732636754763368,0.19855832241153343,0.10386631716906947,0.07863695937090433,0.5976408912188729
06037125502,"Census Tract 1255.02, Los Angeles County, California",3488,68700.0,1843,136,3488,497,1401,698,1843,25,3488,2261,173,364,586,0.0737927292457949,0.14248853211009174,0.4982155603140614,0.013564839934888768,0.1680045871559633,0.04959862385321101,0.10435779816513761,0.6482224770642202
06037125600,"Census Tract 1256, Los Angeles County, California",2811,82401.0,1185,38,2811,329,585,325,1185,67,2811,1743,72,192,715,0.032067510548523206,0.11704019921736036,0.5555555555555556,0.056540084388185655,0.2543578797580932,0.025613660618996798,0.06830309498399147,0.6200640341515475
06037127102,"Census Tract 1271.02, Los Angeles County, California",5779,44955.0,1666,118,5772,1229,1064,710,1666,468,5779,779,311,380,4164,0.07082833133253301,0.21292446292446293,0.6672932330827067,0.2809123649459784,0.7205398857933899,0.053815539020591795,0.06575532098979062,0.13479840802907078
06037127103,"Census Tract 1271.03, Los Angeles County, California",3109,52096.0,1099,135,3109,450,909,422,1099,226,3109,765,116,238,1820,0.12283894449499545,0.14474107430041813,0.46424642464246424,0.20564149226569609,0.5853972338372467,0.03731103248633001,0.07655194596333226,0.24605982631071083
06037127104,"Census Tract 1271.04, Los Angeles County, California",3821,39067.0,1298,135,3821,987,876,690,1298,190,3821,1437,107,244,1976,0.10400616332819723,0.2583093431038995,0.7876712328767124,0.14637904468412943,0.5171421093954462,0.028003140539125882,0.06385762889295996,0.3760795603245224
06037127210,"Census Tract 1272.10, Los Angeles County, California",5838,55997.0,1905,219,5838,886,1307,730,1905,364,5838,1038,625,567,3551,0.11496062992125984,0.15176430284343953,0.558530986993114,0.1910761154855643,0.6082562521411442,0.10705721137375813,0.09712230215827339,0.1778006166495375
06037127220,"Census Tract 1272.20, Los Angeles County, California",5045,39645.0,1733,250,5045,1112,1205,916,1733,268,5045,1121,258,374,3171,0.14425851125216388,0.22041625371655105,0.7601659751037344,0.15464512406231967,0.6285431119920714,0.05113974231912785,0.07413280475718534,0.2222001982160555
06037127300,"Census Tract 1273, Los Angeles County, California",3809,49375.0,1375,145,3653,557,879,559,1375,256,3809,831,177,436,2215,0.10545454545454545,0.15247741582261154,0.6359499431171786,0.18618181818181817,0.5815174586505645,0.04646888947230244,0.11446573903911787,0.21816749803097926
06037127400,"Census Tract 1274, Los Angeles County, California",6558,53695.0,1865,103,6558,909,1388,775,1865,478,6558,1069,75,268,5033,0.05522788203753351,0.13860933211344922,0.55835734870317,0.25630026809651474,0.7674595913388228,0.011436413540713633,0.040866117718816715,0.16300701433363832
06037127520,"Census Tract 1275.20, Los Angeles County, California",4870,35728.0,1499,331,4870,1476,1407,869,1499,475,4870,488,254,346,3731,0.2208138759172782,0.3030800821355236,0.6176261549395877,0.31687791861240827,0.7661190965092403,0.05215605749486653,0.07104722792607802,0.10020533880903491
06037127603,"Census Tract 1276.03, Los Angeles County, California",3068,42292.0,937,59,3065,665,797,566,937,237,3068,460,48,62,2483,0.06296691568836713,0.2169657422512235,0.7101631116687579,0.2529348986125934,0.809322033898305,0.01564537157757497,0.020208604954367666,0.14993481095176012
06037127604,"Census Tract 1276.04, Los Angeles County, California",3157,44798.0,1203,205,3157,668,1003,673,1203,179,3157,754,28,294,1997,0.17040731504571904,0.21159328476401648,0.67098703888335,0.1487946799667498,0.6325625593918277,0.008869179600886918,0.09312638580931264,0.238834336395312
06037127605,"Census Tract 1276.05, Los Angeles County, California",4329,46071.0,1170,86,4329,1206,1044,666,1170,368,4329,355,101,336,3358,0.0735042735042735,0.2785862785862786,0.6379310344827587,0.3145299145299145,0.7756987756987757,0.02333102333102333,0.07761607761607761,0.08200508200508201
06037127606,"Census Tract 1276.06, Los Angeles County, California",3322,60904.0,1150,61,3322,414,772,419,1150,119,3322,770,166,329,1989,0.05304347826086957,0.12462372065021071,0.5427461139896373,0.10347826086956521,0.598735701384708,0.049969897652016856,0.09903672486453943,0.23178807947019867
06037127711,"Census Tract 1277.11, Los Angeles County, California",3588,64018.0,1188,28,3588,743,750,528,1188,191,3588,1117,292,247,1900,0.02356902356902357,0.20707915273132665,0.704,0.16077441077441076,0.5295429208472687,0.08138238573021182,0.06884057971014493,0.31131549609810477
06037127712,"Census Tract 1277.12, Los Angeles County, California",3560,42662.0,1580,235,3560,584,1346,930,1580,211,3560,1082,305,221,1916,0.14873417721518986,0.16404494382022472,0.6909361069836553,0.13354430379746834,0.5382022471910113,0.08567415730337079,0.06207865168539326,0.3039325842696629
06037127803,"Census Tract 1278.03, Los Angeles County, California",4790,43071.0,1670,284,4779,1104,1317,886,1670,246,4790,1317,151,273,2929,0.17005988023952096,0.2310106716886378,0.6727410782080486,0.1473053892215569,0.611482254697286,0.03152400835073069,0.0569937369519833,0.2749478079331942
06037127804,"Census Tract 1278.04, Los Angeles County, California",4352,53792.0,1646,123,4345,721,1171,819,1646,299,4352,1344,208,543,2115,0.07472660996354799,0.16593785960874569,0.6994022203245089,0.18165249088699878,0.4859834558823529,0.04779411764705882,0.1247702205882353,0.3088235294117647
06037127805,"Census Tract 1278.05, Los Angeles County, California",3627,49457.0,1198,108,3344,405,920,586,1198,214,3627,653,286,268,2396,0.09015025041736227,0.12111244019138756,0.6369565217391304,0.17863105175292154,0.6606010476978219,0.07885304659498207,0.07389026743865454,0.1800385993934381
06037127806,"Census Tract 1278.06, Los Angeles County, California",3293,42946.0,1198,173,3293,753,938,548,1198,165,3293,784,144,326,1986,0.14440734557595994,0.22866686911630732,0.5842217484008528,0.13772954924874792,0.6030974795019739,0.043729122380807776,0.09899787427877316,0.2380807774066201
06037127910,"Census Tract 1279.10, Los Angeles County, California",5097,46190.0,1446,141,4941,947,1161,774,1446,422,5097,666,232,357,3839,0.0975103734439834,0.1916616069621534,0.6666666666666666,0.2918395573997234,0.7531881498920934,0.045516970767117915,0.07004120070629782,0.13066509711595056
06037127920,"Census Tract 1279.20, Los Angeles County, California",4716,56458.0,1345,95,4716,1216,875,703,1345,295,4716,1515,48,200,2789,0.07063197026022305,0.2578456318914334,0.8034285714285714,0.21933085501858737,0.5913910093299406,0.010178117048346057,0.04240882103477523,0.3212468193384224
06037128101,"Census Tract 1281.01, Los Angeles County, California",3735,56023.0,1271,112,3727,581,849,595,1271,192,3735,1447,126,178,1889,0.08811959087332809,0.15588945532599946,0.7008244994110718,0.15106215578284815,0.505756358768407,0.033734939759036145,0.047657295850066936,0.38741633199464526
06037128102,"Census Tract 1281.02, Los Angeles County, California",4625,46699.0,1485,295,4625,1079,1238,732,1485,309,4625,964,336,377,2873,0.19865319865319866,0.23329729729729728,0.5912762520193862,0.2080808080808081,0.6211891891891892,0.07264864864864864,0.08151351351351352,0.20843243243243242
06037128210,"Census Tract 1282.10, Los Angeles County, California",5008,31168.0,1555,295,5008,1825,1509,1021,1555,375,5008,508,329,203,3891,0.18971061093247588,0.3644169329073482,0.6766070245195493,0.24115755627009647,0.7769568690095847,0.06569488817891374,0.04053514376996805,0.10143769968051118
06037128220,"Census Tract 1282.20, Los Angeles County, California",2912,41570.0,1204,97,2912,636,785,589,1204,141,2912,1387,115,132,1232,0.08056478405315615,0.2184065934065934,0.7503184713375797,0.11710963455149502,0.4230769230769231,0.03949175824175824,0.04532967032967033,0.47630494505494503
06037128302,"Census Tract 1283.02, Los Angeles County, California",5000,46413.0,1498,162,5000,1126,1312,900,1498,443,5000,753,153,129,3896,0.1081441922563418,0.2252,0.6859756097560976,0.29572763684913217,0.7792,0.0306,0.0258,0.1506
06037128303,"Census Tract 1283.03, Los Angeles County, California",4176,39488.0,1160,190,4161,1083,1125,842,1160,396,4176,532,20,71,3553,0.16379310344827586,0.2602739726027397,0.7484444444444445,0.3413793103448276,0.8508141762452107,0.004789272030651341,0.017001915708812262,0.12739463601532566
06037128400,"Census Tract 1284, Los Angeles County, California",4502,72500.0,1724,30,4487,806,830,579,1724,72,4502,2189,369,374,1451,0.01740139211136891,0.17963004234455093,0.6975903614457831,0.04176334106728538,0.3223011994669036,0.08196357174589071,0.08307418924922257,0.48622834295868506
06037128500,"Census Tract 1285, Los Angeles County, California",4108,74375.0,1992,192,4101,367,1295,660,1992,77,4108,2433,286,380,654,0.0963855421686747,0.08949036820287734,0.5096525096525096,0.038654618473895584,0.15920155793573515,0.06962025316455696,0.09250243427458617,0.5922590068159689
06037128601,"Census Tract 1286.01, Los Angeles County, California",4369,48173.0,1628,84,4350,1159,1263,823,1628,230,4369,1667,237,357,2003,0.051597051597051594,0.2664367816091954,0.6516231195566112,0.14127764127764128,0.458457312886244,0.05424582284275578,0.08171206225680934,0.381551842526894
06037128602,"Census Tract 1286.02, Los Angeles County, California",3472,85284.0,1398,87,3468,468,674,408,1398,73,3472,2626,100,115,567,0.06223175965665236,0.13494809688581316,0.6053412462908012,0.05221745350500715,0.16330645161290322,0.02880184331797235,0.033122119815668205,0.756336405529954
06037128702,"Census Tract 1287.02, Los Angeles County, California",5810,76202.0,2731,151,5647,440,1750,1024,2731,34,5810,3290,550,461,1255,0.055291102160380814,0.0779174783070657,0.5851428571428572,0.012449652142072502,0.21600688468158347,0.09466437177280551,0.07934595524956971,0.5662650602409639
06037128801,"Census Tract 1288.01, Los Angeles County, California",3419,65449.0,1818,78,3419,436,1317,769,1818,63,3419,1849,200,484,591,0.0429042904290429,0.12752266744662183,0.5839028094153379,0.034653465346534656,0.17285756069026031,0.058496636443404505,0.1415618601930389,0.5408014039192747
06037128802,"Census Tract 1288.02, Los Angeles County, California",4670,89735.0,2022,160,4670,216,1320,500,2022,132,4670,2847,209,671,756,0.0791295746785361,0.04625267665952891,0.3787878787878788,0.06528189910979229,0.16188436830835118,0.04475374732334047,0.1436830835117773,0.6096359743040686
06037128910,"Census Tract 1289.10, Los Angeles County, California",4657,104392.0,1954,31,4610,298,1070,668,1954,8,4657,2869,329,378,733,0.01586489252814739,0.06464208242950109,0.6242990654205608,0.0040941658137154556,0.15739746617994416,0.07064633884474984,0.08116813399184024,0.6160618423878033
06037131010,"Census Tract 1310.10, Los Angeles County, California",6686,56487.0,1999,219,6679,977,1577,902,1999,458,6686,1458,135,1060,3849,0.10955477738869435,0.1462793831411888,0.5719720989220038,0.22911455727863933,0.5756805264732276,0.020191444810050852,0.15854023332336226,0.2180676039485492
06037131020,"Census Tract 1310.20, Los Angeles County, California",6704,66875.0,1697,105,6701,1246,818,475,1697,344,6704,1061,197,551,4668,0.06187389510901591,0.18594239665721535,0.5806845965770171,0.20271066588096642,0.6963007159904535,0.0293854415274463,0.08218973747016707,0.158263723150358
06037131100,"Census Tract 1311, Los Angeles County, California",3197,81613.0,1040,0,3190,350,79,66,1040,70,3197,1324,22,311,1411,0.0,0.109717868338558,0.8354430379746836,0.0673076923076923,0.44135126681263687,0.00688145136065061,0.09727869878010635,0.41413825461370035
06037131200,"Census Tract 1312, Los Angeles County, California",3417,81929.0,1212,120,3417,323,333,232,1212,68,3417,1554,134,212,1476,0.09900990099009901,0.0945273631840796,0.6966966966966966,0.056105610561056105,0.43195785776997364,0.0392156862745098,0.0620427275387767,0.4547848990342406
06037131300,"Census Tract 1313, Los Angeles County, California",5102,71848.0,1216,53,5088,526,346,180,1216,117,5102,996,128,687,3188,0.04358552631578947,0.10338050314465409,0.5202312138728323,0.0962171052631579,0.6248529988239906,0.025088200705605645,0.1346530772246178,0.19521756174049393
06037131400,"Census Tract 1314, Los Angeles County, California",6367,67730.0,1935,99,6241,711,1043,575,1935,303,6367,1814,281,1291,2756,0.05116279069767442,0.11392405063291139,0.551294343240652,0.15658914728682172,0.43285691848594315,0.04413381498350872,0.20276425318046176,0.2849065493953196
06037131600,"Census Tract 1316, Los Angeles County, California",5336,77222.0,1450,17,5323,286,405,171,1450,136,5336,1371,160,646,3026,0.011724137931034483,0.05372910013150479,0.4222222222222222,0.09379310344827586,0.5670914542728636,0.029985007496251874,0.12106446776611694,0.25693403298350825
06037131701,"Census Tract 1317.01, Los Angeles County, California",5587,71595.0,1828,95,5587,833,1021,503,1828,354,5587,1569,282,661,2831,0.05196936542669584,0.1490961159835332,0.4926542605288932,0.1936542669584245,0.5067120100232683,0.050474315374977624,0.11831036334347593,0.2808304993735457
06037131702,"Census Tract 1317.02, Los Angeles County, California",3770,68083.0,1123,57,3748,234,337,231,1123,91,3770,609,587,625,1867,0.05075690115761353,0.0624332977588047,0.685459940652819,0.08103294746215495,0.49522546419098146,0.15570291777188328,0.16578249336870027,0.16153846153846155
06037131800,"Census Tract 1318, Los Angeles County, California",6157,66434.0,1638,153,6157,717,1024,633,1638,510,6157,1096,483,699,3614,0.09340659340659341,0.11645281793081046,0.6181640625,0.31135531135531136,0.5869741757349358,0.07844729576092253,0.11352931622543447,0.17800877050511613
06037131900,"Census Tract 1319, Los Angeles County, California",4597,86818.0,1386,0,4578,354,323,162,1386,65,4597,1773,233,426,1983,0.0,0.07732634338138926,0.5015479876160991,0.046897546897546896,0.43136828366325863,0.05068522949749837,0.0926691320426365,0.38568631716336743
06037132001,"Census Tract 1320.01, Los Angeles County, California",3463,83039.0,1162,31,3446,227,436,212,1162,89,3463,1404,153,430,1108,0.02667814113597246,0.06587347649448635,0.48623853211009177,0.076592082616179,0.31995379728559054,0.04418134565405717,0.12416979497545481,0.4054288189431129
06037132002,"Census Tract 1320.02, Los Angeles County, California",3354,109891.0,1112,28,3319,272,454,270,1112,92,3354,1328,189,81,1504,0.025179856115107913,0.0819523952997891,0.5947136563876652,0.08273381294964029,0.44841979725700654,0.05635062611806798,0.024150268336314847,0.39594514013118665
06037132101,"Census Tract 1321.01, Los Angeles County, California",4645,73550.0,1579,105,4645,830,984,541,1579,192,4645,1235,420,392,2246,0.06649778340721976,0.17868675995694294,0.5497967479674797,0.12159594680177327,0.48353067814854683,0.09041980624327234,0.08439181916038752,0.2658772874058127
06037132102,"Census Tract 1321.02, Los Angeles County, California",5401,49838.0,2157,122,5401,749,1226,833,2157,128,5401,1559,325,967,2396,0.05656003708854891,0.13867802258840956,0.6794453507340946,0.0593416782568382,0.4436215515645251,0.060174041844102945,0.17904091834845398,0.2886502499537123
06037132300,"Census Tract 1323, Los Angeles County, California",7912,49741.0,2506,208,7862,1532,1810,1077,2506,546,7912,1594,57,1211,4896,0.08300079808459697,0.1948613584329687,0.5950276243093923,0.21787709497206703,0.6188068756319515,0.007204246713852376,0.15305864509605663,0.20146612740141556
06037132501,"Census Tract 1325.01, Los Angeles County, California",4566,60156.0,1193,76,4196,553,652,441,1193,112,4566,1501,74,336,2524,0.06370494551550712,0.13179218303145854,0.6763803680981595,0.09388097233864208,0.5527814279456855,0.016206745510293472,0.0735873850197109,0.32873412176960143
06037132502,"Census Tract 1325.02, Los Angeles County, California",3922,52712.0,1365,66,3839,666,655,487,1365,87,3922,1822,206,372,1433,0.04835164835164835,0.17348267778067206,0.7435114503816794,0.06373626373626373,0.3653748087710352,0.05252422233554309,0.09484956654767976,0.46455889852116267
06037132700,"Census Tract 1327, Los Angeles County, California",4873,64412.0,1592,132,4873,766,735,524,1592,350,4873,1276,34,377,3052,0.0829145728643216,0.1571926944387441,0.7129251700680272,0.2198492462311558,0.6263082290170326,0.00697722142417402,0.07736507285040016,0.2618510158013544
06037132900,"Census Tract 1329, Los Angeles County, California",3885,81042.0,1343,128,3885,257,568,362,1343,117,3885,2272,67,400,916,0.0953090096798213,0.06615186615186615,0.6373239436619719,0.08711839166046165,0.23577863577863578,0.017245817245817245,0.10296010296010295,0.5848133848133849
06037133000,"Census Tract 1330, Los Angeles County, California",4778,72864.0,1314,45,4665,823,419,267,1314,84,4778,1768,26,461,2468,0.03424657534246575,0.17642015005359057,0.6372315035799523,0.0639269406392694,0.5165341146923399,0.0054416073670992045,0.09648388447048975,0.37002930096274594
06037133100,"Census Tract 1331, Los Angeles County, California",5609,52262.0,2024,367,5433,569,1178,627,2024,304,5609,2854,273,578,1720,0.18132411067193677,0.10473035155531014,0.532258064516129,0.15019762845849802,0.3066500267427349,0.04867177750044571,0.10304867177750045,0.5088251025138171
06037134001,"Census Tract 1340.01, Los Angeles County, California",3864,63846.0,982,48,3864,655,657,356,982,272,3864,459,11,503,2845,0.048879837067209775,0.1695134575569358,0.5418569254185692,0.2769857433808554,0.7362836438923396,0.002846790890269151,0.130175983436853,0.1187888198757764
06037134002,"Census Tract 1340.02, Los Angeles County, California",3665,54138.0,1084,131,3665,369,594,414,1084,255,3665,1155,143,429,1888,0.12084870848708487,0.10068212824010914,0.696969696969697,0.235239852398524,0.5151432469304229,0.03901773533424284,0.11705320600272852,0.3151432469304229
06037134101,"Census Tract 1341.01, Los Angeles County, California",5579,69476.0,1450,68,5567,873,560,391,1450,327,5579,1055,139,1154,2870,0.04689655172413793,0.156816957068439,0.6982142857142857,0.22551724137931034,0.5144291091593476,0.024914859293780248,0.20684710521598854,0.18910198960387167
06037134103,"Census Tract 1341.03, Los Angeles County, California",4659,81833.0,1346,87,4556,605,520,311,1346,126,4659,1522,284,527,2172,0.06463595839524518,0.13279192273924495,0.5980769230769231,0.09361069836552749,0.46619446233097234,0.060957286971453105,0.11311440223223868,0.3266795449667311
06037134104,"Census Tract 1341.04, Los Angeles County, California",4618,60582.0,1440,104,4611,707,845,475,1440,316,4618,970,318,1275,1954,0.07222222222222222,0.15332899587941878,0.5621301775147929,0.21944444444444444,0.4231268947596362,0.06886097877869207,0.27609354699003896,0.2100476396708532
06037134201,"Census Tract 1342.01, Los Angeles County, California",4735,91758.0,1253,36,4732,314,274,158,1253,239,4735,1381,122,617,2459,0.028731045490822026,0.06635672020287404,0.5766423357664233,0.19074221867517957,0.519324181626188,0.02576557550158395,0.1303062302006336,0.2916578669482577
06037134302,"Census Tract 1343.02, Los Angeles County, California",4112,103750.0,1261,72,4100,551,233,128,1261,50,4112,1859,69,850,1236,0.057097541633624106,0.13439024390243903,0.5493562231759657,0.03965107057890563,0.3005836575875486,0.016780155642023346,0.20671206225680933,0.45209143968871596
06037134303,"Census Tract 1343.03, Los Angeles County, California",5942,78864.0,1824,132,5807,541,468,269,1824,186,5942,2280,100,878,2373,0.07236842105263158,0.09316342345445153,0.5747863247863247,0.10197368421052631,0.3993604846852912,0.01682935038707506,0.14776169639851902,0.38370918882531135
06037134304,"Census Tract 1343.04, Los Angeles County, California",3042,64167.0,926,53,2900,329,311,223,926,61,3042,983,222,699,945,0.05723542116630669,0.11344827586206896,0.7170418006430869,0.06587473002159827,0.3106508875739645,0.07297830374753451,0.22978303747534518,0.3231426692965155
06037134305,"Census Tract 1343.05, Los Angeles County, California",4183,37606.0,1130,218,4183,1124,1125,818,1130,390,4183,260,60,361,3473,0.1929203539823009,0.26870666985417163,0.7271111111111112,0.34513274336283184,0.8302653597896247,0.014343772412144394,0.0863016973464021,0.062156347119292375
06037134306,"Census Tract 1343.06, Los Angeles County, California",4305,69286.0,1324,52,4176,552,940,445,1324,329,4305,1109,285,526,2305,0.03927492447129909,0.13218390804597702,0.4734042553191489,0.24848942598187312,0.5354239256678281,0.06620209059233449,0.1221835075493612,0.2576074332171893
06037134421,"Census Tract 1344.21, Los Angeles County, California",4234,140313.0,1386,9,4234,129,88,22,1386,12,4234,3227,114,383,321,0.006493506493506494,0.030467642890883325,0.25,0.008658008658008658,0.07581483230987246,0.0269248937175248,0.09045819555975437,0.762163438828531
06037134422,"Census Tract 1344.22, Los Angeles County, California",4924,121250.0,1590,44,4924,187,228,111,1590,13,4924,2720,187,1060,795,0.027672955974842768,0.037977254264825344,0.4868421052631579,0.008176100628930818,0.1614541023558083,0.037977254264825344,0.21527213647441104,0.5523964256701869
06037134423,"Census Tract 1344.23, Los Angeles County, California",3539,100950.0,1297,156,3539,292,240,153,1297,18,3539,2299,299,483,273,0.1202775636083269,0.08250918338513705,0.6375,0.013878180416345412,0.07714043515117265,0.08448714326080814,0.13647923142130544,0.649618536309692
06037134424,"Census Tract 1344.24, Los Angeles County, California",2916,147679.0,967,7,2916,59,28,22,967,9,2916,1978,51,538,181,0.007238883143743537,0.020233196159122085,0.7857142857142857,0.009307135470527405,0.06207133058984911,0.01748971193415638,0.18449931412894377,0.678326474622771
06037134520,"Census Tract 1345.20, Los Angeles County, California",6065,46011.0,1879,342,6065,1109,1591,958,1879,570,6065,715,177,628,4452,0.18201170835550826,0.18285243198680956,0.6021370207416719,0.30335284725918044,0.734047815333883,0.0291838417147568,0.10354492992580379,0.11788953009068426
06037134521,"Census Tract 1345.21, Los Angeles County, California",3691,57669.0,791,105,3683,875,643,429,791,296,3691,74,7,242,3327,0.13274336283185842,0.2375780613630193,0.6671850699844479,0.37420986093552466,0.9013817393660255,0.001896505012191818,0.06556488756434571,0.020048767271742075
06037134522,"Census Tract 1345.22, Los Angeles County, California",4167,37869.0,1399,146,4167,1228,1130,751,1399,327,4167,547,178,91,3228,0.1043602573266619,0.29469642428605713,0.6646017699115044,0.23373838456040028,0.7746580273578114,0.04271658267338613,0.02183825293976482,0.13126949844012478
06037134710,"Census Tract 1347.10, Los Angeles County, California",5836,46050.0,1645,264,5827,1504,1305,839,1645,577,5836,850,119,841,3882,0.16048632218844985,0.2581088038441737,0.6429118773946361,0.3507598784194529,0.6651816312542838,0.020390678546949967,0.14410555174777245,0.14564770390678547
06037134720,"Census Tract 1347.20, Los Angeles County, California",5074,66650.0,1657,69,5074,950,820,505,1657,238,5074,967,279,1090,2363,0.04164152082076041,0.18722901064249114,0.6158536585365854,0.1436330718165359,0.4657075285770595,0.05498620417816318,0.2148206543161214,0.19057942451714624
06037134800,"Census Tract 1348, Los Angeles County, California",6399,84038.0,1884,66,6375,838,568,393,1884,222,6399,2039,216,1380,2660,0.03503184713375796,0.13145098039215686,0.6919014084507042,0.1178343949044586,0.41568995155493044,0.03375527426160337,0.2156586966713549,0.31864353805282075
06037134901,"Census Tract 1349.01, Los Angeles County, California",3140,74125.0,1121,38,3130,661,440,281,1121,41,3140,1853,165,268,770,0.03389830508474576,0.21118210862619807,0.6386363636363637,0.036574487065120426,0.24522292993630573,0.052547770700636945,0.08535031847133757,0.5901273885350319
06037134903,"Census Tract 1349.03, Los Angeles County, California",6919,77353.0,2764,198,6919,1019,2764,1358,2764,470,6919,1593,314,1229,3560,0.07163531114327062,0.14727561786385315,0.4913169319826339,0.17004341534008682,0.5145252204075733,0.04538228067639832,0.17762682468564822,0.23023558317675966
06037134904,"Census Tract 1349.04, Los Angeles County, California",4043,49866.0,1369,125,4032,639,731,479,1369,207,4043,1269,231,279,2211,0.09130752373995617,0.15848214285714285,0.655266757865937,0.15120525931336742,0.5468711352955726,0.057135790254761315,0.06900816225575068,0.3138758347761563
06037134905,"Census Tract 1349.05, Los Angeles County, California",4552,84224.0,2434,67,4552,584,2057,1096,2434,125,4552,2612,509,663,598,0.02752670501232539,0.1282952548330404,0.5328147788040836,0.05135579293344289,0.1313708260105448,0.11181898066783831,0.14565026362038663,0.5738137082601055
06037135102,"Census Tract 1351.02, Los Angeles County, California",3726,145313.0,1210,18,3719,124,228,136,1210,46,3726,2307,221,406,593,0.01487603305785124,0.033342296316214035,0.5964912280701754,0.03801652892561983,0.15915190552871714,0.05931293612453033,0.10896403650026838,0.6191626409017713
06037135111,"Census Tract 1351.11, Los Angeles County, California",3313,101554.0,1134,46,3313,232,524,193,1134,53,3313,1479,97,688,972,0.04056437389770723,0.0700271657108361,0.3683206106870229,0.04673721340388007,0.2933896770298823,0.029278599456685782,0.2076667672804105,0.44642318140658016
06037135113,"Census Tract 1351.13, Los Angeles County, California",3485,85505.0,1405,118,3485,111,1187,573,1405,156,3485,1663,162,726,652,0.08398576512455516,0.03185078909612626,0.4827295703454086,0.1110320284697509,0.18708751793400286,0.04648493543758967,0.20832137733142037,0.4771879483500717
06037135114,"Census Tract 1351.14, Los Angeles County, California",5106,58958.0,2746,415,5080,781,2349,1374,2746,361,5106,2523,158,1412,838,0.15112891478514204,0.15374015748031497,0.5849297573435505,0.1314639475600874,0.16412064238151194,0.030943987465726595,0.2765374069721896,0.49412455934195065
06037135201,"Census Tract 1352.01, Los Angeles County, California",2788,106550.0,897,79,2788,172,183,123,897,12,2788,1566,288,469,348,0.08807134894091416,0.06169296987087518,0.6721311475409836,0.013377926421404682,0.12482065997130559,0.10329985652797705,0.1682209469153515,0.5616929698708751
06037135202,"Census Tract 1352.02, Los Angeles County, California",4708,116321.0,1483,9,4708,455,255,171,1483,19,4708,2688,168,749,656,0.006068779501011463,0.09664401019541206,0.6705882352941176,0.012811867835468645,0.1393372982158029,0.0356839422259983,0.1590909090909091,0.5709430756159728
06037135203,"Census Tract 1352.03, Los Angeles County, California",7515,116518.0,2545,56,7497,420,359,123,2545,46,7515,5302,144,1097,620,0.02200392927308448,0.056022408963585436,0.3426183844011142,0.01807465618860511,0.0825016633399867,0.019161676646706587,0.14597471723220226,0.7055222887558217
06037137000,"Census Tract 1370, Los Angeles County, California",5067,123542.0,1722,23,5054,331,342,238,1722,17,5067,3801,254,436,386,0.013356562137049941,0.06549267906608627,0.695906432748538,0.009872241579558653,0.0761791987369252,0.05012828103414249,0.08604697059403986,0.7501480165778567
06037137103,"Census Tract 1371.03, Los Angeles County, California",5382,89344.0,2395,133,5382,298,1121,547,2395,91,5382,3400,76,995,850,0.055532359081419624,0.055369751021924936,0.487957181088314,0.037995824634655534,0.1579338535860275,0.014121144555927164,0.1848755109624675,0.63173541434411
06037137104,"Census Tract 1371.04, Los Angeles County, California",2754,106111.0,1012,0,2754,390,191,99,1012,5,2754,1897,64,229,404,0.0,0.14161220043572983,0.518324607329843,0.004940711462450593,0.1466957153231663,0.023238925199709513,0.08315177923021061,0.6888162672476398
06037137201,"Census Tract 1372.01, Los Angeles County, California",6029,77146.0,2284,333,6022,550,1215,586,2284,246,6029,3335,303,872,1178,0.14579684763572678,0.0913317834606443,0.4823045267489712,0.10770577933450087,0.19538895339193896,0.05025709072814729,0.14463426770608726,0.5531597279814231
06037137301,"Census Tract 1373.01, Los Angeles County, California",2271,156250.0,765,6,2271,70,57,5,765,11,2271,1679,84,140,171,0.00784313725490196,0.030823425803610745,0.08771929824561403,0.01437908496732026,0.07529722589167767,0.036988110964332896,0.06164685160722149,0.7393218846323205
06037137302,"Census Tract 1373.02, Los Angeles County, California",4449,145286.0,1602,72,4449,201,127,93,1602,18,4449,3537,65,365,315,0.0449438202247191,0.045178691840863115,0.7322834645669292,0.011235955056179775,0.07080242751180041,0.014610024724657226,0.08204090806922903,0.7950101146325017
06037137401,"Census Tract 1374.01, Los Angeles County, California",4299,125781.0,1612,70,4299,252,503,161,1612,58,4299,3068,78,381,658,0.043424317617866005,0.05861828332170272,0.32007952286282304,0.03598014888337469,0.1530588508955571,0.018143754361479414,0.08862526168876483,0.7136543382181902
06037137402,"Census Tract 1374.02, Los Angeles County, California",5365,115978.0,2073,144,5296,144,518,325,2073,122,5365,4020,166,270,757,0.0694645441389291,0.027190332326283987,0.6274131274131274,0.05885190545103714,0.14109972041006524,0.030941286113699906,0.05032618825722274,0.7493010251630942
06037137501,"Census Tract 1375.01, Los Angeles County, California",4915,92156.0,1932,81,4879,330,1177,597,1932,65,4915,3173,336,326,881,0.04192546583850932,0.06763681082188973,0.5072217502124045,0.03364389233954451,0.1792472024415056,0.06836215666327569,0.06632756866734486,0.6455747711088504
06037137502,"Census Tract 1375.02, Los Angeles County, California",4549,99688.0,1813,166,4549,303,635,349,1813,103,4549,3115,359,305,478,0.09156094870380585,0.06660804572433501,0.5496062992125984,0.0568119139547711,0.10507803912947901,0.07891844361398109,0.06704770279182237,0.684765882611563
06037137504,"Census Tract 1375.04, Los Angeles County, California",2155,143875.0,699,18,2155,61,37,8,699,0,2155,1886,21,58,104,0.02575107296137339,0.028306264501160094,0.21621621621621623,0.0,0.04825986078886311,0.00974477958236659,0.02691415313225058,0.8751740139211137
06037138000,"Census Tract 1380, Los Angeles County, California",4780,127983.0,1799,15,4780,406,327,133,1799,0,4780,3445,352,369,366,0.008337965536409116,0.08493723849372385,0.40672782874617736,0.0,0.07656903765690376,0.07364016736401674,0.07719665271966528,0.7207112970711297
06037139001,"Census Tract 1390.01, Los Angeles County, California",5639,86488.0,2235,19,5639,404,1105,574,2235,91,5639,4022,30,327,1043,0.008501118568232663,0.0716439084944139,0.5194570135746607,0.0407158836689038,0.18496187267245964,0.005320092214931725,0.05798900514275581,0.71324702961518
06037139200,"Census Tract 1392, Los Angeles County, California",5662,70463.0,2098,51,5662,550,932,712,2098,58,5662,3824,73,661,981,0.02430886558627264,0.0971388202048746,0.7639484978540773,0.027645376549094377,0.17326033203814906,0.012892970681737902,0.11674320028258565,0.6753797244789826
06037139301,"Census Tract 1393.01, Los Angeles County, California",4445,126328.0,1579,80,4445,249,290,193,1579,0,4445,2887,324,345,632,0.0506649778340722,0.05601799775028121,0.6655172413793103,0.0,0.1421822272215973,0.07289088863892014,0.07761529808773904,0.6494938132733409
06037139302,"Census Tract 1393.02, Los Angeles County, California",5000,46743.0,1976,196,5000,853,1633,1002,1976,289,5000,2365,380,432,1612,0.09919028340080972,0.1706,0.6135946111451317,0.14625506072874495,0.3224,0.076,0.0864,0.473
06037139303,"Census Tract 1393.03, Los Angeles County, California",4260,54470.0,1972,197,4104,632,1292,875,1972,206,4260,2484,647,155,769,0.09989858012170386,0.1539961013645224,0.6772445820433437,0.10446247464503043,0.18051643192488262,0.15187793427230048,0.036384976525821594,0.5830985915492958
06037139401,"Census Tract 1394.01, Los Angeles County, California",2706,57440.0,1313,286,2706,313,1012,682,1313,80,2706,1914,146,133,478,0.21782178217821782,0.11566888396156688,0.6739130434782609,0.06092916984006093,0.17664449371766444,0.05395417590539542,0.049150036954915,0.7073170731707317
06037139402,"Census Tract 1394.02, Los Angeles County, California",2899,137578.0,959,4,2899,190,153,86,959,0,2899,2336,223,59,190,0.004171011470281543,0.06553984132459469,0.5620915032679739,0.0,0.06553984132459469,0.07692307692307693,0.020351845463953088,0.8057951017592273
06037139502,"Census Tract 1395.02, Los Angeles County, California",2917,79500.0,1090,24,2909,263,403,303,1090,47,2917,2231,14,155,365,0.022018348623853212,0.09040907528360262,0.7518610421836228,0.043119266055045874,0.125128556736373,0.0047994514912581415,0.053136784367500856,0.764826876928351
06037139503,"Census Tract 1395.03, Los Angeles County, California",5946,57006.0,2749,225,5946,928,1754,1009,2749,80,5946,4274,157,250,1194,0.08184794470716625,0.15607130844265052,0.5752565564424174,0.029101491451436885,0.20080726538849647,0.026404305415405314,0.042045072317524385,0.7188025563403969
06037139504,"Census Tract 1395.04, Los Angeles County, California",3998,56212.0,1801,137,3998,814,1360,870,1801,113,3998,3002,152,197,461,0.07606885063853415,0.2036018009004502,0.6397058823529411,0.06274292059966685,0.11530765382691345,0.03801900950475238,0.04927463731865933,0.7508754377188595
06037139600,"Census Tract 1396, Los Angeles County, California",5060,77000.0,2202,161,5013,355,873,366,2202,120,5060,3851,111,578,408,0.07311534968210717,0.07081587871534012,0.41924398625429554,0.05449591280653951,0.08063241106719368,0.021936758893280634,0.11422924901185771,0.7610671936758894
06037139701,"Census Tract 1397.01, Los Angeles County, California",5320,152833.0,1948,149,5242,252,497,218,1948,25,5320,3854,116,291,591,0.07648870636550308,0.04807325448302175,0.4386317907444668,0.012833675564681724,0.11109022556390978,0.02180451127819549,0.054699248120300754,0.7244360902255639
06037139702,"Census Tract 1397.02, Los Angeles County, California",6447,205964.0,2229,70,6326,224,176,66,2229,9,6447,5561,214,247,287,0.03140421713772992,0.03540942143534619,0.375,0.004037685060565276,0.04451682953311618,0.03319373351946642,0.0383123933612533,0.8625717387932371
06037139703,"Census Tract 1397.03, Los Angeles County, California",2861,124830.0,965,34,2842,213,167,117,965,33,2861,2306,112,184,28,0.035233160621761656,0.0749472202674173,0.7005988023952096,0.03419689119170984,0.009786787836420832,0.03914715134568333,0.06431317721076546,0.8060118839566585
06037139801,"Census Tract 1398.01, Los Angeles County, California",3488,157557.0,1291,9,3488,67,93,47,1291,0,3488,2736,205,81,211,0.006971340046475601,0.019208715596330275,0.5053763440860215,0.0,0.060493119266055044,0.058772935779816515,0.023222477064220183,0.7844036697247706
06037139802,"Census Tract 1398.02, Los Angeles County, California",4126,153523.0,1393,6,4102,284,93,73,1393,25,4126,3019,206,414,283,0.004307250538406317,0.06923451974646513,0.7849462365591398,0.017946877243359655,0.06858943286476006,0.04992729035385361,0.10033931168201649,0.7317014057198254
06037141101,"Census Tract 1411.01, Los Angeles County, California",4674,73333.0,2166,94,4674,338,1606,953,2166,31,4674,2862,695,261,690,0.04339796860572484,0.07231493367565255,0.5933997509339975,0.014312096029547553,0.14762516046213095,0.1486949080017116,0.0558408215661104,0.6123234916559692
06037141102,"Census Tract 1411.02, Los Angeles County, California",3074,98125.0,1357,24,3074,228,831,337,1357,37,3074,2225,119,194,279,0.017686072218128224,0.0741704619388419,0.4055354993983153,0.027266028002947678,0.0907612231620039,0.03871177618737801,0.0631099544567339,0.7238126219908914
06037141201,"Census Tract 1412.01, Los Angeles County, California",4583,84205.0,2123,115,4583,418,1848,912,2123,51,4583,3033,363,155,803,0.054168629298162976,0.09120663320968797,0.4935064935064935,0.024022609514837492,0.1752127427449269,0.07920576041893956,0.03382064150120009,0.6617935849879991
06037141202,"Census Tract 1412.02, Los Angeles County, California",2674,81250.0,1398,10,2674,277,833,484,1398,8,2674,1919,120,207,293,0.00715307582260372,0.10359012715033658,0.581032412965186,0.005722460658082976,0.10957367240089753,0.04487658937920718,0.07741211667913239,0.7176514584891548
06037141302,"Census Tract 1413.02, Los Angeles County, California",6037,92769.0,2978,190,5997,287,2197,1118,2978,40,6037,3931,483,457,999,0.06380120886501008,0.047857261964315494,0.5088757396449705,0.013431833445265278,0.1654795428192811,0.08000662580752028,0.07569985091933079,0.6511512340566507
06037141303,"Census Tract 1413.03, Los Angeles County, California",3477,82448.0,1779,118,3469,281,1347,656,1779,15,3477,2394,125,262,481,0.06632939853850478,0.08100317094263476,0.48700816629547145,0.008431703204047217,0.1383376473971815,0.0359505320678746,0.07535231521426516,0.6885245901639344
06037141304,"Census Tract 1413.04, Los Angeles County, California",2995,98375.0,1419,101,2965,334,797,311,1419,81,2995,2395,81,133,303,0.0711768851303735,0.11264755480607083,0.39021329987452946,0.05708245243128964,0.1011686143572621,0.027045075125208682,0.04440734557595993,0.7996661101836394
06037141400,"Census Tract 1414, Los Angeles County, California",5099,101327.0,2016,244,5099,190,1033,657,2016,53,5099,3780,358,396,435,0.12103174603174603,0.03726220827613257,0.6360116166505324,0.02628968253968254,0.0853108452637772,0.07020984506766033,0.07766228672288684,0.7413218278093744
06037141500,"Census Tract 1415, Los Angeles County, California",2982,219698.0,1087,0,2982,111,18,0,1087,0,2982,2474,95,231,138,0.0,0.03722334004024145,0.0,0.0,0.04627766599597585,0.031857813547954396,0.07746478873239436,0.829644533869886
06037141600,"Census Tract 1416, Los Angeles County, California",4178,196741.0,1611,43,4178,267,168,115,1611,0,4178,3157,165,316,382,0.02669149596523898,0.06390617520344663,0.6845238095238095,0.0,0.09143130684538056,0.03949258018190522,0.07563427477261848,0.7556247008137865
06037141700,"Census Tract 1417, Los Angeles County, California",3161,250001.0,1221,17,3161,83,85,48,1221,0,3161,2604,48,217,187,0.013923013923013924,0.026257513445112308,0.5647058823529412,0.0,0.0591584941474217,0.01518506801645049,0.06864916165770325,0.8237899398924391
06037143100,"Census Tract 1431, Los Angeles County, California",4389,100948.0,2248,75,4374,252,1441,699,2248,120,4389,2713,135,400,970,0.03336298932384341,0.05761316872427984,0.4850798056904927,0.05338078291814947,0.22100706311232626,0.030758714969241284,0.0911369332421964,0.6181362497151971
06037143200,"Census Tract 1432, Los Angeles County, California",4085,75521.0,2068,150,4085,425,1491,837,2068,137,4085,2689,141,254,689,0.0725338491295938,0.10403916768665851,0.5613682092555332,0.06624758220502901,0.16866585067319462,0.034516523867809054,0.062178702570379434,0.6582619339045288
06037143300,"Census Tract 1433, Los Angeles County, California",6643,85230.0,3165,61,6643,315,1985,1101,3165,120,6643,4318,535,482,1074,0.019273301737756713,0.04741833508956796,0.5546599496221662,0.037914691943127965,0.1616739424958603,0.08053590245371067,0.07255757940689447,0.6500075267198555
06037143400,"Census Tract 1434, Los Angeles County, California",7056,116222.0,3036,283,7056,359,1615,686,3036,44,7056,5162,220,404,900,0.09321475625823451,0.050878684807256234,0.4247678018575851,0.014492753623188406,0.12755102040816327,0.031179138321995464,0.0572562358276644,0.7315759637188208
06037143500,"Census Tract 1435, Los Angeles County, California",5482,108542.0,2297,116,5482,403,1319,683,2297,0,5482,4211,319,143,494,0.050500653025685675,0.07351331630791681,0.5178165276724791,0.0,0.09011309740970448,0.0581904414447282,0.026085370302809194,0.7681503101058008
06037143602,"Census Tract 1436.02, Los Angeles County, California",4769,106442.0,2182,83,4462,207,947,388,2182,41,4769,3487,207,664,266,0.038038496791934,0.04639175257731959,0.40971488912354803,0.018790100824931256,0.055776892430278883,0.0434053260641644,0.13923254351016984,0.731180540993919
06037143603,"Census Tract 1436.03, Los Angeles County, California",2392,87000.0,1354,15,2392,166,959,427,1354,6,2392,1785,60,230,170,0.011078286558345642,0.06939799331103678,0.44525547445255476,0.004431314623338257,0.07107023411371237,0.02508361204013378,0.09615384615384616,0.7462374581939799
06037143604,"Census Tract 1436.04, Los Angeles County, California",3720,82199.0,2087,104,3720,346,1986,909,2087,85,3720,2124,343,711,246,0.04983229516051749,0.09301075268817205,0.45770392749244715,0.04072831816003833,0.06612903225806452,0.09220430107526882,0.19112903225806452,0.5709677419354838
06037143700,"Census Tract 1437, Los Angeles County, California",3811,111985.0,1825,10,3811,263,460,281,1825,33,3811,3000,37,243,231,0.005479452054794521,0.06901075833114668,0.6108695652173913,0.01808219178082192,0.06061401207032275,0.009708737864077669,0.06376279191813172,0.7871949619522435
06037143800,"Census Tract 1438, Los Angeles County, California",5770,138151.0,2395,173,5770,99,1088,288,2395,0,5770,4345,268,382,642,0.0722338204592902,0.017157712305025996,0.2647058823529412,0.0,0.11126516464471403,0.046447140381282497,0.06620450606585788,0.7530329289428076
06037143901,"Census Tract 1439.01, Los Angeles County, California",4069,212188.0,1506,53,4053,187,160,100,1506,38,4069,3255,32,170,439,0.0351925630810093,0.0461386627189736,0.625,0.025232403718459494,0.10788891619562546,0.00786434013271074,0.041779306955025804,0.7999508478741706
06037143902,"Census Tract 1439.02, Los Angeles County, California",2766,110508.0,1295,87,2766,149,578,289,1295,0,2766,2197,41,173,297,0.06718146718146718,0.05386840202458424,0.5,0.0,0.10737527114967461,0.01482284887924801,0.06254519161243673,0.7942877801879971
06037181000,"Census Tract 1810, Los Angeles County, California",6458,116958.0,2183,154,6396,627,642,394,2183,15,6458,2252,25,1581,2274,0.07054512139257901,0.09803001876172608,0.6137071651090342,0.006871278057718736,0.35212139981418394,0.00387116754413131,0.24481263549086404,0.3487147723753484
06037181300,"Census Tract 1813, Los Angeles County, California",4059,110508.0,1327,53,4029,280,458,167,1327,85,4059,1461,64,1266,1124,0.039939713639788994,0.06949615289153636,0.3646288209606987,0.0640542577241899,0.27691549642769153,0.015767430401576743,0.31189948263118994,0.35994087213599407
06037181400,"Census Tract 1814, Los Angeles County, California",4943,85262.0,1645,74,4810,558,1138,495,1645,229,4943,1254,114,1727,1780,0.044984802431610946,0.11600831600831601,0.4349736379613357,0.139209726443769,0.3601051992716974,0.023062917256726684,0.3493829658102367,0.25369208982399355
06037181500,"Census Tract 1815, Los Angeles County, California",3956,98250.0,1428,101,3946,330,393,166,1428,73,3956,1428,34,836,1528,0.07072829131652661,0.08362899138367967,0.4223918575063613,0.05112044817927171,0.3862487360970677,0.008594539939332659,0.21132457027300303,0.3609706774519717
06037181600,"Census Tract 1816, Los Angeles County, California",4631,82443.0,1029,24,2973,220,571,264,1029,87,4631,1499,130,1079,1524,0.023323615160349854,0.07399932727884292,0.46234676007005254,0.08454810495626822,0.3290865903692507,0.02807169077952926,0.23299503347009284,0.3236881882962643
06037183101,"Census Tract 1831.01, Los Angeles County, California",3323,54548.0,1343,46,3323,556,650,383,1343,114,3323,983,7,361,1877,0.03425167535368578,0.16731868793259103,0.5892307692307692,0.08488458674609084,0.5648510382184773,0.0021065302437556425,0.10863677399939814,0.2958170328016852
06037183103,"Census Tract 1831.03, Los Angeles County, California",4355,61719.0,1503,73,4355,594,1223,579,1503,167,4355,577,267,396,2914,0.04856952761144378,0.13639494833524685,0.473426001635323,0.1111111111111111,0.6691159586681975,0.06130884041331802,0.09092996555683124,0.13249138920780712
06037183104,"Census Tract 1831.04, Los Angeles County, California",2146,92806.0,767,35,2143,160,246,76,767,33,2146,558,44,343,1152,0.04563233376792699,0.07466168922071861,0.3089430894308943,0.04302477183833116,0.5368126747437092,0.02050326188257223,0.1598322460391426,0.26001863932898417
06037183220,"Census Tract 1832.20, Los Angeles County, California",4155,63899.0,1205,141,4036,648,662,296,1205,244,4155,674,8,583,2682,0.11701244813278008,0.1605550049554014,0.4471299093655589,0.2024896265560166,0.6454873646209386,0.0019253910950661852,0.14031287605294826,0.1622141997593261
06037183221,"Census Tract 1832.21, Los Angeles County, California",3522,60048.0,1083,98,3447,606,628,359,1083,176,3522,603,1,344,2522,0.0904893813481071,0.17580504786771106,0.571656050955414,0.16251154201292706,0.7160704145371948,0.00028392958546280523,0.097671777399205,0.17120954003407154
06037183222,"Census Tract 1832.22, Los Angeles County, California",3493,79861.0,1339,68,3486,304,531,278,1339,70,3493,1237,111,588,1394,0.05078416728902166,0.08720596672403902,0.5235404896421846,0.05227781926811053,0.39908388204981393,0.03177784139707988,0.1683366733466934,0.35413684511880905
06037183300,"Census Tract 1833, Los Angeles County, California",3487,75233.0,1020,59,3475,310,528,241,1020,123,3487,609,16,654,2177,0.05784313725490196,0.08920863309352518,0.4564393939393939,0.12058823529411765,0.6243188987668483,0.004588471465443074,0.18755377114998567,0.174648695153427
06037183401,"Census Tract 1834.01, Los Angeles County, California",2531,61875.0,844,83,2493,391,398,191,844,145,2531,583,6,432,1434,0.09834123222748815,0.156839149618933,0.4798994974874372,0.17180094786729858,0.5665744764915054,0.002370604504148558,0.17068352429869615,0.23034373765310154
06037183402,"Census Tract 1834.02, Los Angeles County, California",3006,65568.0,955,74,2893,431,687,342,955,160,3006,690,82,935,1152,0.0774869109947644,0.14898029726927065,0.4978165938864629,0.16753926701570682,0.38323353293413176,0.027278775781769793,0.3110445775116434,0.22954091816367264
06037183510,"Census Tract 1835.10, Los Angeles County, California",2577,75486.0,783,45,2557,307,190,104,783,87,2577,549,0,214,1800,0.05747126436781609,0.12006257332811889,0.5473684210526316,0.1111111111111111,0.6984866123399301,0.0,0.08304229724485836,0.21303841676367868
06037183520,"Census Tract 1835.20, Los Angeles County, California",3758,52232.0,1137,116,3653,701,809,419,1137,331,3758,553,9,76,2986,0.10202286719437115,0.19189707090062963,0.5179233621755254,0.2911169744942832,0.7945715806279936,0.002394890899414582,0.020223523150612027,0.14715274081958488
06037183610,"Census Tract 1836.10, Los Angeles County, California",3215,57727.0,994,96,3209,697,667,399,994,117,3215,392,21,286,2382,0.096579476861167,0.21720162044250546,0.5982008995502249,0.11770623742454728,0.7409020217729394,0.006531881804043546,0.08895800933125972,0.12192846034214619
06037183620,"Census Tract 1836.20, Los Angeles County, California",3111,55909.0,994,108,3078,603,526,269,994,122,3111,582,95,404,1947,0.10865191146881288,0.195906432748538,0.5114068441064639,0.1227364185110664,0.6258437801350049,0.030536804885888783,0.12986178077788493,0.1870781099324976
06037183701,"Census Tract 1837.01, Los Angeles County, California",3720,48654.0,1338,134,3720,506,837,462,1338,204,3720,762,67,362,2397,0.10014947683109118,0.13602150537634408,0.5519713261648745,0.15246636771300448,0.6443548387096775,0.01801075268817204,0.09731182795698924,0.20483870967741935
06037183702,"Census Tract 1837.02, Los Angeles County, California",2775,62778.0,1054,88,2703,447,592,269,1054,134,2775,488,153,348,1635,0.08349146110056926,0.16537180910099888,0.4543918918918919,0.127134724857685,0.5891891891891892,0.055135135135135134,0.1254054054054054,0.17585585585585586
06037183810,"Census Tract 1838.10, Los Angeles County, California",4163,59906.0,1302,219,4163,982,1125,472,1302,413,4163,547,62,151,3353,0.16820276497695852,0.23588758107134278,0.41955555555555557,0.3172043010752688,0.8054287773240452,0.014893105933221235,0.036271919288974296,0.13139562815277445
06037183820,"Census Tract 1838.20, Los Angeles County, California",3445,46477.0,1140,134,3445,834,883,459,1140,238,3445,344,94,320,2612,0.11754385964912281,0.2420899854862119,0.5198187995469988,0.20877192982456141,0.758200290275762,0.027285921625544267,0.09288824383164006,0.09985486211901307
06037185100,"Census Tract 1851, Los Angeles County, California",6070,109886.0,2233,94,5987,444,866,259,2233,225,6070,2217,217,803,2655,0.04209583519928348,0.07416068147653249,0.29907621247113164,0.10076130765785939,0.43739703459637563,0.0357495881383855,0.13228995057660625,0.36523887973640856
06037185202,"Census Tract 1852.02, Los Angeles County, California",3627,64623.0,1360,36,3627,374,675,373,1360,93,3627,1179,90,393,1942,0.026470588235294117,0.10311552247036118,0.5525925925925926,0.06838235294117648,0.535428728977116,0.02481389578163772,0.10835401157981803,0.3250620347394541
06037185203,"Census Tract 1852.03, Los Angeles County, California",3566,49698.0,989,62,3566,802,623,327,989,193,3566,395,23,288,2762,0.06268958543983821,0.22490185081323613,0.5248796147672552,0.19514661274014156,0.7745372966909703,0.006449803701626472,0.08076275939427931,0.11076836791923723
06037185204,"Census Tract 1852.04, Los Angeles County, California",1921,86971.0,701,11,1921,161,173,102,701,40,1921,603,32,563,617,0.015691868758915834,0.08381051535658511,0.5895953757225434,0.05706134094151213,0.321186881832379,0.01665799062988027,0.293076522644456,0.31389901093180633
06037185310,"Census Tract 1853.10, Los Angeles County, California",3131,64671.0,856,88,3125,415,537,251,856,217,3131,187,41,272,2627,0.102803738317757,0.1328,0.46741154562383613,0.25350467289719625,0.8390290641967423,0.013094857872884063,0.0868732034493772,0.05972532737144682
06037185320,"Census Tract 1853.20, Los Angeles County, California",2991,42202.0,855,127,2971,814,558,343,855,210,2991,297,18,154,2522,0.14853801169590644,0.27398182430158197,0.6146953405017921,0.24561403508771928,0.8431962554329656,0.006018054162487462,0.05148779672350384,0.09929789368104312
06037186100,"Census Tract 1861, Los Angeles County, California",4985,92569.0,1853,79,4984,328,646,327,1853,95,4985,1655,111,1340,1634,0.04263356718834323,0.06581059390048154,0.5061919504643962,0.05126821370750135,0.32778335005015047,0.022266800401203612,0.2688064192577733,0.3319959879638917
06037186201,"Census Tract 1862.01, Los Angeles County, California",3201,61733.0,1177,263,3188,564,914,334,1177,194,3201,368,134,1004,1629,0.22344944774851316,0.17691342534504392,0.36542669584245074,0.16482582837723025,0.5089034676663543,0.041861918150577944,0.3136519837550765,0.11496407372696033
06037186202,"Census Tract 1862.02, Los Angeles County, California",2007,95089.0,711,21,2007,127,331,159,711,66,2007,511,26,543,876,0.029535864978902954,0.06327852516193323,0.48036253776435045,0.09282700421940929,0.43647234678624813,0.012954658694569009,0.2705530642750374,0.25460886895864476
06037186203,"Census Tract 1862.03, Los Angeles County, California",3416,114461.0,1116,8,3416,163,191,122,1116,78,3416,1106,30,472,1569,0.007168458781362007,0.04771662763466042,0.6387434554973822,0.06989247311827956,0.45930913348946134,0.008782201405152224,0.13817330210772832,0.3237704918032787
06037186301,"Census Tract 1863.01, Los Angeles County, California",2906,53125.0,889,47,2889,852,642,415,889,156,2906,514,193,130,2002,0.052868391451068614,0.2949117341640706,0.6464174454828661,0.17547806524184478,0.6889194769442533,0.06641431520991053,0.044735030970406056,0.17687543014452856
06037186302,"Census Tract 1863.02, Los Angeles County, California",5096,78264.0,1849,81,5054,509,782,453,1849,194,5096,1441,59,875,2502,0.043807463493780424,0.10071230708349822,0.5792838874680307,0.10492157923201731,0.49097331240188385,0.011577708006279434,0.1717032967032967,0.28277080062794346
06037186401,"Census Tract 1864.01, Los Angeles County, California",3489,41450.0,1001,137,3489,566,879,493,1001,289,3489,215,0,491,2775,0.13686313686313686,0.16222413298939525,0.5608646188850968,0.2887112887112887,0.7953568357695615,0.0,0.1407280022929206,0.061622241329893954
06037186403,"Census Tract 1864.03, Los Angeles County, California",2698,59861.0,835,120,2698,376,458,255,835,154,2698,270,41,618,1747,0.1437125748502994,0.13936249073387694,0.5567685589519651,0.1844311377245509,0.6475166790214975,0.01519644180874722,0.229058561897702,0.10007412898443291
06037186404,"Census Tract 1864.04, Los Angeles County, California",2631,62083.0,772,59,2631,372,524,297,772,93,2631,301,14,497,1819,0.07642487046632124,0.14139110604332952,0.566793893129771,0.12046632124352331,0.6913721018624097,0.005321170657544659,0.18890155834283542,0.11440516913721019
06037187101,"Census Tract 1871.01, Los Angeles County, California",3438,76522.0,1228,78,3398,324,669,405,1228,104,3438,1240,24,689,1426,0.06351791530944625,0.09535020600353149,0.6053811659192825,0.08469055374592833,0.4147760325770797,0.006980802792321117,0.20040721349621873,0.36067481093659104
06037187102,"Census Tract 1871.02, Los Angeles County, California",3739,56683.0,1379,85,3704,1007,863,496,1379,173,3739,740,80,715,2087,0.06163886874546773,0.2718682505399568,0.574739281575898,0.12545322697606962,0.5581706338593206,0.021396095212623697,0.1912276009628243,0.19791388071676919
06037187200,"Census Tract 1872, Los Angeles County, California",2963,76042.0,933,42,2963,268,561,218,933,155,2963,373,6,283,2210,0.04501607717041801,0.09044886938913263,0.38859180035650626,0.16613076098606644,0.7458656766790415,0.0020249746878164025,0.09551130610867364,0.12588592642591967
06037187300,"Census Tract 1873, Los Angeles County, California",3597,112250.0,1515,21,3597,149,839,323,1515,69,3597,2081,36,506,788,0.013861386138613862,0.04142340839588546,0.38498212157330153,0.04554455445544554,0.21907144842924658,0.010008340283569641,0.14067278287461774,0.5785376702807895
06037188100,"Census Tract 1881, Los Angeles County, California",3918,62500.0,1720,143,3904,373,1243,675,1720,159,3918,1077,58,312,2221,0.08313953488372093,0.09554303278688525,0.5430410297666934,0.09244186046511628,0.566870852475753,0.014803471158754467,0.07963246554364471,0.27488514548238896
06037188201,"Census Tract 1882.01, Los Angeles County, California",3473,81475.0,1811,49,3464,313,1560,623,1811,55,3473,2213,136,432,460,0.027056874654886803,0.09035796766743649,0.3993589743589744,0.030369961347321922,0.13245033112582782,0.039159228332853444,0.12438813705729916,0.6372012669162108
06037188202,"Census Tract 1882.02, Los Angeles County, California",2426,113267.0,1171,24,2426,75,548,255,1171,29,2426,1572,88,350,277,0.02049530315969257,0.030915086562242376,0.4653284671532847,0.024765157984628524,0.11417971970321517,0.036273701566364384,0.1442704039571311,0.6479802143446002
06037188300,"Census Tract 1883, Los Angeles County, California",3800,114318.0,1390,66,3794,347,692,242,1390,148,3800,1337,13,1009,1122,0.04748201438848921,0.09146020031628888,0.34971098265895956,0.10647482014388489,0.29526315789473684,0.0034210526315789475,0.26552631578947367,0.3518421052631579
06037189101,"Census Tract 1891.01, Los Angeles County, California",2521,81591.0,1316,127,2521,200,1073,461,1316,37,2521,1750,11,478,201,0.09650455927051672,0.07933359777865927,0.4296365330848089,0.02811550151975684,0.07973026576755256,0.00436334787782626,0.18960729869099563,0.6941689805632686
06037189102,"Census Tract 1891.02, Los Angeles County, California",3356,85708.0,1934,88,3356,199,1532,683,1934,59,3356,2331,25,205,598,0.045501551189245086,0.05929678188319428,0.445822454308094,0.030506721820062047,0.17818831942789035,0.007449344457687724,0.061084624553039334,0.6945768772348033
06037189201,"Census Tract 1892.01, Los Angeles County, California",3216,41950.0,1943,425,3202,648,1825,1072,1943,80,3216,2321,145,278,356,0.21873391662377767,0.2023735165521549,0.5873972602739727,0.041173443129181676,0.11069651741293532,0.04508706467661692,0.08644278606965174,0.7217039800995025
06037189202,"Census Tract 1892.02, Los Angeles County, California",2396,118018.0,1153,48,2396,198,571,258,1153,10,2396,1882,20,194,184,0.04163052905464007,0.08263772954924875,0.45183887915936954,0.008673026886383347,0.07679465776293823,0.008347245409015025,0.08096828046744574,0.7854757929883138
06037189300,"Census Tract 1893, Los Angeles County, California",3117,174293.0,1315,72,3117,238,147,60,1315,0,3117,2421,93,349,204,0.05475285171102662,0.0763554700032082,0.40816326530612246,0.0,0.06544754571703561,0.029836381135707413,0.11196663458453641,0.7767083734359962
06037189400,"Census Tract 1894, Los Angeles County, California",3164,156154.0,1628,35,3149,192,652,303,1628,0,3164,2390,188,139,247,0.0214987714987715,0.06097173705938393,0.4647239263803681,0.0,0.07806573957016436,0.05941845764854614,0.04393173198482933,0.7553729456384324
06037189500,"Census Tract 1895, Los Angeles County, California",4180,54265.0,2666,343,4180,926,2250,1184,2666,24,4180,2949,66,268,731,0.12865716429107277,0.2215311004784689,0.5262222222222223,0.00900225056264066,0.1748803827751196,0.015789473684210527,0.06411483253588517,0.7055023923444976
06037189600,"Census Tract 1896, Los Angeles County, California",3939,74760.0,1999,164,3911,406,1333,624,1999,76,3939,2814,121,194,581,0.08204102051025512,0.10380976732293531,0.46811702925731435,0.03801900950475238,0.1474993653211475,0.03071845646103072,0.04925107895404925,0.7143945163747144
06037189701,"Census Tract 1897.01, Los Angeles County, California",3228,100256.0,1743,39,3228,248,711,458,1743,76,3228,2300,172,315,324,0.022375215146299483,0.0768277571251549,0.6441631504922645,0.04360298336201951,0.10037174721189591,0.05328376703841388,0.09758364312267657,0.7125154894671624
06037189702,"Census Tract 1897.02, Los Angeles County, California",2201,96793.0,1301,185,2201,290,573,304,1301,32,2201,1738,133,44,189,0.14219830899308225,0.13175829168559747,0.5305410122164049,0.024596464258262875,0.0858700590640618,0.06042707860063608,0.019990913221263062,0.789641072239891
06037189800,"Census Tract 1898, Los Angeles County, California",3833,69616.0,2286,304,3823,509,1748,910,2286,109,3833,2741,211,89,584,0.13298337707786526,0.1331415119016479,0.5205949656750573,0.047681539807524057,0.15236107487607617,0.055048265066527526,0.02321941038351161,0.7151056613618576
06037189902,"Census Tract 1899.02, Los Angeles County, California",5371,63214.0,3048,273,5371,936,2913,1652,3048,119,5371,3831,137,804,519,0.08956692913385826,0.1742692236082666,0.5671129419842087,0.039041994750656166,0.09663005026996835,0.025507354310184322,0.14969279463787005,0.7132749953453733
06037189903,"Census Tract 1899.03, Los Angeles County, California",2089,64975.0,1513,190,2089,317,1067,510,1513,62,2089,1479,95,167,312,0.1255783212161269,0.1517472474868358,0.47797563261480785,0.040978189028420355,0.14935375777884155,0.04547630445189086,0.07994255624700813,0.7079942556247009
06037189904,"Census Tract 1899.04, Los Angeles County, California",2435,49960.0,1505,266,2428,394,1478,812,1505,86,2435,1511,212,119,453,0.17674418604651163,0.16227347611202636,0.5493910690121786,0.05714285714285714,0.18603696098562628,0.08706365503080082,0.04887063655030801,0.6205338809034907
06037189905,"Census Tract 1899.05, Los Angeles County, California",2432,72837.0,1465,163,2406,242,1147,557,1465,106,2432,1897,114,119,269,0.11126279863481228,0.10058187863674148,0.48561464690496947,0.07235494880546076,0.11060855263157894,0.046875,0.04893092105263158,0.780016447368421
06037190100,"Census Tract 1901, Los Angeles County, California",4453,53778.0,2654,511,4453,767,2595,1500,2654,107,4453,2240,364,583,1034,0.19253956292388846,0.17224343139456547,0.5780346820809249,0.04031650339110776,0.232203009207276,0.0817426454075904,0.13092297327644284,0.5030316640467101
06037190201,"Census Tract 1902.01, Los Angeles County, California",2632,30053.0,1279,650,2179,688,1264,654,1279,232,2632,1147,230,97,996,0.508209538702111,0.31574116567232674,0.5174050632911392,0.181391712275215,0.378419452887538,0.08738601823708207,0.03685410334346505,0.435790273556231
06037190202,"Census Tract 1902.02, Los Angeles County, California",3225,32418.0,2307,851,3225,765,2283,1346,2307,37,3225,1508,404,318,682,0.3688773298656264,0.2372093023255814,0.589575120455541,0.016038144776766364,0.21147286821705427,0.12527131782945736,0.0986046511627907,0.4675968992248062
06037190301,"Census Tract 1903.01, Los Angeles County, California",5569,44986.0,2803,782,5526,1094,2628,1544,2803,220,5569,2781,621,635,1230,0.27898679985729574,0.19797321751719146,0.5875190258751902,0.0784873349982162,0.22086550547674627,0.1115101454480158,0.11402406177051536,0.4993715209193751
06037190401,"Census Tract 1904.01, Los Angeles County, California",2977,48188.0,1756,415,2977,404,1733,958,1756,139,2977,1691,22,345,798,0.23633257403189067,0.13570708767215317,0.552798615118292,0.07915717539863326,0.26805508901578773,0.007389989922741014,0.11588847833389318,0.5680214981525025
06037190402,"Census Tract 1904.02, Los Angeles County, California",2372,40000.0,1366,365,2371,501,1355,777,1366,67,2372,1439,137,400,355,0.26720351390922403,0.21130324757486293,0.5734317343173432,0.04904831625183016,0.14966273187183812,0.05775716694772344,0.16863406408094436,0.6066610455311973
06037190510,"Census Tract 1905.10, Los Angeles County, California",4051,41950.0,1712,415,4005,980,1712,1017,1712,353,4051,1447,251,665,1609,0.24240654205607476,0.24469413233458176,0.5940420560747663,0.20619158878504673,0.3971858800296223,0.06196000987410516,0.1641569982720316,0.35719575413478155
06037190520,"Census Tract 1905.20, Los Angeles County, California",3979,41011.0,1604,354,3979,1276,1487,791,1604,295,3979,1275,86,861,1710,0.22069825436408977,0.32068358884141746,0.5319435104236718,0.18391521197007482,0.42975622015581805,0.021613470721286755,0.21638602663985926,0.3204322694144257
06037190700,"Census Tract 1907, Los Angeles County, California",2685,43877.0,1705,489,2685,663,1481,867,1705,94,2685,1496,156,185,604,0.2868035190615836,0.24692737430167597,0.5854152599594868,0.05513196480938416,0.22495344506517692,0.05810055865921788,0.06890130353817504,0.557169459962756
06037190801,"Census Tract 1908.01, Los Angeles County, California",2682,25858.0,1273,477,2563,1026,1195,721,1273,221,2682,950,279,219,1168,0.37470542026708564,0.4003121342177136,0.6033472803347281,0.17360565593087196,0.4354958985831469,0.1040268456375839,0.08165548098434004,0.3542132736763609
06037190802,"Census Tract 1908.02, Los Angeles County, California",2982,50167.0,1370,401,2982,637,1213,680,1370,219,2982,921,244,159,1328,0.2927007299270073,0.2136150234741784,0.560593569661995,0.15985401459854015,0.44533869885982563,0.0818242790073776,0.05331991951710262,0.30885311871227367
06037190901,"Census Tract 1909.01, Los Angeles County, California",4587,38140.0,1414,235,4587,1200,1313,773,1414,576,4587,427,316,163,3568,0.1661951909476662,0.2616088947024199,0.5887281035795887,0.4073550212164074,0.7778504469151951,0.06889034227163723,0.0355352081970787,0.09308916503161108
06037190902,"Census Tract 1909.02, Los Angeles County, California",3518,46406.0,1518,325,3479,805,1435,779,1518,273,3518,1100,188,115,2018,0.21409749670619235,0.23138832997987926,0.5428571428571428,0.17984189723320157,0.5736213757816941,0.053439454235361,0.03268902785673678,0.312677657760091
06037191000,"Census Tract 1910, Los Angeles County, California",4454,64816.0,2389,474,4454,671,2257,1162,2389,289,4454,1805,480,330,1709,0.1984093763080787,0.15065110013471036,0.5148427115640231,0.12097111762243616,0.38370004490345755,0.10776829815895823,0.07409070498428379,0.4052537045352492
06037191110,"Census Tract 1911.10, Los Angeles County, California",3478,37700.0,1032,333,3269,1141,992,550,1032,225,3478,1896,103,398,1000,0.3226744186046512,0.3490364025695932,0.5544354838709677,0.2180232558139535,0.2875215641173088,0.029614721104082805,0.1144335825186889,0.5451408855664175
06037191120,"Census Tract 1911.20, Los Angeles County, California",3900,40071.0,1571,290,3723,804,1411,855,1571,332,3900,1256,56,663,1828,0.18459579885423297,0.21595487510072522,0.6059532246633593,0.21133036282622533,0.4687179487179487,0.014358974358974359,0.17,0.32205128205128203
06037191201,"Census Tract 1912.01, Los Angeles County, California",4414,45332.0,1629,443,3947,740,1520,851,1629,267,4414,2107,110,662,1381,0.2719459791282996,0.18748416518875094,0.5598684210526316,0.16390423572744015,0.3128681468056185,0.02492070684186679,0.14997734481196193,0.4773448119619393
06037191203,"Census Tract 1912.03, Los Angeles County, California",2383,26919.0,1166,391,2383,804,1113,664,1166,260,2383,517,101,685,1029,0.3353344768439108,0.3373898447335292,0.5965858041329739,0.22298456260720412,0.4318086445656735,0.042383550146873686,0.28745279060008394,0.21695342005874949
06037191204,"Census Tract 1912.04, Los Angeles County, California",2033,41453.0,860,134,2033,491,792,412,860,233,2033,610,33,358,970,0.1558139534883721,0.24151500245941956,0.5202020202020202,0.2709302325581395,0.47712739793408754,0.016232169208066895,0.17609444171175603,0.3000491883915396
06037191301,"Census Tract 1913.01, Los Angeles County, California",2224,36875.0,940,243,2219,560,832,433,940,178,2224,424,114,402,1274,0.25851063829787235,0.25236593059936907,0.5204326923076923,0.18936170212765957,0.572841726618705,0.051258992805755396,0.18075539568345322,0.1906474820143885
06037191302,"Census Tract 1913.02, Los Angeles County, California",1947,45982.0,862,193,1933,295,773,403,862,190,1947,511,20,364,1016,0.22389791183294663,0.15261251939989653,0.5213454075032341,0.22041763341067286,0.5218284540318439,0.01027221366204417,0.1869542886492039,0.26245505906522854
06037191410,"Census Tract 1914.10, Los Angeles County, California",4646,42538.0,1627,447,4542,1128,1555,862,1627,512,4646,778,300,750,2770,0.27473878303626303,0.24834874504623514,0.5543408360128618,0.3146896127842655,0.5962117950925527,0.06457167455876023,0.16142918639690057,0.16745587602238485
06037191420,"Census Tract 1914.20, Los Angeles County, California",3096,61190.0,1184,189,3096,306,1130,574,1184,311,3096,611,35,431,1938,0.15962837837837837,0.09883720930232558,0.5079646017699115,0.2626689189189189,0.625968992248062,0.011304909560723515,0.13921188630490955,0.1973514211886305
06037191500,"Census Tract 1915, Los Angeles County, California",5931,49726.0,1789,233,5900,1127,1386,800,1789,601,5931,888,49,1297,3559,0.13024035774175516,0.19101694915254236,0.5772005772005772,0.3359418669647848,0.6000674422525712,0.008261675939976395,0.21868150396223235,0.14972180070814364
06037191610,"Census Tract 1916.10, Los Angeles County, California",4237,48767.0,1433,390,4237,1106,1293,733,1433,418,4237,826,248,678,2432,0.2721563154221912,0.2610337502950201,0.5668986852281516,0.2916957431960921,0.5739910313901345,0.058531980174651874,0.1600188812839273,0.19494925654944537
06037191620,"Census Tract 1916.20, Los Angeles County, California",2532,27306.0,1077,407,2488,744,995,715,1077,285,2532,413,235,281,1603,0.3779015784586815,0.2990353697749196,0.7185929648241206,0.2646239554317549,0.6330963665086888,0.09281200631911532,0.11097946287519747,0.16311216429699843
06037191710,"Census Tract 1917.10, Los Angeles County, California",2937,30085.0,1244,354,2937,1155,1170,649,1244,394,2937,585,171,205,1901,0.2845659163987138,0.39325842696629215,0.5547008547008547,0.3167202572347267,0.6472591079332652,0.05822267620020429,0.06979911474293497,0.19918283963227784
06037191720,"Census Tract 1917.20, Los Angeles County, California",3224,32355.0,1197,460,3213,901,1105,645,1197,379,3224,487,152,268,2275,0.3842940685045948,0.2804232804232804,0.583710407239819,0.316624895572264,0.7056451612903226,0.04714640198511166,0.08312655086848635,0.1510545905707196
06037191810,"Census Tract 1918.10, Los Angeles County, California",3367,49491.0,1259,177,3367,759,1202,878,1259,291,3367,756,210,40,2279,0.14058776806989676,0.22542322542322543,0.7304492512479202,0.23113582208101668,0.6768636768636769,0.062370062370062374,0.01188001188001188,0.22453222453222454
06037191820,"Census Tract 1918.20, Los Angeles County, California",3176,56996.0,1449,187,3169,349,1328,678,1449,235,3176,1236,253,176,1347,0.1290545203588682,0.11012937835279268,0.5105421686746988,0.1621808143547274,0.4241183879093199,0.07965994962216624,0.055415617128463476,0.3891687657430731
06037191901,"Census Tract 1919.01, Los Angeles County, California",3060,57000.0,1740,135,3060,475,1656,886,1740,101,3060,1731,234,147,813,0.07758620689655173,0.15522875816993464,0.535024154589372,0.058045977011494256,0.2656862745098039,0.07647058823529412,0.04803921568627451,0.5656862745098039
06037191902,"Census Tract 1919.02, Los Angeles County, California",2788,94432.0,1411,26,2775,179,759,389,1411,15,2788,2200,18,179,255,0.01842664776754075,0.0645045045045045,0.5125164690382081,0.010630758327427357,0.09146341463414634,0.006456241032998565,0.06420373027259685,0.7890961262553802
06037192001,"Census Tract 1920.01, Los Angeles County, California",2370,74063.0,1149,183,2233,335,927,520,1149,48,2370,1691,156,210,216,0.15926892950391644,0.15002239140170176,0.5609492988133765,0.04177545691906005,0.09113924050632911,0.06582278481012659,0.08860759493670886,0.7135021097046413
06037192002,"Census Tract 1920.02, Los Angeles County, California",2597,111111.0,1244,43,2572,248,660,328,1244,18,2597,1877,72,179,183,0.03456591639871383,0.09642301710730948,0.49696969696969695,0.014469453376205787,0.07046592221794377,0.027724297266076243,0.06892568348093954,0.7227570273392376
06037192300,"Census Tract 1923, Los Angeles County, California",2463,88988.0,1375,123,2463,193,875,440,1375,0,2463,1504,27,461,272,0.08945454545454545,0.07835972391392611,0.5028571428571429,0.0,0.11043442955745027,0.010962241169305725,0.18717011774259035,0.6106374340235485
06037192410,"Census Tract 1924.10, Los Angeles County, California",3700,73750.0,1719,134,3691,438,1084,538,1719,71,3700,1682,168,832,780,0.07795229784758581,0.11866702790571661,0.496309963099631,0.04130308318789994,0.21081081081081082,0.04540540540540541,0.22486486486486487,0.4545945945945946
06037192420,"Census Tract 1924.20, Los Angeles County, California",4280,56194.0,1393,81,4259,527,1245,739,1393,357,4280,527,262,1188,2160,0.05814788226848528,0.1237379666588401,0.593574297188755,0.2562814070351759,0.5046728971962616,0.061214953271028036,0.2775700934579439,0.12313084112149533
06037192510,"Census Tract 1925.10, Los Angeles County, California",3840,49464.0,1241,170,3840,755,958,683,1241,195,3840,231,14,1479,2009,0.136986301369863,0.19661458333333334,0.7129436325678496,0.1571313456889605,0.5231770833333333,0.0036458333333333334,0.38515625,0.06015625
06037192520,"Census Tract 1925.20, Los Angeles County, California",5269,45823.0,1558,246,5269,966,1496,800,1558,585,5269,302,53,792,4052,0.15789473684210525,0.18333649648889733,0.5347593582887701,0.3754813863928113,0.7690263807174037,0.010058834693490226,0.15031315240083507,0.05731637881951034
06037192610,"Census Tract 1926.10, Los Angeles County, California",3703,35948.0,1326,334,3698,792,1242,842,1326,312,3703,551,142,361,2572,0.25188536953242835,0.21416982152514874,0.677938808373591,0.23529411764705882,0.694571968674048,0.03834728598433702,0.09748852281933568,0.1487982716716176
06037192620,"Census Tract 1926.20, Los Angeles County, California",3542,40850.0,1137,250,3521,695,1096,700,1137,309,3542,145,42,807,2520,0.2198768689533861,0.19738710593581368,0.6386861313868614,0.2717678100263852,0.7114624505928854,0.011857707509881422,0.22783738001129306,0.0409373235460192
06037192700,"Census Tract 1927, Los Angeles County, California",3449,52603.0,1027,108,3449,715,901,534,1027,223,3449,411,66,636,2146,0.10516066212268745,0.20730646564221514,0.5926748057713651,0.2171372930866602,0.6222093360394317,0.01913598144389678,0.18440127573209625,0.11916497535517541
06037194101,"Census Tract 1941.01, Los Angeles County, California",3277,86417.0,1631,99,3277,266,1051,651,1631,84,3277,2294,346,189,249,0.06069895769466585,0.08117180347879158,0.6194100856327307,0.05150214592274678,0.07598413182789136,0.10558437595361611,0.05767470247177296,0.7000305157155935
06037194102,"Census Tract 1941.02, Los Angeles County, California",3189,122829.0,1531,40,3189,354,341,161,1531,0,3189,2375,220,210,260,0.02612671456564337,0.11100658513640639,0.47214076246334313,0.0,0.08153026026967701,0.06898714330511133,0.0658513640639699,0.7447475697710881
06037194200,"Census Tract 1942, Los Angeles County, California",3524,168227.0,1463,37,3462,159,314,88,1463,7,3524,2643,102,128,171,0.025290498974709502,0.04592720970537262,0.2802547770700637,0.004784688995215311,0.048524404086265606,0.02894438138479001,0.036322360953461974,0.75
06037194300,"Census Tract 1943, Los Angeles County, California",3262,177383.0,1451,40,3262,104,396,205,1451,8,3262,2463,83,118,515,0.027567195037904894,0.03188228080931944,0.5176767676767676,0.005513439007580979,0.15787860208461066,0.025444512568976087,0.036174126302881665,0.7550582464745554
06037194401,"Census Tract 1944.01, Los Angeles County, California",2391,86800.0,1234,118,2256,208,987,460,1234,18,2391,1538,180,149,405,0.09562398703403566,0.09219858156028368,0.46605876393110435,0.014586709886547812,0.16938519447929737,0.07528230865746549,0.06231702216645755,0.643245503973233
06037194402,"Census Tract 1944.02, Los Angeles County, California",3579,100368.0,2028,35,3579,429,1386,852,2028,22,3579,3037,22,373,84,0.01725838264299803,0.11986588432523052,0.6147186147186147,0.010848126232741617,0.02347024308466052,0.006146968426934898,0.1042190556021235,0.8485610505727857
06037194500,"Census Tract 1945, Los Angeles County, California",2019,113571.0,944,59,1968,129,468,233,944,9,2019,1597,94,142,133,0.0625,0.06554878048780488,0.49786324786324787,0.009533898305084746,0.06587419514611194,0.04655770183259039,0.0703318474492323,0.7909856364536899
06037195100,"Census Tract 1951, Los Angeles County, California",4978,127768.0,2065,71,4767,152,775,248,2065,26,4978,2974,123,692,907,0.03438256658595642,0.03188588210614642,0.32,0.012590799031476998,0.18220168742466855,0.024708718360787463,0.1390116512655685,0.5974286862193652
06037195201,"Census Tract 1952.01, Los Angeles County, California",3128,85114.0,1645,79,3128,246,1362,637,1645,53,3128,2056,21,340,648,0.04802431610942249,0.07864450127877237,0.46769456681350957,0.03221884498480243,0.2071611253196931,0.006713554987212276,0.10869565217391304,0.6572890025575447
06037195202,"Census Tract 1952.02, Los Angeles County, California",3304,117630.0,1411,19,3294,211,669,247,1411,90,3304,2385,45,387,311,0.013465627214741318,0.06405585913782635,0.3692077727952167,0.06378454996456413,0.09412832929782082,0.013619854721549637,0.11713075060532688,0.7218523002421308
06037195300,"Census Tract 1953, Los Angeles County, California",3089,75104.0,1419,133,3089,275,1111,501,1419,160,3089,1736,48,295,937,0.09372797744890768,0.089025574619618,0.45094509450945097,0.1127554615926709,0.3033344124312075,0.015539009388151505,0.09550016186468113,0.5619941728714795
06037195400,"Census Tract 1954, Los Angeles County, California",4451,98461.0,2229,241,4442,279,1447,573,2229,146,4451,2703,63,477,1075,0.10812023328847016,0.06280954524988744,0.39599170697995856,0.0655002243158367,0.24151875982925186,0.014154122669063131,0.10716692878004942,0.6072792630869468
06037195500,"Census Tract 1955, Los Angeles County, California",5548,99660.0,2400,176,5500,334,1259,393,2400,170,5548,2444,86,1058,1757,0.07333333333333333,0.06072727272727273,0.31215250198570293,0.07083333333333333,0.31669069935111754,0.015501081470800288,0.19069935111751982,0.4405191059841384
06037195600,"Census Tract 1956, Los Angeles County, California",2948,72035.0,1256,213,2909,738,881,479,1256,103,2948,969,25,414,1415,0.1695859872611465,0.25369542798212447,0.5437003405221339,0.08200636942675159,0.4799864314789688,0.008480325644504749,0.14043419267299864,0.32869742198100405
06037195710,"Census Tract 1957.10, Los Angeles County, California",4487,45398.0,1367,278,4357,1628,1133,612,1367,380,4487,798,183,487,2897,0.2033650329188003,0.3736515951342667,0.5401588702559577,0.2779809802487198,0.6456429685758859,0.04078448852239804,0.10853577000222867,0.17784711388455537
06037195720,"Census Tract 1957.20, Los Angeles County, California",2000,41136.0,858,174,1991,292,662,345,858,103,2000,409,13,230,1262,0.20279720279720279,0.14665996986438976,0.5211480362537765,0.12004662004662005,0.631,0.0065,0.115,0.2045
06037195802,"Census Tract 1958.02, Los Angeles County, California",2691,53889.0,938,105,2685,314,716,414,938,161,2691,397,69,586,1596,0.11194029850746269,0.11694599627560522,0.5782122905027933,0.17164179104477612,0.5930880713489409,0.02564102564102564,0.21776291341508733,0.14752879970271274
06037195803,"Census Tract 1958.03, Los Angeles County, California",2634,83167.0,1156,76,2634,400,840,420,1156,115,2634,1020,96,408,969,0.0657439446366782,0.15186028853454822,0.5,0.09948096885813149,0.3678815489749431,0.03644646924829157,0.1548974943052392,0.38724373576309795
06037195804,"Census Tract 1958.04, Los Angeles County, California",2533,71467.0,1011,132,2533,391,729,270,1011,88,2533,883,148,295,1091,0.13056379821958458,0.15436241610738255,0.37037037037037035,0.08704253214638971,0.43071456770627714,0.05842874062376629,0.11646269245953415,0.3485984998026056
06037195901,"Census Tract 1959.01, Los Angeles County, California",2237,64138.0,1064,88,2182,246,896,488,1064,138,2237,987,42,370,808,0.08270676691729323,0.11274060494958753,0.5446428571428571,0.12969924812030076,0.36119803308001786,0.018775145283862316,0.16540008940545373,0.4412159141707644
06037195902,"Census Tract 1959.02, Los Angeles County, California",1864,68875.0,1005,60,1864,388,807,412,1005,0,1864,1018,45,251,470,0.05970149253731343,0.20815450643776823,0.5105328376703842,0.0,0.2521459227467811,0.024141630901287552,0.13465665236051502,0.546137339055794
06037195903,"Census Tract 1959.03, Los Angeles County, California",2008,52446.0,911,70,2008,258,753,388,911,41,2008,607,0,326,952,0.07683863885839737,0.12848605577689243,0.5152722443559097,0.04500548847420417,0.47410358565737054,0.0,0.16235059760956175,0.30229083665338646
06037197200,"Census Tract 1972, Los Angeles County, California",3909,59719.0,1191,141,3909,394,585,338,1191,112,3909,424,128,1197,2101,0.11838790931989925,0.10079304169864416,0.5777777777777777,0.09403862300587741,0.537477615758506,0.03274494755691993,0.306216423637759,0.10846763878229726
06037197300,"Census Tract 1973, Los Angeles County, California",4052,83843.0,1786,209,4052,512,1358,491,1786,110,4052,1798,137,645,1331,0.11702127659574468,0.1263573543928924,0.36156111929307805,0.06159014557670773,0.3284797630799605,0.03381046396841066,0.15918065153010857,0.4437314906219151
06037197410,"Census Tract 1974.10, Los Angeles County, California",4331,100556.0,1722,80,4331,373,821,342,1722,92,4331,2058,94,465,1485,0.04645760743321719,0.08612329716000923,0.4165651644336175,0.053426248548199766,0.3428769337335488,0.021703994458554605,0.10736550450242438,0.47517894250750403
06037197420,"Census Tract 1974.20, Los Angeles County, California",3564,65438.0,1347,111,3432,446,909,448,1347,171,3564,1262,91,319,1782,0.08240534521158129,0.12995337995337997,0.49284928492849284,0.12694877505567928,0.5,0.025533108866442198,0.08950617283950617,0.35409652076318743
06037197500,"Census Tract 1975, Los Angeles County, California",3914,75571.0,1567,249,3914,142,1207,430,1567,191,3914,1285,145,683,1715,0.15890236119974474,0.036280020439448134,0.35625517812758906,0.12188895979578813,0.4381706693919264,0.0370464997445069,0.1745017884517118,0.328308635666837
06037197600,"Census Tract 1976, Los Angeles County, California",2166,74038.0,910,43,2166,180,724,320,910,85,2166,711,7,368,952,0.04725274725274725,0.08310249307479224,0.4419889502762431,0.09340659340659341,0.43951985226223456,0.003231763619575254,0.1698984302862419,0.32825484764542934
06037197700,"Census Tract 1977, Los Angeles County, California",5332,54759.0,2043,237,5322,1183,1744,868,2043,228,5332,1212,160,2278,1347,0.11600587371512482,0.2222848553175498,0.49770642201834864,0.11160058737151249,0.2526256564141035,0.030007501875468866,0.427231807951988,0.22730682670667668
06037199000,"Census Tract 1990, Los Angeles County, California",5391,57625.0,1640,218,5371,850,1240,579,1640,328,5391,284,58,1405,3587,0.1329268292682927,0.15825730776391733,0.4669354838709677,0.2,0.6653682062697088,0.010758671860508254,0.26061955110369134,0.052680393248005934
06037199110,"Census Tract 1991.10, Los Angeles County, California",2705,59395.0,737,93,2705,458,277,116,737,149,2705,168,10,129,2393,0.12618724559023067,0.16931608133086876,0.4187725631768953,0.2021709633649932,0.8846580406654344,0.0036968576709796672,0.04768946395563771,0.06210720887245841
06037199120,"Census Tract 1991.20, Los Angeles County, California",4511,38970.0,1115,164,4219,1541,883,522,1115,219,4511,136,99,875,3334,0.14708520179372198,0.3652524294856601,0.5911664779161948,0.19641255605381167,0.7390822434050099,0.021946353358457106,0.19397029483484815,0.030148525825759255
06037199201,"Census Tract 1992.01, Los Angeles County, California",3660,34277.0,1089,314,3660,697,965,672,1089,277,3660,61,0,1098,2501,0.28833792470156105,0.19043715846994536,0.6963730569948187,0.25436179981634527,0.6833333333333333,0.0,0.3,0.016666666666666666
06037199202,"Census Tract 1992.02, Los Angeles County, California",3155,67257.0,923,80,3148,499,499,273,923,134,3155,337,32,377,2364,0.0866738894907909,0.1585133418043202,0.5470941883767535,0.14517876489707476,0.7492868462757528,0.010142630744849446,0.11949286846275753,0.10681458003169572
06037199300,"Census Tract 1993, Los Angeles County, California",4202,81172.0,1315,120,4160,851,541,262,1315,155,4202,1092,59,514,2486,0.09125475285171103,0.2045673076923077,0.48428835489833644,0.11787072243346007,0.5916230366492147,0.014040932889100428,0.12232270347453593,0.2598762494050452
06037199400,"Census Tract 1994, Los Angeles County, California",4759,44637.0,1365,177,4743,756,972,413,1365,376,4759,184,210,907,3352,0.12967032967032968,0.15939278937381404,0.42489711934156377,0.2754578754578755,0.704349653288506,0.044126917419625974,0.19058625761714645,0.0386635847867199
06037199700,"Census Tract 1997, Los Angeles County, California",3063,42614.0,1131,181,3063,709,855,464,1131,204,3063,541,21,459,2002,0.16003536693191867,0.23147241266731963,0.5426900584795321,0.18037135278514588,0.653607574273588,0.0068560235063663075,0.14985308521057786,0.17662422461638916
06037199800,"Census Tract 1998, Los Angeles County, California",5828,37755.0,1563,244,5823,1370,1068,803,1563,306,5828,76,1,2120,3631,0.1561100447856686,0.23527391379014254,0.75187265917603,0.19577735124760076,0.6230267673301304,0.00017158544955387783,0.363761153054221,0.013040494166094716
06037199900,"Census Tract 1999, Los Angeles County, California",2692,39184.0,778,183,2692,415,634,334,778,142,2692,51,42,381,2218,0.2352185089974293,0.15416047548291234,0.526813880126183,0.18251928020565553,0.8239227340267459,0.015601783060921248,0.14153046062407132,0.018945022288261514
06037201110,"Census Tract 2011.10, Los Angeles County, California",2147,67059.0,704,82,2147,318,243,151,704,76,2147,232,14,269,1632,0.11647727272727272,0.1481136469492315,0.6213991769547325,0.10795454545454546,0.760130414531905,0.006520726595249185,0.12529110386585934,0.10805775500698649
06037201120,"Census Tract 2011.20, Los Angeles County, California",4144,68667.0,1288,85,4144,514,840,452,1288,133,4144,362,54,331,3327,0.06599378881987578,0.12403474903474904,0.5380952380952381,0.10326086956521739,0.8028474903474904,0.013030888030888031,0.07987451737451738,0.08735521235521236
06037201200,"Census Tract 2012, Los Angeles County, California",2893,46976.0,757,74,2893,441,420,218,757,173,2893,207,0,311,2356,0.0977542932628798,0.15243691669547182,0.5190476190476191,0.2285336856010568,0.8143795368129969,0.0,0.10750086415485655,0.07155202212236433
06037201301,"Census Tract 2013.01, Los Angeles County, California",4498,59955.0,1109,87,4432,961,557,222,1109,244,4498,225,102,710,3458,0.07844905320108206,0.21683212996389892,0.3985637342908438,0.2200180342651037,0.7687861271676301,0.02267674522009782,0.1578479324144064,0.05002223210315696
06037201302,"Census Tract 2013.02, Los Angeles County, California",4341,91250.0,1885,97,4315,688,697,306,1885,105,4341,910,240,1825,1136,0.051458885941644564,0.15944380069524913,0.43902439024390244,0.05570291777188329,0.2616908546417876,0.055286800276434005,0.4204100437687169,0.20962911771481227
06037201401,"Census Tract 2014.01, Los Angeles County, California",4693,51212.0,1374,154,4671,899,730,515,1374,235,4693,325,47,470,3550,0.11208151382823872,0.19246414044101906,0.7054794520547946,0.1710334788937409,0.7564457702961858,0.010014915832090347,0.10014915832090347,0.06925207756232687
06037201402,"Census Tract 2014.02, Los Angeles County, California",4995,55352.0,1450,179,4977,1134,470,297,1450,275,4995,190,42,948,3715,0.12344827586206897,0.22784810126582278,0.6319148936170212,0.1896551724137931,0.7437437437437437,0.008408408408408409,0.1897897897897898,0.03803803803803804
06037201501,"Census Tract 2015.01, Los Angeles County, California",5367,60088.0,1514,112,5354,1179,889,521,1514,326,5367,502,55,340,4442,0.07397622192866579,0.22020918939110945,0.5860517435320585,0.21532364597093792,0.8276504564933855,0.01024781069498789,0.06335010247810695,0.09353456307061674
06037201503,"Census Tract 2015.03, Los Angeles County, California",3364,51433.0,965,115,3364,779,683,384,965,145,3364,178,36,241,2909,0.11917098445595854,0.23156956004756243,0.5622254758418741,0.15025906735751296,0.8647443519619501,0.01070154577883472,0.07164090368608798,0.05291319857312723
06037201504,"Census Tract 2015.04, Los Angeles County, California",2302,53750.0,631,54,2264,575,286,139,631,91,2302,242,23,125,1828,0.08557844690966719,0.2539752650176678,0.486013986013986,0.14421553090332806,0.794092093831451,0.00999131190269331,0.05430060816681147,0.10512597741094701
06037201601,"Census Tract 2016.01, Los Angeles County, California",2323,55795.0,713,70,2323,427,314,225,713,97,2323,109,59,222,1853,0.09817671809256662,0.18381403357727077,0.7165605095541401,0.13604488078541374,0.7976754197158846,0.025398191993112353,0.09556607834696514,0.046922083512699095
06037201602,"Census Tract 2016.02, Los Angeles County, California",2960,55909.0,828,87,2934,428,363,150,828,128,2960,103,3,330,2475,0.10507246376811594,0.14587593728698023,0.4132231404958678,0.15458937198067632,0.8361486486486487,0.0010135135135135136,0.11148648648648649,0.034797297297297296
06037201700,"Census Tract 2017, Los Angeles County, California",5514,64769.0,1366,46,4594,902,625,238,1366,181,5514,785,300,770,3509,0.03367496339677892,0.19634305616020897,0.3808,0.13250366032210834,0.636380123322452,0.0544069640914037,0.13964454116793618,0.14236488937250635
06037203100,"Census Tract 2031, Los Angeles County, California",4498,33179.0,1239,243,4470,1215,1071,539,1239,224,4498,40,58,95,4261,0.19612590799031476,0.27181208053691275,0.5032679738562091,0.1807909604519774,0.947309915518008,0.012894619831036016,0.021120497999110716,0.008892841262783458
06037203200,"Census Tract 2032, Los Angeles County, California",5695,56161.0,1321,173,5634,1148,858,427,1321,396,5695,170,53,21,5407,0.13096139288417866,0.20376286829960952,0.4976689976689977,0.29977289931869794,0.9494293239683933,0.009306409130816505,0.003687445127304653,0.029850746268656716
06037203300,"Census Tract 2033, Los Angeles County, California",2000,39750.0,405,116,1325,575,358,253,405,118,2000,57,209,134,1511,0.28641975308641976,0.4339622641509434,0.7067039106145251,0.291358024691358,0.7555,0.1045,0.067,0.0285
06037203500,"Census Tract 2035, Los Angeles County, California",2907,41444.0,936,243,2901,951,726,423,936,166,2907,142,95,417,2245,0.25961538461538464,0.327817993795243,0.5826446280991735,0.17735042735042736,0.7722738218094255,0.032679738562091505,0.1434468524251806,0.048847609219126245
06037203600,"Census Tract 2036, Los Angeles County, California",5276,49922.0,1391,172,5267,1290,1056,697,1391,392,5276,90,48,56,5063,0.12365204888569374,0.24492120751851149,0.6600378787878788,0.2818116462976276,0.959628506444276,0.009097801364670205,0.01061410159211524,0.017058377558756634
06037203710,"Census Tract 2037.10, Los Angeles County, California",3270,46840.0,799,59,3261,551,608,342,799,247,3270,36,17,22,3195,0.07384230287859825,0.1689665746703465,0.5625,0.3091364205256571,0.9770642201834863,0.005198776758409786,0.00672782874617737,0.011009174311926606
06037203720,"Census Tract 2037.20, Los Angeles County, California",4072,37917.0,1054,224,4072,1306,859,541,1054,280,4072,62,0,22,3980,0.2125237191650854,0.3207269155206287,0.629802095459837,0.2656546489563567,0.9774066797642437,0.0,0.0054027504911591355,0.015225933202357564
06037203800,"Census Tract 2038, Los Angeles County, California",4829,45108.0,1143,164,4829,1363,558,420,1143,321,4829,47,10,76,4690,0.14348206474190725,0.28225305446262167,0.7526881720430108,0.28083989501312334,0.9712155725823152,0.0020708221163802027,0.015738248084489544,0.009732863946986954
06037203900,"Census Tract 2039, Los Angeles County, California",3353,57054.0,718,74,3328,642,429,234,718,219,3353,70,26,0,3257,0.10306406685236769,0.19290865384615385,0.5454545454545454,0.3050139275766017,0.9713689233522219,0.007754249925439905,0.0,0.020876826722338204
06037204110,"Census Tract 2041.10, Los Angeles County, California",3286,57417.0,801,109,3286,669,498,290,801,230,3286,119,0,0,3167,0.13607990012484394,0.20359099208764456,0.5823293172690763,0.28714107365792757,0.9637857577601948,0.0,0.0,0.03621424223980523
06037204120,"Census Tract 2041.20, Los Angeles County, California",2971,52813.0,753,84,2971,530,512,214,753,217,2971,91,33,25,2776,0.11155378486055777,0.17839111410299563,0.41796875,0.28818061088977426,0.9343655334904073,0.01110737125546954,0.00841467519353753,0.030629417704476608
06037204200,"Census Tract 2042, Los Angeles County, California",3657,32946.0,962,202,3657,1267,819,471,962,326,3657,38,12,63,3544,0.20997920997921,0.3464588460486738,0.575091575091575,0.3388773388773389,0.9691003554826361,0.003281378178835111,0.017227235438884332,0.010391030899644518
06037204300,"Census Tract 2043, Los Angeles County, California",5445,41912.0,1302,315,5356,1217,911,544,1302,452,5445,137,22,75,5203,0.24193548387096775,0.2272218073188947,0.5971459934138309,0.34715821812596004,0.9555555555555556,0.00404040404040404,0.013774104683195593,0.025160697887970616
06037204410,"Census Tract 2044.10, Los Angeles County, California",2575,47232.0,627,138,2545,858,528,243,627,219,2575,35,5,51,2484,0.22009569377990432,0.33713163064833007,0.4602272727272727,0.3492822966507177,0.9646601941747572,0.001941747572815534,0.019805825242718445,0.013592233009708738
06037204420,"Census Tract 2044.20, Los Angeles County, California",3154,29730.0,944,282,3141,1025,862,492,944,257,3154,39,152,80,2863,0.298728813559322,0.3263291945240369,0.5707656612529002,0.2722457627118644,0.9077362079898541,0.04819277108433735,0.025364616360177554,0.012365250475586557
06037204600,"Census Tract 2046, Los Angeles County, California",4080,31786.0,1208,315,4080,1147,962,560,1208,206,4080,161,91,87,3716,0.26076158940397354,0.28112745098039216,0.5821205821205822,0.17052980132450332,0.9107843137254902,0.02230392156862745,0.021323529411764706,0.03946078431372549
06037204700,"Census Tract 2047, Los Angeles County, California",5510,54809.0,1267,196,5430,1367,604,352,1267,362,5510,70,59,63,5285,0.15469613259668508,0.2517495395948435,0.5827814569536424,0.2857142857142857,0.9591651542649727,0.010707803992740472,0.011433756805807622,0.012704174228675136
06037204810,"Census Tract 2048.10, Los Angeles County, California",5277,46440.0,1245,245,5277,1277,830,519,1245,412,5277,0,116,28,5100,0.19678714859437751,0.24199355694523403,0.6253012048192771,0.3309236947791165,0.9664582148948266,0.021982186848588214,0.0053060451013833615,0.0
06037204820,"Census Tract 2048.20, Los Angeles County, California",2241,40000.0,512,55,2241,506,294,185,512,179,2241,58,51,5,2127,0.107421875,0.22579205711735834,0.6292517006802721,0.349609375,0.9491298527443106,0.022757697456492636,0.0022311468094600626,0.025881302989736725
06037204910,"Census Tract 2049.10, Los Angeles County, California",3341,38523.0,944,246,3341,718,724,428,944,209,3341,83,29,8,3213,0.2605932203389831,0.21490571685124216,0.5911602209944752,0.22139830508474576,0.9616881173301407,0.008680035917390003,0.002394492666866208,0.024842861418736904
06037204920,"Census Tract 2049.20, Los Angeles County, California",2751,39904.0,673,96,2716,798,386,226,673,194,2751,47,23,0,2676,0.1426448736998514,0.29381443298969073,0.5854922279792746,0.28826151560178304,0.9727371864776445,0.008360596146855689,0.0,0.01708469647400945
06037205110,"Census Tract 2051.10, Los Angeles County, California",3904,47219.0,857,94,3904,990,857,510,857,367,3904,59,18,87,3740,0.10968494749124855,0.2535860655737705,0.5950991831971996,0.4282380396732789,0.9579918032786885,0.004610655737704918,0.02228483606557377,0.015112704918032786
06037205120,"Census Tract 2051.20, Los Angeles County, California",3548,26844.0,977,215,3548,1419,868,503,977,240,3548,24,72,37,3415,0.22006141248720573,0.3999436302142052,0.5794930875576036,0.24564994882292732,0.9625140924464487,0.020293122886133032,0.010428410372040587,0.006764374295377677
06037206010,"Census Tract 2060.10, Los Angeles County, California",4121,42063.0,1258,353,4121,1267,1172,463,1258,246,4121,317,45,1519,2222,0.28060413354531,0.30744964814365444,0.39505119453924914,0.19554848966613672,0.5391895171074982,0.010919679689395778,0.3685998544042708,0.07692307692307693
06037206020,"Census Tract 2060.20, Los Angeles County, California",8947,100809.0,297,0,579,79,297,154,297,49,8947,1657,2773,328,3864,0.0,0.13644214162348878,0.5185185185185185,0.16498316498316498,0.4318766066838046,0.30993629149435564,0.036660333072538284,0.1852017436012071
06037206031,"Census Tract 2060.31, Los Angeles County, California",4131,99205.0,2469,299,4131,558,1842,853,2469,386,4131,1690,224,1266,598,0.12110166059133252,0.13507625272331156,0.46308360477741584,0.15633859862292426,0.1447591382231905,0.0542241587993222,0.3064633260711692,0.40910191236988624
06037206032,"Census Tract 2060.32, Los Angeles County, California",5687,30625.0,1768,695,5676,2280,1543,1064,1768,519,5687,362,125,894,4250,0.3930995475113122,0.40169133192389006,0.6895657809462087,0.29355203619909503,0.7473184455776332,0.021979954281695094,0.1572006330226833,0.063653947599789
06037206050,"Census Tract 2060.50, Los Angeles County, California",2031,23380.0,805,238,1974,651,756,467,805,95,2031,129,86,158,1617,0.2956521739130435,0.32978723404255317,0.6177248677248677,0.11801242236024845,0.7961595273264401,0.04234367306745446,0.07779419005416051,0.06351550960118169
06037206200,"Census Tract 2062, Los Angeles County, California",4001,23515.0,2407,1094,3996,1619,2138,1190,2407,298,4001,600,734,1837,679,0.4545076859160781,0.40515515515515516,0.5565949485500468,0.12380556709597008,0.16970757310672333,0.18345413646588352,0.459135216195951,0.14996250937265684
06037206300,"Census Tract 2063, Los Angeles County, California",6103,9191.0,2433,2026,6027,4764,2412,1207,2433,40,6103,1576,3097,135,955,0.8327168105219893,0.7904430064708811,0.5004145936981758,0.016440608302507192,0.15648041946583646,0.5074553498279535,0.02212026872030149,0.25823365557922334
06037207101,"Census Tract 2071.01, Los Angeles County, California",3717,39063.0,1758,427,3717,1003,1696,1135,1758,238,3717,552,498,1935,528,0.2428896473265074,0.2698412698412698,0.6692216981132075,0.1353811149032992,0.1420500403551251,0.13397901533494755,0.5205811138014528,0.14850686037126715
06037207102,"Census Tract 2071.02, Los Angeles County, California",2926,30165.0,1329,480,2926,963,1293,741,1329,201,2926,248,220,1695,667,0.3611738148984199,0.32911825017088175,0.5730858468677494,0.15124153498871332,0.22795625427204375,0.07518796992481203,0.5792891319207109,0.08475734791524266
06037207103,"Census Tract 2071.03, Los Angeles County, California",2393,29243.0,961,339,2393,923,921,585,961,225,2393,181,57,1938,180,0.35275754422476585,0.3857083159214375,0.6351791530944625,0.23413111342351717,0.07521938988717092,0.02381947346427079,0.8098620977852069,0.07563727538654409
06037207301,"Census Tract 2073.01, Los Angeles County, California",4911,51667.0,3608,1640,4911,1179,3549,1461,3608,428,4911,1898,959,718,929,0.45454545454545453,0.24007330482590103,0.41166525781910396,0.11862527716186252,0.18916717572795766,0.19527591121971086,0.14620240276929342,0.38647933211158625
06037207302,"Census Tract 2073.02, Los Angeles County, California",4806,39972.0,3401,1377,4806,1363,3224,1474,3401,553,4806,1838,983,714,873,0.40488091737724197,0.28360382854764876,0.45719602977667495,0.16259923551896502,0.18164794007490637,0.20453599667082814,0.14856429463171036,0.3824386183936746
06037207400,"Census Tract 2074, Los Angeles County, California",1539,87000.0,374,52,704,159,374,146,374,21,1539,232,396,182,687,0.13903743315508021,0.22585227272727273,0.39037433155080214,0.05614973262032086,0.44639376218323584,0.2573099415204678,0.11825860948667966,0.1507472384665367
06037207501,"Census Tract 2075.01, Los Angeles County, California",2193,60625.0,1395,230,2193,417,1120,579,1395,181,2193,630,251,689,469,0.16487455197132617,0.19015047879616964,0.5169642857142858,0.12974910394265232,0.2138622891016872,0.11445508435932512,0.3141814865481076,0.2872777017783858
06037207502,"Census Tract 2075.02, Los Angeles County, California",2888,18594.0,2196,1199,2888,1053,2196,983,2196,194,2888,677,280,1701,170,0.5459927140255009,0.36461218836565096,0.447632058287796,0.0883424408014572,0.05886426592797784,0.09695290858725762,0.58898891966759,0.23441828254847646
06037207710,"Census Tract 2077.10, Los Angeles County, California",4667,100972.0,3259,937,4640,873,2903,1382,3259,213,4667,1618,565,1689,651,0.28751150659711566,0.18814655172413794,0.4760592490527041,0.06535747161706044,0.13949003642596958,0.12106278122991215,0.36190272123419753,0.34668952217698734
06037207900,"Census Tract 2079, Los Angeles County, California",7162,92104.0,4204,570,7162,1558,3444,1532,4204,544,7162,1794,548,2359,2075,0.13558515699333967,0.21753700083775482,0.4448315911730546,0.12940057088487156,0.28972354091036023,0.07651493996090478,0.3293772689192963,0.2504886903099693
06037208000,"Census Tract 2080, Los Angeles County, California",7508,37330.0,2655,358,7508,2565,2545,1568,2655,612,7508,728,764,1053,4767,0.13483992467043315,0.3416355887053809,0.6161100196463655,0.2305084745762712,0.6349227490676611,0.10175812466702185,0.14025039957378796,0.09696323921150772
06037208301,"Census Tract 2083.01, Los Angeles County, California",2148,50093.0,556,144,2148,744,556,263,556,325,2148,11,34,78,1989,0.2589928057553957,0.3463687150837989,0.47302158273381295,0.5845323741007195,0.9259776536312849,0.015828677839851025,0.036312849162011177,0.005121042830540037
06037208302,"Census Tract 2083.02, Los Angeles County, California",5269,38365.0,1661,461,5269,1804,1558,934,1661,573,5269,308,427,525,3957,0.27754364840457557,0.34237995824634654,0.5994865211810013,0.34497290788681517,0.750996394002657,0.08104004554944012,0.09963940026570507,0.05845511482254697
06037208401,"Census Tract 2084.01, Los Angeles County, California",4765,31218.0,1515,496,4765,1261,1482,799,1515,678,4765,110,75,1203,3377,0.32739273927392737,0.2646379853095488,0.5391363022941971,0.44752475247524753,0.7087093389296957,0.015739769150052464,0.25246589716684154,0.023084994753410283
06037208402,"Census Tract 2084.02, Los Angeles County, California",2896,45804.0,827,182,2859,659,679,419,827,220,2896,265,42,500,2033,0.22007255139056833,0.23050017488632388,0.6170839469808542,0.2660217654171705,0.7020027624309392,0.014502762430939226,0.17265193370165746,0.09150552486187845
06037208501,"Census Tract 2085.01, Los Angeles County, California",2267,56974.0,814,105,2244,375,731,377,814,219,2267,219,29,1035,916,0.128992628992629,0.16711229946524064,0.5157318741450069,0.269041769041769,0.40405822673136305,0.012792236435818262,0.4565505072783414,0.09660344067048963
06037208502,"Census Tract 2085.02, Los Angeles County, California",4364,41804.0,1325,379,4336,1022,1311,632,1325,451,4364,184,93,450,3579,0.2860377358490566,0.2357011070110701,0.4820747520976354,0.34037735849056605,0.8201191567369386,0.021310724106324473,0.10311640696608616,0.04216315307057745
06037208610,"Census Tract 2086.10, Los Angeles County, California",4351,52537.0,1470,237,4340,810,1348,731,1470,317,4351,281,201,1510,2268,0.16122448979591836,0.18663594470046083,0.5422848664688428,0.21564625850340136,0.5212594805791771,0.046196276717995866,0.34704665594116296,0.06458285451620317
06037208620,"Census Tract 2086.20, Los Angeles County, California",4446,48910.0,1694,330,4435,913,1536,892,1694,387,4446,337,353,1276,2239,0.19480519480519481,0.20586245772266065,0.5807291666666666,0.22845336481700118,0.5035987404408457,0.07939721097615834,0.2869995501574449,0.07579847053531263
06037208710,"Census Tract 2087.10, Los Angeles County, California",4858,69656.0,2043,199,4858,512,1716,789,2043,430,4858,420,170,2485,1546,0.09740577581987274,0.1053931659118979,0.4597902097902098,0.21047479197258934,0.31823795800741045,0.03499382461918485,0.5115273775216138,0.08645533141210375
06037208720,"Census Tract 2087.20, Los Angeles County, California",4319,32727.0,1590,625,4319,1650,1560,788,1590,707,4319,643,120,203,3353,0.39308176100628933,0.3820328779810141,0.5051282051282051,0.4446540880503145,0.7763371150729336,0.02778420930771012,0.04700162074554295,0.1488770548738134
06037208801,"Census Tract 2088.01, Los Angeles County, California",3027,33211.0,1313,665,2974,935,1313,862,1313,444,3027,397,282,663,1614,0.5064737242955065,0.3143913920645595,0.6565118050266565,0.33815689261233817,0.533201189296333,0.0931615460852329,0.21902874132804756,0.1311529567228279
06037208802,"Census Tract 2088.02, Los Angeles County, California",3069,34079.0,1444,576,3069,701,1421,865,1444,306,3069,408,99,700,1772,0.3988919667590028,0.22841316389703487,0.6087262491203378,0.21191135734072022,0.577386770935158,0.03225806451612903,0.22808732486151842,0.13294232649071358
06037208902,"Census Tract 2089.02, Los Angeles County, California",2692,34568.0,685,322,2582,907,685,464,685,449,2692,47,73,133,2439,0.47007299270072994,0.35127807900852054,0.6773722627737226,0.6554744525547446,0.9060178306092125,0.02711738484398217,0.04940564635958395,0.017459138187221397
06037208903,"Census Tract 2089.03, Los Angeles County, California",4345,31731.0,1164,589,4101,1708,1155,641,1164,637,4345,205,295,138,3593,0.5060137457044673,0.4164837844428188,0.554978354978355,0.5472508591065293,0.82692750287687,0.06789413118527042,0.03176064441887227,0.047180667433831994
06037208904,"Census Tract 2089.04, Los Angeles County, California",3978,27250.0,1291,724,3881,1763,1270,575,1291,632,3978,103,60,291,3524,0.5608055770720372,0.45426436485441896,0.452755905511811,0.4895429899302866,0.8858722976370035,0.015082956259426848,0.07315233785822021,0.025892408245349424
06037209102,"Census Tract 2091.02, Los Angeles County, California",5950,29190.0,2155,987,5950,2604,2114,1223,2155,902,5950,287,600,737,4250,0.4580046403712297,0.4376470588235294,0.5785241248817408,0.4185614849187935,0.7142857142857143,0.10084033613445378,0.1238655462184874,0.04823529411764706
06037209103,"Census Tract 2091.03, Los Angeles County, California",3679,29509.0,1104,501,3651,1795,1095,717,1104,654,3679,64,188,37,3378,0.453804347826087,0.4916461243494933,0.6547945205479452,0.592391304347826,0.9181842892090242,0.05110084262027725,0.01005708072845882,0.017396031530307148
06037209104,"Census Tract 2091.04, Los Angeles County, California",2560,30078.0,937,355,2560,860,937,546,937,272,2560,114,242,98,2079,0.37886872998932764,0.3359375,0.5827107790821772,0.2902881536819637,0.812109375,0.09453125,0.03828125,0.04453125
06037209200,"Census Tract 2092, Los Angeles County, California",4545,54894.0,2212,353,4545,1049,2025,1112,2212,444,4545,1033,355,1271,1561,0.1595840867992767,0.23080308030803082,0.5491358024691358,0.2007233273056058,0.34345434543454345,0.0781078107810781,0.27964796479647963,0.22728272827282728
06037209300,"Census Tract 2093, Los Angeles County, California",4885,30092.0,1992,823,4885,2076,1953,1222,1992,692,4885,340,302,544,3608,0.41315261044176704,0.42497441146366427,0.6257040450588838,0.3473895582329317,0.7385875127942682,0.06182190378710338,0.11136131013306039,0.06960081883316274
06037209401,"Census Tract 2094.01, Los Angeles County, California",4472,30926.0,1589,714,4219,1506,1581,824,1589,536,4472,306,297,588,3226,0.44933920704845814,0.35695662479260487,0.5211891208096142,0.33731906859660166,0.7213774597495528,0.06641323792486584,0.13148479427549195,0.0684257602862254
06037209402,"Census Tract 2094.02, Los Angeles County, California",3963,32879.0,1230,797,3963,1662,1193,737,1230,739,3963,278,22,134,3529,0.6479674796747967,0.41937925813777444,0.6177703269069572,0.6008130081300813,0.8904870047943477,0.0055513499873832955,0.03381276810497098,0.07014887711329801
06037209403,"Census Tract 2094.03, Los Angeles County, California",4148,27188.0,1404,712,4009,1234,1390,840,1404,640,4148,234,200,766,2938,0.5071225071225072,0.30780743327513094,0.60431654676259,0.45584045584045585,0.7082931533269046,0.048216007714561235,0.18466730954676952,0.05641272902603665
06037209510,"Census Tract 2095.10, Los Angeles County, California",3076,30722.0,1000,269,3007,1243,977,553,1000,413,3076,100,49,718,2107,0.269,0.4133688061190555,0.5660184237461617,0.413,0.6849804941482445,0.015929778933680104,0.23342002600780234,0.032509752925877766
06037209520,"Census Tract 2095.20, Los Angeles County, California",2797,33168.0,939,340,2797,1039,930,588,939,458,2797,81,60,159,2476,0.362087326943557,0.3714694315337862,0.632258064516129,0.48775292864749736,0.8852341794780122,0.021451555237754737,0.056846621380050054,0.028959599570968896
06037209810,"Census Tract 2098.10, Los Angeles County, California",2594,30373.0,713,273,2210,681,692,442,713,337,2594,305,131,300,1843,0.38288920056100983,0.3081447963800905,0.638728323699422,0.4726507713884993,0.7104857363145721,0.050501156515034694,0.1156515034695451,0.11757902852737086
06037209820,"Census Tract 2098.20, Los Angeles County, California",3073,31289.0,823,263,3062,1118,737,419,823,468,3073,76,62,117,2804,0.3195625759416768,0.3651208360548661,0.5685210312075983,0.56865127582017,0.9124633908232997,0.020175724048161404,0.03807354376830459,0.024731532704197853
06037210010,"Census Tract 2100.10, Los Angeles County, California",3561,31712.0,1227,539,3561,1121,1093,674,1227,427,3561,67,48,396,3050,0.4392828035859821,0.3147992137040157,0.616651418115279,0.3480032599837001,0.8565009828699803,0.013479359730412805,0.11120471777590564,0.018814939623701208
06037211000,"Census Tract 2110, Los Angeles County, California",5124,127197.0,1948,64,5119,451,735,349,1948,66,5124,2768,166,1453,424,0.03285420944558522,0.08810314514553624,0.4748299319727891,0.033880903490759756,0.08274785323965651,0.03239656518345043,0.28356752537080404,0.5402029664324747
06037211120,"Census Tract 2111.20, Los Angeles County, California",5635,52342.0,2547,284,5596,1002,2386,1179,2547,485,5635,340,226,3403,1618,0.11150372987828819,0.17905646890636168,0.4941324392288349,0.19042010208087948,0.28713398402839396,0.040106477373558116,0.6039041703637977,0.06033717834960071
06037211121,"Census Tract 2111.21, Los Angeles County, California",2253,48846.0,844,104,2237,292,796,380,844,167,2253,350,158,848,792,0.12322274881516587,0.13053196244970944,0.47738693467336685,0.19786729857819904,0.35153129161118507,0.07012871726586774,0.37638703950288505,0.15534842432312473
06037211122,"Census Tract 2111.22, Los Angeles County, California",3163,50175.0,1233,216,3163,1056,1199,679,1233,361,3163,669,173,1279,1004,0.17518248175182483,0.3338602592475498,0.5663052543786489,0.29278183292781834,0.3174201707239962,0.05469490989566867,0.4043629465697123,0.2115080619664875
06037211201,"Census Tract 2112.01, Los Angeles County, California",2562,44353.0,869,196,2562,571,807,535,869,246,2562,208,126,403,1743,0.22554660529344073,0.2228727556596409,0.6629491945477075,0.28308400460299193,0.680327868852459,0.04918032786885246,0.15729898516783763,0.08118657298985169
06037211202,"Census Tract 2112.02, Los Angeles County, California",2239,41280.0,880,287,2239,443,854,428,880,221,2239,201,99,358,1555,0.3261363636363636,0.1978561857972309,0.5011709601873536,0.25113636363636366,0.6945064761054042,0.04421616793211255,0.15989280928986155,0.08977221974095578
06037211310,"Census Tract 2113.10, Los Angeles County, California",3873,42637.0,1220,308,3839,823,1162,673,1220,466,3873,252,96,614,2872,0.25245901639344265,0.21437874446470434,0.5791738382099828,0.3819672131147541,0.7415440227214046,0.024786986831913247,0.15853343661244512,0.06506584043377227
06037211320,"Census Tract 2113.20, Los Angeles County, California",3337,31250.0,1286,591,3337,1009,1273,814,1286,356,3337,437,154,686,2043,0.4595645412130638,0.30236739586454897,0.6394344069128044,0.27682737169517885,0.6122265507941265,0.04614923584057537,0.2055738687443812,0.13095594845669764
06037211410,"Census Tract 2114.10, Los Angeles County, California",2736,43011.0,1107,192,2698,376,1043,581,1107,267,2736,335,41,1376,856,0.17344173441734417,0.13936249073387694,0.5570469798657718,0.24119241192411925,0.3128654970760234,0.014985380116959063,0.5029239766081871,0.12244152046783625
06037211420,"Census Tract 2114.20, Los Angeles County, California",3573,44330.0,1337,297,3566,640,1151,633,1337,299,3573,486,292,919,1823,0.22213911742707554,0.17947279865395402,0.5499565595134666,0.2236350037397158,0.5102155051777219,0.08172404142177442,0.2572068289952421,0.13602015113350127
06037211500,"Census Tract 2115, Los Angeles County, California",4175,66042.0,1661,130,4175,468,1076,580,1661,144,4175,1108,191,1805,894,0.07826610475617098,0.11209580838323353,0.5390334572490706,0.08669476219145093,0.21413173652694611,0.04574850299401197,0.43233532934131735,0.2653892215568862
06037211701,"Census Tract 2117.01, Los Angeles County, California",2596,75469.0,1025,94,2595,242,722,381,1025,80,2596,916,148,1169,201,0.09170731707317073,0.09325626204238921,0.5277008310249307,0.07804878048780488,0.07742681047765794,0.05701078582434515,0.4503081664098613,0.35285053929121724
06037211703,"Census Tract 2117.03, Los Angeles County, California",4841,52352.0,2114,457,4841,647,1928,1118,2114,330,4841,551,353,1764,2069,0.2161778618732261,0.13365007229911174,0.5798755186721992,0.15610217596972564,0.4273910349101425,0.07291881842594505,0.3643875232390002,0.1138194587895063
06037211704,"Census Tract 2117.04, Los Angeles County, California",2796,43462.0,1612,408,2790,502,1420,878,1612,188,2796,455,235,1469,564,0.2531017369727047,0.17992831541218637,0.6183098591549295,0.11662531017369727,0.2017167381974249,0.0840486409155937,0.5253934191702432,0.16273247496423462
06037211802,"Census Tract 2118.02, Los Angeles County, California",4682,43720.0,2140,439,4673,874,1883,957,2140,557,4682,631,281,2122,1408,0.20514018691588784,0.18703188529852344,0.5082315454062666,0.2602803738317757,0.3007261853908586,0.06001708671507903,0.4532251174711662,0.13477146518581803
06037211803,"Census Tract 2118.03, Los Angeles County, California",3701,53301.0,1500,185,3701,534,1368,738,1500,353,3701,191,64,2563,754,0.12333333333333334,0.14428532828965143,0.5394736842105263,0.23533333333333334,0.20372872196703593,0.017292623615239124,0.6925155363415293,0.05160767360172926
06037211804,"Census Tract 2118.04, Los Angeles County, California",3221,41635.0,1320,204,3212,634,1232,762,1320,241,3221,211,77,2298,393,0.15454545454545454,0.19738480697384808,0.6185064935064936,0.18257575757575759,0.1220117975783918,0.02390561937286557,0.7134430301148712,0.06550760633343682
06037211910,"Census Tract 2119.10, Los Angeles County, California",4371,46941.0,1735,366,4371,729,1683,956,1735,531,4371,383,161,1154,2580,0.21095100864553315,0.16678105696636925,0.5680332739156269,0.30605187319884725,0.5902539464653397,0.03683367650423244,0.26401281171356666,0.08762296957218028
06037211921,"Census Tract 2119.21, Los Angeles County, California",2521,35993.0,1011,238,2521,475,997,696,1011,227,2521,220,89,951,1062,0.2354104846686449,0.18841729472431576,0.6980942828485457,0.22453016815034618,0.42126140420468067,0.035303451011503374,0.3772312574375248,0.0872669575565252
06037211922,"Census Tract 2119.22, Los Angeles County, California",3269,49554.0,1301,287,3269,452,1283,748,1301,358,3269,188,231,1450,1342,0.22059953881629515,0.13826858366472927,0.583008573655495,0.2751729438893159,0.41052309574793516,0.07066381156316917,0.4435607219333129,0.05750994187825023
06037212101,"Census Tract 2121.01, Los Angeles County, California",3187,51370.0,1467,404,3187,666,1383,839,1467,285,3187,433,606,1204,803,0.27539195637355146,0.20897395669909005,0.6066522053506869,0.19427402862985685,0.25196109193599,0.19014747411358646,0.37778475054910576,0.13586444932538438
06037212102,"Census Tract 2121.02, Los Angeles County, California",2291,27167.0,1196,448,2291,403,1179,658,1196,243,2291,269,364,946,628,0.3745819397993311,0.17590571802706242,0.5581000848176421,0.20317725752508362,0.27411610650371016,0.15888258402444347,0.41292012221737234,0.11741597555652554
06037212202,"Census Tract 2122.02, Los Angeles County, California",3424,39229.0,1191,172,3401,957,1168,665,1191,414,3424,156,161,715,2392,0.14441645675902604,0.28138782710967364,0.5693493150684932,0.34760705289672544,0.6985981308411215,0.04702102803738318,0.20882009345794392,0.0455607476635514
06037212203,"Census Tract 2122.03, Los Angeles County, California",2914,27092.0,1564,656,2914,1166,1564,905,1564,515,2914,153,166,720,1767,0.4194373401534527,0.4001372683596431,0.5786445012787724,0.32928388746803067,0.6063829787234043,0.05696636925188744,0.24708304735758407,0.052505147563486614
06037212204,"Census Tract 2122.04, Los Angeles County, California",3584,34196.0,1317,407,3575,1213,1292,719,1317,696,3584,165,305,630,2441,0.3090356871678056,0.3393006993006993,0.5565015479876161,0.5284738041002278,0.6810825892857143,0.08510044642857142,0.17578125,0.04603794642857143
06037212303,"Census Tract 2123.03, Los Angeles County, California",3837,41797.0,1529,532,3814,1163,1522,960,1529,507,3837,194,268,831,2436,0.34793982995421846,0.30492920818038804,0.6307490144546649,0.3315892740353172,0.6348709929632526,0.06984623403700808,0.21657544956997654,0.05056033359395361
06037212304,"Census Tract 2123.04, Los Angeles County, California",1832,30265.0,807,400,1832,542,807,549,807,291,1832,330,84,247,1144,0.49566294919454773,0.29585152838427947,0.6802973977695167,0.36059479553903345,0.6244541484716157,0.04585152838427948,0.13482532751091703,0.18013100436681223
06037212305,"Census Tract 2123.05, Los Angeles County, California",3025,37550.0,1048,310,3016,852,1041,604,1048,386,3025,130,99,592,2120,0.2958015267175573,0.28249336870026526,0.5802113352545629,0.3683206106870229,0.7008264462809918,0.03272727272727273,0.19570247933884297,0.04297520661157025
06037212306,"Census Tract 2123.06, Los Angeles County, California",3413,40590.0,1212,232,3413,719,1168,718,1212,364,3413,125,35,1304,1908,0.19141914191419143,0.21066510401406388,0.6147260273972602,0.30033003300330036,0.5590389686492822,0.010254907705830648,0.38206856138294754,0.0366246703779666
06037212410,"Census Tract 2124.10, Los Angeles County, California",4318,46424.0,1676,501,4307,649,1651,1028,1676,456,4318,294,168,1763,1956,0.2989260143198091,0.1506849315068493,0.6226529376135675,0.2720763723150358,0.45298749421028256,0.03890690134321445,0.4082908754052802,0.06808707735062529
06037212420,"Census Tract 2124.20, Los Angeles County, California",3517,40809.0,1239,403,3517,921,1153,764,1239,444,3517,182,240,1045,1905,0.3252623083131558,0.26187091270969576,0.6626192541196878,0.3583535108958838,0.5416548194483936,0.06823997725334091,0.29712823429058854,0.05174864941711686
06037212501,"Census Tract 2125.01, Los Angeles County, California",1940,39093.0,975,297,1940,362,938,613,975,195,1940,338,89,432,1046,0.3046153846153846,0.1865979381443299,0.6535181236673774,0.2,0.5391752577319587,0.04587628865979381,0.22268041237113403,0.17422680412371133
06037212502,"Census Tract 2125.02, Los Angeles County, California",2810,47731.0,1289,255,2810,560,1208,683,1289,242,2810,362,188,1203,947,0.1978277734678045,0.199288256227758,0.5653973509933775,0.18774243599689683,0.33701067615658364,0.06690391459074733,0.42811387900355874,0.1288256227758007
06037212610,"Census Tract 2126.10, Los Angeles County, California",4447,43608.0,1823,389,4436,1146,1522,960,1823,351,4447,358,115,2332,1606,0.2133845309928689,0.2583408476104599,0.6307490144546649,0.1925397696105321,0.36114234315268723,0.025860130425005623,0.5243984708792444,0.08050371036653924
06037212620,"Census Tract 2126.20, Los Angeles County, California",4087,43212.0,1807,401,4034,865,1688,1009,1807,384,4087,381,113,1637,1805,0.2219147758716104,0.214427367377293,0.5977488151658767,0.21250691754288878,0.44164423782725715,0.027648642035723023,0.40053829214582826,0.0932224125275263
06037212701,"Census Tract 2127.01, Los Angeles County, California",2276,47000.0,812,71,2155,445,497,336,812,34,2276,158,229,1354,506,0.0874384236453202,0.20649651972157773,0.676056338028169,0.04187192118226601,0.22231985940246046,0.10061511423550087,0.5949033391915641,0.06942003514938488
06037212702,"Census Tract 2127.02, Los Angeles County, California",3632,73028.0,1461,90,3539,610,718,425,1461,72,3632,828,309,1754,567,0.061601642710472276,0.17236507487990957,0.5919220055710307,0.049281314168377825,0.15611233480176212,0.08507709251101321,0.4829295154185022,0.22797356828193832
06037212800,"Census Tract 2128, Los Angeles County, California",3543,49867.0,1429,201,3531,559,892,391,1429,97,3543,689,500,967,1135,0.14065780265920225,0.15831209289153214,0.4383408071748879,0.06787963610916725,0.32034998588766583,0.14112334180073385,0.27293254304261927,0.19446796500141122
06037212900,"Census Tract 2129, Los Angeles County, California",4067,43167.0,1548,280,4060,854,1362,723,1548,293,4067,390,459,1039,2088,0.18087855297157623,0.2103448275862069,0.5308370044052864,0.1892764857881137,0.5134005409392672,0.1128596016719941,0.2554708630440128,0.09589377919842636
06037213100,"Census Tract 2131, Los Angeles County, California",3014,44167.0,954,127,2932,601,657,385,954,227,3014,229,346,1443,990,0.1331236897274633,0.20497953615279674,0.5859969558599696,0.2379454926624738,0.3284671532846715,0.11479761114797611,0.4787657597876576,0.07597876575978765
06037213201,"Census Tract 2132.01, Los Angeles County, California",3932,32819.0,1507,341,3932,1152,1383,1032,1507,396,3932,202,47,1935,1720,0.22627737226277372,0.29298067141403866,0.7462039045553145,0.26277372262773724,0.43743641912512715,0.011953204476093592,0.4921159715157681,0.05137334689725331
06037213202,"Census Tract 2132.02, Los Angeles County, California",3942,38899.0,1287,323,3942,1057,1051,531,1287,276,3942,129,26,1016,2694,0.25097125097125095,0.26813800101471336,0.50523311132255,0.21445221445221446,0.6834094368340944,0.006595636732623034,0.25773718924403854,0.03272450532724505
06037213310,"Census Tract 2133.10, Los Angeles County, California",3015,48333.0,1058,204,3015,603,917,418,1058,256,3015,61,67,924,1940,0.19281663516068054,0.2,0.4558342420937841,0.24196597353497165,0.6434494195688225,0.022222222222222223,0.30646766169154227,0.02023217247097844
06037213320,"Census Tract 2133.20, Los Angeles County, California",2469,26759.0,1060,408,2449,531,960,607,1060,185,2469,33,62,775,1594,0.3849056603773585,0.21682319314005716,0.6322916666666667,0.17452830188679244,0.6456055083029567,0.025111381125961927,0.3138922640745241,0.013365735115431349
06037213401,"Census Tract 2134.01, Los Angeles County, California",4859,33607.0,1696,408,4859,1059,1696,1074,1696,541,4859,268,132,1016,3434,0.24056603773584906,0.21794607944021405,0.6332547169811321,0.31898584905660377,0.7067297797900802,0.0271660835562873,0.20909652191809014,0.05515538176579543
06037213402,"Census Tract 2134.02, Los Angeles County, California",4857,42766.0,1619,251,4852,1047,1511,964,1619,603,4857,243,253,1005,3315,0.15503397158739962,0.21578730420445177,0.6379880873593646,0.37245213094502777,0.6825200741198271,0.052089767346098416,0.20691785052501543,0.05003088326127239
06037214000,"Census Tract 2140, Los Angeles County, California",4277,120625.0,1364,133,4277,106,427,206,1364,42,4277,3676,15,132,313,0.09750733137829912,0.024783726911386486,0.48243559718969553,0.030791788856304986,0.07318213701192425,0.0035071311667056347,0.030862754267009587,0.8594809445873276
06037214100,"Census Tract 2141, Los Angeles County, California",3668,100824.0,1627,14,3668,164,984,489,1627,0,3668,3098,59,137,324,0.008604794099569761,0.04471101417666303,0.4969512195121951,0.0,0.08833151581243184,0.01608505997818975,0.03735005452562704,0.8446019629225736
06037214400,"Census Tract 2144, Los Angeles County, California",2916,77708.0,1667,61,2916,321,1620,745,1667,11,2916,2328,73,152,332,0.03659268146370726,0.11008230452674897,0.45987654320987653,0.0065986802639472104,0.11385459533607682,0.025034293552812073,0.05212620027434842,0.7983539094650206
06037214501,"Census Tract 2145.01, Los Angeles County, California",2702,87364.0,1404,107,2702,275,1351,749,1404,46,2702,1438,200,623,300,0.07621082621082621,0.10177646188008882,0.5544041450777202,0.03276353276353276,0.11102886750555144,0.07401924500370097,0.23056994818652848,0.5321983715766099
06037214502,"Census Tract 2145.02, Los Angeles County, California",5285,60093.0,2518,174,5285,832,2473,1565,2518,183,5285,2518,636,1499,395,0.06910246227164417,0.15742667928098392,0.632834613829357,0.0726767275615568,0.07473982970671712,0.12034058656575213,0.2836329233680227,0.4764427625354778
06037214503,"Census Tract 2145.03, Los Angeles County, California",3422,75294.0,1516,125,3422,367,1503,944,1516,52,3422,1554,284,1094,172,0.08245382585751979,0.10724722384570427,0.6280771789753826,0.03430079155672823,0.05026300409117475,0.08299240210403273,0.3196960841613092,0.45412039742840443
06037214600,"Census Tract 2146, Los Angeles County, California",2383,102868.0,1319,134,2312,157,1044,461,1319,31,2383,1760,19,108,344,0.10159211523881728,0.06790657439446367,0.44157088122605365,0.02350265352539803,0.1443558539655896,0.007973143096936634,0.04532102391942929,0.7385648342425514
06037214700,"Census Tract 2147, Los Angeles County, California",2414,96579.0,1160,108,2331,184,728,297,1160,0,2414,1698,170,157,276,0.09310344827586207,0.07893607893607893,0.40796703296703296,0.0,0.11433305716652858,0.07042253521126761,0.06503728251864126,0.7033968516984258
06037214800,"Census Tract 2148, Los Angeles County, California",2813,108648.0,1396,59,2776,203,1011,349,1396,15,2813,2212,140,164,174,0.042263610315186245,0.07312680115273776,0.34520276953511375,0.010744985673352435,0.061855670103092786,0.049768929968005686,0.05830074653394952,0.7863490934944899
06037214901,"Census Tract 2149.01, Los Angeles County, California",3250,71844.0,2022,131,3250,456,1548,1000,2022,21,3250,2212,62,373,339,0.06478733926805143,0.1403076923076923,0.6459948320413437,0.010385756676557863,0.10430769230769231,0.019076923076923078,0.11476923076923078,0.6806153846153846
06037214902,"Census Tract 2149.02, Los Angeles County, California",2550,84840.0,1534,116,2550,192,1246,709,1534,35,2550,1748,126,356,121,0.07561929595827901,0.07529411764705882,0.5690208667736758,0.022816166883963495,0.04745098039215686,0.04941176470588235,0.1396078431372549,0.6854901960784314
06037215101,"Census Tract 2151.01, Los Angeles County, California",3015,67888.0,1708,249,3015,310,1578,971,1708,26,3015,1748,302,415,348,0.14578454332552693,0.10281923714759536,0.6153358681875792,0.01522248243559719,0.1154228855721393,0.10016583747927031,0.13764510779436154,0.5797678275290216
06037215102,"Census Tract 2151.02, Los Angeles County, California",3059,69979.0,1995,169,3059,313,1967,1048,1995,40,3059,1941,76,321,612,0.08471177944862156,0.10232101994115723,0.5327910523640061,0.020050125313283207,0.20006538084341288,0.024844720496894408,0.10493625367767244,0.6345210853220007
06037216100,"Census Tract 2161, Los Angeles County, California",2151,104604.0,977,47,2151,169,432,156,977,18,2151,1049,294,413,324,0.048106448311156604,0.07856810785681079,0.3611111111111111,0.01842374616171955,0.1506276150627615,0.13668061366806136,0.19200371920037193,0.48768014876801485
06037216200,"Census Tract 2162, Los Angeles County, California",5778,88854.0,2811,167,5754,642,2153,1043,2811,114,5778,2228,1028,1001,1051,0.05940946282461757,0.11157455683003129,0.48444031583836505,0.04055496264674493,0.18189685012114917,0.17791623399100034,0.17324333679473866,0.38560055382485287
06037216300,"Census Tract 2163, Los Angeles County, California",4367,94620.0,2101,101,4367,172,1487,701,2101,36,4367,2609,389,569,558,0.04807234650166587,0.03938630638882528,0.4714189643577673,0.017134697762970014,0.12777650561025877,0.08907716968170369,0.1302953972979162,0.5974353102816579
06037216401,"Census Tract 2164.01, Los Angeles County, California",3772,75597.0,1807,285,3750,516,1627,727,1807,62,3772,2937,252,247,244,0.15771997786386274,0.1376,0.4468346650276583,0.03431101272827892,0.06468716861081654,0.06680805938494168,0.06548250265111347,0.7786320254506893
06037216402,"Census Tract 2164.02, Los Angeles County, California",2521,75000.0,1266,178,2492,304,1160,539,1266,24,2521,1762,34,357,185,0.1406003159557662,0.12199036918138041,0.4646551724137931,0.018957345971563982,0.07338357794525982,0.013486711622372074,0.1416104720349068,0.6989289964299881
06037216700,"Census Tract 2167, Los Angeles County, California",3835,79730.0,1628,116,3697,378,1000,541,1628,45,3835,1293,1102,334,856,0.07125307125307126,0.10224506356505275,0.541,0.02764127764127764,0.22320730117340287,0.28735332464146024,0.08709256844850065,0.33715775749674054
06037216800,"Census Tract 2168, Los Angeles County, California",3203,91821.0,1327,106,3203,131,881,541,1327,104,3203,1850,225,266,636,0.07987942727957799,0.04089915704027474,0.6140749148694665,0.07837226827430294,0.19856384639400562,0.07024664377146425,0.0830471433031533,0.5775835154542617
06037216900,"Census Tract 2169, Los Angeles County, California",4886,89547.0,2471,167,4809,321,1302,679,2471,55,4886,2155,1396,308,823,0.06758397409955484,0.06674984404242046,0.521505376344086,0.02225819506272764,0.16844044207941056,0.2857142857142857,0.06303724928366762,0.4410560785918952
06037217001,"Census Tract 2170.01, Los Angeles County, California",2724,87250.0,944,122,2724,293,504,288,944,77,2724,2340,67,89,54,0.1292372881355932,0.10756240822320118,0.5714285714285714,0.0815677966101695,0.019823788546255508,0.02459618208516887,0.03267254038179148,0.8590308370044053
06037217002,"Census Tract 2170.02, Los Angeles County, California",4639,87934.0,2025,172,4639,280,1439,711,2025,133,4639,3499,73,341,558,0.08493827160493828,0.06035783574046131,0.49409312022237667,0.06567901234567901,0.12028454408277646,0.015736150032334556,0.07350722138391895,0.7542573830566932
06037217100,"Census Tract 2171, Los Angeles County, California",6219,67414.0,2433,238,6219,786,1751,995,2433,446,6219,1734,1317,253,2329,0.09782161939991779,0.12638687891944042,0.568246716162193,0.1833127825729552,0.3744975076378839,0.21177038109020743,0.04068178163691912,0.27882296189097927
06037217200,"Census Tract 2172, Los Angeles County, California",4156,69817.0,1608,179,4156,523,1209,522,1608,168,4156,1022,939,223,1798,0.11131840796019901,0.12584215591915304,0.4317617866004963,0.1044776119402985,0.4326275264677575,0.22593840230991338,0.053657362848893164,0.24590952839268526
06037218110,"Census Tract 2181.10, Los Angeles County, California",3195,44009.0,1094,126,3195,723,784,482,1094,181,3195,213,596,484,1845,0.11517367458866545,0.22629107981220659,0.6147959183673469,0.16544789762340037,0.5774647887323944,0.1865414710485133,0.1514866979655712,0.06666666666666667
06037218120,"Census Tract 2181.20, Los Angeles County, California",4638,36488.0,1363,317,4621,1311,1078,685,1363,342,4638,102,514,587,3326,0.23257520176082172,0.2837048257952824,0.6354359925788498,0.2509170946441673,0.7171194480379474,0.11082363087537732,0.1265631737818025,0.02199223803363519
06037218210,"Census Tract 2182.10, Los Angeles County, California",3721,35436.0,1193,226,3522,828,940,650,1193,233,3721,437,535,192,2557,0.18943839061190276,0.23509369676320271,0.6914893617021277,0.1953059513830679,0.6871808653587745,0.14377855415210966,0.051599032518140284,0.11744154797097554
06037218220,"Census Tract 2182.20, Los Angeles County, California",3859,49632.0,1461,191,3859,562,946,697,1461,132,3859,697,900,258,1968,0.13073237508555785,0.14563358383000777,0.7367864693446089,0.09034907597535935,0.5099766778958279,0.23322104172065303,0.0668566986265872,0.18061674008810572
06037218300,"Census Tract 2183, Los Angeles County, California",5290,53621.0,2127,316,5281,1160,1534,790,2127,282,5290,436,1401,256,2737,0.14856605547719792,0.21965536830145807,0.5149934810951761,0.1325811001410437,0.5173913043478261,0.26483931947069944,0.04839319470699433,0.08241965973534972
06037218400,"Census Tract 2184, Los Angeles County, California",4737,64018.0,1405,118,4737,610,986,545,1405,224,4737,652,896,130,2957,0.08398576512455516,0.12877348532826682,0.552738336713996,0.1594306049822064,0.6242347477306313,0.1891492505805362,0.02744352966012244,0.13763985644922946
06037218500,"Census Tract 2185, Los Angeles County, California",2641,44872.0,991,130,2641,533,661,417,991,84,2641,223,648,106,1509,0.1311806256306761,0.20181749337372207,0.6308623298033282,0.08476286579212916,0.5713744793638773,0.24536160545248012,0.040136312003029154,0.08443771298750473
06037218600,"Census Tract 2186, Los Angeles County, California",3148,51604.0,1098,155,3064,564,834,510,1098,93,3148,337,816,76,1784,0.14116575591985428,0.18407310704960836,0.6115107913669064,0.08469945355191257,0.5667090216010165,0.25921219822109276,0.0241423125794155,0.10705209656925031
06037218701,"Census Tract 2187.01, Los Angeles County, California",2324,49316.0,879,137,2324,496,547,363,879,59,2324,216,841,480,730,0.1558589306029579,0.2134251290877797,0.6636197440585009,0.0671217292377702,0.31411359724612736,0.36187607573149744,0.20654044750430292,0.09294320137693632
06037218702,"Census Tract 2187.02, Los Angeles County, California",2056,38827.0,836,117,2056,405,647,405,836,142,2056,143,808,60,1016,0.13995215311004786,0.19698443579766536,0.6259659969088099,0.16985645933014354,0.49416342412451364,0.39299610894941633,0.029182879377431907,0.06955252918287938
06037218800,"Census Tract 2188, Los Angeles County, California",2752,46140.0,967,53,2752,303,767,406,967,105,2752,123,648,430,1497,0.05480868665977249,0.11010174418604651,0.529335071707953,0.10858324715615306,0.543968023255814,0.23546511627906977,0.15625,0.04469476744186047
06037218900,"Census Tract 2189, Los Angeles County, California",6149,41019.0,2140,346,6138,1387,1873,1162,2140,339,6149,448,2385,191,2915,0.1616822429906542,0.22596937113066146,0.6203950880939669,0.15841121495327104,0.4740608228980322,0.38786794600748087,0.031061961294519436,0.07285737518295658
06037219010,"Census Tract 2190.10, Los Angeles County, California",3027,54708.0,919,57,2995,522,490,276,919,51,3027,101,938,63,1881,0.062023939064200215,0.1742904841402337,0.563265306122449,0.055495103373231776,0.6214073339940536,0.3098777667657747,0.02081268582755203,0.03336636934258341
06037219020,"Census Tract 2190.20, Los Angeles County, California",5411,59180.0,1462,197,5375,1174,772,379,1462,279,5411,326,1463,163,3352,0.1347469220246238,0.21841860465116278,0.49093264248704666,0.1908344733242134,0.6194788394012197,0.2703751617076326,0.030123821844391056,0.06024764368878211
06037219300,"Census Tract 2193, Los Angeles County, California",4239,43103.0,1480,324,4209,853,1132,559,1480,261,4239,216,1148,230,2532,0.21891891891891893,0.20266096459966737,0.49381625441696114,0.17635135135135135,0.5973106864826611,0.27081858928992686,0.054258079735786745,0.050955414012738856
06037219500,"Census Tract 2195, Los Angeles County, California",2084,77147.0,779,88,2084,107,206,118,779,24,2084,252,1029,287,483,0.11296534017971759,0.051343570057581576,0.5728155339805825,0.03080872913992298,0.2317658349328215,0.4937619961612284,0.13771593090211132,0.12092130518234165
06037219700,"Census Tract 2197, Los Angeles County, California",4507,50220.0,1377,184,4488,485,704,318,1377,189,4507,122,1190,112,3029,0.1336238198983297,0.10806595365418895,0.45170454545454547,0.13725490196078433,0.6720656756157088,0.26403372531617486,0.024850232970934104,0.027069003771910363
06037219800,"Census Tract 2198, Los Angeles County, California",2861,43214.0,982,135,2856,655,689,390,982,143,2861,145,460,78,2149,0.13747454175152748,0.22934173669467786,0.5660377358490566,0.14562118126272913,0.7511359664452989,0.16078294302691368,0.027263194687172317,0.050681579867179305
06037219901,"Census Tract 2199.01, Los Angeles County, California",4150,39006.0,1430,209,4150,1002,1063,661,1430,164,4150,187,898,59,2943,0.14615384615384616,0.24144578313253012,0.6218250235183443,0.11468531468531469,0.7091566265060241,0.2163855421686747,0.014216867469879518,0.04506024096385542
06037219902,"Census Tract 2199.02, Los Angeles County, California",3809,49531.0,1219,129,3809,830,645,381,1219,217,3809,350,592,130,2567,0.10582444626743231,0.2179049619322657,0.5906976744186047,0.17801476620180476,0.6739301653977422,0.1554213704384353,0.034129692832764506,0.09188763454975059
06037220000,"Census Tract 2200, Los Angeles County, California",4711,42500.0,1982,483,4711,836,1322,833,1982,118,4711,373,1535,340,2429,0.24369323915237134,0.1774570154956485,0.630105900151286,0.05953582240161453,0.5156017830609212,0.32583315644236893,0.07217151347909148,0.07917639566970919
06037220100,"Census Tract 2201, Los Angeles County, California",2415,40091.0,989,111,2415,417,495,293,989,95,2415,94,1271,160,798,0.1122345803842265,0.17267080745341615,0.591919191919192,0.09605662285136501,0.33043478260869563,0.5262939958592132,0.06625258799171843,0.038923395445134575
06037221110,"Census Tract 2211.10, Los Angeles County, California",3705,34868.0,1014,387,3705,1424,897,576,1014,589,3705,78,51,138,3438,0.3816568047337278,0.3843454790823212,0.6421404682274248,0.5808678500986193,0.9279352226720647,0.013765182186234818,0.03724696356275304,0.021052631578947368
06037221120,"Census Tract 2211.20, Los Angeles County, California",3197,38060.0,837,145,3197,937,760,452,837,300,3197,52,5,70,3070,0.17323775388291518,0.2930872693149828,0.5947368421052631,0.35842293906810035,0.960275258054426,0.0015639662183296842,0.021895527056615578,0.016265248670628715
06037221210,"Census Tract 2212.10, Los Angeles County, California",3165,50035.0,874,168,3152,716,642,360,874,184,3165,144,197,295,2499,0.19221967963386727,0.22715736040609136,0.5607476635514018,0.21052631578947367,0.7895734597156399,0.062243285939968404,0.09320695102685624,0.04549763033175355
06037221220,"Census Tract 2212.20, Los Angeles County, California",3376,43611.0,1008,233,3371,690,841,511,1008,338,3376,111,13,271,2981,0.23115079365079366,0.2046870364876891,0.6076099881093936,0.3353174603174603,0.8829976303317536,0.0038507109004739335,0.08027251184834124,0.03287914691943128
06037221302,"Census Tract 2213.02, Los Angeles County, California",4373,37500.0,1318,348,4315,801,1188,632,1318,306,4373,146,566,417,3086,0.26403641881638845,0.18563151796060254,0.531986531986532,0.2321699544764795,0.7056940315572833,0.12943059684427166,0.09535787788703408,0.03338669105876972
06037221303,"Census Tract 2213.03, Los Angeles County, California",2806,39244.0,754,177,2768,912,642,353,754,263,2806,196,111,345,2134,0.23474801061007958,0.32947976878612717,0.5498442367601246,0.34880636604774534,0.7605131860299359,0.039558089807555236,0.12295081967213115,0.0698503207412687
06037221304,"Census Tract 2213.04, Los Angeles County, California",3656,43125.0,1139,220,3583,828,1102,643,1139,244,3656,110,416,884,2225,0.19315188762071994,0.23109126430365615,0.5834845735027223,0.21422300263388938,0.6085886214442013,0.1137855579868709,0.24179431072210067,0.030087527352297593
06037221401,"Census Tract 2214.01, Los Angeles County, California",3628,24904.0,1237,318,3267,941,1018,720,1237,173,3628,296,1371,391,1464,0.2570735650767987,0.28803183348637895,0.7072691552062869,0.13985448666127728,0.40352811466372657,0.3778941565600882,0.1077728776185226,0.08158765159867695
06037221402,"Census Tract 2214.02, Los Angeles County, California",2851,37976.0,896,213,2642,418,671,455,896,70,2851,344,680,435,1324,0.23772321428571427,0.15821347464042393,0.6780923994038748,0.078125,0.464398456681866,0.23851280252542967,0.1525780427920028,0.12065941774815854
06037221500,"Census Tract 2215, Los Angeles County, California",3875,29420.0,1137,289,3871,1212,966,494,1137,303,3875,124,927,99,2667,0.2541776605101143,0.3130973908550762,0.5113871635610766,0.26649076517150394,0.688258064516129,0.2392258064516129,0.025548387096774195,0.032
06037221601,"Census Tract 2216.01, Los Angeles County, California",3141,45288.0,954,197,3141,713,775,459,954,172,3141,293,454,178,2137,0.20649895178197064,0.22699777141037886,0.5922580645161291,0.18029350104821804,0.6803565743393823,0.14453995542820758,0.056669850366125436,0.09328239414199299
06037221602,"Census Tract 2216.02, Los Angeles County, California",3030,36008.0,942,227,3030,848,825,512,942,240,3030,54,152,254,2548,0.24097664543524416,0.27986798679867986,0.6206060606060606,0.25477707006369427,0.8409240924092409,0.050165016501650166,0.08382838283828382,0.01782178217821782
06037221710,"Census Tract 2217.10, Los Angeles County, California",2833,39212.0,959,280,2812,894,774,484,959,132,2833,190,133,606,1894,0.291970802919708,0.317923186344239,0.6253229974160207,0.13764337851929093,0.6685492410871867,0.046946699611719024,0.21390751853159196,0.06706671373102718
06037221810,"Census Tract 2218.10, Los Angeles County, California",2892,25357.0,920,299,2854,1379,837,466,920,154,2892,381,275,668,1501,0.325,0.4831814996496146,0.5567502986857825,0.1673913043478261,0.5190179806362379,0.09508990318118948,0.23098201936376211,0.13174273858921162
06037221820,"Census Tract 2218.20, Los Angeles County, California",2363,12235.0,914,269,2134,1257,881,462,914,84,2363,814,231,828,400,0.29431072210065645,0.5890346766635426,0.5244040862656073,0.09190371991247265,0.16927634363097757,0.09775708844688955,0.3504020313161236,0.34447735928903933
06037221900,"Census Tract 2219, Los Angeles County, California",4248,17237.0,902,386,2669,1649,865,471,902,150,4248,1117,387,1274,1123,0.4279379157427938,0.6178343949044586,0.5445086705202312,0.1662971175166297,0.2643596986817326,0.09110169491525423,0.2999058380414313,0.2629472693032015
06037222001,"Census Tract 2220.01, Los Angeles County, California",3142,71000.0,928,90,3142,417,442,323,928,89,3142,367,760,13,1945,0.09698275862068965,0.13271801400381922,0.7307692307692307,0.09590517241379311,0.6190324633991089,0.24188415022278803,0.004137492043284532,0.11680458306810948
06037222002,"Census Tract 2220.02, Los Angeles County, California",5243,48641.0,1351,212,5179,1321,830,491,1351,255,5243,133,1162,39,3902,0.15692079940784603,0.25506854605136126,0.591566265060241,0.18874907475943745,0.7442304024413504,0.22162883845126835,0.007438489414457372,0.025367156208277702
06037222100,"Census Tract 2221, Los Angeles County, California",4331,53864.0,1208,176,4331,875,757,428,1208,313,4331,236,1213,293,2558,0.1456953642384106,0.2020318633110136,0.5653896961690885,0.2591059602649007,0.5906257215423689,0.2800738859385823,0.06765181251443085,0.05449087970445624
06037222200,"Census Tract 2222, Los Angeles County, California",4016,40227.0,1196,156,4003,1042,947,598,1196,212,4016,160,681,170,2967,0.13043478260869565,0.26030477142143393,0.6314677930306231,0.17725752508361203,0.7387948207171314,0.16957171314741035,0.04233067729083665,0.0398406374501992
06037222500,"Census Tract 2225, Los Angeles County, California",5120,56548.0,1260,116,5114,1019,772,433,1260,313,5120,169,1128,166,3541,0.09206349206349207,0.19925694172858818,0.560880829015544,0.24841269841269842,0.6916015625,0.2203125,0.032421875,0.0330078125
06037222600,"Census Tract 2226, Los Angeles County, California",5549,28581.0,1684,427,5444,2134,1426,855,1684,175,5549,452,997,1041,2889,0.25356294536817103,0.3919911829537105,0.5995792426367461,0.10391923990498812,0.5206343485312669,0.17967201297531088,0.18760136961614704,0.08145611821949901
06037222700,"Census Tract 2227, Los Angeles County, California",4071,9632.0,135,65,345,272,135,83,135,24,4071,1714,288,1328,574,0.48148148148148145,0.7884057971014493,0.6148148148148148,0.17777777777777778,0.1409972979611889,0.0707442888725129,0.32620977646769833,0.4210267747482191
06037224010,"Census Tract 2240.10, Los Angeles County, California",2845,28082.0,1533,652,2841,1034,1523,857,1533,528,2845,394,502,266,1639,0.4253098499673842,0.3639563533966913,0.5627051871306632,0.34442270058708413,0.5760984182776802,0.1764499121265378,0.09349736379613356,0.13848857644991214
06037224020,"Census Tract 2240.20, Los Angeles County, California",2733,27332.0,943,351,2717,1150,894,560,943,389,2733,168,75,55,2415,0.3722163308589608,0.42326094957673904,0.6263982102908278,0.41251325556733826,0.8836443468715697,0.027442371020856202,0.020124405415294547,0.06147091108671789
06037224200,"Census Tract 2242, Los Angeles County, California",2557,31996.0,737,157,2540,626,677,440,737,249,2557,105,62,47,2309,0.2130257801899593,0.24645669291338582,0.6499261447562777,0.3378561736770692,0.9030113414157216,0.024247164646069613,0.01838091513492374,0.041063746578021115
06037224310,"Census Tract 2243.10, Los Angeles County, California",2422,36932.0,660,156,2396,826,579,372,660,284,2422,91,32,121,2172,0.23636363636363636,0.34474123539232054,0.6424870466321243,0.4303030303030303,0.8967795210569777,0.013212221304706853,0.04995871180842279,0.03757225433526012
06037224320,"Census Tract 2243.20, Los Angeles County, California",2972,28616.0,1125,400,2953,861,1046,647,1125,395,2972,81,240,116,2490,0.35555555555555557,0.29156789705384356,0.6185468451242829,0.3511111111111111,0.8378196500672948,0.08075370121130551,0.039030955585464336,0.02725437415881561
06037224410,"Census Tract 2244.10, Los Angeles County, California",3194,26773.0,1090,237,3039,855,861,514,1090,210,3194,474,200,348,2033,0.21743119266055047,0.2813425468904245,0.5969802555168409,0.1926605504587156,0.6365059486537258,0.06261740763932373,0.10895428929242329,0.14840325610519725
06037224420,"Census Tract 2244.20, Los Angeles County, California",2637,24878.0,753,261,2384,903,691,470,753,343,2637,119,170,142,2181,0.3466135458167331,0.3787751677852349,0.6801736613603473,0.4555112881806109,0.8270762229806599,0.06446719757299962,0.05384907091391733,0.04512703830109974
06037224600,"Census Tract 2246, Los Angeles County, California",3385,46162.0,819,185,3219,981,715,413,819,331,3385,75,250,98,2962,0.2258852258852259,0.3047530288909599,0.5776223776223777,0.40415140415140416,0.8750369276218611,0.07385524372230429,0.02895125553914328,0.022156573116691284
06037224700,"Census Tract 2247, Los Angeles County, California",6238,11576.0,949,428,2638,2061,931,594,949,203,6238,2530,332,2239,879,0.45100105374077976,0.7812736921910538,0.6380236305048335,0.21390937829293993,0.14091054825264507,0.053222186598268675,0.3589291439563963,0.4055787111253607
06037226001,"Census Tract 2260.01, Los Angeles County, California",2615,34808.0,604,207,2615,1143,509,350,604,304,2615,10,407,0,2189,0.34271523178807944,0.437093690248566,0.68762278978389,0.5033112582781457,0.837093690248566,0.15564053537284894,0.0,0.0038240917782026767
06037226002,"Census Tract 2260.02, Los Angeles County, California",1820,37643.0,1108,516,1815,468,974,563,1108,231,1820,609,208,151,793,0.4657039711191336,0.2578512396694215,0.5780287474332649,0.20848375451263537,0.4357142857142857,0.11428571428571428,0.08296703296703296,0.3346153846153846
06037226410,"Census Tract 2264.10, Los Angeles County, California",3665,40147.0,884,276,3641,1032,761,442,884,286,3665,7,34,16,3592,0.31221719457013575,0.28343861576489976,0.580814717477004,0.3235294117647059,0.9800818553888131,0.009276944065484311,0.0043656207366985,0.0019099590723055935
06037226420,"Census Tract 2264.20, Los Angeles County, California",5531,44209.0,1284,243,5477,1574,979,600,1284,458,5531,36,396,237,4829,0.18925233644859812,0.2873836041628629,0.6128702757916241,0.35669781931464173,0.8730790092207558,0.07159645633700958,0.04284939432290725,0.006508768757909962
06037226700,"Census Tract 2267, Los Angeles County, California",7661,40140.0,1517,286,7475,2297,1201,655,1517,661,7661,0,210,9,7433,0.1885299934080422,0.30729096989966553,0.5453788509575354,0.4357284113381674,0.9702388722098942,0.027411565069834224,0.0011747813601357526,0.0
06037227010,"Census Tract 2270.10, Los Angeles County, California",5705,48200.0,1128,154,5609,1734,887,563,1128,505,5705,32,304,0,5301,0.13652482269503546,0.30914601533250136,0.6347237880496054,0.44769503546099293,0.9291849255039439,0.053286590709903596,0.0,0.005609114811568799
06037227020,"Census Tract 2270.20, Los Angeles County, California",3623,47361.0,770,65,3590,816,563,364,770,227,3623,14,93,15,3501,0.08441558441558442,0.22729805013927576,0.6465364120781527,0.2948051948051948,0.9663262489649461,0.02566933480540988,0.004140215291195142,0.0038642009384487995
06037228100,"Census Tract 2281, Los Angeles County, California",5505,47444.0,1016,29,5505,1087,714,354,1016,344,5505,0,326,15,5150,0.028543307086614175,0.1974568574023615,0.4957983193277311,0.33858267716535434,0.935513169845595,0.0592188919164396,0.0027247956403269754,0.0
06037228210,"Census Tract 2282.10, Los Angeles County, California",4233,35969.0,1003,201,4233,1297,731,505,1003,235,4233,14,261,78,3838,0.20039880358923232,0.3064020789038507,0.6908344733242134,0.23429710867397807,0.9066855657925821,0.06165839829907867,0.01842664776754075,0.003307347035199622
06037228220,"Census Tract 2282.20, Los Angeles County, California",4375,43482.0,922,152,4370,1276,608,398,922,339,4375,41,298,0,3974,0.1648590021691974,0.2919908466819222,0.6546052631578947,0.3676789587852495,0.9083428571428571,0.06811428571428571,0.0,0.009371428571428572
06037228310,"Census Tract 2283.10, Los Angeles County, California",4523,44375.0,1044,169,4486,804,818,446,1044,359,4523,31,213,0,4263,0.16187739463601533,0.1792242532322782,0.5452322738386308,0.3438697318007663,0.9425160291841698,0.047092637629891666,0.0,0.006853858058810524
06037228320,"Census Tract 2283.20, Los Angeles County, California",3122,43272.0,709,121,3105,973,509,287,709,219,3122,0,103,0,3019,0.17066290550070523,0.31336553945249596,0.5638506876227898,0.30888575458392104,0.9670083279948751,0.03299167200512492,0.0,0.0
06037228410,"Census Tract 2284.10, Los Angeles County, California",3600,41012.0,723,50,3583,1211,537,389,723,285,3600,80,124,49,3335,0.06915629322268327,0.3379849288305889,0.7243947858472998,0.3941908713692946,0.9263888888888889,0.034444444444444444,0.01361111111111111,0.022222222222222223
06037228420,"Census Tract 2284.20, Los Angeles County, California",3304,38094.0,715,112,3300,1280,563,378,715,269,3304,14,242,0,3043,0.15664335664335666,0.3878787878787879,0.6714031971580817,0.37622377622377623,0.9210048426150121,0.07324455205811138,0.0,0.00423728813559322
06037228500,"Census Tract 2285, Los Angeles County, California",4869,33125.0,1188,163,4827,1666,921,547,1188,331,4869,0,748,0,4121,0.13720538720538722,0.34514191008908224,0.5939196525515744,0.2786195286195286,0.8463750256726227,0.1536249743273773,0.0,0.0
06037228600,"Census Tract 2286, Los Angeles County, California",5301,48393.0,1159,118,5241,1899,809,488,1159,301,5301,26,339,4,4881,0.10181190681622088,0.3623354321694333,0.6032138442521632,0.25970664365832613,0.9207696661007357,0.06395019807583475,0.0007545746085644218,0.004904734955668742
06037228710,"Census Tract 2287.10, Los Angeles County, California",3982,31849.0,995,218,3982,1694,810,525,995,277,3982,23,374,39,3519,0.21909547738693466,0.425414364640884,0.6481481481481481,0.27839195979899495,0.8837267704671019,0.09392265193370165,0.009794073329984932,0.005775991963837268
06037228720,"Census Tract 2287.20, Los Angeles County, California",4825,38933.0,1044,150,4810,1404,726,474,1044,349,4825,31,525,0,4257,0.14367816091954022,0.2918918918918919,0.6528925619834711,0.3342911877394636,0.882279792746114,0.10880829015544041,0.0,0.006424870466321244
06037228800,"Census Tract 2288, Los Angeles County, California",5353,41250.0,1189,202,5280,1545,732,433,1189,321,5353,0,445,0,4892,0.16989066442388562,0.29261363636363635,0.5915300546448088,0.26997476871320436,0.9138800672520082,0.08313095460489445,0.0,0.0
06037228900,"Census Tract 2289, Los Angeles County, California",2918,23750.0,714,151,2918,1288,613,327,714,125,2918,5,366,0,2547,0.211484593837535,0.44139821795750517,0.533442088091354,0.17507002801120447,0.8728581220013708,0.12542837559972583,0.0,0.0017135023989033585
06037229100,"Census Tract 2291, Los Angeles County, California",5146,46678.0,1021,173,5135,1327,665,424,1021,303,5146,15,425,0,4691,0.1694417238001959,0.2584225900681597,0.637593984962406,0.29676787463271304,0.9115818111154295,0.08258841818888457,0.0,0.0029148853478429848
06037229200,"Census Tract 2292, Los Angeles County, California",5072,41250.0,1184,205,5034,1251,868,552,1184,440,5072,11,687,57,4317,0.17314189189189189,0.24851013110846246,0.6359447004608295,0.3716216216216216,0.8511435331230284,0.13544952681388012,0.011238170347003154,0.002168769716088328
06037229300,"Census Tract 2293, Los Angeles County, California",5715,37468.0,1370,159,5715,1813,964,643,1370,402,5715,43,553,0,5007,0.11605839416058394,0.3172353455818023,0.66701244813278,0.2934306569343066,0.8761154855643044,0.09676290463692039,0.0,0.00752405949256343
06037229410,"Census Tract 2294.10, Los Angeles County, California",3697,34403.0,813,118,3697,1464,617,471,813,258,3697,29,193,34,3414,0.14514145141451415,0.3959967541249662,0.7633711507293355,0.3173431734317343,0.923451447119286,0.052204490127130104,0.009196645929131728,0.007844197998377062
06037229420,"Census Tract 2294.20, Los Angeles County, California",4759,42250.0,1118,179,4759,1298,722,477,1118,331,4759,18,383,14,4332,0.16010733452593917,0.27274637528892626,0.6606648199445984,0.2960644007155635,0.9102752679134272,0.08047909224627023,0.0029417944946417314,0.003782307207396512
06037231100,"Census Tract 2311, Los Angeles County, California",3474,31494.0,692,224,3464,1952,628,424,692,256,3474,249,568,67,2518,0.3236994219653179,0.5635103926096998,0.6751592356687898,0.3699421965317919,0.7248128957973518,0.16350028785261947,0.019286125503742084,0.07167530224525043
06037231210,"Census Tract 2312.10, Los Angeles County, California",4040,32258.0,1156,214,4040,1579,999,721,1156,285,4040,71,463,32,3388,0.185121107266436,0.39084158415841586,0.7217217217217218,0.24653979238754326,0.8386138613861386,0.11460396039603961,0.007920792079207921,0.017574257425742576
06037231220,"Census Tract 2312.20, Los Angeles County, California",4653,29741.0,1284,380,4618,1161,1129,703,1284,301,4653,80,1058,277,3189,0.29595015576323985,0.25140753572975316,0.6226749335695305,0.23442367601246106,0.685364281108962,0.22738018482699335,0.059531485063399954,0.017193208682570384
06037231300,"Census Tract 2313, Los Angeles County, California",5754,49803.0,1714,198,5749,906,1117,743,1714,105,5754,241,1062,241,4079,0.11551925320886815,0.1575926248043138,0.6651745747538048,0.061260210035005834,0.7088981578032673,0.1845672575599583,0.041883906847410494,0.041883906847410494
06037231400,"Census Tract 2314, Los Angeles County, California",4745,41774.0,1554,297,4738,809,933,438,1554,205,4745,171,1348,75,3103,0.19111969111969113,0.1707471506964964,0.4694533762057878,0.13191763191763192,0.6539515279241307,0.2840885142255005,0.015806111696522657,0.036037934668071654
06037231500,"Census Tract 2315, Los Angeles County, California",5396,48912.0,1443,139,5390,932,638,404,1443,268,5396,38,1728,240,3311,0.09632709632709632,0.17291280148423005,0.6332288401253918,0.18572418572418573,0.6136026686434396,0.3202372127501853,0.04447739065974796,0.007042253521126761
06037231600,"Census Tract 2316, Los Angeles County, California",7420,45123.0,2072,255,7254,1587,1435,831,2072,325,7420,418,2032,83,4650,0.12306949806949807,0.21877584780810588,0.5790940766550523,0.15685328185328185,0.6266846361185984,0.2738544474393531,0.011185983827493261,0.05633423180592992
06037231710,"Census Tract 2317.10, Los Angeles County, California",4165,26444.0,1323,535,4141,1607,1199,821,1323,336,4165,26,642,0,3422,0.40438397581254726,0.38807051436851003,0.6847372810675563,0.25396825396825395,0.8216086434573829,0.15414165666266508,0.0,0.00624249699879952
06037231720,"Census Tract 2317.20, Los Angeles County, California",4934,36528.0,1524,376,4934,1283,1262,822,1524,286,4934,105,807,94,3855,0.24671916010498687,0.2600324280502635,0.6513470681458003,0.18766404199475065,0.7813133360356709,0.1635589785164167,0.01905147952979327,0.02128090798540738
06037231800,"Census Tract 2318, Los Angeles County, California",5436,36765.0,1410,263,5394,2303,1225,852,1410,374,5436,0,238,0,5049,0.18652482269503545,0.42695587690025955,0.6955102040816327,0.2652482269503546,0.9288079470198676,0.0437821927888153,0.0,0.0
06037231900,"Census Tract 2319, Los Angeles County, California",6162,33958.0,1541,384,6158,2576,1059,821,1541,371,6162,24,645,16,5308,0.2491888384166126,0.41831763559597274,0.7752596789423984,0.24075275794938353,0.8614086335605323,0.10467380720545277,0.002596559558584875,0.0038948393378773127
06037232110,"Census Tract 2321.10, Los Angeles County, California",3038,33203.0,886,160,3038,902,702,518,886,136,3038,7,463,20,2527,0.18058690744920994,0.2969058591178407,0.7378917378917379,0.15349887133182843,0.8317972350230415,0.15240289664252799,0.0065832784726793945,0.002304147465437788
06037232120,"Census Tract 2321.20, Los Angeles County, California",5567,37555.0,1357,333,5515,1602,1103,813,1357,330,5567,36,1048,97,4362,0.24539425202652912,0.29048050770625566,0.7370806890299184,0.2431834929992631,0.7835458954553619,0.1882522004670379,0.01742410634093767,0.0064666786419974856
06037232200,"Census Tract 2322, Los Angeles County, California",3487,43911.0,909,202,3474,778,570,374,909,142,3487,40,1212,17,2202,0.2222222222222222,0.22394933793897526,0.656140350877193,0.1562156215621562,0.6314883854316031,0.3475767135073129,0.004875250932033267,0.011471178663607686
06037232300,"Census Tract 2323, Los Angeles County, California",6006,58576.0,1143,69,5984,1743,532,307,1143,436,6006,63,1408,1,4464,0.06036745406824147,0.2912767379679144,0.5770676691729323,0.38145231846019245,0.7432567432567433,0.23443223443223443,0.0001665001665001665,0.01048951048951049
06037232400,"Census Tract 2324, Los Angeles County, California",7361,46883.0,1943,218,7339,1260,978,678,1943,181,7361,209,2868,116,3975,0.11219763252702007,0.17168551573783894,0.6932515337423313,0.09315491507977354,0.5400081510664312,0.3896209754109496,0.015758728433636734,0.028392881401983427
06037232500,"Census Tract 2325, Los Angeles County, California",4940,55841.0,1471,223,4926,840,754,396,1471,197,4940,6,1563,50,3272,0.15159755268524813,0.1705237515225335,0.5251989389920424,0.13392250169952413,0.6623481781376518,0.31639676113360327,0.010121457489878543,0.0012145748987854252
06037232600,"Census Tract 2326, Los Angeles County, California",6833,42734.0,1909,300,6809,2110,1044,703,1909,238,6833,56,1366,68,5300,0.1571503404924044,0.3098839770891467,0.6733716475095786,0.12467260345730749,0.775647592565491,0.1999121908385775,0.00995170496121762,0.008195521732767452
06037232700,"Census Tract 2327, Los Angeles County, California",6568,38341.0,1642,319,6568,2274,1068,732,1642,351,6568,74,1071,64,5247,0.19427527405602923,0.3462241169305725,0.6853932584269663,0.21376370280146162,0.7988733252131547,0.16306333739342266,0.0097442143727162,0.011266747868453105
06037232800,"Census Tract 2328, Los Angeles County, California",4489,33438.0,995,174,4456,1474,680,446,995,275,4489,27,525,0,3887,0.1748743718592965,0.33078994614003593,0.6558823529411765,0.27638190954773867,0.8658944085542437,0.11695255067943863,0.0,0.00601470260637113
06037234000,"Census Tract 2340, Los Angeles County, California",5417,54722.0,2032,162,5387,942,767,533,2032,113,5417,305,2979,26,2027,0.0797244094488189,0.17486541674401337,0.6949152542372882,0.05561023622047244,0.3741923573933912,0.5499353885914713,0.004799704633561012,0.05630422743215802
06037234200,"Census Tract 2342, Los Angeles County, California",2424,76761.0,1167,71,2424,120,325,206,1167,0,2424,291,1694,184,163,0.060839760068551844,0.04950495049504951,0.6338461538461538,0.0,0.06724422442244224,0.6988448844884488,0.07590759075907591,0.12004950495049505
06037234300,"Census Tract 2343, Los Angeles County, California",3805,45815.0,2276,380,3785,474,1856,1045,2276,0,3805,207,2970,96,374,0.16695957820738136,0.12523117569352707,0.5630387931034483,0.0,0.09829172141918528,0.7805519053876478,0.025229960578186595,0.05440210249671485
06037234501,"Census Tract 2345.01, Los Angeles County, California",2845,54622.0,929,102,2812,395,248,180,929,89,2845,139,1562,27,1023,0.10979547900968784,0.14046941678520625,0.7258064516129032,0.09580193756727665,0.3595782073813708,0.5490333919156415,0.009490333919156414,0.04885764499121265
06037234502,"Census Tract 2345.02, Los Angeles County, California",3017,33500.0,1196,325,3005,682,854,540,1196,50,3017,77,1824,35,1046,0.2717391304347826,0.226955074875208,0.6323185011709602,0.04180602006688963,0.34670202187603577,0.6045740802121312,0.01160092807424594,0.025522041763341066
06037234600,"Census Tract 2346, Los Angeles County, California",4908,55887.0,1706,252,4901,918,522,427,1706,187,4908,268,2484,88,1728,0.1477139507620164,0.1873087125076515,0.8180076628352491,0.10961313012895663,0.35207823960880197,0.5061124694376528,0.017929910350448247,0.05460472697636512
06037234700,"Census Tract 2347, Los Angeles County, California",3690,40375.0,1447,283,3676,833,756,466,1447,142,3690,56,2003,1,1608,0.19557705597788527,0.22660500544069642,0.6164021164021164,0.09813407049067036,0.43577235772357725,0.5428184281842818,0.00027100271002710027,0.015176151761517615
06037234800,"Census Tract 2348, Los Angeles County, California",3317,58736.0,1207,123,3317,372,486,342,1207,57,3317,93,1727,0,1377,0.10190555095277548,0.11214953271028037,0.7037037037037037,0.04722452361226181,0.4151341573711185,0.5206511908350919,0.0,0.028037383177570093
06037234901,"Census Tract 2349.01, Los Angeles County, California",3321,22693.0,1125,171,3321,1590,1093,774,1125,209,3321,23,1734,0,1557,0.152,0.4787714543812105,0.7081427264409881,0.18577777777777776,0.46883468834688347,0.5221318879855466,0.0,0.006925624811803674
06037234902,"Census Tract 2349.02, Los Angeles County, California",4088,23981.0,1570,436,3980,1035,1220,794,1570,164,4088,198,1689,143,1932,0.27770700636942675,0.2600502512562814,0.6508196721311476,0.10445859872611465,0.4726027397260274,0.413160469667319,0.03498043052837573,0.048434442270058706
06037235100,"Census Tract 2351, Los Angeles County, California",4401,87246.0,1674,88,4376,356,375,199,1674,53,4401,511,2883,176,717,0.052568697729988054,0.08135283363802559,0.5306666666666666,0.031660692951015534,0.1629175187457396,0.6550783912747103,0.03999091115655533,0.11610997500568053
06037235201,"Census Tract 2352.01, Los Angeles County, California",2682,45341.0,979,149,2636,539,308,225,979,35,2682,84,1592,6,905,0.15219611848825332,0.20447647951441578,0.7305194805194806,0.03575076608784474,0.33743475018642805,0.5935868754660701,0.0022371364653243847,0.03131991051454139
06037235202,"Census Tract 2352.02, Los Angeles County, California",4331,31732.0,1941,399,4331,973,1293,840,1941,142,4331,46,2832,6,1286,0.20556414219474498,0.22465943200184715,0.6496519721577726,0.07315816589386914,0.2969291156776726,0.6538905564534749,0.001385361348418379,0.010621103671207574
06037236000,"Census Tract 2360, Los Angeles County, California",4181,90790.0,2189,182,4181,204,465,309,2189,98,4181,1120,1965,156,642,0.08314298766560073,0.048792154986845256,0.6645161290322581,0.04476930105070809,0.15355178187036594,0.46998325759387705,0.03731164793111696,0.26787849796699353
06037236100,"Census Tract 2361, Los Angeles County, California",6170,30380.0,2986,519,6170,1448,2501,1711,2986,273,6170,97,3725,498,1681,0.1738111185532485,0.2346839546191248,0.6841263494602159,0.09142665773610181,0.27244732576985414,0.6037277147487844,0.0807131280388979,0.01572123176661264
06037236202,"Census Tract 2362.02, Los Angeles County, California",5764,29766.0,2510,456,5764,1817,2475,1538,2510,371,5764,293,2363,196,2734,0.18167330677290836,0.3152324774462179,0.6214141414141414,0.14780876494023903,0.47432338653712697,0.40995836224843857,0.034004163775156145,0.05083275503122831
06037236203,"Census Tract 2362.03, Los Angeles County, California",3118,30144.0,1472,246,3118,943,1455,912,1472,95,3118,116,1710,224,889,0.1671195652173913,0.3024374599101988,0.6268041237113402,0.06453804347826086,0.2851186658114176,0.5484284797947402,0.0718409236690186,0.03720333547145606
06037236204,"Census Tract 2362.04, Los Angeles County, California",3109,23677.0,1373,459,3109,1341,1373,1021,1373,180,3109,143,1567,22,1303,0.33430444282592864,0.43132840141524603,0.7436270939548434,0.13109978150036417,0.4191058218076552,0.5040205853972338,0.007076230299131554,0.0459954969443551
06037236400,"Census Tract 2364, Los Angeles County, California",4282,66359.0,2105,75,4282,369,1015,557,2105,47,4282,405,3518,75,120,0.035629453681710214,0.08617468472676319,0.548768472906404,0.022327790973871733,0.02802428771602055,0.8215787015413358,0.017515179822512845,0.09458197104156936
06037237101,"Census Tract 2371.01, Los Angeles County, California",4409,33569.0,1169,263,4389,1288,867,577,1169,204,4409,28,1169,92,3091,0.2249786142001711,0.2934609250398724,0.6655132641291811,0.174508126603935,0.7010660013608528,0.2651394874121116,0.020866409616693126,0.0063506464050805175
06037237102,"Census Tract 2371.02, Los Angeles County, California",3407,37849.0,931,211,3394,1006,661,460,931,201,3407,38,569,23,2753,0.22663802363050484,0.29640542133176195,0.6959152798789713,0.2158968850698174,0.8080422659230995,0.1670090989140006,0.0067508071617258586,0.011153507484590548
06037237201,"Census Tract 2372.01, Los Angeles County, California",3814,44911.0,1011,70,3759,846,578,355,1011,185,3814,43,1018,74,2662,0.06923837784371908,0.22505985634477255,0.6141868512110726,0.18298714144411474,0.697954902988988,0.2669113791295228,0.019402202412165705,0.011274252753015208
06037237202,"Census Tract 2372.02, Los Angeles County, California",4556,38438.0,1394,312,4550,825,718,543,1394,175,4556,190,1339,71,2918,0.22381635581061693,0.1813186813186813,0.7562674094707521,0.12553802008608322,0.6404741000877963,0.2938981562774364,0.015583845478489903,0.04170324846356453
06037237300,"Census Tract 2373, Los Angeles County, California",5311,45107.0,1917,349,5234,733,906,673,1917,191,5311,145,2777,1,2308,0.18205529473135107,0.1400458540313336,0.7428256070640177,0.09963484611371935,0.43456976087365845,0.5228770476369798,0.00018828845791752966,0.0273018263980418
06037237401,"Census Tract 2374.01, Los Angeles County, California",4217,41703.0,1095,88,4217,1549,547,350,1095,194,4217,68,983,0,3143,0.08036529680365297,0.36732274128527387,0.6398537477148081,0.1771689497716895,0.7453165757647616,0.23310410244249466,0.0,0.016125207493478778
06037237402,"Census Tract 2374.02, Los Angeles County, California",3335,45875.0,1031,125,3335,453,398,247,1031,71,3335,62,1157,0,1870,0.12124151309408342,0.135832083958021,0.6206030150753769,0.06886517943743937,0.56071964017991,0.3469265367316342,0.0,0.018590704647676162
06037237500,"Census Tract 2375, Los Angeles County, California",2922,32051.0,882,216,2899,947,738,426,882,212,2922,47,657,2,2212,0.24489795918367346,0.3266643670231114,0.5772357723577236,0.24036281179138322,0.757015742642026,0.22484599589322382,0.0006844626967830253,0.016084873374401096
06037237600,"Census Tract 2376, Los Angeles County, California",4101,32456.0,1230,265,4101,1277,941,539,1230,245,4101,38,928,74,3039,0.21544715447154472,0.31138746647159227,0.5727948990435706,0.1991869918699187,0.7410387710314558,0.22628627164106316,0.01804437941965374,0.009266032674957328
06037237710,"Census Tract 2377.10, Los Angeles County, California",4410,36029.0,1144,140,4410,1444,947,538,1144,188,4410,23,755,0,3530,0.12237762237762238,0.327437641723356,0.5681098204857444,0.16433566433566432,0.800453514739229,0.1712018140589569,0.0,0.005215419501133787
06037237720,"Census Tract 2377.20, Los Angeles County, California",3707,33897.0,906,190,3544,1518,736,483,906,185,3707,80,874,0,2701,0.2097130242825607,0.4283295711060948,0.65625,0.2041942604856512,0.7286215268411114,0.23577016455354735,0.0,0.02158079309414621
06037237800,"Census Tract 2378, Los Angeles County, California",3796,48922.0,1398,34,3796,604,553,394,1398,55,3796,62,1996,8,1544,0.024320457796852647,0.15911485774499473,0.7124773960216998,0.03934191702432046,0.4067439409905163,0.5258166491043204,0.002107481559536354,0.016332982086406742
06037237900,"Census Tract 2379, Los Angeles County, California",4405,51612.0,1408,183,4405,821,468,319,1408,99,4405,136,2966,0,1151,0.1299715909090909,0.18637911464245177,0.6816239316239316,0.0703125,0.2612939841089671,0.6733257661748013,0.0,0.030874006810442677
06037238000,"Census Tract 2380, Los Angeles County, California",6174,61773.0,2342,431,6164,746,1008,591,2342,216,6174,96,4197,24,1333,0.18403074295473953,0.12102530824140169,0.5863095238095238,0.09222886421861656,0.2159054097829608,0.6797862001943634,0.003887269193391642,0.015549076773566569
06037238100,"Census Tract 2381, Los Angeles County, California",5163,48034.0,1823,277,5163,1005,940,651,1823,223,5163,78,2869,31,2047,0.151947339550192,0.1946542707728065,0.6925531914893617,0.12232583653318706,0.39647491768351734,0.5556846794499322,0.00600426108851443,0.015107495642068565
06037238200,"Census Tract 2382, Los Angeles County, California",5565,45075.0,2172,380,5522,790,1166,751,2172,16,5565,22,3919,111,1475,0.17495395948434622,0.14306410720753351,0.644082332761578,0.007366482504604052,0.26504941599281223,0.7042228212039533,0.019946091644204852,0.003953279424977538
06037238310,"Census Tract 2383.10, Los Angeles County, California",5002,26356.0,1492,377,5002,2142,1359,959,1492,250,5002,52,1206,0,3723,0.2526809651474531,0.42822870851659334,0.7056659308314938,0.1675603217158177,0.7443022790883647,0.24110355857656937,0.0,0.010395841663334666
06037238320,"Census Tract 2383.20, Los Angeles County, California",3804,34131.0,1143,230,3761,1547,965,618,1143,159,3804,38,1235,52,2479,0.20122484689413822,0.41132677479393775,0.6404145077720207,0.13910761154855644,0.6516824395373291,0.32465825446898,0.013669821240799159,0.009989484752891693
06037238400,"Census Tract 2384, Los Angeles County, California",4694,54746.0,1906,227,4687,1104,717,452,1906,79,4694,92,3614,0,837,0.11909758656873033,0.2355451248133134,0.6304044630404463,0.041448058761804824,0.17831273966766084,0.769919045590115,0.0,0.0195994887089902
06037239201,"Census Tract 2392.01, Los Angeles County, California",3753,36034.0,958,118,3746,1083,793,476,958,239,3753,27,562,0,3145,0.12317327766179541,0.28910838227442603,0.6002522068095839,0.24947807933194155,0.8379962696509459,0.1497468691713296,0.0,0.007194244604316547
06037239202,"Census Tract 2392.02, Los Angeles County, California",5999,42609.0,1176,219,5983,1244,859,538,1176,308,5999,7,423,0,5495,0.18622448979591838,0.20792244693297676,0.6263096623981373,0.2619047619047619,0.9159859976662778,0.07051175195865977,0.0,0.0011668611435239206
06037239310,"Census Tract 2393.10, Los Angeles County, California",4501,37259.0,1009,130,4465,1506,764,559,1009,294,4501,46,483,6,3960,0.1288404360753221,0.33729003359462484,0.731675392670157,0.29137760158572845,0.8798044878915796,0.10730948678071539,0.0013330371028660297,0.010219951121972895
06037239320,"Census Tract 2393.20, Los Angeles County, California",4086,44896.0,848,166,4070,1335,529,385,848,264,4086,12,440,6,3451,0.1957547169811321,0.32800982800982803,0.7277882797731569,0.3113207547169811,0.8445912873225648,0.10768477728830152,0.0014684287812041115,0.002936857562408223
06037239330,"Census Tract 2393.30, Los Angeles County, California",2458,32708.0,683,102,2458,826,448,368,683,122,2458,19,284,0,2130,0.1493411420204978,0.3360455655004068,0.8214285714285714,0.17862371888726208,0.8665581773799838,0.11554109031733116,0.0,0.007729861676159479
06037239501,"Census Tract 2395.01, Los Angeles County, California",3729,44177.0,927,75,3715,865,597,344,927,201,3729,59,815,16,2831,0.08090614886731391,0.23283983849259757,0.576214405360134,0.2168284789644013,0.7591847680343256,0.21855725395548403,0.004290694556181282,0.015821936175918476
06037239502,"Census Tract 2395.02, Los Angeles County, California",4016,41250.0,920,118,3961,1051,590,340,920,268,4016,8,849,0,3139,0.1282608695652174,0.26533703610199444,0.576271186440678,0.29130434782608694,0.7816235059760956,0.21140438247011953,0.0,0.00199203187250996
06037239601,"Census Tract 2396.01, Los Angeles County, California",3682,43102.0,891,75,3674,1035,636,383,891,252,3682,18,674,9,2904,0.08417508417508418,0.28170930865541643,0.6022012578616353,0.2828282828282828,0.7887017925040739,0.1830526887561108,0.0024443237370994023,0.004888647474198805
06037239602,"Census Tract 2396.02, Los Angeles County, California",4016,38295.0,893,143,4012,1517,645,487,893,271,4016,20,787,17,3192,0.1601343784994401,0.37811565304087735,0.7550387596899225,0.303471444568869,0.7948207171314741,0.19596613545816732,0.004233067729083665,0.0049800796812749
06037239701,"Census Tract 2397.01, Los Angeles County, California",5134,36232.0,1114,201,5049,1998,817,527,1114,334,5134,0,832,0,4302,0.18043087971274685,0.39572192513368987,0.6450428396572827,0.2998204667863555,0.8379431242695754,0.16205687573042463,0.0,0.0
06037239702,"Census Tract 2397.02, Los Angeles County, California",4334,31189.0,1096,207,4271,1395,813,648,1096,263,4334,14,1284,0,3036,0.18886861313868614,0.3266214001404823,0.7970479704797048,0.23996350364963503,0.700507614213198,0.2962621135209968,0.0,0.003230272265805261
06037239801,"Census Tract 2398.01, Los Angeles County, California",3705,46938.0,893,169,3672,1091,614,368,893,189,3705,4,746,5,2915,0.18924972004479285,0.29711328976034856,0.5993485342019544,0.2116461366181411,0.786774628879892,0.20134952766531714,0.001349527665317139,0.0010796221322537112
06037239802,"Census Tract 2398.02, Los Angeles County, California",5461,42171.0,1393,235,5421,1563,960,609,1393,329,5461,59,1484,26,3828,0.16870064608758076,0.28832318760376313,0.634375,0.23618090452261306,0.7009705182201063,0.27174510162973814,0.004761032777879509,0.010803882072880425
06037240010,"Census Tract 2400.10, Los Angeles County, California",3737,30612.0,984,222,3737,1391,774,422,984,178,3737,5,943,0,2770,0.22560975609756098,0.3722237088573722,0.5452196382428941,0.18089430894308944,0.7412362857907412,0.25234145036125233,0.0,0.001337971635001338
06037240020,"Census Tract 2400.20, Los Angeles County, California",5223,38266.0,1283,117,5214,1543,663,562,1283,255,5223,20,1489,0,3711,0.09119251753702261,0.295934023782125,0.8476621417797888,0.19875292283710055,0.710511200459506,0.28508520007658433,0.0,0.003829216925138809
06037240200,"Census Tract 2402, Los Angeles County, California",5159,40286.0,1406,289,5146,1678,1090,663,1406,259,5159,18,1156,86,3863,0.20554765291607396,0.3260785075787019,0.6082568807339449,0.18421052631578946,0.7487885249079279,0.2240744330296569,0.016669897266912193,0.003489048265167668
06037240300,"Census Tract 2403, Los Angeles County, California",5637,22875.0,1636,286,5637,2334,1297,912,1636,228,5637,51,2031,20,3528,0.17481662591687042,0.41405002660989887,0.7031611410948342,0.1393643031784841,0.6258648217136775,0.3602980308674827,0.003547986517651233,0.009047365620010643
06037240401,"Census Tract 2404.01, Los Angeles County, California",6379,42662.0,1486,175,6379,2025,1050,701,1486,497,6379,10,1168,46,5147,0.11776581426648722,0.3174478758426086,0.6676190476190477,0.3344549125168237,0.8068662799811883,0.18310079949835398,0.00721116162407901,0.0015676438313215238
06037240402,"Census Tract 2404.02, Los Angeles County, California",3763,42422.0,1224,57,3763,1087,634,453,1224,211,3763,54,1241,41,2412,0.04656862745098039,0.28886526707414295,0.7145110410094637,0.17238562091503268,0.640977943130481,0.32979006112144565,0.01089556205155461,0.014350252458145097
06037240500,"Census Tract 2405, Los Angeles County, California",7326,40764.0,1737,366,7280,2101,1253,794,1737,354,7326,0,1959,0,5284,0.21070811744386875,0.2885989010989011,0.6336791699920191,0.20379965457685664,0.7212667212667213,0.2674037674037674,0.0,0.0
06037240600,"Census Tract 2406, Los Angeles County, California",6167,43250.0,1316,197,6167,1576,895,635,1316,407,6167,78,1796,20,4273,0.14969604863221886,0.2555537538511432,0.7094972067039106,0.30927051671732525,0.69288146586671,0.2912275012161505,0.0032430679422733905,0.012647964974866224
06037240700,"Census Tract 2407, Los Angeles County, California",6596,43584.0,1695,233,6596,1188,969,592,1695,259,6596,20,1770,77,4693,0.13746312684365783,0.1801091570648878,0.6109391124871001,0.1528023598820059,0.7114918132201334,0.26834445118253486,0.011673741661613099,0.0030321406913280777
06037240800,"Census Tract 2408, Los Angeles County, California",4341,41277.0,1154,192,4327,1113,592,382,1154,215,4341,34,1125,89,3019,0.1663778162911612,0.25722209382944305,0.6452702702702703,0.18630849220103987,0.6954618751439761,0.2591568762957844,0.020502188435844275,0.00783229670582815
06037240900,"Census Tract 2409, Los Angeles County, California",6736,45619.0,1483,182,6702,1650,843,670,1483,329,6736,0,1413,19,5304,0.1227242076871207,0.24619516562220234,0.7947805456702254,0.22184760620364127,0.7874109263657957,0.20976840855106887,0.0028206650831353918,0.0
06037241001,"Census Tract 2410.01, Los Angeles County, California",4197,41563.0,1163,215,4177,869,663,319,1163,247,4197,5,1043,8,3022,0.18486672398968185,0.20804405075412977,0.48114630467571645,0.2123817712811694,0.7200381224684298,0.24851084107695973,0.0019061234214915416,0.0011913271384322134
06037241002,"Census Tract 2410.02, Los Angeles County, California",4144,59116.0,1039,160,4136,901,593,330,1039,209,4144,16,1544,3,2457,0.15399422521655437,0.21784332688588007,0.5564924114671164,0.20115495668912417,0.5929054054054054,0.37258687258687256,0.0007239382239382239,0.003861003861003861
06037241110,"Census Tract 2411.10, Los Angeles County, California",3356,47090.0,795,99,3349,576,494,238,795,158,3356,31,848,4,2473,0.12452830188679245,0.17199163929531203,0.4817813765182186,0.19874213836477989,0.7368891537544696,0.2526817640047676,0.0011918951132300357,0.009237187127532777
06037241120,"Census Tract 2411.20, Los Angeles County, California",5146,35114.0,1319,353,5123,1898,880,683,1319,300,5146,38,1350,85,3628,0.2676269901440485,0.370486043333984,0.7761363636363636,0.22744503411675512,0.70501360279829,0.26233968130586865,0.016517683637776913,0.007384376214535562
06037241201,"Census Tract 2412.01, Los Angeles County, California",3015,48864.0,868,112,2999,735,377,249,868,182,3015,34,1238,17,1720,0.12903225806451613,0.245081693897966,0.6604774535809018,0.20967741935483872,0.5704809286898839,0.41061359867330016,0.005638474295190713,0.011276948590381426
06037241202,"Census Tract 2412.02, Los Angeles County, California",5776,34662.0,1596,324,5771,1894,958,551,1596,255,5776,35,2067,23,3393,0.20300751879699247,0.3281926875758101,0.5751565762004175,0.15977443609022557,0.5874307479224377,0.3578601108033241,0.003981994459833795,0.006059556786703601
06037241300,"Census Tract 2413, Los Angeles County, California",2480,46111.0,744,67,2468,607,417,285,744,133,2480,78,1142,7,1209,0.09005376344086022,0.24594813614262562,0.6834532374100719,0.17876344086021506,0.4875,0.46048387096774196,0.00282258064516129,0.031451612903225803
06037241400,"Census Tract 2414, Los Angeles County, California",3785,36667.0,962,93,3772,1097,636,399,962,218,3785,52,682,57,2865,0.09667359667359668,0.2908271474019088,0.6273584905660378,0.22661122661122662,0.7569352708058125,0.18018494055482168,0.015059445178335535,0.013738441215323647
06037242000,"Census Tract 2420, Los Angeles County, California",4189,30698.0,1074,198,4144,1437,742,464,1074,236,4189,133,823,16,3183,0.18435754189944134,0.3467664092664093,0.6253369272237197,0.21973929236499068,0.7598472189066603,0.19646693721651945,0.0038195273334924802,0.03174982095965624
06037242100,"Census Tract 2421, Los Angeles County, California",2852,18177.0,751,181,2852,1879,749,446,751,135,2852,4,648,0,2161,0.24101198402130491,0.658835904628331,0.595460614152203,0.17976031957390146,0.7577138849929874,0.22720897615708274,0.0,0.001402524544179523
06037242200,"Census Tract 2422, Los Angeles County, California",6402,28313.0,1661,377,6299,2421,1115,807,1661,388,6402,12,1536,10,4844,0.22697170379289586,0.38434672170185746,0.7237668161434978,0.23359422034918723,0.7566385504529834,0.23992502343017807,0.001562011871290222,0.0018744142455482662
06037242300,"Census Tract 2423, Los Angeles County, California",4952,26515.0,1276,269,4909,2357,980,692,1276,254,4952,20,772,203,3663,0.21081504702194356,0.4801385210837238,0.7061224489795919,0.19905956112852666,0.7397011308562197,0.15589660743134087,0.04099353796445881,0.004038772213247173
06037242600,"Census Tract 2426, Los Angeles County, California",4756,16586.0,1381,480,4756,2406,1230,706,1381,178,4756,3,1624,0,3044,0.34757422157856627,0.5058873002523129,0.5739837398373984,0.12889210716871832,0.6400336417157275,0.34146341463414637,0.0,0.0006307821698906644
06037242700,"Census Tract 2427, Los Angeles County, California",6035,46492.0,1281,114,6002,1536,647,402,1281,349,6035,68,1373,11,4570,0.08899297423887588,0.2559146951016328,0.6213292117465224,0.2724434035909446,0.7572493786246893,0.22750621375310687,0.0018227009113504556,0.011267605633802818
06037243000,"Census Tract 2430, Los Angeles County, California",6829,51479.0,1350,64,6829,1606,547,426,1350,398,6829,34,775,41,5672,0.047407407407407405,0.23517352467418362,0.7787934186471663,0.2948148148148148,0.830575486894128,0.11348660125933518,0.006003807292429345,0.004978767022990189
06037243100,"Census Tract 2431, Los Angeles County, California",6772,27879.0,1530,275,6576,2815,1080,697,1530,283,6772,126,2057,15,4552,0.17973856209150327,0.4280717761557178,0.6453703703703704,0.18496732026143792,0.6721795629060838,0.30375073833431776,0.0022150029533372713,0.018606024808033077
06037261101,"Census Tract 2611.01, Los Angeles County, California",3389,199094.0,1381,12,3368,205,164,23,1381,0,3389,2903,42,167,225,0.008689355539464157,0.06086698337292162,0.1402439024390244,0.0,0.06639126586013573,0.012393036293892004,0.0492770728828563,0.8565948657421069
06037261102,"Census Tract 2611.02, Los Angeles County, California",3520,159563.0,1467,36,3513,118,90,0,1467,0,3520,3124,92,171,57,0.024539877300613498,0.03358952462282949,0.0,0.0,0.01619318181818182,0.026136363636363635,0.04857954545454545,0.8875
06037261200,"Census Tract 2612, Los Angeles County, California",4182,188424.0,1603,55,4157,258,289,102,1603,19,4182,3576,20,381,108,0.034310667498440424,0.06206398845321145,0.35294117647058826,0.011852776044915784,0.02582496413199426,0.004782400765184123,0.09110473457675754,0.8550932568149211
06037262100,"Census Tract 2621, Los Angeles County, California",2678,217462.0,1131,84,2669,149,143,14,1131,17,2678,2021,18,368,139,0.07427055702917772,0.05582615211689772,0.0979020979020979,0.015030946065428824,0.05190440627333831,0.006721433905899925,0.13741598207617625,0.7546676624346528
06037262200,"Census Tract 2622, Los Angeles County, California",4405,184000.0,1766,49,4280,60,361,140,1766,12,4405,3427,191,304,135,0.027746319365798414,0.014018691588785047,0.3878116343490305,0.006795016987542469,0.03064699205448354,0.043359818388195234,0.06901248581157775,0.7779795686719637
06037262301,"Census Tract 2623.01, Los Angeles County, California",2748,215750.0,859,22,2235,214,52,6,859,13,2748,1980,68,362,293,0.025611175785797437,0.09574944071588366,0.11538461538461539,0.015133876600698487,0.10662299854439593,0.024745269286754003,0.13173216885007277,0.7205240174672489
06037262302,"Census Tract 2623.02, Los Angeles County, California",2845,158571.0,1194,63,2845,201,342,98,1194,12,2845,2345,13,186,230,0.052763819095477386,0.07065026362038665,0.28654970760233917,0.010050251256281407,0.08084358523725835,0.0045694200351493845,0.06537785588752197,0.8242530755711776
06037262303,"Census Tract 2623.03, Los Angeles County, California",3038,250001.0,1086,18,3038,159,46,0,1086,14,3038,2595,0,184,81,0.016574585635359115,0.05233706385780119,0.0,0.01289134438305709,0.026662277814351546,0.0,0.06056616194865043,0.8541803818301514
06037262400,"Census Tract 2624, Los Angeles County, California",3059,250001.0,1101,54,3059,95,112,16,1101,0,3059,2685,84,143,73,0.04904632152588556,0.031055900621118012,0.14285714285714285,0.0,0.02386400784570121,0.02745995423340961,0.04674730304020922,0.8777378228179143
06037262501,"Census Tract 2625.01, Los Angeles County, California",3785,224962.0,1397,41,3774,162,228,86,1397,24,3785,3283,0,168,168,0.02934860415175376,0.04292527821939587,0.37719298245614036,0.01717967072297781,0.04438573315719947,0.0,0.04438573315719947,0.8673712021136063
06037262601,"Census Tract 2626.01, Los Angeles County, California",3539,212386.0,1349,6,3539,102,149,62,1349,11,3539,2522,46,320,200,0.004447739065974796,0.028821701045493076,0.4161073825503356,0.00815418828762046,0.05651313930488839,0.012998022040124329,0.09042102288782142,0.7126306866346426
06037262604,"Census Tract 2626.04, Los Angeles County, California",5523,200625.0,2417,98,5523,253,439,178,2417,18,5523,4763,0,311,183,0.04054613156805958,0.045808437443418434,0.4054669703872437,0.007447248655357882,0.033134166214014125,0.0,0.056309976462067715,0.8623936266521818
06037262704,"Census Tract 2627.04, Los Angeles County, California",3561,122083.0,1609,16,3561,196,614,238,1609,72,3561,2920,24,244,231,0.009944064636420136,0.055040718899185624,0.38762214983713356,0.044748290863890615,0.06486941870261162,0.006739679865206402,0.06852007862959843,0.8199943836001123
06037262706,"Census Tract 2627.06, Los Angeles County, California",3571,188409.0,1314,69,3571,203,329,116,1314,0,3571,3104,9,94,203,0.05251141552511415,0.05684682161859423,0.3525835866261398,0.0,0.05684682161859423,0.002520302436292355,0.026323158779053488,0.8692243069168301
06037262802,"Census Tract 2628.02, Los Angeles County, California",3424,217292.0,1327,11,3424,81,297,110,1327,29,3424,2772,11,102,367,0.008289374529012811,0.023656542056074766,0.37037037037037035,0.02185380557648832,0.10718457943925233,0.0032126168224299065,0.029789719626168224,0.8095794392523364
06037264000,"Census Tract 2640, Los Angeles County, California",3069,220417.0,1211,17,3012,96,297,101,1211,0,3069,2774,0,77,110,0.014037985136251032,0.03187250996015936,0.3400673400673401,0.0,0.035842293906810034,0.0,0.025089605734767026,0.9038774845226458
06037264102,"Census Tract 2641.02, Los Angeles County, California",2998,108004.0,1649,62,2998,191,1056,546,1649,35,2998,2289,44,279,254,0.03759854457246816,0.06370913942628419,0.5170454545454546,0.021224984839296544,0.0847231487658439,0.01467645096731154,0.09306204136090727,0.7635090060040026
06037264103,"Census Tract 2641.03, Los Angeles County, California",2658,105481.0,1464,86,2658,344,1123,487,1464,29,2658,2129,12,197,154,0.05874316939890711,0.1294206170052671,0.43365983971504896,0.01980874316939891,0.057938299473288185,0.004514672686230248,0.07411587659894657,0.8009781790820165
06037264301,"Census Tract 2643.01, Los Angeles County, California",5552,101439.0,3169,251,5552,385,2555,1160,3169,29,5552,4084,139,718,397,0.07920479646576208,0.06934438040345821,0.45401174168297453,0.009151151782896813,0.07150576368876081,0.025036023054755042,0.12932276657060518,0.7355907780979827
06037264302,"Census Tract 2643.02, Los Angeles County, California",5882,92381.0,2962,302,5882,590,1925,992,2962,18,5882,4831,132,363,303,0.10195813639432816,0.10030601836110166,0.5153246753246753,0.006076975016880486,0.05151309078544713,0.022441346480788847,0.06171370282216933,0.8213192791567494
06037265100,"Census Tract 2651, Los Angeles County, California",2454,112500.0,1264,324,2454,130,464,276,1264,8,2454,2161,28,74,131,0.2563291139240506,0.05297473512632437,0.5948275862068966,0.006329113924050633,0.05338223308883456,0.011409942950285249,0.03015484922575387,0.8806030969845151
06037265201,"Census Tract 2652.01, Los Angeles County, California",2567,72361.0,860,140,1889,424,344,229,860,35,2567,1683,59,494,249,0.16279069767441862,0.22445738485971414,0.6656976744186046,0.040697674418604654,0.09700038955979742,0.022984028048305415,0.19244253992987922,0.6556291390728477
06037265202,"Census Tract 2652.02, Los Angeles County, California",3981,74417.0,1873,417,3973,866,1299,712,1873,212,3981,2415,17,891,505,0.2226374799786439,0.2179713063176441,0.5481139337952271,0.11318739989321944,0.1268525496106506,0.004270283848279327,0.22381311228334588,0.6066314996232103
06037265301,"Census Tract 2653.01, Los Angeles County, California",11977,,0,0,0,0,0,0,0,0,11977,3160,486,4808,2687,,,,,0.224346664440177,0.040577774066961676,0.4014360858311764,0.2638390247975286
06037265303,"Census Tract 2653.03, Los Angeles County, California",5156,21506.0,1477,333,5156,3283,1409,1062,1477,499,5156,1630,173,2260,826,0.22545700744752878,0.6367339022498061,0.7537260468417317,0.3378469871360867,0.16020170674941817,0.033553141970519784,0.4383242823894492,0.3161365399534523
06037265304,"Census Tract 2653.04, Los Angeles County, California",2878,21228.0,839,188,2313,1698,839,570,839,194,2878,1077,50,1015,500,0.22407628128724671,0.7341115434500648,0.6793802145411204,0.23122765196662692,0.17373175816539263,0.017373175816539264,0.35267546907574704,0.3742182070882557
06037265305,"Census Tract 2653.05, Los Angeles County, California",3990,20655.0,1575,436,3543,2270,1575,1026,1575,135,3990,1393,10,1509,755,0.2768253968253968,0.6406999717753317,0.6514285714285715,0.08571428571428572,0.18922305764411027,0.002506265664160401,0.37819548872180453,0.34912280701754383
06037265410,"Census Tract 2654.10, Los Angeles County, California",1495,117885.0,610,5,1489,154,250,88,610,8,1495,1190,0,145,97,0.00819672131147541,0.10342511752854265,0.352,0.013114754098360656,0.06488294314381271,0.0,0.09698996655518395,0.7959866220735786
06037265420,"Census Tract 2654.20, Los Angeles County, California",1838,198542.0,751,10,1838,138,277,126,751,6,1838,1428,105,191,27,0.013315579227696404,0.0750816104461371,0.4548736462093863,0.007989347536617843,0.014689880304679,0.057127312295973884,0.10391730141458107,0.7769314472252449
06037265510,"Census Tract 2655.10, Los Angeles County, California",4663,54847.0,2200,381,4663,1831,1916,1090,2200,325,4663,2284,131,1721,360,0.1731818181818182,0.3926656658803345,0.5688935281837161,0.14772727272727273,0.07720351704911002,0.028093502037315032,0.36907570233755094,0.489813424833798
06037265520,"Census Tract 2655.20, Los Angeles County, California",5059,104559.0,2290,180,5059,434,1453,706,2290,69,5059,2944,519,761,219,0.07860262008733625,0.08578770508005534,0.4858912594631796,0.030131004366812226,0.04328918758647954,0.10258944455425974,0.15042498517493577,0.5819331883771496
06037265601,"Census Tract 2656.01, Los Angeles County, California",3615,119886.0,1372,94,3615,501,857,392,1372,34,3615,2701,0,614,149,0.06851311953352769,0.13858921161825727,0.4574095682613769,0.02478134110787172,0.041217150760719225,0.0,0.1698478561549101,0.74716459197787
06037265602,"Census Tract 2656.02, Los Angeles County, California",3044,117629.0,1455,140,3044,289,597,243,1455,24,3044,2249,100,370,148,0.09621993127147767,0.09494086727989487,0.40703517587939697,0.016494845360824743,0.04862023653088042,0.0328515111695138,0.12155059132720106,0.7388304862023654
06037265700,"Census Tract 2657, Los Angeles County, California",4636,85083.0,2393,156,4616,517,1420,761,2393,23,4636,3439,71,358,376,0.0651901379022148,0.11200173310225303,0.5359154929577464,0.00961136648558295,0.0811044003451251,0.015314926660914581,0.07722174288179465,0.7418032786885246
06037267100,"Census Tract 2671, Los Angeles County, California",6649,105284.0,2867,255,6649,470,1448,574,2867,14,6649,4281,229,1253,432,0.088943146145797,0.07068732140171455,0.39640883977900554,0.004883153121730032,0.06497217626710784,0.03444126936381411,0.1884493908858475,0.6438562189802978
06037267200,"Census Tract 2672, Los Angeles County, California",7004,86601.0,2941,161,7004,813,1920,957,2941,81,7004,4735,260,1125,464,0.05474328459707582,0.11607652769845803,0.4984375,0.02754165249914995,0.06624785836664764,0.03712164477441462,0.16062250142775558,0.6760422615648201
06037267300,"Census Tract 2673, Los Angeles County, California",4235,68913.0,2022,207,4149,635,1765,876,2022,191,4235,2015,218,1104,738,0.10237388724035608,0.15304892745239818,0.4963172804532578,0.09446092977250248,0.1742621015348288,0.051475796930342384,0.2606847697756789,0.4757969303423849
06037267402,"Census Tract 2674.02, Los Angeles County, California",4872,87095.0,2707,257,4799,360,2228,1077,2707,54,4872,3055,134,852,704,0.0949390469154045,0.07501562825588665,0.4833931777378815,0.01994828223125231,0.1444991789819376,0.027504105090311988,0.1748768472906404,0.6270525451559934
06037267403,"Census Tract 2674.03, Los Angeles County, California",3000,88631.0,1689,159,2993,659,1430,645,1689,45,3000,1736,141,665,366,0.0941385435168739,0.220180420982292,0.45104895104895104,0.02664298401420959,0.122,0.047,0.22166666666666668,0.5786666666666667
06037267404,"Census Tract 2674.04, Los Angeles County, California",3475,82500.0,1622,214,3475,782,1376,706,1622,73,3475,2129,204,623,268,0.1319358816276202,0.22503597122302157,0.5130813953488372,0.04500616522811344,0.07712230215827338,0.05870503597122302,0.17928057553956833,0.6126618705035971
06037267501,"Census Tract 2675.01, Los Angeles County, California",5993,86086.0,2751,264,5993,542,2317,1032,2751,340,5993,2858,155,934,1707,0.09596510359869138,0.09043884531953947,0.44540353905912816,0.12359142130134497,0.28483230435508095,0.02586350742532955,0.15584848990488903,0.47688970465543135
06037267502,"Census Tract 2675.02, Los Angeles County, California",3632,86343.0,1651,174,3632,386,1239,580,1651,87,3632,1747,67,669,914,0.10539067231980617,0.10627753303964757,0.46811945117029863,0.052695336159903086,0.2516519823788546,0.018447136563876653,0.18419603524229075,0.4810022026431718
06037267600,"Census Tract 2676, Los Angeles County, California",2916,70692.0,1318,150,2916,597,838,252,1318,43,2916,1104,162,906,591,0.11380880121396054,0.20473251028806586,0.30071599045346065,0.032625189681335355,0.20267489711934156,0.05555555555555555,0.31069958847736623,0.3786008230452675
06037267700,"Census Tract 2677, Los Angeles County, California",3276,94185.0,1665,202,3264,274,1131,586,1665,126,3276,1477,34,964,624,0.12132132132132133,0.08394607843137254,0.5181255526083113,0.07567567567567568,0.19047619047619047,0.010378510378510378,0.29426129426129427,0.45085470085470086
06037267800,"Census Tract 2678, Los Angeles County, California",2666,86121.0,1164,98,2653,255,525,281,1164,55,2666,1739,16,520,246,0.08419243986254296,0.09611760271390878,0.5352380952380953,0.04725085910652921,0.09227306826706677,0.006001500375093774,0.19504876219054765,0.6522880720180045
06037267901,"Census Tract 2679.01, Los Angeles County, California",2428,118393.0,1421,96,2428,152,290,192,1421,34,2428,1806,35,440,76,0.06755805770584096,0.06260296540362438,0.6620689655172414,0.023926812104152005,0.03130148270181219,0.014415156507413509,0.1812191103789127,0.7438220757825371
06037267902,"Census Tract 2679.02, Los Angeles County, California",3365,138750.0,1543,33,3365,176,644,282,1543,89,3365,2414,204,499,139,0.02138690861957226,0.052303120356612186,0.43788819875776397,0.057679844458846406,0.041307578008915304,0.06062407132243685,0.14829123328380386,0.7173848439821694
06037269000,"Census Tract 2690, Los Angeles County, California",4813,127054.0,2029,129,4760,282,738,267,2029,25,4813,3331,48,594,743,0.06357811729916214,0.059243697478991594,0.3617886178861789,0.01232134056185313,0.154373571576979,0.00997298981923956,0.12341574901308955,0.6920839393309786
06037269100,"Census Tract 2691, Los Angeles County, California",4274,88656.0,1881,242,4274,331,1236,727,1881,52,4274,3515,67,252,333,0.1286549707602339,0.07744501637810014,0.5881877022653722,0.02764486975013291,0.07791296209639682,0.0156761815629387,0.058961160505381374,0.8224145999064109
06037269300,"Census Tract 2693, Los Angeles County, California",3840,165208.0,1489,52,3840,98,290,83,1489,0,3840,2984,65,341,146,0.03492276695768973,0.025520833333333333,0.28620689655172415,0.0,0.03802083333333333,0.016927083333333332,0.08880208333333334,0.7770833333333333
06037269500,"Census Tract 2695, Los Angeles County, California",3797,191538.0,1304,18,3797,76,169,44,1304,0,3797,3380,29,254,73,0.013803680981595092,0.020015801948907033,0.2603550295857988,0.0,0.01922570450355544,0.0076376086383987355,0.06689491703976824,0.8901764550961285
06037269601,"Census Tract 2696.01, Los Angeles County, California",3393,53664.0,1035,119,3393,467,917,483,1035,188,3393,470,729,171,2000,0.11497584541062802,0.13763631005010316,0.5267175572519084,0.18164251207729468,0.5894488653109343,0.21485411140583555,0.050397877984084884,0.13852048334806955
06037269602,"Census Tract 2696.02, Los Angeles County, California",2865,58668.0,1161,110,2783,461,977,608,1161,187,2865,954,402,124,994,0.09474590869939707,0.1656485806683435,0.6223132036847492,0.16106804478897502,0.3469458987783595,0.14031413612565444,0.043280977312390924,0.33298429319371725
06037269700,"Census Tract 2697, Los Angeles County, California",3546,89450.0,1627,172,3546,350,918,373,1627,116,3546,1452,316,507,1136,0.1057160417947142,0.09870276367738297,0.40631808278867104,0.07129686539643516,0.320360970107163,0.08911449520586577,0.14297800338409475,0.40947546531302875
06037269800,"Census Tract 2698, Los Angeles County, California",3046,83214.0,1548,83,3046,222,1276,624,1548,111,3046,1434,224,845,438,0.053617571059431525,0.07288246881155613,0.4890282131661442,0.07170542635658915,0.1437951411687459,0.07353906762967827,0.2774130006565988,0.47078135259356535
06037269903,"Census Tract 2699.03, Los Angeles County, California",3421,65750.0,1705,185,3290,286,1606,897,1705,141,3421,1240,299,781,702,0.10850439882697947,0.08693009118541034,0.5585305105853051,0.08269794721407625,0.2052031569716457,0.08740134463607133,0.2282958199356913,0.36246711487869043
06037269904,"Census Tract 2699.04, Los Angeles County, California",3927,70682.0,2148,106,3856,343,2111,1009,2148,169,3927,1987,489,710,570,0.049348230912476726,0.08895228215767635,0.47797252486972996,0.07867783985102421,0.14514896867838045,0.12452253628724216,0.18079959256429845,0.5059842118665648
06037269905,"Census Tract 2699.05, Los Angeles County, California",2459,80119.0,1424,178,2459,248,1424,582,1424,99,2459,882,315,511,630,0.125,0.10085400569337129,0.40870786516853935,0.06952247191011236,0.25620170801138675,0.12810085400569338,0.20780805205368036,0.3586823912159414
06037269906,"Census Tract 2699.06, Los Angeles County, California",3158,95542.0,1564,99,3158,240,1492,562,1564,106,3158,1327,186,636,800,0.0632992327365729,0.0759974667511083,0.37667560321715815,0.06777493606138107,0.253324889170361,0.05889803673210893,0.20139328689043698,0.42020265991133626
06037269907,"Census Tract 2699.07, Los Angeles County, California",2692,78895.0,1384,65,2692,172,1258,610,1384,123,2692,1020,499,525,448,0.04696531791907514,0.0638930163447251,0.4848966613672496,0.0888728323699422,0.1664190193164933,0.18536404160475484,0.1950222882615156,0.3789004457652303
06037270100,"Census Tract 2701, Los Angeles County, California",4202,71389.0,2332,177,4202,468,2157,1006,2332,155,4202,1536,452,1105,668,0.07590051457975987,0.11137553545930509,0.4663885025498377,0.06646655231560893,0.1589719181342218,0.10756782484531176,0.2629700142789148,0.3655402189433603
06037270200,"Census Tract 2702, Los Angeles County, California",3226,67516.0,1271,167,3226,339,830,335,1271,113,3226,853,210,336,1691,0.13139260424862312,0.1050836949783013,0.4036144578313253,0.0889063729346971,0.5241785492870428,0.06509609423434594,0.10415375077495351,0.2644141351518909
06037270300,"Census Tract 2703, Los Angeles County, California",2542,74323.0,973,112,2529,203,429,191,973,63,2542,396,893,264,893,0.11510791366906475,0.08026888098062475,0.44522144522144524,0.06474820143884892,0.35129819040125887,0.35129819040125887,0.1038552321007081,0.15578284815106216
06037271100,"Census Tract 2711, Los Angeles County, California",2445,89219.0,934,49,2391,168,335,192,934,76,2445,1282,52,552,459,0.05246252676659529,0.07026348808030113,0.573134328358209,0.08137044967880086,0.18773006134969325,0.0212678936605317,0.22576687116564417,0.5243353783231084
06037271200,"Census Tract 2712, Los Angeles County, California",2770,71393.0,1177,60,2770,469,980,388,1177,199,2770,1085,135,486,987,0.05097706032285471,0.16931407942238266,0.39591836734693875,0.16907391673746813,0.35631768953068593,0.048736462093862815,0.17545126353790613,0.3916967509025271
06037271300,"Census Tract 2713, Los Angeles County, California",4395,101006.0,2021,79,4394,190,700,290,2021,43,4395,2753,25,821,676,0.03908955962394854,0.0432407828857533,0.4142857142857143,0.02127659574468085,0.15381114903299203,0.005688282138794084,0.18680318543799773,0.6263936291240045
06037271400,"Census Tract 2714, Los Angeles County, California",3743,133547.0,1310,54,3743,112,147,20,1310,8,3743,2643,46,391,411,0.04122137404580153,0.029922522041143467,0.1360544217687075,0.0061068702290076335,0.10980496927598184,0.01228960726689821,0.10446166176863478,0.7061180870959124
06037271500,"Census Tract 2715, Los Angeles County, California",3187,100679.0,1349,64,3166,219,635,262,1349,0,3187,2133,105,423,352,0.04744255003706449,0.06917245735944409,0.4125984251968504,0.0,0.1104486978349545,0.03294634452463131,0.13272670222780045,0.6692814559146533
06037271600,"Census Tract 2716, Los Angeles County, California",4811,89792.0,1936,62,4811,772,1357,684,1936,117,4811,2211,198,1402,674,0.03202479338842975,0.16046559966742882,0.5040530582166544,0.06043388429752066,0.14009561421741842,0.04115568488879651,0.29141550613178135,0.459571814591561
06037271701,"Census Tract 2717.01, Los Angeles County, California",5694,93972.0,2677,179,5662,526,1924,862,2677,133,5694,2580,743,1446,691,0.06686589465819948,0.09290003532320734,0.448024948024948,0.049682480388494585,0.12135581313663506,0.13048823322795924,0.25395152792413067,0.45310853530031614
06037271702,"Census Tract 2717.02, Los Angeles County, California",3918,67446.0,1893,103,3918,768,1423,715,1893,137,3918,1365,201,1440,678,0.054410987849973586,0.19601837672281777,0.5024595924104006,0.07237189646064449,0.17304747320061256,0.05130168453292496,0.3675344563552833,0.34839203675344566
06037271801,"Census Tract 2718.01, Los Angeles County, California",3071,55417.0,1604,179,3071,506,1345,779,1604,102,3071,1063,196,850,864,0.11159600997506235,0.1647671768153696,0.579182156133829,0.06359102244389027,0.28134158254640185,0.0638228590035819,0.2767828069032888,0.34614132204493653
06037271802,"Census Tract 2718.02, Los Angeles County, California",5644,85318.0,2602,210,5578,273,2236,840,2602,145,5644,2291,260,1355,1591,0.08070714834742505,0.048942273216206526,0.3756708407871199,0.05572636433512682,0.2818922749822821,0.04606661941885188,0.24007795889440114,0.4059177888022679
06037271901,"Census Tract 2719.01, Los Angeles County, California",3245,92991.0,1409,72,3245,323,894,405,1409,105,3245,1288,276,607,926,0.0511000709723208,0.09953775038520801,0.45302013422818793,0.0745209368346345,0.28536209553158703,0.08505392912172573,0.18705701078582435,0.39691833590138675
06037271902,"Census Tract 2719.02, Los Angeles County, California",4207,73918.0,1851,24,4207,385,1265,480,1851,183,4207,1850,283,434,1403,0.012965964343598054,0.09151414309484193,0.3794466403162055,0.09886547811993517,0.3334917993819824,0.06726883765153316,0.10316139767054909,0.4397432850011885
06037272100,"Census Tract 2721, Los Angeles County, California",4578,94911.0,1834,51,4578,564,804,419,1834,78,4578,2671,42,258,1300,0.027808069792802616,0.12319790301441677,0.5211442786069652,0.04252998909487459,0.2839667977282656,0.009174311926605505,0.0563564875491481,0.5834425513324596
06037272201,"Census Tract 2722.01, Los Angeles County, California",2390,62716.0,1097,91,2390,412,939,468,1097,93,2390,1083,51,249,959,0.0829535095715588,0.1723849372384937,0.4984025559105431,0.08477666362807658,0.401255230125523,0.021338912133891212,0.10418410041841004,0.4531380753138075
06037272202,"Census Tract 2722.02, Los Angeles County, California",3359,63355.0,1588,85,3359,313,1308,697,1588,142,3359,1205,163,309,1386,0.0535264483627204,0.0931824947901161,0.5328746177370031,0.08942065491183879,0.41262280440607324,0.048526347127121165,0.09199166418576958,0.35873771955939265
06037272301,"Census Tract 2723.01, Los Angeles County, California",3045,84583.0,1293,161,2924,292,795,353,1293,74,3045,1448,76,440,855,0.12451662799690642,0.09986320109439124,0.4440251572327044,0.05723124516627997,0.28078817733990147,0.02495894909688013,0.1444991789819376,0.4755336617405583
06037272302,"Census Tract 2723.02, Los Angeles County, California",4457,59286.0,1862,329,4457,450,1636,746,1862,268,4457,1570,169,443,2179,0.17669172932330826,0.10096477451200359,0.4559902200488998,0.1439312567132116,0.48889387480367963,0.037917881983396906,0.09939421135292797,0.35225487996410143
06037273100,"Census Tract 2731, Los Angeles County, California",2742,121500.0,1218,67,2742,255,664,305,1218,10,2742,1844,62,214,557,0.055008210180623976,0.09299781181619256,0.45933734939759036,0.008210180623973728,0.20313639679066375,0.02261123267687819,0.07804522246535375,0.6725018234865062
06037273200,"Census Tract 2732, Los Angeles County, California",3229,88720.0,1532,125,3219,437,1003,473,1532,83,3229,1714,211,72,1119,0.08159268929503917,0.1357564461012737,0.4715852442671984,0.054177545691906005,0.34654691855063485,0.06534530814493651,0.022297925054196345,0.5308144936512852
06037273300,"Census Tract 2733, Los Angeles County, California",2915,71823.0,1474,238,2915,520,1127,517,1474,74,2915,1605,418,70,725,0.1614654002713704,0.1783876500857633,0.4587400177462289,0.050203527815468114,0.24871355060034306,0.14339622641509434,0.024013722126929673,0.5506003430531733
06037273402,"Census Tract 2734.02, Los Angeles County, California",2641,72258.0,1816,363,2618,307,1330,683,1816,85,2641,2087,157,5,364,0.1998898678414097,0.11726508785332315,0.5135338345864662,0.04680616740088106,0.13782658084059068,0.0594471790988262,0.001893222264293828,0.7902309731162438
06037273502,"Census Tract 2735.02, Los Angeles County, California",2861,90161.0,1662,292,2859,389,1310,510,1662,72,2861,2194,174,58,328,0.17569193742478942,0.1360615599860091,0.3893129770992366,0.04332129963898917,0.11464522894092974,0.06081789584061517,0.020272631946871723,0.7668647326109752
06037273600,"Census Tract 2736, Los Angeles County, California",2375,123819.0,1081,42,2375,140,440,204,1081,45,2375,1888,42,34,361,0.03885291396854764,0.05894736842105263,0.4636363636363636,0.041628122109158186,0.152,0.01768421052631579,0.01431578947368421,0.7949473684210526
06037273700,"Census Tract 2737, Los Angeles County, California",2895,96719.0,1243,57,2895,299,749,288,1243,54,2895,1820,155,92,678,0.04585679806918745,0.10328151986183075,0.38451268357810414,0.04344328238133548,0.23419689119170983,0.0535405872193437,0.03177892918825561,0.6286701208981001
06037273800,"Census Tract 2738, Los Angeles County, California",2872,96750.0,1499,131,2872,149,994,545,1499,19,2872,1792,99,234,639,0.08739159439626418,0.05188022284122563,0.5482897384305835,0.012675116744496331,0.22249303621169916,0.03447075208913649,0.08147632311977716,0.6239554317548747
06037273902,"Census Tract 2739.02, Los Angeles County, California",4221,144924.0,2126,110,4206,273,1316,524,2126,54,4221,3314,76,162,459,0.05174035747883349,0.06490727532097004,0.3981762917933131,0.02539981185324553,0.10874200426439233,0.018005212035062782,0.03837953091684435,0.785122009002606
06037274100,"Census Tract 2741, Los Angeles County, California",4838,116141.0,2326,162,4787,950,1497,852,2326,23,4838,3052,696,474,260,0.06964746345657781,0.19845414664716943,0.5691382765531062,0.009888220120378332,0.05374121537825548,0.14386109962794544,0.09797436957420422,0.6308391897478297
06037274202,"Census Tract 2742.02, Los Angeles County, California",4284,128766.0,2285,150,4284,351,992,344,2285,17,4284,3240,67,352,428,0.06564551422319474,0.0819327731092437,0.3467741935483871,0.007439824945295405,0.09990662931839403,0.015639589169000934,0.08216619981325864,0.7563025210084033
06037275101,"Census Tract 2751.01, Los Angeles County, California",1161,97500.0,470,31,1161,117,295,137,470,9,1161,468,24,311,298,0.06595744680851064,0.10077519379844961,0.46440677966101696,0.019148936170212766,0.2566752799310939,0.020671834625323,0.2678725236864772,0.40310077519379844
06037275102,"Census Tract 2751.02, Los Angeles County, California",4338,58221.0,1421,176,4338,812,1001,579,1421,348,4338,793,240,174,3029,0.12385643912737508,0.1871830336560627,0.5784215784215784,0.24489795918367346,0.698248040571692,0.05532503457814661,0.040110650069156296,0.18280313508529275
06037275200,"Census Tract 2752, Los Angeles County, California",3751,62241.0,1721,226,3751,598,1297,808,1721,196,3751,1336,269,499,1425,0.13131900058105753,0.15942415355905093,0.6229760986892829,0.11388727484020918,0.3798986936816849,0.07171420954412157,0.13303119168221808,0.3561716875499867
06037275302,"Census Tract 2753.02, Los Angeles County, California",5059,96917.0,2656,61,5059,443,1103,690,2656,63,5059,3390,217,781,399,0.02296686746987952,0.08756671278908876,0.6255666364460563,0.02371987951807229,0.07886934176714766,0.04289385254002767,0.15437833563945444,0.6700929037359162
06037275311,"Census Tract 2753.11, Los Angeles County, California",5462,90261.0,2337,204,5462,417,1321,757,2337,59,5462,2335,230,1051,1609,0.08729139922978177,0.07634566093006225,0.5730507191521574,0.025246041934103552,0.2945807396558037,0.04210911753936287,0.1924203588429147,0.42749908458440133
06037275400,"Census Tract 2754, Los Angeles County, California",4069,137027.0,2116,128,4069,80,1203,345,2116,133,4069,2639,100,614,528,0.06049149338374291,0.01966085033177685,0.286783042394015,0.06285444234404537,0.1297616121897272,0.024576062914721062,0.15089702629638732,0.6485623003194888
06037275500,"Census Tract 2755, Los Angeles County, California",5449,42544.0,1907,352,5441,1813,1413,771,1907,249,5449,985,376,454,3492,0.18458311484006293,0.3332108068369785,0.5456475583864119,0.1305715783953854,0.6408515323912645,0.0690034868783263,0.08331804000734079,0.18076711323178565
06037275602,"Census Tract 2756.02, Los Angeles County, California",12100,148965.0,5663,185,12017,1252,3760,1732,5663,244,12100,6371,795,2802,1651,0.03266819706869151,0.10418573687276358,0.46063829787234045,0.043086703160868794,0.13644628099173553,0.06570247933884298,0.2315702479338843,0.5265289256198347
06037275603,"Census Tract 2756.03, Los Angeles County, California",2537,84130.0,1188,76,2537,172,463,228,1188,7,2537,1087,68,648,611,0.06397306397306397,0.06779661016949153,0.4924406047516199,0.005892255892255892,0.2408356326369728,0.026803310997240835,0.2554197871501774,0.42845880961765864
06037276000,"Census Tract 2760, Los Angeles County, California",5657,144688.0,2519,51,5605,179,766,301,2519,26,5657,2920,360,708,1424,0.020246129416435093,0.03193577163247101,0.39295039164490864,0.010321556173084558,0.2517235283719286,0.06363797065582465,0.1251546756231218,0.5161746508750221
06037276100,"Census Tract 2761, Los Angeles County, California",5739,66520.0,2837,59,5739,411,2337,1281,2837,44,5739,1272,2017,1013,1026,0.02079661614381389,0.07161526398327235,0.5481386392811296,0.015509340853013746,0.17877679038159958,0.35145495730963583,0.17651158738456177,0.2216414009409305
06037276400,"Census Tract 2764, Los Angeles County, California",4071,158056.0,1488,48,4071,366,223,104,1488,0,4071,2886,99,316,628,0.03225806451612903,0.0899042004421518,0.4663677130044843,0.0,0.15426185212478508,0.02431834929992631,0.07762220584622943,0.7089167280766396
06037276500,"Census Tract 2765, Los Angeles County, California",5674,91667.0,710,14,1870,449,274,174,710,0,5674,3087,381,874,956,0.01971830985915493,0.24010695187165776,0.635036496350365,0.0,0.16848783926683117,0.06714839619316179,0.15403595347197743,0.5440606274233345
06037276601,"Census Tract 2766.01, Los Angeles County, California",4115,138929.0,1624,23,4115,390,626,248,1624,6,4115,2652,224,546,384,0.01416256157635468,0.09477521263669501,0.3961661341853035,0.003694581280788177,0.09331713244228433,0.05443499392466586,0.13268529769137302,0.6444714459295261
06037276603,"Census Tract 2766.03, Los Angeles County, California",5489,90375.0,3179,52,5489,313,1633,781,3179,24,5489,3345,582,707,629,0.01635734507706826,0.05702313718345783,0.4782608695652174,0.007549543881723813,0.11459282200765167,0.10603024230278739,0.12880306066678812,0.6094006194206595
06037276604,"Census Tract 2766.04, Los Angeles County, California",4624,93525.0,2426,98,4536,517,1672,658,2426,89,4624,2317,353,902,761,0.0403957131079967,0.11397707231040564,0.39354066985645936,0.036685902720527616,0.16457612456747406,0.076340830449827,0.19506920415224913,0.5010813148788927
06037277000,"Census Tract 2770, Los Angeles County, California",5566,137961.0,2205,49,5566,110,604,268,2205,45,5566,3717,211,742,593,0.022222222222222223,0.019762845849802372,0.44370860927152317,0.02040816326530612,0.1065397053539346,0.037908731584620915,0.1333093783686669,0.667804527488322
06037277100,"Census Tract 2771, Los Angeles County, California",3100,124219.0,1125,12,3100,98,172,58,1125,29,3100,1613,56,419,597,0.010666666666666666,0.031612903225806455,0.3372093023255814,0.025777777777777778,0.1925806451612903,0.01806451612903226,0.13516129032258065,0.5203225806451612
06037277200,"Census Tract 2772, Los Angeles County, California",2196,60179.0,1009,116,2196,469,806,453,1009,28,2196,503,604,215,764,0.11496531219028741,0.21357012750455373,0.5620347394540943,0.027750247770069375,0.34790528233151186,0.2750455373406193,0.09790528233151184,0.2290528233151184
06037277400,"Census Tract 2774, Los Angeles County, California",909,43264.0,341,18,909,155,332,180,341,40,909,48,436,60,293,0.05278592375366569,0.1705170517051705,0.5421686746987951,0.11730205278592376,0.32233223322332233,0.47964796479647964,0.066006600660066,0.052805280528052806
06037278001,"Census Tract 2780.01, Los Angeles County, California",2508,109468.0,993,64,2508,282,413,182,993,35,2508,1163,106,304,746,0.06445115810674723,0.11244019138755981,0.4406779661016949,0.035246727089627394,0.2974481658692185,0.04226475279106858,0.12121212121212122,0.4637161084529506
06037278102,"Census Tract 2781.02, Los Angeles County, California",3088,148182.0,1514,22,3088,151,753,265,1514,65,3088,2326,31,214,402,0.01453104359313078,0.04889896373056995,0.351925630810093,0.042932628797886396,0.13018134715025906,0.010038860103626942,0.06930051813471502,0.7532383419689119
06037291110,"Census Tract 2911.10, Los Angeles County, California",4391,43544.0,1340,80,4349,1193,1040,720,1340,245,4391,48,2072,0,2241,0.05970149253731343,0.27431593469763166,0.6923076923076923,0.1828358208955224,0.5103621043042587,0.47187428831701206,0.0,0.010931450694602596
06037291120,"Census Tract 2911.20, Los Angeles County, California",2407,53393.0,648,70,2407,552,474,240,648,143,2407,31,793,28,1555,0.10802469135802469,0.22933111757374325,0.5063291139240507,0.22067901234567902,0.646032405484005,0.3294557540506855,0.011632737847943497,0.012879102617366016
06037291130,"Census Tract 2911.30, Los Angeles County, California",3626,67587.0,985,116,3600,405,306,117,985,240,3626,123,640,359,2423,0.11776649746192894,0.1125,0.38235294117647056,0.2436548223350254,0.6682294539437397,0.1765030336458908,0.09900717043574186,0.03392167677881964
06037291210,"Census Tract 2912.10, Los Angeles County, California",5768,61277.0,1603,65,5752,1351,816,534,1603,271,5768,407,560,959,3773,0.040548970679975045,0.23487482614742697,0.6544117647058824,0.16905801621958827,0.654126213592233,0.0970873786407767,0.1662621359223301,0.07056171983356449
06037291220,"Census Tract 2912.20, Los Angeles County, California",3640,50260.0,1037,102,3640,853,635,404,1037,256,3640,145,307,594,2524,0.09836065573770492,0.23434065934065934,0.6362204724409449,0.24686595949855353,0.6934065934065934,0.08434065934065935,0.1631868131868132,0.03983516483516483
06037291300,"Census Tract 2913, Los Angeles County, California",3037,81281.0,1107,71,3037,103,315,158,1107,47,3037,447,289,1316,748,0.06413730803974707,0.033915047744484686,0.5015873015873016,0.04245709123757904,0.2462956865327626,0.09515969706947645,0.4333223575897267,0.14718472176489958
06037292000,"Census Tract 2920, Los Angeles County, California",6567,42135.0,1959,168,6493,2032,1405,912,1959,339,6567,495,701,1163,3639,0.08575803981623277,0.31295241028800247,0.6491103202846975,0.17304747320061256,0.5541343079031521,0.10674585046444343,0.17709760925841328,0.07537688442211055
06037293201,"Census Tract 2932.01, Los Angeles County, California",6289,64273.0,2029,155,6257,836,1221,625,2029,366,6289,946,375,1479,3355,0.0763923114834894,0.13361035640083108,0.5118755118755118,0.18038442582552983,0.5334711400858642,0.05962792176816664,0.23517252345364922,0.1504213706471617
06037293202,"Census Tract 2932.02, Los Angeles County, California",6740,42877.0,1782,66,6685,1911,1448,921,1782,478,6740,326,523,1009,4764,0.037037037037037035,0.2858638743455497,0.636049723756906,0.26823793490460157,0.7068249258160237,0.07759643916913947,0.1497032640949555,0.048367952522255196
06037293301,"Census Tract 2933.01, Los Angeles County, California",3108,83768.0,1065,27,3083,266,350,171,1065,68,3108,877,42,1530,434,0.02535211267605634,0.08627959779435615,0.48857142857142855,0.06384976525821597,0.13963963963963963,0.013513513513513514,0.4922779922779923,0.28217503217503215
06037293302,"Census Tract 2933.02, Los Angeles County, California",5082,83955.0,1656,62,5047,493,655,363,1656,259,5082,1297,699,1302,1545,0.03743961352657005,0.09768179116306717,0.5541984732824428,0.15640096618357488,0.3040141676505313,0.13754427390791027,0.256198347107438,0.25521448248720974
06037293304,"Census Tract 2933.04, Los Angeles County, California",4832,63150.0,1460,38,4832,763,975,348,1460,212,4832,534,328,533,3289,0.026027397260273973,0.15790562913907286,0.3569230769230769,0.14520547945205478,0.6806705298013245,0.06788079470198675,0.11030629139072848,0.11051324503311258
06037293306,"Census Tract 2933.06, Los Angeles County, California",2436,100200.0,794,27,2436,90,233,110,794,69,2436,835,123,318,1087,0.03400503778337532,0.03694581280788178,0.4721030042918455,0.08690176322418136,0.44622331691297207,0.050492610837438424,0.13054187192118227,0.3427750410509031
06037293307,"Census Tract 2933.07, Los Angeles County, California",2284,51379.0,914,61,2284,588,697,332,914,128,2284,259,183,396,1384,0.06673960612691467,0.2574430823117338,0.4763271162123386,0.1400437636761488,0.6059544658493871,0.08012259194395797,0.1733800350262697,0.11339754816112084
06037294110,"Census Tract 2941.10, Los Angeles County, California",4129,51011.0,1114,11,4129,575,529,333,1114,270,4129,393,0,122,3498,0.009874326750448833,0.13925890046015985,0.6294896030245747,0.24236983842010773,0.8471784935819812,0.0,0.02954710583676435,0.09518043109711795
06037294120,"Census Tract 2941.20, Los Angeles County, California",2687,57159.0,581,0,2674,696,308,158,581,185,2687,55,87,50,2486,0.0,0.26028421839940163,0.512987012987013,0.31841652323580033,0.925195385187942,0.0323781168589505,0.018608113137327874,0.020468924451060664
06037294200,"Census Tract 2942, Los Angeles County, California",4874,70272.0,1367,86,4874,357,514,351,1367,231,4874,261,120,170,4271,0.06291148500365765,0.07324579400902749,0.6828793774319066,0.168983174835406,0.8762823143208863,0.024620434961017644,0.03487894952810833,0.053549446040213375
06037294301,"Census Tract 2943.01, Los Angeles County, California",2471,65870.0,688,29,2471,97,184,129,688,134,2471,139,34,255,2027,0.04215116279069767,0.03925536220153784,0.7010869565217391,0.19476744186046513,0.820315661675435,0.013759611493322542,0.10319708619991906,0.05625252934034804
06037294302,"Census Tract 2943.02, Los Angeles County, California",4382,55313.0,1195,89,4382,761,651,339,1195,270,4382,284,191,73,3771,0.07447698744769875,0.17366499315381104,0.5207373271889401,0.22594142259414227,0.8605659516202647,0.04358740301232314,0.016659059790050206,0.06481058877225011
06037294410,"Census Tract 2944.10, Los Angeles County, California",5079,50926.0,1634,175,5068,1387,978,451,1634,170,5079,433,1258,1014,1948,0.10709914320685435,0.27367797947908445,0.4611451942740286,0.10403916768665851,0.38354006694231146,0.24768655247095886,0.19964559952746605,0.08525300255955896
06037294421,"Census Tract 2944.21, Los Angeles County, California",2891,47917.0,995,134,2891,657,595,339,995,188,2891,239,133,332,2141,0.13467336683417086,0.22725700449671393,0.5697478991596638,0.18894472361809045,0.7405741957800069,0.04600484261501211,0.1148391560013836,0.08267035627810446
06037294510,"Census Tract 2945.10, Los Angeles County, California",5082,49979.0,1079,95,5082,1200,699,448,1079,438,5082,98,10,8,4958,0.08804448563484708,0.2361275088547816,0.6409155937052933,0.40593141797961074,0.9756001574183393,0.0019677292404565133,0.0015741833923652105,0.01928374655647383
06037294520,"Census Tract 2945.20, Los Angeles County, California",3710,50732.0,906,83,3705,718,605,397,906,314,3710,131,80,24,3466,0.09161147902869757,0.19379217273954116,0.656198347107438,0.3465783664459161,0.9342318059299192,0.0215633423180593,0.00646900269541779,0.035309973045822104
06037294610,"Census Tract 2946.10, Los Angeles County, California",4334,49773.0,1160,131,4334,1016,708,434,1160,281,4334,145,45,232,3912,0.11293103448275862,0.2344254730041532,0.6129943502824858,0.24224137931034484,0.9026303645592986,0.010383017997231195,0.0535302261190586,0.03345639132441163
06037294620,"Census Tract 2946.20, Los Angeles County, California",4683,44148.0,1099,66,4682,802,655,448,1099,288,4683,156,72,0,4366,0.06005459508644222,0.1712943186672362,0.683969465648855,0.26205641492265697,0.9323083493487081,0.015374759769378604,0.0,0.033311979500320305
06037294701,"Census Tract 2947.01, Los Angeles County, California",3099,36719.0,895,187,3099,1005,775,506,895,297,3099,86,152,18,2798,0.20893854748603352,0.324298160696999,0.6529032258064517,0.3318435754189944,0.9028718941594063,0.04904808002581478,0.005808325266214908,0.027750887383026782
06037294810,"Census Tract 2948.10, Los Angeles County, California",4278,49952.0,1025,103,4273,1138,902,487,1025,413,4278,105,108,88,3884,0.10048780487804879,0.2663234261642874,0.5399113082039911,0.4029268292682927,0.9079008882655446,0.025245441795231416,0.020570359981299673,0.024544179523141654
06037294820,"Census Tract 2948.20, Los Angeles County, California",3473,39400.0,874,100,3473,814,785,441,874,404,3473,26,31,58,3358,0.11441647597254005,0.23437949899222574,0.5617834394904458,0.4622425629290618,0.9668874172185431,0.008926000575871005,0.016700259141952202,0.007486323063633746
06037294830,"Census Tract 2948.30, Los Angeles County, California",4134,44527.0,1038,94,4124,1180,871,537,1038,325,4134,32,141,33,3867,0.0905587668593449,0.28612997090203685,0.616532721010333,0.313102119460501,0.9354136429608128,0.034107402031930335,0.007982583454281567,0.0077406869859700045
06037294900,"Census Tract 2949, Los Angeles County, California",3853,42150.0,933,70,3823,867,649,349,933,209,3853,139,125,114,3377,0.07502679528403002,0.2267852471880722,0.5377503852080123,0.2240085744908896,0.8764599013755515,0.03244225279003374,0.02958733454451077,0.03607578510251752
06037295103,"Census Tract 2951.03, Los Angeles County, California",5188,124663.0,1997,77,5188,102,343,134,1997,21,5188,2438,214,809,1534,0.0385578367551327,0.01966075558982267,0.39067055393586003,0.010515773660490736,0.2956823438704703,0.04124903623747109,0.1559367771781033,0.4699306090979183
06037296210,"Census Tract 2962.10, Los Angeles County, California",3132,40145.0,1007,144,3132,800,792,480,1007,243,3132,185,188,10,2726,0.14299900695134063,0.2554278416347382,0.6060606060606061,0.2413108242303873,0.8703703703703703,0.06002554278416347,0.0031928480204342275,0.05906768837803321
06037296220,"Census Tract 2962.20, Los Angeles County, California",4447,30020.0,1775,330,4447,1711,1648,844,1775,159,4447,412,568,422,2902,0.18591549295774648,0.38475376658421406,0.5121359223300971,0.0895774647887324,0.6525747695075331,0.12772655722959297,0.09489543512480324,0.09264672813132449
06037296300,"Census Tract 2963, Los Angeles County, California",5027,80718.0,2054,37,5011,590,801,521,2054,116,5027,2082,458,1245,1171,0.01801363193768257,0.11774096986629415,0.6504369538077404,0.05647517039922103,0.23294211259200318,0.09110801670976726,0.24766262184205293,0.41416351700815596
06037296401,"Census Tract 2964.01, Los Angeles County, California",3229,92571.0,1268,75,3199,162,300,132,1268,39,3229,1761,168,368,783,0.05914826498422713,0.05064082525789309,0.44,0.030757097791798107,0.24248993496438526,0.052028491793124805,0.11396717249922576,0.545370083617219
06037296402,"Census Tract 2964.02, Los Angeles County, California",3312,108929.0,1116,36,3300,244,251,87,1116,87,3312,1171,99,256,1785,0.03225806451612903,0.07393939393939394,0.3466135458167331,0.07795698924731183,0.5389492753623188,0.029891304347826088,0.07729468599033816,0.35356280193236717
06037296500,"Census Tract 2965, Los Angeles County, California",3447,35870.0,1306,95,3447,968,828,600,1306,117,3447,321,398,150,2453,0.07274119448698316,0.2808239048447926,0.7246376811594203,0.08958652373660031,0.7116333043225994,0.11546272120684653,0.04351610095735422,0.09312445604873804
06037296600,"Census Tract 2966, Los Angeles County, California",5358,40607.0,1948,326,5331,879,1504,1118,1948,151,5358,795,313,115,4045,0.1673511293634497,0.16488463702870004,0.7433510638297872,0.07751540041067762,0.7549458753266144,0.05841731989548339,0.02146323254945875,0.14837625979843225
06037296901,"Census Tract 2969.01, Los Angeles County, California",4466,40913.0,1635,223,4466,1234,1414,779,1635,225,4466,827,412,171,2858,0.1363914373088685,0.27630989699955216,0.5509193776520509,0.13761467889908258,0.6399462606359158,0.0922525750111957,0.038289296909986566,0.1851768920734438
06037296902,"Census Tract 2969.02, Los Angeles County, California",4219,52585.0,1678,190,4147,603,1342,743,1678,196,4219,1233,166,101,2515,0.11323003575685339,0.14540631782011093,0.5536512667660208,0.11680572109654351,0.5961128229438255,0.03934581654420479,0.02393932211424508,0.2922493481867741
06037297000,"Census Tract 2970, Los Angeles County, California",5597,110699.0,2337,58,5597,475,931,446,2337,32,5597,2626,269,278,2075,0.024818142918271287,0.08486689297838128,0.4790547798066595,0.013692768506632435,0.3707343219581919,0.04806146149723066,0.049669465785242096,0.4691799178131142
06037297110,"Census Tract 2971.10, Los Angeles County, California",4649,40000.0,1558,356,4608,1536,1323,811,1558,260,4649,758,515,251,2988,0.22849807445442877,0.3333333333333333,0.6130007558578987,0.1668806161745828,0.6427188642718864,0.1107765110776511,0.053990105399010536,0.16304581630458162
06037297120,"Census Tract 2971.20, Los Angeles County, California",3053,49229.0,1059,144,3025,630,842,414,1059,88,3053,523,171,287,2072,0.1359773371104816,0.20826446280991737,0.4916864608076009,0.08309726156751653,0.678676711431379,0.05601048149361284,0.09400589584015723,0.17130691123485098
06037297201,"Census Tract 2972.01, Los Angeles County, California",4505,60574.0,1467,43,4431,449,1161,677,1467,188,4505,848,327,244,2892,0.02931152010906612,0.10133152787181224,0.5831180017226529,0.1281526925698705,0.641953385127636,0.07258601553829079,0.05416204217536071,0.18823529411764706
06037297202,"Census Tract 2972.02, Los Angeles County, California",3786,70767.0,1399,102,3786,245,788,401,1399,40,3786,1805,77,71,1791,0.07290922087205147,0.0647120972002113,0.5088832487309645,0.028591851322373123,0.47305863708399365,0.02033808769149498,0.018753301637612255,0.47675647120972003
06037297300,"Census Tract 2973, Los Angeles County, California",2193,102143.0,772,36,2166,54,437,205,772,27,2193,1159,134,96,671,0.046632124352331605,0.024930747922437674,0.4691075514874142,0.034974093264248704,0.3059735522115823,0.061103511171910624,0.04377564979480164,0.528499772001824
06037297400,"Census Tract 2974, Los Angeles County, California",3356,82955.0,1506,32,3356,125,230,99,1506,0,3356,2258,81,170,768,0.021248339973439574,0.037246722288438616,0.43043478260869567,0.0,0.22884386174016685,0.024135876042908223,0.05065554231227652,0.6728247914183552
06037297500,"Census Tract 2975, Los Angeles County, California",4707,88229.0,2092,233,4707,177,679,369,2092,17,4707,2638,145,227,1512,0.11137667304015296,0.03760356915232632,0.5434462444771723,0.008126195028680689,0.32122370936902483,0.030805183768854896,0.048226046314000424,0.5604418950499257
06037297601,"Census Tract 2976.01, Los Angeles County, California",2816,55246.0,1213,65,2780,101,1004,596,1213,15,2816,1186,216,93,947,0.05358615004122012,0.03633093525179856,0.5936254980079682,0.01236603462489695,0.33629261363636365,0.07670454545454546,0.033025568181818184,0.4211647727272727
06037297602,"Census Tract 2976.02, Los Angeles County, California",3687,64873.0,1712,81,3687,604,1012,433,1712,49,3687,1633,125,330,1427,0.04731308411214953,0.1638188228912395,0.4278656126482213,0.028621495327102803,0.38703553024138865,0.03390290208841877,0.08950366151342555,0.4429075128831028
06037300100,"Census Tract 3001, Los Angeles County, California",6014,139458.0,1946,0,6014,199,123,72,1946,43,6014,3483,19,1624,702,0.0,0.033089457931493184,0.5853658536585366,0.022096608427543678,0.1167276355171267,0.003159294978383771,0.270036581310276,0.5791486531426671
06037300200,"Census Tract 3002, Los Angeles County, California",5352,103209.0,1863,56,5352,594,607,318,1863,63,5352,2743,38,1903,532,0.030059044551798177,0.1109865470852018,0.5238879736408567,0.033816425120772944,0.09940209267563528,0.007100149476831091,0.35556801195814647,0.5125186846038864
06037300301,"Census Tract 3003.01, Los Angeles County, California",6024,114890.0,2061,52,6024,216,271,126,2061,99,6024,3870,21,1299,497,0.025230470645317808,0.035856573705179286,0.46494464944649444,0.048034934497816595,0.08250332005312085,0.0034860557768924302,0.2156374501992032,0.6424302788844621
06037300400,"Census Tract 3004, Los Angeles County, California",5986,97083.0,2074,0,5986,269,587,416,2074,89,5986,3238,1,1374,1049,0.0,0.044938189107918476,0.7086882453151618,0.0429122468659595,0.17524223187437354,0.0001670564650851988,0.22953558302706314,0.5409288339458737
06037300501,"Census Tract 3005.01, Los Angeles County, California",3264,110792.0,1055,20,3232,94,217,84,1055,62,3264,1501,0,817,495,0.018957345971563982,0.029084158415841586,0.3870967741935484,0.058767772511848344,0.15165441176470587,0.0,0.2503063725490196,0.45986519607843135
06037300502,"Census Tract 3005.02, Los Angeles County, California",5874,67407.0,2409,47,5874,492,1516,888,2409,214,5874,2556,1,1419,1650,0.019510170195101702,0.08375893769152196,0.5857519788918206,0.08883354088833541,0.2808988764044944,0.00017024174327545113,0.24157303370786518,0.4351378958120531
06037300600,"Census Tract 3006, Los Angeles County, California",9609,69107.0,3578,399,9392,714,2262,1508,3578,203,9609,4691,120,2974,1631,0.11151481274455002,0.0760221465076661,0.6666666666666666,0.05673560648406931,0.16973670517223435,0.012488292226038089,0.3095015090019773,0.48818815693620565
06037300701,"Census Tract 3007.01, Los Angeles County, California",5835,129025.0,2076,115,5835,193,359,178,2076,43,5835,4350,58,663,502,0.05539499036608863,0.03307626392459297,0.4958217270194986,0.020712909441233142,0.08603256212510711,0.009940017137960583,0.11362467866323907,0.7455012853470437
06037300702,"Census Tract 3007.02, Los Angeles County, California",5430,112802.0,1891,35,5430,312,256,124,1891,10,5430,4563,0,428,263,0.01850872554204125,0.057458563535911604,0.484375,0.005288207297726071,0.04843462246777164,0.0,0.07882136279926336,0.8403314917127072
06037300800,"Census Tract 3008, Los Angeles County, California",7280,96157.0,2776,78,7247,781,1314,743,2776,131,7280,4086,42,1630,942,0.028097982708933718,0.10776873188905754,0.5654490106544902,0.04719020172910663,0.1293956043956044,0.0057692307692307696,0.2239010989010989,0.5612637362637363
06037300901,"Census Tract 3009.01, Los Angeles County, California",6540,149707.0,2203,76,6540,144,280,108,2203,27,6540,4275,48,1565,288,0.03449841125737631,0.022018348623853212,0.38571428571428573,0.012256014525646845,0.044036697247706424,0.007339449541284404,0.2392966360856269,0.6536697247706422
06037300902,"Census Tract 3009.02, Los Angeles County, California",1981,136708.0,741,6,1981,61,68,10,741,0,1981,1293,0,293,309,0.008097165991902834,0.030792529025744572,0.14705882352941177,0.0,0.15598182735991922,0.0,0.14790509843513377,0.6527006562342251
06037301000,"Census Tract 3010, Los Angeles County, California",5230,68967.0,2085,144,5219,817,1363,613,2085,33,5230,2995,94,798,957,0.06906474820143885,0.1565433991186051,0.44974321349963314,0.015827338129496403,0.1829827915869981,0.01797323135755258,0.15258126195028682,0.5726577437858509
06037301100,"Census Tract 3011, Los Angeles County, California",7114,74303.0,2818,326,7114,619,1746,1034,2818,137,7114,5233,87,723,778,0.1156848828956707,0.08701152656733202,0.5922107674684994,0.04861603974449964,0.10936182175991004,0.012229406803486083,0.10163058757379814,0.7355917908349733
06037301203,"Census Tract 3012.03, Los Angeles County, California",4711,66563.0,1884,210,4711,413,1134,656,1884,80,4711,3081,148,618,706,0.11146496815286625,0.08766716196136701,0.5784832451499118,0.04246284501061571,0.14986202504776056,0.03141583527913394,0.13118233920611336,0.6540012736149438
06037301204,"Census Tract 3012.04, Los Angeles County, California",5284,58497.0,2123,190,5194,617,1975,979,2123,200,5284,3165,406,847,846,0.08949599623174753,0.11879091259145168,0.4956962025316456,0.09420631182289213,0.16010598031794096,0.07683573050719152,0.16029523088569267,0.5989780469341408
06037301205,"Census Tract 3012.05, Los Angeles County, California",2106,107159.0,747,51,2106,91,152,81,747,17,2106,1531,29,245,242,0.06827309236947791,0.043209876543209874,0.5328947368421053,0.022757697456492636,0.11490978157644824,0.013770180436847104,0.11633428300094967,0.7269705603038936
06037301206,"Census Tract 3012.06, Los Angeles County, California",5281,63715.0,1861,155,5274,947,1391,871,1861,155,5281,3911,160,719,431,0.08328855454056959,0.17956010618126658,0.6261682242990654,0.08328855454056959,0.08161333080855898,0.030297292179511458,0.1361484567316796,0.7405794357129332
06037301300,"Census Tract 3013, Los Angeles County, California",1894,119107.0,700,12,1894,115,63,29,700,0,1894,1596,0,144,148,0.017142857142857144,0.06071805702217529,0.4603174603174603,0.0,0.0781414994720169,0.0,0.07602956705385427,0.8426610348468849
06037301400,"Census Tract 3014, Los Angeles County, California",4190,150489.0,1313,16,4190,304,271,150,1313,37,4190,3398,7,230,271,0.012185833968012186,0.07255369928400955,0.5535055350553506,0.02817974105102818,0.06467780429594272,0.0016706443914081145,0.05489260143198091,0.8109785202863962
06037301501,"Census Tract 3015.01, Los Angeles County, California",1790,94375.0,554,47,1790,111,142,64,554,22,1790,1365,5,170,217,0.08483754512635379,0.06201117318435754,0.4507042253521127,0.039711191335740074,0.1212290502793296,0.002793296089385475,0.09497206703910614,0.7625698324022346
06037301502,"Census Tract 3015.02, Los Angeles County, California",6750,50205.0,2459,395,6750,1338,2262,1408,2459,200,6750,5326,0,561,781,0.16063440422936154,0.19822222222222222,0.6224580017683466,0.08133387555917039,0.1157037037037037,0.0,0.08311111111111111,0.7890370370370371
06037301601,"Census Tract 3016.01, Los Angeles County, California",6112,39053.0,2373,670,6062,828,2114,1424,2373,122,6112,4220,190,258,1341,0.28234302570585756,0.13658858462553614,0.67360454115421,0.05141171512852929,0.2194044502617801,0.031086387434554975,0.04221204188481675,0.6904450261780105
06037301602,"Census Tract 3016.02, Los Angeles County, California",4446,65947.0,1608,59,4360,367,1263,690,1608,54,4446,1860,137,510,1795,0.03669154228855721,0.0841743119266055,0.5463182897862233,0.033582089552238806,0.4037336932073774,0.03081421502474134,0.11470985155195682,0.4183535762483131
06037301701,"Census Tract 3017.01, Los Angeles County, California",2962,84688.0,1140,135,2962,211,646,235,1140,22,2962,1457,121,382,901,0.11842105263157894,0.0712356515867657,0.3637770897832817,0.01929824561403509,0.30418636056718434,0.04085077650236327,0.1289669142471303,0.49189736664415934
06037301702,"Census Tract 3017.02, Los Angeles County, California",5835,56571.0,2064,199,5769,677,1755,913,2064,95,5835,3787,128,899,823,0.09641472868217055,0.1173513607210955,0.5202279202279202,0.046027131782945735,0.14104541559554412,0.021936589545844043,0.15407026563838902,0.6490145672664953
06037301801,"Census Tract 3018.01, Los Angeles County, California",5258,58779.0,2264,225,5249,967,1968,1017,2264,116,5258,2466,65,1252,1109,0.09938162544169611,0.18422556677462373,0.5167682926829268,0.05123674911660778,0.2109166983643971,0.012362114872575124,0.23811335108406237,0.4689996196272347
06037301802,"Census Tract 3018.02, Los Angeles County, California",4516,63328.0,1923,201,4516,743,1613,1043,1923,159,4516,2881,81,858,544,0.10452418096723869,0.16452612931798052,0.6466212027278363,0.08268330733229329,0.1204605845881311,0.017936226749335694,0.1899911426040744,0.6379539415411869
06037301900,"Census Tract 3019, Los Angeles County, California",8192,66061.0,3243,277,7999,1336,2227,1091,3243,199,8192,4990,121,1758,1208,0.08541473943879124,0.16702087760970122,0.48989672204759765,0.061362935553499844,0.1474609375,0.0147705078125,0.214599609375,0.609130859375
06037302002,"Census Tract 3020.02, Los Angeles County, California",3949,49417.0,1722,325,3949,822,1408,854,1722,172,3949,2531,122,713,491,0.18873403019744484,0.20815396302861483,0.6065340909090909,0.09988385598141696,0.12433527475310205,0.030893897189161815,0.18055203849075716,0.6409217523423651
06037302003,"Census Tract 3020.03, Los Angeles County, California",3665,55305.0,1404,220,3665,515,1300,647,1404,84,3665,2488,30,653,387,0.15669515669515668,0.14051841746248295,0.4976923076923077,0.05982905982905983,0.10559345156889495,0.008185538881309686,0.1781718963165075,0.6788540245566167
06037302004,"Census Tract 3020.04, Los Angeles County, California",4151,50875.0,1603,214,4135,854,1355,820,1603,116,4151,2399,108,789,769,0.13349968808484092,0.20652962515114873,0.6051660516605166,0.07236431690580163,0.18525656468320886,0.026017827029631416,0.19007468079980727,0.5779330281859792
06037302102,"Census Tract 3021.02, Los Angeles County, California",5946,76602.0,2498,296,5920,452,1645,802,2498,56,5946,3520,175,1281,905,0.11849479583666933,0.07635135135135135,0.48753799392097263,0.02241793434747798,0.15220316178943827,0.029431550622267072,0.21543895055499496,0.5919946182307434
06037302103,"Census Tract 3021.03, Los Angeles County, California",5430,42461.0,1932,313,5429,1240,1717,966,1932,167,5430,3739,48,783,795,0.16200828157349897,0.22840302081414626,0.5626092020966803,0.08643892339544514,0.1464088397790055,0.008839779005524863,0.1441988950276243,0.6885819521178638
06037302104,"Census Tract 3021.04, Los Angeles County, California",4288,61005.0,1509,192,4172,519,1350,725,1509,91,4288,1902,126,1246,921,0.1272365805168986,0.12440076701821669,0.5370370370370371,0.060304837640821736,0.21478544776119404,0.029384328358208957,0.2905783582089552,0.4435634328358209
06037302201,"Census Tract 3022.01, Los Angeles County, California",4019,24851.0,1875,594,4019,1174,1776,1166,1875,232,4019,3087,98,351,389,0.3168,0.2921124657875093,0.6565315315315315,0.12373333333333333,0.09679024632993281,0.024384175167952226,0.08733515799950237,0.7681015177904952
06037302202,"Census Tract 3022.02, Los Angeles County, California",5510,45156.0,1988,475,5510,1110,1767,1127,1988,318,5510,3150,74,776,1414,0.23893360160965796,0.2014519056261343,0.6378041878890776,0.15995975855130784,0.25662431941923775,0.013430127041742287,0.14083484573502722,0.5716878402903811
06037302301,"Census Tract 3023.01, Los Angeles County, California",3985,55795.0,1403,182,3858,679,1075,540,1403,118,3985,2391,30,626,863,0.12972202423378476,0.17599792638672887,0.5023255813953489,0.08410548823948681,0.21656210790464242,0.0075282308657465494,0.15708908406524466,0.6
06037302302,"Census Tract 3023.02, Los Angeles County, California",5337,52763.0,1962,347,5221,904,1868,1016,1962,283,5337,1958,94,805,2430,0.17686034658511723,0.17314690672285002,0.5438972162740899,0.14424057084607544,0.45531197301854975,0.017612891137343076,0.1508338017612891,0.36687277496721005
06037302401,"Census Tract 3024.01, Los Angeles County, California",7395,41300.0,2470,487,7248,2193,2252,1380,2470,260,7395,3768,197,931,2457,0.19716599190283401,0.3025662251655629,0.6127886323268206,0.10526315789473684,0.3322515212981744,0.026639621365787694,0.12589587559161597,0.5095334685598377
06037302503,"Census Tract 3025.03, Los Angeles County, California",4290,41016.0,1392,230,4274,925,1275,787,1392,188,4290,2659,0,643,941,0.16522988505747127,0.21642489471221338,0.6172549019607844,0.13505747126436782,0.21934731934731935,0.0,0.14988344988344987,0.6198135198135198
06037302504,"Census Tract 3025.04, Los Angeles County, California",4273,38468.0,1500,213,4273,697,1304,969,1500,133,4273,2311,36,511,1312,0.142,0.16311724783524456,0.7430981595092024,0.08866666666666667,0.30704423121928387,0.008424994149309618,0.11958811139714487,0.5408378188626258
06037302505,"Census Tract 3025.05, Los Angeles County, California",4376,35269.0,1520,365,4345,982,1472,991,1520,207,4376,2267,239,373,1451,0.24013157894736842,0.22600690448791716,0.673233695652174,0.1361842105263158,0.33158135283363804,0.05461608775137111,0.08523765996343693,0.5180530164533821
06037302506,"Census Tract 3025.06, Los Angeles County, California",3262,61283.0,1361,226,3153,563,1030,587,1361,115,3262,1755,59,361,907,0.16605437178545188,0.17856010149064383,0.5699029126213592,0.08449669360764143,0.27805027590435316,0.018087063151440833,0.11066830165542611,0.5380134886572655
06037310100,"Census Tract 3101, Los Angeles County, California",5644,136000.0,1958,0,5637,454,223,93,1958,52,5644,3732,280,574,958,0.0,0.08053929395068299,0.4170403587443946,0.026557711950970377,0.16973777462792347,0.04961020552799433,0.10170092133238838,0.6612331679659815
06037310201,"Census Tract 3102.01, Los Angeles County, California",5732,75324.0,2079,167,5714,325,1046,599,2079,57,5732,4238,40,449,723,0.08032708032708033,0.05687784389219461,0.5726577437858509,0.027417027417027416,0.12613398464759246,0.006978367062107467,0.07833217027215632,0.7393579902302861
06037310202,"Census Tract 3102.02, Los Angeles County, California",5104,74375.0,1837,162,5085,598,1191,755,1837,89,5104,3716,129,264,674,0.08818726183995645,0.1176007866273353,0.6339210747271201,0.048448557430593356,0.13205329153605017,0.025274294670846395,0.05172413793103448,0.7280564263322884
06037310300,"Census Tract 3103, Los Angeles County, California",2881,151364.0,1052,10,2851,88,123,35,1052,10,2881,1942,0,454,370,0.009505703422053232,0.030866362679761488,0.2845528455284553,0.009505703422053232,0.12842762929538354,0.0,0.1575841721624436,0.6740715029503644
06037310400,"Census Tract 3104, Los Angeles County, California",3247,92955.0,1242,54,3247,136,497,283,1242,29,3247,2034,41,404,546,0.043478260869565216,0.041884816753926704,0.5694164989939637,0.023349436392914653,0.16815522020326454,0.012627040344933785,0.12442254388666461,0.6264243917462273
06037310501,"Census Tract 3105.01, Los Angeles County, California",4066,61906.0,1343,91,4038,460,1074,549,1343,236,4066,1129,282,621,1943,0.06775874906924795,0.11391778107974244,0.5111731843575419,0.1757259865971705,0.4778652238071815,0.06935563207083129,0.15272995573044762,0.2776684702410231
06037310601,"Census Tract 3106.01, Los Angeles County, California",6383,69277.0,2362,197,6373,738,1637,819,2362,186,6383,2963,301,974,1521,0.0834038950042337,0.11580103561901774,0.5003054367745876,0.07874682472480948,0.23828920570264767,0.04715650947830174,0.15259282469058436,0.4642017859940467
06037310602,"Census Tract 3106.02, Los Angeles County, California",2853,86806.0,1053,22,2853,190,606,241,1053,82,2853,1600,55,524,548,0.020892687559354226,0.06659656501927795,0.3976897689768977,0.0778727445394112,0.19207851384507535,0.01927795303189625,0.1836663161584297,0.5608131791097091
06037310701,"Census Tract 3107.01, Los Angeles County, California",2181,30371.0,1101,259,2181,405,1023,486,1101,55,2181,1650,1,175,247,0.23524069028156222,0.1856946354883081,0.4750733137829912,0.049954586739327886,0.11325080238422743,0.0004585052728106373,0.08023842274186153,0.7565337001375516
06037310702,"Census Tract 3107.02, Los Angeles County, California",6567,45632.0,3486,790,6544,1235,3148,2056,3486,45,6567,4163,163,1048,867,0.22662076878944348,0.18872249388753057,0.6531130876747141,0.012908777969018933,0.13202375513933304,0.024821075072331354,0.15958580782701387,0.633927211816659
06037310703,"Census Tract 3107.03, Los Angeles County, California",4793,42344.0,2041,425,4793,1316,1794,1236,2041,196,4793,3070,126,328,995,0.2082312591866732,0.2745670769872731,0.6889632107023411,0.096031357177854,0.20759440851241392,0.026288337158355934,0.06843313165032339,0.6405174212393073
06037310800,"Census Tract 3108, Los Angeles County, California",5314,66429.0,1978,235,5288,670,996,528,1978,125,5314,2863,58,536,1615,0.11880687563195147,0.1267019667170953,0.5301204819277109,0.06319514661274014,0.303914188934889,0.010914565299209636,0.10086563793752353,0.5387655250282273
06037310900,"Census Tract 3109, Los Angeles County, California",6071,81536.0,2411,106,6044,387,833,490,2411,54,6071,3273,76,1005,1504,0.0439651596847781,0.06403044341495698,0.5882352941176471,0.022397345499792616,0.24773513424477023,0.012518530719815516,0.16554109701861308,0.5391204084994234
06037311000,"Census Tract 3110, Los Angeles County, California",3641,104875.0,1386,86,3641,334,539,238,1386,83,3641,1854,99,390,1178,0.06204906204906205,0.09173304037352376,0.44155844155844154,0.05988455988455989,0.3235374897006317,0.027190332326283987,0.10711343037627026,0.5092007690195002
06037311100,"Census Tract 3111, Los Angeles County, California",4183,106321.0,1379,52,4155,466,270,125,1379,122,4183,2016,27,650,1213,0.03770848440899202,0.11215403128760529,0.46296296296296297,0.08846990572878898,0.2899832655988525,0.006454697585464977,0.15539086779823094,0.4819507530480516
06037311200,"Census Tract 3112, Los Angeles County, California",3171,77147.0,1299,21,3166,173,730,384,1299,10,3171,1776,123,247,820,0.016166281755196306,0.05464308275426406,0.5260273972602739,0.007698229407236336,0.2585935036266162,0.03878902554399243,0.07789340901923683,0.5600756859035004
06037311300,"Census Tract 3113, Los Angeles County, California",3896,97931.0,1506,61,3896,399,478,262,1506,31,3896,2077,111,459,1102,0.04050464807436919,0.10241273100616016,0.5481171548117155,0.020584329349269587,0.2828542094455852,0.028490759753593428,0.11781314168377824,0.5331108829568788
06037311400,"Census Tract 3114, Los Angeles County, California",2300,105000.0,974,20,2289,96,333,165,974,0,2300,1574,29,233,387,0.02053388090349076,0.04193971166448231,0.4954954954954955,0.0,0.16826086956521738,0.012608695652173913,0.10130434782608695,0.6843478260869565
06037311500,"Census Tract 3115, Los Angeles County, California",5828,93125.0,2374,60,5828,340,1318,615,2374,149,5828,3340,204,655,1435,0.02527379949452401,0.05833905284831846,0.4666160849772382,0.06276326874473462,0.24622512010981468,0.035003431708991076,0.11238846945778998,0.573095401509952
06037311600,"Census Tract 3116, Los Angeles County, California",6707,71528.0,3609,283,6655,1100,2916,1446,3609,144,6707,3909,434,901,827,0.07841507342754225,0.1652892561983471,0.49588477366255146,0.0399002493765586,0.12330401073505293,0.06470851349336514,0.13433725957954376,0.5828239153123602
06037311700,"Census Tract 3117, Los Angeles County, California",6200,93750.0,2551,114,5963,377,1254,470,2551,49,6200,4028,93,516,1333,0.04468835750686005,0.06322320979372799,0.3748006379585327,0.01920815366522932,0.215,0.015,0.0832258064516129,0.6496774193548387
06037311801,"Census Tract 3118.01, Los Angeles County, California",2873,63041.0,1304,84,2873,234,999,447,1304,65,2873,1081,92,328,1302,0.06441717791411043,0.08144796380090498,0.44744744744744747,0.04984662576687116,0.45318482422554823,0.03202227636616777,0.11416637660981552,0.3762617473024713
06037311802,"Census Tract 3118.02, Los Angeles County, California",4068,72992.0,1472,108,4056,340,1273,574,1472,273,4068,999,61,588,2250,0.07336956521739131,0.08382642998027613,0.4509033778476041,0.18546195652173914,0.5530973451327433,0.014995083579154375,0.14454277286135694,0.24557522123893805
06037320000,"Census Tract 3200, Los Angeles County, California",0,,0,0,0,0,0,0,0,0,0,0,0,0,0,,,,,,,,
06037320100,"Census Tract 3201, Los Angeles County, California",7601,72438.0,1886,39,7591,847,514,304,1886,246,7601,335,138,190,6930,0.020678685047720042,0.11157950204189171,0.5914396887159533,0.13043478260869565,0.9117221418234442,0.01815550585449283,0.02499671095908433,0.04407314826996448
06037320201,"Census Tract 3202.01, Los Angeles County, California",4049,35205.0,1308,94,4049,549,1055,751,1308,224,4049,147,0,0,3876,0.07186544342507645,0.13558903432946406,0.7118483412322275,0.1712538226299694,0.9572734008397135,0.0,0.0,0.03630526055816251
06037320202,"Census Tract 3202.02, Los Angeles County, California",6151,77386.0,1442,43,6031,508,474,186,1442,231,6151,404,11,90,5634,0.029819694868238558,0.08423147073453822,0.3924050632911392,0.16019417475728157,0.9159486262396358,0.001788327101284344,0.01463176719232645,0.06568037717444318
06037320300,"Census Tract 3203, Los Angeles County, California",6734,52532.0,1933,176,6701,821,979,520,1933,330,6734,124,28,40,6419,0.09105018106570098,0.1225190270108939,0.5311542390194075,0.17071908949818934,0.9532224532224532,0.004158004158004158,0.00594000594000594,0.018414018414018414
06037400204,"Census Tract 4002.04, Los Angeles County, California",5637,117073.0,2098,35,5625,151,66,16,2098,0,5637,3361,56,828,1238,0.016682554814108675,0.026844444444444445,0.24242424242424243,0.0,0.21962036544261132,0.009934362249423453,0.14688664183076106,0.5962391342912897
06037400205,"Census Tract 4002.05, Los Angeles County, California",2846,201250.0,927,9,2726,49,26,0,927,0,2846,1392,170,843,299,0.009708737864077669,0.01797505502567865,0.0,0.0,0.1050597329585383,0.059732958538299366,0.29620520028109626,0.48910751932536894
06037400206,"Census Tract 4002.06, Los Angeles County, California",5365,133715.0,1753,39,5339,223,157,71,1753,6,5365,2791,123,1058,1180,0.022247575584711923,0.041768121371043264,0.45222929936305734,0.0034227039361095267,0.21994408201304752,0.02292637465051258,0.1972041006523765,0.5202236719478098
06037400207,"Census Tract 4002.07, Los Angeles County, California",4608,136500.0,1468,0,4598,89,102,42,1468,0,4608,2590,187,579,1195,0.0,0.01935624184428012,0.4117647058823529,0.0,0.2593315972222222,0.040581597222222224,0.12565104166666666,0.5620659722222222
06037400302,"Census Tract 4003.02, Los Angeles County, California",3154,81853.0,1133,82,3141,206,452,261,1133,16,3154,1382,132,236,1188,0.07237422771403354,0.0655842088506845,0.577433628318584,0.01412180052956752,0.37666455294863666,0.04185161699429296,0.07482561826252378,0.43817374762206723
06037400304,"Census Tract 4003.04, Los Angeles County, California",7788,74453.0,2565,80,7588,609,1321,819,2565,82,7788,2951,102,1434,3017,0.031189083820662766,0.08025830258302583,0.6199848599545799,0.031968810916179334,0.3873908577298408,0.013097072419106317,0.18412942989214176,0.37891628145865436
06037400402,"Census Tract 4004.02, Los Angeles County, California",4305,99107.0,1356,72,4298,254,324,125,1356,64,4305,2315,48,493,1249,0.05309734513274336,0.05909725453699395,0.38580246913580246,0.0471976401179941,0.29012775842044136,0.011149825783972125,0.11451800232288037,0.537746806039489
06037400403,"Census Tract 4004.03, Los Angeles County, California",3906,106875.0,1292,74,3843,339,399,229,1292,41,3906,1960,71,358,1375,0.05727554179566564,0.08821233411397346,0.5739348370927319,0.03173374613003096,0.3520225294418843,0.01817716333845366,0.09165386584741424,0.5017921146953405
06037400404,"Census Tract 4004.04, Los Angeles County, California",4268,135038.0,1403,0,4268,239,86,18,1403,33,4268,2642,0,576,821,0.0,0.055998125585754455,0.20930232558139536,0.023521026372059873,0.1923617619493908,0.0,0.13495782567947517,0.6190253045923149
06037400501,"Census Tract 4005.01, Los Angeles County, California",2049,145417.0,661,11,2027,94,42,12,661,10,2049,1427,5,249,211,0.01664145234493192,0.046373951652688705,0.2857142857142857,0.015128593040847202,0.10297706198145437,0.002440214738897023,0.12152269399707175,0.6964372864812104
06037400602,"Census Tract 4006.02, Los Angeles County, California",4250,75722.0,1289,54,4227,244,623,275,1289,162,4250,881,89,331,2896,0.04189294026377036,0.05772415424651053,0.44141252006420545,0.1256788207913111,0.6814117647058824,0.020941176470588234,0.07788235294117647,0.20729411764705882
06037400603,"Census Tract 4006.03, Los Angeles County, California",5201,80729.0,1727,13,5180,338,619,231,1727,101,5201,1428,215,627,2762,0.007527504342790967,0.06525096525096526,0.37318255250403876,0.05848291835552982,0.5310517208229186,0.04133820419150164,0.12055373966544895,0.27456258411843876
06037400604,"Census Tract 4006.04, Los Angeles County, California",3501,100556.0,1224,83,3475,696,406,226,1224,114,3501,947,140,815,1522,0.06781045751633986,0.20028776978417268,0.5566502463054187,0.09313725490196079,0.4347329334475864,0.039988574692944874,0.2327906312482148,0.27049414453013426
06037400800,"Census Tract 4008, Los Angeles County, California",6967,86897.0,1120,30,3120,445,187,81,1120,15,6967,3317,337,1562,1461,0.026785714285714284,0.14262820512820512,0.43315508021390375,0.013392857142857142,0.20970288502942444,0.04837089134491172,0.2241997990526769,0.476101621931965
06037400900,"Census Tract 4009, Los Angeles County, California",4424,102758.0,1525,22,4424,253,462,216,1525,45,4424,2032,43,591,1640,0.014426229508196721,0.05718806509945751,0.4675324675324675,0.029508196721311476,0.3707052441229656,0.009719710669077758,0.13358951175406872,0.4593128390596745
06037401001,"Census Tract 4010.01, Los Angeles County, California",3062,117260.0,1013,20,3062,130,163,39,1013,39,3062,2003,6,292,655,0.019743336623889437,0.042455911169170475,0.2392638036809816,0.0384995064165844,0.2139124755062051,0.001959503592423253,0.0953625081645983,0.6541476159372959
06037401002,"Census Tract 4010.02, Los Angeles County, California",3678,68676.0,1484,104,3678,421,859,401,1484,43,3678,2165,108,388,736,0.07008086253369272,0.11446438281674823,0.4668218859138533,0.028975741239892182,0.20010875475802067,0.02936378466557912,0.1054921152800435,0.5886351277868407
06037401101,"Census Tract 4011.01, Los Angeles County, California",5582,69719.0,1997,122,5493,613,1186,580,1997,94,5582,2198,191,544,2403,0.061091637456184275,0.11159657746222465,0.48903878583473864,0.04707060590886329,0.4304908634897886,0.03421712647796489,0.0974561089215335,0.3937656753851666
06037401102,"Census Tract 4011.02, Los Angeles County, California",3896,79539.0,1234,50,3802,326,697,311,1234,122,3896,1524,27,670,1438,0.04051863857374392,0.08574434508153603,0.44619799139167865,0.09886547811993517,0.3690965092402464,0.006930184804928132,0.17197125256673512,0.39117043121149897
06037401201,"Census Tract 4012.01, Los Angeles County, California",3377,113194.0,1007,36,3377,187,153,71,1007,35,3377,1783,23,280,1117,0.03574975173783516,0.05537459283387622,0.46405228758169936,0.03475670307845084,0.33076695291679004,0.006810778797749482,0.08291382884216761,0.5279834172342316
06037401202,"Census Tract 4012.02, Los Angeles County, California",4706,95046.0,1373,63,4609,473,204,70,1373,62,4706,1930,18,595,1931,0.045884923525127456,0.1026252983293556,0.3431372549019608,0.04515659140568099,0.4103272418189545,0.003824904377390565,0.12643433914152147,0.41011474713132173
06037401203,"Census Tract 4012.03, Los Angeles County, California",5224,84063.0,1681,36,5123,540,388,211,1681,51,5224,1997,102,575,2371,0.021415823914336704,0.10540698809291431,0.5438144329896907,0.030339083878643664,0.4538667687595712,0.019525267993874426,0.11006891271056661,0.3822741194486983
06037401303,"Census Tract 4013.03, Los Angeles County, California",2074,107938.0,701,9,2074,44,88,47,701,10,2074,924,22,480,621,0.012838801711840228,0.021215043394406944,0.5340909090909091,0.014265335235378032,0.2994214079074253,0.010607521697203472,0.23143683702989393,0.4455159112825458
06037401304,"Census Tract 4013.04, Los Angeles County, California",5449,132026.0,1848,18,5371,257,179,36,1848,9,5449,2674,150,835,1426,0.00974025974025974,0.0478495624650903,0.2011173184357542,0.00487012987012987,0.2616993943842907,0.027527986786566344,0.1532391264452193,0.49073224444852265
06037401311,"Census Tract 4013.11, Los Angeles County, California",6120,80811.0,2124,106,6120,819,691,347,2124,80,6120,3281,47,544,2081,0.04990583804143126,0.1338235294117647,0.5021707670043415,0.03766478342749529,0.3400326797385621,0.007679738562091503,0.08888888888888889,0.5361111111111111
06037401312,"Census Tract 4013.12, Los Angeles County, California",5401,74219.0,1909,197,5024,273,414,240,1909,127,5401,2443,124,652,1994,0.10319539025667888,0.054339171974522295,0.5797101449275363,0.06652697747511786,0.3691908905758193,0.022958711349750045,0.1207183854841696,0.45232364376967227
06037401500,"Census Tract 4015, Los Angeles County, California",6213,78000.0,1898,99,5708,915,624,405,1898,170,6213,2664,138,407,2871,0.052160168598524764,0.16030133146461106,0.6490384615384616,0.08956796628029505,0.4620956059874457,0.02221149203283438,0.06550780621277966,0.4287783679381941
06037401601,"Census Tract 4016.01, Los Angeles County, California",5368,75964.0,2247,218,5356,354,534,255,2247,31,5368,2752,91,532,1875,0.09701824655095684,0.0660941000746826,0.47752808988764045,0.013796172674677348,0.3492921013412817,0.01695230998509687,0.09910581222056632,0.5126676602086438
06037401602,"Census Tract 4016.02, Los Angeles County, California",6294,67034.0,2035,137,6272,643,929,600,2035,59,6294,2699,284,309,2846,0.06732186732186732,0.10251913265306123,0.6458557588805167,0.028992628992628992,0.45217667619955515,0.04512233873530346,0.04909437559580553,0.428821099459803
06037401603,"Census Tract 4016.03, Los Angeles County, California",2951,63611.0,1300,107,2803,121,374,211,1300,20,2951,1579,122,159,1053,0.0823076923076923,0.04316803424901891,0.5641711229946524,0.015384615384615385,0.3568281938325991,0.04134191799390037,0.05388004066418163,0.5350728566587597
06037401701,"Census Tract 4017.01, Los Angeles County, California",4488,86856.0,1671,195,4397,216,425,266,1671,53,4488,2060,301,466,1259,0.11669658886894076,0.04912440300204685,0.6258823529411764,0.03171753441053261,0.2805258467023173,0.06706773618538324,0.10383244206773619,0.4590017825311943
06037401703,"Census Tract 4017.03, Los Angeles County, California",4107,70642.0,1433,161,4087,373,807,477,1433,33,4107,1213,326,438,1976,0.11235170969993022,0.09126498654269635,0.5910780669144982,0.023028611304954642,0.4811297784270757,0.07937667397126856,0.10664718772826881,0.29534940345751154
06037401704,"Census Tract 4017.04, Los Angeles County, California",7108,59513.0,2117,219,6956,1689,956,444,2117,304,7108,1334,366,881,4267,0.10344827586206896,0.24281196089706727,0.46443514644351463,0.14359943316013227,0.6003095104108047,0.05149127743387732,0.12394485087225661,0.18767585818795723
06037401800,"Census Tract 4018, Los Angeles County, California",7927,104643.0,2760,152,7523,720,643,378,2760,11,7927,3961,337,770,2031,0.05507246376811594,0.09570650006646285,0.5878693623639192,0.003985507246376811,0.2562129431058408,0.04251293049072789,0.09713636937050586,0.4996846221773685
06037401901,"Census Tract 4019.01, Los Angeles County, California",3945,79327.0,127,0,269,17,119,32,127,0,3945,1704,196,988,807,0.0,0.06319702602230483,0.2689075630252101,0.0,0.20456273764258556,0.04968314321926489,0.25044359949302913,0.43193916349809885
06037401902,"Census Tract 4019.02, Los Angeles County, California",6223,96466.0,2676,223,6076,324,1565,537,2676,24,6223,3614,288,397,1681,0.08333333333333333,0.05332455562870309,0.34313099041533546,0.008968609865470852,0.2701269484171621,0.04627992929455247,0.06379559697894906,0.5807488349670576
06037402001,"Census Tract 4020.01, Los Angeles County, California",3294,83409.0,1124,32,3294,405,629,369,1124,60,3294,930,370,589,1186,0.028469750889679714,0.12295081967213115,0.5866454689984102,0.05338078291814947,0.3600485731633273,0.11232544019429265,0.17880995749848208,0.28233151183970856
06037402002,"Census Tract 4020.02, Los Angeles County, California",4125,55946.0,1575,213,4025,331,906,680,1575,19,4125,2049,237,193,1548,0.13523809523809524,0.08223602484472049,0.7505518763796909,0.012063492063492064,0.37527272727272726,0.05745454545454545,0.04678787878787879,0.49672727272727274
06037402101,"Census Tract 4021.01, Los Angeles County, California",5558,77026.0,1053,13,5558,977,351,133,1053,297,5558,233,426,427,4387,0.012345679012345678,0.17578265563152212,0.3789173789173789,0.28205128205128205,0.7893127024109392,0.07664627563871897,0.07682619647355164,0.041921554516012954
06037402102,"Census Tract 4021.02, Los Angeles County, California",4858,76500.0,1216,60,4767,564,422,273,1216,110,4858,543,556,346,3214,0.049342105263157895,0.118313404657017,0.6469194312796208,0.09046052631578948,0.6615891313297654,0.11445039110745163,0.07122272540139975,0.11177439275421984
06037402200,"Census Tract 4022, Los Angeles County, California",6782,85963.0,2011,63,6276,628,571,300,2011,87,6782,1394,607,685,4057,0.0313276976628543,0.10006373486297004,0.5253940455341506,0.043262058677274985,0.5982011206133884,0.08950162194043056,0.1010026540843409,0.205544087289885
06037402301,"Census Tract 4023.01, Los Angeles County, California",5464,55565.0,1318,59,5360,923,702,432,1318,298,5464,413,129,509,4305,0.044764795144157814,0.17220149253731343,0.6153846153846154,0.22610015174506828,0.7878843338213762,0.023609077598828698,0.09315519765739386,0.07558565153733529
06037402303,"Census Tract 4023.03, Los Angeles County, California",4080,50625.0,1096,104,3909,939,700,437,1096,184,4080,564,62,155,3199,0.0948905109489051,0.2402148887183423,0.6242857142857143,0.1678832116788321,0.7840686274509804,0.015196078431372549,0.03799019607843137,0.13823529411764707
06037402304,"Census Tract 4023.04, Los Angeles County, California",4057,39427.0,938,131,4045,1208,640,396,938,297,4057,203,66,182,3596,0.1396588486140725,0.2986402966625464,0.61875,0.31663113006396587,0.8863692383534632,0.01626817845698792,0.04486073453290609,0.050036973132856793
06037402402,"Census Tract 4024.02, Los Angeles County, California",6635,57650.0,1886,50,6377,1221,1024,665,1886,123,6635,939,174,893,4499,0.026511134676564158,0.191469342951231,0.6494140625,0.06521739130434782,0.678070836473248,0.026224566691785984,0.13458929917106255,0.1415222305953278
06037402403,"Census Tract 4024.03, Los Angeles County, California",5231,74592.0,947,39,3753,175,147,63,947,160,5231,863,218,840,3056,0.04118268215417107,0.04662936317612577,0.42857142857142855,0.1689545934530095,0.5842095201682279,0.04167463200152934,0.16058115083158095,0.16497801567577902
06037402404,"Census Tract 4024.04, Los Angeles County, California",1862,,5,0,9,0,5,0,5,0,1862,608,138,448,522,0.0,0.0,0.0,0.0,0.280343716433942,0.07411385606874328,0.24060150375939848,0.32653061224489793
06037402405,"Census Tract 4024.05, Los Angeles County, California",2875,55000.0,646,0,2861,727,155,98,646,74,2875,30,268,22,2498,0.0,0.2541069556099266,0.632258064516129,0.11455108359133127,0.8688695652173913,0.09321739130434782,0.0076521739130434785,0.010434782608695653
06037402406,"Census Tract 4024.06, Los Angeles County, California",5329,49679.0,1182,44,5291,911,578,305,1182,296,5329,317,173,273,4537,0.03722504230118443,0.17217917217917217,0.527681660899654,0.25042301184433163,0.8513792456370801,0.03246387689998124,0.05122912366297617,0.05948583223869394
06037402501,"Census Tract 4025.01, Los Angeles County, California",5591,40542.0,1310,177,5518,1169,955,617,1310,422,5591,187,142,176,5066,0.13511450381679388,0.21185212033345416,0.6460732984293194,0.32213740458015266,0.9060990878197103,0.025397961008764087,0.031479162940439995,0.03344661062421749
06037402502,"Census Tract 4025.02, Los Angeles County, California",6839,45432.0,1783,123,6839,1594,1261,881,1783,332,6839,264,239,798,5497,0.06898485698261357,0.23307501096651556,0.6986518636003172,0.1862030286034773,0.8037724813569235,0.03494662962421407,0.11668372569089049,0.038602134815031434
06037402600,"Census Tract 4026, Los Angeles County, California",7493,54727.0,2342,305,7425,1270,1173,647,2342,314,7493,1402,263,434,5278,0.13023057216054654,0.17104377104377105,0.5515771526001705,0.1340734415029889,0.7043907647137329,0.03509942613105565,0.05792072601094355,0.18710796743627386
06037402702,"Census Tract 4027.02, Los Angeles County, California",6365,34095.0,1565,164,6347,2655,1229,813,1565,526,6365,210,663,62,5423,0.1047923322683706,0.41830786198203873,0.661513425549227,0.33610223642172526,0.8520031421838178,0.10416339355852318,0.00974076983503535,0.032992930086410056
06037402703,"Census Tract 4027.03, Los Angeles County, California",4661,70091.0,1281,44,4648,694,468,247,1281,182,4661,563,502,395,3120,0.03434816549570648,0.14931153184165233,0.5277777777777778,0.14207650273224043,0.669384252306372,0.10770220982621755,0.0847457627118644,0.12078953014374598
06037402705,"Census Tract 4027.05, Los Angeles County, California",3254,80000.0,840,4,3221,166,147,51,840,43,3254,383,202,191,2385,0.004761904761904762,0.05153678981682707,0.3469387755102041,0.05119047619047619,0.7329440688383528,0.06207744314689613,0.05869698832206515,0.11770129071911493
06037402706,"Census Tract 4027.06, Los Angeles County, California",3834,69875.0,970,57,3766,464,359,212,970,69,3834,390,247,276,2764,0.058762886597938144,0.12320764737121614,0.5905292479108635,0.0711340206185567,0.7209181011997914,0.06442357850808555,0.07198748043818466,0.10172143974960876
06037402801,"Census Tract 4028.01, Los Angeles County, California",4976,45313.0,1126,108,4976,867,725,434,1126,347,4976,74,0,138,4688,0.09591474245115453,0.1742363344051447,0.5986206896551725,0.30817051509769094,0.9421221864951769,0.0,0.027733118971061094,0.01487138263665595
06037402803,"Census Tract 4028.03, Los Angeles County, California",3270,48090.0,725,40,3250,535,429,244,725,208,3270,22,60,217,2965,0.05517241379310345,0.1646153846153846,0.5687645687645687,0.2868965517241379,0.9067278287461774,0.01834862385321101,0.06636085626911314,0.00672782874617737
06037402804,"Census Tract 4028.04, Los Angeles County, California",4238,54063.0,936,40,4226,778,716,389,936,245,4238,90,155,464,3489,0.042735042735042736,0.18409843823946995,0.5432960893854749,0.26175213675213677,0.8232656913638509,0.0365738555922605,0.10948560641812176,0.021236432279377066
06037402902,"Census Tract 4029.02, Los Angeles County, California",6903,64583.0,1531,97,6747,1533,800,404,1531,242,6903,438,314,880,5224,0.06335728282168518,0.2272120942641174,0.505,0.1580666231221424,0.756772417789367,0.04548746921628278,0.12748080544690715,0.06345067362016514
06037402903,"Census Tract 4029.03, Los Angeles County, California",4363,56667.0,982,77,4319,976,437,333,982,115,4363,189,158,483,3465,0.07841140529531568,0.22597823570270897,0.7620137299771167,0.11710794297352342,0.7941783176713271,0.03621361448544579,0.11070364428145771,0.04331881732752693
06037402904,"Census Tract 4029.04, Los Angeles County, California",3705,71637.0,793,29,3688,168,175,117,793,133,3705,196,41,108,3303,0.03656998738965952,0.0455531453362256,0.6685714285714286,0.1677175283732661,0.891497975708502,0.011066126855600539,0.029149797570850202,0.052901484480431846
06037403000,"Census Tract 4030, Los Angeles County, California",6950,62300.0,1516,77,6896,869,363,226,1516,273,6950,195,262,453,5948,0.05079155672823219,0.12601508120649652,0.6225895316804407,0.18007915567282323,0.8558273381294964,0.037697841726618705,0.06517985611510792,0.02805755395683453
06037403200,"Census Tract 4032, Los Angeles County, California",399,,0,0,282,224,0,0,0,0,399,243,42,45,69,,0.7943262411347518,,,0.17293233082706766,0.10526315789473684,0.11278195488721804,0.6090225563909775
06037403303,"Census Tract 4033.03, Los Angeles County, California",2741,77083.0,721,30,2741,326,164,95,721,28,2741,257,83,1519,863,0.04160887656033287,0.1189346953666545,0.5792682926829268,0.038834951456310676,0.31484859540313753,0.03028091937249179,0.5541773075519884,0.09376140094855892
06037403304,"Census Tract 4033.04, Los Angeles County, California",4863,106188.0,1648,63,4857,167,246,74,1648,5,4863,666,46,3163,744,0.03822815533980582,0.0343833642165946,0.3008130081300813,0.003033980582524272,0.15299198025909932,0.009459181575159367,0.6504215504832408,0.13695249845774213
06037403305,"Census Tract 4033.05, Los Angeles County, California",2294,106758.0,697,6,2278,143,189,68,697,15,2294,224,35,1684,252,0.00860832137733142,0.06277436347673397,0.35978835978835977,0.021520803443328552,0.10985178727114212,0.015257192676547515,0.7340889276373147,0.0976460331299041
06037403312,"Census Tract 4033.12, Los Angeles County, California",5096,77813.0,1602,40,5096,299,366,157,1602,38,5096,1134,58,2111,1749,0.024968789013732832,0.058673469387755105,0.42896174863387976,0.02372034956304619,0.3432103610675039,0.011381475667189953,0.41424646781789637,0.22252747252747251
06037403316,"Census Tract 4033.16, Los Angeles County, California",6757,84976.0,2385,109,6757,479,627,392,2385,44,6757,2281,360,2686,1319,0.04570230607966457,0.07088944797987272,0.6251993620414673,0.018448637316561847,0.19520497262098566,0.0532780819890484,0.39751368950717775,0.3375758472694983
06037403317,"Census Tract 4033.17, Los Angeles County, California",4710,107208.0,1427,29,4690,207,195,104,1427,56,4710,703,388,1871,1521,0.020322354590049056,0.044136460554371,0.5333333333333333,0.039243167484232656,0.32292993630573247,0.08237791932059448,0.39723991507431,0.14925690021231422
06037403318,"Census Tract 4033.18, Los Angeles County, California",6367,92935.0,1928,5,6345,720,456,275,1928,20,6367,1484,533,1996,1951,0.0025933609958506223,0.11347517730496454,0.6030701754385965,0.01037344398340249,0.3064237474477776,0.08371289461284749,0.31349144023873093,0.2330768022616617
06037403319,"Census Tract 4033.19, Los Angeles County, California",4046,79750.0,1594,71,4046,356,549,394,1594,30,4046,545,226,2137,958,0.04454203262233375,0.087988136431043,0.7176684881602914,0.018820577164366373,0.23677706376668314,0.055857637172516066,0.5281759762728621,0.13470093919920909
06037403320,"Census Tract 4033.20, Los Angeles County, California",4992,114063.0,1572,18,4963,252,246,100,1572,17,4992,527,151,3530,743,0.011450381679389313,0.05077574047954866,0.4065040650406504,0.010814249363867684,0.14883814102564102,0.030248397435897436,0.7071314102564102,0.10556891025641026
06037403321,"Census Tract 4033.21, Los Angeles County, California",6303,102188.0,1937,86,6278,577,502,288,1937,129,6303,1303,346,2808,1595,0.04439855446566856,0.09190825103536159,0.5737051792828686,0.06659783169850284,0.2530541012216405,0.0548944946850706,0.44550214183722037,0.2067269554180549
06037403322,"Census Tract 4033.22, Los Angeles County, California",3703,108822.0,1221,50,3703,191,301,87,1221,19,3703,878,67,2026,622,0.04095004095004095,0.05157980016203079,0.28903654485049834,0.015561015561015561,0.1679719146637861,0.018093437753173104,0.5471239535511747,0.2371050499594923
06037403323,"Census Tract 4033.23, Los Angeles County, California",5494,90902.0,1758,8,5479,188,513,310,1758,37,5494,769,177,3855,451,0.004550625711035267,0.0343128308085417,0.6042884990253411,0.02104664391353811,0.08208955223880597,0.03221696396068438,0.7016745540589734,0.1399708773207135
06037403324,"Census Tract 4033.24, Los Angeles County, California",7193,106642.0,2115,18,7193,468,459,237,2115,211,7193,672,291,5100,1047,0.00851063829787234,0.06506325594327819,0.5163398692810458,0.09976359338061466,0.1455581815654108,0.04045599888780759,0.7090226609203392,0.09342416238009175
06037403325,"Census Tract 4033.25, Los Angeles County, California",5348,118481.0,1689,31,5348,198,386,124,1689,18,5348,781,297,3286,830,0.018354055654233273,0.03702318623784592,0.32124352331606215,0.010657193605683837,0.15519820493642483,0.055534779356768885,0.6144353029169783,0.14603590127150337
06037403401,"Census Tract 4034.01, Los Angeles County, California",5136,106477.0,1585,19,5136,396,314,142,1585,44,5136,375,384,3006,1330,0.011987381703470032,0.07710280373831775,0.45222929936305734,0.0277602523659306,0.2589563862928349,0.07476635514018691,0.5852803738317757,0.07301401869158879
06037403402,"Census Tract 4034.02, Los Angeles County, California",3745,84906.0,1077,48,3734,224,210,148,1077,18,3745,521,89,2016,944,0.04456824512534819,0.059989287627209426,0.7047619047619048,0.016713091922005572,0.2520694259012016,0.02376502002670227,0.5383177570093458,0.13911882510013351
06037403403,"Census Tract 4034.03, Los Angeles County, California",4898,136094.0,1547,9,4898,261,173,52,1547,16,4898,260,248,3355,894,0.005817711700064641,0.05328705594120049,0.30057803468208094,0.010342598577892695,0.18252347897100857,0.05063291139240506,0.6849734585545121,0.053082890975908535
06037403404,"Census Tract 4034.04, Los Angeles County, California",2645,95625.0,764,16,2645,180,73,31,764,21,2645,358,126,1750,361,0.020942408376963352,0.06805293005671077,0.4246575342465753,0.0274869109947644,0.13648393194706995,0.047637051039697544,0.6616257088846881,0.13534971644612476
06037403405,"Census Tract 4034.05, Los Angeles County, California",1698,134688.0,533,12,1691,210,79,24,533,2,1698,251,3,1073,351,0.0225140712945591,0.12418687167356594,0.3037974683544304,0.00375234521575985,0.2067137809187279,0.0017667844522968198,0.6319199057714959,0.14782096584216725
06037403406,"Census Tract 4034.06, Los Angeles County, California",2955,85417.0,886,56,2946,291,303,161,886,74,2955,708,21,1289,787,0.06320541760722348,0.09877800407331976,0.5313531353135313,0.0835214446952596,0.26632825719120135,0.007106598984771574,0.4362098138747885,0.23959390862944163
06037403407,"Census Tract 4034.07, Los Angeles County, California",2314,143889.0,702,4,2314,171,31,7,702,5,2314,90,61,1861,302,0.005698005698005698,0.07389801210025929,0.22580645161290322,0.007122507122507123,0.13050993949870354,0.026361279170267933,0.8042350907519447,0.03889369057908384
06037403408,"Census Tract 4034.08, Los Angeles County, California",6512,102292.0,1975,69,6512,224,190,24,1975,11,6512,544,331,4353,1079,0.034936708860759495,0.0343980343980344,0.12631578947368421,0.005569620253164557,0.1656941031941032,0.05082923832923833,0.668458230958231,0.08353808353808354
06037403500,"Census Tract 4035, Los Angeles County, California",1835,106250.0,554,75,1835,83,152,78,554,19,1835,363,52,699,661,0.13537906137184116,0.045231607629427795,0.5131578947368421,0.03429602888086643,0.36021798365122615,0.028337874659400544,0.3809264305177112,0.19782016348773843
06037403600,"Census Tract 4036, Los Angeles County, California",6690,76635.0,2093,23,6685,755,551,150,2093,171,6690,1457,290,1156,3707,0.01098901098901099,0.11293941660433807,0.27223230490018147,0.0817009077878643,0.5541106128550075,0.043348281016442454,0.17279521674140508,0.21778774289985053
06037403702,"Census Tract 4037.02, Los Angeles County, California",3786,103438.0,1109,39,3781,119,142,64,1109,27,3786,1124,142,640,1742,0.0351668169522092,0.03147315524993388,0.4507042253521127,0.024346257889990983,0.4601162176439514,0.03750660327522451,0.16904384574749076,0.29688325409403066
06037403703,"Census Tract 4037.03, Los Angeles County, California",4542,85977.0,1531,112,4501,448,346,205,1531,70,4542,1923,158,480,1919,0.07315480078380143,0.09953343701399689,0.5924855491329479,0.045721750489875895,0.42250110083663583,0.03478643769264641,0.10568031704095113,0.4233817701453104
06037403721,"Census Tract 4037.21, Los Angeles County, California",4897,64628.0,1606,132,4897,507,701,288,1606,45,4897,1449,120,584,2617,0.0821917808219178,0.1035327751684705,0.4108416547788873,0.028019925280199254,0.5344088217275883,0.02450479885644272,0.11925668776802124,0.29589544619154584
06037403722,"Census Tract 4037.22, Los Angeles County, California",5628,57377.0,1728,53,5573,971,1042,691,1728,346,5628,1095,127,619,3695,0.030671296296296297,0.17423290866678628,0.663147792706334,0.20023148148148148,0.6565387348969438,0.022565742714996447,0.10998578535891969,0.19456289978678037
06037403801,"Census Tract 4038.01, Los Angeles County, California",6224,73250.0,1925,45,6204,828,711,389,1925,150,6224,1005,149,1058,3886,0.023376623376623377,0.13346228239845262,0.5471167369901547,0.07792207792207792,0.6243573264781491,0.023939588688946016,0.16998714652956298,0.16147172236503857
06037403802,"Census Tract 4038.02, Los Angeles County, California",6687,71591.0,1918,37,6620,852,893,485,1918,196,6687,1713,300,762,3570,0.01929092805005214,0.12870090634441086,0.5431131019036954,0.10218978102189781,0.5338716913414087,0.04486316733961418,0.11395244504262,0.25616868550919697
06037403901,"Census Tract 4039.01, Los Angeles County, California",3174,83750.0,911,27,3164,407,207,94,911,31,3174,1006,45,312,1691,0.029637760702524697,0.1286346396965866,0.45410628019323673,0.03402854006586169,0.5327662255828608,0.014177693761814745,0.09829867674858223,0.31695022054190297
06037403902,"Census Tract 4039.02, Los Angeles County, California",5140,88611.0,1494,20,4792,397,486,229,1494,98,5140,2240,319,386,2060,0.013386880856760375,0.08284641068447413,0.4711934156378601,0.06559571619812583,0.40077821011673154,0.06206225680933852,0.07509727626459144,0.4357976653696498
06037404000,"Census Tract 4040, Los Angeles County, California",4614,84519.0,1299,98,4614,436,512,199,1299,99,4614,921,59,391,3231,0.07544264819091609,0.09449501517121803,0.388671875,0.07621247113163972,0.7002600780234071,0.012787169484178587,0.0847420892934547,0.19960988296488946
06037404100,"Census Tract 4041, Los Angeles County, California",6277,64643.0,1458,0,6244,298,511,249,1458,251,6277,408,218,432,5085,0.0,0.04772581678411275,0.487279843444227,0.1721536351165981,0.8101003664170783,0.03472996654452764,0.06882268599649514,0.0649992034411343
06037404201,"Census Tract 4042.01, Los Angeles County, California",3519,54896.0,987,17,3508,992,435,227,987,159,3519,536,25,388,2418,0.017223910840932118,0.28278221208665905,0.5218390804597701,0.16109422492401215,0.6871270247229326,0.007104290991759022,0.11025859619210003,0.15231599886331343
06037404202,"Census Tract 4042.02, Los Angeles County, California",4252,68537.0,731,29,2851,604,340,177,731,72,4252,1187,119,526,2330,0.03967168262653899,0.2118554893019993,0.5205882352941177,0.09849521203830369,0.5479774223894638,0.027986829727187208,0.12370649106302917,0.2791627469426152
06037404301,"Census Tract 4043.01, Los Angeles County, California",5503,49534.0,1386,74,5503,1060,951,640,1386,311,5503,324,179,181,4800,0.05339105339105339,0.19262220606941668,0.6729758149316509,0.22438672438672438,0.8722514991822642,0.03252771215700527,0.03289115028166455,0.05887697619480284
06037404302,"Census Tract 4043.02, Los Angeles County, California",2176,78077.0,572,23,2170,145,221,109,572,53,2176,286,20,253,1608,0.04020979020979021,0.06682027649769585,0.49321266968325794,0.09265734265734266,0.7389705882352942,0.009191176470588236,0.11626838235294118,0.13143382352941177
06037404401,"Census Tract 4044.01, Los Angeles County, California",3715,67353.0,966,23,3702,499,359,202,966,142,3715,371,42,96,3155,0.023809523809523808,0.13479200432198812,0.5626740947075209,0.14699792960662525,0.8492597577388964,0.011305518169582772,0.025841184387617767,0.09986541049798116
06037404402,"Census Tract 4044.02, Los Angeles County, California",5156,69444.0,1102,16,5047,346,544,229,1102,219,5156,272,128,673,3931,0.014519056261343012,0.06855557757083416,0.4209558823529412,0.1987295825771325,0.7624127230411172,0.02482544608223429,0.13052754072924747,0.05275407292474787
06037404501,"Census Tract 4045.01, Los Angeles County, California",2789,56115.0,671,18,2691,333,302,212,671,153,2789,135,28,178,2381,0.026825633383010434,0.12374581939799331,0.7019867549668874,0.22801788375558868,0.8537110075295805,0.010039440659734672,0.06382215847974185,0.048404446038006456
06037404503,"Census Tract 4045.03, Los Angeles County, California",2638,76394.0,711,5,2615,253,186,116,711,101,2638,221,77,311,1962,0.007032348804500703,0.09674952198852772,0.6236559139784946,0.1420534458509142,0.7437452615617892,0.029188779378316907,0.1178923426838514,0.08377558756633814
06037404504,"Census Tract 4045.04, Los Angeles County, California",5073,57206.0,1296,105,5073,831,756,485,1296,313,5073,373,171,483,4034,0.08101851851851852,0.16380839739798936,0.6415343915343915,0.24151234567901234,0.795190222747881,0.033707865168539325,0.09520993494973388,0.07352651291149222
06037404600,"Census Tract 4046, Los Angeles County, California",1394,72500.0,392,36,1387,115,110,54,392,44,1394,118,0,9,1259,0.09183673469387756,0.0829127613554434,0.4909090909090909,0.11224489795918367,0.9031563845050216,0.0,0.006456241032998565,0.08464849354375897
06037404701,"Census Tract 4047.01, Los Angeles County, California",5665,75931.0,1238,65,5636,686,456,239,1238,264,5665,224,11,1033,4380,0.05250403877221325,0.12171753016323633,0.5241228070175439,0.21324717285945072,0.7731685789938217,0.001941747572815534,0.1823477493380406,0.03954104148278906
06037404702,"Census Tract 4047.02, Los Angeles County, California",5629,58929.0,1400,45,5629,935,699,362,1400,185,5629,187,141,1567,3715,0.03214285714285714,0.16610410374844556,0.5178826895565093,0.13214285714285715,0.6599751287972997,0.02504885414816131,0.2783798187955232,0.03322082074968911
06037404703,"Census Tract 4047.03, Los Angeles County, California",3110,55455.0,756,25,3095,712,458,292,756,174,3110,69,48,349,2610,0.03306878306878307,0.23004846526655898,0.6375545851528385,0.23015873015873015,0.8392282958199357,0.015434083601286173,0.11221864951768488,0.022186495176848873
06037404801,"Census Tract 4048.01, Los Angeles County, California",7911,62153.0,1879,104,7842,1038,1031,621,1879,444,7911,295,77,1738,5789,0.05534858967535923,0.13236419280795717,0.6023278370514064,0.2362959020755721,0.7317658955884212,0.009733282770825432,0.21969409682720262,0.037289849576539
06037404802,"Census Tract 4048.02, Los Angeles County, California",4196,61921.0,1059,75,4175,654,616,390,1059,294,4196,187,57,744,3074,0.0708215297450425,0.15664670658682633,0.6331168831168831,0.2776203966005666,0.7326024785510009,0.013584366062917064,0.1773117254528122,0.044566253574833174
06037404803,"Census Tract 4048.03, Los Angeles County, California",1719,66736.0,445,3,1640,46,168,80,445,92,1719,209,0,175,1331,0.006741573033707865,0.02804878048780488,0.47619047619047616,0.20674157303370785,0.7742873763816173,0.0,0.10180337405468295,0.12158231529959279
06037404901,"Census Tract 4049.01, Los Angeles County, California",5700,67636.0,1289,0,5700,541,445,183,1289,263,5700,207,151,1219,4123,0.0,0.09491228070175439,0.41123595505617977,0.20403413498836306,0.7233333333333334,0.026491228070175437,0.21385964912280703,0.03631578947368421
06037404902,"Census Tract 4049.02, Los Angeles County, California",3968,74618.0,959,18,3955,521,254,154,959,142,3968,106,2,1300,2529,0.018769551616266946,0.13173198482932996,0.6062992125984252,0.1480709071949948,0.6373487903225806,0.0005040322580645161,0.3276209677419355,0.026713709677419355
06037404903,"Census Tract 4049.03, Los Angeles County, California",2738,60993.0,699,19,2738,280,262,131,699,103,2738,73,0,890,1775,0.027181688125894134,0.10226442658875091,0.5,0.1473533619456366,0.6482834185536889,0.0,0.32505478451424397,0.026661796932067203
06037405001,"Census Tract 4050.01, Los Angeles County, California",6029,80042.0,1357,43,6023,613,310,135,1357,213,6029,169,35,639,5156,0.03168754605747973,0.10177652332724556,0.43548387096774194,0.156963890935888,0.8551998673080112,0.005805274506551667,0.1059877259910433,0.02803118261734948
06037405002,"Census Tract 4050.02, Los Angeles County, California",3169,66316.0,682,11,3164,217,218,76,682,194,3169,66,13,453,2580,0.016129032258064516,0.06858407079646017,0.3486238532110092,0.2844574780058651,0.8141369517197854,0.0041022404544020195,0.14294730198800884,0.02082675923004102
06037405101,"Census Tract 4051.01, Los Angeles County, California",5617,78667.0,1160,28,5517,600,417,190,1160,276,5617,182,47,1100,4272,0.02413793103448276,0.10875475802066341,0.4556354916067146,0.23793103448275862,0.7605483354103614,0.008367455937333096,0.19583407512907247,0.032401637884991986
06037405102,"Census Tract 4051.02, Los Angeles County, California",5639,49130.0,1364,142,5575,787,674,443,1364,281,5639,270,126,1149,4068,0.10410557184750734,0.1411659192825112,0.6572700296735905,0.2060117302052786,0.721404504344742,0.022344387302713247,0.20375953183188508,0.04788082993438553
06037405201,"Census Tract 4052.01, Los Angeles County, California",4933,56705.0,1348,12,4933,647,633,439,1348,200,4933,213,167,800,3661,0.008902077151335312,0.131157510642611,0.693522906793049,0.14836795252225518,0.7421447395094263,0.03385363875937563,0.16217311980539226,0.04317859314818569
06037405202,"Census Tract 4052.02, Los Angeles County, California",4850,64423.0,1212,180,4844,894,603,301,1212,289,4850,137,107,566,3727,0.1485148514851485,0.18455821635012387,0.49917081260364843,0.23844884488448845,0.7684536082474227,0.022061855670103093,0.11670103092783506,0.02824742268041237
06037405203,"Census Tract 4052.03, Los Angeles County, California",3638,78615.0,795,21,3553,474,223,116,795,178,3638,355,25,725,2510,0.026415094339622643,0.13340838727835633,0.5201793721973094,0.2238993710691824,0.6899395272127543,0.006871907641561297,0.19928532160527762,0.09758108851017043
06037405301,"Census Tract 4053.01, Los Angeles County, California",3469,61654.0,1019,92,3469,418,512,330,1019,74,3469,348,102,590,2356,0.09028459273797841,0.12049582012107235,0.64453125,0.07262021589793916,0.679158258864226,0.029403286249639667,0.17007783222830786,0.1003170942634765
06037405302,"Census Tract 4053.02, Los Angeles County, California",5433,57159.0,1488,75,5427,587,635,410,1488,159,5433,540,119,1021,3679,0.05040322580645161,0.10816288925741661,0.6456692913385826,0.10685483870967742,0.6771581078593779,0.021903184244432175,0.187925639609792,0.09939260077305356
06037405400,"Census Tract 4054, Los Angeles County, California",4950,89332.0,1263,0,4911,168,158,57,1263,134,4950,614,87,406,3745,0.0,0.03420891875381796,0.36075949367088606,0.1060965954077593,0.7565656565656566,0.017575757575757574,0.08202020202020202,0.12404040404040403
06037405500,"Census Tract 4055, Los Angeles County, California",6596,73566.0,1844,68,6578,386,532,330,1844,149,6596,905,51,1399,4078,0.0368763557483731,0.05868044998479781,0.6203007518796992,0.08080260303687635,0.618253486961795,0.007731958762886598,0.21209824135839903,0.13720436628259552
06037405600,"Census Tract 4056, Los Angeles County, California",5553,87102.0,1603,102,5447,254,454,224,1603,70,5553,775,132,1143,3482,0.06363069245165315,0.0466311731228199,0.4933920704845815,0.043668122270742356,0.6270484422834504,0.02377093462992977,0.20583468395461912,0.13956419953178462
06037405701,"Census Tract 4057.01, Los Angeles County, California",3862,95036.0,1115,16,3855,51,283,150,1115,56,3862,568,0,591,2667,0.014349775784753363,0.013229571984435798,0.5300353356890459,0.05022421524663677,0.6905748316934232,0.0,0.15302951838425685,0.1470740548938374
06037405702,"Census Tract 4057.02, Los Angeles County, California",4957,83558.0,1481,34,4957,216,393,105,1481,122,4957,688,388,893,2775,0.022957461174881837,0.0435747427879766,0.26717557251908397,0.08237677245104659,0.5598144038733105,0.07827314908210611,0.18014928384103288,0.13879362517651805
06037405800,"Census Tract 4058, Los Angeles County, California",5825,79728.0,1641,12,5809,298,624,386,1641,223,5825,884,66,573,3963,0.007312614259597806,0.05129970735066276,0.6185897435897436,0.13589274832419257,0.680343347639485,0.011330472103004292,0.09836909871244635,0.15175965665236052
06037405900,"Census Tract 4059, Los Angeles County, California",3951,63672.0,1190,57,3928,452,391,283,1190,117,3951,746,98,455,2562,0.04789915966386555,0.11507128309572301,0.7237851662404092,0.09831932773109243,0.6484434320425209,0.024803847127309542,0.11516071880536573,0.18881295874462162
06037406000,"Census Tract 4060, Los Angeles County, California",5206,79203.0,1507,54,5057,306,501,253,1507,101,5206,1236,84,606,3127,0.035832780358327807,0.060510183903500096,0.5049900199600799,0.06702057067020571,0.6006530925854783,0.016135228582404917,0.11640414905877833,0.23741836342681522
06037406101,"Census Tract 4061.01, Los Angeles County, California",3105,68514.0,1206,81,3011,208,731,417,1206,45,3105,656,112,305,1876,0.06716417910447761,0.06908003985386915,0.5704514363885089,0.03731343283582089,0.6041867954911433,0.03607085346215781,0.09822866344605476,0.21127214170692432
06037406102,"Census Tract 4061.02, Los Angeles County, California",6167,57321.0,2158,234,6167,709,1747,826,2158,262,6167,920,242,524,4370,0.10843373493975904,0.1149667585535917,0.4728105323411563,0.12140871177015755,0.7086103453867358,0.03924112210150803,0.08496838008756283,0.14918112534457598
06037406200,"Census Tract 4062, Los Angeles County, California",5811,49833.0,1888,341,5603,939,1168,753,1888,191,5811,840,229,1129,3514,0.180614406779661,0.16758879171872212,0.6446917808219178,0.10116525423728813,0.6047151953192221,0.03940801927379108,0.19428669764240233,0.14455343314403718
06037406300,"Census Tract 4063, Los Angeles County, California",5829,99770.0,1673,45,5829,604,483,279,1673,120,5829,1180,97,1954,2209,0.026897788404064555,0.10361983187510722,0.577639751552795,0.07172743574417215,0.3789672328015097,0.016640933264710927,0.33522044947675417,0.20243609538514326
06037406402,"Census Tract 4064.02, Los Angeles County, California",2043,95795.0,563,5,2043,40,32,14,563,20,2043,615,36,186,1094,0.008880994671403197,0.01957905041605482,0.4375,0.035523978685612786,0.5354870288790994,0.01762114537444934,0.09104258443465492,0.3010279001468429
06037406411,"Census Tract 4064.11, Los Angeles County, California",2002,75398.0,513,17,1988,97,150,94,513,36,2002,370,43,369,1150,0.03313840155945419,0.04879275653923541,0.6266666666666667,0.07017543859649122,0.5744255744255744,0.02147852147852148,0.18431568431568432,0.1848151848151848
06037406412,"Census Tract 4064.12, Los Angeles County, California",2123,85156.0,748,19,2123,146,99,85,748,16,2123,459,35,540,1071,0.02540106951871658,0.06877060763071126,0.8585858585858586,0.0213903743315508,0.5044747998115874,0.016486104569006125,0.25435704192180875,0.21620348563353745
06037406500,"Census Tract 4065, Los Angeles County, California",6655,89559.0,1870,10,6607,379,691,371,1870,170,6655,638,239,1568,3830,0.0053475935828877,0.057363402451944906,0.5369030390738061,0.09090909090909091,0.5755071374906086,0.035912847483095416,0.2356123215627348,0.09586776859504133
06037406601,"Census Tract 4066.01, Los Angeles County, California",5550,103484.0,1391,70,5477,634,206,75,1391,90,5550,959,193,1036,3243,0.0503235082674335,0.11575680116852291,0.3640776699029126,0.06470165348670022,0.5843243243243244,0.03477477477477477,0.18666666666666668,0.1727927927927928
06037406602,"Census Tract 4066.02, Los Angeles County, California",5198,91591.0,1276,83,5189,363,371,210,1276,147,5198,589,16,1151,3415,0.06504702194357367,0.06995567546733475,0.5660377358490566,0.1152037617554859,0.6569834551750673,0.0030781069642170067,0.22143131973836092,0.11331281262023855
06037406701,"Census Tract 4067.01, Los Angeles County, California",3082,83906.0,869,27,3059,137,332,193,869,74,3082,264,267,695,1806,0.031070195627157654,0.04478587773782282,0.5813253012048193,0.08515535097813579,0.5859831278390656,0.08663205710577547,0.2255029201817002,0.08565866320571058
06037406702,"Census Tract 4067.02, Los Angeles County, California",6375,79990.0,1775,82,6070,319,922,434,1775,183,6375,819,149,1453,3650,0.04619718309859155,0.05255354200988468,0.47071583514099785,0.10309859154929578,0.5725490196078431,0.023372549019607843,0.22792156862745097,0.12847058823529411
06037406800,"Census Tract 4068, Los Angeles County, California",4866,96042.0,1277,54,4736,383,202,95,1277,130,4866,532,116,1308,2808,0.042286609240407204,0.08086993243243243,0.47029702970297027,0.10180109631949882,0.5770653514180024,0.02383888203863543,0.2688039457459926,0.10933004521167283
06037406901,"Census Tract 4069.01, Los Angeles County, California",4773,74571.0,1151,79,4770,673,458,247,1151,169,4773,163,98,781,3683,0.0686359687228497,0.14109014675052411,0.5393013100436681,0.14682884448305822,0.7716320972134926,0.020532160067043788,0.16362874502409386,0.03415042949926671
06037406902,"Census Tract 4069.02, Los Angeles County, California",3584,62692.0,862,55,3546,399,239,93,862,96,3584,187,41,543,2611,0.06380510440835267,0.11252115059221658,0.3891213389121339,0.11136890951276102,0.728515625,0.011439732142857142,0.15150669642857142,0.05217633928571429
06037407001,"Census Tract 4070.01, Los Angeles County, California",6284,80592.0,1259,43,6262,892,281,168,1259,298,6284,97,24,345,5783,0.03415409054805401,0.14244650271478762,0.597864768683274,0.23669579030976967,0.9202737110120942,0.0038192234245703373,0.0549013367281986,0.015436028007638446
06037407002,"Census Tract 4070.02, Los Angeles County, California",3436,62330.0,747,55,3436,426,106,64,747,162,3436,109,26,368,2902,0.07362784471218206,0.1239813736903376,0.6037735849056604,0.21686746987951808,0.8445867287543656,0.007566938300349243,0.10710128055878929,0.03172293364377183
06037407101,"Census Tract 4071.01, Los Angeles County, California",4883,64375.0,1167,27,4878,915,502,232,1167,233,4883,194,34,403,4252,0.02313624678663239,0.1875768757687577,0.46215139442231074,0.19965724078834618,0.8707761621953717,0.006962932623387262,0.08253123080073725,0.03972967438050379
06037407102,"Census Tract 4071.02, Los Angeles County, California",5710,73529.0,1230,9,5682,257,354,181,1230,219,5710,115,58,938,4484,0.007317073170731708,0.04523055262231609,0.5112994350282486,0.17804878048780487,0.7852889667250438,0.010157618213660246,0.16427320490367775,0.020140105078809107
06037407200,"Census Tract 4072, Los Angeles County, California",6910,61519.0,1589,64,6792,1008,482,321,1589,234,6910,322,2,576,6010,0.040276903713027064,0.14840989399293286,0.6659751037344398,0.1472624292007552,0.869753979739508,0.0002894356005788712,0.0833574529667149,0.046599131693198265
06037407301,"Census Tract 4073.01, Los Angeles County, California",4949,84458.0,1073,49,4930,458,269,58,1073,55,4949,233,50,793,3797,0.045666356011183594,0.09290060851926978,0.21561338289962825,0.05125815470643057,0.767225702162053,0.010103051121438675,0.16023439078601737,0.047080218225904226
06037407302,"Census Tract 4073.02, Los Angeles County, California",3503,68158.0,768,26,3481,408,103,36,768,116,3503,48,58,388,3001,0.033854166666666664,0.11720769893708705,0.34951456310679613,0.15104166666666666,0.8566942620610905,0.016557236654296318,0.1107622038252926,0.013702540679417643
06037407400,"Census Tract 4074, Los Angeles County, California",1977,96164.0,525,5,1977,62,121,63,525,22,1977,222,117,567,893,0.009523809523809525,0.03136064744562468,0.5206611570247934,0.0419047619047619,0.4516944865958523,0.05918057663125948,0.2867981790591806,0.11229135053110774
06037407501,"Census Tract 4075.01, Los Angeles County, California",4257,68860.0,1025,10,4257,400,448,213,1025,180,4257,196,55,663,3339,0.00975609756097561,0.09396288466055908,0.47544642857142855,0.17560975609756097,0.7843551797040169,0.012919896640826873,0.15574348132487667,0.04604181348367395
06037407502,"Census Tract 4075.02, Los Angeles County, California",4170,78984.0,859,20,4170,405,279,88,859,107,4170,192,107,312,3530,0.023282887077997673,0.09712230215827339,0.3154121863799283,0.12456344586728754,0.8465227817745803,0.02565947242206235,0.07482014388489208,0.0460431654676259
06037407601,"Census Tract 4076.01, Los Angeles County, California",4608,61429.0,1116,62,4608,956,692,302,1116,240,4608,118,65,540,3859,0.05555555555555555,0.2074652777777778,0.43641618497109824,0.21505376344086022,0.8374565972222222,0.014105902777777778,0.1171875,0.025607638888888888
06037407602,"Census Tract 4076.02, Los Angeles County, California",3993,68346.0,937,48,3993,185,289,172,937,112,3993,95,96,483,3199,0.051227321237993596,0.04633107938893063,0.5951557093425606,0.11953041622198506,0.8011520160280491,0.02404207362885049,0.12096168294515403,0.023791635361883296
06037407701,"Census Tract 4077.01, Los Angeles County, California",4903,49531.0,1159,139,4880,949,715,374,1159,301,4903,135,15,645,4074,0.11993097497842968,0.1944672131147541,0.5230769230769231,0.25970664365832613,0.8309198449928615,0.00305935141749949,0.13155211095247807,0.02753416275749541
06037407702,"Census Tract 4077.02, Los Angeles County, California",6744,75664.0,1611,49,6694,681,465,199,1611,184,6744,488,42,993,5146,0.03041589075108628,0.10173289512996714,0.42795698924731185,0.11421477343265053,0.7630486358244365,0.006227758007117438,0.1472419928825623,0.07236061684460261
06037407801,"Census Tract 4078.01, Los Angeles County, California",5727,96620.0,1085,27,5727,682,229,65,1085,223,5727,178,60,1385,3947,0.02488479262672811,0.11908503579535533,0.2838427947598253,0.2055299539170507,0.6891915488039113,0.010476689366160294,0.24183691286886677,0.03108084511960887
06037407802,"Census Tract 4078.02, Los Angeles County, California",3476,84643.0,774,26,3476,182,183,92,774,105,3476,138,45,514,2685,0.03359173126614987,0.0523590333716916,0.5027322404371585,0.13565891472868216,0.772439585730725,0.012945914844649022,0.1478711162255466,0.039700805523590336
06037407900,"Census Tract 4079, Los Angeles County, California",6082,91458.0,1530,17,6064,453,397,107,1530,84,6082,307,304,1333,4069,0.011111111111111112,0.07470316622691293,0.2695214105793451,0.054901960784313725,0.669023347583032,0.049983558040118385,0.21917132522196645,0.05047681683656692
06037408003,"Census Tract 4080.03, Los Angeles County, California",4577,86463.0,1276,100,4575,254,303,146,1276,92,4577,228,285,1263,2793,0.07836990595611286,0.05551912568306011,0.48184818481848185,0.07210031347962383,0.6102250382346516,0.062267861044352196,0.2759449421018134,0.04981428883548176
06037408004,"Census Tract 4080.04, Los Angeles County, California",2493,78641.0,839,26,2488,154,409,145,839,70,2493,165,267,910,1110,0.03098927294398093,0.06189710610932476,0.3545232273838631,0.08343265792610251,0.4452466907340554,0.10709987966305656,0.3650220617729643,0.06618531889290012
06037408005,"Census Tract 4080.05, Los Angeles County, California",5161,113477.0,1587,30,5132,305,461,166,1587,94,5161,631,281,2077,1939,0.01890359168241966,0.05943102104442712,0.3600867678958785,0.05923125393824827,0.3757023832590583,0.05444681263321062,0.4024413873280372,0.12226312730091067
06037408006,"Census Tract 4080.06, Los Angeles County, California",3344,80500.0,966,20,3344,490,503,276,966,137,3344,118,133,1795,1223,0.020703933747412008,0.1465311004784689,0.5487077534791253,0.14182194616977226,0.36572966507177035,0.03977272727272727,0.5367822966507177,0.035287081339712915
06037408133,"Census Tract 4081.33, Los Angeles County, California",5203,70667.0,1520,72,5197,693,887,485,1520,214,5203,319,216,1821,2774,0.04736842105263158,0.1333461612468732,0.5467869222096956,0.14078947368421052,0.5331539496444359,0.04151451085911974,0.3499903901595234,0.0613107822410148
06037408134,"Census Tract 4081.34, Los Angeles County, California",2760,107404.0,767,29,2760,382,176,67,767,52,2760,290,138,1391,835,0.03780964797913951,0.13840579710144926,0.3806818181818182,0.06779661016949153,0.302536231884058,0.05,0.5039855072463768,0.10507246376811594
06037408135,"Census Tract 4081.35, Los Angeles County, California",3882,92250.0,1164,39,3877,389,537,173,1164,27,3882,330,177,1889,1443,0.03350515463917526,0.10033531080732525,0.3221601489757914,0.023195876288659795,0.37171561051004637,0.04559505409582689,0.48660484286450284,0.08500772797527048
06037408136,"Census Tract 4081.36, Los Angeles County, California",4224,97500.0,1004,34,4224,243,211,96,1004,81,4224,339,262,1346,2224,0.03386454183266932,0.05752840909090909,0.4549763033175355,0.08067729083665338,0.5265151515151515,0.06202651515151515,0.31865530303030304,0.08025568181818182
06037408137,"Census Tract 4081.37, Los Angeles County, California",4277,70976.0,1334,37,4277,684,839,413,1334,222,4277,355,323,1564,1931,0.027736131934032984,0.15992518120177696,0.4922526817640048,0.1664167916041979,0.4514846855272387,0.07552022445639467,0.3656768763151742,0.08300210427870003
06037408138,"Census Tract 4081.38, Los Angeles County, California",5432,58594.0,1207,45,5376,1004,334,115,1207,280,5432,256,40,250,4841,0.037282518641259324,0.18675595238095238,0.344311377245509,0.231980115990058,0.8912002945508101,0.007363770250368188,0.04602356406480118,0.047128129602356406
06037408139,"Census Tract 4081.39, Los Angeles County, California",4536,71028.0,835,38,4437,499,223,124,835,217,4536,139,15,111,4271,0.045508982035928146,0.11246337615505972,0.5560538116591929,0.25988023952095807,0.9415784832451499,0.0033068783068783067,0.02447089947089947,0.03064373897707231
06037408140,"Census Tract 4081.40, Los Angeles County, California",3793,64692.0,760,48,3793,595,180,125,760,114,3793,82,31,224,3456,0.06315789473684211,0.15686791457948854,0.6944444444444444,0.15,0.911152122330609,0.00817295017136831,0.05905615607698392,0.021618771421038754
06037408141,"Census Tract 4081.41, Los Angeles County, California",5366,75722.0,1112,5,5342,398,275,138,1112,222,5366,48,6,983,4329,0.0044964028776978415,0.07450393111194309,0.5018181818181818,0.19964028776978418,0.8067461796496459,0.0011181513231457323,0.1831904584420425,0.008945210585165859
06037408202,"Census Tract 4082.02, Los Angeles County, California",2015,62583.0,469,12,1970,351,211,97,469,92,2015,135,0,209,1628,0.0255863539445629,0.17817258883248732,0.4597156398104265,0.19616204690831557,0.8079404466501241,0.0,0.10372208436724566,0.06699751861042183
06037408211,"Census Tract 4082.11, Los Angeles County, California",6381,60429.0,1800,75,6345,537,880,508,1800,386,6381,269,75,4083,1850,0.041666666666666664,0.08463356973995272,0.5772727272727273,0.21444444444444444,0.2899232095282871,0.011753643629525154,0.6398683591913493,0.04215640181789688
06037408212,"Census Tract 4082.12, Los Angeles County, California",5042,74167.0,1378,65,5037,490,290,128,1378,110,5042,368,175,2925,1497,0.04716981132075472,0.09728012705975779,0.4413793103448276,0.07982583454281568,0.2969059896866323,0.034708449028163425,0.5801269337564459,0.07298690995636652
06037408301,"Census Tract 4083.01, Los Angeles County, California",5569,67464.0,1239,84,5521,737,440,273,1239,275,5569,91,30,520,4928,0.06779661016949153,0.13349030972649883,0.6204545454545455,0.22195318805488298,0.8848985455198419,0.0053869635482133235,0.09337403483569762,0.016340456096247083
06037408302,"Census Tract 4083.02, Los Angeles County, California",3836,85968.0,1070,12,3836,163,157,103,1070,109,3836,274,0,615,2898,0.011214953271028037,0.04249217935349322,0.6560509554140127,0.10186915887850467,0.7554744525547445,0.0,0.16032325338894682,0.07142857142857142
06037408303,"Census Tract 4083.03, Los Angeles County, California",4183,91750.0,1185,12,4162,139,159,19,1185,64,4183,565,51,745,2822,0.010126582278481013,0.03339740509370495,0.11949685534591195,0.0540084388185654,0.674635429117858,0.012192206550322734,0.17810184078412622,0.13507052354769306
06037408401,"Census Tract 4084.01, Los Angeles County, California",4389,75023.0,1237,45,4354,359,507,275,1237,103,4389,417,113,1130,2721,0.03637833468067906,0.08245291685806155,0.5424063116370809,0.08326596604688763,0.619958988380041,0.025746183640920482,0.25746183640920484,0.09501025290498975
06037408402,"Census Tract 4084.02, Los Angeles County, California",6646,86667.0,1886,60,6630,437,127,110,1886,85,6646,1080,68,1399,4080,0.031813361611876985,0.06591251885369533,0.8661417322834646,0.045068928950159064,0.6139030996087872,0.01023171832681312,0.2105025579295817,0.16250376166114958
06037408501,"Census Tract 4085.01, Los Angeles County, California",3050,64306.0,806,39,3036,464,295,161,806,90,3050,150,14,716,2163,0.04838709677419355,0.152832674571805,0.5457627118644067,0.11166253101736973,0.7091803278688524,0.0045901639344262295,0.23475409836065575,0.04918032786885246
06037408503,"Census Tract 4085.03, Los Angeles County, California",6673,120721.0,1973,15,6662,238,199,70,1973,30,6673,1126,114,2975,2261,0.007602635580334516,0.035725007505253675,0.35175879396984927,0.015205271160669031,0.3388281132923722,0.017083770418102804,0.4458264648583845,0.1687396972875768
06037408504,"Census Tract 4085.04, Los Angeles County, California",5193,86296.0,1583,76,5191,601,706,367,1583,135,5193,570,10,1746,2804,0.04801010739102969,0.11577730687728761,0.5198300283286119,0.08528111181301326,0.5399576352782592,0.0019256691700365878,0.3362218370883882,0.1097631426920855
06037408505,"Census Tract 4085.05, Los Angeles County, California",2653,113702.0,769,12,2637,279,140,45,769,36,2653,464,19,912,1232,0.015604681404421327,0.10580204778156997,0.32142857142857145,0.04681404421326398,0.46437994722955145,0.007161703731624576,0.34376177911797967,0.17489634376177912
06037408623,"Census Tract 4086.23, Los Angeles County, California",3268,73393.0,970,50,3268,258,318,150,970,80,3268,525,87,1558,1003,0.05154639175257732,0.07894736842105263,0.4716981132075472,0.08247422680412371,0.3069155446756426,0.026621787025703794,0.47674418604651164,0.1606487148102815
06037408624,"Census Tract 4086.24, Los Angeles County, California",2958,89107.0,962,29,2953,193,156,72,962,62,2958,244,1,1945,739,0.030145530145530147,0.0653572637995259,0.46153846153846156,0.06444906444906445,0.24983096686950643,0.0003380662609871535,0.6575388776200135,0.08248816768086545
06037408625,"Census Tract 4086.25, Los Angeles County, California",4214,87632.0,1324,10,4206,347,322,219,1324,50,4214,621,0,2201,1343,0.0075528700906344415,0.08250118877793629,0.6801242236024845,0.0377643504531722,0.31869957285239675,0.0,0.5223065970574277,0.1473659231134314
06037408626,"Census Tract 4086.26, Los Angeles County, California",4037,81379.0,1328,98,4037,392,538,280,1328,323,4037,245,84,2828,880,0.07379518072289157,0.0971018082734704,0.5204460966542751,0.24322289156626506,0.21798365122615804,0.020807530344315085,0.7005201882586078,0.060688630170919
06037408627,"Census Tract 4086.27, Los Angeles County, California",3076,104141.0,922,17,3076,290,126,42,922,16,3076,345,41,2026,607,0.01843817787418655,0.09427828348504551,0.3333333333333333,0.01735357917570499,0.19733420026007803,0.013328998699609884,0.6586475942782835,0.11215864759427828
06037408628,"Census Tract 4086.28, Los Angeles County, California",5177,67029.0,1866,106,5177,607,583,320,1866,109,5177,443,66,3487,1072,0.05680600214362272,0.11724937222329535,0.548885077186964,0.05841371918542337,0.20706973150473246,0.012748696156074947,0.673556113579293,0.08557079389607881
06037408629,"Census Tract 4086.29, Los Angeles County, California",3012,96786.0,926,33,3009,344,143,80,926,43,3012,399,62,1734,714,0.035637149028077755,0.11432369557992689,0.5594405594405595,0.04643628509719223,0.23705179282868527,0.020584329349269587,0.5756972111553785,0.13247011952191234
06037408630,"Census Tract 4086.30, Los Angeles County, California",2510,83793.0,534,9,2510,118,150,94,534,60,2510,107,0,438,1899,0.016853932584269662,0.04701195219123506,0.6266666666666667,0.11235955056179775,0.7565737051792829,0.0,0.1745019920318725,0.042629482071713146
06037408631,"Census Tract 4086.31, Los Angeles County, California",5214,80417.0,1366,11,5180,391,397,139,1366,91,5214,438,8,1651,3065,0.008052708638360176,0.07548262548262548,0.3501259445843829,0.06661786237188873,0.5878404296125815,0.0015343306482546988,0.3166474875335635,0.08400460299194476
06037408703,"Census Tract 4087.03, Los Angeles County, California",6545,124643.0,1928,24,6522,418,258,120,1928,26,6545,418,56,5362,624,0.012448132780082987,0.06409076970254524,0.46511627906976744,0.013485477178423237,0.09533995416348358,0.008556149732620321,0.8192513368983957,0.06386554621848739
06037408704,"Census Tract 4087.04, Los Angeles County, California",3311,58281.0,1042,116,3293,704,526,346,1042,58,3311,250,63,2089,866,0.11132437619961612,0.21378682052839357,0.6577946768060836,0.05566218809980806,0.26155240108728484,0.019027484143763214,0.6309272123225612,0.07550588945937783
06037408705,"Census Tract 4087.05, Los Angeles County, California",5625,72656.0,1597,78,5621,268,472,246,1597,102,5625,662,0,3611,1323,0.048841577958672514,0.04767834904821206,0.5211864406779662,0.06386975579211021,0.2352,0.0,0.6419555555555555,0.11768888888888888
06037408706,"Census Tract 4087.06, Los Angeles County, California",1835,120341.0,477,0,1835,84,45,26,477,48,1835,222,7,1111,308,0.0,0.04577656675749319,0.5777777777777777,0.10062893081761007,0.1678474114441417,0.0038147138964577656,0.6054495912806539,0.12098092643051771
06037408722,"Census Tract 4087.22, Los Angeles County, California",4313,90962.0,1174,6,4289,533,307,103,1174,57,4313,522,8,2484,1140,0.005110732538330494,0.12427139193285149,0.3355048859934853,0.048551959114139696,0.2643171806167401,0.0018548574078367725,0.5759332251333179,0.12102944586134941
06037408723,"Census Tract 4087.23, Los Angeles County, California",2975,70109.0,818,27,2975,157,255,138,818,69,2975,318,70,1706,770,0.03300733496332518,0.05277310924369748,0.5411764705882353,0.0843520782396088,0.25882352941176473,0.023529411764705882,0.5734453781512605,0.10689075630252101
06037408724,"Census Tract 4087.24, Los Angeles County, California",5542,41486.0,1552,127,5540,909,1522,914,1552,760,5542,139,77,2132,3123,0.0818298969072165,0.16407942238267148,0.6005256241787122,0.4896907216494845,0.5635149765427644,0.0138939011187297,0.3846986647419704,0.025081198123421147
06037408800,"Census Tract 4088, Los Angeles County, California",4387,46635.0,1461,102,4212,1206,1171,754,1461,198,4387,630,285,302,2995,0.06981519507186858,0.2863247863247863,0.6438941076003416,0.13552361396303902,0.6826988830635969,0.06496466833827216,0.06883975381809893,0.14360610895828585
06037430002,"Census Tract 4300.02, Los Angeles County, California",6522,73218.0,2409,239,6363,366,934,573,2409,114,6522,1744,472,1400,2865,0.09921129099211291,0.05752003771805752,0.6134903640256959,0.047322540473225407,0.4392824287028519,0.0723704385157927,0.21465808034345293,0.26740263722784424
06037430003,"Census Tract 4300.03, Los Angeles County, California",4971,117543.0,1607,15,4971,370,88,5,1607,27,4971,1804,168,1028,1650,0.009334163036714374,0.0744317038825186,0.056818181818181816,0.016801493466085875,0.331925165962583,0.03379601689800845,0.2067994367330517,0.36290484811909074
06037430101,"Census Tract 4301.01, Los Angeles County, California",5382,47031.0,1907,368,5171,1076,1183,753,1907,170,5382,1339,321,846,2718,0.19297325642370214,0.20808354283504157,0.6365173288250211,0.08914525432616675,0.5050167224080268,0.05964325529542921,0.15719063545150502,0.24879227053140096
06037430102,"Census Tract 4301.02, Los Angeles County, California",4684,67425.0,1209,100,4684,355,429,286,1209,215,4684,438,216,417,3522,0.0827129859387924,0.07578992314261315,0.6666666666666666,0.17783291976840365,0.7519214346712212,0.04611443210930828,0.0890264730999146,0.09350982066609735
06037430200,"Census Tract 4302, Los Angeles County, California",1026,95417.0,393,45,979,46,165,80,393,0,1026,569,8,312,124,0.11450381679389313,0.04698672114402452,0.48484848484848486,0.0,0.12085769980506822,0.007797270955165692,0.30409356725146197,0.5545808966861598
06037430301,"Census Tract 4303.01, Los Angeles County, California",4319,128854.0,1511,0,4300,198,235,56,1511,14,4319,2719,178,518,769,0.0,0.046046511627906975,0.23829787234042554,0.009265387160820648,0.178050474646909,0.04121324380643668,0.11993517017828201,0.6295438758971984
06037430302,"Census Tract 4303.02, Los Angeles County, California",5339,80586.0,2183,86,5301,400,752,379,2183,16,5339,2851,84,440,1533,0.03939532753092075,0.07545746085644219,0.5039893617021277,0.007329363261566651,0.28713242180183557,0.01573328338640195,0.08241243678591496,0.5339951301741899
06037430400,"Census Tract 4304, Los Angeles County, California",4642,128298.0,1464,14,4642,201,317,132,1464,0,4642,1191,143,2897,315,0.009562841530054645,0.04330030159414046,0.416403785488959,0.0,0.06785868160275743,0.030805687203791468,0.6240844463593279,0.25657044377423527
06037430501,"Census Tract 4305.01, Los Angeles County, California",4030,120469.0,1666,32,4030,159,318,161,1666,18,4030,2751,47,742,241,0.01920768307322929,0.03945409429280397,0.5062893081761006,0.010804321728691477,0.0598014888337469,0.011662531017369727,0.18411910669975187,0.6826302729528536
06037430502,"Census Tract 4305.02, Los Angeles County, California",6902,81866.0,2998,101,6888,527,1468,627,2998,71,6902,4499,36,851,1331,0.03368912608405604,0.07650987224157955,0.4271117166212534,0.023682454969979987,0.19284265430310055,0.005215879455230368,0.12329759490002898,0.6518400463633729
06037430600,"Census Tract 4306, Los Angeles County, California",4553,148750.0,1433,0,4553,430,204,81,1433,35,4553,1453,79,2517,222,0.0,0.09444322424774873,0.39705882352941174,0.024424284717376135,0.048759059960465624,0.017351197012958487,0.552822314957171,0.3191302437952998
06037430701,"Census Tract 4307.01, Los Angeles County, California",5846,92500.0,1912,74,5817,594,709,373,1912,39,5846,1639,84,3070,907,0.038702928870292884,0.10211449200618876,0.5260930888575458,0.020397489539748955,0.15514881970578173,0.014368799178925761,0.52514539856312,0.28036264112213477
06037430721,"Census Tract 4307.21, Los Angeles County, California",3963,93114.0,1322,39,3885,508,694,200,1322,94,3963,1126,109,2014,598,0.029500756429652043,0.13075933075933077,0.2881844380403458,0.07110438729198185,0.1508957860206914,0.027504415846580872,0.5082008579359072,0.2841281857178905
06037430723,"Census Tract 4307.23, Los Angeles County, California",4365,75891.0,1629,96,4365,457,1050,475,1629,127,4365,1152,147,2441,478,0.058931860036832415,0.10469644902634594,0.4523809523809524,0.07796193984039287,0.10950744558991982,0.03367697594501718,0.55922107674685,0.2639175257731959
06037430724,"Census Tract 4307.24, Los Angeles County, California",4723,69215.0,1895,162,4723,551,1467,776,1895,116,4723,820,75,2986,761,0.08548812664907651,0.1166631378361211,0.5289706884798909,0.06121372031662269,0.16112640271014186,0.01587973745500741,0.6322252805420284,0.17361846284141436
06037430801,"Census Tract 4308.01, Los Angeles County, California",6978,90408.0,2350,22,6927,389,1298,627,2350,114,6978,1170,106,4824,489,0.009361702127659575,0.056157066551176554,0.4830508474576271,0.04851063829787234,0.07007738607050731,0.015190599025508742,0.6913155631986242,0.16766981943250214
06037430802,"Census Tract 4308.02, Los Angeles County, California",4586,102500.0,1352,9,4586,855,333,233,1352,54,4586,600,15,3413,465,0.006656804733727811,0.1864369821194941,0.6996996996996997,0.03994082840236687,0.10139555167902312,0.0032708242477104232,0.7442215438290449,0.13083296990841692
06037430803,"Census Tract 4308.03, Los Angeles County, California",5397,94315.0,1819,33,5397,349,437,226,1819,21,5397,1310,0,3234,727,0.018141836173721827,0.06466555493792848,0.517162471395881,0.01154480483782298,0.13470446544376505,0.0,0.5992217898832685,0.24272744117102094
06037430901,"Census Tract 4309.01, Los Angeles County, California",4517,64583.0,1569,206,4480,449,1058,578,1569,153,4517,967,390,851,2201,0.1312938177182919,0.10022321428571429,0.5463137996219282,0.09751434034416825,0.48727031215408456,0.08634049147664379,0.18839938011954838,0.21408014168696038
06037430902,"Census Tract 4309.02, Los Angeles County, California",4539,83853.0,1536,35,4449,410,1023,440,1536,91,4539,1090,195,1327,1762,0.022786458333333332,0.09215554057091481,0.43010752688172044,0.059244791666666664,0.3881912315487993,0.04296100462656973,0.292355144304913,0.24014100022031284
06037431001,"Census Tract 4310.01, Los Angeles County, California",7669,71066.0,2649,80,7657,509,1780,797,2649,228,7669,2283,346,722,4064,0.03020007550018875,0.06647512080449262,0.447752808988764,0.08607021517553794,0.5299256747946277,0.04511670361194419,0.0941452601382188,0.297692006780545
06037431002,"Census Tract 4310.02, Los Angeles County, California",3165,52813.0,1240,112,3145,205,600,365,1240,52,3165,1462,124,356,855,0.09032258064516129,0.06518282988871224,0.6083333333333333,0.041935483870967745,0.27014218009478674,0.039178515007898894,0.11248025276461296,0.4619273301737757
06037431100,"Census Tract 4311, Los Angeles County, California",6758,78427.0,2076,105,6753,555,1329,638,2076,135,6758,1091,608,990,3935,0.05057803468208093,0.08218569524655708,0.4800601956358164,0.06502890173410404,0.58227286179343,0.08996744598993785,0.14649304527966855,0.16143829535365492
06037431200,"Census Tract 4312, Los Angeles County, California",6399,63750.0,1490,95,6274,854,517,257,1490,174,6399,637,598,682,4369,0.06375838926174497,0.13611730953139942,0.49709864603481624,0.11677852348993288,0.6827629317080793,0.09345210189092046,0.10657915299265511,0.0995468041881544
06037431300,"Census Tract 4313, Los Angeles County, California",2689,92125.0,850,0,2689,225,209,113,850,11,2689,898,22,523,1002,0.0,0.08367422833767199,0.5406698564593302,0.012941176470588235,0.3726292301970993,0.008181480104127928,0.19449609520267758,0.3339531424321309
06037431400,"Census Tract 4314, Los Angeles County, California",4202,86538.0,1312,76,4202,468,370,194,1312,81,4202,806,31,1900,1266,0.057926829268292686,0.11137553545930509,0.5243243243243243,0.06173780487804878,0.3012851023322228,0.007377439314612089,0.45216563541170873,0.19181342217991432
06037431501,"Census Tract 4315.01, Los Angeles County, California",4480,64244.0,1666,88,4453,640,685,410,1666,122,4480,762,144,2003,1505,0.05282112845138055,0.14372333258477432,0.5985401459854015,0.07322929171668667,0.3359375,0.03214285714285714,0.4470982142857143,0.17008928571428572
06037431502,"Census Tract 4315.02, Los Angeles County, California",4273,62531.0,1407,19,4199,665,570,261,1407,130,4273,1060,42,1945,1096,0.013503909026297086,0.1583710407239819,0.45789473684210524,0.0923951670220327,0.25649426632342615,0.009829159840861221,0.455183711677978,0.24806927217411653
06037431600,"Census Tract 4316, Los Angeles County, California",4190,107386.0,1299,31,4104,219,296,126,1299,29,4190,850,49,2774,350,0.02386451116243264,0.0533625730994152,0.42567567567567566,0.022324865280985373,0.08353221957040573,0.011694510739856803,0.6620525059665872,0.20286396181384247
06037431700,"Census Tract 4317, Los Angeles County, California",6000,108106.0,2046,111,5966,476,506,184,2046,40,6000,916,85,4416,487,0.054252199413489736,0.07978545088836742,0.36363636363636365,0.019550342130987292,0.08116666666666666,0.014166666666666666,0.736,0.15266666666666667
06037431800,"Census Tract 4318, Los Angeles County, California",5655,73548.0,1853,99,5505,576,844,414,1853,55,5655,1225,111,3361,778,0.05342687533729088,0.10463215258855586,0.490521327014218,0.029681597409606044,0.13757736516357205,0.019628647214854113,0.594341290893015,0.21662245800176835
06037431900,"Census Tract 4319, Los Angeles County, California",4400,61146.0,1458,98,4400,748,854,622,1458,121,4400,795,118,2524,852,0.06721536351165981,0.17,0.7283372365339579,0.08299039780521263,0.19363636363636363,0.026818181818181817,0.5736363636363636,0.1806818181818182
06037432000,"Census Tract 4320, Los Angeles County, California",7601,78083.0,2405,181,7226,641,1039,529,2405,249,7601,1221,30,4672,1471,0.07525987525987526,0.08870744533628563,0.5091434071222329,0.10353430353430354,0.19352716747796342,0.003946849098802789,0.614655966320221,0.16063675832127353
06037432101,"Census Tract 4321.01, Los Angeles County, California",4103,91607.0,1359,10,4093,250,336,164,1359,52,4103,760,1,2608,601,0.007358351729212656,0.0610798924993892,0.4880952380952381,0.03826342899190582,0.1464781866926639,0.00024372410431391665,0.6356324640506946,0.18523031927857664
06037432102,"Census Tract 4321.02, Los Angeles County, California",5951,92782.0,1713,7,5914,346,404,190,1713,119,5951,839,40,3711,1182,0.004086398131932283,0.05850524179912073,0.47029702970297027,0.0694687682428488,0.19862208032263484,0.0067215594017812135,0.623592673500252,0.14098470845236094
06037432201,"Census Tract 4322.01, Los Angeles County, California",4491,69662.0,1228,109,4391,506,520,295,1228,175,4491,475,10,3333,591,0.08876221498371335,0.11523570940560236,0.5673076923076923,0.14250814332247558,0.13159652638610556,0.00222667557336896,0.7421509686038744,0.1057670897350256
06037432202,"Census Tract 4322.02, Los Angeles County, California",4471,66154.0,1164,72,4466,619,484,237,1164,192,4471,306,21,2601,1508,0.061855670103092786,0.138602776533811,0.4896694214876033,0.16494845360824742,0.3372847237754417,0.00469693580854395,0.5817490494296578,0.06844106463878327
06037432300,"Census Tract 4323, Los Angeles County, California",4350,54155.0,1160,79,4338,730,521,344,1160,295,4350,334,0,1672,2024,0.06810344827586207,0.1682803135085293,0.6602687140115163,0.2543103448275862,0.4652873563218391,0.0,0.38436781609195403,0.07678160919540229
06037432401,"Census Tract 4324.01, Los Angeles County, California",3705,52500.0,1008,68,3615,591,595,347,1008,195,3705,193,6,1479,2019,0.06746031746031746,0.16348547717842324,0.5831932773109244,0.19345238095238096,0.5449392712550607,0.0016194331983805667,0.3991902834008097,0.05209176788124156
06037432402,"Census Tract 4324.02, Los Angeles County, California",6938,57889.0,1647,109,6855,1569,932,566,1647,294,6938,583,82,2576,3671,0.06618093503339405,0.2288840262582057,0.6072961373390557,0.1785063752276867,0.5291150187373883,0.01181896800230614,0.3712885557797636,0.08402997982127414
06037432500,"Census Tract 4325, Los Angeles County, California",8180,51353.0,2451,271,8000,618,1088,688,2451,162,8180,565,14,2614,4887,0.1105671154630763,0.07725,0.6323529411764706,0.06609547123623011,0.5974327628361858,0.0017114914425427872,0.319559902200489,0.06907090464547677
06037432601,"Census Tract 4326.01, Los Angeles County, California",7210,67760.0,1737,68,7155,996,845,423,1737,326,7210,273,100,2773,3979,0.03914795624640184,0.13920335429769393,0.5005917159763313,0.18767990788716177,0.5518723994452149,0.013869625520110958,0.38460471567267684,0.037864077669902914
06037432602,"Census Tract 4326.02, Los Angeles County, California",4852,65321.0,1138,52,4848,522,446,299,1138,179,4852,78,0,2050,2642,0.04569420035149385,0.10767326732673267,0.6704035874439462,0.15729349736379614,0.544517724649629,0.0,0.42250618301731246,0.016075845012366034
06037432700,"Census Tract 4327, Los Angeles County, California",5779,52882.0,1397,113,5666,1295,736,533,1397,294,5779,113,0,957,4709,0.08088761632068718,0.22855630074126368,0.7241847826086957,0.21045096635647817,0.8148468593182211,0.0,0.16559958470323585,0.019553555978543
06037432801,"Census Tract 4328.01, Los Angeles County, California",2797,23466.0,937,350,2797,658,715,460,937,178,2797,78,5,1330,1384,0.37353255069370334,0.23525205577404362,0.6433566433566433,0.18996798292422626,0.4948158741508759,0.001787629603146228,0.4755094744368967,0.027887021809081158
06037432802,"Census Tract 4328.02, Los Angeles County, California",5077,39474.0,1396,174,5077,1620,1186,832,1396,361,5077,88,0,1234,3682,0.12464183381088825,0.31908607445341736,0.7015177065767285,0.25859598853868193,0.7252314358873351,0.0,0.24305692337994877,0.017333070711049833
06037432901,"Census Tract 4329.01, Los Angeles County, California",3727,59417.0,1159,85,3727,482,529,283,1159,211,3727,134,45,2472,1003,0.07333908541846419,0.12932653608800643,0.5349716446124764,0.182053494391717,0.2691172524818889,0.012074054199087738,0.6632680440032197,0.03595385028172793
06037432902,"Census Tract 4329.02, Los Angeles County, California",3312,72455.0,861,34,3226,234,244,137,861,95,3312,272,7,1904,979,0.03948896631823461,0.07253564786112833,0.5614754098360656,0.11033681765389082,0.2955917874396135,0.002113526570048309,0.5748792270531401,0.0821256038647343
06037433101,"Census Tract 4331.01, Los Angeles County, California",2464,45000.0,668,44,2454,421,256,196,668,111,2464,60,4,1193,1190,0.0658682634730539,0.17155664221678893,0.765625,0.1661676646706587,0.48295454545454547,0.0016233766233766235,0.48417207792207795,0.024350649350649352
06037433102,"Census Tract 4331.02, Los Angeles County, California",5348,46800.0,1292,71,5348,1061,818,498,1292,466,5348,38,0,2218,3032,0.05495356037151703,0.19839192221391175,0.60880195599022,0.3606811145510836,0.5669409124906507,0.0,0.41473448017950637,0.007105459985041137
06037433200,"Census Tract 4332, Los Angeles County, California",6246,50570.0,1699,240,6170,1088,987,603,1699,418,6246,413,46,1742,3878,0.14125956444967627,0.17633711507293354,0.6109422492401215,0.24602707474985286,0.6208773615113673,0.007364713416586615,0.27889849503682357,0.06612231828370158
06037433302,"Census Tract 4333.02, Los Angeles County, California",1530,34500.0,418,48,1520,417,306,150,418,107,1530,31,59,229,1205,0.11483253588516747,0.2743421052631579,0.49019607843137253,0.25598086124401914,0.7875816993464052,0.038562091503267976,0.14967320261437908,0.020261437908496733
06037433304,"Census Tract 4333.04, Los Angeles County, California",5063,36250.0,1315,127,4868,1227,1120,726,1315,346,5063,187,53,1298,3498,0.09657794676806084,0.2520542317173377,0.6482142857142857,0.2631178707224335,0.6908947264467706,0.010468101915860163,0.25636974126012246,0.0369346237408651
06037433305,"Census Tract 4333.05, Los Angeles County, California",4582,44390.0,1280,117,4546,1211,1009,624,1280,231,4582,56,18,1521,2947,0.09140625,0.26638803343598766,0.6184340931615461,0.18046875,0.6431689218681799,0.00392841553906591,0.3319511130510694,0.012221737232649499
06037433306,"Census Tract 4333.06, Los Angeles County, California",3136,57803.0,794,25,3003,465,514,304,794,89,3136,98,4,833,2140,0.031486146095717885,0.15484515484515485,0.5914396887159533,0.11209068010075567,0.6823979591836735,0.0012755102040816326,0.265625,0.03125
06037433307,"Census Tract 4333.07, Los Angeles County, California",3193,60673.0,880,18,3178,675,505,337,880,163,3193,36,6,1002,1996,0.020454545454545454,0.21239773442416615,0.6673267326732674,0.18522727272727274,0.6251174444096461,0.0018791105543376136,0.3138114625743815,0.011274663326025681
06037433401,"Census Tract 4334.01, Los Angeles County, California",3405,49115.0,775,65,3391,821,450,283,775,239,3405,77,12,905,2377,0.08387096774193549,0.2421114715423179,0.6288888888888889,0.30838709677419357,0.6980910425844347,0.003524229074889868,0.2657856093979442,0.02261380323054332
06037433402,"Census Tract 4334.02, Los Angeles County, California",4713,48547.0,1197,121,4638,949,752,337,1197,244,4713,162,12,743,3595,0.1010860484544695,0.20461405778352737,0.44813829787234044,0.20384294068504594,0.7627837895183535,0.002546148949713558,0.15764905580309782,0.03437301082113304
06037433403,"Census Tract 4334.03, Los Angeles County, California",4882,45967.0,1367,162,4842,977,1079,736,1367,466,4882,28,0,914,3914,0.1185076810534016,0.20177612556794713,0.6821130676552364,0.3408924652523775,0.8017206063088897,0.0,0.18721835313396148,0.005735354362965997
06037433501,"Census Tract 4335.01, Los Angeles County, California",1949,36703.0,572,19,1945,491,382,227,572,158,1949,14,0,105,1830,0.033216783216783216,0.25244215938303344,0.5942408376963351,0.2762237762237762,0.9389430477167778,0.0,0.053873781426372495,0.007183170856849667
06037433503,"Census Tract 4335.03, Los Angeles County, California",3269,60080.0,723,52,3269,395,460,236,723,213,3269,44,0,751,2474,0.07192254495159059,0.12083205873355767,0.5130434782608696,0.2946058091286307,0.7568063628020801,0.0,0.22973386356684,0.01345977363107984
06037433504,"Census Tract 4335.04, Los Angeles County, California",4802,36811.0,1025,143,4730,1495,791,519,1025,398,4802,41,15,1095,3465,0.13951219512195123,0.31606765327695563,0.6561314791403287,0.3882926829268293,0.7215743440233237,0.003123698458975427,0.22802998750520617,0.0085381091211995
06037433601,"Census Tract 4336.01, Los Angeles County, California",5066,66174.0,1287,32,5066,585,626,324,1287,238,5066,122,0,3312,1632,0.024864024864024864,0.1154757204895381,0.5175718849840255,0.18492618492618493,0.3221476510067114,0.0,0.6537702329253849,0.024082116067903673
06037433602,"Census Tract 4336.02, Los Angeles County, California",2896,52464.0,801,143,2896,549,427,264,801,168,2896,93,0,1852,945,0.17852684144818975,0.1895718232044199,0.6182669789227166,0.20973782771535582,0.3263121546961326,0.0,0.6395027624309392,0.03211325966850829
06037433700,"Census Tract 4337, Los Angeles County, California",3684,60724.0,889,31,3669,475,326,178,889,103,3684,60,0,466,3131,0.03487064116985377,0.12946306895611884,0.5460122699386503,0.11586051743532058,0.8498914223669924,0.0,0.1264929424538545,0.016286644951140065
06037433801,"Census Tract 4338.01, Los Angeles County, California",5944,49720.0,1415,55,5944,1304,918,508,1415,346,5944,105,11,490,5338,0.038869257950530034,0.2193808882907133,0.5533769063180828,0.24452296819787986,0.8980484522207268,0.0018506056527590848,0.08243606998654104,0.017664872139973083
06037433802,"Census Tract 4338.02, Los Angeles County, California",3362,71645.0,941,59,3362,346,183,98,941,96,3362,289,42,624,2397,0.06269925611052073,0.10291493158834028,0.5355191256830601,0.10201912858660998,0.7129684711481261,0.012492563950029744,0.18560380725758477,0.08596073765615705
06037433901,"Census Tract 4339.01, Los Angeles County, California",6032,41779.0,1372,130,6019,1887,1021,676,1372,530,6032,53,43,1209,4707,0.09475218658892129,0.3135072271141386,0.6620959843290891,0.38629737609329445,0.7803381962864722,0.007128647214854111,0.20043103448275862,0.008786472148541113
06037433902,"Census Tract 4339.02, Los Angeles County, California",3284,53205.0,840,83,3280,518,350,231,840,134,3284,95,0,433,2736,0.0988095238095238,0.15792682926829268,0.66,0.1595238095238095,0.833130328867235,0.0,0.13185140073081608,0.02892813641900122
06037434001,"Census Tract 4340.01, Los Angeles County, California",4410,52436.0,986,32,4364,490,302,168,986,185,4410,137,6,717,3533,0.032454361054766734,0.11228230980751604,0.5562913907284768,0.1876267748478702,0.8011337868480726,0.0013605442176870747,0.16258503401360544,0.03106575963718821
06037434003,"Census Tract 4340.03, Los Angeles County, California",4717,53125.0,1032,113,4707,1077,632,308,1032,270,4717,143,5,666,3866,0.10949612403100775,0.22880815806246016,0.4873417721518987,0.2616279069767442,0.8195887216451134,0.00105999576001696,0.14119143523425906,0.030315878736485054
06037434004,"Census Tract 4340.04, Los Angeles County, California",3039,64443.0,713,21,3039,437,358,173,713,146,3039,40,5,189,2805,0.029453015427769985,0.14379730174399474,0.48324022346368717,0.20476858345021037,0.9230009871668312,0.0016452780519907865,0.06219151036525173,0.013162224415926292
06037460000,"Census Tract 4600, Los Angeles County, California",4421,129393.0,1657,81,4406,229,222,77,1657,9,4421,2486,46,1035,713,0.04888352444176222,0.05197458011802088,0.34684684684684686,0.005431502715751358,0.16127572947296992,0.010404885772449673,0.2341099298801176,0.5623162180502149
06037460100,"Census Tract 4601, Los Angeles County, California",6196,131477.0,2368,44,6196,138,271,139,2368,0,6196,3479,720,543,903,0.018581081081081082,0.022272433828276306,0.5129151291512916,0.0,0.14573918657198193,0.11620400258231117,0.08763718528082634,0.5614912846998064
06037460200,"Census Tract 4602, Los Angeles County, California",5861,101875.0,2016,48,5784,201,438,234,2016,16,5861,2017,1923,475,1123,0.023809523809523808,0.03475103734439834,0.5342465753424658,0.007936507936507936,0.19160552806688277,0.3281010066541546,0.08104419041119262,0.344139225388159
06037460301,"Census Tract 4603.01, Los Angeles County, California",4845,110714.0,1606,59,4845,478,236,75,1606,47,4845,1840,1739,295,787,0.036737235367372355,0.09865841073271414,0.3177966101694915,0.029265255292652552,0.16243550051599587,0.3589267285861713,0.0608875128998968,0.3797729618163055
06037460302,"Census Tract 4603.02, Los Angeles County, California",4221,68306.0,1381,47,4180,490,381,220,1381,71,4221,812,1166,140,2013,0.03403330919623461,0.11722488038277512,0.5774278215223098,0.05141202027516292,0.47690120824449184,0.27623785832741055,0.03316749585406302,0.19237147595356552
06037460401,"Census Tract 4604.01, Los Angeles County, California",985,100417.0,317,4,985,199,99,57,317,25,985,180,283,45,399,0.012618296529968454,0.2020304568527919,0.5757575757575758,0.07886435331230283,0.4050761421319797,0.28730964467005077,0.04568527918781726,0.18274111675126903
06037460501,"Census Tract 4605.01, Los Angeles County, California",5614,189107.0,1754,59,5601,199,97,52,1754,28,5614,2907,0,2060,393,0.033637400228050174,0.03552936975540082,0.5360824742268041,0.01596351197263398,0.07000356252226576,0.0,0.3669397933737086,0.5178126113288208
06037460502,"Census Tract 4605.02, Los Angeles County, California",4277,163438.0,1338,7,4261,95,93,61,1338,31,4277,2005,13,1572,533,0.00523168908819133,0.02229523586012673,0.6559139784946236,0.023168908819133034,0.12462006079027356,0.00303951367781155,0.36754734627075053,0.46878653261631986
06037460600,"Census Tract 4606, Los Angeles County, California",4416,170648.0,1416,17,4388,275,99,14,1416,0,4416,2914,0,988,310,0.012005649717514125,0.06267092069279855,0.1414141414141414,0.0,0.07019927536231885,0.0,0.223731884057971,0.6598731884057971
06037460700,"Census Tract 4607, Los Angeles County, California",5139,210208.0,1559,34,5139,153,90,37,1559,0,5139,2839,141,1328,615,0.021808851828094934,0.0297723292469352,0.4111111111111111,0.0,0.11967308814944541,0.027437244600116754,0.25841603424790816,0.5524421093597977
06037460800,"Census Tract 4608, Los Angeles County, California",3103,212639.0,1195,20,3103,126,51,3,1195,0,3103,2058,210,447,339,0.016736401673640166,0.04060586529165324,0.058823529411764705,0.0,0.10924911376087657,0.0676764421527554,0.1440541411537222,0.6632291330970029
06037460900,"Census Tract 4609, Los Angeles County, California",6731,79101.0,2002,74,6646,858,847,453,2002,173,6731,907,1011,676,3974,0.03696303696303696,0.12910021065302438,0.5348288075560803,0.08641358641358642,0.5904026147674937,0.1502005645520725,0.1004308423711187,0.13474966572574654
06037461000,"Census Tract 4610, Los Angeles County, California",6249,77569.0,1664,90,6181,524,519,342,1664,162,6249,561,2189,233,3106,0.054086538461538464,0.08477592622552985,0.6589595375722543,0.09735576923076923,0.4970395263242119,0.3502960473675788,0.03728596575452072,0.08977436389822371
06037461100,"Census Tract 4611, Los Angeles County, California",5419,90444.0,1837,68,5419,482,864,368,1837,262,5419,1527,1170,161,2387,0.037016875340228635,0.08894630005536076,0.42592592592592593,0.14262384322264562,0.44048717475548993,0.21590699391031556,0.02971027864919727,0.28178630743679645
06037461200,"Census Tract 4612, Los Angeles County, California",4535,129974.0,1663,11,4517,231,253,129,1663,29,4535,2849,510,228,776,0.00661455201443175,0.05114013725924286,0.5098814229249012,0.017438364401683705,0.1711135611907387,0.11245865490628446,0.05027563395810364,0.6282249173098126
06037461300,"Census Tract 4613, Los Angeles County, California",6840,82847.0,2464,210,6700,630,1068,708,2464,107,6840,4178,251,783,1205,0.08522727272727272,0.09402985074626866,0.6629213483146067,0.04342532467532467,0.17616959064327486,0.03669590643274854,0.11447368421052631,0.6108187134502924
06037461400,"Census Tract 4614, Los Angeles County, California",3119,60435.0,1280,142,3083,361,777,457,1280,39,3119,1478,159,250,965,0.1109375,0.11709373986376906,0.5881595881595881,0.03046875,0.30939403655017633,0.050977877524847705,0.0801538954793203,0.47386983007374156
06037461501,"Census Tract 4615.01, Los Angeles County, California",3971,83387.0,1288,161,3971,258,650,389,1288,82,3971,937,626,404,1920,0.125,0.06497104004029212,0.5984615384615385,0.06366459627329192,0.4835054142533367,0.15764291110551498,0.10173759758247293,0.23596071518509193
06037461502,"Census Tract 4615.02, Los Angeles County, California",6423,62769.0,1675,434,5760,1443,1071,679,1675,166,6423,1372,962,492,3440,0.2591044776119403,0.25052083333333336,0.6339869281045751,0.0991044776119403,0.535575276350615,0.14977424879339873,0.07659971975712283,0.21360734859100108
06037461600,"Census Tract 4616, Los Angeles County, California",6058,71250.0,1786,190,6058,1018,1082,549,1786,221,6058,786,839,702,3438,0.10638297872340426,0.16804225817101354,0.5073937153419593,0.12374020156774916,0.5675140310333443,0.1384945526576428,0.11587982832618025,0.1297457906899967
06037461700,"Census Tract 4617, Los Angeles County, California",1526,123854.0,659,15,1486,61,114,24,659,5,1526,937,156,150,246,0.02276176024279211,0.04104979811574697,0.21052631578947367,0.007587253414264037,0.16120576671035386,0.10222804718217562,0.0982961992136304,0.6140235910878112
06037461901,"Census Tract 4619.01, Los Angeles County, California",5051,52000.0,1670,362,5051,1008,1436,735,1670,282,5051,902,677,419,2893,0.21676646706586827,0.1995644426846169,0.5118384401114207,0.1688622754491018,0.5727578697287666,0.13403286477925164,0.08295387052068898,0.1785784993070679
06037461902,"Census Tract 4619.02, Los Angeles County, California",1801,31164.0,1191,378,1801,762,1089,616,1191,7,1801,685,232,541,223,0.31738035264483627,0.42309827873403666,0.5656565656565656,0.005877413937867338,0.12382009994447529,0.12881732370905052,0.300388672959467,0.38034425319267073
06037462001,"Census Tract 4620.01, Los Angeles County, California",4460,61964.0,1154,137,4397,1226,878,490,1154,266,4460,406,387,183,3306,0.11871750433275563,0.2788264725949511,0.5580865603644647,0.23050259965337955,0.741255605381166,0.0867713004484305,0.041031390134529146,0.09103139013452914
06037462002,"Census Tract 4620.02, Los Angeles County, California",4043,30982.0,1162,285,4043,1412,919,697,1162,212,4043,410,574,67,2890,0.2452667814113597,0.34924560969577045,0.7584330794341676,0.18244406196213425,0.7148157308929013,0.1419737818451645,0.01657185258471432,0.10140984417511749
06037462100,"Census Tract 4621, Los Angeles County, California",5748,61417.0,1862,234,5711,1306,1201,752,1862,173,5748,1173,462,452,3507,0.12567132116004295,0.22868149185781825,0.6261448792672772,0.0929108485499463,0.610125260960334,0.08037578288100208,0.07863604732080724,0.20407098121085596
06037462201,"Census Tract 4622.01, Los Angeles County, California",3941,40038.0,1935,585,3864,1120,1821,957,1935,195,3941,1469,361,643,1331,0.3023255813953488,0.2898550724637681,0.5255354200988468,0.10077519379844961,0.3377315402182187,0.09160111646790155,0.16315655924892158,0.37274803349403707
06037462202,"Census Tract 4622.02, Los Angeles County, California",2775,64388.0,1351,153,2775,871,1147,551,1351,74,2775,1166,222,849,429,0.11324944485566248,0.3138738738738739,0.4803836094158675,0.05477424130273871,0.1545945945945946,0.08,0.30594594594594593,0.42018018018018016
06037462301,"Census Tract 4623.01, Los Angeles County, California",5265,57898.0,1909,248,5265,1166,1584,937,1909,221,5265,1063,456,382,3242,0.12991094814038764,0.22146248812915478,0.5915404040404041,0.11576741749607124,0.6157644824311491,0.08660968660968661,0.07255460588793922,0.20189933523266856
06037462302,"Census Tract 4623.02, Los Angeles County, California",3213,68102.0,1525,125,3213,506,1225,566,1525,79,3213,1043,164,861,1026,0.08196721311475409,0.1574852163087457,0.4620408163265306,0.05180327868852459,0.31932773109243695,0.05104263927793339,0.2679738562091503,0.32461873638344224
06037462400,"Census Tract 4624, Los Angeles County, California",3944,91116.0,1605,48,3913,523,717,421,1605,26,3944,2082,92,332,1170,0.029906542056074768,0.1336570406337848,0.5871687587168759,0.0161993769470405,0.29665314401622717,0.02332657200811359,0.08417849898580122,0.5278904665314401
06037462500,"Census Tract 4625, Los Angeles County, California",6146,92743.0,2333,226,6135,630,1044,541,2333,72,6146,3265,253,1118,1235,0.09687098156879555,0.10268948655256724,0.5181992337164751,0.030861551650235748,0.20094370322160754,0.04116498535632932,0.18190693133745525,0.53123983078425
06037462600,"Census Tract 4626, Los Angeles County, California",2152,148393.0,845,21,2140,51,148,85,845,13,2152,1110,158,297,534,0.02485207100591716,0.02383177570093458,0.5743243243243243,0.015384615384615385,0.24814126394052044,0.07342007434944238,0.13801115241635686,0.5157992565055762
06037462700,"Census Tract 4627, Los Angeles County, California",5413,80294.0,2118,202,5404,816,1370,531,2118,149,5413,1575,263,1108,2240,0.09537299338999056,0.15099925980754997,0.3875912408759124,0.07034938621340887,0.41381858488823203,0.04858673563643082,0.20469240716792905,0.29096619249953815
06037462800,"Census Tract 4628, Los Angeles County, California",2827,81424.0,1069,104,2827,113,597,282,1069,50,2827,1084,246,422,930,0.09728718428437792,0.03997170145030067,0.4723618090452261,0.04677268475210477,0.328970640254687,0.08701804032543332,0.1492748496639547,0.3834453484258932
06037462900,"Census Tract 4629, Los Angeles County, California",3797,138611.0,1362,14,3797,163,306,91,1362,24,3797,1743,113,528,1281,0.010279001468428781,0.04292862786410324,0.2973856209150327,0.01762114537444934,0.33737160916513037,0.02976033710824335,0.13905715038188043,0.45904661574927574
06037463000,"Census Tract 4630, Los Angeles County, California",2665,116181.0,1049,23,2665,101,359,107,1049,10,2665,1151,144,793,408,0.0219256434699714,0.03789868667917448,0.298050139275766,0.009532888465204958,0.15309568480300187,0.05403377110694184,0.2975609756097561,0.4318949343339587
06037463101,"Census Tract 4631.01, Los Angeles County, California",2373,96618.0,830,48,2351,188,320,108,830,44,2373,672,106,753,746,0.05783132530120482,0.07996597192683964,0.3375,0.05301204819277108,0.314369995785925,0.044669195111672985,0.3173198482932996,0.2831858407079646
06037463102,"Census Tract 4631.02, Los Angeles County, California",3878,84182.0,1132,31,3848,188,310,166,1132,71,3878,937,92,1274,1494,0.027385159010600707,0.04885654885654886,0.535483870967742,0.0627208480565371,0.38525012893243943,0.02372356884992264,0.3285198555956679,0.24161939143888603
06037463200,"Census Tract 4632, Los Angeles County, California",3563,109583.0,1429,33,3542,262,608,203,1429,47,3563,1428,204,976,819,0.02309307207837649,0.07396950875211744,0.3338815789473684,0.032890132960111965,0.22986247544204322,0.05725512208812798,0.2739264664608476,0.40078585461689586
06037463300,"Census Tract 4633, Los Angeles County, California",1970,101964.0,919,59,1970,154,418,265,919,23,1970,915,93,520,404,0.06420021762785637,0.07817258883248732,0.6339712918660287,0.025027203482045703,0.2050761421319797,0.047208121827411166,0.2639593908629442,0.46446700507614214
06037463400,"Census Tract 4634, Los Angeles County, California",5787,93433.0,2521,124,5765,312,1432,590,2521,98,5787,2276,379,1596,1252,0.04918683062276874,0.05411968777103209,0.41201117318435754,0.03887346291154304,0.21634698462070157,0.06549161914636253,0.27579056505961635,0.39329531709002935
06037463500,"Census Tract 4635, Los Angeles County, California",5982,95339.0,2568,304,5024,421,1786,779,2568,84,5982,2966,321,1602,868,0.11838006230529595,0.08379777070063694,0.43617021276595747,0.03271028037383177,0.14510197258441992,0.05366098294884654,0.2678034102306921,0.4958207957204948
06037463601,"Census Tract 4636.01, Los Angeles County, California",5988,81782.0,3213,202,5981,921,2392,936,3213,105,5988,2567,145,1841,1235,0.06286959228135698,0.1539876274870423,0.391304347826087,0.032679738562091505,0.20624582498329994,0.02421509686038744,0.3074482297929192,0.428690714762859
06037463602,"Census Tract 4636.02, Los Angeles County, California",6057,83065.0,2887,332,6015,805,2468,1139,2887,165,6057,2297,565,1937,1050,0.114998268098372,0.13383208645054032,0.4615072933549433,0.0571527537235885,0.1733531451213472,0.09328050189862969,0.31979527819052334,0.3792306422321281
06037463700,"Census Tract 4637, Los Angeles County, California",3138,136389.0,1608,76,3138,265,988,328,1608,75,3138,1929,190,433,393,0.0472636815920398,0.08444869343530911,0.3319838056680162,0.04664179104477612,0.12523900573613767,0.06054811982154239,0.13798597833014659,0.6147227533460803
06037463800,"Census Tract 4638, Los Angeles County, California",4066,158438.0,1599,0,4026,210,218,77,1599,16,4066,2527,95,681,476,0.0,0.05216095380029806,0.3532110091743119,0.010006253908692933,0.11706837186424005,0.02336448598130841,0.16748647319232662,0.6214953271028038
06037463900,"Census Tract 4639, Los Angeles County, California",3290,104260.0,1529,57,3105,250,697,301,1529,0,3290,1988,298,381,483,0.03727926749509483,0.08051529790660225,0.43185078909612623,0.0,0.14680851063829786,0.09057750759878419,0.11580547112462006,0.6042553191489362
06037464000,"Census Tract 4640, Los Angeles County, California",5623,107438.0,2521,13,5591,546,967,427,2521,62,5623,2564,506,1364,890,0.005156683855612852,0.09765694866750134,0.4415718717683557,0.02459341531138437,0.15827849902187444,0.08998755112929041,0.24257513782678286,0.45598434999110793
06037464100,"Census Tract 4641, Los Angeles County, California",7121,168438.0,2392,29,7121,649,305,42,2392,0,7121,2189,56,4162,475,0.012123745819397994,0.09113888498806347,0.1377049180327869,0.0,0.06670411459064739,0.007864064035950007,0.5844684735289988,0.30740064597668865
06037464200,"Census Tract 4642, Los Angeles County, California",6073,161979.0,2095,34,6049,233,317,127,2095,29,6073,1547,190,3817,350,0.016229116945107397,0.038518763431972226,0.40063091482649843,0.013842482100238664,0.05763214226905977,0.03128602008891816,0.6285196772600032,0.2547340688292442
06037480002,"Census Tract 4800.02, Los Angeles County, California",3623,109625.0,1128,64,3522,176,234,154,1128,67,3623,929,69,1823,733,0.05673758865248227,0.04997160704145372,0.6581196581196581,0.05939716312056738,0.2023185205630693,0.019044990339497653,0.503174165056583,0.25641733370135245
06037480011,"Census Tract 4800.11, Los Angeles County, California",5466,63446.0,1805,86,5417,1178,1061,642,1805,236,5466,813,28,2505,1977,0.04764542936288089,0.21746354070518736,0.6050895381715363,0.13074792243767314,0.36169045005488476,0.005122575923893158,0.45828759604829855,0.14873765093304062
06037480012,"Census Tract 4800.12, Los Angeles County, California",4975,84234.0,1649,66,4975,324,686,358,1649,92,4975,902,51,3017,965,0.04002425712553062,0.06512562814070352,0.521865889212828,0.05579138872043663,0.19396984924623115,0.010251256281407035,0.6064321608040201,0.1813065326633166
06037480101,"Census Tract 4801.01, Los Angeles County, California",3731,74896.0,1217,17,3725,434,509,326,1217,56,3731,443,3,2746,391,0.013968775677896467,0.11651006711409397,0.6404715127701375,0.04601479046836483,0.10479764138300723,0.0008040739748056821,0.7359957116054677,0.11873492361297239
06037480102,"Census Tract 4801.02, Los Angeles County, California",4487,75216.0,1453,83,4416,536,579,259,1453,74,4487,707,90,2599,958,0.05712319339298004,0.1213768115942029,0.4473229706390328,0.05092911218169305,0.21350568308446624,0.020057945174949854,0.579228883441052,0.15756630265210608
06037480201,"Census Tract 4802.01, Los Angeles County, California",3787,113393.0,1245,32,3697,74,152,66,1245,33,3787,1254,49,1468,909,0.02570281124497992,0.020016229375169056,0.4342105263157895,0.02650602409638554,0.24003168735146554,0.012939001848428836,0.3876419329284394,0.33113282281489304
06037480202,"Census Tract 4802.02, Los Angeles County, California",2553,100875.0,844,42,2553,117,204,83,844,31,2553,547,21,1111,732,0.04976303317535545,0.045828437132784956,0.4068627450980392,0.03672985781990521,0.28672150411280845,0.008225616921269096,0.4351743047395221,0.21425773599686643
06037480302,"Census Tract 4803.02, Los Angeles County, California",4672,75326.0,1820,244,4672,493,1122,507,1820,144,4672,742,41,1952,1661,0.13406593406593406,0.1055222602739726,0.45187165775401067,0.07912087912087912,0.3555222602739726,0.00877568493150685,0.4178082191780822,0.15881849315068494
06037480303,"Census Tract 4803.03, Los Angeles County, California",4103,51667.0,1428,81,4103,530,1074,625,1428,153,4103,231,195,1809,1818,0.05672268907563025,0.12917377528637583,0.5819366852886406,0.10714285714285714,0.44309042164270046,0.04752620034121375,0.4408969047038752,0.05630026809651475
06037480304,"Census Tract 4803.04, Los Angeles County, California",4506,50280.0,1895,312,4405,903,1662,899,1895,170,4506,364,76,2445,1548,0.16464379947229552,0.204994324631101,0.5409145607701564,0.08970976253298153,0.34354194407456723,0.016866400355082113,0.5426098535286284,0.08078118064802485
06037480400,"Census Tract 4804, Los Angeles County, California",5538,66389.0,2218,109,5523,589,1300,593,2218,228,5538,782,167,2687,1589,0.04914337240757439,0.10664493934455911,0.45615384615384613,0.10279531109107304,0.286926688335139,0.030155290718671,0.4851932105453232,0.14120621162874683
06037480500,"Census Tract 4805, Los Angeles County, California",5108,120521.0,2033,33,5103,387,741,284,2033,19,5108,2623,3,1437,800,0.016232169208066895,0.07583774250440917,0.3832658569500675,0.009345794392523364,0.15661707126076743,0.0005873140172278779,0.28132341425215346,0.5135082223962412
06037480600,"Census Tract 4806, Los Angeles County, California",8038,92837.0,3237,143,7925,722,2191,871,3237,94,8038,3837,472,1737,1559,0.04417670682730924,0.09110410094637224,0.39753537197626654,0.02903923385851097,0.19395371983080367,0.0587210748942523,0.21609853197312764,0.4773575516297586
06037480702,"Census Tract 4807.02, Los Angeles County, California",4284,153487.0,1563,8,4284,107,490,181,1563,21,4284,1432,214,1823,715,0.005118362124120281,0.024976657329598508,0.3693877551020408,0.013435700575815739,0.1669000933706816,0.049953314659197015,0.42553688141923435,0.33426704014939307
06037480703,"Census Tract 4807.03, Los Angeles County, California",3612,122188.0,1208,20,3612,142,560,116,1208,121,3612,1397,62,1286,727,0.016556291390728478,0.039313399778516056,0.20714285714285716,0.10016556291390728,0.2012735326688815,0.01716500553709856,0.35603543743078625,0.38676633444075303
06037480704,"Census Tract 4807.04, Los Angeles County, California",4619,82159.0,1786,104,4619,585,1186,432,1786,77,4619,1667,45,1498,944,0.05823068309070549,0.1266507902143321,0.3642495784148398,0.04311310190369541,0.204373240961247,0.009742368478025547,0.32431262177960596,0.36090062784152416
06037480802,"Census Tract 4808.02, Los Angeles County, California",3162,68145.0,1016,43,3112,285,328,137,1016,160,3162,190,5,1173,1683,0.04232283464566929,0.09158097686375322,0.4176829268292683,0.15748031496062992,0.532258064516129,0.0015812776723592662,0.3709677419354839,0.06008855154965212
06037480803,"Census Tract 4808.03, Los Angeles County, California",3699,76156.0,1285,54,3684,573,568,313,1285,161,3699,407,29,853,2221,0.04202334630350195,0.15553745928338764,0.551056338028169,0.12529182879377432,0.6004325493376588,0.007839956745066235,0.230602865639362,0.11002973776696405
06037480804,"Census Tract 4808.04, Los Angeles County, California",4892,66625.0,1709,125,4878,665,1298,604,1709,227,4892,456,157,2243,1894,0.07314218841427736,0.13632636326363265,0.46533127889060094,0.13282621416032767,0.38716271463614066,0.03209321340964841,0.4585036794766966,0.09321340964840556
06037480901,"Census Tract 4809.01, Los Angeles County, California",5407,57802.0,1675,77,5355,988,1243,567,1675,287,5407,354,197,2687,2118,0.04597014925373134,0.18450046685340804,0.4561544650040225,0.17134328358208956,0.3917144442389495,0.03643425189569077,0.49694840022193454,0.06547068614758646
06037480902,"Census Tract 4809.02, Los Angeles County, California",4109,50127.0,1294,40,4109,680,1064,628,1294,253,4109,189,71,1954,1807,0.030911901081916538,0.16549038695546361,0.5902255639097744,0.1955177743431221,0.4397663665125335,0.01727914334387929,0.4755414942808469,0.04599659284497445
06037480903,"Census Tract 4809.03, Los Angeles County, California",3248,67039.0,1003,118,3156,660,636,330,1003,114,3248,195,28,2092,855,0.11764705882352941,0.20912547528517111,0.5188679245283019,0.11365902293120637,0.26323891625615764,0.008620689655172414,0.6440886699507389,0.060036945812807885
06037481001,"Census Tract 4810.01, Los Angeles County, California",4369,51591.0,1578,346,4055,490,1010,579,1578,81,4369,531,18,2599,1186,0.21926489226869456,0.12083847102342787,0.5732673267326732,0.051330798479087454,0.2714579995422293,0.004119935912108034,0.59487296864271,0.121538109407187
06037481002,"Census Tract 4810.02, Los Angeles County, California",5646,60275.0,2079,123,5646,737,1358,851,2079,201,5646,552,14,2964,2033,0.05916305916305916,0.13053489195890897,0.6266568483063328,0.09668109668109669,0.36007793127878146,0.002479631597591215,0.5249734325185972,0.09776833156216791
06037481101,"Census Tract 4811.01, Los Angeles County, California",4513,62824.0,1468,119,4143,425,1163,543,1468,134,4513,502,72,2080,1806,0.08106267029972752,0.10258266956311851,0.46689595872742906,0.09128065395095368,0.4001772656769333,0.015953910923997342,0.46089076002658985,0.11123421227564813
06037481102,"Census Tract 4811.02, Los Angeles County, California",4000,53024.0,1447,99,3945,404,1261,719,1447,160,4000,482,48,2611,779,0.06841741534208708,0.10240811153358682,0.5701823949246629,0.11057360055286801,0.19475,0.012,0.65275,0.1205
06037481103,"Census Tract 4811.03, Los Angeles County, California",4926,70618.0,1465,144,4860,648,736,397,1465,129,4926,300,8,2528,2079,0.09829351535836177,0.13333333333333333,0.5394021739130435,0.08805460750853242,0.4220462850182704,0.0016240357287860333,0.5131952902963866,0.06090133982947625
06037481201,"Census Tract 4812.01, Los Angeles County, California",3910,75078.0,1204,87,3888,412,703,381,1204,169,3910,274,13,2463,1127,0.07225913621262459,0.10596707818930041,0.5419630156472262,0.1403654485049834,0.28823529411764703,0.0033248081841432226,0.629923273657289,0.070076726342711
06037481202,"Census Tract 4812.02, Los Angeles County, California",6188,73182.0,1936,68,6172,696,1056,556,1936,159,6188,511,7,3548,2023,0.03512396694214876,0.11276733635774465,0.5265151515151515,0.08212809917355372,0.3269230769230769,0.0011312217194570137,0.5733678086619263,0.08257918552036199
06037481300,"Census Tract 4813, Los Angeles County, California",3299,66500.0,842,38,3291,370,273,126,842,125,3299,126,1,2219,939,0.04513064133016627,0.11242783348526283,0.46153846153846156,0.14845605700712589,0.28463170657775083,0.0003031221582297666,0.672628069111852,0.038193391936950594
06037481401,"Census Tract 4814.01, Los Angeles County, California",6267,47207.0,1833,171,6251,1288,1105,709,1833,168,6267,344,3,4753,1073,0.09328968903436989,0.20604703247480402,0.6416289592760182,0.09165302782324058,0.17121429711185576,0.0004786979415988511,0.7584171054731131,0.05489069730333493
06037481402,"Census Tract 4814.02, Los Angeles County, California",6598,60847.0,1936,62,6585,945,922,414,1936,224,6598,511,5,4626,1321,0.03202479338842975,0.14350797266514806,0.4490238611713666,0.11570247933884298,0.20021218551076084,0.0007578053955744165,0.7011215519854501,0.07744771142770536
06037481500,"Census Tract 4815, Los Angeles County, California",4489,69452.0,1531,59,4418,354,457,221,1531,119,4489,234,58,3400,738,0.038536903984323974,0.08012675418741512,0.48358862144420134,0.07772697583278902,0.16440187124081088,0.012920472265537981,0.7574069948763644,0.052127422588549785
06037481603,"Census Tract 4816.03, Los Angeles County, California",3486,56159.0,1216,100,3486,489,669,363,1216,92,3486,141,168,2314,645,0.08223684210526316,0.14027538726333907,0.5426008968609866,0.0756578947368421,0.18502581755593803,0.04819277108433735,0.663798049340218,0.04044750430292599
06037481604,"Census Tract 4816.04, Los Angeles County, California",3701,58137.0,1348,112,3701,250,894,476,1348,122,3701,359,37,2113,1178,0.0830860534124629,0.06754931099702784,0.5324384787472036,0.09050445103857567,0.3182923534179951,0.009997298027560119,0.5709267765468792,0.09700081059173196
06037481605,"Census Tract 4816.05, Los Angeles County, California",2831,55948.0,1076,64,2831,281,690,417,1076,104,2831,133,0,1771,894,0.05947955390334572,0.09925821264570824,0.6043478260869565,0.09665427509293681,0.3157894736842105,0.0,0.6255740021193924,0.04697986577181208
06037481606,"Census Tract 4816.06, Los Angeles County, California",5013,54762.0,1596,108,4992,593,1181,686,1596,241,5013,136,279,3395,1203,0.06766917293233082,0.1187900641025641,0.5808636748518204,0.15100250626566417,0.23997606223818074,0.05565529622980251,0.6772391781368442,0.02712946339517255
06037481711,"Census Tract 4817.11, Los Angeles County, California",4246,45554.0,1383,186,4059,860,1050,663,1383,201,4246,122,15,3610,409,0.13449023861171366,0.21187484602118747,0.6314285714285715,0.14533622559652928,0.09632595383890721,0.003532736693358455,0.8502119642016015,0.0287329251059821
06037481712,"Census Tract 4817.12, Los Angeles County, California",5329,49837.0,1683,229,5329,804,1086,682,1683,196,5329,27,0,4180,1013,0.13606654783125371,0.15087258397447925,0.6279926335174953,0.11645870469399881,0.19009194970913867,0.0,0.7843873146931882,0.005066616626008632
06037481713,"Census Tract 4817.13, Los Angeles County, California",2736,63563.0,879,79,2736,358,593,254,879,149,2736,54,0,2109,564,0.08987485779294653,0.13084795321637427,0.42833052276559863,0.1695108077360637,0.20614035087719298,0.0,0.7708333333333334,0.019736842105263157
06037481714,"Census Tract 4817.14, Los Angeles County, California",2739,42604.0,908,166,2731,660,658,366,908,112,2739,102,11,2385,180,0.1828193832599119,0.2416697180519956,0.5562310030395137,0.12334801762114538,0.06571741511500548,0.004016064257028112,0.8707557502738226,0.03723986856516977
06037481800,"Census Tract 4818, Los Angeles County, California",2558,94531.0,898,63,2551,152,161,70,898,25,2558,371,6,1571,549,0.07015590200445435,0.05958447667581341,0.43478260869565216,0.02783964365256125,0.21462079749804536,0.0023455824863174357,0.6141516810007819,0.14503518373729476
06037481901,"Census Tract 4819.01, Los Angeles County, California",5775,94943.0,1967,91,5734,348,590,265,1967,146,5775,815,47,1964,2916,0.046263345195729534,0.060690617370073245,0.4491525423728814,0.07422470767666497,0.5049350649350649,0.00813852813852814,0.3400865800865801,0.14112554112554113
06037481902,"Census Tract 4819.02, Los Angeles County, California",3443,56836.0,1139,100,3424,585,568,323,1139,147,3443,319,124,1094,1875,0.08779631255487269,0.17085280373831777,0.5686619718309859,0.12906057945566285,0.5445832123148417,0.03601510310775487,0.3177461516119663,0.0926517571884984
06037482001,"Census Tract 4820.01, Los Angeles County, California",2650,90179.0,1029,123,2650,128,223,85,1029,23,2650,109,0,2130,376,0.119533527696793,0.04830188679245283,0.3811659192825112,0.022351797862001945,0.1418867924528302,0.0,0.8037735849056604,0.041132075471698115
06037482002,"Census Tract 4820.02, Los Angeles County, California",6760,66103.0,2500,134,6752,758,1182,501,2500,315,6760,274,97,4127,2141,0.0536,0.11226303317535545,0.42385786802030456,0.126,0.31671597633136095,0.014349112426035503,0.6105029585798817,0.04053254437869822
06037482101,"Census Tract 4821.01, Los Angeles County, California",4750,61667.0,1484,144,4741,614,675,367,1484,189,4750,255,14,3196,1175,0.09703504043126684,0.12950854250158195,0.5437037037037037,0.12735849056603774,0.24736842105263157,0.0029473684210526317,0.6728421052631579,0.05368421052631579
06037482102,"Census Tract 4821.02, Los Angeles County, California",2943,87000.0,914,26,2924,295,179,89,914,73,2943,190,15,1713,920,0.028446389496717725,0.10088919288645691,0.4972067039106145,0.07986870897155361,0.3126061841658172,0.0050968399592252805,0.582059123343527,0.06455997281685355
06037482201,"Census Tract 4822.01, Los Angeles County, California",4076,46768.0,1265,190,4060,906,752,461,1265,176,4076,115,1,2859,1060,0.15019762845849802,0.2231527093596059,0.613031914893617,0.1391304347826087,0.26005888125613347,0.0002453385672227674,0.7014229636898921,0.028213935230618253
06037482202,"Census Tract 4822.02, Los Angeles County, California",5087,57361.0,1557,143,5073,783,930,564,1557,135,5087,92,32,3657,1246,0.09184328837508028,0.1543465405085748,0.6064516129032258,0.08670520231213873,0.24493807745232946,0.006290544525260468,0.7188912915274228,0.018085315510123844
06037482301,"Census Tract 4823.01, Los Angeles County, California",4941,41266.0,1327,113,4940,913,894,627,1327,280,4941,92,25,3860,943,0.08515448379804069,0.1848178137651822,0.7013422818791947,0.21100226073850792,0.19085205424003238,0.005059704513256426,0.7812183768467922,0.01861971260878365
06037482303,"Census Tract 4823.03, Los Angeles County, California",6156,54177.0,1552,136,6156,980,1018,636,1552,362,6156,159,0,4087,1897,0.08762886597938144,0.15919428200129954,0.6247544204322201,0.23324742268041238,0.30815464587394414,0.0,0.6639051332033788,0.025828460038986353
06037482304,"Census Tract 4823.04, Los Angeles County, California",3216,33940.0,847,173,3162,1277,624,414,847,241,3216,80,52,1592,1434,0.20425029515938606,0.4038583175205566,0.6634615384615384,0.2845336481700118,0.4458955223880597,0.01616915422885572,0.49502487562189057,0.024875621890547265
06037482401,"Census Tract 4824.01, Los Angeles County, California",3670,49295.0,973,40,3670,424,574,381,973,209,3670,94,0,2006,1554,0.041109969167523124,0.11553133514986376,0.6637630662020906,0.2147995889003083,0.42343324250681197,0.0,0.5465940054495912,0.02561307901907357
06037482402,"Census Tract 4824.02, Los Angeles County, California",7566,53901.0,2239,150,7462,1168,1124,658,2239,541,7566,313,9,3796,3440,0.06699419383653417,0.15652640042883945,0.5854092526690391,0.24162572577043323,0.45466560930478456,0.0011895321173671688,0.5017182130584192,0.04136928363732487
06037482502,"Census Tract 4825.02, Los Angeles County, California",3310,57045.0,854,40,3305,474,481,249,854,146,3310,32,16,2560,680,0.0468384074941452,0.14341906202723148,0.5176715176715176,0.17096018735362997,0.2054380664652568,0.004833836858006042,0.7734138972809668,0.009667673716012085
06037482503,"Census Tract 4825.03, Los Angeles County, California",4293,62675.0,1019,37,4293,439,661,346,1019,291,4293,85,42,2574,1347,0.03631010794896958,0.10225949219659912,0.5234493192133132,0.2855740922473013,0.3137665967854647,0.009783368273934312,0.59958071278826,0.019799673887724203
06037482521,"Census Tract 4825.21, Los Angeles County, California",5842,67295.0,1451,28,5547,462,462,229,1451,218,5842,316,30,3199,2226,0.019297036526533425,0.08328826392644673,0.49567099567099565,0.15024121295658166,0.38103389250256764,0.005135227661759671,0.547586442998973,0.05409106470386854
06037482522,"Census Tract 4825.22, Los Angeles County, California",4478,65786.0,1516,35,4423,302,640,291,1516,216,4478,307,17,1989,2067,0.02308707124010554,0.06827944833823196,0.4546875,0.1424802110817942,0.46158999553372043,0.003796337650736936,0.4441715051362215,0.06855739169271996
06037482600,"Census Tract 4826, Los Angeles County, California",6262,70417.0,2338,167,6262,685,829,466,2338,47,6262,458,0,3794,1810,0.07142857142857142,0.10938997125519004,0.5621230398069964,0.020102651839178785,0.2890450335356116,0.0,0.6058767167039285,0.07313957202171831
06037482701,"Census Tract 4827.01, Los Angeles County, California",4323,74148.0,1325,124,4315,374,502,295,1325,189,4323,131,1,1545,2636,0.09358490566037736,0.08667439165701044,0.5876494023904383,0.14264150943396225,0.6097617395327319,0.0002313208420078649,0.3573907009021513,0.030303030303030304
06037482702,"Census Tract 4827.02, Los Angeles County, California",2373,82917.0,802,67,2363,131,223,143,802,41,2373,178,27,1091,1009,0.08354114713216958,0.05543800253914515,0.6412556053811659,0.05112219451371571,0.4252001685630004,0.011378002528445006,0.45975558364938895,0.07501053518752634
06037482800,"Census Tract 4828, Los Angeles County, California",4524,71401.0,1341,83,4524,245,439,213,1341,147,4524,217,9,2333,1812,0.061894108873974646,0.05415561450044209,0.48519362186788156,0.10961968680089486,0.4005305039787798,0.001989389920424403,0.5156940760389036,0.04796640141467728
06037500100,"Census Tract 5001, Los Angeles County, California",4840,123021.0,1493,47,4817,226,241,111,1493,113,4840,2096,5,795,1873,0.03148024112525117,0.04691716836205107,0.4605809128630705,0.07568653717347622,0.3869834710743802,0.0010330578512396695,0.16425619834710745,0.43305785123966944
06037500201,"Census Tract 5002.01, Los Angeles County, California",7267,114831.0,2209,13,7089,386,305,70,2209,69,7267,4170,28,549,2211,0.005885015844273427,0.05445055720129779,0.22950819672131148,0.03123585332729742,0.3042520985275905,0.0038530342644832807,0.07554699325719004,0.5738268886748314
06037500202,"Census Tract 5002.02, Los Angeles County, California",4988,133125.0,1460,55,4960,69,167,81,1460,0,4988,1508,33,1039,2281,0.03767123287671233,0.013911290322580646,0.48502994011976047,0.0,0.45729751403368085,0.006615878107457899,0.2082999198075381,0.3023255813953488
06037500300,"Census Tract 5003, Los Angeles County, California",2973,102875.0,1087,0,2973,171,96,69,1087,0,2973,838,0,469,1609,0.0,0.05751765893037336,0.71875,0.0,0.5412041708711739,0.0,0.1577531113353515,0.2818701648166835
06037500402,"Census Tract 5004.02, Los Angeles County, California",4856,54375.0,1190,66,4849,470,666,374,1190,273,4856,90,0,0,4739,0.05546218487394958,0.09692720148484224,0.5615615615615616,0.22941176470588234,0.9759060955518946,0.0,0.0,0.018533772652388796
06037500403,"Census Tract 5004.03, Los Angeles County, California",3829,82169.0,1067,41,3829,452,113,45,1067,71,3829,203,0,298,3295,0.038425492033739454,0.11804648733350745,0.39823008849557523,0.06654170571696345,0.8605379994776704,0.0,0.0778271089057195,0.05301645338208409
06037500404,"Census Tract 5004.04, Los Angeles County, California",4551,71654.0,1343,12,4527,489,313,160,1343,163,4551,422,24,286,3738,0.008935219657483246,0.10801855533465872,0.5111821086261981,0.12137006701414743,0.8213579433091628,0.005273566249176005,0.06284333113601406,0.0927268732146781
06037500500,"Census Tract 5005, Los Angeles County, California",2703,53500.0,894,57,2697,236,284,56,894,156,2703,140,10,226,2327,0.06375838926174497,0.0875046347793845,0.19718309859154928,0.174496644295302,0.8608953015168331,0.003699593044765076,0.08361080281169071,0.05179430262671106
06037500600,"Census Tract 5006, Los Angeles County, California",4912,56920.0,1282,100,4912,296,256,182,1282,199,4912,77,0,100,4735,0.078003120124805,0.06026058631921824,0.7109375,0.15522620904836193,0.9639657980456026,0.0,0.02035830618892508,0.015675895765472313
06037500700,"Census Tract 5007, Los Angeles County, California",7150,79872.0,1794,90,7028,751,483,234,1794,138,7150,315,27,78,6667,0.05016722408026756,0.10685828116107,0.484472049689441,0.07692307692307693,0.9324475524475524,0.0037762237762237762,0.01090909090909091,0.044055944055944055
06037500800,"Census Tract 5008, Los Angeles County, California",5362,66116.0,1344,98,5308,201,335,135,1344,227,5362,314,58,62,4883,0.07291666666666667,0.037867370007535796,0.40298507462686567,0.16889880952380953,0.9106676613204029,0.01081685938082805,0.011562849682954122,0.05856023871689668
06037500900,"Census Tract 5009, Los Angeles County, California",6363,55446.0,1665,212,6269,738,763,436,1665,281,6363,210,104,263,5744,0.12732732732732732,0.117722124740788,0.5714285714285714,0.16876876876876876,0.9027188433129028,0.016344491592016345,0.04133270469904133,0.033003300330033
06037501001,"Census Tract 5010.01, Los Angeles County, California",3046,76067.0,769,24,3041,298,294,146,769,114,3046,188,0,16,2814,0.031209362808842653,0.09799408089444261,0.4965986394557823,0.1482444733420026,0.9238345370978333,0.0,0.005252790544977019,0.061720288903479976
06037501002,"Census Tract 5010.02, Los Angeles County, California",5013,100217.0,1450,20,5013,168,336,120,1450,63,5013,620,26,66,4257,0.013793103448275862,0.033512866546977854,0.35714285714285715,0.043448275862068966,0.8491921005385996,0.005186515060841812,0.013165769000598444,0.1236784360662278
06037501200,"Census Tract 5012, Los Angeles County, California",4864,96071.0,1470,17,4864,326,461,265,1470,84,4864,737,12,438,3551,0.011564625850340135,0.06702302631578948,0.5748373101952278,0.05714285714285714,0.7300575657894737,0.0024671052631578946,0.09004934210526316,0.15152138157894737
06037501300,"Census Tract 5013, Los Angeles County, California",7154,76027.0,2388,95,7154,387,1034,532,2388,168,7154,1504,95,171,5273,0.039782244556113906,0.054095610847078555,0.5145067698259188,0.07035175879396985,0.7370701705339671,0.013279284316466312,0.023902711769639363,0.21023203802068774
06037501400,"Census Tract 5014, Los Angeles County, California",3669,43929.0,1236,169,3659,530,829,557,1236,146,3669,414,59,84,3019,0.13673139158576053,0.1448483192128997,0.6718938480096501,0.11812297734627832,0.8228400109021532,0.016080675933496866,0.022894521668029435,0.11283728536385937
06037501501,"Census Tract 5015.01, Los Angeles County, California",2272,102292.0,845,8,2272,291,145,41,845,30,2272,745,0,222,1265,0.009467455621301775,0.12808098591549297,0.2827586206896552,0.03550295857988166,0.5567781690140845,0.0,0.0977112676056338,0.3279049295774648
06037501503,"Census Tract 5015.03, Los Angeles County, California",5280,66053.0,1864,119,5280,578,1397,590,1864,168,5280,1097,34,106,3854,0.0638412017167382,0.10946969696969697,0.42233357193987114,0.09012875536480687,0.7299242424242425,0.006439393939393939,0.020075757575757577,0.2077651515151515
06037501504,"Census Tract 5015.04, Los Angeles County, California",3369,35601.0,1469,314,3352,681,1355,740,1469,238,3369,440,31,202,2612,0.2137508509189925,0.2031622911694511,0.5461254612546126,0.16201497617426822,0.7753042445829623,0.009201543484713566,0.0599584446423271,0.13060255268625706
06037501600,"Census Tract 5016, Los Angeles County, California",7769,95587.0,2275,76,6806,913,682,207,2275,117,7769,2310,127,584,4324,0.03340659340659341,0.13414634146341464,0.3035190615835777,0.05142857142857143,0.5565709872570472,0.016347020208521044,0.07517054962028576,0.29733556442270564
06037501700,"Census Tract 5017, Los Angeles County, California",3425,101579.0,1196,57,3425,87,387,126,1196,31,3425,1303,9,138,1975,0.047658862876254184,0.0254014598540146,0.32558139534883723,0.025919732441471572,0.5766423357664233,0.002627737226277372,0.040291970802919706,0.38043795620437953
06037501802,"Census Tract 5018.02, Los Angeles County, California",3311,68783.0,1175,113,3270,423,576,397,1175,49,3311,583,130,37,2526,0.09617021276595744,0.12935779816513762,0.6892361111111112,0.04170212765957447,0.7629115070975536,0.03926306251887647,0.01117487163998792,0.1760797342192691
06037501803,"Census Tract 5018.03, Los Angeles County, California",4427,39885.0,1490,191,4331,844,1307,850,1490,249,4427,364,22,45,3865,0.12818791946308725,0.194874163010852,0.6503442999234889,0.16711409395973154,0.8730517280325276,0.004969505308335216,0.010164897221594759,0.08222272419245538
06037501804,"Census Tract 5018.04, Los Angeles County, California",2175,50134.0,705,122,2135,417,530,347,705,116,2175,295,34,69,1746,0.17304964539007092,0.19531615925058549,0.6547169811320754,0.16453900709219857,0.8027586206896552,0.015632183908045976,0.031724137931034485,0.135632183908046
06037501900,"Census Tract 5019, Los Angeles County, California",4153,96591.0,1276,38,4153,441,181,79,1276,55,4153,768,79,68,3141,0.029780564263322883,0.10618829761618108,0.43646408839779005,0.04310344827586207,0.7563207320009632,0.019022393450517698,0.016373705754875994,0.18492655911389358
06037502003,"Census Tract 5020.03, Los Angeles County, California",2634,68698.0,739,0,2634,390,336,193,739,120,2634,307,16,35,2186,0.0,0.1480637813211845,0.5744047619047619,0.16238159675236807,0.829916476841306,0.006074411541381929,0.013287775246772968,0.11655277145026575
06037502004,"Census Tract 5020.04, Los Angeles County, California",4251,66563.0,992,21,4244,531,354,232,992,184,4251,227,56,195,3657,0.021169354838709676,0.12511781338360037,0.655367231638418,0.18548387096774194,0.8602681721947777,0.013173370971536109,0.045871559633027525,0.05339920018819101
06037502005,"Census Tract 5020.05, Los Angeles County, California",4930,62279.0,1293,64,4883,430,555,376,1293,163,4930,1007,68,90,3487,0.04949729311678268,0.08806061847225066,0.6774774774774774,0.12606341840680588,0.7073022312373225,0.013793103448275862,0.018255578093306288,0.20425963488843812
06037502100,"Census Tract 5021, Los Angeles County, California",5036,66808.0,1593,88,4764,427,561,302,1593,173,5036,795,50,68,4087,0.05524168236032643,0.08963056255247691,0.5383244206773619,0.10860012554927809,0.8115567911040509,0.009928514694201748,0.013502779984114376,0.15786338363780777
06037502200,"Census Tract 5022, Los Angeles County, California",6937,68882.0,1875,91,6919,963,557,341,1875,285,6937,386,10,193,6325,0.04853333333333333,0.13918196271137448,0.6122082585278277,0.152,0.9117774254000288,0.0014415453366008362,0.027821824996396138,0.055643649992792275
06037502301,"Census Tract 5023.01, Los Angeles County, California",5794,67238.0,1409,36,5794,417,355,192,1409,184,5794,244,55,28,5331,0.0255500354861604,0.07197100448740076,0.5408450704225352,0.13058907026259758,0.9200897480151882,0.009492578529513289,0.004832585433206766,0.04211253020365896
06037502302,"Census Tract 5023.02, Los Angeles County, California",2970,56750.0,745,61,2953,342,458,249,745,230,2970,172,64,52,2656,0.08187919463087248,0.11581442600745005,0.5436681222707423,0.3087248322147651,0.8942760942760942,0.02154882154882155,0.017508417508417508,0.057912457912457915
06037502401,"Census Tract 5024.01, Los Angeles County, California",4957,71159.0,1277,111,4790,687,306,198,1277,168,4957,421,37,168,4286,0.08692247454972592,0.14342379958246346,0.6470588235294118,0.13155833985904464,0.864635868468832,0.007464192051644139,0.03389146661287069,0.08493040145249142
06037502402,"Census Tract 5024.02, Los Angeles County, California",3874,80208.0,990,30,3803,251,145,36,990,100,3874,305,2,11,3544,0.030303030303030304,0.06600052590060479,0.2482758620689655,0.10101010101010101,0.9148167268972638,0.0005162622612287042,0.002839442436757873,0.07872999483737739
06037502500,"Census Tract 5025, Los Angeles County, California",4274,63098.0,1117,43,4107,263,600,293,1117,213,4274,191,12,17,4025,0.03849597135183527,0.06403700998295593,0.48833333333333334,0.19068934646374217,0.9417407580720636,0.0028076743097800653,0.0039775386055217596,0.04468881609733271
06037502601,"Census Tract 5026.01, Los Angeles County, California",6939,77170.0,1846,40,6939,232,328,123,1846,232,6939,357,158,87,6330,0.021668472372697724,0.03343421242253927,0.375,0.1256771397616468,0.9122351923908344,0.022769851563625883,0.012537829658452227,0.0514483354950281
06037502602,"Census Tract 5026.02, Los Angeles County, California",4477,56688.0,1339,85,4466,562,773,394,1339,208,4477,394,55,70,3918,0.06348020911127707,0.1258396775638155,0.5097024579560155,0.1553398058252427,0.8751396024123297,0.012285012285012284,0.015635470180924725,0.08800536073263346
06037502700,"Census Tract 5027, Los Angeles County, California",6919,77065.0,1866,55,6870,614,416,147,1866,198,6919,762,324,178,5435,0.02947481243301179,0.08937409024745269,0.35336538461538464,0.10610932475884244,0.785518138459315,0.046827576239340946,0.025726261020378668,0.11013152189622778
06037502801,"Census Tract 5028.01, Los Angeles County, California",6468,85160.0,1692,27,6456,779,289,129,1692,221,6468,887,28,167,5341,0.015957446808510637,0.1206629491945477,0.4463667820069204,0.13061465721040189,0.8257575757575758,0.004329004329004329,0.025819418676561533,0.13713667285095857
06037502802,"Census Tract 5028.02, Los Angeles County, California",3221,47350.0,1281,185,3170,557,853,493,1281,137,3221,443,232,809,1673,0.1444184231069477,0.17570977917981073,0.5779601406799532,0.10694769711163153,0.5194039118286247,0.0720273207078547,0.2511642347097175,0.13753492704129153
06037502901,"Census Tract 5029.01, Los Angeles County, California",5816,94375.0,1444,44,5816,528,189,36,1444,103,5816,885,62,165,4408,0.030470914127423823,0.0907840440165062,0.19047619047619047,0.07132963988919667,0.7579092159559835,0.010660247592847318,0.028370013755158185,0.15216643741403027
06037502902,"Census Tract 5029.02, Los Angeles County, California",4168,48750.0,975,25,4096,819,534,305,975,141,4168,184,17,170,3687,0.02564102564102564,0.199951171875,0.5711610486891385,0.14461538461538462,0.8845969289827256,0.004078694817658349,0.040786948176583494,0.044145873320537425
06037503000,"Census Tract 5030, Los Angeles County, California",5606,59671.0,1232,33,5553,1049,573,321,1232,376,5606,273,0,130,4997,0.026785714285714284,0.18890689717269943,0.5602094240837696,0.3051948051948052,0.8913663931501962,0.0,0.023189439885836605,0.048697823760256866
06037503103,"Census Tract 5031.03, Los Angeles County, California",5204,77795.0,1129,38,5204,382,303,157,1129,308,5204,438,6,324,4436,0.03365810451727192,0.07340507302075326,0.5181518151815182,0.2728077945084145,0.8524212144504227,0.0011529592621060721,0.0622598001537279,0.08416602613374327
06037503104,"Census Tract 5031.04, Los Angeles County, California",2542,62974.0,625,11,2542,435,244,168,625,116,2542,113,0,88,2167,0.0176,0.17112509834775766,0.6885245901639344,0.1856,0.8524783634933124,0.0,0.03461841070023604,0.04445318646734855
06037503105,"Census Tract 5031.05, Los Angeles County, California",4228,73611.0,1056,59,4220,445,506,218,1056,271,4228,554,4,176,3457,0.05587121212121212,0.10545023696682465,0.4308300395256917,0.2566287878787879,0.8176442762535477,0.000946073793755913,0.041627246925260174,0.13103122043519394
06037503106,"Census Tract 5031.06, Los Angeles County, California",4091,68255.0,1180,172,4082,232,496,336,1180,144,4091,624,0,278,2967,0.14576271186440679,0.05683488486036257,0.6774193548387096,0.12203389830508475,0.725250549987778,0.0,0.06795404546565632,0.15252994377902712
06037503201,"Census Tract 5032.01, Los Angeles County, California",4144,97277.0,1095,23,4100,174,26,8,1095,122,4144,704,161,483,2742,0.021004566210045664,0.042439024390243905,0.3076923076923077,0.11141552511415526,0.6616795366795367,0.03885135135135135,0.11655405405405406,0.16988416988416988
06037503202,"Census Tract 5032.02, Los Angeles County, California",5028,68107.0,1293,114,4889,568,526,156,1293,203,5028,617,31,505,3862,0.08816705336426914,0.11617917774596032,0.2965779467680608,0.15699922660479504,0.7680986475735879,0.006165473349244232,0.10043754972155927,0.12271280827366746
06037503301,"Census Tract 5033.01, Los Angeles County, California",3374,98929.0,1004,41,3369,170,124,31,1004,12,3374,1007,25,137,2152,0.04083665338645418,0.05046007717423568,0.25,0.01195219123505976,0.6378186129223473,0.007409602845287492,0.04060462359217546,0.2984588026081802
06037503302,"Census Tract 5033.02, Los Angeles County, California",6784,78617.0,1849,15,6765,384,824,369,1849,347,6784,1183,3,255,5112,0.008112493239588967,0.056762749445676275,0.44781553398058255,0.18766901027582478,0.7535377358490566,0.0004422169811320755,0.03758844339622641,0.1743808962264151
06037503401,"Census Tract 5034.01, Los Angeles County, California",6492,100498.0,2209,76,6451,386,673,293,2209,56,6492,2148,93,394,3791,0.034404708012675415,0.05983568439001705,0.43536404160475484,0.025350837483023993,0.5839494762784966,0.01432532347504621,0.06069008009858287,0.33086876155268025
06037503402,"Census Tract 5034.02, Los Angeles County, California",4129,104069.0,1342,25,4129,271,320,116,1342,2,4129,1197,11,156,2716,0.018628912071535022,0.06563332526035359,0.3625,0.0014903129657228018,0.6577863889561637,0.002664083313150884,0.03778154516832163,0.2899007023492371
06037503501,"Census Tract 5035.01, Los Angeles County, California",6444,61535.0,2006,83,6428,518,755,458,2006,165,6444,1195,61,435,4505,0.041375872382851446,0.0805849408836341,0.6066225165562914,0.08225324027916252,0.6990999379267536,0.00946617008069522,0.06750465549348231,0.18544382371198015
06037503502,"Census Tract 5035.02, Los Angeles County, California",4655,90125.0,1211,8,4613,241,266,104,1211,88,4655,1098,3,125,3311,0.006606110652353427,0.052243659223932364,0.39097744360902253,0.0726672171758877,0.7112781954887218,0.0006444683136412459,0.02685284640171858,0.23587540279269603
06037503601,"Census Tract 5036.01, Los Angeles County, California",4151,93750.0,1215,14,3947,99,157,93,1215,80,4151,1434,258,479,1741,0.011522633744855968,0.02508234101849506,0.5923566878980892,0.06584362139917696,0.4194170079498916,0.06215369790411949,0.11539388099253192,0.345458925560106
06037503602,"Census Tract 5036.02, Los Angeles County, California",4212,110278.0,1182,5,4205,263,136,83,1182,29,4212,1514,19,504,2024,0.004230118443316413,0.06254458977407848,0.6102941176470589,0.024534686971235193,0.4805318138651472,0.004510921177587844,0.11965811965811966,0.35944919278252613
06037503701,"Census Tract 5037.01, Los Angeles County, California",4840,69981.0,1707,139,4826,240,675,454,1707,127,4840,2051,0,176,2594,0.08142940831868775,0.04973062577704103,0.6725925925925926,0.07439953134153486,0.5359504132231405,0.0,0.03636363636363636,0.4237603305785124
06037503702,"Census Tract 5037.02, Los Angeles County, California",5516,79886.0,1753,28,5516,598,547,326,1753,192,5516,1904,37,361,3021,0.015972618368511125,0.10841189267585206,0.5959780621572212,0.10952652595550486,0.5476794778825236,0.006707759245830312,0.0654459753444525,0.34517766497461927
06037503703,"Census Tract 5037.03, Los Angeles County, California",7622,86250.0,2920,410,7622,299,935,627,2920,242,7622,2105,22,4004,1413,0.1404109589041096,0.0392285489372868,0.6705882352941176,0.08287671232876713,0.18538441353975335,0.0028863815271582263,0.5253214379427972,0.2761742324849121
06037503801,"Census Tract 5038.01, Los Angeles County, California",3851,92772.0,1167,20,3851,214,308,147,1167,204,3851,1229,0,606,1773,0.01713796058269066,0.05556998182290314,0.4772727272727273,0.17480719794344474,0.4603998961308751,0.0,0.15736172422747338,0.31913788626330825
06037503802,"Census Tract 5038.02, Los Angeles County, California",4900,102711.0,1622,43,4890,242,253,89,1622,146,4900,1395,96,1343,1965,0.02651048088779285,0.04948875255623722,0.35177865612648224,0.09001233045622688,0.4010204081632653,0.019591836734693877,0.27408163265306124,0.28469387755102044
06037503901,"Census Tract 5039.01, Los Angeles County, California",2942,107361.0,827,18,2930,204,120,43,827,47,2942,962,21,556,1328,0.02176541717049577,0.0696245733788396,0.35833333333333334,0.056831922611850064,0.451393609789259,0.007138001359619306,0.18898708361658736,0.32698844323589393
06037503902,"Census Tract 5039.02, Los Angeles County, California",4939,106125.0,1378,24,4930,161,244,177,1378,103,4939,1727,23,635,2360,0.01741654571843251,0.032657200811359026,0.7254098360655737,0.07474600870827286,0.4778295201457785,0.004656813120064791,0.1285685361409192,0.34966592427616927
06037504001,"Census Tract 5040.01, Los Angeles County, California",5860,95347.0,1087,153,3448,395,284,155,1087,46,5860,2511,113,952,2036,0.140754369825207,0.11455916473317865,0.545774647887324,0.04231830726770929,0.34744027303754266,0.019283276450511946,0.16245733788395905,0.42849829351535834
06037504002,"Census Tract 5040.02, Los Angeles County, California",5461,105833.0,1482,41,5157,384,291,121,1482,160,5461,1861,205,666,2647,0.02766531713900135,0.07446189645142524,0.41580756013745707,0.10796221322537113,0.48470976011719463,0.0375389122871269,0.12195568577183666,0.34078007690899104
06037504101,"Census Tract 5041.01, Los Angeles County, California",4826,64623.0,1337,82,4815,394,500,279,1337,173,4826,734,112,721,3204,0.061331338818249814,0.0818276220145379,0.558,0.1293941660433807,0.6639038541234977,0.023207625362619146,0.14939908827186074,0.15209283050145048
06037504102,"Census Tract 5041.02, Los Angeles County, California",9,,9,0,9,0,9,9,9,0,9,0,0,0,0,0.0,0.0,1.0,0.0,0.0,0.0,0.0,0.0
06037530003,"Census Tract 5300.03, Los Angeles County, California",3080,101563.0,961,25,3080,158,72,22,961,16,3080,686,60,575,1745,0.026014568158168574,0.0512987012987013,0.3055555555555556,0.01664932362122789,0.5665584415584416,0.01948051948051948,0.18668831168831168,0.22272727272727272
06037530004,"Census Tract 5300.04, Los Angeles County, California",3495,58203.0,1113,41,3495,456,550,335,1113,100,3495,505,78,505,2253,0.036837376460017966,0.13047210300429185,0.6090909090909091,0.08984725965858041,0.6446351931330472,0.022317596566523604,0.14449213161659513,0.14449213161659513
06037530005,"Census Tract 5300.05, Los Angeles County, California",3971,88750.0,1342,89,3931,161,257,128,1342,14,3971,360,18,2041,1532,0.06631892697466468,0.040956499618417706,0.4980544747081712,0.010432190760059613,0.38579702845630826,0.004532863258625032,0.5139763283807605,0.09065726517250063
06037530006,"Census Tract 5300.06, Los Angeles County, California",4430,65550.0,1442,97,4409,753,1201,685,1442,222,4430,598,21,1007,2732,0.06726768377253814,0.1707870265366296,0.5703580349708576,0.1539528432732316,0.6167042889390519,0.004740406320541761,0.227313769751693,0.13498871331828444
06037530101,"Census Tract 5301.01, Los Angeles County, California",5285,42056.0,1684,262,5085,961,1324,807,1684,193,5285,440,216,285,4124,0.15558194774346792,0.18898721730580137,0.6095166163141994,0.11460807600950118,0.780321665089877,0.04087038789025544,0.05392620624408704,0.08325449385052035
06037530102,"Census Tract 5301.02, Los Angeles County, California",4862,44400.0,1632,299,4767,871,971,461,1632,78,4862,584,26,409,3823,0.18321078431372548,0.18271449548982588,0.4747682801235839,0.04779411764705882,0.7863019333607569,0.0053475935828877,0.08412176059234883,0.12011517893870835
06037530202,"Census Tract 5302.02, Los Angeles County, California",4348,72045.0,1206,116,4285,208,389,102,1206,179,4348,146,0,338,3864,0.09618573797678276,0.0485414235705951,0.2622107969151671,0.148424543946932,0.8886844526218951,0.0,0.07773689052437903,0.03357865685372585
06037530203,"Census Tract 5302.03, Los Angeles County, California",2728,46385.0,985,65,2728,492,694,428,985,42,2728,231,20,194,2254,0.06598984771573604,0.18035190615835778,0.6167146974063401,0.04263959390862944,0.8262463343108505,0.007331378299120235,0.07111436950146628,0.0846774193548387
06037530204,"Census Tract 5302.04, Los Angeles County, California",3904,59940.0,1145,100,3904,420,818,435,1145,192,3904,73,0,452,3379,0.08733624454148471,0.10758196721311475,0.5317848410757946,0.16768558951965065,0.8655225409836066,0.0,0.11577868852459017,0.01869877049180328
06037530301,"Census Tract 5303.01, Los Angeles County, California",2211,49018.0,639,92,2205,450,414,251,639,99,2211,87,0,108,2004,0.14397496087636932,0.20408163265306123,0.606280193236715,0.15492957746478872,0.9063772048846676,0.0,0.048846675712347354,0.03934871099050204
06037530302,"Census Tract 5303.02, Los Angeles County, California",6849,52906.0,1897,121,6830,1256,1024,473,1897,306,6849,246,46,190,6367,0.06378492356352135,0.18389458272327966,0.4619140625,0.16130732735898787,0.929624762739086,0.0067163089502117095,0.02774127609870054,0.03591765221200175
06037530400,"Census Tract 5304, Los Angeles County, California",3744,41686.0,1203,171,3744,700,793,374,1203,134,3744,28,150,810,2744,0.14214463840399003,0.18696581196581197,0.47162673392181587,0.1113881961762261,0.7329059829059829,0.04006410256410257,0.21634615384615385,0.007478632478632479
06037530500,"Census Tract 5305, Los Angeles County, California",3719,44750.0,1118,214,3717,601,717,301,1118,99,3719,116,2,196,3405,0.19141323792486584,0.1616895345708905,0.4198047419804742,0.0885509838998211,0.9155687012637805,0.0005377789728421619,0.05270233933853186,0.031191180424845387
06037530601,"Census Tract 5306.01, Los Angeles County, California",2930,51719.0,851,49,2903,434,422,227,851,135,2930,179,0,52,2685,0.057579318448883664,0.149500516706855,0.5379146919431279,0.15863689776733256,0.9163822525597269,0.0,0.017747440273037544,0.061092150170648465
06037530602,"Census Tract 5306.02, Los Angeles County, California",1769,84750.0,413,5,1748,320,177,95,413,62,1769,185,5,51,1528,0.012106537530266344,0.18306636155606407,0.536723163841808,0.15012106537530268,0.8637648388920294,0.002826455624646693,0.02882984737139627,0.10457885811192764
06037530700,"Census Tract 5307, Los Angeles County, California",2157,55855.0,547,20,2137,339,311,141,547,98,2157,67,0,39,2047,0.03656307129798903,0.1586335985025737,0.4533762057877814,0.17915904936014626,0.9490032452480297,0.0,0.01808066759388039,0.031061659712563746
06037530801,"Census Tract 5308.01, Los Angeles County, California",5407,47885.0,1466,102,5407,1084,905,522,1466,184,5407,298,0,90,5011,0.06957708049113233,0.20048085814684669,0.5767955801104973,0.12551159618008187,0.9267616053264287,0.0,0.01664508969853893,0.05511374144627335
06037530802,"Census Tract 5308.02, Los Angeles County, California",3165,60433.0,914,51,3147,529,376,264,914,70,3165,102,34,43,2982,0.05579868708971553,0.1680965999364474,0.7021276595744681,0.07658643326039387,0.9421800947867298,0.010742496050552922,0.013586097946287519,0.03222748815165877
06037530901,"Census Tract 5309.01, Los Angeles County, California",3684,52356.0,903,44,3605,526,662,382,903,191,3684,27,13,4,3640,0.048726467331118496,0.14590846047156728,0.5770392749244713,0.2115171650055371,0.988056460369164,0.003528773072747014,0.0010857763300760044,0.007328990228013029
06037530902,"Census Tract 5309.02, Los Angeles County, California",3840,44722.0,1060,184,3830,596,656,327,1060,188,3840,46,0,170,3624,0.17358490566037735,0.1556135770234987,0.49847560975609756,0.17735849056603772,0.94375,0.0,0.044270833333333336,0.011979166666666667
06037531000,"Census Tract 5310, Los Angeles County, California",5133,41615.0,1284,132,5133,842,756,400,1284,199,5133,84,0,0,5034,0.102803738317757,0.16403662575491915,0.5291005291005291,0.15498442367601245,0.9807130333138515,0.0,0.0,0.01636469900642899
06037531101,"Census Tract 5311.01, Los Angeles County, California",4851,44699.0,1241,149,4824,824,851,410,1241,223,4851,41,4,0,4797,0.1200644641418211,0.17081260364842454,0.481786133960047,0.17969379532634971,0.9888682745825603,0.0008245722531436817,0.0,0.008451865594722737
06037531102,"Census Tract 5311.02, Los Angeles County, California",3210,33512.0,897,129,3192,719,692,419,897,128,3210,14,0,15,3171,0.14381270903010032,0.22525062656641603,0.6054913294797688,0.1426978818283166,0.9878504672897196,0.0,0.004672897196261682,0.004361370716510903
06037531201,"Census Tract 5312.01, Los Angeles County, California",5530,50455.0,1272,103,5530,1350,910,388,1272,357,5530,46,14,0,5464,0.0809748427672956,0.244122965641953,0.42637362637362636,0.2806603773584906,0.9880650994575045,0.002531645569620253,0.0,0.008318264014466547
06037531202,"Census Tract 5312.02, Los Angeles County, California",4431,48344.0,1145,69,4403,486,799,362,1145,265,4431,40,32,46,4313,0.06026200873362445,0.11037928684987508,0.4530663329161452,0.2314410480349345,0.9733694425637553,0.007221846084405326,0.010381403746332656,0.009027307605506657
06037531301,"Census Tract 5313.01, Los Angeles County, California",4824,40385.0,1232,181,4693,1338,971,497,1232,333,4824,34,27,41,4719,0.14691558441558442,0.2851054762412103,0.5118434603501545,0.2702922077922078,0.9782338308457711,0.005597014925373134,0.008499170812603648,0.007048092868988391
06037531302,"Census Tract 5313.02, Los Angeles County, California",6215,41065.0,1490,191,6159,1110,1006,555,1490,358,6215,31,0,0,6184,0.12818791946308725,0.18022406234778374,0.55168986083499,0.24026845637583893,0.9950120675784393,0.0,0.0,0.00498793242156074
06037531502,"Census Tract 5315.02, Los Angeles County, California",3397,45404.0,807,77,3384,695,634,421,807,149,3397,28,0,16,3353,0.09541511771995044,0.20537825059101655,0.6640378548895899,0.18463444857496902,0.9870473947600824,0.0,0.0047100382690609364,0.008242566970856638
06037531503,"Census Tract 5315.03, Los Angeles County, California",2753,44736.0,737,86,2727,653,627,363,737,172,2753,13,0,0,2731,0.11668928086838534,0.23945727906123945,0.5789473684210527,0.23337856173677068,0.9920087177624409,0.0,0.0,0.00472212132219397
06037531504,"Census Tract 5315.04, Los Angeles County, California",4250,48167.0,1052,162,4250,772,672,315,1052,199,4250,8,0,0,4236,0.15399239543726237,0.1816470588235294,0.46875,0.18916349809885932,0.9967058823529412,0.0,0.0,0.0018823529411764706
06037531602,"Census Tract 5316.02, Los Angeles County, California",4432,31681.0,1195,257,4425,1473,932,572,1195,280,4432,47,7,0,4311,0.21506276150627615,0.3328813559322034,0.6137339055793991,0.23430962343096234,0.9726985559566786,0.00157942238267148,0.0,0.010604693140794224
06037531603,"Census Tract 5316.03, Los Angeles County, California",3409,45972.0,875,62,3354,673,561,276,875,161,3409,16,0,32,3242,0.07085714285714285,0.20065593321407274,0.4919786096256685,0.184,0.9510120269873863,0.0,0.009386916984452919,0.004693458492226459
06037531604,"Census Tract 5316.04, Los Angeles County, California",3775,41652.0,926,153,3744,1013,668,372,926,209,3775,62,0,0,3713,0.1652267818574514,0.2705662393162393,0.5568862275449101,0.22570194384449244,0.9835761589403974,0.0,0.0,0.01642384105960265
06037531701,"Census Tract 5317.01, Los Angeles County, California",5375,42899.0,1357,125,5375,796,995,563,1357,287,5375,216,0,0,5145,0.09211495946941783,0.14809302325581394,0.5658291457286432,0.21149594694178334,0.9572093023255814,0.0,0.0,0.04018604651162791
06037531702,"Census Tract 5317.02, Los Angeles County, California",5163,54470.0,1345,174,5163,825,976,545,1345,328,5163,83,0,27,5003,0.12936802973977696,0.15979081929110983,0.5584016393442623,0.24386617100371746,0.969010265349603,0.0,0.005229517722254503,0.016075924849893473
06037531800,"Census Tract 5318, Los Angeles County, California",4960,48859.0,1278,140,4960,688,797,486,1278,258,4960,75,0,0,4802,0.10954616588419405,0.13870967741935483,0.6097867001254705,0.20187793427230047,0.9681451612903226,0.0,0.0,0.015120967741935484
06037531901,"Census Tract 5319.01, Los Angeles County, California",6237,43944.0,1662,158,6216,1350,1132,650,1662,369,6237,72,22,78,6065,0.0950661853188929,0.2171814671814672,0.5742049469964664,0.22202166064981949,0.9724226390893057,0.003527336860670194,0.012506012506012507,0.011544011544011544
06037531902,"Census Tract 5319.02, Los Angeles County, California",4763,63235.0,1156,63,4715,874,550,309,1156,291,4763,223,0,18,4522,0.054498269896193774,0.18536585365853658,0.5618181818181818,0.2517301038062284,0.9494016376233466,0.0,0.003779130799916019,0.04681923157673735
06037532001,"Census Tract 5320.01, Los Angeles County, California",3036,36458.0,1009,104,3036,916,760,479,1009,179,3036,117,26,7,2855,0.10307234886025768,0.30171277997364954,0.6302631578947369,0.1774033696729435,0.9403820816864296,0.008563899868247694,0.00230566534914361,0.038537549407114624
06037532002,"Census Tract 5320.02, Los Angeles County, California",3360,47708.0,936,71,3360,717,550,325,936,191,3360,115,0,197,3032,0.07585470085470085,0.21339285714285713,0.5909090909090909,0.20405982905982906,0.9023809523809524,0.0,0.05863095238095238,0.03422619047619048
06037532101,"Census Tract 5321.01, Los Angeles County, California",6747,50313.0,1774,122,6747,1046,1286,737,1774,358,6747,102,0,215,6360,0.06877113866967305,0.15503186601452498,0.573094867807154,0.20180383314543404,0.9426411738550466,0.0,0.03186601452497406,0.01511783014673188
06037532102,"Census Tract 5321.02, Los Angeles County, California",3936,74425.0,1013,17,3869,226,351,221,1013,73,3936,106,4,435,3391,0.01678183613030602,0.058413026621866114,0.6296296296296297,0.07206317867719644,0.8615345528455285,0.0010162601626016261,0.11051829268292683,0.02693089430894309
06037532200,"Census Tract 5322, Los Angeles County, California",7363,52585.0,1754,142,7333,1137,1170,679,1754,479,7363,184,119,552,6473,0.08095781071835804,0.1550525023864721,0.5803418803418804,0.27309007981755984,0.8791253565122912,0.01616189053374983,0.07496944180361266,0.02498981393453755
06037532302,"Census Tract 5323.02, Los Angeles County, California",4881,49219.0,1130,48,4754,693,563,255,1130,222,4881,72,35,7,4758,0.04247787610619469,0.1457719814892722,0.45293072824156305,0.19646017699115045,0.97480024585126,0.007170661749641467,0.0014341323499282934,0.014751075599262446
06037532303,"Census Tract 5323.03, Los Angeles County, California",4599,55810.0,1339,99,4565,628,631,433,1339,186,4599,67,18,37,4426,0.07393577296489919,0.1375684556407448,0.6862123613312203,0.13890963405526513,0.9623831267666884,0.003913894324853229,0.008045227223309415,0.01456838443139813
06037532304,"Census Tract 5323.04, Los Angeles County, California",4013,44113.0,1090,175,4005,1042,705,208,1090,136,4013,154,410,13,3269,0.16055045871559634,0.26017478152309614,0.2950354609929078,0.12477064220183487,0.8146025417393471,0.1021679541490157,0.00323947171692001,0.03837528033889858
06037532400,"Census Tract 5324, Los Angeles County, California",45,42188.0,21,4,45,0,17,3,21,0,45,8,1,0,36,0.19047619047619047,0.0,0.17647058823529413,0.0,0.8,0.022222222222222223,0.0,0.17777777777777778
06037532500,"Census Tract 5325, Los Angeles County, California",4195,55219.0,1120,90,4195,853,728,422,1120,302,4195,68,91,97,3939,0.08035714285714286,0.2033373063170441,0.5796703296703297,0.26964285714285713,0.9389749702026222,0.02169249106078665,0.023122765196662693,0.016209773539928488
06037532603,"Census Tract 5326.03, Los Angeles County, California",3289,44223.0,759,65,3272,605,548,328,759,338,3289,38,37,0,3214,0.08563899868247694,0.18490220048899755,0.5985401459854015,0.4453227931488801,0.9771967163271511,0.01124961994527212,0.0,0.011553663727576772
06037532604,"Census Tract 5326.04, Los Angeles County, California",2739,49063.0,687,114,2722,580,556,335,687,269,2739,28,22,7,2678,0.16593886462882096,0.213078618662748,0.6025179856115108,0.3915574963609898,0.9777290982110259,0.008032128514056224,0.002555677254472435,0.01022270901788974
06037532605,"Census Tract 5326.05, Los Angeles County, California",3301,27404.0,1072,309,3301,1202,874,625,1072,205,3301,77,80,16,3105,0.28824626865671643,0.36413208118751894,0.7151029748283753,0.1912313432835821,0.9406240533171766,0.024235080278703424,0.004847016055740685,0.023326264768252045
06037532606,"Census Tract 5326.06, Los Angeles County, California",4405,36167.0,1278,199,4323,1290,1126,626,1278,370,4405,112,25,9,4259,0.15571205007824726,0.29840388619014574,0.5559502664298401,0.2895148669796557,0.966855845629966,0.0056753688989784334,0.0020431328036322363,0.025425652667423384
06037532700,"Census Tract 5327, Los Angeles County, California",3417,46125.0,691,52,3417,961,544,265,691,299,3417,34,177,11,3195,0.07525325615050651,0.2812408545507755,0.48713235294117646,0.43270622286541244,0.9350307287093942,0.05179982440737489,0.003219198127011999,0.009950248756218905
06037532800,"Census Tract 5328, Los Angeles County, California",4590,40306.0,1008,146,4590,1255,635,372,1008,392,4590,25,237,2,4326,0.14484126984126985,0.27342047930283225,0.5858267716535434,0.3888888888888889,0.9424836601307189,0.05163398692810457,0.00043572984749455336,0.0054466230936819175
06037532900,"Census Tract 5329, Los Angeles County, California",7058,38682.0,1653,264,7040,1812,1225,648,1653,682,7058,45,381,26,6606,0.15970961887477314,0.25738636363636364,0.5289795918367347,0.41258318209316397,0.9359591952394446,0.053981297818078776,0.0036837631056956645,0.006375743836780958
06037533001,"Census Tract 5330.01, Los Angeles County, California",4709,38232.0,1044,147,4692,1487,738,487,1044,280,4709,48,247,0,4414,0.14080459770114942,0.31692242114237,0.6598915989159891,0.2681992337164751,0.9373540029730304,0.05245275005308983,0.0,0.010193246973879804
06037533002,"Census Tract 5330.02, Los Angeles County, California",2705,38065.0,597,41,2705,928,358,255,597,239,2705,19,10,0,2600,0.06867671691792294,0.3430683918669131,0.7122905027932961,0.40033500837520936,0.9611829944547134,0.0036968576709796672,0.0,0.007024029574861368
06037533103,"Census Tract 5331.03, Los Angeles County, California",3283,35792.0,815,196,3283,835,720,488,815,367,3283,86,14,0,3183,0.24049079754601227,0.25434054218702407,0.6777777777777778,0.4503067484662577,0.9695400548279013,0.0042643923240938165,0.0,0.026195552848004875
06037533104,"Census Tract 5331.04, Los Angeles County, California",4415,38676.0,1266,311,4415,1254,1137,591,1266,460,4415,74,53,3,4279,0.2456556082148499,0.2840317100792752,0.5197889182058048,0.36334913112164297,0.9691959229898075,0.012004530011325029,0.0006795016987542468,0.016761041902604756
06037533105,"Census Tract 5331.05, Los Angeles County, California",2510,35625.0,647,46,2510,684,556,364,647,187,2510,14,0,0,2496,0.07109737248840804,0.2725099601593626,0.6546762589928058,0.2890262751159196,0.9944223107569721,0.0,0.0,0.005577689243027889
06037533106,"Census Tract 5331.06, Los Angeles County, California",1655,41504.0,399,31,1645,255,284,178,399,127,1655,7,0,0,1602,0.07769423558897243,0.15501519756838905,0.6267605633802817,0.3182957393483709,0.9679758308157099,0.0,0.0,0.004229607250755287
06037533107,"Census Tract 5331.07, Los Angeles County, California",3503,39228.0,935,97,3478,1231,807,550,935,370,3503,35,0,6,3462,0.10374331550802139,0.35393904542840715,0.6815365551425031,0.39572192513368987,0.9882957465029975,0.0,0.0017128175849272054,0.009991435912075365
06037533201,"Census Tract 5332.01, Los Angeles County, California",2788,39878.0,676,47,2788,653,489,328,676,225,2788,55,0,0,2733,0.0695266272189349,0.2342180774748924,0.6707566462167689,0.3328402366863905,0.9802725968436155,0.0,0.0,0.019727403156384504
06037533202,"Census Tract 5332.02, Los Angeles County, California",3124,54205.0,648,25,3109,391,411,240,648,198,3124,13,0,0,3103,0.038580246913580245,0.12576391122547442,0.583941605839416,0.3055555555555556,0.9932778489116517,0.0,0.0,0.004161331626120359
06037533203,"Census Tract 5332.03, Los Angeles County, California",1931,46645.0,415,28,1931,391,294,158,415,129,1931,5,1,9,1895,0.06746987951807229,0.20248575867426205,0.5374149659863946,0.3108433734939759,0.9813568099430346,0.0005178663904712584,0.004660797514241326,0.002589331952356292
06037533300,"Census Tract 5333, Los Angeles County, California",3346,37841.0,868,94,3346,777,718,431,868,345,3346,42,12,0,3279,0.10829493087557604,0.23221757322175732,0.6002785515320335,0.39746543778801846,0.9799760908547519,0.0035863717872086074,0.0,0.012552301255230125
06037533401,"Census Tract 5334.01, Los Angeles County, California",5098,58214.0,1218,48,5083,1251,743,365,1218,362,5098,20,0,0,5078,0.03940886699507389,0.24611449931143026,0.49125168236877526,0.29720853858784896,0.9960768928991761,0.0,0.0,0.003923107100823852
06037533402,"Census Tract 5334.02, Los Angeles County, California",4240,32845.0,1062,127,4240,1550,814,578,1062,413,4240,58,0,0,4182,0.11958568738229755,0.36556603773584906,0.7100737100737101,0.3888888888888889,0.9863207547169811,0.0,0.0,0.013679245283018868
06037533403,"Census Tract 5334.03, Los Angeles County, California",2848,45217.0,742,108,2712,419,532,341,742,120,2848,63,46,42,2697,0.14555256064690028,0.1544985250737463,0.6409774436090225,0.16172506738544473,0.9469803370786517,0.016151685393258428,0.014747191011235955,0.02212078651685393
06037533501,"Census Tract 5335.01, Los Angeles County, California",3051,41549.0,723,66,3051,760,495,272,723,253,3051,8,0,0,3043,0.0912863070539419,0.2490986561783022,0.5494949494949495,0.3499308437067773,0.9973779088823337,0.0,0.0,0.002622091117666339
06037533502,"Census Tract 5335.02, Los Angeles County, California",2143,53631.0,483,38,2107,255,253,111,483,120,2143,64,0,0,2079,0.07867494824016563,0.12102515424774561,0.43873517786561267,0.2484472049689441,0.9701353243117126,0.0,0.0,0.029864675688287448
06037533503,"Census Tract 5335.03, Los Angeles County, California",2141,53542.0,468,45,2141,444,303,177,468,183,2141,7,110,0,2018,0.09615384615384616,0.20737972909855207,0.5841584158415841,0.391025641025641,0.9425502101821579,0.051377860812704346,0.0,0.003269500233535731
06037533601,"Census Tract 5336.01, Los Angeles County, California",4762,46831.0,1119,58,4737,1079,932,523,1119,351,4762,177,0,19,4514,0.05183199285075961,0.22778129617901627,0.5611587982832618,0.3136729222520107,0.9479210415791685,0.0,0.003989920201595968,0.0371692566148677
06037533602,"Census Tract 5336.02, Los Angeles County, California",5546,46429.0,1406,84,5539,1054,1041,590,1406,279,5546,292,0,80,5014,0.059743954480796585,0.190287055425167,0.5667627281460135,0.1984352773826458,0.9040750090155066,0.0,0.0144248106743599,0.05265055896141363
06037533603,"Census Tract 5336.03, Los Angeles County, California",6986,42750.0,1783,215,6986,2275,1288,750,1783,495,6986,485,47,0,6386,0.12058328659562535,0.3256513026052104,0.5822981366459627,0.2776219854178351,0.9141139421700544,0.006727741196679072,0.0,0.06942456341253936
06037533701,"Census Tract 5337.01, Los Angeles County, California",2998,36845.0,900,145,2992,704,700,430,900,230,2998,94,14,8,2869,0.16111111111111112,0.23529411764705882,0.6142857142857143,0.25555555555555554,0.956971314209473,0.004669779853235491,0.00266844563042028,0.03135423615743829
06037533702,"Census Tract 5337.02, Los Angeles County, California",3543,43214.0,868,48,3543,969,680,473,868,264,3543,7,0,17,3519,0.055299539170506916,0.2734970364098222,0.6955882352941176,0.30414746543778803,0.9932260795935648,0.0,0.004798193621224951,0.0019757267852102737
06037533703,"Census Tract 5337.03, Los Angeles County, California",5259,58344.0,1037,10,5259,843,761,354,1037,364,5259,0,0,0,5259,0.009643201542912247,0.16029663434112948,0.4651773981603154,0.3510125361620058,1.0,0.0,0.0,0.0
06037533803,"Census Tract 5338.03, Los Angeles County, California",6324,44075.0,1600,63,6203,1293,1108,657,1600,346,6324,673,64,20,5552,0.039375,0.20844752539093986,0.5929602888086642,0.21625,0.8779253636938646,0.010120177103099304,0.0031625553447185324,0.10641998734977862
06037533804,"Census Tract 5338.04, Los Angeles County, California",4207,39688.0,1193,81,4207,645,711,452,1193,161,4207,50,0,22,4135,0.06789606035205364,0.15331590206798193,0.6357243319268636,0.134953897736798,0.9828856667458997,0.0,0.005229379605419538,0.01188495364868077
06037533805,"Census Tract 5338.05, Los Angeles County, California",3485,52143.0,924,82,3485,535,571,331,924,237,3485,9,57,24,3395,0.08874458874458875,0.15351506456241032,0.5796847635726795,0.2564935064935065,0.9741750358680057,0.0163558106169297,0.006886657101865136,0.002582496413199426
06037533806,"Census Tract 5338.06, Los Angeles County, California",3794,41510.0,947,110,3793,1156,653,438,947,252,3794,36,134,24,3600,0.11615628299894404,0.3047719483258634,0.6707503828483921,0.26610348468849,0.9488666315234581,0.035318924617817604,0.0063257775434897206,0.009488666315234581
06037533901,"Census Tract 5339.01, Los Angeles County, California",6320,47823.0,1453,44,6320,1733,1142,745,1453,391,6320,144,129,0,6004,0.030282174810736407,0.2742088607594937,0.6523642732049036,0.2690984170681349,0.95,0.020411392405063292,0.0,0.02278481012658228
06037533902,"Census Tract 5339.02, Los Angeles County, California",4049,43426.0,958,23,4004,976,746,508,958,217,4049,62,0,0,3978,0.024008350730688934,0.24375624375624375,0.6809651474530831,0.2265135699373695,0.9824648061249691,0.0,0.0,0.015312422820449494
06037534001,"Census Tract 5340.01, Los Angeles County, California",5125,45933.0,1267,90,5125,970,1042,639,1267,323,5125,74,0,42,4993,0.07103393843725335,0.18926829268292683,0.6132437619961613,0.2549329123914759,0.9742439024390244,0.0,0.008195121951219513,0.014439024390243903
06037534002,"Census Tract 5340.02, Los Angeles County, California",4628,50000.0,1008,73,4482,1190,661,434,1008,281,4628,223,39,43,4320,0.07242063492063493,0.2655064703257474,0.6565809379727685,0.2787698412698413,0.9334485738980121,0.008426966292134831,0.009291270527225583,0.04818496110630942
06037534101,"Census Tract 5341.01, Los Angeles County, California",2358,34792.0,505,4,2358,786,368,255,505,196,2358,31,45,134,2148,0.007920792079207921,0.3333333333333333,0.6929347826086957,0.38811881188118813,0.910941475826972,0.019083969465648856,0.056827820186598814,0.013146734520780322
06037534102,"Census Tract 5341.02, Los Angeles County, California",6219,39384.0,1463,132,6219,1874,1309,789,1463,582,6219,16,78,0,6125,0.09022556390977443,0.30133461971378034,0.6027501909854851,0.3978127136021873,0.9848850297475479,0.012542209358417752,0.0,0.0025727608940344106
06037534201,"Census Tract 5342.01, Los Angeles County, California",4768,43586.0,1027,95,4645,1353,744,493,1027,370,4768,98,47,20,4584,0.09250243427458617,0.291280947255113,0.6626344086021505,0.3602726387536514,0.9614093959731543,0.00985738255033557,0.0041946308724832215,0.020553691275167787
06037534202,"Census Tract 5342.02, Los Angeles County, California",5748,32083.0,1279,149,5680,2108,1036,664,1279,358,5748,361,14,14,5359,0.1164972634870993,0.3711267605633803,0.640926640926641,0.2799061767005473,0.9323242867084203,0.0024356297842727907,0.0024356297842727907,0.0628044537230341
06037534203,"Census Tract 5342.03, Los Angeles County, California",3206,34556.0,863,157,3151,909,678,498,863,165,3206,55,7,0,3139,0.18192352259559674,0.2884798476674072,0.7345132743362832,0.19119351100811124,0.9791016843418591,0.002183406113537118,0.0,0.017155333749220212
06037534301,"Census Tract 5343.01, Los Angeles County, California",4320,50943.0,1136,101,4320,1120,982,563,1136,168,4320,156,75,69,3981,0.08890845070422536,0.25925925925925924,0.5733197556008147,0.14788732394366197,0.9215277777777777,0.017361111111111112,0.01597222222222222,0.03611111111111111
06037534302,"Census Tract 5343.02, Los Angeles County, California",3720,49833.0,834,28,3720,1159,677,391,834,212,3720,57,52,14,3591,0.03357314148681055,0.31155913978494626,0.5775480059084195,0.2541966426858513,0.9653225806451613,0.013978494623655914,0.003763440860215054,0.01532258064516129
06037534403,"Census Tract 5344.03, Los Angeles County, California",2795,44318.0,714,24,2792,589,622,280,714,199,2795,163,0,0,2632,0.03361344537815126,0.21095988538681948,0.45016077170418006,0.27871148459383754,0.9416815742397138,0.0,0.0,0.05831842576028622
06037534404,"Census Tract 5344.04, Los Angeles County, California",3677,42841.0,976,61,3650,851,778,449,976,182,3677,288,12,8,3322,0.0625,0.23315068493150684,0.577120822622108,0.1864754098360656,0.9034539026380202,0.003263530051672559,0.0021756867011150393,0.07832472124014142
06037534405,"Census Tract 5344.05, Los Angeles County, California",4351,45875.0,962,81,4344,1287,860,579,962,287,4351,31,11,32,4244,0.0841995841995842,0.2962707182320442,0.6732558139534883,0.2983367983367983,0.9754079521948977,0.002528154447253505,0.007354631119282923,0.007124798896805332
06037534406,"Census Tract 5344.06, Los Angeles County, California",5027,45500.0,1068,8,5007,1229,1000,630,1068,380,5027,49,9,0,4969,0.00749063670411985,0.24545636109446775,0.63,0.35580524344569286,0.9884623035607718,0.0017903322060871295,0.0,0.00974736423314104
06037534501,"Census Tract 5345.01, Los Angeles County, California",5226,55811.0,1239,119,5226,931,729,335,1239,312,5226,91,4,0,5080,0.096045197740113,0.17814772292384232,0.45953360768175583,0.25181598062953997,0.9720627631075393,0.0007654037504783774,0.0,0.017412935323383085
06037534502,"Census Tract 5345.02, Los Angeles County, California",4654,48900.0,988,68,4654,1113,327,229,988,261,4654,105,18,16,4508,0.06882591093117409,0.2391491190373872,0.7003058103975535,0.26417004048583,0.9686291362269016,0.003867640739149119,0.0034379028792436614,0.02256123764503653
06037534700,"Census Tract 5347, Los Angeles County, California",4435,71042.0,1008,73,4427,430,266,104,1008,227,4435,89,0,18,4306,0.07242063492063493,0.09713124011746103,0.39097744360902253,0.2251984126984127,0.970913190529876,0.0,0.004058624577226606,0.020067643742953778
06037534802,"Census Tract 5348.02, Los Angeles County, California",3136,61629.0,705,72,3136,483,302,163,705,173,3136,41,6,0,3060,0.10212765957446808,0.15401785714285715,0.5397350993377483,0.2453900709219858,0.9757653061224489,0.001913265306122449,0.0,0.013073979591836735
06037534803,"Census Tract 5348.03, Los Angeles County, California",4589,39432.0,1177,112,4528,866,667,432,1177,261,4589,36,0,84,4455,0.0951571792693288,0.19125441696113074,0.6476761619190404,0.221750212404418,0.9707997385051209,0.0,0.01830464153410329,0.007844846371758554
06037534804,"Census Tract 5348.04, Los Angeles County, California",3736,51475.0,885,72,3673,729,454,271,885,252,3736,19,0,33,3680,0.08135593220338982,0.19847536074053906,0.5969162995594713,0.2847457627118644,0.9850107066381156,0.0,0.008832976445396146,0.005085653104925054
06037534900,"Census Tract 5349, Los Angeles County, California",6319,59333.0,1476,68,6319,710,821,316,1476,376,6319,26,0,19,6274,0.04607046070460705,0.11235955056179775,0.3848964677222899,0.25474254742547425,0.9928786200348156,0.0,0.003006804874188954,0.0041145750909954105
06037535001,"Census Tract 5350.01, Los Angeles County, California",4512,41969.0,1019,55,4512,1069,641,398,1019,376,4512,0,329,0,4149,0.053974484789008834,0.23692375886524822,0.6209048361934477,0.3689892051030422,0.9195478723404256,0.07291666666666667,0.0,0.0
06037535002,"Census Tract 5350.02, Los Angeles County, California",3648,39960.0,842,80,3648,923,525,339,842,266,3648,0,85,0,3550,0.09501187648456057,0.25301535087719296,0.6457142857142857,0.3159144893111639,0.9731359649122807,0.023300438596491228,0.0,0.0
06037535101,"Census Tract 5351.01, Los Angeles County, California",7949,39669.0,1795,158,7916,2408,1202,743,1795,632,7949,54,667,0,7113,0.08802228412256267,0.3041940373926225,0.6181364392678869,0.3520891364902507,0.8948295383067052,0.08390992577682728,0.0,0.006793307334255881
06037535102,"Census Tract 5351.02, Los Angeles County, California",4621,56250.0,1043,125,4620,745,533,286,1043,222,4621,38,457,6,4085,0.11984659635666348,0.16125541125541126,0.5365853658536586,0.21284755512943432,0.8840077905215321,0.09889634278294741,0.0012984202553559835,0.008223328283921229
06037535200,"Census Tract 5352, Los Angeles County, California",6111,52011.0,1263,135,6043,1177,701,478,1263,352,6111,9,670,0,5386,0.10688836104513064,0.19477080920072812,0.68188302425107,0.278701504354711,0.8813614792996236,0.10963835706103747,0.0,0.0014727540500736377
06037535300,"Census Tract 5353, Los Angeles County, California",6524,43000.0,1428,91,6508,2099,723,542,1428,498,6524,0,274,0,6250,0.06372549019607843,0.3225261216963737,0.7496542185338866,0.3487394957983193,0.9580012262415696,0.04199877375843041,0.0,0.0
06037535400,"Census Tract 5354, Los Angeles County, California",3553,44205.0,771,50,3524,769,566,299,771,243,3553,23,336,6,3175,0.0648508430609598,0.21821793416572077,0.5282685512367491,0.3151750972762646,0.8936110329299184,0.09456797072896145,0.0016887137630171687,0.00647340275823248
06037535501,"Census Tract 5355.01, Los Angeles County, California",3898,41599.0,1017,145,3889,865,826,545,1017,321,3898,71,28,6,3767,0.14257620452310718,0.22242221650809976,0.6598062953995157,0.31563421828908556,0.9663930220625963,0.007183170856849667,0.0015392508978963571,0.018214468958440224
06037535502,"Census Tract 5355.02, Los Angeles County, California",5411,52059.0,1246,99,5344,735,848,474,1246,381,5411,126,20,162,5092,0.07945425361155699,0.1375374251497006,0.5589622641509434,0.3057784911717496,0.94104601737202,0.0036961744594344852,0.02993901312141933,0.02328589909443726
06037535503,"Census Tract 5355.03, Los Angeles County, California",2240,40739.0,643,109,2225,315,412,302,643,88,2240,8,0,0,2207,0.16951788491446346,0.14157303370786517,0.7330097087378641,0.1368584758942457,0.9852678571428571,0.0,0.0,0.0035714285714285713
06037535603,"Census Tract 5356.03, Los Angeles County, California",3998,43073.0,1019,78,3993,1250,646,461,1019,257,3998,13,126,6,3853,0.07654563297350343,0.31304783370899075,0.7136222910216719,0.2522080471050049,0.9637318659329664,0.03151575787893947,0.0015007503751875938,0.0032516258129064533
06037535604,"Census Tract 5356.04, Los Angeles County, California",4476,51172.0,1020,48,4453,902,653,342,1020,299,4476,26,0,0,4450,0.047058823529411764,0.2025600718616663,0.5237366003062787,0.2931372549019608,0.9941912421805184,0.0,0.0,0.00580875781948168
06037535605,"Census Tract 5356.05, Los Angeles County, California",4440,46081.0,1122,191,4433,904,863,434,1122,393,4440,28,0,0,4412,0.17023172905525846,0.2039251071509136,0.5028968713789108,0.3502673796791444,0.9936936936936936,0.0,0.0,0.006306306306306306
06037535606,"Census Tract 5356.06, Los Angeles County, California",2007,45208.0,451,107,2007,310,306,169,451,200,2007,39,15,0,1953,0.23725055432372505,0.15445939212755355,0.5522875816993464,0.4434589800443459,0.9730941704035875,0.007473841554559043,0.0,0.01943198804185351
06037535607,"Census Tract 5356.07, Los Angeles County, California",4946,46081.0,1090,52,4946,927,442,315,1090,408,4946,25,0,0,4895,0.047706422018348627,0.1874241811564901,0.7126696832579186,0.3743119266055046,0.9896886372826527,0.0,0.0,0.005054589567327133
06037535701,"Census Tract 5357.01, Los Angeles County, California",5237,52500.0,1420,61,5228,550,880,488,1420,291,5237,36,0,92,5091,0.04295774647887324,0.10520275439938791,0.5545454545454546,0.20492957746478874,0.9721214435745655,0.0,0.017567309528355928,0.00687416459805232
06037535702,"Census Tract 5357.02, Los Angeles County, California",5638,54157.0,1439,83,5631,1178,962,527,1439,406,5638,237,0,9,5362,0.057678943710910355,0.20919907654057893,0.5478170478170478,0.28214037526059765,0.9510464703795672,0.0,0.0015963107484923732,0.04203618304363249
06037535802,"Census Tract 5358.02, Los Angeles County, California",6600,53545.0,1609,132,6576,895,747,385,1609,344,6600,237,0,0,6307,0.08203853325046613,0.13610097323600973,0.5153949129852744,0.21379738968303294,0.9556060606060606,0.0,0.0,0.03590909090909091
06037535803,"Census Tract 5358.03, Los Angeles County, California",4246,49813.0,1121,98,4246,610,818,453,1121,210,4246,39,0,6,4201,0.08742194469223907,0.1436646255299105,0.5537897310513448,0.1873327386262266,0.9894017899199247,0.0,0.001413094677343382,0.009185115402731984
06037535804,"Census Tract 5358.04, Los Angeles County, California",5328,45739.0,1346,46,5289,1543,876,626,1346,403,5328,58,52,0,5207,0.03417533432392273,0.2917375685384761,0.7146118721461188,0.29940564635958394,0.9772897897897898,0.00975975975975976,0.0,0.010885885885885885
06037535901,"Census Tract 5359.01, Los Angeles County, California",5578,51968.0,1448,116,5578,1036,731,427,1448,222,5578,38,0,0,5540,0.08011049723756906,0.18572965220509144,0.5841313269493844,0.15331491712707182,0.9931875224094657,0.0,0.0,0.006812477590534241
06037535902,"Census Tract 5359.02, Los Angeles County, California",7209,72689.0,1578,85,7181,582,487,255,1578,285,7209,189,0,39,6898,0.053865652724968315,0.08104720790976187,0.5236139630390144,0.1806083650190114,0.9568594812040505,0.0,0.005409904286308781,0.026217228464419477
06037536000,"Census Tract 5360, Los Angeles County, California",3701,49773.0,1008,143,3688,613,779,391,1008,269,3701,39,0,14,3620,0.14186507936507936,0.16621475054229934,0.5019255455712451,0.26686507936507936,0.978114023236963,0.0,0.0037827614158335585,0.010537692515536342
06037536102,"Census Tract 5361.02, Los Angeles County, California",3155,58594.0,1036,49,3155,291,305,169,1036,18,3155,713,12,0,2412,0.0472972972972973,0.09223454833597464,0.5540983606557377,0.017374517374517374,0.7645007923930269,0.003803486529318542,0.0,0.2259904912836767
06037536103,"Census Tract 5361.03, Los Angeles County, California",5353,59933.0,1481,100,5288,806,706,436,1481,354,5353,119,9,8,5167,0.0675219446320054,0.15242057488653554,0.6175637393767706,0.23902768399729912,0.9652531290864935,0.0016813002054922473,0.0014944890715486642,0.022230524939286383
06037536104,"Census Tract 5361.04, Los Angeles County, California",3900,49444.0,1032,66,3900,704,607,356,1032,179,3900,127,59,31,3656,0.06395348837209303,0.18051282051282053,0.586490939044481,0.17344961240310078,0.9374358974358974,0.015128205128205128,0.007948717948717949,0.03256410256410256
06037536200,"Census Tract 5362, Los Angeles County, California",7281,59449.0,1945,107,7281,1164,862,512,1945,324,7281,567,150,137,6369,0.055012853470437016,0.15986814997939844,0.5939675174013921,0.1665809768637532,0.8747424804285125,0.020601565718994644,0.01881609669001511,0.07787391841779975
06037540000,"Census Tract 5400, Los Angeles County, California",7139,59330.0,1587,137,7131,1440,1034,495,1587,418,7139,99,188,49,6788,0.08632640201638311,0.20193521245267143,0.4787234042553192,0.26339004410838057,0.950833450063034,0.02633422047905869,0.006863706401456787,0.01386748844375963
06037540101,"Census Tract 5401.01, Los Angeles County, California",6743,81494.0,1475,122,6686,463,398,243,1475,211,6743,169,512,0,5995,0.08271186440677966,0.06924917738558181,0.6105527638190955,0.1430508474576271,0.8890701468189234,0.07593059469079044,0.0,0.025063028325671068
06037540102,"Census Tract 5401.02, Los Angeles County, California",6905,60934.0,1562,44,6905,1121,574,327,1562,321,6905,85,736,0,5975,0.028169014084507043,0.16234612599565532,0.5696864111498258,0.20550576184379002,0.8653149891383056,0.10658942795076032,0.0,0.012309920347574221
06037540201,"Census Tract 5402.01, Los Angeles County, California",2587,34855.0,591,89,2587,752,488,295,591,211,2587,8,20,15,2536,0.1505922165820643,0.2906841901816776,0.6045081967213115,0.3570219966159052,0.9802860456126787,0.007730962504831852,0.005798221878623889,0.0030923850019327404
06037540202,"Census Tract 5402.02, Los Angeles County, California",7116,39707.0,1601,123,6748,1871,1268,779,1601,480,7116,321,214,125,6423,0.07682698313554029,0.277267338470658,0.6143533123028391,0.29981261711430357,0.9026138279932546,0.030073074761101742,0.017566048341765037,0.045109612141652614
06037540203,"Census Tract 5402.03, Los Angeles County, California",5807,48663.0,1282,75,5741,1403,868,594,1282,307,5807,56,516,29,5136,0.05850234009360374,0.24438251175753353,0.684331797235023,0.23946957878315134,0.8844498019631479,0.08885827449629757,0.004993972791458585,0.009643533666264853
06037540300,"Census Tract 5403, Los Angeles County, California",4728,59200.0,1172,65,4728,584,523,343,1172,232,4728,47,11,79,4591,0.05546075085324232,0.12351945854483926,0.655831739961759,0.19795221843003413,0.9710236886632826,0.002326565143824027,0.01670896785109983,0.00994077834179357
06037540400,"Census Tract 5404, Los Angeles County, California",2109,52045.0,442,51,2109,510,215,124,442,94,2109,4,329,0,1776,0.11538461538461539,0.24182076813655762,0.5767441860465117,0.21266968325791855,0.8421052631578947,0.15599810336652442,0.0,0.001896633475580844
06037540501,"Census Tract 5405.01, Los Angeles County, California",6713,57386.0,1053,61,4736,661,447,257,1053,247,6713,523,702,65,5357,0.057929724596391265,0.13956925675675674,0.5749440715883669,0.2345679012345679,0.7980038730820795,0.10457321614777297,0.009682705198867868,0.07790853567704455
06037540502,"Census Tract 5405.02, Los Angeles County, California",6163,35213.0,1454,189,6163,1705,1250,839,1454,414,6163,197,797,19,5144,0.12998624484181567,0.27665098166477364,0.6712,0.28473177441540576,0.8346584455622262,0.12932013629725783,0.003082914165179296,0.03196495213370112
06037540600,"Census Tract 5406, Los Angeles County, California",4981,31875.0,1130,194,4910,1391,774,590,1130,263,4981,26,1153,0,3802,0.17168141592920355,0.28329938900203666,0.7622739018087855,0.2327433628318584,0.7633005420598273,0.23147962256574986,0.0,0.005219835374422807
06037540700,"Census Tract 5407, Los Angeles County, California",3230,44623.0,810,74,3128,463,401,308,810,137,3230,111,809,22,2284,0.09135802469135802,0.14801790281329924,0.7680798004987531,0.16913580246913582,0.7071207430340557,0.25046439628482975,0.006811145510835914,0.03436532507739938
06037540800,"Census Tract 5408, Los Angeles County, California",5287,66964.0,1514,111,5287,424,483,274,1514,95,5287,1,2714,0,2338,0.07331571994715984,0.08019670890864385,0.567287784679089,0.06274768824306473,0.442216758085871,0.5133345942878759,0.0,0.00018914318138831096
06037540901,"Census Tract 5409.01, Los Angeles County, California",4904,40033.0,1201,98,4690,1178,484,377,1201,194,4904,148,1044,36,3630,0.08159866777685262,0.2511727078891258,0.7789256198347108,0.16153205661948378,0.7402120717781403,0.2128874388254486,0.00734094616639478,0.030179445350734094
06037540902,"Census Tract 5409.02, Los Angeles County, California",4707,59907.0,1487,130,4707,1074,565,279,1487,86,4707,54,2744,0,1813,0.08742434431741762,0.22817080943275972,0.49380530973451325,0.05783456624075319,0.38517102188230296,0.5829615466326747,0.0,0.011472275334608031
06037541001,"Census Tract 5410.01, Los Angeles County, California",1144,50060.0,365,27,1137,116,60,29,365,14,1144,42,557,90,455,0.07397260273972603,0.10202286719437115,0.48333333333333334,0.038356164383561646,0.3977272727272727,0.4868881118881119,0.07867132867132867,0.03671328671328671
06037541002,"Census Tract 5410.02, Los Angeles County, California",3318,64490.0,982,19,3256,532,152,80,982,39,3318,485,1828,34,958,0.019348268839103868,0.16339066339066338,0.5263157894736842,0.03971486761710794,0.28872814948764314,0.5509342977697408,0.010247136829415311,0.14617239300783605
06037541100,"Census Tract 5411, Los Angeles County, California",3251,59375.0,918,126,3222,841,288,170,918,121,3251,63,1251,60,1795,0.13725490196078433,0.2610180012414649,0.5902777777777778,0.1318082788671024,0.5521378037526915,0.38480467548446634,0.01845585973546601,0.01937865272223931
06037541200,"Census Tract 5412, Los Angeles County, California",6546,82125.0,1853,203,6532,620,513,307,1853,226,6546,66,3085,49,3144,0.10955207771181867,0.09491733006736068,0.5984405458089669,0.12196438208310847,0.48029330889092575,0.47128017109685305,0.007485487320501069,0.01008249312557287
06037541300,"Census Tract 5413, Los Angeles County, California",5512,48701.0,1473,49,5512,922,439,345,1473,193,5512,42,1539,33,3807,0.03326544467073999,0.16727140783744557,0.785876993166287,0.13102511880515955,0.6906748911465893,0.2792089985486212,0.005986937590711176,0.007619738751814224
06037541400,"Census Tract 5414, Los Angeles County, California",7989,46563.0,1696,173,7989,2195,921,646,1696,358,7989,61,670,257,6768,0.10200471698113207,0.2747527850794843,0.7014115092290988,0.21108490566037735,0.8471648516710477,0.0838653148078608,0.032169232694955564,0.0076354988108649395
06037541500,"Census Tract 5415, Los Angeles County, California",6273,51024.0,1349,178,6181,922,913,463,1349,469,6273,26,1049,0,5191,0.13194959229058562,0.14916680148843228,0.5071193866374589,0.3476649369903632,0.8275147457356926,0.1672246134226048,0.0,0.004144747329826239
06037541603,"Census Tract 5416.03, Los Angeles County, California",3059,37027.0,676,57,2944,945,414,263,676,188,3059,57,387,24,2563,0.08431952662721894,0.320991847826087,0.6352657004830918,0.2781065088757396,0.8378555083360575,0.12651193200392286,0.007845701209545603,0.018633540372670808
06037541604,"Census Tract 5416.04, Los Angeles County, California",5917,42188.0,1453,120,5905,1078,1012,689,1453,334,5917,131,700,11,5043,0.08258774948382656,0.1825571549534293,0.6808300395256917,0.22986923606331727,0.8522900118303194,0.11830319418624304,0.0018590501943552475,0.022139597769139766
06037541605,"Census Tract 5416.05, Los Angeles County, California",4805,50802.0,1289,107,4805,1005,786,481,1289,197,4805,27,1139,126,3513,0.08301008533747091,0.20915712799167535,0.6119592875318066,0.15283165244375485,0.7311134235171696,0.23704474505723205,0.026222684703433922,0.005619146722164412
06037541606,"Census Tract 5416.06, Los Angeles County, California",2348,40509.0,611,38,2348,497,430,259,611,158,2348,19,411,0,1918,0.062193126022913256,0.2116695059625213,0.6023255813953489,0.25859247135842883,0.8168654173764907,0.17504258943781942,0.0,0.008091993185689948
06037541700,"Census Tract 5417, Los Angeles County, California",6638,71532.0,1396,10,6638,579,396,221,1396,270,6638,57,482,33,5996,0.0071633237822349575,0.08722506779150346,0.5580808080808081,0.19340974212034384,0.9032841217234107,0.07261223260018078,0.004971376920759264,0.008586923772220548
06037541801,"Census Tract 5418.01, Los Angeles County, California",6180,50714.0,1322,56,6180,934,750,451,1322,468,6180,67,1194,1,4800,0.04236006051437216,0.1511326860841424,0.6013333333333334,0.3540090771558245,0.7766990291262136,0.19320388349514564,0.00016181229773462783,0.010841423948220064
06037541802,"Census Tract 5418.02, Los Angeles County, California",5306,56557.0,1150,133,5306,676,383,270,1150,336,5306,52,583,107,4553,0.11565217391304349,0.12740294006784772,0.7049608355091384,0.2921739130434783,0.8580851865812288,0.10987561251413494,0.02016584998115341,0.00980022615906521
06037542000,"Census Tract 5420, Los Angeles County, California",4708,55481.0,1141,130,4708,456,419,301,1141,251,4708,81,1527,57,3043,0.11393514460999124,0.09685641461342395,0.7183770883054893,0.21998247151621383,0.6463466440101954,0.3243415463041631,0.012107051826677994,0.017204757858963467
06037542103,"Census Tract 5421.03, Los Angeles County, California",3685,56089.0,847,45,3679,557,399,262,847,204,3685,16,456,7,3206,0.053128689492325853,0.1513998369122044,0.656641604010025,0.2408500590318772,0.8700135685210312,0.12374491180461329,0.0018995929443690637,0.004341926729986432
06037542104,"Census Tract 5421.04, Los Angeles County, California",3473,66389.0,706,25,3392,670,277,149,706,210,3473,115,317,14,2983,0.03541076487252125,0.19752358490566038,0.5379061371841155,0.29745042492917845,0.8589116038007486,0.0912755542758422,0.004031097034264325,0.033112582781456956
06037542105,"Census Tract 5421.05, Los Angeles County, California",4781,48125.0,1095,130,4771,1062,700,430,1095,205,4781,51,633,0,4006,0.1187214611872146,0.22259484384824985,0.6142857142857143,0.1872146118721461,0.8379000209161264,0.13239907969044132,0.0,0.010667224430035557
06037542106,"Census Tract 5421.06, Los Angeles County, California",3523,51496.0,777,113,3499,978,472,244,777,265,3523,42,302,120,3000,0.14543114543114544,0.27950843098028005,0.5169491525423728,0.3410553410553411,0.8515469770082317,0.08572239568549532,0.03406187908032927,0.011921657678115243
06037542200,"Census Tract 5422, Los Angeles County, California",7155,51181.0,1576,70,7155,1885,578,426,1576,376,7155,75,1878,0,5112,0.044416243654822336,0.2634521313766597,0.7370242214532872,0.23857868020304568,0.7144654088050314,0.2624737945492662,0.0,0.010482180293501049
06037542401,"Census Tract 5424.01, Los Angeles County, California",4735,48938.0,1223,41,4700,1081,434,279,1223,248,4735,33,1639,56,2837,0.033524121013900246,0.23,0.6428571428571429,0.2027800490596893,0.5991552270327349,0.34614572333685323,0.011826821541710665,0.006969376979936642
06037542402,"Census Tract 5424.02, Los Angeles County, California",3306,68203.0,758,48,3306,382,220,97,758,121,3306,18,1109,19,2160,0.0633245382585752,0.11554748941318814,0.4409090909090909,0.15963060686015831,0.6533575317604355,0.3354506957047792,0.005747126436781609,0.0054446460980036296
06037542501,"Census Tract 5425.01, Los Angeles County, California",4891,58934.0,1167,90,4891,1360,544,255,1167,254,4891,0,2272,12,2100,0.07712082262210797,0.27806174606419953,0.46875,0.21765209940017138,0.4293600490697199,0.4645266816601922,0.0024534859946841138,0.0
06037542502,"Census Tract 5425.02, Los Angeles County, California",5006,38051.0,1303,152,5006,1778,923,667,1303,330,5006,33,1730,4,3137,0.11665387567152724,0.3551737914502597,0.7226435536294691,0.25326170376055257,0.6266480223731522,0.3455852976428286,0.0007990411506192569,0.006592089492608869
06037542601,"Census Tract 5426.01, Los Angeles County, California",3295,37589.0,677,59,3292,1045,500,348,677,260,3295,46,541,48,2647,0.08714918759231906,0.31743620899149455,0.696,0.38404726735598227,0.8033383915022762,0.16418816388467375,0.01456752655538695,0.013960546282245826
06037542602,"Census Tract 5426.02, Los Angeles County, California",5934,60051.0,1421,32,5934,919,841,405,1421,405,5934,45,1294,0,4567,0.022519352568613652,0.1548702392989552,0.4815695600475624,0.28501055594651653,0.7696326255476913,0.2180653859116953,0.0,0.007583417593528817
06037542700,"Census Tract 5427, Los Angeles County, California",6129,61573.0,1345,49,6129,734,508,299,1345,279,6129,127,1171,0,4799,0.036431226765799254,0.11975852504486866,0.5885826771653543,0.20743494423791822,0.7829988578887257,0.19105890031000164,0.0,0.020721161690324685
06037542800,"Census Tract 5428, Los Angeles County, California",2980,57270.0,899,92,2980,888,160,71,899,90,2980,77,1272,0,1578,0.10233592880978866,0.2979865771812081,0.44375,0.10011123470522804,0.5295302013422819,0.4268456375838926,0.0,0.025838926174496644
06037542900,"Census Tract 5429, Los Angeles County, California",3254,53550.0,737,57,3197,947,300,142,737,125,3254,30,426,13,2759,0.0773405698778833,0.2962152017516422,0.47333333333333333,0.16960651289009498,0.847879532882606,0.1309157959434542,0.003995082974800246,0.00921942224953903
06037543000,"Census Tract 5430, Los Angeles County, California",4531,52333.0,1168,91,4531,562,394,205,1168,126,4531,71,2244,12,2153,0.0779109589041096,0.12403442948576474,0.5203045685279187,0.10787671232876712,0.4751710439196645,0.4952549106157581,0.0026484219819024497,0.015669830059589496
06037543100,"Census Tract 5431, Los Angeles County, California",7254,57445.0,1765,178,7238,1012,508,191,1765,287,7254,75,3443,118,3312,0.1008498583569405,0.1398176291793313,0.37598425196850394,0.16260623229461757,0.456575682382134,0.47463468431210365,0.01626688723462917,0.01033912324234905
06037543201,"Census Tract 5432.01, Los Angeles County, California",3605,57805.0,908,29,3605,595,359,204,908,151,3605,115,1242,37,2185,0.031938325991189426,0.1650485436893204,0.5682451253481894,0.16629955947136563,0.6061026352288488,0.34452149791955616,0.010263522884882107,0.0319001386962552
06037543202,"Census Tract 5432.02, Los Angeles County, California",5124,46250.0,1160,102,5124,1208,612,358,1160,337,5124,56,803,85,4004,0.08793103448275862,0.23575331772053085,0.5849673202614379,0.29051724137931034,0.7814207650273224,0.15671350507416082,0.016588602654176426,0.01092896174863388
06037543304,"Census Tract 5433.04, Los Angeles County, California",5872,86435.0,1946,17,5774,358,200,24,1946,61,5872,461,4735,189,364,0.008735868448098663,0.06200207828195359,0.12,0.03134635149023638,0.06198910081743869,0.8063692098092643,0.0321866485013624,0.07850817438692098
06037543305,"Census Tract 5433.05, Los Angeles County, California",3776,71750.0,1077,24,3696,226,120,65,1077,93,3776,713,951,103,1892,0.022284122562674095,0.061147186147186144,0.5416666666666666,0.08635097493036212,0.5010593220338984,0.251853813559322,0.027277542372881356,0.1888241525423729
06037543306,"Census Tract 5433.06, Los Angeles County, California",7863,77426.0,2123,91,7789,626,732,365,2123,233,7863,596,1126,2987,2268,0.04286387187941592,0.08036975221466171,0.49863387978142076,0.10975035327366933,0.28843952689813046,0.1432023400737632,0.379880452753402,0.07579804146000255
06037543321,"Census Tract 5433.21, Los Angeles County, California",5446,90022.0,1831,94,5395,563,337,186,1831,21,5446,380,3185,880,643,0.05133806663025669,0.10435588507877665,0.5519287833827893,0.011469142545057346,0.11806830701432244,0.5848329048843187,0.1615864854939405,0.0697759823723834
06037543322,"Census Tract 5433.22, Los Angeles County, California",7959,114388.0,2154,42,7941,359,134,71,2154,73,7959,178,5737,549,832,0.019498607242339833,0.04520841203878605,0.5298507462686567,0.033890436397400185,0.10453574569669556,0.7208191983917578,0.06897851488880513,0.022364618670687272
06037543400,"Census Tract 5434, Los Angeles County, California",3731,79875.0,954,30,3731,180,222,129,954,89,3731,154,781,514,2160,0.031446540880503145,0.04824443848834093,0.581081081081081,0.09329140461215933,0.5789332618600911,0.2093272581077459,0.1377646743500402,0.04127579737335835
06037543501,"Census Tract 5435.01, Los Angeles County, California",7457,72548.0,2051,163,7452,628,1030,407,2051,404,7457,457,457,3910,2043,0.07947342759629449,0.08427267847557703,0.3951456310679612,0.196977084349098,0.2739707657234813,0.061284698940592734,0.5243395467346118,0.061284698940592734
06037543502,"Census Tract 5435.02, Los Angeles County, California",4218,82132.0,1351,61,4172,706,526,285,1351,78,4218,422,137,1198,2365,0.04515173945225759,0.16922339405560882,0.5418250950570342,0.05773501110288675,0.560692271218587,0.03247984826932195,0.28402086296823137,0.10004741583688952
06037543503,"Census Tract 5435.03, Los Angeles County, California",5696,74375.0,1772,68,5225,722,707,269,1772,190,5696,893,481,2271,1884,0.03837471783295711,0.13818181818181818,0.38048090523338046,0.1072234762979684,0.33075842696629215,0.08444522471910113,0.3987008426966292,0.15677668539325842
06037543601,"Census Tract 5436.01, Los Angeles County, California",3781,79500.0,966,24,3771,361,318,156,966,94,3781,228,351,1318,1610,0.024844720496894408,0.09573057544417926,0.49056603773584906,0.09730848861283643,0.4258132769108701,0.09283258397249405,0.3485850304152341,0.06030150753768844
06037543602,"Census Tract 5436.02, Los Angeles County, California",7864,71582.0,2852,72,7652,406,657,306,2852,126,7864,1485,418,3173,2385,0.025245441795231416,0.053058024046001045,0.4657534246575342,0.04417952314165498,0.30328077314343843,0.053153611393692776,0.4034842319430315,0.1888351983723296
06037543603,"Census Tract 5436.03, Los Angeles County, California",4301,70658.0,1508,29,4262,236,207,98,1508,18,4301,793,1183,1173,940,0.019230769230769232,0.055373064289066166,0.47342995169082125,0.011936339522546418,0.2185538246919321,0.27505231341548475,0.2727272727272727,0.18437572657521506
06037543604,"Census Tract 5436.04, Los Angeles County, California",5226,98704.0,1370,39,5203,185,210,71,1370,109,5226,429,404,2514,1640,0.02846715328467153,0.035556409763597925,0.3380952380952381,0.07956204379562044,0.31381553769613474,0.07730577879831611,0.48105625717566014,0.08208955223880597
06037543701,"Census Tract 5437.01, Los Angeles County, California",3057,90781.0,622,19,3057,190,162,97,622,97,3057,117,0,964,1699,0.03054662379421222,0.06215243702976775,0.5987654320987654,0.15594855305466238,0.5557736342819758,0.0,0.3153418384036637,0.038272816486751716
06037543702,"Census Tract 5437.02, Los Angeles County, California",6637,78911.0,1797,39,6637,729,515,335,1797,289,6637,452,506,1801,3677,0.021702838063439065,0.10983878258249209,0.6504854368932039,0.16082359488035614,0.5540153683893325,0.07623926472803978,0.2713575410577068,0.06810305861081814
06037543703,"Census Tract 5437.03, Los Angeles County, California",3370,105208.0,907,16,3358,107,217,84,907,78,3370,300,85,792,1907,0.017640573318632856,0.03186420488385944,0.3870967741935484,0.08599779492833518,0.5658753709198813,0.025222551928783383,0.23501483679525223,0.08902077151335312
06037543801,"Census Tract 5438.01, Los Angeles County, California",5159,81190.0,1360,68,5147,248,249,64,1360,82,5159,633,522,1842,1959,0.05,0.04818340781037497,0.2570281124497992,0.060294117647058824,0.3797247528590812,0.10118239968986238,0.3570459391354914,0.122698197325063
06037543802,"Census Tract 5438.02, Los Angeles County, California",6478,77339.0,1941,62,6473,854,909,451,1941,111,6478,282,492,2984,2401,0.03194229778464709,0.13193264328750193,0.4961496149614962,0.0571870170015456,0.3706390861376968,0.0759493670886076,0.46063599876505096,0.04353195430688484
06037543903,"Census Tract 5439.03, Los Angeles County, California",3740,71667.0,1144,50,3700,214,330,134,1144,176,3740,486,151,1269,1616,0.043706293706293704,0.05783783783783784,0.40606060606060607,0.15384615384615385,0.4320855614973262,0.04037433155080214,0.3393048128342246,0.12994652406417112
06037543905,"Census Tract 5439.05, Los Angeles County, California",4636,66250.0,949,45,4629,913,399,201,949,167,4636,132,179,655,3492,0.04741833508956796,0.1972348239360553,0.5037593984962406,0.17597471022128555,0.7532355478861087,0.038610871440897324,0.1412855910267472,0.028472821397756688
06037544001,"Census Tract 5440.01, Los Angeles County, California",4574,78611.0,1144,63,4574,294,390,269,1144,145,4574,321,288,518,3176,0.05506993006993007,0.06427634455618715,0.6897435897435897,0.12674825174825174,0.6943594228246611,0.06296458242238741,0.11324879755137734,0.07017927415828597
06037544002,"Census Tract 5440.02, Los Angeles County, California",3187,80625.0,808,16,3187,542,239,124,808,154,3187,371,225,456,1931,0.019801980198019802,0.17006589268904926,0.5188284518828452,0.1905940594059406,0.6058989645434578,0.07059930969563853,0.14308126764982743,0.11641041732036397
06037550000,"Census Tract 5500, Los Angeles County, California",1982,86806.0,149,21,1697,1014,23,4,149,13,1982,602,307,142,892,0.14093959731543623,0.5975250441956393,0.17391304347826086,0.087248322147651,0.450050454086781,0.15489404641775983,0.07164480322906155,0.30373360242179614
06037550100,"Census Tract 5501, Los Angeles County, California",7329,71875.0,1850,82,7283,756,382,129,1850,282,7329,695,401,720,5500,0.04432432432432432,0.10380337772895784,0.337696335078534,0.15243243243243243,0.750443443853186,0.054714149270023195,0.09823986901350798,0.09482876245053895
06037550201,"Census Tract 5502.01, Los Angeles County, California",2911,67750.0,769,38,2896,329,310,95,769,132,2911,243,105,174,2341,0.0494148244473342,0.1136049723756906,0.3064516129032258,0.1716514954486346,0.8041909996564754,0.036070079010649264,0.05977327378907592,0.08347646856750257
06037550202,"Census Tract 5502.02, Los Angeles County, California",5710,82009.0,1453,63,5702,704,304,145,1453,246,5710,607,375,457,4100,0.043358568479008944,0.12346545071904595,0.4769736842105263,0.16930488644184447,0.7180385288966725,0.06567425569176882,0.08003502626970228,0.10630472854640981
06037550300,"Census Tract 5503, Los Angeles County, California",8421,79676.0,2047,79,8281,568,745,457,2047,255,8421,1273,174,1053,5742,0.03859306301905227,0.06859074990943123,0.6134228187919463,0.12457254518808011,0.6818667616672605,0.020662629141432135,0.12504453152832204,0.15116969481059256
06037550400,"Census Tract 5504, Los Angeles County, California",1226,78393.0,371,0,1226,107,20,5,371,23,1226,142,1,89,985,0.0,0.08727569331158239,0.25,0.06199460916442048,0.8034257748776509,0.0008156606851549756,0.07259380097879282,0.11582381729200653
06037550500,"Census Tract 5505, Los Angeles County, California",8316,86674.0,2337,33,8252,333,832,470,2337,200,8316,1221,85,815,6073,0.014120667522464698,0.04035385361124576,0.5649038461538461,0.08557980316645272,0.7302789802789803,0.010221260221260221,0.09800384800384801,0.14682539682539683
06037550601,"Census Tract 5506.01, Los Angeles County, California",5960,77292.0,1721,71,5887,669,928,418,1721,253,5960,961,151,398,4371,0.04125508425334108,0.11364022422286393,0.4504310344827586,0.14700755374782104,0.7333892617449664,0.025335570469798657,0.06677852348993289,0.16124161073825502
06037550602,"Census Tract 5506.02, Los Angeles County, California",4328,87500.0,1216,20,4328,264,168,102,1216,107,4328,855,26,320,3036,0.01644736842105263,0.06099815157116451,0.6071428571428571,0.08799342105263158,0.7014787430683919,0.006007393715341959,0.07393715341959335,0.19755083179297597
06037550700,"Census Tract 5507, Los Angeles County, California",6104,100844.0,1797,33,6095,180,415,144,1797,212,6104,1249,59,148,4589,0.018363939899833055,0.029532403609515995,0.3469879518072289,0.11797440178074568,0.7518020969855832,0.009665792922673657,0.024246395806028834,0.20461992136304064
06037550800,"Census Tract 5508, Los Angeles County, California",7403,82479.0,2077,61,7403,426,903,385,2077,326,7403,979,55,438,5850,0.029369282619162253,0.05754423882209915,0.4263565891472868,0.156957149735195,0.7902201810076995,0.007429420505200594,0.059165203295961095,0.13224368499257058
06037550901,"Census Tract 5509.01, Los Angeles County, California",4141,68388.0,1357,150,4137,658,1090,517,1357,134,4141,609,125,351,3017,0.1105379513633014,0.15905245346869712,0.4743119266055046,0.09874723655121592,0.7285679787490944,0.030185945423810673,0.08476213475006038,0.1470659261048056
06037550902,"Census Tract 5509.02, Los Angeles County, California",5803,63205.0,1884,87,5803,1064,1421,689,1884,213,5803,753,47,409,4512,0.04617834394904458,0.18335343787696018,0.4848698099929627,0.11305732484076433,0.7775288643804928,0.008099259003963468,0.07048078580044805,0.12976046872307428
06037551000,"Census Tract 5510, Los Angeles County, California",7281,96514.0,2182,80,7281,161,752,262,2182,111,7281,1311,172,837,4839,0.03666361136571952,0.022112347205054252,0.3484042553191489,0.05087076076993584,0.6646065100947672,0.023623128691113857,0.11495673671199011,0.18005768438401318
06037551101,"Census Tract 5511.01, Los Angeles County, California",3964,54549.0,1181,74,3964,428,793,412,1181,273,3964,207,220,413,3079,0.06265876375952582,0.10797174571140263,0.519546027742749,0.23116003386960204,0.7767406659939455,0.055499495459132187,0.10418768920282542,0.052219979818365285
06037551102,"Census Tract 5511.02, Los Angeles County, California",5427,59407.0,1666,102,5427,774,1482,794,1666,305,5427,351,255,340,4440,0.061224489795918366,0.14262023217247097,0.5357624831309041,0.18307322929171668,0.8181315644002212,0.046987285793255944,0.06264971439100793,0.06467661691542288
06037551201,"Census Tract 5512.01, Los Angeles County, California",3272,61003.0,1129,89,3240,199,717,452,1129,52,3272,429,148,243,2452,0.07883082373782108,0.061419753086419754,0.6304044630404463,0.046058458813108945,0.7493887530562348,0.04523227383863081,0.07426650366748166,0.1311124694376528
06037551202,"Census Tract 5512.02, Los Angeles County, California",7840,73154.0,2144,26,7764,1193,1245,641,2144,183,7840,1031,418,296,6058,0.012126865671641791,0.15365790829469345,0.5148594377510041,0.0853544776119403,0.772704081632653,0.053316326530612246,0.03775510204081633,0.13150510204081634
06037551300,"Census Tract 5513, Los Angeles County, California",5449,58125.0,1704,84,5256,777,1270,696,1704,167,5449,638,162,265,4319,0.04929577464788732,0.1478310502283105,0.5480314960629922,0.09800469483568075,0.7926224995412002,0.02973022572949165,0.0486327766562672,0.11708570379886217
06037551401,"Census Tract 5514.01, Los Angeles County, California",4582,65880.0,1356,61,4533,412,817,420,1356,165,4582,456,192,282,3627,0.04498525073746313,0.09088903595852636,0.5140758873929009,0.12168141592920353,0.7915757311217809,0.041903099083369706,0.06154517677869926,0.09951986032300306
06037551402,"Census Tract 5514.02, Los Angeles County, California",4677,79353.0,1280,41,4674,248,447,161,1280,148,4677,810,201,261,3394,0.03203125,0.05305947796320069,0.36017897091722595,0.115625,0.7256788539662177,0.042976266837716486,0.055805003207184095,0.1731879409878127
06037551501,"Census Tract 5515.01, Los Angeles County, California",4596,71656.0,1425,9,4561,261,552,321,1425,143,4596,841,298,344,3044,0.00631578947368421,0.05722429291821969,0.5815217391304348,0.10035087719298245,0.6623150565709313,0.06483899042645778,0.07484769364664925,0.1829852045256745
06037551502,"Census Tract 5515.02, Los Angeles County, California",4898,85766.0,1225,23,4782,237,545,371,1225,296,4898,708,290,438,3388,0.018775510204081632,0.04956085319949812,0.6807339449541284,0.2416326530612245,0.6917109024091466,0.05920783993466721,0.08942425479787669,0.1445487954267048
06037551600,"Census Tract 5516, Los Angeles County, California",31,,0,0,0,0,0,0,0,0,31,19,0,0,12,,,,,0.3870967741935484,0.0,0.0,0.6129032258064516
06037551700,"Census Tract 5517, Los Angeles County, California",6262,74231.0,1680,23,6258,730,701,451,1680,285,6262,663,199,214,4983,0.01369047619047619,0.11665068712048578,0.6433666191155493,0.16964285714285715,0.7957521558607473,0.03177898435004791,0.03417438518045353,0.10587671670392845
06037551800,"Census Tract 5518, Los Angeles County, California",7267,79132.0,2375,110,7267,511,1113,719,2375,301,7267,1115,433,482,5124,0.04631578947368421,0.07031787532681986,0.6460017969451932,0.12673684210526315,0.7051052704004404,0.05958442273290216,0.0663272326957479,0.1534333287463878
06037551900,"Census Tract 5519, Los Angeles County, California",5203,71512.0,1416,71,5017,200,384,216,1416,183,5203,671,369,714,3418,0.05014124293785311,0.039864460833167234,0.5625,0.1292372881355932,0.6569286949836632,0.07092062271766289,0.13722852200653468,0.12896405919661733
06037552001,"Census Tract 5520.01, Los Angeles County, California",4188,86818.0,982,38,4095,224,302,114,982,137,4188,320,269,497,3023,0.038696537678207736,0.0547008547008547,0.37748344370860926,0.1395112016293279,0.7218242597898759,0.06423113658070678,0.11867239732569246,0.07640878701050621
06037552002,"Census Tract 5520.02, Los Angeles County, California",3409,68600.0,918,49,3269,428,479,267,918,179,3409,265,305,686,2108,0.05337690631808279,0.13092688895686755,0.55741127348643,0.19498910675381265,0.618363156350836,0.08946905250806689,0.20123203285420946,0.07773540627750074
06037552100,"Census Tract 5521, Los Angeles County, California",6624,61314.0,1856,240,6615,783,706,482,1856,255,6624,614,263,995,4669,0.12931034482758622,0.11836734693877551,0.6827195467422096,0.13739224137931033,0.7048611111111112,0.03970410628019324,0.15021135265700483,0.09269323671497584
06037552200,"Census Tract 5522, Los Angeles County, California",5686,48077.0,1646,156,5686,937,1279,851,1646,565,5686,387,216,399,4607,0.09477521263669501,0.16479071403447063,0.6653635652853792,0.34325637910085055,0.8102356665494196,0.03798804080196975,0.07017235314808301,0.06806190643686247
06037552301,"Census Tract 5523.01, Los Angeles County, California",4482,88205.0,1224,40,4348,288,468,203,1224,235,4482,290,480,706,2785,0.032679738562091505,0.06623735050597976,0.4337606837606838,0.1919934640522876,0.6213743864346274,0.107095046854083,0.1575189647478804,0.06470325747434182
06037552302,"Census Tract 5523.02, Los Angeles County, California",4107,66278.0,1243,57,4099,417,611,406,1243,244,4107,573,313,849,2325,0.04585679806918745,0.10173212978775312,0.6644844517184942,0.19629927594529364,0.5661066471877283,0.07621134648161675,0.20672023374726078,0.13951789627465302
06037552400,"Census Tract 5524, Los Angeles County, California",2423,65391.0,569,35,2390,176,133,104,569,91,2423,135,91,222,1900,0.061511423550087874,0.07364016736401674,0.7819548872180451,0.15992970123022848,0.7841518778373917,0.03755674783326455,0.09162195625257945,0.055716054477919934
06037552601,"Census Tract 5526.01, Los Angeles County, California",5260,72982.0,1178,29,5260,585,334,197,1178,266,5260,204,175,251,4578,0.02461799660441426,0.1112167300380228,0.5898203592814372,0.22580645161290322,0.870342205323194,0.03326996197718631,0.04771863117870723,0.03878326996197719
06037552602,"Census Tract 5526.02, Los Angeles County, California",4416,57454.0,1101,69,4382,973,389,320,1101,168,4416,370,230,1352,2399,0.06267029972752043,0.2220447284345048,0.8226221079691517,0.15258855585831063,0.5432518115942029,0.052083333333333336,0.3061594202898551,0.08378623188405797
06037552700,"Census Tract 5527, Los Angeles County, California",6819,71717.0,1702,34,6761,825,413,322,1702,195,6819,802,46,880,5047,0.0199764982373678,0.12202336932406449,0.7796610169491526,0.1145710928319624,0.7401378501246517,0.00674585716380701,0.12905118052500367,0.11761255316028743
06037552800,"Census Tract 5528, Los Angeles County, California",6198,77917.0,1627,63,6195,372,614,318,1627,291,6198,802,0,730,4575,0.03872157344806392,0.06004842615012106,0.5179153094462541,0.17885679164105717,0.7381413359148112,0.0,0.11777992900935785,0.12939657954178768
06037552900,"Census Tract 5529, Los Angeles County, California",7156,62757.0,1925,100,7140,949,863,553,1925,260,7156,760,393,1172,4363,0.05194805194805195,0.13291316526610644,0.6407879490150638,0.13506493506493505,0.6096981553940749,0.054918949133594186,0.16377864728898825,0.10620458356623812
06037553000,"Census Tract 5530, Los Angeles County, California",5033,87205.0,1249,25,5027,208,255,76,1249,257,5033,604,83,318,3922,0.020016012810248198,0.04137656654068032,0.2980392156862745,0.20576461168935148,0.779256904430757,0.016491158354857937,0.06318299225114246,0.1200079475461951
06037553100,"Census Tract 5531, Los Angeles County, California",6770,69091.0,1896,68,6770,713,1017,620,1896,215,6770,1179,880,1073,3168,0.035864978902953586,0.10531757754800591,0.6096361848574238,0.11339662447257384,0.46794682422451994,0.12998522895125553,0.158493353028065,0.1741506646971935
06037553200,"Census Tract 5532, Los Angeles County, California",7637,86314.0,1954,47,7604,527,560,284,1954,265,7637,1198,594,894,4846,0.024053224155578302,0.06930562861651762,0.5071428571428571,0.13561924257932445,0.6345423595652743,0.07777923268299071,0.1170616734319759,0.15686788005761423
06037553300,"Census Tract 5533, Los Angeles County, California",3214,49950.0,989,19,3214,188,241,115,989,121,3214,467,189,343,2126,0.019211324570273004,0.05849408836341008,0.47717842323651455,0.12234580384226491,0.6614810205351587,0.05880522713130056,0.10672059738643434,0.14530180460485376
06037553400,"Census Tract 5534, Los Angeles County, California",3495,70662.0,938,59,3490,233,353,192,938,129,3495,323,121,230,2790,0.0628997867803838,0.0667621776504298,0.5439093484419264,0.13752665245202558,0.7982832618025751,0.034620886981402005,0.06580829756795423,0.09241773962804006
06037553502,"Census Tract 5535.02, Los Angeles County, California",4066,66159.0,1195,12,4011,555,693,185,1195,229,4066,373,544,276,2817,0.0100418410041841,0.13836948391922213,0.26695526695526695,0.1916317991631799,0.6928184948352188,0.1337924249877029,0.06787998032464339,0.09173635022134777
06037553503,"Census Tract 5535.03, Los Angeles County, California",2906,53615.0,751,47,2876,356,500,299,751,127,2906,68,405,20,2380,0.06258322237017311,0.12378303198887343,0.598,0.16910785619174434,0.8189951823812801,0.13936682725395733,0.006882312456985547,0.02339986235375086
06037553504,"Census Tract 5535.04, Los Angeles County, California",5363,61250.0,1362,106,5363,774,646,323,1362,350,5363,423,417,213,4268,0.07782672540381791,0.14432220771955995,0.5,0.25697503671071953,0.7958232332649636,0.07775498787991796,0.03971657654297968,0.07887376468394555
06037553601,"Census Tract 5536.01, Los Angeles County, California",4699,48333.0,1274,109,4685,680,871,544,1274,173,4699,179,232,226,4029,0.08555729984301413,0.14514407684098185,0.6245694603903559,0.1357927786499215,0.8574164715896999,0.04937220685252181,0.048095339433922114,0.038093211321557775
06037553602,"Census Tract 5536.02, Los Angeles County, California",4752,66069.0,1375,96,4740,670,919,546,1375,220,4752,236,886,73,3458,0.06981818181818182,0.14135021097046413,0.5941240478781284,0.16,0.7276936026936027,0.18644781144781145,0.015361952861952861,0.049663299663299666
06037553701,"Census Tract 5537.01, Los Angeles County, California",3981,51629.0,899,14,3981,647,531,241,899,226,3981,134,73,52,3706,0.01557285873192436,0.16252197940216026,0.4538606403013183,0.25139043381535037,0.9309218789248932,0.01833710123084652,0.013062044712383824,0.03365988445114293
06037553702,"Census Tract 5537.02, Los Angeles County, California",4723,54179.0,1090,45,4723,630,481,296,1090,255,4723,37,306,69,4288,0.04128440366972477,0.13338979462206224,0.6153846153846154,0.23394495412844038,0.907897522760957,0.06478932881643024,0.014609358458606819,0.00783400381113699
06037553801,"Census Tract 5538.01, Los Angeles County, California",4954,56842.0,1080,11,4855,1398,836,512,1080,382,4954,49,468,39,4229,0.010185185185185186,0.2879505664263646,0.6124401913875598,0.3537037037037037,0.8536536132418248,0.0944691158659669,0.007872426322163908,0.009890997174000807
06037553802,"Census Tract 5538.02, Los Angeles County, California",6881,41962.0,2023,151,6872,1601,1197,769,2023,365,6881,514,779,170,5272,0.07464162135442412,0.2329743888242142,0.6424394319131161,0.18042511122095897,0.7661677081819503,0.11321028920215084,0.024705711379160007,0.07469844499346025
06037553901,"Census Tract 5539.01, Los Angeles County, California",6773,76116.0,1619,55,6613,701,759,341,1619,426,6773,361,307,214,5740,0.033971587399629403,0.1060033267805837,0.4492753623188406,0.2631253860407659,0.8474826517053005,0.04532703381071903,0.03159604311235789,0.05329986711944486
06037553902,"Census Tract 5539.02, Los Angeles County, California",5415,53859.0,1539,62,5415,1010,951,574,1539,266,5415,630,387,203,3957,0.04028589993502274,0.18651892890120036,0.6035751840168244,0.1728395061728395,0.7307479224376732,0.07146814404432134,0.03748845798707295,0.11634349030470914
06037554001,"Census Tract 5540.01, Los Angeles County, California",3756,59125.0,1060,0,3756,258,354,233,1060,105,3756,812,250,483,2171,0.0,0.06869009584664537,0.6581920903954802,0.09905660377358491,0.5780085197018104,0.06656017039403621,0.12859424920127796,0.2161874334398296
06037554002,"Census Tract 5540.02, Los Angeles County, California",5856,55063.0,1681,184,5845,688,1128,699,1681,234,5856,896,602,755,3508,0.10945865556216537,0.11770744225834046,0.6196808510638298,0.13920285544318858,0.5990437158469946,0.10280054644808743,0.1289275956284153,0.15300546448087432
06037554101,"Census Tract 5541.01, Los Angeles County, California",3548,47618.0,997,87,3548,805,648,467,997,288,3548,293,232,160,2806,0.08726178535606821,0.22688838782412626,0.720679012345679,0.2888665997993982,0.7908680947012401,0.06538895152198422,0.04509582863585118,0.08258173618940248
06037554103,"Census Tract 5541.03, Los Angeles County, California",1396,82216.0,431,10,1396,144,152,74,431,46,1396,167,165,102,945,0.02320185614849188,0.10315186246418338,0.4868421052631579,0.10672853828306264,0.6769340974212035,0.11819484240687679,0.07306590257879657,0.11962750716332378
06037554104,"Census Tract 5541.04, Los Angeles County, California",2414,67159.0,737,86,2396,506,554,261,737,135,2414,272,404,316,1389,0.11668928086838534,0.21118530884808012,0.4711191335740072,0.18317503392130258,0.5753935376967688,0.16735708367854185,0.1309030654515327,0.11267605633802817
06037554105,"Census Tract 5541.05, Los Angeles County, California",4478,46121.0,1444,111,4478,1094,1359,740,1444,292,4478,780,1078,408,2059,0.07686980609418283,0.2443054935238946,0.5445180279617365,0.20221606648199447,0.4598034836980795,0.24073246985261276,0.09111210361768647,0.17418490397498884
06037554201,"Census Tract 5542.01, Los Angeles County, California",4356,83229.0,1172,48,4331,190,502,283,1172,207,4356,672,125,470,2973,0.040955631399317405,0.043869776033248674,0.5637450199203188,0.1766211604095563,0.6825068870523416,0.02869605142332415,0.1078971533516988,0.15426997245179064
06037554203,"Census Tract 5542.03, Los Angeles County, California",3730,46053.0,1222,138,3640,372,795,461,1222,187,3730,960,102,322,2183,0.11292962356792144,0.1021978021978022,0.579874213836478,0.1530278232405892,0.585254691689008,0.027345844504021447,0.08632707774798927,0.257372654155496
06037554204,"Census Tract 5542.04, Los Angeles County, California",4313,39878.0,1671,147,4304,571,1404,917,1671,199,4313,562,617,398,2556,0.08797127468581688,0.13266728624535315,0.6531339031339032,0.11909036505086774,0.5926269418038488,0.14305587757941107,0.09227915603987943,0.13030373290053326
06037554301,"Census Tract 5543.01, Los Angeles County, California",3499,63375.0,1020,31,3489,257,587,316,1020,74,3499,377,536,271,2315,0.030392156862745098,0.07366007451991975,0.5383304940374787,0.07254901960784314,0.6616176050300085,0.15318662474992856,0.07745070020005716,0.10774507002000572
06037554302,"Census Tract 5543.02, Los Angeles County, California",4393,55075.0,1223,31,4393,567,827,522,1223,313,4393,217,666,789,2537,0.025347506132461162,0.12906897336671977,0.6311970979443773,0.2559280457890433,0.5775096744821306,0.15160482585932164,0.179603915319827,0.04939676758479399
06037554403,"Census Tract 5544.03, Los Angeles County, California",5848,49413.0,1713,141,5782,1270,1292,694,1713,277,5848,794,1415,560,2870,0.08231173380035026,0.2196471809062608,0.5371517027863777,0.16170461179217746,0.490766073871409,0.24196306429548564,0.09575923392612859,0.13577291381668946
06037554404,"Census Tract 5544.04, Los Angeles County, California",4206,56335.0,1297,23,4125,610,1034,745,1297,165,4206,591,791,713,2012,0.017733230531996914,0.1478787878787879,0.7205029013539652,0.1272166538164996,0.47836424155967666,0.18806466951973372,0.16951973371374227,0.1405135520684736
06037554405,"Census Tract 5544.05, Los Angeles County, California",3015,56641.0,1113,48,3015,381,880,483,1113,96,3015,642,572,264,1404,0.0431266846361186,0.1263681592039801,0.5488636363636363,0.0862533692722372,0.46567164179104475,0.18971807628524046,0.08756218905472637,0.21293532338308457
06037554406,"Census Tract 5544.06, Los Angeles County, California",4766,68839.0,1620,143,4626,709,780,576,1620,94,4766,1381,791,990,1280,0.0882716049382716,0.153264159100735,0.7384615384615385,0.05802469135802469,0.26856903063365506,0.16596726814939153,0.20772135963071758,0.2897608057070919
06037554511,"Census Tract 5545.11, Los Angeles County, California",4140,99097.0,1191,18,4140,101,249,184,1191,43,4140,537,214,2624,524,0.015113350125944584,0.024396135265700482,0.7389558232931727,0.03610411418975651,0.12657004830917876,0.051690821256038647,0.633816425120773,0.12971014492753624
06037554512,"Census Tract 5545.12, Los Angeles County, California",6455,120176.0,1983,19,6421,362,394,173,1983,68,6455,741,408,4619,528,0.009581442259203227,0.056377511291076154,0.43908629441624364,0.03429147755925366,0.0817970565453137,0.06320681642137878,0.7155693261037955,0.11479473276529822
06037554513,"Census Tract 5545.13, Los Angeles County, California",2758,97604.0,821,34,2758,154,235,128,821,15,2758,270,155,1756,287,0.04141291108404385,0.05583756345177665,0.5446808510638298,0.018270401948842874,0.10406091370558376,0.05620014503263234,0.6366932559825961,0.09789702683103699
06037554514,"Census Tract 5545.14, Los Angeles County, California",4700,91250.0,1444,55,4693,261,482,348,1444,65,4700,606,439,2678,831,0.038088642659279776,0.05561474536543789,0.7219917012448133,0.045013850415512466,0.17680851063829786,0.09340425531914893,0.5697872340425532,0.12893617021276596
06037554515,"Census Tract 5545.15, Los Angeles County, California",3793,106520.0,1104,49,3777,132,252,110,1104,33,3793,629,559,1696,516,0.044384057971014496,0.03494837172359015,0.4365079365079365,0.029891304347826088,0.1360400738201951,0.1473767466385447,0.4471394674400211,0.16583179541260215
06037554516,"Census Tract 5545.16, Los Angeles County, California",3885,120993.0,1161,11,3885,27,99,51,1161,0,3885,417,562,2272,623,0.009474590869939707,0.0069498069498069494,0.5151515151515151,0.0,0.16036036036036036,0.14465894465894466,0.5848133848133849,0.10733590733590734
06037554517,"Census Tract 5545.17, Los Angeles County, California",4510,106354.0,1447,39,4510,369,511,201,1447,76,4510,483,111,3238,460,0.026952315134761574,0.08181818181818182,0.3933463796477495,0.0525224602626123,0.10199556541019955,0.024611973392461198,0.7179600886917961,0.10709534368070954
06037554518,"Census Tract 5545.18, Los Angeles County, California",5511,102961.0,1623,0,5463,208,229,129,1623,86,5511,770,482,3377,761,0.0,0.038074318140216,0.5633187772925764,0.0529882932840419,0.13808746144075484,0.08746144075485393,0.6127744510978044,0.13972055888223553
06037554519,"Census Tract 5545.19, Los Angeles County, California",3498,109663.0,1205,94,3498,228,142,46,1205,35,3498,557,97,2276,355,0.07800829875518672,0.06518010291595197,0.323943661971831,0.029045643153526972,0.1014865637507147,0.02773013150371641,0.6506575185820469,0.1592338479130932
06037554521,"Census Tract 5545.21, Los Angeles County, California",5949,81793.0,1903,129,5931,309,678,391,1903,221,5949,1159,749,2469,1142,0.06778770362585392,0.05209914011127972,0.5766961651917404,0.116132422490804,0.19196503614052782,0.12590351319549503,0.4150277357539082,0.19482265927046563
06037554522,"Census Tract 5545.22, Los Angeles County, California",4944,114375.0,1496,19,4929,296,211,115,1496,60,4944,859,464,2508,889,0.01270053475935829,0.06005274903631568,0.5450236966824644,0.040106951871657755,0.17981391585760517,0.09385113268608414,0.5072815533980582,0.17374595469255663
06037554600,"Census Tract 5546, Los Angeles County, California",4173,76350.0,1251,45,4163,455,607,306,1251,140,4173,508,94,1558,1926,0.03597122302158273,0.10929618063896229,0.5041186161449753,0.11191047162270183,0.46153846153846156,0.02252576084351785,0.3733525041936257,0.12173496285645818
06037554700,"Census Tract 5547, Los Angeles County, California",4328,78152.0,976,33,4328,522,295,160,976,116,4328,200,31,734,3330,0.03381147540983607,0.12060998151571165,0.5423728813559322,0.11885245901639344,0.7694085027726433,0.007162661737523105,0.16959334565619225,0.04621072088724584
06037554801,"Census Tract 5548.01, Los Angeles County, California",2744,51896.0,727,35,2727,456,323,200,727,131,2744,193,74,280,2100,0.048143053645116916,0.16721672167216722,0.6191950464396285,0.18019257221458046,0.7653061224489796,0.02696793002915452,0.10204081632653061,0.07033527696793003
06037554802,"Census Tract 5548.02, Los Angeles County, California",6378,73594.0,1628,105,5990,541,842,471,1628,229,6378,1015,274,3158,1685,0.0644963144963145,0.09031719532554257,0.5593824228028503,0.14066339066339067,0.26418940106616495,0.042960175603637504,0.4951395421762308,0.15914079648792726
06037554900,"Census Tract 5549, Los Angeles County, California",7636,68079.0,2105,103,7622,417,1140,729,2105,152,7636,1336,502,2602,2909,0.048931116389548696,0.054710049855680926,0.6394736842105263,0.07220902612826603,0.3809586170770037,0.06574122577265584,0.34075432163436353,0.1749607124148769
06037555001,"Census Tract 5550.01, Los Angeles County, California",5321,76149.0,1472,55,5321,650,543,309,1472,151,5321,812,307,1593,2520,0.03736413043478261,0.12215748919376057,0.569060773480663,0.10258152173913043,0.47359518887427177,0.057695921819206915,0.29937981582409323,0.1526028941928209
06037555002,"Census Tract 5550.02, Los Angeles County, California",3625,82011.0,1117,21,3598,312,532,285,1117,49,3625,1042,534,488,1368,0.018800358102059087,0.0867148415786548,0.5357142857142857,0.043867502238137866,0.3773793103448276,0.1473103448275862,0.1346206896551724,0.28744827586206895
06037555102,"Census Tract 5551.02, Los Angeles County, California",5987,58262.0,1879,127,5930,899,1067,594,1879,236,5987,618,567,1529,3050,0.06758914316125599,0.15160202360876898,0.5567010309278351,0.12559872272485365,0.5094371137464506,0.09470519458827459,0.25538667112076163,0.10322365124436278
06037555103,"Census Tract 5551.03, Los Angeles County, California",4873,86964.0,1458,26,4873,422,656,300,1458,212,4873,971,490,1726,1523,0.01783264746227709,0.08659963061768931,0.4573170731707317,0.14540466392318244,0.3125384773240304,0.10055407346603736,0.35419659347424587,0.19926123537861687
06037555104,"Census Tract 5551.04, Los Angeles County, California",4210,62117.0,1291,67,4170,556,571,409,1291,164,4210,741,299,754,2311,0.051897753679318356,0.13333333333333333,0.7162872154115587,0.12703330751355538,0.5489311163895487,0.07102137767220902,0.17909738717339668,0.17600950118764846
06037555202,"Census Tract 5552.02, Los Angeles County, California",3661,123807.0,1083,14,3661,218,121,39,1083,13,3661,2273,93,347,614,0.012927054478301015,0.059546571974870253,0.32231404958677684,0.012003693444136657,0.16771373941546025,0.025402895383774923,0.09478284621688063,0.6208686151324775
06037555211,"Census Tract 5552.11, Los Angeles County, California",5652,47375.0,1373,122,5644,1452,758,492,1373,341,5652,96,4,446,5095,0.08885651857246904,0.25726435152374205,0.6490765171503958,0.24836125273124546,0.9014508138711961,0.0007077140835102619,0.0789101203113942,0.016985138004246284
06037555212,"Census Tract 5552.12, Los Angeles County, California",5110,53017.0,1204,52,5073,1362,596,354,1204,381,5110,286,153,343,4179,0.04318936877076412,0.2684801892371378,0.5939597315436241,0.3164451827242525,0.8178082191780822,0.029941291585127202,0.06712328767123288,0.055968688845401175
06037570001,"Census Tract 5700.01, Los Angeles County, California",4764,87162.0,1464,73,4727,353,396,258,1464,89,4764,1529,351,979,1409,0.049863387978142076,0.07467738523376348,0.6515151515151515,0.060792349726775954,0.29575986565911,0.07367758186397985,0.20549958018471873,0.3209487825356843
06037570002,"Census Tract 5700.02, Los Angeles County, California",2679,93819.0,837,14,2679,134,177,115,837,39,2679,1064,308,343,810,0.016726403823178016,0.05001866368047779,0.6497175141242938,0.04659498207885305,0.3023516237402016,0.11496827174318776,0.1280328480776409,0.3971631205673759
06037570003,"Census Tract 5700.03, Los Angeles County, California",4119,101500.0,1334,44,4100,127,318,143,1334,57,4119,1433,286,661,1677,0.03298350824587706,0.03097560975609756,0.449685534591195,0.04272863568215892,0.4071376547705754,0.06943432872056324,0.16047584365137169,0.34789997572226267
06037570100,"Census Tract 5701, Los Angeles County, California",3192,79750.0,754,20,3116,492,215,57,754,85,3192,491,656,538,1452,0.026525198938992044,0.15789473684210525,0.2651162790697674,0.11273209549071618,0.4548872180451128,0.20551378446115287,0.16854636591478697,0.1538220551378446
06037570202,"Census Tract 5702.02, Los Angeles County, California",6124,58681.0,1609,49,6068,1009,513,388,1609,243,6124,423,898,605,4007,0.030453697949036667,0.1662821357943309,0.7563352826510721,0.15102548166563082,0.6543109079033311,0.14663618549967342,0.098791639451339,0.06907250163291966
06037570203,"Census Tract 5702.03, Los Angeles County, California",4165,43937.0,1205,145,4155,806,1023,692,1205,241,4165,133,996,147,2810,0.12033195020746888,0.19398315282791817,0.6764418377321603,0.2,0.6746698679471789,0.2391356542617047,0.03529411764705882,0.031932773109243695
06037570204,"Census Tract 5702.04, Los Angeles County, California",4201,48947.0,1198,214,4024,613,848,450,1198,190,4201,583,736,523,2254,0.17863105175292154,0.15233598409542742,0.5306603773584906,0.15859766277128548,0.5365389193049274,0.17519638181385386,0.12449416805522495,0.13877648179004998
06037570301,"Census Tract 5703.01, Los Angeles County, California",7273,39361.0,2255,106,7273,1859,1694,1131,2255,527,7273,580,856,583,4981,0.04700665188470066,0.2556029148906916,0.6676505312868949,0.2337028824833703,0.684861817681837,0.11769558641550942,0.08015949401897429,0.07974700948714424
06037570303,"Census Tract 5703.03, Los Angeles County, California",4471,62500.0,1248,87,4471,1022,631,447,1248,269,4471,243,808,370,2664,0.06971153846153846,0.2285842093491389,0.7083993660855784,0.2155448717948718,0.5958398568552896,0.18072019682397675,0.08275553567434578,0.05435025721315142
06037570304,"Census Tract 5703.04, Los Angeles County, California",5094,51404.0,1439,195,5069,979,902,514,1439,341,5094,310,879,463,3375,0.13551077136900624,0.19313474057999605,0.5698447893569845,0.23697011813759555,0.6625441696113075,0.17255594817432274,0.09089124460149195,0.060855908912446015
06037570402,"Census Tract 5704.02, Los Angeles County, California",3400,70417.0,953,48,3370,492,263,150,953,108,3400,120,1239,150,1792,0.05036726128016789,0.14599406528189912,0.5703422053231939,0.11332633788037776,0.5270588235294118,0.3644117647058824,0.04411764705882353,0.03529411764705882
06037570403,"Census Tract 5704.03, Los Angeles County, California",4832,48676.0,1124,83,4832,1334,716,482,1124,310,4832,168,229,324,4071,0.07384341637010676,0.27607615894039733,0.6731843575418994,0.27580071174377224,0.8425082781456954,0.047392384105960264,0.06705298013245033,0.0347682119205298
06037570404,"Census Tract 5704.04, Los Angeles County, California",3676,54777.0,857,11,3670,647,341,203,857,273,3676,48,669,33,2642,0.012835472578763127,0.1762942779291553,0.5953079178885631,0.3185530921820303,0.7187159956474428,0.18199129488574536,0.008977149075081611,0.013057671381936888
06037570501,"Census Tract 5705.01, Los Angeles County, California",8042,61224.0,2086,102,8018,2439,910,655,2086,579,8042,659,1540,601,4530,0.0488974113135187,0.3041905712147668,0.7197802197802198,0.2775647171620326,0.5632927132554091,0.19149465307137528,0.07473265356876399,0.08194478985327033
06037570502,"Census Tract 5705.02, Los Angeles County, California",6588,66364.0,1824,122,6562,922,879,584,1824,327,6588,674,354,1328,3845,0.0668859649122807,0.14050594330996646,0.664391353811149,0.17927631578947367,0.5836369156041287,0.05373406193078324,0.201578627808136,0.10230722525804493
06037570601,"Census Tract 5706.01, Los Angeles County, California",5610,49506.0,1541,104,5610,1078,863,455,1541,319,5610,479,918,687,3209,0.06748864373783257,0.19215686274509805,0.5272305909617613,0.20700843608046723,0.5720142602495544,0.16363636363636364,0.12245989304812835,0.08538324420677362
06037570602,"Census Tract 5706.02, Los Angeles County, California",6177,61978.0,1834,126,6133,465,1091,527,1834,359,6177,445,654,1853,3020,0.06870229007633588,0.0758193380075004,0.4830430797433547,0.19574700109051255,0.48891047434029467,0.10587663914521613,0.29998381091144566,0.07204144406669905
06037570603,"Census Tract 5706.03, Los Angeles County, California",5172,49623.0,1804,279,5113,1149,1522,782,1804,193,5172,499,2314,308,1771,0.15465631929046564,0.22472129865049872,0.5137976346911958,0.10698447893569844,0.3424207269914927,0.4474091260634184,0.05955143078112916,0.09648105181747874
06037570701,"Census Tract 5707.01, Los Angeles County, California",7372,81917.0,2596,187,7372,400,1281,578,2596,116,7372,1285,1476,2010,2404,0.07203389830508475,0.05425935973955507,0.45120999219359875,0.04468412942989214,0.326098752034726,0.20021703743895822,0.27265328269126426,0.17430819316332066
06037570702,"Census Tract 5707.02, Los Angeles County, California",2296,105000.0,790,36,2296,256,92,27,790,4,2296,625,365,282,813,0.04556962025316456,0.11149825783972125,0.29347826086956524,0.005063291139240506,0.35409407665505227,0.15897212543554007,0.12282229965156795,0.272212543554007
06037570800,"Census Tract 5708, Los Angeles County, California",5300,106031.0,1727,78,5272,221,312,178,1727,87,5300,2494,332,759,1576,0.0451650260567458,0.0419195751138088,0.5705128205128205,0.05037637521713955,0.29735849056603775,0.06264150943396227,0.14320754716981132,0.47056603773584904
06037570901,"Census Tract 5709.01, Los Angeles County, California",5752,115536.0,1789,33,5739,341,255,78,1789,31,5752,2683,326,834,1587,0.0184460592509782,0.05941801707614567,0.3058823529411765,0.01732811626607043,0.27590403337969405,0.0566759388038943,0.1449930458970793,0.46644645340751045
06037570902,"Census Tract 5709.02, Los Angeles County, California",3583,93409.0,1202,38,3583,195,382,135,1202,54,3583,1538,246,463,990,0.03161397670549085,0.054423667317890036,0.35340314136125656,0.04492512479201331,0.27630477253698016,0.06865754953949205,0.12922132291375943,0.42924923248674296
06037571000,"Census Tract 5710, Los Angeles County, California",5628,105758.0,1882,22,5604,200,202,83,1882,0,5628,3276,99,496,1449,0.011689691817215728,0.03568879371877231,0.41089108910891087,0.0,0.2574626865671642,0.017590618336886993,0.08813077469793888,0.582089552238806
06037571101,"Census Tract 5711.01, Los Angeles County, California",4402,104000.0,1470,70,4402,131,197,75,1470,17,4402,2339,85,398,1436,0.047619047619047616,0.02975920036347115,0.38071065989847713,0.011564625850340135,0.32621535665606544,0.01930940481599273,0.09041344843253067,0.5313493866424353
06037571102,"Census Tract 5711.02, Los Angeles County, California",4073,108000.0,1304,16,4063,155,262,129,1304,34,4073,1829,229,460,1170,0.012269938650306749,0.038149150873738616,0.49236641221374045,0.02607361963190184,0.2872575497176528,0.05622391357721581,0.11293886570095753,0.44905475079793766
06037571200,"Census Tract 5712, Los Angeles County, California",8175,93781.0,3089,177,8175,777,1508,388,3089,58,8175,3910,603,1021,2209,0.05730009711880868,0.09504587155963302,0.2572944297082228,0.01877630301068307,0.27021406727828745,0.07376146788990826,0.12489296636085627,0.4782874617737003
06037571300,"Census Tract 5713, Los Angeles County, California",4484,99709.0,1456,46,4479,138,139,41,1456,61,4484,1734,471,737,1411,0.03159340659340659,0.030810448760884127,0.2949640287769784,0.04189560439560439,0.31467439785905443,0.10504014272970562,0.1643621766280107,0.38670829616413915
06037571400,"Census Tract 5714, Los Angeles County, California",4844,88264.0,1667,77,4807,359,514,283,1667,35,4844,1766,465,925,1529,0.04619076184763048,0.0746827543166216,0.5505836575875487,0.020995800839832032,0.3156482246077622,0.09599504541701073,0.19095788604459124,0.36457473162675474
06037571502,"Census Tract 5715.02, Los Angeles County, California",4739,57132.0,1775,116,4718,405,787,455,1775,93,4739,1118,907,903,1677,0.06535211267605634,0.08584145824501907,0.5781448538754765,0.0523943661971831,0.3538721249208694,0.19139058873179995,0.19054652880354506,0.23591474994724626
06037571503,"Census Tract 5715.03, Los Angeles County, California",3878,89457.0,1268,17,3878,389,489,243,1268,46,3878,710,700,1011,1377,0.013406940063091483,0.10030943785456421,0.49693251533742333,0.03627760252365931,0.3550799381124291,0.18050541516245489,0.2607013924703455,0.18308406395048996
06037571504,"Census Tract 5715.04, Los Angeles County, California",4512,68138.0,1879,65,4512,356,1115,569,1879,192,4512,1342,783,370,1769,0.034592868547099524,0.07890070921985816,0.5103139013452915,0.1021820117083555,0.3920656028368794,0.1735372340425532,0.08200354609929078,0.2974290780141844
06037571600,"Census Tract 5716, Los Angeles County, California",2309,19425.0,823,308,2291,1219,790,409,823,69,2309,133,1201,60,772,0.37424058323207776,0.5320820602357049,0.5177215189873418,0.08383961117861483,0.33434387180597663,0.5201385881333911,0.0259852750108272,0.057600692940666956
06037571701,"Census Tract 5717.01, Los Angeles County, California",6247,51827.0,1813,62,6183,962,1160,621,1813,310,6247,537,807,618,4110,0.03419746276889134,0.15558790231279315,0.5353448275862069,0.1709873138444567,0.6579157995838002,0.1291820073635345,0.09892748519289259,0.08596126140547462
06037571703,"Census Tract 5717.03, Los Angeles County, California",3557,45066.0,1065,191,3445,303,657,405,1065,267,3557,223,512,354,2374,0.17934272300469484,0.08795355587808418,0.6164383561643836,0.2507042253521127,0.6674163621028957,0.14394152375597413,0.099522069159404,0.0626932808546528
06037571704,"Census Tract 5717.04, Los Angeles County, California",4076,50438.0,1235,62,4071,919,704,419,1235,197,4076,372,684,331,2619,0.05020242914979757,0.2257430606730533,0.5951704545454546,0.15951417004048582,0.6425417075564279,0.1678115799803729,0.08120706575073601,0.09126594700686948
06037571800,"Census Tract 5718, Los Angeles County, California",3222,106538.0,1330,69,3149,121,366,129,1330,43,3222,1725,318,423,695,0.0518796992481203,0.038424896792632585,0.3524590163934426,0.032330827067669175,0.21570453134698944,0.09869646182495345,0.13128491620111732,0.5353817504655494
06037571900,"Census Tract 5719, Los Angeles County, California",5413,66993.0,2306,90,5413,215,1257,625,2306,26,5413,2134,660,550,1680,0.03902862098872507,0.03971919453168299,0.4972155926809865,0.011274934952298352,0.310363938666174,0.12192869019028266,0.10160724182523555,0.3942360982819139
06037572001,"Census Tract 5720.01, Los Angeles County, California",5957,100625.0,2156,90,5885,336,785,452,2156,105,5957,2884,345,721,1604,0.041743970315398886,0.05709430756159728,0.575796178343949,0.048701298701298704,0.26926305187174754,0.05791505791505792,0.12103407755581669,0.48413631022326675
06037572002,"Census Tract 5720.02, Los Angeles County, California",4723,73319.0,1984,424,4488,394,1284,717,1984,49,4723,1684,1145,680,932,0.21370967741935484,0.08778966131907308,0.5584112149532711,0.02469758064516129,0.19733220410755875,0.2424306584797798,0.14397628625873385,0.3565530383230997
06037572100,"Census Tract 5721, Los Angeles County, California",1113,103603.0,319,12,1113,45,8,8,319,6,1113,265,146,287,357,0.03761755485893417,0.04043126684636118,1.0,0.018808777429467086,0.32075471698113206,0.13117699910152741,0.2578616352201258,0.23809523809523808
06037572201,"Census Tract 5722.01, Los Angeles County, California",5592,59091.0,2078,309,5470,735,871,463,2078,126,5592,1269,982,1504,1731,0.14870067372473533,0.1343692870201097,0.5315729047072331,0.06063522617901829,0.309549356223176,0.1756080114449213,0.26895565092989987,0.226931330472103
06037572202,"Census Tract 5722.02, Los Angeles County, California",3614,93580.0,1094,57,3455,249,333,157,1094,67,3614,625,438,1016,1330,0.05210237659963437,0.07206946454413893,0.47147147147147145,0.061243144424131625,0.3680132816823464,0.12119535141117875,0.2811289429994466,0.17293857221914777
06037572301,"Census Tract 5723.01, Los Angeles County, California",3841,55724.0,963,55,3827,644,589,293,963,192,3841,292,297,643,2471,0.05711318795430945,0.16827802456232036,0.49745331069609505,0.19937694704049844,0.6433220515490757,0.07732361364228066,0.1674043217912002,0.07602186930486853
06037572302,"Census Tract 5723.02, Los Angeles County, California",3610,75750.0,835,19,3606,373,342,182,835,164,3610,78,452,856,1999,0.022754491017964073,0.10343871325568497,0.5321637426900585,0.19640718562874251,0.5537396121883656,0.12520775623268698,0.2371191135734072,0.021606648199445983
06037572400,"Census Tract 5724, Los Angeles County, California",1425,95152.0,323,5,1425,246,26,17,323,47,1425,45,396,234,578,0.015479876160990712,0.1726315789473684,0.6538461538461539,0.14551083591331268,0.4056140350877193,0.27789473684210525,0.16421052631578947,0.031578947368421054
06037572500,"Census Tract 5725, Los Angeles County, California",3643,29577.0,1232,314,3643,856,809,318,1232,154,3643,342,749,775,1492,0.25487012987012986,0.2349711776008784,0.3930778739184178,0.125,0.409552566566017,0.2055997804007686,0.21273675542135603,0.09387867142465002
06037572600,"Census Tract 5726, Los Angeles County, California",5357,65625.0,1217,14,5357,676,312,83,1217,252,5357,104,478,1789,2754,0.011503697617091208,0.1261900317341796,0.266025641025641,0.20706655710764174,0.5140937091655777,0.08922904610789621,0.3339555721485906,0.019413851036027628
06037572700,"Census Tract 5727, Los Angeles County, California",5268,68500.0,1334,60,5262,755,483,126,1334,212,5268,130,354,2444,2013,0.044977511244377814,0.14348156594450778,0.2608695652173913,0.15892053973013492,0.3821184510250569,0.06719817767653759,0.4639331814730448,0.024677296886864084
06037572800,"Census Tract 5728, Los Angeles County, California",986,13500.0,226,117,927,579,226,145,226,21,986,187,324,71,304,0.5176991150442478,0.6245954692556634,0.6415929203539823,0.09292035398230089,0.30831643002028397,0.3286004056795132,0.0720081135902637,0.1896551724137931
06037572900,"Census Tract 5729, Los Angeles County, California",5360,47262.0,1318,131,5360,1147,853,562,1318,386,5360,188,312,854,3683,0.09939301972685888,0.21399253731343285,0.6588511137162955,0.2928679817905918,0.6871268656716418,0.058208955223880594,0.15932835820895522,0.03507462686567164
06037573002,"Census Tract 5730.02, Los Angeles County, California",4086,43825.0,1131,110,4086,960,1033,620,1131,310,4086,233,590,214,3013,0.09725906277630415,0.23494860499265785,0.6001936108422071,0.27409372236958446,0.7373959862946647,0.1443954968184043,0.05237395986294665,0.05702398433675967
06037573003,"Census Tract 5730.03, Los Angeles County, California",1843,69038.0,622,56,1834,269,258,125,622,91,1843,460,100,383,838,0.09003215434083602,0.14667393675027263,0.4844961240310077,0.14630225080385853,0.4546934346174715,0.05425935973955507,0.20781334780249594,0.24959305480195335
06037573004,"Census Tract 5730.04, Los Angeles County, California",4577,41911.0,1655,394,4577,1093,1452,829,1655,223,4577,436,1285,337,2209,0.2380664652567976,0.23880270919816474,0.5709366391184573,0.13474320241691842,0.4826305440244702,0.28075158400699146,0.07362901463840944,0.09525890321171072
06037573100,"Census Tract 5731, Los Angeles County, California",7547,60616.0,2406,355,7390,1308,1646,865,2406,465,7547,683,1431,827,4226,0.14754779717373234,0.17699594046008119,0.5255164034021871,0.19326683291770574,0.5599575990459785,0.18961176626474097,0.10957996554922486,0.09049953623956539
06037573201,"Census Tract 5732.01, Los Angeles County, California",4597,37723.0,1318,158,4559,1396,942,622,1318,297,4597,242,380,1044,2890,0.11987860394537178,0.30620750164509764,0.6602972399150743,0.22534142640364188,0.628670872308027,0.08266260604742223,0.22710463345660215,0.05264302806177942
06037573202,"Census Tract 5732.02, Los Angeles County, California",6379,54617.0,1697,180,6339,1042,1124,745,1697,375,6379,288,987,1127,3817,0.1060695344725987,0.16437923962770154,0.6628113879003559,0.22097819681791397,0.5983696504154257,0.15472644615143438,0.17667345978993573,0.04514814234205988
06037573300,"Census Tract 5733, Los Angeles County, California",4158,40677.0,1094,126,4158,1520,823,523,1094,249,4158,134,741,1601,1682,0.11517367458866545,0.3655603655603656,0.6354799513973268,0.22760511882998172,0.4045214045214045,0.1782106782106782,0.385040885040885,0.03222703222703223
06037573401,"Census Tract 5734.01, Los Angeles County, California",1642,75040.0,645,65,1642,214,413,199,645,17,1642,421,279,298,611,0.10077519379844961,0.13032886723507917,0.48184019370460046,0.02635658914728682,0.37210718635809986,0.16991473812423874,0.1814859926918392,0.256394640682095
06037573402,"Census Tract 5734.02, Los Angeles County, California",6384,66508.0,2614,205,6334,1115,1502,888,2614,154,6384,1689,466,1649,2324,0.0784238714613619,0.17603410167350805,0.5912117177097204,0.05891354246365723,0.36403508771929827,0.07299498746867168,0.2583020050125313,0.26456766917293234
06037573403,"Census Tract 5734.03, Los Angeles County, California",3519,101351.0,1484,0,3519,571,349,226,1484,77,3519,1237,541,918,736,0.0,0.1622620062517761,0.6475644699140402,0.05188679245283019,0.20915032679738563,0.15373685706166523,0.2608695652173913,0.35152031827223645
06037573601,"Census Tract 5736.01, Los Angeles County, California",6402,119020.0,2201,65,6381,569,346,65,2201,20,6402,3418,442,618,1619,0.029532030895047707,0.08917097633599749,0.18786127167630057,0.009086778736937756,0.2528897219618869,0.06904092471102781,0.09653233364573571,0.5338956576069979
06037573700,"Census Tract 5737, Los Angeles County, California",5009,107431.0,1712,29,4990,245,217,78,1712,64,5009,2709,102,390,1435,0.016939252336448597,0.04909819639278557,0.35944700460829493,0.037383177570093455,0.28648432820922337,0.020363345977240967,0.07785985226592135,0.5408265122778998
06037573800,"Census Tract 5738, Los Angeles County, California",4309,116146.0,1489,0,4309,226,193,109,1489,21,4309,2643,57,276,829,0.0,0.052448363889533535,0.5647668393782384,0.014103425117528543,0.1923880250638199,0.013228127175678811,0.06405198421907635,0.6133673706196333
06037573902,"Census Tract 5739.02, Los Angeles County, California",2031,125000.0,856,14,2031,47,121,51,856,12,2031,1137,84,213,479,0.016355140186915886,0.023141309699655343,0.4214876033057851,0.014018691588785047,0.23584441161989167,0.0413589364844904,0.10487444608567208,0.5598227474150664
06037574000,"Census Tract 5740, Los Angeles County, California",5165,137909.0,1853,39,5165,166,193,43,1853,30,5165,3125,252,529,964,0.021046950890447922,0.032139399806389156,0.22279792746113988,0.016189962223421478,0.1866408518877057,0.04878993223620523,0.10242013552758955,0.6050338818973863
06037574100,"Census Tract 5741, Los Angeles County, California",5014,107917.0,1906,36,5001,217,375,157,1906,19,5014,3086,130,520,1069,0.01888772298006296,0.04339132173565287,0.4186666666666667,0.009968520461699895,0.21320303151176706,0.025927403270841642,0.10370961308336657,0.6154766653370563
06037574201,"Census Tract 5742.01, Los Angeles County, California",3100,108150.0,1098,38,3100,33,164,80,1098,21,3100,1639,126,344,858,0.03460837887067395,0.01064516129032258,0.4878048780487805,0.01912568306010929,0.2767741935483871,0.04064516129032258,0.11096774193548387,0.5287096774193548
06037574202,"Census Tract 5742.02, Los Angeles County, California",2251,77386.0,737,40,1946,207,412,211,737,12,2251,1034,128,122,886,0.054274084124830396,0.10637204522096609,0.5121359223300971,0.016282225237449117,0.3936028431808085,0.056863616170590846,0.054198134162594405,0.4593513993780542
06037574300,"Census Tract 5743, Los Angeles County, California",6052,104440.0,2249,32,6034,202,591,170,2249,32,6052,4428,43,500,870,0.014228546020453535,0.033476963871395427,0.2876480541455161,0.014228546020453535,0.14375413086582947,0.007105089226701917,0.08261731658955718,0.7316589557171183
06037574400,"Census Tract 5744, Los Angeles County, California",5474,122262.0,1920,57,5471,197,343,141,1920,42,5474,3299,245,421,1272,0.0296875,0.03600804240541035,0.4110787172011662,0.021875,0.23237120935330655,0.04475703324808184,0.07690902447935696,0.6026671538180489
06037574500,"Census Tract 5745, Los Angeles County, California",6631,100096.0,2267,96,6631,199,248,127,2267,20,6631,4286,345,599,1114,0.0423467137185708,0.030010556477152766,0.5120967741935484,0.00882223202470225,0.16799879354546826,0.052028351681496006,0.0903332830643945,0.6463580153822953
06037574601,"Census Tract 5746.01, Los Angeles County, California",2276,,0,0,0,0,0,0,0,0,2276,1214,79,348,508,,,,,0.22319859402460457,0.03471001757469244,0.15289982425307558,0.5333919156414763
06037574602,"Census Tract 5746.02, Los Angeles County, California",1291,94688.0,535,13,1291,113,63,12,535,0,1291,778,19,183,249,0.024299065420560748,0.08752904725019364,0.19047619047619047,0.0,0.19287374128582493,0.01471727343144849,0.14175058094500387,0.6026336173508908
06037574700,"Census Tract 5747, Los Angeles County, California",133,,0,0,0,0,0,0,0,0,133,99,15,4,15,,,,,0.11278195488721804,0.11278195488721804,0.03007518796992481,0.7443609022556391
06037574800,"Census Tract 5748, Los Angeles County, California",2961,70625.0,1496,141,2949,318,772,441,1496,56,2961,1845,357,251,398,0.09425133689839572,0.10783316378433368,0.5712435233160622,0.0374331550802139,0.13441404930766632,0.12056737588652482,0.08476865923674434,0.6231003039513677
06037574901,"Census Tract 5749.01, Los Angeles County, California",3697,121429.0,1358,16,3697,312,301,139,1358,22,3697,2313,35,388,766,0.011782032400589101,0.08439275087909115,0.46179401993355484,0.016200294550810016,0.20719502299161482,0.009467135515282662,0.10494995942656207,0.6256424127671084
06037574902,"Census Tract 5749.02, Los Angeles County, California",5549,51108.0,1787,156,4948,2224,1426,597,1787,156,5549,2231,705,1369,952,0.08729714605484051,0.4494745351657235,0.41865357643758766,0.08729714605484051,0.1715624436835466,0.12704991890430709,0.24671111912056226,0.4020544242205803
06037575001,"Census Tract 5750.01, Los Angeles County, California",3688,83482.0,1696,79,3688,356,1104,357,1696,19,3688,1397,552,847,763,0.04658018867924528,0.09652928416485901,0.3233695652173913,0.011202830188679245,0.2068872017353579,0.14967462039045554,0.22966377440347072,0.37879609544468545
06037575002,"Census Tract 5750.02, Los Angeles County, California",4843,75648.0,1870,128,4494,454,1122,545,1870,77,4843,1884,428,773,1575,0.06844919786096257,0.10102358700489542,0.4857397504456328,0.041176470588235294,0.3252116456741689,0.08837497418955192,0.15961181086103654,0.3890150733016725
06037575101,"Census Tract 5751.01, Los Angeles County, California",4339,46250.0,1458,179,4339,1071,1158,718,1458,184,4339,588,646,608,2433,0.12277091906721536,0.24683106706614427,0.6200345423143351,0.1262002743484225,0.5607282784051625,0.14888223092878544,0.14012445263885687,0.13551509564415765
06037575102,"Census Tract 5751.02, Los Angeles County, California",4151,36551.0,1263,169,4127,972,1090,681,1263,365,4151,363,376,743,2537,0.13380839271575615,0.23552217106857282,0.6247706422018349,0.2889944576405384,0.6111780293905084,0.0905805829920501,0.17899301373163093,0.08744880751626115
06037575103,"Census Tract 5751.03, Los Angeles County, California",5171,53933.0,2039,184,5134,679,1716,951,2039,137,5171,927,753,747,2396,0.09024031387935262,0.13225555122711335,0.5541958041958042,0.06718979892103973,0.46335331657319667,0.14561980274608394,0.14445948559272867,0.17926900019338618
06037575201,"Census Tract 5752.01, Los Angeles County, California",4772,46050.0,1243,283,4714,817,947,517,1243,364,4772,147,577,1338,2629,0.22767497988736926,0.17331353415358505,0.545934530095037,0.2928399034593725,0.5509220452640402,0.12091366303436714,0.28038558256496227,0.03080469404861693
06037575202,"Census Tract 5752.02, Los Angeles County, California",4175,37750.0,1236,200,4175,1357,1026,678,1236,349,4175,74,332,962,2773,0.16181229773462782,0.3250299401197605,0.6608187134502924,0.28236245954692557,0.6641916167664671,0.07952095808383233,0.2304191616766467,0.017724550898203593
06037575300,"Census Tract 5753, Los Angeles County, California",4360,37969.0,1306,318,4290,1248,1141,581,1306,348,4360,333,449,857,2631,0.2434915773353752,0.2909090909090909,0.50920245398773,0.2664624808575804,0.603440366972477,0.10298165137614679,0.19655963302752294,0.07637614678899082
06037575401,"Census Tract 5754.01, Los Angeles County, California",4788,32452.0,1217,227,4768,1441,1170,742,1217,416,4788,318,451,117,3855,0.1865242399342646,0.3022231543624161,0.6341880341880342,0.3418241577649959,0.8051378446115288,0.0941938178780284,0.02443609022556391,0.06641604010025062
06037575402,"Census Tract 5754.02, Los Angeles County, California",4129,46199.0,989,152,4107,1046,881,505,989,385,4129,200,261,191,3415,0.15369059656218403,0.2546871195519844,0.5732122587968218,0.38928210313447925,0.8270767740372972,0.06321143133930734,0.04625817389198353,0.048437878420925166
06037575500,"Census Tract 5755, Los Angeles County, California",93,14271.0,41,24,93,67,41,37,41,0,93,12,0,0,81,0.5853658536585366,0.7204301075268817,0.9024390243902439,0.0,0.8709677419354839,0.0,0.0,0.12903225806451613
06037575801,"Census Tract 5758.01, Los Angeles County, California",2254,36573.0,696,142,2254,622,655,333,696,180,2254,270,243,60,1679,0.20402298850574713,0.2759538598047915,0.5083969465648855,0.25862068965517243,0.7448979591836735,0.10780834072759539,0.026619343389529725,0.11978704525288376
06037575802,"Census Tract 5758.02, Los Angeles County, California",5664,39432.0,1633,372,5627,1834,1453,869,1633,492,5664,601,461,291,4103,0.22780159216166565,0.32592855873467214,0.5980729525120441,0.3012859767299449,0.7243997175141242,0.0813912429378531,0.0513771186440678,0.1061087570621469
06037575803,"Census Tract 5758.03, Los Angeles County, California",3229,27235.0,1289,487,3229,998,1128,623,1289,196,3229,542,260,339,1975,0.3778122575640031,0.3090740167234438,0.5523049645390071,0.15205585725368503,0.611644471972747,0.08052028491793124,0.10498606379684113,0.1678538247135336
06037575901,"Census Tract 5759.01, Los Angeles County, California",3553,54799.0,1382,224,3553,805,858,438,1382,274,3553,654,706,267,1797,0.16208393632416787,0.22656909653813678,0.5104895104895105,0.19826338639652677,0.505769772023642,0.1987053194483535,0.07514776245426401,0.18406980016887137
06037575902,"Census Tract 5759.02, Los Angeles County, California",5208,44855.0,2970,848,5165,1064,2599,1167,2970,310,5208,1978,802,357,1823,0.2855218855218855,0.20600193610842207,0.44901885340515585,0.10437710437710437,0.3500384024577573,0.15399385560675882,0.06854838709677419,0.37980030721966207
06037576001,"Census Tract 5760.01, Los Angeles County, California",5174,80462.0,3238,239,5090,356,2118,1042,3238,230,5174,2635,710,971,659,0.07381099444101297,0.06994106090373281,0.4919735599622285,0.07103150092649783,0.12736760726710475,0.13722458446076535,0.1876691148047932,0.5092771550057982
06037576200,"Census Tract 5762, Los Angeles County, California",5324,35870.0,2976,1044,5324,1888,2531,1606,2976,407,5324,1586,1074,303,1867,0.35080645161290325,0.3546205860255447,0.6345318056104307,0.13676075268817203,0.3506761833208114,0.20172802404207363,0.05691209616829451,0.29789631855747556
06037576301,"Census Tract 5763.01, Los Angeles County, California",4165,39023.0,1819,210,4154,1073,1649,978,1819,142,4165,553,902,581,1837,0.11544804837822979,0.2583052479537795,0.593086719223772,0.07806487080813634,0.4410564225690276,0.21656662665066026,0.13949579831932774,0.13277310924369748
06037576302,"Census Tract 5763.02, Los Angeles County, California",4077,42721.0,1224,171,3988,918,1116,671,1224,258,4077,457,467,840,2235,0.13970588235294118,0.23019057171514543,0.6012544802867383,0.2107843137254902,0.5481972038263428,0.11454500858474369,0.20603384841795438,0.11209222467500614
06037576401,"Census Tract 5764.01, Los Angeles County, California",5021,47083.0,1233,225,5021,1636,1153,616,1233,367,5021,302,570,475,3344,0.18248175182481752,0.3258315076677953,0.5342584562012143,0.29764801297648014,0.6660027882891855,0.11352320254929298,0.09460266879107747,0.06014738099980084
06037576402,"Census Tract 5764.02, Los Angeles County, California",5015,45400.0,1348,218,4946,1437,1050,629,1348,384,5015,474,633,453,3375,0.16172106824925817,0.2905378083299636,0.599047619047619,0.28486646884273,0.6729810568295115,0.12622133599202393,0.09032901296111664,0.09451645064805583
06037576403,"Census Tract 5764.03, Los Angeles County, California",5140,38921.0,1440,127,5140,1259,1225,780,1440,352,5140,586,883,566,3067,0.08819444444444445,0.24494163424124513,0.636734693877551,0.24444444444444444,0.596692607003891,0.1717898832684825,0.11011673151750972,0.11400778210116731
06037576501,"Census Tract 5765.01, Los Angeles County, California",2986,36742.0,1429,309,2940,776,1309,885,1429,153,2986,827,360,239,1286,0.21623512946116166,0.2639455782312925,0.6760886172650878,0.10706787963610917,0.4306764902880107,0.12056262558606833,0.08004018754186203,0.2769591426657736
06037576502,"Census Tract 5765.02, Los Angeles County, California",4658,54162.0,1955,323,4658,757,1572,755,1955,213,4658,1496,527,239,2259,0.16521739130434782,0.16251610133104336,0.4802798982188295,0.10895140664961638,0.4849720910261915,0.11313868613138686,0.051309574924860456,0.32116788321167883
06037576503,"Census Tract 5765.03, Los Angeles County, California",4469,57679.0,1908,245,4275,492,1663,864,1908,180,4469,1464,733,238,1779,0.12840670859538783,0.11508771929824561,0.5195429945880938,0.09433962264150944,0.3980756321324681,0.16401879615126427,0.05325576191541732,0.32759006489147463
06037576601,"Census Tract 5766.01, Los Angeles County, California",4293,55768.0,2789,307,4293,567,2280,1300,2789,75,4293,2311,445,104,1316,0.11007529580494801,0.1320754716981132,0.5701754385964912,0.026891358910003587,0.30654553924994177,0.1036571162357326,0.0242254833449802,0.5383181924062427
06037576602,"Census Tract 5766.02, Los Angeles County, California",4423,62409.0,2584,284,4376,790,2058,928,2584,128,4423,2486,307,283,1118,0.10990712074303406,0.18053016453382084,0.4509232264334305,0.04953560371517028,0.2527696133845806,0.06940990278091792,0.06398372145602532,0.5620619489034592
06037576700,"Census Tract 5767, Los Angeles County, California",3935,73041.0,2016,135,3798,391,1201,527,2016,16,3935,2456,349,384,606,0.06696428571428571,0.10294892048446551,0.43880099916736054,0.007936507936507936,0.154002541296061,0.08869123252858958,0.09758576874205845,0.6241423125794155
06037576801,"Census Tract 5768.01, Los Angeles County, California",4070,49982.0,1926,225,4069,835,1510,779,1926,175,4070,1511,508,453,1597,0.11682242990654206,0.20521012533792088,0.5158940397350993,0.0908618899273105,0.3923832923832924,0.12481572481572481,0.1113022113022113,0.3712530712530713
06037576802,"Census Tract 5768.02, Los Angeles County, California",4061,62240.0,1906,105,3953,421,1470,734,1906,82,4061,1646,1091,421,775,0.05508919202518363,0.10650139134834304,0.4993197278911565,0.04302203567681007,0.19083969465648856,0.26865304112287614,0.10366904703275055,0.4053188869736518
06037576901,"Census Tract 5769.01, Los Angeles County, California",5357,31406.0,1775,242,5331,1873,1613,1042,1775,319,5357,617,664,1004,3022,0.13633802816901408,0.3513412117801538,0.6460012399256044,0.17971830985915493,0.5641217099122643,0.12394997199925331,0.18741833115549747,0.11517640470412545
06037576903,"Census Tract 5769.03, Los Angeles County, California",3644,41378.0,1336,244,3644,1049,1115,732,1336,222,3644,612,450,557,1983,0.18263473053892215,0.2878704720087816,0.6565022421524663,0.1661676646706587,0.5441822173435785,0.12349066959385291,0.15285400658616904,0.16794731064763996
06037576904,"Census Tract 5769.04, Los Angeles County, California",3157,52373.0,1273,61,3127,624,949,583,1273,48,3157,938,435,333,1307,0.047918303220738416,0.19955228653661655,0.6143308746048473,0.037706205813040065,0.4140006335128286,0.13778904022806462,0.10547988596769084,0.29711751662971175
06037577000,"Census Tract 5770, Los Angeles County, California",7288,70887.0,3259,103,7159,1045,2454,1013,3259,98,7288,3034,865,1299,1765,0.03160478674440012,0.14597010755692136,0.4127954360228199,0.030070573795642836,0.242178924259056,0.11868825466520308,0.17823819978046104,0.4163007683863886
06037577100,"Census Tract 5771, Los Angeles County, California",7185,79235.0,3330,129,7052,538,2285,1039,3330,80,7185,3883,477,595,1904,0.03873873873873874,0.07629041406693136,0.4547045951859956,0.024024024024024024,0.2649965205288796,0.06638830897703549,0.08281141266527488,0.5404314544189284
06037577200,"Census Tract 5772, Los Angeles County, California",5848,87708.0,3175,121,5848,565,2354,838,3175,55,5848,3685,406,326,1325,0.03811023622047244,0.09661422708618331,0.35598980458793544,0.01732283464566929,0.2265731874145007,0.06942544459644323,0.05574555403556772,0.6301299589603283
06037577300,"Census Tract 5773, Los Angeles County, California",5431,86035.0,3167,45,5431,270,2441,922,3167,71,5431,3728,103,321,1067,0.01420903062835491,0.049714601362548336,0.3777140516181893,0.02241869276918219,0.19646473945866322,0.018965199779046215,0.05910513717547413,0.6864297551095563
06037577400,"Census Tract 5774, Los Angeles County, California",2947,81250.0,1560,66,2947,354,1053,469,1560,13,2947,2191,43,98,579,0.04230769230769231,0.12012215812690873,0.4453941120607787,0.008333333333333333,0.1964709874448592,0.014591109602986088,0.0332541567695962,0.7434679334916865
06037577501,"Census Tract 5775.01, Los Angeles County, California",3370,125125.0,1710,157,3370,327,554,215,1710,6,3370,2654,48,193,385,0.09181286549707603,0.0970326409495549,0.388086642599278,0.0035087719298245615,0.1142433234421365,0.014243323442136498,0.0572700296735905,0.7875370919881306
06037577504,"Census Tract 5775.04, Los Angeles County, California",1378,95929.0,770,45,1378,137,458,196,770,0,1378,1115,14,72,90,0.05844155844155844,0.09941944847605225,0.4279475982532751,0.0,0.06531204644412192,0.010159651669085631,0.05224963715529753,0.809143686502177
06037577602,"Census Tract 5776.02, Los Angeles County, California",3259,90583.0,1616,62,3259,250,563,335,1616,8,3259,2181,157,481,328,0.038366336633663366,0.07671064743786438,0.5950266429840142,0.0049504950495049506,0.10064436943847806,0.048174286590978825,0.14759128567045107,0.6692236882479288
06037577603,"Census Tract 5776.03, Los Angeles County, California",8457,106337.0,3706,68,8457,796,1107,367,3706,70,8457,5581,418,802,1308,0.01834862385321101,0.09412321154073548,0.33152664859981934,0.018888289260658393,0.1546647747428166,0.049426510582949036,0.09483268298450988,0.65992668795081
06037577604,"Census Tract 5776.04, Los Angeles County, California",1367,99000.0,774,7,1367,65,144,74,774,6,1367,954,26,109,246,0.00904392764857881,0.04754937820043892,0.5138888888888888,0.007751937984496124,0.1799561082662765,0.019019751280175568,0.07973664959765911,0.6978785662033651
06037599000,"Census Tract 5990, Los Angeles County, California",3684,74028.0,1471,433,3667,558,1066,443,1471,182,3684,1568,4,2,2060,0.2943575798776343,0.15216798472866103,0.4155722326454034,0.12372535690006799,0.5591748099891423,0.0010857763300760044,0.0005428881650380022,0.4256243213897937
06037599100,"Census Tract 5991, Los Angeles County, California",483,,82,30,259,31,64,30,82,0,483,348,14,15,47,0.36585365853658536,0.11969111969111969,0.46875,0.0,0.09730848861283643,0.028985507246376812,0.031055900621118012,0.7204968944099379
06037600100,"Census Tract 6001, Los Angeles County, California",7410,35000.0,2180,432,7395,2330,1819,1316,2180,449,7410,45,1756,21,5549,0.1981651376146789,0.31507775524002707,0.7234744365035733,0.20596330275229358,0.7488529014844805,0.2369770580296896,0.002834008097165992,0.006072874493927126
06037600201,"Census Tract 6002.01, Los Angeles County, California",5063,35081.0,1452,228,5050,1586,1258,817,1452,287,5063,65,2090,2,2853,0.15702479338842976,0.31405940594059406,0.6494435612082671,0.19765840220385675,0.5634999012443216,0.4127987359273158,0.00039502271380604387,0.012838238198696426
06037600202,"Census Tract 6002.02, Los Angeles County, California",7767,34819.0,2201,385,7738,2113,1621,1065,2201,460,7767,129,2626,1,4980,0.17492049068605178,0.2730679762212458,0.6570018507094386,0.20899591094956838,0.6411741985322519,0.3380970773786533,0.00012874983906270118,0.01660872923908845
06037600302,"Census Tract 6003.02, Los Angeles County, California",3086,57188.0,1061,54,3059,369,323,222,1061,82,3086,16,1852,12,1146,0.05089538171536286,0.12062765609676365,0.6873065015479877,0.07728557964184732,0.37135450421257293,0.6001296176279974,0.0038885288399222295,0.005184705119896306
06037600303,"Census Tract 6003.03, Los Angeles County, California",3883,21429.0,1212,321,3883,1266,1048,767,1212,200,3883,73,1297,2,2485,0.26485148514851486,0.326036569662632,0.7318702290076335,0.16501650165016502,0.6399690960597476,0.334020087561164,0.0005150656708730364,0.018799896986865825
06037600304,"Census Tract 6003.04, Los Angeles County, California",3910,33262.0,1115,266,3910,1121,926,592,1115,241,3910,5,1306,44,2488,0.23856502242152466,0.28670076726342714,0.6393088552915767,0.21614349775784752,0.6363171355498721,0.3340153452685422,0.011253196930946292,0.0012787723785166241
06037600400,"Census Tract 6004, Los Angeles County, California",4147,64625.0,1542,189,4120,561,695,368,1542,59,4147,101,3239,0,650,0.122568093385214,0.13616504854368933,0.5294964028776978,0.03826199740596628,0.15673981191222572,0.7810465396672294,0.0,0.02435495538943815
06037600501,"Census Tract 6005.01, Los Angeles County, California",2712,66908.0,871,33,2712,204,248,126,871,32,2712,38,1901,49,638,0.03788748564867968,0.0752212389380531,0.5080645161290323,0.03673938002296211,0.23525073746312683,0.7009587020648967,0.018067846607669618,0.014011799410029498
06037600502,"Census Tract 6005.02, Los Angeles County, California",2097,66542.0,635,19,2097,196,188,93,635,45,2097,135,858,85,997,0.029921259842519685,0.09346685741535526,0.4946808510638298,0.07086614173228346,0.4754411063423939,0.40915593705293274,0.04053409632808774,0.06437768240343347
06037600601,"Census Tract 6006.01, Los Angeles County, California",2653,80708.0,920,17,2633,277,367,173,920,45,2653,62,2111,3,348,0.01847826086956522,0.10520319027725028,0.4713896457765668,0.04891304347826087,0.13117225782133435,0.7957029777610253,0.0011307953260459858,0.023369770071617037
06037600602,"Census Tract 6006.02, Los Angeles County, California",2542,42143.0,696,194,2542,546,658,420,696,187,2542,62,839,44,1586,0.27873563218390807,0.2147915027537372,0.6382978723404256,0.2686781609195402,0.6239181746656176,0.33005507474429585,0.01730920535011802,0.024390243902439025
06037600702,"Census Tract 6007.02, Los Angeles County, California",4306,98571.0,1402,79,4256,492,349,123,1402,59,4306,139,3304,0,822,0.056348074179743225,0.1156015037593985,0.3524355300859599,0.04208273894436519,0.19089642359498374,0.7673014398513702,0.0,0.03228053878309336
06037600703,"Census Tract 6007.03, Los Angeles County, California",1783,72500.0,874,36,1783,144,162,107,874,8,1783,12,1458,32,143,0.041189931350114416,0.08076275939427931,0.6604938271604939,0.009153318077803204,0.08020190689848569,0.8177229388670779,0.0179472798653954,0.006730229949523275
06037600704,"Census Tract 6007.04, Los Angeles County, California",3373,70054.0,1215,70,3373,545,680,350,1215,29,3373,175,2676,62,389,0.05761316872427984,0.16157723095167506,0.5147058823529411,0.023868312757201648,0.11532760154165432,0.7933590275718945,0.018381262970649275,0.051882597094574566
06037600801,"Census Tract 6008.01, Los Angeles County, California",3199,93125.0,1232,89,3199,304,213,165,1232,26,3199,38,2595,52,375,0.07224025974025974,0.09502969678024382,0.7746478873239436,0.021103896103896104,0.1172241325414192,0.8111909971866208,0.01625507971241013,0.011878712097530478
06037600802,"Census Tract 6008.02, Los Angeles County, California",2485,69519.0,1127,87,2472,182,711,311,1127,43,2485,28,2105,42,211,0.0771960958296362,0.07362459546925566,0.43741209563994377,0.038154392191659274,0.08490945674044266,0.8470824949698189,0.016901408450704224,0.011267605633802818
06037600902,"Census Tract 6009.02, Los Angeles County, California",6491,41477.0,2375,373,6347,1626,1876,1180,2375,331,6491,204,2444,84,3413,0.15705263157894736,0.256184023948322,0.6289978678038379,0.13936842105263159,0.525804960714836,0.37652133723617315,0.012940995224156525,0.031428131258665844
06037600911,"Census Tract 6009.11, Los Angeles County, California",3146,59688.0,1124,66,3146,371,567,361,1124,57,3146,318,1049,0,1665,0.05871886120996441,0.1179275270184361,0.63668430335097,0.050711743772241996,0.5292434837889384,0.33343928798474254,0.0,0.1010807374443738
06037600912,"Census Tract 6009.12, Los Angeles County, California",5659,55568.0,1447,56,5638,1100,766,478,1447,334,5659,280,787,31,4453,0.038700760193503804,0.1951046470379567,0.6240208877284595,0.23082239115411196,0.7868881427814102,0.13907050715674146,0.005477999646580668,0.049478706485244744
06037601001,"Census Tract 6010.01, Los Angeles County, California",2381,32143.0,1072,240,2306,315,925,475,1072,91,2381,58,1446,17,800,0.22388059701492538,0.13660017346053774,0.5135135135135135,0.08488805970149253,0.33599328013439733,0.6073078538429232,0.007139857202855943,0.024359512809743807
06037601002,"Census Tract 6010.02, Los Angeles County, California",5167,53008.0,1894,242,5157,525,1492,813,1894,180,5167,97,2367,101,2051,0.12777191129883844,0.10180337405468295,0.5449061662198391,0.09503695881731784,0.396942132765628,0.45809947745306756,0.019547125991871493,0.018772982388233016
06037601100,"Census Tract 6011, Los Angeles County, California",6869,34849.0,2104,295,6744,1880,1860,1185,2104,444,6869,135,1991,331,4248,0.14020912547528516,0.27876631079478054,0.6370967741935484,0.21102661596958175,0.6184306303683215,0.2898529625855292,0.048187509098849904,0.019653515795603437
06037601202,"Census Tract 6012.02, Los Angeles County, California",4000,67083.0,978,18,4000,279,438,234,978,158,4000,266,156,91,3448,0.018404907975460124,0.06975,0.5342465753424658,0.16155419222903886,0.862,0.039,0.02275,0.0665
06037601211,"Census Tract 6012.11, Los Angeles County, California",2880,44934.0,1050,163,2866,383,903,523,1050,118,2880,100,1077,9,1545,0.15523809523809523,0.133635729239358,0.5791805094130675,0.11238095238095239,0.5364583333333334,0.37395833333333334,0.003125,0.034722222222222224
06037601212,"Census Tract 6012.12, Los Angeles County, California",6774,44932.0,2068,226,6774,1602,1728,1072,2068,407,6774,282,2143,70,3819,0.109284332688588,0.23649247121346323,0.6203703703703703,0.19680851063829788,0.5637732506643047,0.31635665780927075,0.010333628579864187,0.04162976085031001
06037601301,"Census Tract 6013.01, Los Angeles County, California",1921,72679.0,733,13,1921,102,252,156,733,30,1921,254,1107,66,411,0.017735334242837655,0.05309734513274336,0.6190476190476191,0.040927694406548434,0.21395106715252474,0.5762623633524206,0.03435710567412806,0.13222280062467465
06037601302,"Census Tract 6013.02, Los Angeles County, California",7333,51857.0,2795,263,7318,1772,2337,1378,2795,129,7333,781,3949,239,2228,0.09409660107334526,0.24214266192948894,0.5896448438168592,0.046153846153846156,0.3038319923632892,0.5385244783853812,0.03259239056320742,0.10650484112914223
06037601303,"Census Tract 6013.03, Los Angeles County, California",5084,50077.0,2075,254,5073,637,1769,978,2075,100,5084,338,2566,192,1724,0.12240963855421687,0.12556672580327222,0.5528547201808932,0.04819277108433735,0.33910306845003935,0.504720692368214,0.03776553894571204,0.06648308418568057
06037601401,"Census Tract 6014.01, Los Angeles County, California",5949,50094.0,1728,196,5916,1385,1265,603,1728,218,5949,442,1973,245,3025,0.11342592592592593,0.23411088573360378,0.4766798418972332,0.1261574074074074,0.5084888216506976,0.331652378551017,0.04118339216675072,0.07429820137838292
06037601402,"Census Tract 6014.02, Los Angeles County, California",4793,62316.0,1287,90,4793,598,510,237,1287,221,4793,231,59,74,4368,0.06993006993006994,0.12476528270394326,0.4647058823529412,0.1717171717171717,0.9113290214896724,0.012309618193198415,0.015439182140621741,0.04819528479031922
06037601501,"Census Tract 6015.01, Los Angeles County, California",3918,42794.0,1084,89,3918,1008,890,512,1084,338,3918,52,201,0,3464,0.08210332103321033,0.2572741194486983,0.5752808988764045,0.3118081180811808,0.8841245533435427,0.05130168453292496,0.0,0.013272077590607452
06037601502,"Census Tract 6015.02, Los Angeles County, California",4059,59239.0,872,124,4059,969,648,391,872,354,4059,105,31,117,3806,0.14220183486238533,0.23872875092387288,0.6033950617283951,0.4059633027522936,0.9376693766937669,0.007637349100763735,0.028824833702882482,0.025868440502586843
06037601600,"Census Tract 6016, Los Angeles County, California",4439,54607.0,1057,63,4439,975,652,308,1057,315,4439,55,41,318,3821,0.059602649006622516,0.2196440639783735,0.4723926380368098,0.2980132450331126,0.8607794548321694,0.009236314485244425,0.07163775625140797,0.012390177968010813
06037601700,"Census Tract 6017, Los Angeles County, California",5126,39013.0,1303,47,5126,899,987,676,1303,417,5126,11,407,85,4459,0.03607060629316961,0.17538041357783848,0.684903748733536,0.3200306983883346,0.869879047990636,0.07939914163090128,0.016582130316035896,0.002145922746781116
06037601801,"Census Tract 6018.01, Los Angeles County, California",2834,40870.0,802,61,2819,604,505,332,802,162,2834,5,63,36,2710,0.07605985037406483,0.2142603760198652,0.6574257425742575,0.20199501246882792,0.9562455892731122,0.022230063514467185,0.012702893436838392,0.0017642907551164433
06037601802,"Census Tract 6018.02, Los Angeles County, California",3945,63692.0,998,102,3923,298,667,283,998,236,3945,109,141,120,3567,0.10220440881763528,0.07596227377007392,0.424287856071964,0.23647294589178355,0.9041825095057034,0.03574144486692015,0.030418250950570342,0.027629911280101394
06037601900,"Census Tract 6019, Los Angeles County, California",4847,50933.0,1238,132,4803,1151,950,492,1238,363,4847,33,617,9,4110,0.10662358642972536,0.23964189048511347,0.5178947368421053,0.29321486268174474,0.8479471838250464,0.12729523416546318,0.0018568186507117806,0.006808335052609861
06037602002,"Census Tract 6020.02, Los Angeles County, California",3057,45846.0,809,66,3057,271,514,347,809,217,3057,115,421,134,2333,0.0815822002472188,0.08864900228982663,0.6750972762645915,0.26823238566131025,0.7631665031076218,0.1377167157343801,0.04383382401046778,0.037618580307491004
06037602003,"Census Tract 6020.03, Los Angeles County, California",4760,45948.0,1258,69,4760,505,819,539,1258,225,4760,75,455,61,4140,0.054848966613672494,0.10609243697478991,0.6581196581196581,0.17885532591414943,0.8697478991596639,0.09558823529411764,0.012815126050420168,0.015756302521008403
06037602004,"Census Tract 6020.04, Los Angeles County, California",3709,51875.0,1052,33,3709,769,589,382,1052,189,3709,247,883,77,2483,0.03136882129277566,0.20733351307630088,0.6485568760611206,0.1796577946768061,0.6694526826637908,0.23806956052844433,0.02076031275276355,0.06659476947964411
06037602103,"Census Tract 6021.03, Los Angeles County, California",6650,34645.0,2090,175,6485,1514,1688,1106,2090,458,6650,157,1288,296,4705,0.08373205741626795,0.23346183500385506,0.6552132701421801,0.21913875598086124,0.7075187969924812,0.1936842105263158,0.044511278195488724,0.02360902255639098
06037602104,"Census Tract 6021.04, Los Angeles County, California",6091,51750.0,1739,69,6091,927,1373,808,1739,329,6091,266,1150,174,4441,0.039677975848188614,0.1521917583319652,0.5884923525127458,0.1891891891891892,0.7291085207683468,0.18880315219175833,0.028566737809883433,0.043670989985224104
06037602105,"Census Tract 6021.05, Los Angeles County, California",4116,57391.0,1248,66,4093,743,974,524,1248,266,4116,454,660,196,2774,0.052884615384615384,0.1815294405081847,0.5379876796714579,0.21314102564102563,0.673955296404276,0.16034985422740525,0.047619047619047616,0.11030126336248786
06037602106,"Census Tract 6021.06, Los Angeles County, California",5403,46581.0,2001,187,5403,1037,1628,882,2001,517,5403,696,843,726,3063,0.09345327336331834,0.19193040903201924,0.5417690417690417,0.25837081459270367,0.5669072737368129,0.15602443087173792,0.13436979455857856,0.12881732370905052
06037602200,"Census Tract 6022, Los Angeles County, California",7200,80077.0,2577,104,7195,1182,1451,830,2577,181,7200,1583,1091,647,3323,0.0403570042685293,0.16428075052119528,0.5720192970365265,0.07023670935195964,0.46152777777777776,0.1515277777777778,0.08986111111111111,0.21986111111111112
06037602301,"Census Tract 6023.01, Los Angeles County, California",6311,100333.0,1886,78,6270,232,570,257,1886,199,6311,1706,291,299,3821,0.041357370095440084,0.03700159489633174,0.45087719298245615,0.10551431601272535,0.6054508001901442,0.046109966724766284,0.04737759467596261,0.2703216605926161
06037602302,"Census Tract 6023.02, Los Angeles County, California",4819,131824.0,1844,28,4803,187,275,130,1844,41,4819,2579,94,970,826,0.015184381778741865,0.03893399958359359,0.4727272727272727,0.022234273318872018,0.1714048557792073,0.019506121601992114,0.20128657397800373,0.5351732724631666
06037602402,"Census Tract 6024.02, Los Angeles County, California",6869,72939.0,2085,120,6869,440,1014,579,2085,203,6869,912,825,808,4124,0.05755395683453238,0.06405590333381861,0.5710059171597633,0.0973621103117506,0.6003785121560635,0.12010481875090989,0.11762993157664871,0.13277041781918766
06037602403,"Census Tract 6024.03, Los Angeles County, California",5199,55833.0,1666,92,5199,714,1427,631,1666,370,5199,315,890,449,3388,0.055222088835534214,0.13733410271206,0.4421864050455501,0.22208883553421369,0.6516637814964417,0.17118676668590113,0.08636276206962877,0.060588574725908825
06037602404,"Census Tract 6024.04, Los Angeles County, California",5457,47541.0,1818,148,5457,1205,1561,941,1818,258,5457,425,712,471,3550,0.0814081408140814,0.2208172988821697,0.6028187059577194,0.1419141914191419,0.6505405900678028,0.13047461975444383,0.0863111599780099,0.0778816199376947
06037602504,"Census Tract 6025.04, Los Angeles County, California",4961,45421.0,1748,198,4913,953,1619,964,1748,443,4961,467,1770,408,2245,0.11327231121281464,0.19397516792184002,0.5954292773316863,0.2534324942791762,0.45252973190888934,0.35678290667204193,0.08224148357186051,0.09413424712759524
06037602505,"Census Tract 6025.05, Los Angeles County, California",4590,37237.0,1660,290,4548,1411,1586,973,1660,473,4590,323,1469,39,2611,0.1746987951807229,0.3102462620932278,0.6134930643127364,0.2849397590361446,0.5688453159041394,0.32004357298474945,0.00849673202614379,0.07037037037037037
06037602506,"Census Tract 6025.06, Los Angeles County, California",4297,39016.0,1721,197,4297,886,1556,1009,1721,255,4297,179,1593,178,2044,0.11446833236490413,0.2061903653711892,0.6484575835475579,0.1481696687972109,0.47568070747032815,0.37072376076332325,0.04142424947637887,0.04165696997905515
06037602507,"Census Tract 6025.07, Los Angeles County, California",5122,52969.0,1835,176,5028,487,1644,804,1835,313,5122,225,2901,273,1694,0.09591280653950954,0.09685759745425616,0.48905109489051096,0.17057220708446866,0.3307301835220617,0.5663803201874268,0.0532994923857868,0.043928153065208905
06037602508,"Census Tract 6025.08, Los Angeles County, California",6922,50112.0,2383,176,6922,1020,2098,1070,2383,455,6922,568,2149,491,3572,0.07385648342425515,0.14735625541750938,0.5100095328884652,0.19093579521611415,0.5160358277954349,0.31045940479630163,0.0709332562843109,0.0820572088991621
06037602509,"Census Tract 6025.09, Los Angeles County, California",4457,68750.0,1141,83,4457,712,761,302,1141,192,4457,141,781,567,2786,0.07274320771253287,0.1597487098945479,0.3968462549277267,0.16827344434706398,0.6250841373120933,0.1752299753197218,0.12721561588512453,0.031635629347094456
06037602600,"Census Tract 6026, Los Angeles County, California",8118,55882.0,2881,237,7864,785,1092,728,2881,131,8118,475,5097,279,1381,0.08226310308920513,0.09982197355035605,0.6666666666666666,0.04547032280458174,0.17011579206701158,0.6278640059127863,0.03436807095343681,0.058511948755851195
06037602700,"Census Tract 6027, Los Angeles County, California",3770,97288.0,1276,34,3764,239,273,83,1276,43,3770,215,2342,78,948,0.02664576802507837,0.06349628055260362,0.304029304029304,0.03369905956112853,0.25145888594164456,0.6212201591511937,0.020689655172413793,0.05702917771883289
06037602801,"Census Tract 6028.01, Los Angeles County, California",3718,38438.0,1247,226,3718,800,824,617,1247,181,3718,12,1447,30,2141,0.18123496391339214,0.2151694459386767,0.7487864077669902,0.14514835605453089,0.5758472296933835,0.3891877353415815,0.008068854222700376,0.0032275416890801506
06037602802,"Census Tract 6028.02, Los Angeles County, California",5019,68097.0,1399,54,5002,212,246,102,1399,136,5019,33,2917,53,1986,0.03859899928520372,0.04238304678128749,0.4146341463414634,0.09721229449606862,0.3956963538553497,0.5811914724048616,0.010559872484558678,0.00657501494321578
06037602900,"Census Tract 6029, Los Angeles County, California",4443,47353.0,1316,155,4434,894,626,417,1316,152,4443,136,615,233,3382,0.11778115501519756,0.20162381596752368,0.6661341853035144,0.11550151975683891,0.7611973891514743,0.13841998649561107,0.05244204366419086,0.030609948233175782
06037603001,"Census Tract 6030.01, Los Angeles County, California",7498,52656.0,2421,293,7337,1285,1630,799,2421,406,7498,213,2263,1760,3192,0.12102437009500207,0.1751397028758348,0.4901840490797546,0.16769929781082196,0.425713523606295,0.3018138170178714,0.23472926113630302,0.02840757535342758
06037603004,"Census Tract 6030.04, Los Angeles County, California",1549,53889.0,634,74,1461,179,471,226,634,116,1549,69,424,591,458,0.1167192429022082,0.12251882272416154,0.47983014861995754,0.1829652996845426,0.2956746287927695,0.2737249838605552,0.381536475145255,0.04454486765655261
06037603005,"Census Tract 6030.05, Los Angeles County, California",5928,50656.0,1872,119,5912,1105,1330,893,1872,266,5928,344,1810,1090,2518,0.06356837606837606,0.1869079837618403,0.6714285714285714,0.1420940170940171,0.4247638326585695,0.3053306342780027,0.18387314439946018,0.058029689608636977
06037603006,"Census Tract 6030.06, Los Angeles County, California",1898,58750.0,810,73,1898,167,498,231,810,92,1898,258,93,800,732,0.09012345679012346,0.08798735511064278,0.463855421686747,0.11358024691358025,0.3856691253951528,0.04899894625922023,0.4214963119072708,0.13593256059009484
06037603101,"Census Tract 6031.01, Los Angeles County, California",4139,57188.0,1481,90,4077,655,899,488,1481,53,4139,553,569,1130,1738,0.06076975016880486,0.16065734608780965,0.542825361512792,0.03578663065496286,0.4199081903841508,0.13747281952162357,0.27301280502536845,0.13360715148586616
06037603102,"Census Tract 6031.02, Los Angeles County, California",3664,58958.0,1318,68,3653,621,902,406,1318,133,3664,399,419,1051,1683,0.051593323216995446,0.16999726252395292,0.4501108647450111,0.10091047040971168,0.4593340611353712,0.11435589519650655,0.28684497816593885,0.10889737991266375
06037603200,"Census Tract 6032, Los Angeles County, California",3394,83899.0,1163,54,3394,187,327,163,1163,68,3394,396,435,1251,1166,0.046431642304385214,0.05509723040659988,0.4984709480122324,0.058469475494411005,0.3435474366529169,0.1281673541543901,0.3685916322922805,0.11667648791985857
06037603301,"Census Tract 6033.01, Los Angeles County, California",3617,53226.0,1418,64,3433,423,1011,535,1418,125,3617,407,134,1703,1144,0.045133991537376586,0.12321584619866006,0.5291790306627102,0.08815232722143865,0.3162842134365496,0.037047276748686755,0.47083218136577276,0.11252419131877246
06037603302,"Census Tract 6033.02, Los Angeles County, California",4048,52722.0,1630,93,4041,851,794,482,1630,126,4048,428,243,1737,1501,0.05705521472392638,0.21059143776292996,0.6070528967254408,0.07730061349693251,0.370800395256917,0.060029644268774704,0.429100790513834,0.10573122529644269
06037603400,"Census Tract 6034, Los Angeles County, California",4113,63427.0,1421,27,4113,170,598,356,1421,147,4113,622,455,1040,1646,0.019000703729767768,0.04133236080719669,0.5953177257525084,0.10344827586206896,0.40019450522732797,0.11062484804279114,0.2528567955263798,0.1512278142475079
06037603500,"Census Tract 6035, Los Angeles County, California",3042,81797.0,883,18,3017,253,140,69,883,84,3042,388,347,732,1432,0.020385050962627407,0.08385813722240637,0.4928571428571429,0.09513023782559456,0.4707429322813938,0.11406969099276791,0.2406311637080868,0.12754766600920447
06037603600,"Census Tract 6036, Los Angeles County, California",4258,76447.0,1364,30,4252,496,417,167,1364,106,4258,922,375,1324,1500,0.021994134897360705,0.11665098777046096,0.40047961630695444,0.07771260997067449,0.3522780648191639,0.08806951620479098,0.31094410521371535,0.21653358384217944
06037603702,"Census Tract 6037.02, Los Angeles County, California",4777,81304.0,1510,32,4703,213,235,73,1510,42,4777,1493,104,1284,1745,0.02119205298013245,0.0452902402721667,0.31063829787234043,0.02781456953642384,0.3652920242830228,0.02177098597446096,0.2687879422231526,0.3125392505756751
06037603703,"Census Tract 6037.03, Los Angeles County, California",2491,93750.0,806,5,2485,73,96,51,806,31,2491,665,46,488,1032,0.00620347394540943,0.02937625754527163,0.53125,0.038461538461538464,0.41429144921718186,0.01846647932557206,0.19590525893215577,0.2669610598153352
06037603704,"Census Tract 6037.04, Los Angeles County, California",6609,52590.0,2112,174,6588,1435,1768,982,2112,668,6609,270,1683,286,4129,0.08238636363636363,0.21782027929568915,0.5554298642533937,0.3162878787878788,0.6247541231653806,0.2546527462551067,0.043274322893024665,0.04085338175215615
06037603801,"Census Tract 6038.01, Los Angeles County, California",4748,59085.0,1500,67,4748,736,1172,689,1500,265,4748,546,810,434,2766,0.04466666666666667,0.15501263689974726,0.5878839590443686,0.17666666666666667,0.5825610783487785,0.17059814658803707,0.09140690817186184,0.11499578770008424
06037603802,"Census Tract 6038.02, Los Angeles County, California",4040,58716.0,1154,65,3994,526,700,392,1154,202,4040,499,272,498,2507,0.05632582322357019,0.13169754631947922,0.56,0.17504332755632582,0.6205445544554455,0.06732673267326733,0.12326732673267327,0.12351485148514851
06037603900,"Census Tract 6039, Los Angeles County, California",7666,51110.0,2423,215,7653,1444,1458,728,2423,400,7666,813,716,839,5139,0.08873297565002064,0.1886841761400758,0.4993141289437586,0.1650846058605035,0.6703626402295851,0.0933994260370467,0.10944429950430472,0.10605270023480302
06037604001,"Census Tract 6040.01, Los Angeles County, California",4207,67407.0,1296,63,4194,415,815,442,1296,176,4207,612,328,558,2600,0.04861111111111111,0.09895088221268479,0.5423312883435583,0.13580246913580246,0.6180175897314001,0.07796529593534585,0.1326360827192774,0.14547183265985264
06037604002,"Census Tract 6040.02, Los Angeles County, California",4856,61607.0,1511,21,4856,410,1061,637,1511,148,4856,933,373,715,2670,0.013898080741230973,0.08443163097199341,0.6003770028275212,0.09794837855724686,0.549835255354201,0.07681219110378913,0.14724052718286657,0.1921334431630972
06037604100,"Census Tract 6041, Los Angeles County, California",7302,68740.0,2018,32,7267,937,1296,825,2018,293,7302,1378,682,549,4513,0.015857284440039643,0.12893903949360122,0.6365740740740741,0.14519326065411298,0.6180498493563408,0.09339906874828814,0.07518488085456039,0.18871542043275816
06037609900,"Census Tract 6099, Los Angeles County, California",2057,71071.0,582,33,1793,262,321,164,582,54,2057,532,49,131,1225,0.05670103092783505,0.14612381483547127,0.5109034267912772,0.09278350515463918,0.5955274671852212,0.023821098687408847,0.0636849781234808,0.25862907146329606
06037620001,"Census Tract 6200.01, Los Angeles County, California",4251,124844.0,1400,28,4244,186,721,309,1400,75,4251,2695,198,331,752,0.02,0.04382657869934024,0.42857142857142855,0.05357142857142857,0.17689955304634203,0.0465772759350741,0.07786403199247235,0.6339684780051753
06037620002,"Census Tract 6200.02, Los Angeles County, California",3493,111688.0,1449,87,3477,227,994,375,1449,15,3493,2167,1,620,507,0.060041407867494824,0.06528616623526028,0.3772635814889336,0.010351966873706004,0.14514743773260808,0.000286286859433152,0.17749785284855424,0.6203836243916404
06037620101,"Census Tract 6201.01, Los Angeles County, California",5632,108170.0,2115,31,5632,279,932,413,2115,88,5632,3329,389,583,766,0.014657210401891253,0.04953835227272727,0.44313304721030045,0.04160756501182033,0.13600852272727273,0.06906960227272728,0.103515625,0.5910866477272727
06037620102,"Census Tract 6201.02, Los Angeles County, California",3355,97396.0,1453,42,3355,298,978,393,1453,32,3355,2184,38,167,684,0.028905712319339298,0.08882265275707898,0.401840490797546,0.02202339986235375,0.2038748137108793,0.011326378539493294,0.04977645305514158,0.6509687034277198
06037620201,"Census Tract 6202.01, Los Angeles County, California",1529,114886.0,927,24,1517,103,667,254,927,0,1529,1280,19,79,99,0.025889967637540454,0.06789716545814106,0.3808095952023988,0.0,0.06474820143884892,0.012426422498364944,0.051667756703727925,0.8371484630477436
06037620301,"Census Tract 6203.01, Los Angeles County, California",4819,202333.0,1634,54,4808,122,302,140,1634,12,4819,3761,16,296,434,0.033047735618115054,0.025374376039933443,0.46357615894039733,0.0073439412484700125,0.09006017846026146,0.0033201909109773814,0.06142353185308155,0.7804523760116207
06037620303,"Census Tract 6203.03, Los Angeles County, California",4502,199408.0,1553,39,4502,47,299,90,1553,19,4502,3489,1,563,180,0.025112685125563427,0.010439804531319414,0.3010033444816054,0.012234385061171926,0.03998223011994669,0.0002221235006663705,0.1250555308751666,0.7749888938249667
06037620305,"Census Tract 6203.05, Los Angeles County, California",5845,118542.0,2430,99,5845,190,1049,356,2430,0,5845,4530,56,653,498,0.040740740740740744,0.032506415739948676,0.3393708293612965,0.0,0.08520102651839179,0.009580838323353293,0.11171941830624466,0.7750213857998289
06037620400,"Census Tract 6204, Los Angeles County, California",5279,138906.0,2041,56,5279,195,538,264,2041,51,5279,3607,0,882,498,0.027437530622243998,0.036938814169350256,0.49070631970260226,0.024987751102400785,0.09433604849403296,0.0,0.167077097935215,0.6832733472248532
06037620501,"Census Tract 6205.01, Los Angeles County, California",5726,116602.0,2085,32,5726,242,924,466,2085,52,5726,3186,376,774,863,0.015347721822541967,0.04226336011177087,0.5043290043290043,0.024940047961630695,0.15071603213412504,0.06566538595878449,0.13517289556409362,0.5564093608103388
06037620521,"Census Tract 6205.21, Los Angeles County, California",3958,123050.0,1547,26,3958,244,854,288,1547,37,3958,2402,58,593,539,0.01680672268907563,0.061647296614451744,0.3372365339578454,0.023917259211376857,0.13617988883274382,0.014653865588681153,0.14982314300151592,0.6068721576553815
06037620522,"Census Tract 6205.22, Los Angeles County, California",5024,121000.0,1822,123,5016,218,915,410,1822,19,5024,2712,96,770,816,0.06750823271130625,0.04346092503987241,0.44808743169398907,0.010428100987925357,0.1624203821656051,0.01910828025477707,0.1532643312101911,0.5398089171974523
06037620601,"Census Tract 6206.01, Los Angeles County, California",5278,92684.0,2201,28,5278,182,1187,662,2201,48,5278,2547,137,1033,1308,0.012721490231712857,0.034482758620689655,0.5577085088458298,0.021808268968650613,0.2478211443728685,0.025956801818870785,0.19571807502841987,0.4825691549829481
06037620602,"Census Tract 6206.02, Los Angeles County, California",5040,129417.0,1931,27,5040,107,398,109,1931,16,5040,2981,0,823,977,0.013982392542723977,0.02123015873015873,0.27386934673366836,0.008285862247540134,0.19384920634920635,0.0,0.1632936507936508,0.591468253968254
06037620701,"Census Tract 6207.01, Los Angeles County, California",7211,107722.0,2820,42,7193,263,1096,433,2820,93,7211,4257,482,825,1068,0.014893617021276596,0.03656332545530377,0.39507299270072993,0.03297872340425532,0.14810705866038,0.06684232422687561,0.11440854250450701,0.5903480793232562
06037620702,"Census Tract 6207.02, Los Angeles County, California",7375,155069.0,2551,21,7266,170,727,268,2551,59,7375,4475,209,1135,1088,0.008232065856526851,0.02339664189375172,0.3686382393397524,0.023128185025480204,0.14752542372881355,0.028338983050847456,0.15389830508474575,0.6067796610169491
06037620800,"Census Tract 6208, Los Angeles County, California",7844,156394.0,2717,60,7830,205,649,213,2717,51,7844,4946,40,1781,759,0.02208317997791682,0.026181353767560665,0.32819722650231126,0.018770702981229296,0.09676185619581847,0.005099439061703213,0.22705252422233554,0.6305456399796022
06037620901,"Census Tract 6209.01, Los Angeles County, California",2785,205750.0,968,19,2785,210,166,58,968,0,2785,1922,23,441,242,0.01962809917355372,0.07540394973070018,0.3493975903614458,0.0,0.08689407540394974,0.008258527827648115,0.15834829443447038,0.6901256732495512
06037620904,"Census Tract 6209.04, Los Angeles County, California",2897,182831.0,1157,19,2860,77,413,71,1157,14,2897,2483,0,68,128,0.016421780466724288,0.026923076923076925,0.17191283292978207,0.012100259291270527,0.044183638246461855,0.0,0.02347255781843286,0.8570935450466
06037621001,"Census Tract 6210.01, Los Angeles County, California",4373,136285.0,1883,102,4362,93,811,241,1883,90,4373,3214,28,277,478,0.054168879447689854,0.021320495185694635,0.2971639950678175,0.04779607010090282,0.10930711182254745,0.006402927052366796,0.0633432426252001,0.7349645552252458
06037621002,"Census Tract 6210.02, Los Angeles County, California",879,135991.0,481,3,879,67,284,32,481,4,879,782,6,55,29,0.006237006237006237,0.07622298065984073,0.11267605633802817,0.008316008316008316,0.03299203640500569,0.006825938566552901,0.06257110352673492,0.8896473265073948
06037621004,"Census Tract 6210.04, Los Angeles County, California",4086,124918.0,2093,139,4081,158,1175,402,2093,0,4086,3337,3,196,387,0.06641184902054467,0.038716000980151925,0.3421276595744681,0.0,0.0947136563876652,0.0007342143906020558,0.047968673519334315,0.8166911404796867
06037621102,"Census Tract 6211.02, Los Angeles County, California",3069,179141.0,1199,41,3069,180,381,62,1199,11,3069,2211,18,169,325,0.03419516263552961,0.05865102639296188,0.16272965879265092,0.009174311926605505,0.10589768654284783,0.005865102639296188,0.05506679700228087,0.7204301075268817
06037621104,"Census Tract 6211.04, Los Angeles County, California",7132,139265.0,3300,245,7132,379,2060,581,3300,83,7132,5691,137,316,612,0.07424242424242425,0.0531407739764442,0.2820388349514563,0.02515151515151515,0.08581043185642176,0.019209197980931014,0.0443073471676949,0.7979528883903534
06037621201,"Census Tract 6212.01, Los Angeles County, California",6724,120022.0,2489,65,6650,316,1067,372,2489,89,6724,3821,42,692,1712,0.026114905584572117,0.0475187969924812,0.3486410496719775,0.035757332261952594,0.2546103509815586,0.006246281975014872,0.10291493158834028,0.5682629387269482
06037621204,"Census Tract 6212.04, Los Angeles County, California",3052,109671.0,1815,112,3052,191,1249,382,1815,50,3052,1974,159,443,342,0.06170798898071626,0.0625819134993447,0.3058446757405925,0.027548209366391185,0.11205766710353866,0.05209698558322411,0.14515072083879424,0.6467889908256881
06037621301,"Census Tract 6213.01, Los Angeles County, California",6973,113500.0,2750,125,6971,296,1310,550,2750,135,6973,4601,228,978,749,0.045454545454545456,0.04246162673934873,0.4198473282442748,0.04909090909090909,0.10741431234762656,0.0326975476839237,0.1402552703284096,0.6598307758497061
06037621324,"Census Tract 6213.24, Los Angeles County, California",3740,92710.0,2049,64,3736,135,1391,625,2049,0,3740,2531,95,440,418,0.031234748657881894,0.03613490364025696,0.44931703810208484,0.0,0.11176470588235295,0.02540106951871658,0.11764705882352941,0.6767379679144385
06037621326,"Census Tract 6213.26, Los Angeles County, California",3017,102057.0,1726,8,3017,158,1307,512,1726,5,3017,2196,52,183,437,0.004634994206257242,0.05236990387802453,0.39173680183626625,0.0028968713789107765,0.14484587338415644,0.01723566456745111,0.060656281073914485,0.7278753728869738
06037621400,"Census Tract 6214, Los Angeles County, California",4305,107621.0,1877,30,4305,111,873,281,1877,0,4305,2996,177,412,454,0.015982951518380393,0.02578397212543554,0.3218785796105384,0.0,0.10545876887340302,0.04111498257839721,0.0957026713124274,0.6959349593495935
06037650001,"Census Tract 6500.01, Los Angeles County, California",5805,96250.0,2094,132,5805,746,688,366,2094,74,5805,1239,115,2505,1674,0.06303724928366762,0.1285099052540913,0.5319767441860465,0.03533906399235912,0.28837209302325584,0.019810508182601206,0.4315245478036176,0.21343669250645994
06037650003,"Census Tract 6500.03, Los Angeles County, California",3202,63906.0,1163,131,3202,295,792,277,1163,125,3202,743,186,824,1212,0.11263972484952708,0.09212991880074953,0.34974747474747475,0.10748065348237318,0.37851342910680824,0.05808869456589631,0.25733916302311055,0.23204247345409118
06037650004,"Census Tract 6500.04, Los Angeles County, California",4125,75994.0,1529,55,4125,371,798,466,1529,157,4125,1124,259,1687,811,0.03597122302158273,0.08993939393939394,0.5839598997493735,0.1026814911706998,0.19660606060606062,0.06278787878787878,0.408969696969697,0.2724848484848485
06037650101,"Census Tract 6501.01, Los Angeles County, California",6018,112611.0,2095,16,6013,453,442,276,2095,115,6018,1072,79,3035,1381,0.0076372315035799524,0.07533677033094961,0.6244343891402715,0.05489260143198091,0.2294782319707544,0.013127284812229977,0.5043203722166832,0.17813226985709538
06037650102,"Census Tract 6501.02, Los Angeles County, California",2211,90987.0,755,44,2211,143,164,90,755,7,2211,717,42,743,577,0.05827814569536424,0.06467661691542288,0.5487804878048781,0.009271523178807948,0.26096788783355945,0.018995929443690638,0.3360470375395749,0.3242876526458616
06037650200,"Census Tract 6502, Los Angeles County, California",5930,97054.0,1895,70,5925,420,411,234,1895,127,5930,2237,83,1628,1665,0.036939313984168866,0.07088607594936709,0.5693430656934306,0.06701846965699208,0.28077571669477236,0.013996627318718381,0.27453625632377743,0.3772344013490725
06037650300,"Census Tract 6503, Los Angeles County, California",6824,71250.0,2520,122,6824,612,1337,735,2520,233,6824,2148,303,2159,1686,0.048412698412698414,0.08968347010550996,0.5497382198952879,0.09246031746031746,0.24706916764361078,0.0444021101992966,0.3163833528722157,0.31477139507620167
06037650401,"Census Tract 6504.01, Los Angeles County, California",4758,137024.0,1468,87,4758,229,336,197,1468,61,4758,2119,40,1605,743,0.05926430517711172,0.04812946616225305,0.5863095238095238,0.04155313351498638,0.15615804960067256,0.008406893652795292,0.3373266078184111,0.4453551912568306
06037650501,"Census Tract 6505.01, Los Angeles County, California",3044,115174.0,1043,22,3035,45,128,54,1043,38,3044,1564,0,851,459,0.02109300095877277,0.014827018121911038,0.421875,0.0364333652924257,0.15078843626806834,0.0,0.2795663600525624,0.5137976346911958
06037650502,"Census Tract 6505.02, Los Angeles County, California",4259,118558.0,1478,35,4253,299,460,190,1478,84,4259,1817,209,1158,936,0.02368064952638701,0.07030331530684222,0.41304347826086957,0.056833558863328824,0.2197698990373327,0.0490725522423104,0.27189481098849494,0.4266259685372153
06037650602,"Census Tract 6506.02, Los Angeles County, California",7315,80379.0,2726,170,6842,700,2161,916,2726,226,7315,1773,418,4102,819,0.06236243580337491,0.10230926629640456,0.42387783433595555,0.08290535583272193,0.11196172248803828,0.05714285714285714,0.5607655502392345,0.24237867395762133
06037650603,"Census Tract 6506.03, Los Angeles County, California",3849,87600.0,1492,108,3849,251,614,231,1492,90,3849,1673,223,1525,306,0.07238605898123325,0.06521174330995064,0.3762214983713355,0.06032171581769437,0.07950116913484022,0.05793712652637049,0.3962068069628475,0.434658352818914
06037650604,"Census Tract 6506.04, Los Angeles County, California",5567,58413.0,2419,328,5498,688,2291,1097,2419,316,5567,1758,120,2440,769,0.13559322033898305,0.1251364132411786,0.47883020515058927,0.13063249276560562,0.1381354409915574,0.02155559547332495,0.43829710795760735,0.3157894736842105
06037650605,"Census Tract 6506.05, Los Angeles County, California",3064,80625.0,1120,43,3064,279,778,339,1120,119,3064,1079,38,1325,469,0.038392857142857145,0.0910574412532637,0.43573264781491,0.10625,0.15306788511749347,0.012402088772845953,0.4324412532637076,0.35215404699738906
06037650701,"Census Tract 6507.01, Los Angeles County, California",2529,107500.0,972,38,2529,183,171,89,972,28,2529,1308,30,726,433,0.03909465020576132,0.07236061684460261,0.52046783625731,0.02880658436213992,0.1712139185448794,0.011862396204033215,0.2870699881376038,0.5172004744958482
06037650702,"Census Tract 6507.02, Los Angeles County, California",4731,127429.0,1550,11,4722,121,198,108,1550,31,4731,2651,14,1036,764,0.0070967741935483875,0.025624735281660312,0.5454545454545454,0.02,0.16148805749313042,0.0029592052420207146,0.21898118790953286,0.5603466497569224
06037650800,"Census Tract 6508, Los Angeles County, California",6423,89420.0,2758,150,6423,475,1132,560,2758,105,6423,1605,116,3994,388,0.05438723712835388,0.07395298147283201,0.49469964664310956,0.03807106598984772,0.06040790907675541,0.018060096528102133,0.6218278063210337,0.24988323213451658
06037650901,"Census Tract 6509.01, Los Angeles County, California",5366,85025.0,2342,176,5365,327,1230,610,2342,43,5366,2024,141,1254,1672,0.07514944491887275,0.06095060577819199,0.4959349593495935,0.018360375747224593,0.31159150204994407,0.02627655609392471,0.23369362653745807,0.37718971300782705
06037650902,"Census Tract 6509.02, Los Angeles County, California",6769,90857.0,2629,106,6769,682,1363,448,2629,164,6769,1695,70,2557,2030,0.040319513122860404,0.10075343477618555,0.32868672046955244,0.062381133510840625,0.2998965873836608,0.010341261633919338,0.3777515142561678,0.250406263849904
06037651001,"Census Tract 6510.01, Los Angeles County, California",5444,96101.0,1799,71,5444,467,446,258,1799,145,5444,1778,74,1352,1907,0.039466370205669815,0.08578251285819251,0.57847533632287,0.08060033351862146,0.3502939015429831,0.013592946362968405,0.24834680382072005,0.3265980896399706
06037651002,"Census Tract 6510.02, Los Angeles County, California",4702,89507.0,1703,58,4692,259,637,249,1703,55,4702,1559,241,1634,977,0.03405754550792719,0.0552003410059676,0.39089481946624804,0.03229594832648268,0.20778392173543173,0.05125478519778817,0.34751169715014885,0.33156103785623137
06037651101,"Census Tract 6511.01, Los Angeles County, California",5036,99750.0,1850,118,4942,152,805,377,1850,65,5036,1887,47,2468,375,0.06378378378378378,0.03075677863213274,0.4683229813664596,0.03513513513513514,0.0744638602065131,0.009332803812549643,0.49007148530579825,0.37470214455917394
06037651102,"Census Tract 6511.02, Los Angeles County, California",3534,77350.0,1645,108,3534,229,856,404,1645,69,3534,1601,63,1224,536,0.06565349544072949,0.06479909451046972,0.4719626168224299,0.041945288753799395,0.15166949632144877,0.017826825127334467,0.3463497453310696,0.45302773061686474
06037651201,"Census Tract 6512.01, Los Angeles County, California",5018,139643.0,1634,13,5010,107,136,40,1634,56,5018,2972,54,968,729,0.00795593635250918,0.021357285429141715,0.29411764705882354,0.03427172582619339,0.14527700278995614,0.010761259465922678,0.19290554005579913,0.5922678357911518
06037651221,"Census Tract 6512.21, Los Angeles County, California",3697,92083.0,1395,102,3583,135,982,374,1395,174,3697,1057,193,1755,540,0.07311827956989247,0.037677923527770024,0.38085539714867617,0.12473118279569892,0.14606437652150392,0.052204490127130104,0.47470922369488777,0.28590749256153636
06037651222,"Census Tract 6512.22, Los Angeles County, California",6459,89207.0,2329,47,6459,403,1638,736,2329,271,6459,2081,267,2882,1015,0.020180334907685702,0.062393559374516176,0.44932844932844934,0.1163589523400601,0.15714506889611396,0.041337668369716675,0.44619910202817775,0.3221860969190277
06037651302,"Census Tract 6513.02, Los Angeles County, California",6204,124844.0,2287,101,6204,333,572,282,2287,41,6204,3857,176,843,724,0.04416265850459117,0.05367504835589942,0.493006993006993,0.017927415828596416,0.11669890393294649,0.028368794326241134,0.13588007736943908,0.6216956802063185
06037651304,"Census Tract 6513.04, Los Angeles County, California",4852,86690.0,2327,65,4852,191,1175,569,2327,14,4852,3352,201,277,540,0.027932960893854747,0.039365210222588626,0.48425531914893616,0.006016330038676407,0.11129431162407255,0.041426215993404784,0.05708985985160758,0.6908491343775762
06037651401,"Census Tract 6514.01, Los Angeles County, California",2521,90938.0,1127,24,2503,82,376,133,1127,34,2521,1496,19,710,232,0.02129547471162378,0.03276068717538953,0.3537234042553192,0.030168589174800354,0.09202697342324474,0.00753669178897263,0.28163427211424036,0.5934153113843713
06037651402,"Census Tract 6514.02, Los Angeles County, California",6236,101341.0,2293,85,6158,262,901,462,2293,131,6236,2430,31,2459,700,0.03706934147405146,0.0425462812601494,0.5127635960044395,0.057130396860008724,0.11225144323284157,0.004971135343168698,0.3943232841565106,0.3896728672225786
06037670001,"Census Tract 6700.01, Los Angeles County, California",3406,69766.0,1335,27,3325,240,470,328,1335,45,3406,1280,275,511,1171,0.020224719101123594,0.07218045112781955,0.6978723404255319,0.033707865168539325,0.3438050499119201,0.08073987081620669,0.15002935995302408,0.37580739870816204
06037670002,"Census Tract 6700.02, Los Angeles County, California",3939,75662.0,1463,159,3925,436,850,286,1463,103,3939,1264,199,758,1518,0.10868079289131921,0.1110828025477707,0.33647058823529413,0.07040328092959672,0.38537699923838536,0.05052043665905052,0.19243462807819242,0.3208936278243209
06037670003,"Census Tract 6700.03, Los Angeles County, California",5707,76667.0,2266,90,5677,224,1120,546,2266,130,5707,2716,131,917,1726,0.03971756398940865,0.03945745992601726,0.4875,0.05736981465136805,0.302435605396881,0.022954266690029788,0.16067986683020852,0.4759067811459611
06037670100,"Census Tract 6701, Los Angeles County, California",6642,62244.0,2748,65,6597,1056,1690,883,2748,67,6642,2456,648,1042,2018,0.023653566229985445,0.16007276034561163,0.5224852071005918,0.02438136826783115,0.30382414935260466,0.0975609756097561,0.1568804576934658,0.36976814212586573
06037670201,"Census Tract 6702.01, Los Angeles County, California",3820,146771.0,1441,51,3820,170,267,111,1441,11,3820,2445,26,823,402,0.03539208882720333,0.04450261780104712,0.4157303370786517,0.007633587786259542,0.10523560209424083,0.006806282722513089,0.21544502617801048,0.6400523560209425
06037670202,"Census Tract 6702.02, Los Angeles County, California",2637,192188.0,889,21,2626,52,43,8,889,32,2637,1473,25,534,481,0.023622047244094488,0.019801980198019802,0.18604651162790697,0.0359955005624297,0.18240424725066362,0.009480470231323474,0.2025028441410694,0.558589306029579
06037670324,"Census Tract 6703.24, Los Angeles County, California",5091,214681.0,1852,48,5091,290,252,132,1852,16,5091,3776,29,743,396,0.02591792656587473,0.056963268513062264,0.5238095238095238,0.008639308855291577,0.07778432527990571,0.005696326851306227,0.14594382243174228,0.7417010410528383
06037670326,"Census Tract 6703.26, Los Angeles County, California",3613,158125.0,1338,0,3613,323,141,73,1338,0,3613,2147,0,1127,264,0.0,0.08939939108773873,0.5177304964539007,0.0,0.0730694713534459,0.0,0.3119291447550512,0.5942430113479104
06037670328,"Census Tract 6703.28, Los Angeles County, California",4730,193262.0,1719,40,4730,183,284,104,1719,18,4730,2859,22,1213,385,0.02326934264107039,0.0386892177589852,0.36619718309859156,0.010471204188481676,0.08139534883720931,0.004651162790697674,0.25644820295983084,0.6044397463002115
06037670403,"Census Tract 6704.03, Los Angeles County, California",2733,153667.0,992,9,2733,153,100,38,992,5,2733,1422,26,1049,116,0.009072580645161291,0.05598243688254665,0.38,0.005040322580645161,0.04244420051225759,0.00951335528723015,0.38382729601170873,0.5203073545554336
06037670405,"Census Tract 6704.05, Los Angeles County, California",2864,98533.0,1127,118,2842,79,242,157,1127,0,2864,1627,60,999,52,0.10470275066548358,0.027797325826882477,0.6487603305785123,0.0,0.018156424581005588,0.02094972067039106,0.34881284916201116,0.568086592178771
06037670406,"Census Tract 6704.06, Los Angeles County, California",1759,186667.0,660,6,1759,70,31,5,660,6,1759,752,94,806,21,0.00909090909090909,0.039795338260375214,0.16129032258064516,0.00909090909090909,0.011938601478112564,0.053439454235361,0.45821489482660605,0.427515633882888
06037670407,"Census Tract 6704.07, Los Angeles County, California",6269,94963.0,2345,36,6269,350,1164,741,2345,148,6269,1907,193,3274,565,0.01535181236673774,0.05583027596107832,0.6365979381443299,0.06311300639658848,0.09012601690859787,0.030786409315680333,0.5222523528473441,0.3041952464507896
06037670411,"Census Tract 6704.11, Los Angeles County, California",4356,162614.0,1539,41,4347,94,169,28,1539,0,4356,2679,79,1037,214,0.02664067576348278,0.02162410858063032,0.16568047337278108,0.0,0.049127640036730945,0.018135904499540865,0.23806244260789716,0.6150137741046832
06037670413,"Census Tract 6704.13, Los Angeles County, California",4433,143721.0,1710,24,4433,159,351,110,1710,16,4433,1886,37,2084,346,0.014035087719298246,0.03586735844800361,0.31339031339031337,0.00935672514619883,0.07805098127678772,0.00834649221745996,0.47011053462666363,0.42544552221971577
06037670416,"Census Tract 6704.16, Los Angeles County, California",4513,97788.0,1661,55,4513,342,631,387,1661,156,4513,1665,238,1567,726,0.033112582781456956,0.07578107688898737,0.6133122028526149,0.09391932570740517,0.16086860181697318,0.05273653888765788,0.34721914469310877,0.3689341901174385
06037670500,"Census Tract 6705, Los Angeles County, California",1513,250001.0,577,6,1513,25,27,7,577,6,1513,1079,22,236,88,0.010398613518197574,0.016523463317911435,0.25925925925925924,0.010398613518197574,0.05816259087904825,0.014540647719762063,0.15598149372108394,0.7131526768010575
06037670602,"Census Tract 6706.02, Los Angeles County, California",6862,155688.0,2579,61,6664,426,423,169,2579,15,6862,4059,80,1553,554,0.02365257851880574,0.06392557022809124,0.39952718676122934,0.0058162078324932144,0.08073447974351501,0.011658408627222384,0.22631885747595454,0.5915185077236957
06037670701,"Census Tract 6707.01, Los Angeles County, California",7185,132527.0,2497,61,7180,321,444,197,2497,100,7185,3592,29,1300,1841,0.024429315178213857,0.0447075208913649,0.4436936936936937,0.040048057669203045,0.2562282533054976,0.004036186499652053,0.18093249826026445,0.4999304105775922
06037670702,"Census Tract 6707.02, Los Angeles County, California",5649,200292.0,2021,27,5649,102,122,92,2021,13,5649,3871,63,851,476,0.013359722909450767,0.018056293149229952,0.7540983606557377,0.006432459178624443,0.08426270136307311,0.011152416356877323,0.15064613205877148,0.6852540272614622
06037700101,"Census Tract 7001.01, Los Angeles County, California",5200,57260.0,3506,788,5200,756,3360,1496,3506,103,5200,4218,179,121,544,0.22475755847119225,0.1453846153846154,0.4452380952380952,0.029378208784940102,0.10461538461538461,0.034423076923076924,0.023269230769230768,0.8111538461538461
06037700102,"Census Tract 7001.02, Los Angeles County, California",4506,43202.0,2785,450,4426,779,2694,1588,2785,44,4506,3150,250,292,591,0.1615798922800718,0.17600542250338908,0.5894580549368968,0.015798922800718134,0.1311584553928096,0.055481580115401684,0.06480248557478917,0.6990679094540613
06037700200,"Census Tract 7002, Los Angeles County, California",7446,70580.0,4541,606,7446,855,4015,1817,4541,63,7446,5457,361,362,738,0.13345078176613082,0.11482675261885576,0.45255292652552925,0.013873596124201719,0.0991136180499597,0.04848240666129466,0.0486167069567553,0.7328767123287672
06037700300,"Census Tract 7003, Los Angeles County, California",6223,94315.0,4033,394,6223,626,3063,1136,4033,0,6223,4919,161,271,482,0.09769402429952889,0.10059456853607585,0.37087822396343456,0.0,0.07745460388879961,0.025871766029246346,0.043548127912582356,0.7904547645829986
06037700400,"Census Tract 7004, Los Angeles County, California",5162,104338.0,3173,230,5162,455,2267,1052,3173,32,5162,3986,77,353,386,0.07248660573589663,0.08814413018209996,0.46404940449933835,0.010085092971950834,0.07477721813250678,0.01491669895389384,0.06838434715226656,0.7721813250678031
06037700501,"Census Tract 7005.01, Los Angeles County, California",3526,76637.0,2351,242,3526,331,1453,606,2351,62,3526,2306,227,340,482,0.10293492131008082,0.09387407827566648,0.41706813489332417,0.026371756699276903,0.1366988088485536,0.06437889960294951,0.09642654566080544,0.653998865570051
06037700502,"Census Tract 7005.02, Los Angeles County, California",4387,73500.0,2980,335,4387,461,2050,972,2980,18,4387,3444,49,305,523,0.11241610738255034,0.10508320036471393,0.4741463414634146,0.006040268456375839,0.11921586505584682,0.0111693640300889,0.069523592432186,0.7850467289719626
06037700600,"Census Tract 7006, Los Angeles County, California",5021,191066.0,1728,31,5021,270,119,67,1728,0,5021,4500,33,75,146,0.017939814814814815,0.05377414857598088,0.5630252100840336,0.0,0.02907787293367855,0.00657239593706433,0.014937263493328022,0.8962358095996813
06037700700,"Census Tract 7007, Los Angeles County, California",3575,184393.0,1131,0,3575,135,88,10,1131,13,3575,3081,3,117,167,0.0,0.03776223776223776,0.11363636363636363,0.011494252873563218,0.046713286713286714,0.0008391608391608392,0.03272727272727273,0.8618181818181818
06037700801,"Census Tract 7008.01, Los Angeles County, California",4610,83333.0,2446,407,4610,471,1623,785,2446,124,4610,3349,76,654,311,0.16639411283728536,0.10216919739696312,0.4836722119531731,0.050695012264922325,0.06746203904555315,0.01648590021691974,0.1418655097613883,0.7264642082429501
06037700802,"Census Tract 7008.02, Los Angeles County, California",4092,85078.0,1924,246,4082,313,1537,761,1924,110,4092,2808,318,446,441,0.12785862785862787,0.0766780989710926,0.4951203643461288,0.057172557172557176,0.10777126099706745,0.07771260997067449,0.10899315738025415,0.6862170087976539
06037700901,"Census Tract 7009.01, Los Angeles County, California",3600,86143.0,1554,120,3600,301,854,505,1554,17,3600,2662,42,460,242,0.07722007722007722,0.08361111111111111,0.5913348946135831,0.010939510939510939,0.06722222222222222,0.011666666666666667,0.12777777777777777,0.7394444444444445
06037700902,"Census Tract 7009.02, Los Angeles County, California",7352,90444.0,3334,221,7352,846,2669,1371,3334,179,7352,5470,127,936,504,0.06628674265146971,0.11507072905331882,0.5136755339078306,0.053689262147570485,0.06855277475516866,0.017274211099020675,0.12731229597388466,0.7440152339499456
06037701000,"Census Tract 7010, Los Angeles County, California",5936,100391.0,2652,182,5885,480,1751,778,2652,15,5936,4731,66,409,206,0.06862745098039216,0.08156329651656755,0.44431753283837805,0.005656108597285068,0.034703504043126686,0.011118598382749326,0.06890161725067386,0.7970013477088949
06037701100,"Census Tract 7011, Los Angeles County, California",1101,45536.0,48,21,928,596,31,15,48,0,1101,405,247,106,292,0.4375,0.6422413793103449,0.4838709677419355,0.0,0.2652134423251589,0.22434150772025432,0.09627611262488647,0.3678474114441417
06037701201,"Census Tract 7012.01, Los Angeles County, California",4088,234519.0,1437,18,4071,184,142,56,1437,0,4088,3189,0,443,340,0.012526096033402923,0.04519774011299435,0.39436619718309857,0.0,0.08317025440313111,0.0,0.10836594911937378,0.7800880626223092
06037701202,"Census Tract 7012.02, Los Angeles County, California",3381,126875.0,1684,82,3373,138,1117,417,1684,0,3381,2669,111,326,176,0.048693586698337295,0.04091313370886451,0.37332139659803043,0.0,0.05205560485063591,0.032830523513753325,0.09642117716651878,0.7894114167406093
06037701302,"Census Tract 7013.02, Los Angeles County, California",4868,92023.0,2775,120,4868,234,2265,929,2775,49,4868,3774,3,517,397,0.043243243243243246,0.04806902218570255,0.4101545253863135,0.017657657657657658,0.08155299917830731,0.0006162695152013147,0.1062037797863599,0.7752670501232539
06037701304,"Census Tract 7013.04, Los Angeles County, California",6212,126713.0,3012,213,6212,440,1455,532,3012,98,6212,4703,90,545,589,0.07071713147410359,0.07083065035415326,0.3656357388316151,0.03253652058432935,0.09481648422408243,0.014488087572440437,0.0877334191886671,0.7570830650354153
06037701402,"Census Tract 7014.02, Los Angeles County, California",5577,103590.0,3558,674,5521,838,3130,1100,3558,57,5577,4070,345,372,523,0.18943226531759416,0.15178409708386162,0.3514376996805112,0.016020236087689713,0.09377801685493993,0.061861215707369556,0.06670252824098978,0.7297830374753451
06037701501,"Census Tract 7015.01, Los Angeles County, California",5267,107621.0,2669,208,5267,469,2159,753,2669,46,5267,3839,103,488,349,0.07793180966654177,0.08904499715207899,0.34877257989810095,0.017234919445485202,0.0662616290108221,0.019555724321245492,0.09265236377444465,0.7288779191190431
06037701502,"Census Tract 7015.02, Los Angeles County, California",3530,95417.0,1731,157,3038,213,1379,524,1731,44,3530,2445,99,443,394,0.09069901790872328,0.07011191573403555,0.3799854967367658,0.025418833044482957,0.11161473087818696,0.028045325779036828,0.1254957507082153,0.6926345609065155
06037701601,"Census Tract 7016.01, Los Angeles County, California",4194,136500.0,1730,38,4194,102,767,232,1730,18,4194,3022,28,559,267,0.021965317919075144,0.024320457796852647,0.30247718383311606,0.010404624277456647,0.06366237482117311,0.006676204101096805,0.13328564616118263,0.7205531711969481
06037701602,"Census Tract 7016.02, Los Angeles County, California",3987,106923.0,1874,122,3875,296,1261,496,1874,88,3987,2360,257,461,707,0.06510138740661686,0.07638709677419354,0.39333862014274384,0.04695837780149413,0.17732631050915476,0.06445949335339854,0.11562578379734136,0.5919237521946326
06037701701,"Census Tract 7017.01, Los Angeles County, California",3305,75417.0,1742,133,3305,327,1277,550,1742,60,3305,1866,217,308,671,0.07634902411021814,0.09894099848714069,0.4306969459671104,0.03444316877152698,0.20302571860816945,0.06565809379727686,0.09319213313161875,0.5645990922844175
06037701702,"Census Tract 7017.02, Los Angeles County, California",3437,67619.0,1808,306,3437,491,1594,793,1808,133,3437,1874,249,421,732,0.16924778761061948,0.14285714285714285,0.4974905897114178,0.07356194690265487,0.21297643293569973,0.07244690136747163,0.12249054407913879,0.5452429444282805
06037701801,"Census Tract 7018.01, Los Angeles County, California",7001,65888.0,2771,399,7001,1047,2282,1127,2771,295,7001,2206,553,1460,2652,0.14399133886683507,0.14955006427653192,0.4938650306748466,0.10645976181883797,0.3788030281388373,0.07898871589772889,0.208541636909013,0.3150978431652621
06037701802,"Census Tract 7018.02, Los Angeles County, California",4645,68828.0,1803,218,4553,765,1476,689,1803,196,4645,1825,415,328,1784,0.1209095951192457,0.1680210849989018,0.46680216802168023,0.10870770937326678,0.38406889128094723,0.08934337997847147,0.07061356297093649,0.39289558665231433
06037701902,"Census Tract 7019.02, Los Angeles County, California",4659,67422.0,3054,904,4659,834,2930,1565,3054,61,4659,3085,614,289,391,0.2960052390307793,0.17900837089504185,0.5341296928327645,0.01997380484610347,0.08392358875295128,0.13178793732560634,0.06203047864348573,0.6621592616441296
06037702002,"Census Tract 7020.02, Los Angeles County, California",6443,91859.0,3465,417,6431,581,2637,1207,3465,73,6443,4050,441,315,1308,0.12034632034632034,0.09034364795521692,0.4577171027682973,0.02106782106782107,0.2030110197113146,0.06844637591184231,0.04889026850845879,0.6285891665373273
06037702102,"Census Tract 7021.02, Los Angeles County, California",6065,81727.0,3677,382,6044,700,2909,1215,3677,150,6065,4425,169,355,651,0.10388903997824313,0.1158173395102581,0.4176693021656927,0.04079412564590699,0.10733718054410553,0.02786479802143446,0.0585325638911789,0.72959604286892
06037702201,"Census Tract 7022.01, Los Angeles County, California",4110,90769.0,2044,140,4110,371,1243,607,2044,31,4110,2740,105,403,532,0.0684931506849315,0.0902676399026764,0.4883346741753821,0.015166340508806261,0.12944038929440388,0.025547445255474453,0.09805352798053528,0.6666666666666666
06037702202,"Census Tract 7022.02, Los Angeles County, California",3969,121719.0,1658,90,3969,283,773,283,1658,22,3969,2652,79,307,648,0.054282267792521106,0.07130259511211892,0.36610608020698576,0.013268998793727383,0.16326530612244897,0.019904257999496095,0.07734945830183926,0.6681783824640968
06037702300,"Census Tract 7023, Los Angeles County, California",6839,114514.0,2817,164,6773,702,1375,556,2817,124,6839,4406,117,678,986,0.058217962371317,0.1036468330134357,0.40436363636363637,0.04401845935392261,0.1441731247258371,0.017107764293025296,0.0991373007749671,0.6442462348296535
06037702400,"Census Tract 7024, Los Angeles County, California",4367,78594.0,1965,179,4313,347,1411,664,1965,87,4367,1959,300,642,1239,0.0910941475826972,0.08045444006492002,0.47058823529411764,0.044274809160305344,0.28371880009159606,0.06869704602702084,0.1470116784978246,0.4485917105564461
06037702501,"Census Tract 7025.01, Los Angeles County, California",4965,111136.0,1996,59,4965,92,900,218,1996,162,4965,3070,132,635,912,0.029559118236472944,0.01852970795568983,0.24222222222222223,0.0811623246492986,0.18368580060422962,0.026586102719033233,0.12789526686807653,0.6183282980866063
06037702502,"Census Tract 7025.02, Los Angeles County, California",3757,86959.0,2016,149,3757,380,761,319,2016,6,3757,1912,621,523,602,0.07390873015873016,0.10114453021027416,0.4191852825229961,0.002976190476190476,0.1602342294383817,0.16529145594889538,0.13920681394729836,0.5089166888474846
06037702600,"Census Tract 7026, Los Angeles County, California",6389,120671.0,2327,67,6307,92,556,257,2327,13,6389,2963,472,1156,1247,0.028792436613665665,0.014586966862216584,0.46223021582733814,0.00558659217877095,0.19517921427453436,0.07387697605259039,0.18093598372202221,0.4637658475504774
06037702700,"Census Tract 7027, Los Angeles County, California",3435,135430.0,1271,43,3427,176,321,136,1271,36,3435,1765,85,548,706,0.03383162863886703,0.05135687189962066,0.4236760124610592,0.02832415420928403,0.20553129548762736,0.024745269286754003,0.15953420669577875,0.5138282387190685
06037702801,"Census Tract 7028.01, Los Angeles County, California",4679,62061.0,2048,256,4679,482,1311,849,2048,168,4679,1782,178,891,1616,0.125,0.10301346441547339,0.6475972540045767,0.08203125,0.3453729429365249,0.038042316734344946,0.19042530455225476,0.3808506091045095
06037702802,"Census Tract 7028.02, Los Angeles County, California",2293,90438.0,887,53,2233,164,427,195,887,88,2293,1168,47,147,869,0.05975197294250282,0.07344379758172861,0.4566744730679157,0.0992108229988726,0.3789795028347143,0.020497165285651986,0.0641081552551243,0.5093763628434366
06037702803,"Census Tract 7028.03, Los Angeles County, California",3063,63485.0,1222,133,2966,391,866,556,1222,71,3063,1129,107,377,1251,0.1088379705400982,0.13182737693863789,0.6420323325635104,0.05810147299509002,0.40842311459353575,0.03493307215148547,0.12308194580476657,0.36859288279464575
06037702901,"Census Tract 7029.01, Los Angeles County, California",9852,118162.0,5537,172,9806,1577,5221,2717,5537,165,9852,6560,730,1038,1068,0.03106375293480224,0.16081990617988987,0.5203983911128136,0.029799530431641682,0.10840438489646773,0.07409663012586278,0.10535931790499391,0.6658546488022736
06037703001,"Census Tract 7030.01, Los Angeles County, California",6503,109389.0,3158,148,6503,235,1500,568,3158,155,6503,2250,1554,1474,849,0.046865104496516784,0.036137167461171765,0.37866666666666665,0.049081697276757444,0.13055512840227587,0.23896663078579117,0.2266646163309242,0.3459941565431339
06037703002,"Census Tract 7030.02, Los Angeles County, California",6721,101534.0,2859,183,6681,363,744,468,2859,0,6721,800,4874,283,363,0.06400839454354669,0.05433318365514145,0.6290322580645161,0.0,0.054009819967266774,0.7251897039131082,0.04210682934087189,0.11902990626394881
06037703100,"Census Tract 7031, Los Angeles County, California",6068,93482.0,2519,144,6035,572,726,417,2519,7,6068,397,4565,119,500,0.05716554188169909,0.09478044739022369,0.5743801652892562,0.00277888050813815,0.08239947264337508,0.7523071852340145,0.01961107448912327,0.06542518127883981
06037703200,"Census Tract 7032, Los Angeles County, California",5688,91042.0,2315,146,5612,484,471,217,2315,31,5688,340,4601,157,445,0.0630669546436285,0.08624376336421953,0.4607218683651805,0.013390928725701945,0.07823488045007032,0.8088959212376934,0.02760196905766526,0.05977496483825598
06037800101,"Census Tract 8001.01, Los Angeles County, California",5738,142159.0,1938,53,5734,149,174,92,1938,9,5738,4612,62,367,212,0.027347781217750257,0.02598535054063481,0.5287356321839081,0.0046439628482972135,0.036946671314046706,0.010805158591843849,0.06395956779365633,0.8037643778319972
06037800102,"Census Tract 8001.02, Los Angeles County, California",7213,130703.0,2688,40,7162,356,742,357,2688,13,7213,5675,90,358,774,0.01488095238095238,0.04970678581401843,0.4811320754716981,0.004836309523809524,0.10730625259947317,0.01247747123249688,0.04963260779148759,0.7867738804935533
06037800202,"Census Tract 8002.02, Los Angeles County, California",6065,162048.0,2049,0,6065,568,264,166,2049,13,6065,4827,26,405,604,0.0,0.09365210222588623,0.6287878787878788,0.00634455832113226,0.09958779884583677,0.004286892003297609,0.06677658697444352,0.7958779884583677
06037800203,"Census Tract 8002.03, Los Angeles County, California",5533,146543.0,1953,22,5533,330,566,174,1953,72,5533,4483,60,370,504,0.011264720942140297,0.05964214711729622,0.30742049469964666,0.03686635944700461,0.09108982468823423,0.010844026748599312,0.0668714982830291,0.810229531899512
06037800204,"Census Tract 8002.04, Los Angeles County, California",4495,138306.0,1726,0,4495,171,398,311,1726,0,4495,3432,28,389,464,0.0,0.03804226918798665,0.7814070351758794,0.0,0.1032258064516129,0.006229143492769744,0.08654060066740824,0.7635150166852058
06037800324,"Census Tract 8003.24, Los Angeles County, California",6966,143750.0,2441,55,6955,263,281,82,2441,0,6966,5317,197,586,676,0.022531749283080705,0.03781452192667146,0.2918149466192171,0.0,0.09704277921332186,0.028280218202698822,0.08412288257249498,0.7632787826586276
06037800325,"Census Tract 8003.25, Los Angeles County, California",3573,133688.0,1507,69,3573,66,280,117,1507,9,3573,2985,53,158,239,0.0457863304578633,0.018471872376154493,0.41785714285714287,0.005972130059721301,0.066890568150014,0.014833473271760425,0.04422054296109712,0.8354324097397146
06037800326,"Census Tract 8003.26, Los Angeles County, California",4741,133942.0,1832,21,4729,163,296,141,1832,10,4741,3686,206,337,464,0.01146288209606987,0.03446817508987101,0.47635135135135137,0.0054585152838427945,0.09786964775363848,0.043450748787175704,0.07108205020037967,0.7774731069394643
06037800327,"Census Tract 8003.27, Los Angeles County, California",5827,92740.0,2190,160,5761,329,964,436,2190,103,5827,4003,214,485,871,0.0730593607305936,0.05710814094775213,0.45228215767634855,0.047031963470319633,0.14947657456667238,0.03672558778101939,0.0832332246438991,0.6869744293804703
06037800328,"Census Tract 8003.28, Los Angeles County, California",2733,105625.0,975,8,2724,211,477,205,975,58,2733,1828,53,413,357,0.008205128205128205,0.07745961820851689,0.429769392033543,0.059487179487179485,0.13062568605927552,0.019392608854738383,0.15111598975484816,0.6688620563483352
06037800329,"Census Tract 8003.29, Los Angeles County, California",6953,94250.0,2591,52,6939,492,963,500,2591,15,6953,5358,174,480,654,0.020069471246622925,0.07090358841331604,0.5192107995846313,0.005789270551910459,0.09406011793470444,0.0250251689918021,0.06903494894290234,0.7706026175751474
06037800330,"Census Tract 8003.30, Los Angeles County, California",882,134250.0,327,17,876,84,50,13,327,0,882,811,8,0,39,0.05198776758409786,0.0958904109589041,0.26,0.0,0.04421768707482993,0.009070294784580499,0.0,0.9195011337868481
06037800331,"Census Tract 8003.31, Los Angeles County, California",732,131375.0,217,0,719,36,59,37,217,0,732,405,7,161,136,0.0,0.05006954102920723,0.6271186440677966,0.0,0.18579234972677597,0.009562841530054645,0.21994535519125682,0.5532786885245902
06037800332,"Census Tract 8003.32, Los Angeles County, California",6543,139145.0,2265,47,6529,425,214,157,2265,17,6543,5039,38,575,526,0.02075055187637969,0.06509419512942258,0.7336448598130841,0.0075055187637969095,0.08039125783279841,0.005807733455601406,0.08788017728870548,0.7701360232309338
06037800406,"Census Tract 8004.06, Los Angeles County, California",2529,145260.0,981,41,2282,202,270,54,981,4,2529,1766,95,88,355,0.0417940876656473,0.08851884312007012,0.2,0.004077471967380225,0.14037168841439304,0.03756425464610518,0.03479636219849743,0.6982997232107553
06037800408,"Census Tract 8004.08, Los Angeles County, California",7274,149026.0,3133,87,7264,334,448,153,3133,93,7274,6017,21,78,836,0.02776891158633897,0.04598017621145375,0.34151785714285715,0.02968400893712097,0.1149298872697278,0.002886994775914215,0.010723123453395655,0.8271927412702778
06037800410,"Census Tract 8004.10, Los Angeles County, California",4031,116190.0,592,8,1599,81,134,55,592,17,4031,2411,177,591,608,0.013513513513513514,0.05065666041275797,0.41044776119402987,0.028716216216216218,0.15083105929049864,0.04390969982634582,0.14661374348796824,0.5981146117588688
06037800504,"Census Tract 8005.04, Los Angeles County, California",2334,168235.0,1150,0,2334,257,416,132,1150,14,2334,2004,60,106,94,0.0,0.11011139674378749,0.3173076923076923,0.01217391304347826,0.04027420736932305,0.02570694087403599,0.04541559554413025,0.8586118251928021
06037800506,"Census Tract 8005.06, Los Angeles County, California",3270,169125.0,1384,75,3270,230,302,97,1384,0,3270,2670,47,243,181,0.054190751445086706,0.07033639143730887,0.3211920529801324,0.0,0.055351681957186545,0.01437308868501529,0.07431192660550459,0.8165137614678899
06037900102,"Census Tract 9001.02, Los Angeles County, California",710,33750.0,274,42,708,236,99,62,274,16,710,325,5,12,316,0.15328467153284672,0.3333333333333333,0.6262626262626263,0.058394160583941604,0.4450704225352113,0.007042253521126761,0.016901408450704224,0.45774647887323944
06037900103,"Census Tract 9001.03, Los Angeles County, California",5939,38188.0,1672,44,5913,2027,688,181,1672,40,5939,2178,614,25,3039,0.02631578947368421,0.34280399120581767,0.26308139534883723,0.023923444976076555,0.5117023067856542,0.10338440814952012,0.004209462872537464,0.36672840545546387
06037900104,"Census Tract 9001.04, Los Angeles County, California",5822,48444.0,1697,67,5822,801,420,214,1697,35,5822,1699,417,39,3595,0.03948143783146729,0.13758158708347648,0.5095238095238095,0.020624631703005304,0.6174854002061148,0.07162487117828925,0.006698728959120577,0.29182411542425285
06037900201,"Census Tract 9002.01, Los Angeles County, California",1129,49625.0,421,0,1129,219,89,22,421,22,1129,542,23,53,471,0.0,0.19397697077059345,0.24719101123595505,0.052256532066508314,0.4171833480956599,0.02037201062887511,0.046944198405668734,0.4800708591674048
06037900300,"Census Tract 9003, Los Angeles County, California",5613,56757.0,1226,32,4711,988,459,149,1226,98,5613,1683,638,491,2549,0.026101141924959218,0.2097219274039482,0.32461873638344224,0.0799347471451876,0.45412435417780156,0.11366470693034028,0.08747550329592019,0.2998396579369321
06037900501,"Census Tract 9005.01, Los Angeles County, California",7225,55166.0,1969,92,7086,1594,931,313,1969,84,7225,1436,1765,319,3463,0.046724225495175215,0.22495060683036974,0.33619763694951665,0.04266124936515998,0.4793079584775087,0.24429065743944636,0.0441522491349481,0.19875432525951556
06037900504,"Census Tract 9005.04, Los Angeles County, California",7261,58949.0,2007,69,7218,1174,764,305,2007,28,7261,1578,1426,422,3731,0.0343796711509716,0.16264893322249932,0.3992146596858639,0.013951170901843548,0.5138410687233164,0.19639168158655831,0.058118716430243765,0.21732543726759398
06037900505,"Census Tract 9005.05, Los Angeles County, California",3427,40556.0,1142,151,3427,994,479,349,1142,18,3427,974,815,79,1466,0.13222416812609458,0.2900496060694485,0.7286012526096033,0.01576182136602452,0.42777939889115846,0.23781733294426613,0.02305223227312518,0.28421359789903705
06037900506,"Census Tract 9005.06, Los Angeles County, California",4188,56290.0,1282,33,4175,1087,615,322,1282,36,4188,681,1465,12,1872,0.02574102964118565,0.2603592814371257,0.5235772357723577,0.028081123244929798,0.4469914040114613,0.34980897803247374,0.0028653295128939827,0.16260744985673353
06037900507,"Census Tract 9005.07, Los Angeles County, California",7333,45196.0,2266,124,7272,1777,1075,551,2266,62,7333,2138,1214,531,3354,0.05472197705207414,0.24436193619361937,0.5125581395348837,0.02736098852603707,0.45738442656484385,0.16555297968089458,0.07241238238101731,0.29155870721396426
06037900508,"Census Tract 9005.08, Los Angeles County, California",4016,71458.0,1049,73,3998,1056,419,238,1049,32,4016,1017,847,62,1911,0.06959008579599618,0.26413206603301653,0.568019093078759,0.030505243088655862,0.47584661354581675,0.21090637450199204,0.015438247011952191,0.2532370517928287
06037900602,"Census Tract 9006.02, Los Angeles County, California",5542,36000.0,1556,86,5542,1343,623,365,1556,83,5542,942,610,67,3776,0.055269922879177376,0.24233128834355827,0.5858747993579454,0.05334190231362468,0.6813424756405629,0.1100685673042223,0.012089498376037532,0.16997473836160232
06037900605,"Census Tract 9006.05, Los Angeles County, California",7539,38965.0,2215,181,7381,2984,817,255,2215,132,7539,1587,1238,34,4618,0.08171557562076749,0.404281262701531,0.31211750305997554,0.059593679458239276,0.6125480833001724,0.16421276031303886,0.004509881947207852,0.21050537206526065
06037900606,"Census Tract 9006.06, Los Angeles County, California",3532,32025.0,1115,125,3532,1296,773,395,1115,57,3532,772,1497,57,1143,0.11210762331838565,0.3669309173272933,0.5109961190168176,0.051121076233183856,0.32361268403171006,0.4238391845979615,0.016138165345413364,0.21857304643261607
06037900607,"Census Tract 9006.07, Los Angeles County, California",3651,39519.0,1160,139,3620,1073,592,349,1160,77,3651,1209,529,128,1725,0.11982758620689656,0.2964088397790055,0.589527027027027,0.06637931034482758,0.4724732949876746,0.14489181046288688,0.03505888797589701,0.3311421528348398
06037900608,"Census Tract 9006.08, Los Angeles County, California",3445,55585.0,984,32,3431,867,409,253,984,53,3445,645,858,155,1718,0.032520325203252036,0.2526960069950452,0.6185819070904646,0.05386178861788618,0.49869375907111757,0.2490566037735849,0.04499274310595065,0.18722786647314948
06037900609,"Census Tract 9006.09, Los Angeles County, California",4978,34306.0,1464,128,4978,1928,821,383,1464,66,4978,650,1502,93,2396,0.08743169398907104,0.3873041382081157,0.46650426309378806,0.045081967213114756,0.4813177983125753,0.301727601446364,0.018682201687424668,0.1305745279228606
06037900701,"Census Tract 9007.01, Los Angeles County, California",5012,39341.0,1715,215,5012,1761,1091,499,1715,64,5012,1473,1458,123,1818,0.12536443148688048,0.3513567438148444,0.45737855178735104,0.037317784256559766,0.3627294493216281,0.290901835594573,0.024541101356743814,0.2938946528332003
06037900703,"Census Tract 9007.03, Los Angeles County, California",4349,40938.0,1750,287,4236,1232,1370,752,1750,78,4349,1054,1332,190,1629,0.164,0.29084041548630785,0.5489051094890511,0.044571428571428574,0.37456886640607034,0.30627730512761553,0.043688204184870086,0.24235456426764773
06037900704,"Census Tract 9007.04, Los Angeles County, California",2910,42330.0,1423,120,2899,564,1388,585,1423,106,2910,693,1279,303,530,0.084328882642305,0.19454984477406,0.4214697406340058,0.07449051300070274,0.18213058419243985,0.4395189003436426,0.10412371134020619,0.2381443298969072
06037900705,"Census Tract 9007.05, Los Angeles County, California",3980,47538.0,1731,142,3949,645,1092,601,1731,120,3980,1782,643,76,1200,0.08203350664355864,0.1633324892377817,0.5503663003663004,0.06932409012131716,0.3015075376884422,0.1615577889447236,0.019095477386934675,0.4477386934673367
06037900803,"Census Tract 9008.03, Los Angeles County, California",8751,56144.0,2428,131,8575,2293,1049,592,2428,114,8751,2852,1371,306,3981,0.05395387149917628,0.2674052478134111,0.5643469971401335,0.04695222405271829,0.4549194377785396,0.1566678093932122,0.03496743229345218,0.3259056107873386
06037900804,"Census Tract 9008.04, Los Angeles County, California",3359,40301.0,1071,122,3343,794,564,303,1071,100,3359,529,779,96,1920,0.11391223155929038,0.23751121746933893,0.5372340425531915,0.09337068160597572,0.5715986900863352,0.23191426019648706,0.02857993450431676,0.1574873474248288
06037900805,"Census Tract 9008.05, Los Angeles County, California",4916,63574.0,1393,72,4492,658,455,236,1393,79,4916,1721,633,76,2354,0.05168700646087581,0.1464826357969724,0.5186813186813187,0.05671213208901651,0.4788445890968267,0.1287632221318145,0.015459723352318959,0.3500813669650122
06037900806,"Census Tract 9008.06, Los Angeles County, California",4634,21604.0,2029,665,4596,1847,1817,1046,2029,139,4634,964,1818,237,1500,0.32774765894529323,0.40187119234116625,0.5756741882223445,0.06850665352390341,0.32369443245576174,0.39231765213638325,0.05114372032801036,0.2080276219249029
06037900900,"Census Tract 9009, Los Angeles County, California",4018,54066.0,1405,35,4018,488,389,167,1405,83,4018,2578,392,63,841,0.02491103202846975,0.1214534594325535,0.42930591259640105,0.05907473309608541,0.20930811348929815,0.0975609756097561,0.0156794425087108,0.6416127426580388
06037901003,"Census Tract 9010.03, Los Angeles County, California",4895,,0,0,0,0,0,0,0,0,4895,578,1448,80,1994,,,,,0.4073544433094995,0.2958120531154239,0.01634320735444331,0.11807967313585291
06037901004,"Census Tract 9010.04, Los Angeles County, California",12463,98694.0,3745,68,12359,696,948,494,3745,65,12463,4933,1600,1068,4651,0.01815754339118825,0.05631523586050651,0.5210970464135021,0.017356475300400534,0.37318462649442347,0.1283800048142502,0.085693653213512,0.3958116023429351
06037901007,"Census Tract 9010.07, Los Angeles County, California",2094,88906.0,637,18,2020,87,183,55,637,31,2094,1144,55,93,625,0.0282574568288854,0.043069306930693066,0.3005464480874317,0.04866562009419152,0.29847182425978985,0.02626552053486151,0.044412607449856735,0.5463228271251194
06037901008,"Census Tract 9010.08, Los Angeles County, California",2744,60147.0,908,12,2738,538,486,201,908,30,2744,1007,365,254,1008,0.013215859030837005,0.1964937910883857,0.41358024691358025,0.03303964757709251,0.3673469387755102,0.13301749271137026,0.09256559766763849,0.36698250728862974
06037901009,"Census Tract 9010.09, Los Angeles County, California",5388,76938.0,1819,87,5388,764,623,291,1819,63,5388,2452,1055,258,1456,0.04782847718526663,0.14179658500371195,0.46709470304975925,0.034634414513468936,0.2702301410541945,0.19580549368968078,0.04788418708240535,0.4550853749072012
06037901010,"Census Tract 9010.10, Los Angeles County, California",5723,59899.0,1814,64,5694,1141,806,326,1814,45,5723,2618,937,122,1944,0.03528114663726571,0.20038637161924833,0.4044665012406948,0.024807056229327454,0.3396819849729163,0.16372531888869474,0.021317490826489604,0.45745238511270314
06037901011,"Census Tract 9010.11, Los Angeles County, California",5314,72917.0,1988,121,5286,905,1059,462,1988,85,5314,2641,584,388,1300,0.06086519114688129,0.1712069617858494,0.43626062322946174,0.04275653923541248,0.2446368084305608,0.10989838163342115,0.07301467820850584,0.4969890854347008
06037901101,"Census Tract 9011.01, Los Angeles County, California",5519,74743.0,1735,48,5508,739,602,387,1735,74,5519,2683,603,362,1613,0.0276657060518732,0.1341684822076979,0.6428571428571429,0.04265129682997118,0.2922630911396992,0.10925892371806487,0.0655915926798333,0.4861387932596485
06037901102,"Census Tract 9011.02, Los Angeles County, California",5337,85450.0,1829,71,5324,530,553,190,1829,20,5337,2840,409,186,1580,0.038819026790595956,0.09954921111945905,0.3435804701627486,0.010934937124111536,0.29604646805321344,0.0766348135656736,0.03485103991006183,0.5321341577665355
06037901205,"Census Tract 9012.05, Los Angeles County, California",10783,76971.0,3720,337,10638,1108,1382,943,3720,50,10783,5023,2139,568,2801,0.09059139784946237,0.10415491633765746,0.6823444283646889,0.013440860215053764,0.2597607344894742,0.19836780116850597,0.052675507743670594,0.465825836965594
06037901209,"Census Tract 9012.09, Los Angeles County, California",1634,63365.0,566,0,1610,152,140,75,566,6,1634,922,55,45,540,0.0,0.09440993788819876,0.5357142857142857,0.01060070671378092,0.33047735618115054,0.033659730722154224,0.027539779681762546,0.5642594859241126
06037901210,"Census Tract 9012.10, Los Angeles County, California",1631,63211.0,639,6,1631,98,143,95,639,25,1631,888,9,61,541,0.009389671361502348,0.060085836909871244,0.6643356643356644,0.03912363067292645,0.33169834457388103,0.005518087063151441,0.03740036787247088,0.5444512568976089
06037901213,"Census Tract 9012.13, Los Angeles County, California",3853,116742.0,1260,33,3818,197,92,52,1260,6,3853,2799,290,188,451,0.02619047619047619,0.05159769512833944,0.5652173913043478,0.004761904761904762,0.11705164806644174,0.07526602647287828,0.048793148196210744,0.7264469244744355
06037910001,"Census Tract 9100.01, Los Angeles County, California",6345,46576.0,1583,43,6345,1532,492,307,1583,223,6345,1117,630,174,4278,0.027163613392293114,0.24144996059889676,0.6239837398373984,0.1408717624763108,0.6742316784869976,0.09929078014184398,0.027423167848699765,0.1760441292356186
06037910002,"Census Tract 9100.02, Los Angeles County, California",7723,46875.0,1984,82,7723,1540,663,471,1984,210,7723,2313,122,0,4995,0.04133064516129032,0.19940437653761492,0.7104072398190046,0.10584677419354839,0.6467693901333679,0.01579697008934352,0.0,0.29949501489058655
06037910101,"Census Tract 9101.01, Los Angeles County, California",1863,44091.0,446,28,1779,555,249,150,446,142,1863,132,303,35,1355,0.06278026905829596,0.31197301854974707,0.6024096385542169,0.3183856502242152,0.7273215244229737,0.16264090177133655,0.01878690284487386,0.07085346215780998
06037910201,"Census Tract 9102.01, Los Angeles County, California",4063,57593.0,1364,115,4063,834,546,262,1364,157,4063,1280,254,153,2190,0.08431085043988269,0.20526704405611618,0.47985347985347987,0.11510263929618768,0.539010583312823,0.0625153827221265,0.03765690376569038,0.31503814915087375
06037910202,"Census Tract 9102.02, Los Angeles County, California",5823,110692.0,1594,64,5823,453,156,69,1594,15,5823,3040,267,604,1690,0.04015056461731493,0.07779495105615662,0.4423076923076923,0.009410288582183186,0.2902284046024386,0.04585265327150953,0.10372660140820883,0.5220676627168126
06037910205,"Census Tract 9102.05, Los Angeles County, California",1225,65431.0,418,1,1225,192,83,30,418,55,1225,382,23,102,635,0.0023923444976076554,0.156734693877551,0.3614457831325301,0.13157894736842105,0.5183673469387755,0.018775510204081632,0.08326530612244898,0.31183673469387757
06037910206,"Census Tract 9102.06, Los Angeles County, California",3776,107344.0,1057,0,3767,306,174,63,1057,27,3776,1079,562,293,1706,0.0,0.08123174940270772,0.3620689655172414,0.02554399243140965,0.4518008474576271,0.14883474576271186,0.07759533898305085,0.2857521186440678
06037910207,"Census Tract 9102.07, Los Angeles County, California",6033,95821.0,1695,38,6033,548,394,99,1695,54,6033,1746,910,628,2510,0.022418879056047197,0.09083374772086855,0.2512690355329949,0.03185840707964602,0.4160450853638323,0.15083706282115034,0.10409414884800265,0.28940825459970165
06037910208,"Census Tract 9102.08, Los Angeles County, California",6210,72619.0,1890,84,6162,615,602,368,1890,56,6210,1360,555,561,3456,0.044444444444444446,0.09980525803310614,0.6112956810631229,0.02962962962962963,0.5565217391304348,0.0893719806763285,0.09033816425120773,0.21900161030595813
06037910209,"Census Tract 9102.09, Los Angeles County, California",5134,104900.0,1356,39,5064,542,244,129,1356,45,5134,2086,807,620,1558,0.028761061946902654,0.10703001579778831,0.5286885245901639,0.033185840707964605,0.30346708219711727,0.1571873782625633,0.12076353720296065,0.40631086871834826
06037910210,"Census Tract 9102.10, Los Angeles County, California",7239,111333.0,2125,49,7184,384,395,183,2125,38,7239,3163,920,643,2425,0.023058823529411764,0.053452115812917596,0.46329113924050636,0.01788235294117647,0.3349910208592347,0.12708937698577152,0.08882442326288162,0.4369388037021688
06037910301,"Census Tract 9103.01, Los Angeles County, California",3874,99943.0,1413,64,3855,169,194,27,1413,0,3874,2269,228,48,1192,0.04529370134465676,0.04383916990920882,0.13917525773195877,0.0,0.3076923076923077,0.05885389778007228,0.0123902942694889,0.5856995353639649
06037910302,"Census Tract 9103.02, Los Angeles County, California",5517,89290.0,1953,59,5504,268,441,121,1953,37,5517,2385,339,265,2302,0.030209933435739886,0.04869186046511628,0.2743764172335601,0.01894521249359959,0.4172557549392786,0.06144643828167482,0.048033351459126336,0.43230016313213704
06037910401,"Census Tract 9104.01, Los Angeles County, California",6359,80750.0,2167,34,6274,290,819,351,2167,41,6359,2184,352,682,2764,0.015689893862482696,0.04622250557857826,0.42857142857142855,0.018920166128287955,0.43465953766315457,0.05535461550558264,0.10724956754206637,0.3434502280232741
06037910402,"Census Tract 9104.02, Los Angeles County, California",3583,27420.0,1007,71,3553,1324,719,490,1007,196,3583,340,432,39,2484,0.070506454816286,0.3726428370391219,0.6815020862308763,0.19463753723932473,0.6932737929109685,0.12056935528886407,0.010884733463578006,0.09489254814401339
06037910403,"Census Tract 9104.03, Los Angeles County, California",2278,25074.0,562,47,2273,1114,517,337,562,191,2278,92,131,33,1967,0.08362989323843416,0.4901011878574571,0.6518375241779497,0.3398576512455516,0.863476733977173,0.05750658472344162,0.014486391571553995,0.04038630377524144
06037910404,"Census Tract 9104.04, Los Angeles County, California",4284,58952.0,1075,33,4274,664,454,246,1075,96,4284,560,432,201,2996,0.030697674418604652,0.15535797847449695,0.5418502202643172,0.08930232558139535,0.6993464052287581,0.10084033613445378,0.0469187675070028,0.13071895424836602
06037910501,"Census Tract 9105.01, Los Angeles County, California",5218,20608.0,2004,497,5218,2439,1958,1296,2004,239,5218,479,1495,96,3113,0.24800399201596807,0.4674204676121119,0.6618998978549541,0.11926147704590818,0.5965887313146799,0.28650824070525105,0.018397853583748562,0.09179762361057876
06037910502,"Census Tract 9105.02, Los Angeles County, California",4537,38784.0,1181,158,4429,1362,802,504,1181,293,4537,287,646,174,3361,0.13378492802709568,0.3075186272296229,0.628428927680798,0.2480948348856901,0.7407978840643598,0.14238483579457792,0.03835133348027331,0.06325765924619793
06037910504,"Census Tract 9105.04, Los Angeles County, California",4254,51082.0,1186,104,4254,1101,449,269,1186,136,4254,620,343,95,3162,0.08768971332209106,0.25881523272214385,0.5991091314031181,0.11467116357504216,0.7433004231311706,0.08062999529854255,0.02233192289609779,0.1457451810061119
06037910505,"Census Tract 9105.05, Los Angeles County, California",3217,68864.0,814,0,3217,391,162,83,814,103,3217,455,78,58,2392,0.0,0.12154180913894932,0.5123456790123457,0.12653562653562653,0.7435498912029841,0.024246192104445136,0.018029219769972023,0.14143612060926328
06037910601,"Census Tract 9106.01, Los Angeles County, California",6726,41563.0,1564,90,6698,1595,443,324,1564,159,6726,807,1087,25,4694,0.05754475703324808,0.23813078530904747,0.7313769751693002,0.10166240409207161,0.6978887897710377,0.1616116562592923,0.0037169194171870353,0.11998215878679751
06037910602,"Census Tract 9106.02, Los Angeles County, California",4433,41538.0,1357,149,4433,1125,800,427,1357,154,4433,735,682,142,2751,0.10980103168754606,0.2537784795849312,0.53375,0.11348563006632277,0.6205729754116851,0.15384615384615385,0.03203248364538687,0.1658019399954884
06037910603,"Census Tract 9106.03, Los Angeles County, California",6928,57824.0,2022,229,6817,1024,865,503,2022,114,6928,1146,828,109,4783,0.1132542037586548,0.15021270353527943,0.5815028901734104,0.05637982195845697,0.6903868360277137,0.1195150115473441,0.01573325635103926,0.16541570438799078
06037910605,"Census Tract 9106.05, Los Angeles County, California",4715,44665.0,1229,46,4695,651,467,255,1229,203,4715,644,428,217,3291,0.03742880390561432,0.13865814696485623,0.5460385438972163,0.16517493897477625,0.6979851537645811,0.09077412513255567,0.046023329798515374,0.13658536585365855
06037910606,"Census Tract 9106.06, Los Angeles County, California",3121,53922.0,795,42,3117,754,274,134,795,84,3121,329,272,188,2276,0.052830188679245285,0.24189926211100418,0.48905109489051096,0.10566037735849057,0.7292534444088433,0.08715155398910605,0.06023710349247036,0.10541493111182314
06037910705,"Census Tract 9107.05, Los Angeles County, California",11613,76219.0,2717,186,11563,1125,460,261,2717,167,11613,1434,1578,394,8153,0.06845785793154215,0.09729309002853931,0.5673913043478261,0.06146485093853515,0.7020580384052355,0.13588220098165849,0.033927495048652376,0.12348230431413072
06037910706,"Census Tract 9107.06, Los Angeles County, California",6301,60094.0,1473,41,6270,807,421,214,1473,177,6301,651,894,265,4424,0.027834351663272233,0.12870813397129185,0.5083135391923991,0.12016293279022404,0.7021107760672909,0.14188224091414062,0.042056816378352645,0.10331693382002857
06037910707,"Census Tract 9107.07, Los Angeles County, California",5420,53646.0,1517,19,5388,1008,659,425,1517,161,5420,850,913,107,3309,0.012524719841793012,0.1870824053452116,0.644916540212443,0.1061305207646671,0.6105166051660517,0.168450184501845,0.01974169741697417,0.15682656826568267
06037910709,"Census Tract 9107.09, Los Angeles County, California",2039,87188.0,532,7,2016,147,47,16,532,0,2039,654,94,26,1248,0.013157894736842105,0.07291666666666667,0.3404255319148936,0.0,0.6120647376164786,0.0461010299166258,0.012751348700343305,0.3207454634624816
06037910711,"Census Tract 9107.11, Los Angeles County, California",7655,62910.0,2199,124,7655,986,527,361,2199,149,7655,1328,747,450,5128,0.05638926784902228,0.12880470280862183,0.6850094876660342,0.06775807185084129,0.6698889614630961,0.09758327890267798,0.05878510777269758,0.173481384715872
06037910712,"Census Tract 9107.12, Los Angeles County, California",2904,70884.0,627,11,2804,224,123,71,627,71,2904,379,446,56,1968,0.017543859649122806,0.07988587731811697,0.5772357723577236,0.11323763955342903,0.6776859504132231,0.15358126721763085,0.01928374655647383,0.13050964187327824
06037910713,"Census Tract 9107.13, Los Angeles County, California",5787,64472.0,1416,17,5711,474,250,145,1416,134,5787,574,663,173,4315,0.012005649717514125,0.08299772369112239,0.58,0.09463276836158192,0.7456367720753413,0.11456713322965267,0.02989459132538448,0.09918783480214273
06037910714,"Census Tract 9107.14, Los Angeles County, California",3870,56652.0,901,34,3863,640,312,225,901,79,3870,253,532,54,2995,0.03773584905660377,0.16567434636293035,0.7211538461538461,0.0876803551609323,0.7739018087855297,0.13746770025839794,0.013953488372093023,0.06537467700258398
06037910715,"Census Tract 9107.15, Los Angeles County, California",6653,55118.0,1880,139,6643,712,586,376,1880,126,6653,802,1257,202,4327,0.07393617021276595,0.10718049074213458,0.6416382252559727,0.06702127659574468,0.6503832857357583,0.18893732150909365,0.030362242597324514,0.12054712159927852
06037910716,"Census Tract 9107.16, Los Angeles County, California",5770,73466.0,1685,42,5694,895,480,332,1685,49,5770,1199,619,171,3697,0.024925816023738872,0.15718299964875307,0.6916666666666667,0.029080118694362018,0.6407279029462738,0.1072790294627383,0.029636048526863086,0.20779896013864818
06037910804,"Census Tract 9108.04, Los Angeles County, California",2964,97326.0,1069,18,2964,208,109,78,1069,41,2964,1994,33,57,869,0.01683816651075772,0.07017543859649122,0.7155963302752294,0.03835360149672591,0.29318488529014847,0.011133603238866396,0.019230769230769232,0.6727395411605938
06037910805,"Census Tract 9108.05, Los Angeles County, California",4722,105263.0,1554,44,4600,481,149,70,1554,36,4722,3502,48,179,850,0.028314028314028315,0.10456521739130435,0.4697986577181208,0.023166023166023165,0.18000847098686998,0.010165184243964422,0.037907666243117324,0.7416349004659043
06037910807,"Census Tract 9108.07, Los Angeles County, California",6424,115685.0,1931,35,6380,339,484,242,1931,55,6424,3162,302,514,2284,0.018125323666494046,0.05313479623824451,0.5,0.02848265147591921,0.35554171855541716,0.04701120797011208,0.08001245330012453,0.4922166874221669
06037910808,"Census Tract 9108.08, Los Angeles County, California",3445,117813.0,1076,11,3445,28,55,49,1076,43,3445,2206,188,19,876,0.010223048327137546,0.008127721335268505,0.8909090909090909,0.039962825278810406,0.2542815674891147,0.054571843251088534,0.0055152394775036286,0.6403483309143686
06037910809,"Census Tract 9108.09, Los Angeles County, California",2070,147639.0,711,24,2070,84,26,6,711,6,2070,1640,14,86,264,0.03375527426160337,0.04057971014492753,0.23076923076923078,0.008438818565400843,0.12753623188405797,0.00676328502415459,0.04154589371980676,0.7922705314009661
06037910810,"Census Tract 9108.10, Los Angeles County, California",2599,147917.0,716,11,2592,112,71,40,716,0,2599,1431,175,263,474,0.015363128491620111,0.043209876543209874,0.5633802816901409,0.0,0.18237783762985763,0.06733358984224702,0.10119276644863409,0.550596383224317
06037910811,"Census Tract 9108.11, Los Angeles County, California",179,121771.0,41,0,129,0,0,0,41,0,179,129,16,0,28,0.0,0.0,,0.0,0.1564245810055866,0.0893854748603352,0.0,0.7206703910614525
06037910812,"Census Tract 9108.12, Los Angeles County, California",363,81563.0,139,4,363,52,21,13,139,12,363,281,0,4,75,0.02877697841726619,0.14325068870523416,0.6190476190476191,0.08633093525179857,0.2066115702479339,0.0,0.011019283746556474,0.7741046831955923
06037910813,"Census Tract 9108.13, Los Angeles County, California",4080,105703.0,1265,8,4067,323,60,15,1265,37,4080,3032,5,111,854,0.006324110671936759,0.07941971969510696,0.25,0.02924901185770751,0.20931372549019608,0.0012254901960784314,0.027205882352941177,0.7431372549019608
06037911001,"Census Tract 9110.01, Los Angeles County, California",3926,53830.0,1516,55,3926,761,365,207,1516,35,3926,1913,175,51,1681,0.036279683377308705,0.19383596535914416,0.5671232876712329,0.02308707124010554,0.42817116658176263,0.0445746306673459,0.012990320937340805,0.48726439123790116
06037920011,"Census Tract 9200.11, Los Angeles County, California",172,67188.0,47,4,90,13,12,4,47,0,172,77,16,0,54,0.0851063829787234,0.14444444444444443,0.3333333333333333,0.0,0.313953488372093,0.09302325581395349,0.0,0.4476744186046512
06037920012,"Census Tract 9200.12, Los Angeles County, California",1111,71591.0,464,0,1095,95,132,53,464,21,1111,818,0,9,214,0.0,0.0867579908675799,0.4015151515151515,0.04525862068965517,0.1926192619261926,0.0,0.008100810081008101,0.7362736273627363
06037920013,"Census Tract 9200.13, Los Angeles County, California",7174,131298.0,2225,49,7174,543,175,49,2225,43,7174,3040,298,1123,2368,0.02202247191011236,0.07568999163646502,0.28,0.019325842696629212,0.3300808475048787,0.04153889043769166,0.15653749651519375,0.42375243936437135
06037920015,"Census Tract 9200.15, Los Angeles County, California",6578,145833.0,2012,65,6572,151,147,81,2012,10,6578,4232,180,478,1520,0.03230616302186879,0.022976262933657943,0.5510204081632653,0.004970178926441352,0.23107327455153542,0.027363940407418668,0.07266646397081179,0.6433566433566433
06037920016,"Census Tract 9200.16, Los Angeles County, California",3563,138125.0,1171,0,3563,46,99,51,1171,5,3563,2041,168,495,755,0.0,0.012910468706146505,0.5151515151515151,0.004269854824935952,0.21190008419870895,0.047151277013752456,0.1389278697726635,0.5728318832444569
06037920017,"Census Tract 9200.17, Los Angeles County, California",4309,113299.0,1251,18,4297,221,245,40,1251,115,4309,2384,7,214,1458,0.014388489208633094,0.05143123109145916,0.16326530612244897,0.09192645883293366,0.33836156880946855,0.0016245068461359943,0.04966349501044326,0.5532606173126016
06037920018,"Census Tract 9200.18, Los Angeles County, California",2024,113750.0,696,6,2024,53,90,54,696,12,2024,1375,61,110,445,0.008620689655172414,0.026185770750988144,0.6,0.017241379310344827,0.2198616600790514,0.030138339920948616,0.05434782608695652,0.6793478260869565
06037920020,"Census Tract 9200.20, Los Angeles County, California",6501,112969.0,1976,17,6493,309,163,90,1976,146,6501,3660,78,475,2042,0.00860323886639676,0.04758971199753581,0.5521472392638037,0.07388663967611336,0.31410552222734966,0.011998154130133826,0.07306568220273804,0.5629903091832026
06037920023,"Census Tract 9200.23, Los Angeles County, California",2615,80580.0,733,22,2615,175,86,39,733,58,2615,1107,130,0,1251,0.030013642564802184,0.06692160611854685,0.45348837209302323,0.0791268758526603,0.47839388145315487,0.0497131931166348,0.0,0.42332695984703633
06037920026,"Census Tract 9200.26, Los Angeles County, California",386,84688.0,101,7,381,126,14,10,101,0,386,234,0,25,80,0.06930693069306931,0.33070866141732286,0.7142857142857143,0.0,0.20725388601036268,0.0,0.06476683937823834,0.6062176165803109
06037920028,"Census Tract 9200.28, Los Angeles County, California",7091,119744.0,2114,43,7091,285,313,223,2114,110,7091,2980,332,1142,2296,0.02034058656575213,0.04019179241291778,0.7124600638977636,0.05203405865657521,0.32379072063178677,0.046819912565223526,0.1610492173177267,0.42025102242278944
06037920029,"Census Tract 9200.29, Los Angeles County, California",5632,75972.0,1855,39,5587,576,797,463,1855,117,5632,2272,282,519,2390,0.021024258760107817,0.10309647395740111,0.5809284818067754,0.06307277628032346,0.42436079545454547,0.05007102272727273,0.09215198863636363,0.4034090909090909
06037920030,"Census Tract 9200.30, Los Angeles County, California",5088,86649.0,1690,0,5088,269,260,178,1690,42,5088,1935,313,591,2073,0.0,0.052869496855345914,0.6846153846153846,0.02485207100591716,0.4074292452830189,0.06151729559748428,0.11615566037735849,0.3803066037735849
06037920031,"Census Tract 9200.31, Los Angeles County, California",4343,65673.0,1994,169,4264,225,219,151,1994,34,4343,2213,219,328,1384,0.08475426278836509,0.05276735459662289,0.6894977168949772,0.017051153460381142,0.31867372783790004,0.050425972829841126,0.07552383145291273,0.509555606723463
06037920032,"Census Tract 9200.32, Los Angeles County, California",3558,139514.0,1031,10,3496,162,50,20,1031,5,3558,2055,115,376,873,0.009699321047526674,0.04633867276887872,0.4,0.004849660523763337,0.24536256323777403,0.03232152894884767,0.10567734682405847,0.5775716694772344
06037920033,"Census Tract 9200.33, Los Angeles County, California",598,61250.0,156,5,598,127,20,8,156,9,598,303,37,8,228,0.03205128205128205,0.21237458193979933,0.4,0.057692307692307696,0.38127090301003347,0.061872909698996656,0.013377926421404682,0.5066889632107023
06037920034,"Census Tract 9200.34, Los Angeles County, California",3790,85637.0,1084,15,3756,404,225,87,1084,103,3790,1425,37,423,1685,0.013837638376383764,0.10756123535676251,0.38666666666666666,0.09501845018450185,0.4445910290237467,0.009762532981530342,0.11160949868073879,0.3759894459102902
06037920035,"Census Tract 9200.35, Los Angeles County, California",6895,76992.0,2127,35,6878,632,437,315,2127,48,6895,2288,95,765,3544,0.016455101081335213,0.09188717650479791,0.7208237986270023,0.022566995768688293,0.5139956490210297,0.013778100072516316,0.11094996374184192,0.3318346627991298
06037920036,"Census Tract 9200.36, Los Angeles County, California",3145,77652.0,928,42,3145,593,332,245,928,97,3145,857,45,170,1961,0.04525862068965517,0.18855325914149443,0.7379518072289156,0.10452586206896551,0.6235294117647059,0.014308426073131956,0.05405405405405406,0.2724960254372019
06037920037,"Census Tract 9200.37, Los Angeles County, California",10318,58868.0,3102,62,10272,2518,2127,1474,3102,722,10318,1803,521,551,7085,0.019987105093488073,0.2451323987538941,0.692994828396803,0.2327530625402966,0.6866640821864702,0.05049428183756542,0.053401822058538474,0.17474316728048073
06037920038,"Census Tract 9200.38, Los Angeles County, California",1710,55606.0,614,51,1710,199,450,295,614,66,1710,553,92,0,940,0.08306188925081433,0.11637426900584795,0.6555555555555556,0.10749185667752444,0.5497076023391813,0.05380116959064327,0.0,0.32339181286549706
06037920039,"Census Tract 9200.39, Los Angeles County, California",2191,126310.0,638,8,2191,87,166,104,638,20,2191,936,246,58,796,0.012539184952978056,0.03970789593792789,0.6265060240963856,0.03134796238244514,0.3633044272021908,0.11227749885896851,0.02647193062528526,0.42720219078046556
06037920040,"Census Tract 9200.40, Los Angeles County, California",3979,99620.0,1241,16,3975,163,396,237,1241,102,3979,1867,201,482,1271,0.0128928283642224,0.041006289308176104,0.5984848484848485,0.0821917808219178,0.3194269917064589,0.050515204825333,0.12113596381000251,0.46921337019351594
06037920041,"Census Tract 9200.41, Los Angeles County, California",1668,85147.0,460,5,1625,187,278,166,460,77,1668,417,42,125,1049,0.010869565217391304,0.11507692307692308,0.5971223021582733,0.1673913043478261,0.6288968824940048,0.025179856115107913,0.0749400479616307,0.25
06037920042,"Census Tract 9200.42, Los Angeles County, California",6990,94706.0,2336,84,6971,529,995,571,2336,162,6990,3014,326,941,2250,0.03595890410958904,0.07588581265241716,0.5738693467336683,0.06934931506849315,0.3218884120171674,0.04663805436337625,0.134620886981402,0.43118741058655224
06037920043,"Census Tract 9200.43, Los Angeles County, California",7130,146310.0,2018,10,7090,319,323,114,2018,76,7130,2761,330,1867,1829,0.004955401387512388,0.044992947813822286,0.35294117647058826,0.03766105054509415,0.2565217391304348,0.04628330995792426,0.261851332398317,0.38723702664796633
06037920044,"Census Tract 9200.44, Los Angeles County, California",2399,98472.0,832,32,2399,75,91,37,832,12,2399,1190,24,277,802,0.038461538461538464,0.03126302626094206,0.4065934065934066,0.014423076923076924,0.3343059608170071,0.010004168403501459,0.11546477699041267,0.496040016673614
06037920045,"Census Tract 9200.45, Los Angeles County, California",4282,141029.0,1342,38,4282,117,150,62,1342,16,4282,2715,102,556,846,0.028315946348733235,0.027323680523120036,0.41333333333333333,0.011922503725782414,0.1975712283979449,0.02382064455861747,0.12984586641756188,0.634049509574965
06037920102,"Census Tract 9201.02, Los Angeles County, California",5466,90214.0,1806,60,5269,278,789,413,1806,100,5466,2692,129,264,1996,0.03322259136212625,0.052761434807363825,0.523447401774398,0.05537098560354374,0.3651664837175265,0.023600439077936335,0.048298572996706916,0.4924990852542993
06037920104,"Census Tract 9201.04, Los Angeles County, California",2933,127625.0,850,10,2927,66,49,16,850,4,2933,1850,31,101,751,0.011764705882352941,0.022548684660061498,0.32653061224489793,0.004705882352941176,0.25605182407091714,0.010569382884418685,0.03443573133310603,0.6307534947153085
06037920106,"Census Tract 9201.06, Los Angeles County, California",3381,89087.0,915,5,3381,138,152,62,915,114,3381,1095,65,95,2095,0.00546448087431694,0.04081632653061224,0.40789473684210525,0.12459016393442623,0.6196391600118308,0.01922508133688258,0.028098195800059154,0.323868677905945
06037920107,"Census Tract 9201.07, Los Angeles County, California",6295,180500.0,1672,32,6295,212,277,123,1672,86,6295,3120,246,1597,1106,0.019138755980861243,0.03367752184273233,0.44404332129963897,0.05143540669856459,0.17569499602859412,0.03907863383637808,0.253693407466243,0.49563145353455124
06037920108,"Census Tract 9201.08, Los Angeles County, California",5386,119289.0,1749,8,5369,508,432,291,1749,18,5386,2194,165,1597,835,0.004574042309891366,0.09461724715962004,0.6736111111111112,0.010291595197255575,0.15503156331229112,0.030634979576680283,0.29650946899368735,0.40735239509840326
06037920109,"Census Tract 9201.09, Los Angeles County, California",5696,112959.0,2079,73,5696,116,668,414,2079,51,5696,3277,407,715,1088,0.03511303511303511,0.020365168539325844,0.6197604790419161,0.024531024531024532,0.19101123595505617,0.07145365168539326,0.12552668539325842,0.5753160112359551
06037920110,"Census Tract 9201.10, Los Angeles County, California",3088,144886.0,981,0,3071,28,284,108,981,33,3088,1937,112,446,536,0.0,0.009117551286225985,0.38028169014084506,0.03363914373088685,0.17357512953367876,0.03626943005181347,0.14443005181347152,0.6272668393782384
06037920111,"Census Tract 9201.11, Los Angeles County, California",2738,107132.0,894,0,2707,82,90,53,894,53,2738,1718,123,150,669,0.0,0.030291835980790542,0.5888888888888889,0.0592841163310962,0.24433893352812272,0.04492330168005844,0.0547845142439737,0.6274653031409788
06037920112,"Census Tract 9201.12, Los Angeles County, California",4211,104559.0,1478,145,4195,187,417,304,1478,25,4211,2648,168,474,760,0.09810554803788904,0.04457687723480334,0.7290167865707434,0.016914749661705007,0.18047969603419614,0.03989551175492757,0.11256233673711707,0.6288292567086203
06037920114,"Census Tract 9201.14, Los Angeles County, California",6518,120536.0,2258,0,6464,441,1091,613,2258,101,6518,3763,166,1098,1268,0.0,0.0682240099009901,0.5618698441796517,0.04472984942426927,0.19453820190242405,0.025467934949370972,0.16845658177355016,0.5773243326173673
06037920115,"Census Tract 9201.15, Los Angeles County, California",3957,117955.0,1518,23,3957,69,399,227,1518,47,3957,2240,92,774,626,0.015151515151515152,0.017437452615617893,0.568922305764411,0.030961791831357048,0.1582006570634319,0.023249936820823856,0.1956027293404094,0.5660854182461461
06037920116,"Census Tract 9201.16, Los Angeles County, California",5481,113720.0,1640,11,5464,357,132,60,1640,16,5481,2974,436,656,1206,0.006707317073170732,0.0653367496339678,0.45454545454545453,0.00975609756097561,0.2200328407224959,0.07954752782338989,0.1196861886517059,0.5426017150155081
06037920118,"Census Tract 9201.18, Los Angeles County, California",6035,126425.0,1803,46,6011,124,166,73,1803,26,6035,3275,212,825,1576,0.025513033832501388,0.02062884711362502,0.4397590361445783,0.014420410427066,0.2611433305716653,0.03512841756420878,0.13670256835128416,0.5426677713338857
06037920119,"Census Tract 9201.19, Los Angeles County, California",1974,142321.0,537,0,1963,153,30,13,537,6,1974,1136,50,217,508,0.0,0.07794192562404482,0.43333333333333335,0.0111731843575419,0.2573454913880446,0.025329280648429583,0.1099290780141844,0.5754812563323202
06037920200,"Census Tract 9202, Los Angeles County, California",5393,,0,0,0,0,0,0,0,0,5393,723,963,67,3206,,,,,0.5944743185610977,0.17856480623029852,0.012423511959948081,0.13406267383645468
06037920303,"Census Tract 9203.03, Los Angeles County, California",1608,95714.0,622,6,1608,189,342,214,622,14,1608,688,8,244,430,0.00964630225080386,0.11753731343283583,0.6257309941520468,0.022508038585209004,0.26741293532338306,0.004975124378109453,0.1517412935323383,0.42786069651741293
06037920312,"Census Tract 9203.12, Los Angeles County, California",5826,79241.0,2101,152,5730,954,1104,715,2101,178,5826,3128,302,343,1840,0.07234650166587339,0.16649214659685863,0.6476449275362319,0.08472156116135174,0.3158256093374528,0.051836594576038446,0.05887401304497082,0.5369035358736698
06037920313,"Census Tract 9203.13, Los Angeles County, California",4821,106974.0,1530,111,4785,540,278,138,1530,50,4821,2570,43,391,1739,0.07254901960784314,0.11285266457680251,0.49640287769784175,0.032679738562091505,0.36071354490769547,0.008919311346193736,0.0811035054967849,0.533084422319021
06037920314,"Census Tract 9203.14, Los Angeles County, California",2920,100956.0,935,8,2920,146,272,125,935,35,2920,1788,49,180,817,0.008556149732620321,0.05,0.45955882352941174,0.0374331550802139,0.2797945205479452,0.01678082191780822,0.06164383561643835,0.6123287671232877
06037920322,"Census Tract 9203.22, Los Angeles County, California",2854,110781.0,996,73,2796,177,208,93,996,42,2854,1896,157,80,589,0.07329317269076305,0.06330472103004292,0.44711538461538464,0.04216867469879518,0.2063770147161878,0.05501051156271899,0.02803083391730904,0.6643307638402243
06037920326,"Census Tract 9203.26, Los Angeles County, California",6324,112317.0,2446,101,6324,287,1227,697,2446,158,6324,3047,354,1619,1167,0.04129190515126738,0.04538266919671094,0.5680521597392013,0.06459525756336877,0.18453510436432638,0.055977229601518026,0.2560088551549652,0.48181530676786843
06037920328,"Census Tract 9203.28, Los Angeles County, California",2036,111042.0,835,30,2036,202,432,184,835,46,2036,1204,42,390,243,0.03592814371257485,0.09921414538310412,0.42592592592592593,0.055089820359281436,0.1193516699410609,0.0206286836935167,0.19155206286836934,0.5913555992141454
06037920329,"Census Tract 9203.29, Los Angeles County, California",7152,91130.0,2942,111,7138,556,1186,583,2942,102,7152,4726,238,565,1295,0.03772943575798776,0.07789296721770804,0.49156829679595276,0.03467029231815092,0.18106823266219238,0.03327740492170023,0.07899888143176734,0.6607941834451901
06037920330,"Census Tract 9203.30, Los Angeles County, California",3225,88571.0,1538,391,3204,306,742,470,1538,0,3225,1868,64,466,743,0.2542262678803641,0.09550561797752809,0.633423180592992,0.0,0.2303875968992248,0.01984496124031008,0.14449612403100776,0.5792248062015504
06037920331,"Census Tract 9203.31, Los Angeles County, California",3482,102225.0,1247,30,3455,131,294,155,1247,20,3482,2007,100,168,978,0.024057738572574178,0.037916063675832126,0.5272108843537415,0.01603849238171612,0.28087306145893165,0.02871912693854107,0.048248133256748996,0.5763928776565193
06037920332,"Census Tract 9203.32, Los Angeles County, California",2438,91667.0,582,4,1676,74,174,71,582,34,2438,1583,12,106,612,0.006872852233676976,0.0441527446300716,0.40804597701149425,0.058419243986254296,0.25102543068088595,0.004922067268252666,0.043478260869565216,0.6493027071369976
06037920334,"Census Tract 9203.34, Los Angeles County, California",6217,87273.0,2184,262,5708,565,813,453,2184,52,6217,3875,155,504,1417,0.11996336996336997,0.09898388227049755,0.5571955719557196,0.023809523809523808,0.22792343574071094,0.024931639054206207,0.08106803924722535,0.6232909763551552
06037920336,"Census Tract 9203.36, Los Angeles County, California",6881,56912.0,1644,86,6865,1483,1185,637,1644,498,6881,1050,26,244,5268,0.052311435523114354,0.2160233066278223,0.5375527426160338,0.3029197080291971,0.7655863973259701,0.0037785205638715303,0.03545996221479436,0.1525940996948118
06037920337,"Census Tract 9203.37, Los Angeles County, California",6943,56297.0,1915,17,6943,1418,1386,907,1915,437,6943,977,419,684,4722,0.008877284595300261,0.20423448077200057,0.6544011544011544,0.22819843342036553,0.6801094627682558,0.06034855249891977,0.09851649143021748,0.14071726919199193
06037920338,"Census Tract 9203.38, Los Angeles County, California",5711,156776.0,1741,28,5697,375,186,94,1741,0,5711,3038,245,1143,819,0.016082711085583,0.06582411795681938,0.5053763440860215,0.0,0.14340745928909124,0.042899667308702503,0.20014008054631413,0.531955874627911
06037920339,"Census Tract 9203.39, Los Angeles County, California",7420,143047.0,2383,20,7420,381,591,356,2383,94,7420,3821,135,1952,884,0.00839278220730172,0.051347708894878705,0.6023688663282571,0.03944607637431809,0.11913746630727763,0.018194070080862535,0.26307277628032344,0.5149595687331536
06037930101,"Census Tract 9301.01, Los Angeles County, California",90,149063.0,35,0,90,0,11,0,35,0,90,64,0,15,0,0.0,0.0,0.0,0.0,0.0,0.0,0.16666666666666666,0.7111111111111111
06037930200,"Census Tract 9302, Los Angeles County, California",461,85972.0,147,11,461,143,26,20,147,0,461,244,24,13,175,0.07482993197278912,0.31019522776572667,0.7692307692307693,0.0,0.3796095444685466,0.052060737527114966,0.028199566160520606,0.5292841648590022
06037930301,"Census Tract 9303.01, Los Angeles County, California",796,84219.0,195,9,547,94,19,0,195,0,796,446,65,14,185,0.046153846153846156,0.17184643510054845,0.0,0.0,0.23241206030150754,0.08165829145728644,0.017587939698492462,0.5603015075376885
06037980001,"Census Tract 9800.01, Los Angeles County, California",0,,0,0,0,0,0,0,0,0,0,0,0,0,0,,,,,,,,
06037980002,"Census Tract 9800.02, Los Angeles County, California",0,,0,0,0,0,0,0,0,0,0,0,0,0,0,,,,,,,,
06037980003,"Census Tract 9800.03, Los Angeles County, California",0,,0,0,0,0,0,0,0,0,0,0,0,0,0,,,,,,,,
06037980004,"Census Tract 9800.04, Los Angeles County, California",0,,0,0,0,0,0,0,0,0,0,0,0,0,0,,,,,,,,
06037980005,"Census Tract 9800.05, Los Angeles County, California",0,,0,0,0,0,0,0,0,0,0,0,0,0,0,,,,,,,,
06037980006,"Census Tract 9800.06, Los Angeles County, California",0,,0,0,0,0,0,0,0,0,0,0,0,0,0,,,,,,,,
06037980007,"Census Tract 9800.07, Los Angeles County, California",0,,0,0,0,0,0,0,0,0,0,0,0,0,0,,,,,,,,
06037980008,"Census Tract 9800.08, Los Angeles County, California",68,,17,0,68,0,17,17,17,0,68,0,0,0,68,0.0,0.0,1.0,0.0,1.0,0.0,0.0,0.0
06037980009,"Census Tract 9800.09, Los Angeles County, California",5,,0,0,0,0,0,0,0,0,5,0,0,1,4,,,,,0.8,0.0,0.2,0.0
06037980010,"Census Tract 9800.10, Los Angeles County, California",95,19167.0,56,11,95,36,32,22,56,5,95,24,1,37,33,0.19642857142857142,0.37894736842105264,0.6875,0.08928571428571429,0.3473684210526316,0.010526315789473684,0.3894736842105263,0.25263157894736843
06037980013,"Census Tract 9800.13, Los Angeles County, California",0,,0,0,0,0,0,0,0,0,0,0,0,0,0,,,,,,,,
06037980014,"Census Tract 9800.14, Los Angeles County, California",9,,5,0,9,0,5,0,5,0,9,4,0,0,5,0.0,0.0,0.0,0.0,0.5555555555555556,0.0,0.0,0.4444444444444444
06037980015,"Census Tract 9800.15, Los Angeles County, California",671,66000.0,350,19,653,75,350,172,350,44,671,63,238,132,191,0.054285714285714284,0.11485451761102604,0.49142857142857144,0.12571428571428572,0.2846497764530551,0.35469448584202684,0.19672131147540983,0.09388971684053651
06037980018,"Census Tract 9800.18, Los Angeles County, California",0,,0,0,0,0,0,0,0,0,0,0,0,0,0,,,,,,,,
06037980019,"Census Tract 9800.19, Los Angeles County, California",138,231250.0,65,0,138,6,12,4,65,0,138,114,0,20,0,0.0,0.043478260869565216,0.3333333333333333,0.0,0.0,0.0,0.14492753623188406,0.8260869565217391
06037980020,"Census Tract 9800.20, Los Angeles County, California",0,,0,0,0,0,0,0,0,0,0,0,0,0,0,,,,,,,,
06037980021,"Census Tract 9800.21, Los Angeles County, California",33,,8,0,33,0,0,0,8,0,33,4,0,14,15,0.0,0.0,,0.0,0.45454545454545453,0.0,0.42424242424242425,0.12121212121212122
06037980022,"Census Tract 9800.22, Los Angeles County, California",0,,0,0,0,0,0,0,0,0,0,0,0,0,0,,,,,,,,
06037980023,"Census Tract 9800.23, Los Angeles County, California",0,,0,0,0,0,0,0,0,0,0,0,0,0,0,,,,,,,,
06037980024,"Census Tract 9800.24, Los Angeles County, California",223,150250.0,75,4,223,8,24,4,75,0,223,136,16,11,54,0.05333333333333334,0.03587443946188341,0.16666666666666666,0.0,0.242152466367713,0.07174887892376682,0.04932735426008968,0.6098654708520179
06037980025,"Census Tract 9800.25, Los Angeles County, California",0,,0,0,0,0,0,0,0,0,0,0,0,0,0,,,,,,,,
06037980026,"Census Tract 9800.26, Los Angeles County, California",26,,4,0,9,0,0,0,4,0,26,7,11,0,7,0.0,0.0,,0.0,0.2692307692307692,0.4230769230769231,0.0,0.2692307692307692
06037980028,"Census Tract 9800.28, Los Angeles County, California",0,,0,0,0,0,0,0,0,0,0,0,0,0,0,,,,,,,,
06037980030,"Census Tract 9800.30, Los Angeles County, California",0,,0,0,0,0,0,0,0,0,0,0,0,0,0,,,,,,,,
06037980031,"Census Tract 9800.31, Los Angeles County, California",1175,,24,0,49,0,24,19,24,0,1175,393,232,36,387,0.0,0.0,0.7916666666666666,0.0,0.3293617021276596,0.1974468085106383,0.030638297872340424,0.334468085106383
06037980033,"Census Tract 9800.33, Los Angeles County, California",16,,16,0,16,16,16,16,16,0,16,0,0,0,0,0.0,1.0,1.0,0.0,0.0,0.0,0.0,0.0
06037990100,"Census Tract 9901, Los Angeles County, California",0,,0,0,0,0,0,0,0,0,0,0,0,0,0,,,,,,,,
06037990200,"Census Tract 9902, Los Angeles County, California",0,,0,0,0,0,0,0,0,0,0,0,0,0,0,,,,,,,,
06037990300,"Census Tract 9903, Los Angeles County, California",0,,0,0,0,0,0,0,0,0,0,0,0,0,0,,,,,,,,
