geoid10,ces_score,ces_percentile,ces_decile,pollution_pctile,popchar_pctile,total_pop_acs2019
06037101110,23.8123106177513,46.2808875441251,5,29.0728064716864,55.6858295511851,4283
06037101122,13.1691830927504,20.839636913767,3,19.5021779713752,25.441250630358,3405
06037101210,26.1123745296661,51.1346444780635,6,28.4007467330429,64.6243066061523,6347
06037101220,30.6428279500518,59.947049924357,6,36.6521468574984,71.482602118003,3702
06037101300,19.8573083282636,37.1533030761473,4,55.7311761045426,27.6096822995461,3884
06037101400,27.0697779959916,53.1770045385779,6,61.3192283758556,44.112455874937,3458
06037102103,33.59478120157,65.1664145234493,7,74.1132545115121,52.8240040342915,1763
06037102104,31.9066493468992,62.2541603630862,7,94.1754822650902,35.3252647503782,3721
06037102105,47.8154390008163,85.2748361069087,9,98.5812072184194,55.4841149773071,1905
06037102107,34.9458420594881,67.4609178013112,7,83.2856253889234,49.8487140695915,4349
06037103101,19.6284587674524,36.5607665153807,4,33.9763534536403,38.1492687846697,2428
06037103102,25.7969841613302,50.5799293998991,6,34.1132545115121,57.8416540595058,4734
06037103200,30.6472212847639,59.9722642460918,6,70.0435594275047,48.0837115481594,6349
06037103300,19.5229381087372,36.2581946545638,4,54.6484131922838,27.2062531517902,3781
06037103400,21.3011792414592,40.5446293494705,5,52.9184816428127,33.2829046898638,6416
06037104103,35.3928138419885,68.166918809884,7,73.3291848164281,56.9591527987897,3431
06037104105,40.1179960583544,75.1512859304085,8,57.4113254511512,80.0680786686838,6054
06037104108,38.7682366702126,73.171961674231,8,73.1176104542626,65.4563792233989,6001
06037104124,29.7853722574606,58.2829046898638,6,52.4953329184816,56.4926878466969,3875
06037104201,47.2459393188177,84.7327281896117,9,88.8114499066584,70.9657085224407,4569
06037104203,42.7442934247152,79.0721129601614,8,68.823895457374,77.8870398386283,5441
06037104204,42.9080284005957,79.3368633383762,8,80.4107031736154,69.7302067574382,3679
06037104310,56.8591450723015,93.8350983358548,10,97.2993154947106,75.0630358043369,4962
06037104320,57.5266256893941,94.2259203227433,10,94.6857498444306,82.0600100857287,5292
06037104401,63.2579226274817,97.2012102874433,10,96.0547604231487,88.6913767019667,3270
06037104403,58.9018620904871,95.0579929399899,10,90.5787181082763,89.8890569843671,3341
06037104404,58.4051241882596,94.7175995965708,10,87.8904791537025,91.981845688351,3084
06037104500,54.8896265391503,92.4735249621785,10,85.9987554449284,88.2753403933434,3025
06037104610,50.2495710517948,88.1870902672718,9,82.1779713752334,83.1064044377206,3386
06037104620,49.1912024034281,87.0020171457388,9,76.5276913503423,85.5774079677257,3528
06037104701,58.7732242473237,94.9571356530509,10,83.7710018668326,95.4236006051437,4402
06037104703,74.9790870230399,99.6596066565809,10,98.7554449284381,95.6883509833585,2174
06037104704,50.5187024236435,88.4266263237519,9,90.392034847542,75.642965204236,4321
06037104810,58.6860322474571,94.8940998487141,10,97.1001866832607,78.7191124558749,5631
06037104821,50.4701145274457,88.363590519415,9,94.0385812072184,70.5622793746848,3551
06037104822,58.9632691914402,95.0832072617247,10,97.2121966397013,78.9460413514877,2839
06037106010,23.9638072628895,46.7095310136157,5,35.3827006845053,51.4750378214826,3093
06037106020,27.5158851744836,53.9838628340898,6,41.3316739265712,57.7786182551689,5420
06037106111,18.0876826736272,32.9551185073122,4,17.4859987554449,46.78517397882,4191
06037106112,33.8925483485737,65.6580937972768,7,78.1331673926571,51.1220373171962,5611
06037106113,36.0863683679112,69.3015632879476,7,65.5133789670193,64.2586989409985,3697
06037106114,39.4136117967265,73.9914271306102,8,73.0429371499689,66.7927382753404,6324
06037106403,26.2251524069806,51.3615733736763,6,41.2072184194151,54.1099344427635,3667
06037106405,35.4066918599777,68.1921331316188,7,59.5146235220909,66.679273827534,4758
06037106406,34.1200462896953,66.0741301059002,7,60.6596141879278,62.5693393847706,5839
06037106407,41.5801081188696,77.4331820474029,8,48.7616677037959,90.3429147755925,3119
06037106408,30.3996577131029,59.4931921331316,6,48.5003111387679,61.2077660110943,3667
06037106510,38.8678990707565,73.2854261220373,8,83.4723086496577,58.0055471507816,5618
06037106520,49.9264206865672,87.7710539586485,9,89.2221530802738,76.0463943519919,5920
06037106603,17.0133065151981,30.4967221381745,4,58.1456129433727,19.2889561270802,3156
06037106604,56.5600543885882,93.6838124054463,10,94.7977598008712,80.3076147251639,5068
06037106641,19.5761453051892,36.4220877458396,4,21.9041692594897,47.9198184568835,2372
06037106642,26.8106275369541,52.6601109430156,6,54.3995021779714,47.2516389309128,2961
06037106643,19.5323749225643,36.2834089762985,4,45.5258245177349,31.6061522945033,4577
06037106645,20.766419199097,39.4604135148764,4,38.7927815805849,39.0569843671205,3650
06037106646,29.6158391804976,58.0307614725164,6,66.5712507778469,47.6046394351992,3161
06037106648,40.4648298308679,75.7942511346445,8,80.883634100809,63.7291981845688,4546
06037106649,36.3413326455101,69.654563792234,7,82.5637834474175,53.5930408472012,2661
06037107010,36.2969863242739,69.5789208270298,7,53.105164903547,74.0922844175492,3141
06037107020,29.5429792717803,57.91729702471,6,61.3441194772869,50.2647503782148,5317
06037108101,22.0057726981546,42.1709531013616,5,40.099564405725,42.0196671709531,2327
06037108102,20.6645240474978,39.2334846192637,4,37.2495332918482,39.649520927886996,3552
06037108103,17.4796758684292,31.4800806858296,4,31.3254511512134,33.0937972768533,3099
06037108104,9.06656194041002,10.7286938981341,2,20.4978220286248,10.8169440242057,1836
06037108201,13.9509434781743,22.8441754916793,3,39.639079029247,17.7508825012607,5460
06037108202,22.6228231248326,43.5451336359052,5,36.3783447417548,46.3313161875946,7487
06037109100,41.9715845336412,77.9878971255673,8,78.8176726820162,68.9359556227937,2797
06037109200,22.7245801791009,43.8350983358548,5,74.4866210329807,27.0927887039839,2846
06037109300,30.3351312768627,59.3419062027232,6,71.5992532669571,46.4195663136662,2962
06037109400,34.969333149912,67.5113464447806,7,59.8257622899813,65.5068078668684,3903
06037109500,63.1544218771323,97.1507816439738,10,95.6440572495333,89.1956631366616,4832
06037109601,30.6775735742814,60.0605143721634,7,53.0678282514001,58.6737266767524,4945
06037109603,36.8265074534151,70.3353504790721,8,63.5096453018046,67.5491679273828,4297
06037109604,33.6884242723042,65.2672718103883,7,62.190416925949,60.4639435199193,3195
06037109700,22.5379403013161,43.368633383762,5,64.4181705040448,30.8749369641957,4616
06037109800,26.3055618829819,51.4624306606152,6,57.2246421904169,44.3645990922844,5534
06037111100,31.4918012171923,61.4851235501765,7,60.8462974486621,55.2950075642965,3179
06037111201,27.9496348401847,54.8537569339385,6,75.3204729309272,38.9056984367121,3628
06037111202,25.5859700579316,50.0756429652042,6,54.0136901057872,44.3015632879476,5169
06037111204,17.8074609856048,32.2617246596067,4,48.0149346608587,25.1765002521432,6114
06037111205,29.2513171645872,57.3625819465456,6,57.0504044803983,52.2440746343923,3869
06037111206,18.9819832184439,35.1109430156329,4,77.4984443061606,17.7887039838628,4379
06037111301,27.1549394534901,53.3535047907211,6,59.4026135656503,45.2344931921331,7552
06037111302,35.5438846792762,68.469490670701,7,57.3366521468575,68.709026727181,5163
06037111400,25.0562215422203,48.8275340393343,5,44.6421904169259,48.3610690872416,8735
06037113101,25.2378490902515,49.3318204740293,5,61.667703795893,38.9687342410489,3719
06037113102,25.0489786288745,48.814926878467,5,55.6813939016802,41.6666666666667,3021
06037113211,19.7315156305297,36.8381240544629,4,58.69321717486,25.7690368129097,4109
06037113212,22.9860745059605,44.4780635400908,5,37.4611076540137,46.886031265759,3494
06037113213,23.4526122513346,45.4866364094806,5,44.6546359676416,43.6838124054463,5248
06037113231,22.950367184318,44.351991931417,5,39.8879900435594,45.196671709531,2303
06037113232,22.6644934001795,43.6081694402421,5,74.6484131922838,26.8532526475038,4315
06037113233,44.8268050362311,81.7826525466465,9,85.3391412570006,69.6797781139687,7345
06037113234,36.9019363136303,70.4236006051437,8,72.2713130056005,61.4851235501765,4823
06037113235,14.9819901603044,25.542107917297,3,29.4088363410081,25.2521432173475,1824
06037113237,36.7905605893532,70.29752899647,8,64.6172993154947,66.4901664145234,4194
06037113301,31.6984920653101,61.8255168935956,7,67.4673304293715,52.2692889561271,3509
06037113303,32.459417789181,63.2375189107413,7,89.869321717486,39.9899142713061,4191
06037113321,39.7122665998464,74.5461422087746,8,62.874922215308,74.9243570347958,6180
06037113322,20.3045970290451,38.2501260716087,4,57.9589296826385,27.6853252647504,4572
06037113401,42.000108708586,78.0383257690368,8,92.7940261356565,55.8749369641957,6550
06037113421,43.0711809182483,79.6142208774584,8,89.4835096453018,62.0272314674735,6879
06037113422,38.5813462921264,72.9954614220877,8,72.8562538892346,65.1916288451841,6306
06037115101,25.9462505746089,50.8951084215835,6,72.1219663970131,35.9556227937468,5083
06037115103,,,,70.7778469197262,,3381
06037115104,43.1231140318943,79.6646495209279,8,73.2918481642813,75.100857286939,4377
06037115201,31.4341648356394,61.3212304589007,7,65.065339141257,53.0005042864347,6647
06037115202,42.0071233677913,78.0509329299042,8,89.4586185438706,59.9722642460918,5684
06037115301,34.5854136498157,66.8683812405446,7,61.7050404480398,62.9349470499244,4524
06037115302,53.3160438575648,91.1623802319718,10,76.7268201617922,92.7382753403933,3957
06037115401,41.8049607050906,77.7987897125567,8,92.5948973242066,55.7614725163893,6373
06037115403,49.9725843730141,87.8466969238527,9,88.5003111387679,76.828038325769,3583
06037115404,48.8780608263784,86.6111951588502,9,85.7996266334785,77.3827534039334,2800
06037117101,40.221950636510996,75.3277861825517,8,64.7293092719353,74.7604639435199,5224
06037117102,31.9375507761959,62.3298033282905,7,53.4038581207218,61.9137670196672,2861
06037117201,44.7059270527536,81.6187594553707,9,74.1754822650902,78.1896116994453,5191
06037117202,35.0873307484037,67.7130610186586,7,63.3105164903547,63.1366616238023,2633
06037117301,28.8572552336536,56.6691880988401,6,46.3472308649658,58.2072617246596,3910
06037117302,36.4434680146611,69.8058497226425,7,88.2140634723087,49.3444276348966,5229
06037117303,45.7697182988864,82.9677256681795,9,94.7230864965775,60.7791225416036,3754
06037117404,41.169921688926,76.8784669692385,8,91.2383322962041,55.9631870902673,5324
06037117405,51.6735270755102,89.6621280887544,9,77.1001866832607,89.649520927887,3574
06037117407,51.9746059729246,90.0025214321735,10,79.8133167392657,88.4140191628845,3836
06037117408,68.9578570982497,98.8779626828038,10,92.1593030491599,98.8653555219365,3073
06037117510,43.1846045021863,79.7907211296016,8,73.9887990043559,74.8108925869894,3687
06037117520,56.5486251572332,93.6333837619768,10,75.4075917859365,97.2894604135149,4168
06037117530,52.641764713809,90.6202723146747,10,79.2283758556316,89.7755925365608,6742
06037119001,59.3072659396778,95.2344931921331,10,97.0504044803983,79.7907211296016,4435
06037119002,55.4049825245729,92.8769541099344,10,97.125077784692,72.8441754916793,7976
06037119201,41.3539031934662,77.2062531517902,8,62.5388923459863,79.3116490166415,4547
06037119202,45.6255356400548,82.7660110943016,9,86.3845675171126,70.29752899647,4759
06037119310,27.379660202145,53.7191124558749,6,44.5301804604854,55.005042864347,4087
06037119320,46.8693739169533,84.2536560766515,9,63.9701306782825,89.7881996974281,4906
06037119340,49.9179888778964,87.7584467977811,9,62.2401991288114,95.9026727181039,4264
06037119341,40.523169876904,75.9077155824508,8,65.8618543870566,74.8234997478568,2890
06037119342,48.6715994032435,86.3464447806354,9,62.6509023024269,93.9989914271306,2911
06037119400,46.4760163787881,83.8376197680282,9,68.562538892346,86.0186585980837,5499
06037119700,31.9717577375672,62.3676248108926,7,84.5675171126322,42.7887039838628,4913
06037119800,42.9270823556262,79.3746848209783,8,81.4312383322962,68.9611699445285,6054
06037119900,46.7618750035242,84.1023701462431,9,77.5980087118855,79.9924357034796,5245
06037120010,68.4345230332911,98.7392839132627,10,94.6235220908525,96.7095310136157,2704
06037120020,70.3290027519602,99.155320221886,10,92.8189172370877,99.2057488653555,3872
06037120030,57.8169106726189,94.4150277357539,10,92.3708774113255,86.1195158850227,2666
06037120103,56.7892939584089,93.7846696923853,10,64.8662103298071,99.798285426122,3452
06037120104,54.9278367723931,92.4987392839133,10,74.8724331051649,95.8522440746344,2228
06037120105,51.9971745693943,90.0277357539082,10,79.9875544492844,88.2879475542108,2832
06037120106,55.1381176223659,92.6374180534544,10,76.4405724953329,95.3605648008069,4763
06037120107,59.79996976573,95.5748865355522,10,73.1549471064095,99.5713565305093,3893
06037120108,54.4067964122362,92.0574886535552,10,68.03982576229,98.1845688350983,4732
06037120300,59.6885385371501,95.5370650529501,10,92.0721841941506,89.4351991931417,5238
06037120400,52.8307495539203,90.7337367624811,10,82.3148724331052,87.8719112455875,6769
06037121010,54.8448992057367,92.3978819969743,10,93.6901057871811,79.2738275340393,4934
06037121020,62.6635986371281,96.8986384266263,10,93.3042937149969,92.3474533535048,3610
06037121101,52.5961262011218,90.59505799294,10,91.3627878033603,78.6434694906707,2862
06037121102,46.9944960694946,84.4301563287948,9,98.0958307405103,55.4210791729702,2479
06037121210,42.5358717777011,78.7191124558749,8,97.4984443061606,49.1679273827534,2926
06037121221,49.6132815646588,87.4432677760968,9,95.818294959552,66.036308623298,2420
06037121222,68.6459687537103,98.7897125567322,10,98.0584940883634,90.7337367624811,5139
06037121600,53.0875828040164,90.9480584972264,10,96.8014934660859,70.1336359051942,2735
06037121801,45.6977824578704,82.8542612203732,9,70.6285003111388,82.7786182551689,3127
06037121802,59.3856743686468,95.29752899647,10,89.9439950217797,91.5279878971256,3216
06037121900,68.1779766748769,98.6636409480585,10,96.5650280024891,94.0746343923348,3761
06037122000,59.4478735386768,95.3353504790721,10,98.070939639079,77.1180030257186,5892
06037122120,47.6708258928929,85.0983358547655,9,83.6963285625389,76.6389309127585,5011
06037122121,57.7057782106903,94.351991931417,10,92.3957685127567,85.8799798285426,2829
06037122122,62.1399975844065,96.5708522440746,10,98.0087118855009,81.4044377206253,2728
06037122200,58.7920149491334,94.9697428139183,10,98.8176726820162,73.0837115481594,3469
06037122410,70.0395522529101,99.0922844175492,10,92.9807093963908,98.9788199697428,3457
06037122420,67.8579398175641,98.5501765002521,10,94.0136901057872,96.7599596570852,4503
06037123010,53.4176079943388,91.2632375189107,10,92.2464219041693,78.9082198688855,4027
06037123020,58.7156068674557,94.9319213313162,10,90.9271935283136,89.3595562279375,3250
06037123103,56.6626682234212,93.7216338880484,10,91.4499066583696,85.5143721633888,3808
06037123104,36.2261520124773,69.4780635400908,7,70.8400746733043,60.8799798285426,4416
06037123203,54.617788722927,92.2339889056984,10,93.2918481642813,79.4629349470499,4094
06037123204,50.9361976883626,88.7796268280383,9,86.471686372122,80.4841149773071,3129
06037123205,56.5197285228709,93.5955622793747,10,91.5992532669571,84.9974785678265,2492
06037123206,58.3046189741118,94.6419566313666,10,94.2377100186683,83.963691376702,2572
06037123301,57.7440856969929,94.3645990922844,10,93.26695706285,84.6570852244075,4530
06037123303,65.226432409371,97.8946041351488,10,94.1132545115121,94.3267776096823,3087
06037123304,59.6747536532202,95.499243570348,10,97.3615432482887,79.4881492687847,4362
06037123410,50.8227111646518,88.6913767019667,9,92.1344119477287,74.1805345436208,4181
06037123420,48.2088772706263,85.7539082198689,9,91.4996888612321,70.2218860312658,4408
06037123510,40.3717198562632,75.6303580433686,8,80.9334163036714,63.4770549672214,4795
06037123520,42.9757845831486,79.4629349470499,8,73.105164903547,74.8865355521936,2816
06037123601,31.976934459426,62.38023197176,7,72.7069072806472,49.5335350479072,4803
06037123602,38.6253422851495,73.0458900655572,8,71.3752333540759,66.2632375189107,3659
06037123700,39.5461502480466,74.2183560262229,8,73.0678282514001,67.2592032274332,4435
06037123800,40.8798022397521,76.4120020171457,8,77.5108898568762,67.4357034795764,6018
06037123901,44.0116208517791,80.8497226424609,9,84.2688238954574,68.8603126575895,4696
06037123902,29.0965460571976,57.0347957639939,6,73.3914125700062,42.4104891578417,2668
06037124000,27.3554562361214,53.6560766515381,6,57.6104542626011,46.6464952092789,5219
06037124102,40.3945070756687,75.6681795259707,8,80.522713130056,63.8804841149773,3551
06037124103,58.6676564200139,94.8688855269793,10,83.0242688238955,95.7639939485628,1950
06037124104,51.4683535388867,89.4225920322743,9,71.0516490354698,93.3182047402925,2492
06037124105,36.9698569316501,70.5370650529501,8,64.4555071561917,67.1583459404942,2538
06037124201,53.259657914071,91.0741301059002,10,87.7162414436839,83.4215834594049,3348
06037124203,45.4175653551246,82.476046394352,9,79.5146235220909,75.6177508825013,2384
06037124204,59.2982592740349,95.2218860312658,10,86.6085874299938,94.3141704488149,2192
06037124300,45.9537753230104,83.1694402420575,9,81.1076540136901,75.4664649520928,2988
06037124400,24.0844661226103,46.9238527483611,5,56.07965152458,38.8174483106404,4858
06037124500,28.3841754575453,55.6984367120524,6,58.0336029869322,49.0670700958144,2925
06037124600,33.3711723724938,64.7251638930913,7,70.5911636589919,54.1729702471004,2691
06037124700,24.678575481797,48.1341401916288,5,67.2308649657747,35.3126575895108,5539
06037124902,33.1499692094089,64.309127584468,7,47.4051026757934,70.095814422592,2706
06037124903,32.4816309263475,63.2753403933434,7,46.0983198506534,69.2637418053454,3499
06037125100,29.7340906562179,58.1694402420575,6,63.1985065339141,49.6469994957136,5892
06037125200,35.9593043190863,69.0872415532022,7,88.9981331673927,47.9828542612204,3907
06037125310,45.9640891374041,83.2072617246596,9,87.4548848786559,69.7806354009077,4313
06037125320,49.0726491624951,86.8381240544629,9,87.5793403858121,75.8194654563792,5106
06037125401,32.5855993947145,63.4140191628845,7,83.1736154324829,44.9319213313162,4966
06037125402,32.9301168111162,63.8678769541099,7,81.9539514623522,46.4069591527988,4889
06037125501,41.0898919117714,76.7776096822995,8,89.6577473553205,57.576903681291,3052
06037125502,28.2150732479539,55.345436207766,6,91.176104542626,30.4336863338376,3488
06037125600,33.2723047782257,64.5234493192133,7,94.3497199751089,37.4180534543621,2811
06037127102,60.5734447028232,96.041351487645,10,83.3478531425016,97.3146747352496,5779
06037127103,52.2929008230443,90.3555219364599,10,90.7902924704418,78.6686838124054,3109
06037127104,63.1435306594438,97.1381744831064,10,87.3802115743622,97.428139183056,3821
06037127210,65.3697160134319,97.9324256177509,10,92.5700062227754,96.0791729702471,5838
06037127220,64.9641349705907,97.8189611699445,10,87.2930927193528,98.7771053958649,5045
06037127300,52.0236307041174,90.0781643973777,10,94.8102053515868,72.2516389309127,3809
06037127400,71.8472302501263,99.3192133131619,10,97.6851275668948,95.1714573877963,6558
06037127520,58.5083673021039,94.7932425617751,10,94.411947728687,84.1275844679778,4870
06037127603,50.4519425729715,88.3257690368129,9,70.5413814561294,92.1583459404942,3068
06037127604,54.1910094139994,91.780131114473,10,81.2445550715619,91.036308623298,3157
06037127605,49.6780910206503,87.4810892586989,9,70.1804604853765,91.0110943015633,4329
06037127606,51.4358454440495,89.3721633888048,9,81.3814561294337,86.0564800806858,3322
06037127711,64.0398665453665,97.4911749873928,10,96.9259489732421,87.5441250630358,3588
06037127712,43.4795819734662,80.1059001512859,9,66.5339141257001,81.0262228946041,3560
06037127803,53.409667675335,91.2506303580434,10,73.6901057871811,94.6041351487645,4790
06037127804,47.7595280685298,85.1991931417045,9,60.3982576228998,93.9611699445285,4352
06037127805,46.0000110818779,83.2576903681291,9,69.0728064716864,84.505799293999,3627
06037127806,43.9641193206531,80.7488653555219,9,80.6098319850653,71.5582450832073,3293
06037127910,52.7306602332486,90.6833081190116,10,74.8475420037337,93.0156328794755,5097
06037127920,55.7808441971273,93.0912758446798,10,81.1698817672682,93.4064548663641,4716
06037128101,41.5084936751867,77.3323247604639,8,64.0945861854387,78.4669692385275,3735
06037128102,45.9430119412161,83.1442259203227,9,59.6141879278158,91.3893091275845,4625
06037128210,53.5331130410801,91.3514876449824,10,75.6440572495333,93.7846696923853,5008
06037128220,45.776504828287,82.9929399899143,9,64.4306160547604,87.4432677760968,2912
06037128302,64.2167879634761,97.5542107917297,10,94.5239576851276,92.5743822491175,5000
06037128303,64.468866525229,97.6298537569339,10,87.0815183571873,98.6384266263237,4176
06037128400,51.8966233935769,89.9142713061019,9,98.8052271313006,61.8759455370651,4502
06037128500,36.8909908655126,70.398386283409,8,68.0522713130056,64.5360564800807,4108
06037128601,49.9643931728128,87.8340897629854,9,78.332296204107,85.7160867372668,4369
06037128602,29.4836830527378,57.7786182551689,6,54.2874922215308,54.5133635905194,3472
06037128702,26.9568578776242,52.9374684820978,6,66.9321717485999,40.7589510842158,5810
06037128801,34.1787749083,66.2128088754413,7,75.6316116988177,53.2022188603127,3419
06037128802,23.5126708332448,45.6001008572869,5,75.2955818294959,28.4669692385275,4670
06037128910,33.7075092512738,65.3177004538578,7,76.0049782202862,51.8910741301059,4657
06037131010,47.5265693024278,84.9848714069591,9,76.6521468574985,82.1860816944024,6686
06037131020,57.5109450973001,94.2133131618759,10,86.8326073428749,91.6414523449319,6704
06037131100,46.3695431891956,83.761976802824,9,89.4088363410081,69.0242057488654,3197
06037131200,28.544403359397,55.988401412002,6,53.7523335407592,52.571860816944,3417
06037131300,38.1421055577188,72.3903177004538,8,54.5115121344119,77.6348966212809,5102
06037131400,43.0206409675295,79.5385779122542,8,69.2719352831363,78.21482602118,6367
06037131600,37.5723724496376,71.4321734745335,8,66.4841319228376,67.4104891578417,5336
06037131701,43.3202445373904,79.9420070600101,8,59.6888612321095,85.6782652546647,5587
06037131702,45.4004872732267,82.4508320726172,9,64.3061605476042,86.7120524457892,3770
06037131800,50.065864295517,87.9727685325265,9,79.8630989421282,84.4931921331316,6157
06037131900,37.1075415520626,70.7261724659607,8,68.0273802115744,65.1285930408472,4597
06037132001,51.2402512478687,89.1326273323248,9,86.9819539514624,80.6227937468482,3463
06037132002,49.2006765940524,87.0272314674735,9,92.8686994399502,70.2344931921331,3354
06037132101,42.8243264616954,79.2360060514372,8,85.3142501555694,65.4437720625315,4645
06037132102,57.87288646751,94.452849218356,10,93.0802738021157,85.148764498235,5401
06037132300,49.4178199877083,87.2919818456884,9,83.4349719975109,80.3580433686334,7912
06037132501,43.2464923399499,79.8537569339385,8,56.241443683883,88.2249117498739,4566
06037132502,45.2285615452483,82.2365103378719,9,63.7336652146858,86.7624810892587,3922
06037132700,52.4294575546164,90.4437720625315,10,90.4293714996889,79.3242561775088,4873
06037132900,49.2298137073759,87.077660110943,9,91.9477286869944,71.3313161875946,3885
06037133000,48.1422921210493,85.6656580937973,9,74.4368388301182,84.9848714069591,4778
06037133100,51.7146731342618,89.7125567322239,9,93.9141257000622,72.9576399394856,5609
06037134001,49.800949765681,87.6323751891074,9,74.0385812072184,88.5400907715582,3864
06037134002,36.0909045985036,69.3141704488149,7,69.7697573117611,61.2708018154312,3665
06037134101,42.9400442039193,79.3998991427131,8,56.7766023646546,87.0272314674735,5579
06037134103,40.4462351764839,75.743822491175,8,56.3658991910392,81.6061522945033,4659
06037134104,42.4826238282056,78.6434694906707,8,52.9931549471064,89.0695915279879,4618
06037134201,38.6941492473765,73.1215330307615,8,85.5258245177349,56.0514372163389,4735
06037134302,32.942800501511,63.9309127584468,7,60.2986932171749,59.8966212808875,4112
06037134303,41.0553740934209,76.7397881996974,8,79.0665836963286,66.439737771054,5942
06037134304,41.0523165688926,76.7145738779627,8,70.5040448039826,72.528996469995,3042
06037134305,48.3847585837782,86.0312657589511,9,68.6869943995022,89.548663640948,4183
06037134306,31.9241744238441,62.2919818456883,7,77.5233354075918,46.9490670700958,4305
06037134421,9.8531076810998,12.5315179021684,2,17.1001866832607,14.7755925365608,4234
06037134422,20.4617218812795,38.6031265758951,4,47.5046670815184,33.5728693898134,4924
06037134423,18.7867291359117,34.707513867877,4,31.8855009334163,36.9515885022693,3539
06037134424,16.0137573969044,27.8870398386283,3,9.24704418170504,50.0882501260716,2916
06037134520,53.2034285186053,91.0237014624307,10,81.0952084629745,89.3721633888048,6065
06037134521,51.9980452051116,90.0403429147756,10,76.8014934660859,90.5446293494705,3691
06037134522,55.0140434261839,92.5491679273828,10,79.3154947106409,93.5703479576399,4167
06037134710,52.9325592164695,90.8219868885527,10,71.7610454262601,95.0075642965204,5836
06037134720,50.0093611592792,87.8971255673222,9,76.07965152458,87.38023197176,5074
06037134800,45.6712271359472,82.816439737771,9,77.3490976975731,78.0131114473021,6399
06037134901,35.087618527674,67.725668179526,7,77.1624144368388,54.2486132123046,3140
06037134903,48.4609010751878,86.1195158850227,9,86.3223397635345,76.0337871911246,6919
06037134904,37.2486051852046,70.8774583963691,8,63.2731798382078,68.8729198184569,4043
06037134905,34.9769442179473,67.5617750882501,7,80.3111387678905,52.1684316691881,4552
06037135102,18.7415092753068,34.606656580938,4,61.4561294337274,22.2894604135149,3726
06037135111,28.9047502932653,56.7574382249118,6,78.7305538270068,39.4351991931417,3313
06037135113,26.6212489092197,52.2440746343923,6,52.2588674548849,48.2602118003026,3485
06037135114,35.1895606367036,67.8643469490671,7,80.6720597386434,52.4205748865356,5106
06037135201,14.372345236459,23.9914271306102,3,51.4125700062228,15.1664145234493,2788
06037135202,22.9441264897827,44.3393847705497,5,40.1244555071562,45.095814422592,4708
06037135203,15.6238591347505,26.9541099344428,3,18.2327317983821,36.434694906707,7515
06037137103,30.078032656154,58.8124054462935,6,76.1543248288737,43.4316691880988,5382
06037137104,33.2203517592201,64.4478063540091,7,90.0435594275047,41.3893091275845,2754
06037137201,31.9348321162036,62.3171961674231,7,76.7517112632234,47.428139183056,6029
06037137301,12.93315132635,20.3857791225416,3,26.372121966397,20.1462430660615,2271
06037137302,15.0288960679407,25.6303580433686,3,20.3235843186061,32.1986888552698,4449
06037137401,16.4747796022441,29.0090771558245,3,59.4648413192284,17.5995965708522,4299
06037137402,27.5483768697807,54.0090771558245,6,72.221530802738,39.409984871407,5365
06037137501,29.7678493739002,58.2324760463944,6,75.6689483509645,43.066061522945,4915
06037137502,25.993431311478,50.9833585476551,6,75.0840074673304,34.9092284417549,4549
06037137504,5.80516244791202,4.31164901664145,1,13.0429371499689,4.87897125567322,2155
06037138000,12.2375433549649,18.5325264750378,2,17.38643434972,23.3358547655068,4780
06037139001,31.7099156816817,61.8507312153303,7,89.7573117610454,38.666162380232,5639
06037139200,28.8582202187703,56.6817952597075,6,93.3291848164281,29.9546142208775,5662
06037139301,34.5280965951824,66.7675239536056,7,98.4567517112632,33.761976802824,4445
06037139302,49.2078265287611,87.0524457892083,9,94.8848786558805,67.0196671709531,5000
06037139303,43.7469065555353,80.4336863338376,9,90.2551337896702,62.4180534543621,4260
06037139401,37.2302355794935,70.839636913767,8,89.2719352831363,50.3025718608169,2706
06037139402,25.73084966231,50.4538577912254,6,88.3260734287492,27.2566817952597,2899
06037139502,35.220648505274,67.9021684316692,7,88.3883011823273,46.8734241048916,2917
06037139503,32.9245091810967,63.8426626323752,7,73.366521468575,51.5002521432174,5946
06037139504,49.6932001706251,87.5189107413011,9,87.8282514001245,76.7650025214322,3998
06037139600,32.6394846308848,63.5148764498235,7,82.7380211574362,45.3227433182047,5060
06037139701,13.189104911452599,20.8648512355018,3,86.4343497199751,6.15229450327786,5320
06037139702,12.1776154085958,18.3812405446293,2,68.1642812694462,7.38779626828038,6447
06037139703,15.5901732236158,26.8658598083712,3,35.3453640323584,24.2939989914271,2861
06037139801,20.9517466259403,39.9016641452345,4,27.1686372121966,47.869389813414,3488
06037139802,9.88994334983952,12.6449823499748,2,16.07965152458,15.5824508320726,4126
06037141101,32.0669690327429,62.5063035804337,7,78.1953951462352,46.8608169440242,4674
06037141102,24.6073305038932,47.9828542612204,5,71.96017423771,32.9425113464448,3074
06037141201,24.8058645568009,48.3106404437721,5,76.1667703795893,31.2279374684821,4583
06037141202,18.4775244321238,33.862834089763,4,49.0105787181083,26.828038325769,2674
06037141302,29.2512437333421,57.3499747856783,6,73.7398879900436,42.7382753403933,6037
06037141303,27.4859068895128,53.9082198688855,6,70.7654013690106,40.0277357539082,3477
06037141304,25.719354449862,50.3908219868886,6,72.7566894835096,35.0983358547655,2995
06037141400,18.3335156232392,33.560262228946,4,86.0236465463597,13.8678769541099,5099
06037141500,8.17893334204065,8.88804841149773,1,76.1045426260112,2.09278870398386,2982
06037141600,14.5624129576198,24.4831064044377,3,60.522713130056,13.0484114977307,4178
06037141700,7.46112551676665,7.51386787695411,1,35.2831362787803,4.22339889056984,3161
06037143100,23.073130057393,44.7175995965708,5,95.0342252644679,17.9399899142713,4389
06037143200,31.7569582735313,61.976802824004,7,90.5911636589919,37.9727685325265,4085
06037143300,22.5279131797278,43.3055975794251,5,69.8444306160548,28.3408976298538,6643
06037143400,13.8420563847278,22.5794251134644,3,75.4324828873678,8.98890569843671,7056
06037143500,24.1203507958768,47.0121028744327,5,69.607965152458,32.8164397377711,5482
06037143602,15.6623984770181,27.0045385779122,3,49.8568761667704,18.7594553706505,4769
06037143603,27.0240978801321,53.0761472516389,6,91.7859365276913,27.6222894604135,2392
06037143604,34.7808246681266,67.2213817448311,7,92.8935905413815,41.9440242057489,3720
06037143700,11.944856944388,17.7508825012607,2,90.3049159925327,4.24861321230459,3811
06037143800,15.6917106498909,27.1053958648512,3,81.1574362165526,10.6530509329299,5770
06037143901,12.9136108808339,20.2849218356026,3,50.752955818295,11.9263741805345,4069
06037143902,5.96429341853487,4.58900655572365,1,40.6098319850653,1.81543116490166,2766
06037181000,27.985101271107,54.9167927382753,6,87.3179838207841,32.7660110943016,6458
06037181300,29.1472513266747,57.1356530509329,6,83.9701306782825,37.0398386283409,4059
06037181400,26.1099810375455,51.1094301563288,6,63.1238332296204,40.494200706001,4943
06037181500,23.7658693263765,46.142208774584,5,49.1474797759801,41.8305597579425,3956
06037181600,20.6433749144793,39.1704488149269,4,52.2962041070317,31.6187594553707,4631
06037183101,32.3358991060048,63.0358043368633,7,50.9894212818917,65.1412002017146,3323
06037183103,36.2938497715072,69.5663136661624,7,65.7000622277536,64.750378214826,4355
06037183104,22.3237920992638,42.8139183055976,5,45.7996266334785,39.5738779626828,2146
06037183220,30.6069831074675,59.8587997982854,6,51.6241443683883,59.8335854765507,4155
06037183221,23.4901334022366,45.5622793746848,5,42.61356565028,45.0327786182552,3522
06037183222,23.196912672501,44.9067070095814,5,41.5059116365899,44.8310640443772,3493
06037183300,25.2334727852907,49.3192133131619,5,32.3335407591786,57.7660110943016,3487
06037183401,26.9058140374979,52.8618255168936,6,29.968886123211,65.8724155320222,2531
06037183402,27.6895133528156,54.2990418557741,6,54.7853142501556,49.2435703479576,3006
06037183510,26.4610176150896,51.828038325769,6,36.502800248911,58.3837619768028,2577
06037183520,35.9536909798306,69.0746343923348,7,41.929060360921,82.2365103378719,3758
06037183610,35.6015716828781,68.5577407967726,7,43.2607342874922,80.1689359556228,3215
06037183620,39.5701939116072,74.2435703479576,8,60.784069695084,76.3111447302068,3111
06037183701,30.6456717381547,59.9596570852244,6,63.8705662725576,51.6641452344932,3720
06037183702,29.1276745142995,57.0978315683308,6,65.5756067205974,46.9112455874937,2775
06037183810,40.6659900028255,76.0968229954614,8,55.7809583074051,82.6651538073626,4163
06037183820,38.9717884710864,73.3988905698437,8,62.3273179838208,73.6888552697932,3445
06037185100,19.5899713464509,36.4599092284418,4,58.7429993777225,25.4538577912254,6070
06037185202,33.1067837633189,64.208270297529,7,77.1748599875544,49.7730711043873,3627
06037185203,56.2967791410335,93.4064548663641,10,89.8195395146235,86.7876954109935,3566
06037185204,24.0121773350578,46.7725668179526,5,53.8394523957685,39.8386283408976,1921
06037185310,56.4641373447448,93.5451336359052,10,91.8606098319851,84.4175491679274,3131
06037185320,68.5682285799057,98.7771053958649,10,98.4816428126945,89.409984871407,2991
06037186100,27.883469941799,54.7402924861321,6,73.3416303671438,39.5990922844175,4985
06037186201,18.5347220083743,34.0267271810388,4,50.9520846297449,26.0590015128593,3201
06037186202,23.9309694125258,46.6086737266768,5,53.4287492221531,39.8260211800303,2007
06037186203,15.3507094584024,26.3237518910741,3,25.2022401991288,29.4503277861826,3416
06037186301,55.9741307833873,93.2425617750882,10,94.5115121344119,79.8789712556732,2906
06037186302,41.4079129851356,77.2692889561271,8,86.7828251400124,60.9178013111447,5096
06037186401,64.0459176977218,97.5037821482602,10,98.593652769135,82.6021180030257,3489
06037186403,59.4974227203305,95.3857791225416,10,97.7100186683261,78.2400403429148,2698
06037186404,41.6849456789009,77.6222894604135,8,85.1400124455507,62.9475542107917,2631
06037187101,35.3477934429696,68.066061522945,7,98.2949595519602,35.3756933938477,3438
06037187102,62.452232285167,96.7725668179526,10,99.6639701306783,73.0963187090267,3739
06037187200,39.7097051648183,74.5335350479072,8,99.576851275669,37.6071608673727,2963
06037187300,32.7462318164659,63.6157337367625,7,97.025513378967,33.1946545637922,3597
06037188100,45.5065576412997,82.576903681291,9,99.7510889856876,45.839636913767,3918
06037188201,33.1016771640894,64.1956631366616,7,88.2514001244555,42.5995965708522,3473
06037188202,32.0128587362218,62.4306606152294,7,81.1823273179838,44.9949571356531,2426
06037188300,39.6665021816518,74.4074634392335,8,96.3907902924704,46.5582450832073,3800
06037189101,30.3919379092152,59.4679778113969,6,64.3559427504667,50.6555723651034,2521
06037189102,29.056753488235,56.9591527987897,6,61.3565650280025,48.9283913262733,3356
06037189201,40.5527002632331,75.9455370650529,8,57.2495332918482,81.1522945032779,3216
06037189202,29.9253885297441,58.5224407463439,6,62.2277535780958,50.7942511346445,2396
06037189300,20.9692863357485,39.9646999495714,4,48.8363410080896,34.40494200706,3117
06037189400,9.50587969373481,11.7120524457892,2,35.7062850031114,7.86686838124055,3164
06037189500,25.6085752945484,50.1512859304085,6,70.0560049782203,36.0564800806858,4180
06037189600,24.528803949785,47.8189611699445,5,79.8755444928438,28.8199697428139,3939
06037189701,20.4843509220376,38.7418053454362,4,82.3024268823895,19.2007060010086,3228
06037189702,21.662909497136,41.4271306101866,5,80.8587429993777,22.1129601613717,2201
06037189800,27.7639005594621,54.4377206253152,6,68.9359054138146,41.7044881492688,3833
06037189902,32.7951699871607,63.6787695410993,7,71.2507778469197,52.6475037821483,5371
06037189903,31.190817692442,61.0186585980837,7,46.2850031113877,65.3807362581946,2089
06037189904,25.6341575552501,50.201714573878,6,60.2862476664592,40.7841654059506,2435
06037189905,23.0598826706221,44.6671709531014,5,42.8873677660237,43.5199193141704,2432
06037190100,43.0559269684,79.5890065557237,8,84.9906658369633,66.0993444276349,4453
06037190201,48.3737744269162,86.0186585980837,9,77.909147479776,82.9677256681795,2632
06037190202,35.5291277916046,68.4316691880988,7,69.7573117610454,60.1109430156329,3225
06037190301,33.5728714610355,65.1159858799798,7,74.7106409458619,52.4583963691377,5569
06037190401,41.910552241194,77.9122541603631,8,52.0224019912881,88.8048411497731,2977
06037190402,35.5496762780516,68.4947049924357,7,62.9371499688861,64.6369137670197,2372
06037190510,46.1888639410777,83.4720121028744,9,79.5644057249533,77.2440746343923,4051
06037190520,50.8434971505822,88.7039838628341,9,76.9259489732421,88.5148764498235,3979
06037190700,39.9109929515038,74.8487140695915,8,87.6415681393902,56.7700453857791,2685
06037190801,58.1210664652213,94.5663136661624,10,91.3254511512134,88.1114473020676,2682
06037190802,53.7381836588952,91.4775592536561,10,92.9060360920971,78.5930408472012,2982
06037190901,53.8524168506767,91.5153807362582,10,91.4125700062228,80.6732223903177,4587
06037190902,39.6613465620769,74.3822491174987,8,86.6583696328563,57.1986888552698,3518
06037191000,41.202542178354,76.9415027735754,8,86.0734287492222,61.1447302067574,4454
06037191110,37.9615173165879,72.0625315179022,8,86.6832607342875,53.857791225416,3478
06037191120,49.7194200525192,87.5819465456379,9,90.7280647168637,73.8023197175996,3900
06037191201,42.802194348675,79.1981845688351,8,71.9352831362788,75.5295007564297,4414
06037191203,49.2719646775628,87.1406959152799,9,81.0205351586808,82.2239031770045,2383
06037191204,46.2462383361403,83.5476550680787,9,80.9458618543871,76.2607160867373,2033
06037191301,48.5696027708199,86.2077660110943,9,70.6409458618544,88.666162380232,2224
06037191302,44.6426161320776,81.5431164901664,9,68.6496577473553,82.0978315683308,1947
06037191410,49.3296848325833,87.2037317196167,9,78.7429993777225,84.1401916288452,4646
06037191420,39.5821774341206,74.256177508825,8,84.3186060983198,59.1527987897126,3096
06037191500,59.6009286486621,95.4866364094806,10,90.4667081518357,91.3010590015129,5931
06037191610,51.6795282712992,89.6873424104892,9,84.7417548226509,83.4846192637418,4237
06037191620,58.6318105842319,94.8436712052446,10,82.1281891723709,96.2052445789208,2532
06037191710,37.1980458644338,70.8018154311649,8,69.4461729931549,64.2965204236006,2937
06037191720,51.6428482217758,89.5864851235502,9,78.1580584940884,88.9561270801815,3224
06037191810,59.3266953088378,95.2471003530005,10,93.8021157436217,86.4094805849723,3367
06037191820,39.3687562945409,73.8905698436712,8,87.8406969508401,55.3832576903681,3176
06037191901,29.7593412724378,58.1946545637922,6,94.1257000622278,30.9505799293999,3060
06037191902,22.6238734311261,43.5577407967726,5,92.6695706285003,18.6964195663137,2788
06037192001,28.0524067735728,55.1185073121533,6,83.1985065339141,35.2748361069087,2370
06037192002,24.3566090584341,47.5163893091276,5,62.8126944617299,36.2708018154312,2597
06037192300,23.7275585311961,46.0035300050429,5,75.4947106409459,29.0468986384266,2463
06037192410,27.2788540035523,53.5552193645991,6,60.6969508400747,44.9823499747857,3700
06037192420,39.6728495156044,74.4326777609682,8,64.7790914747978,73.51235501765,4280
06037192510,45.9805367790624,83.2450832072617,9,65.7249533291848,87.0020171457388,3840
06037192520,39.9187418365645,74.8739283913263,8,74.6857498444306,67.08270297529,5269
06037192610,52.3564780922916,90.393343419062,10,88.8736776602365,80.7992939989914,3703
06037192620,57.1266701614818,93.9611699445285,10,85.6627255756067,92.183560262229,3542
06037192700,47.8293796392146,85.2874432677761,9,96.341008089608,61.6616238023197,3449
06037194101,14.97103339887,25.4916792738275,3,54.3746110765401,15.6454866364095,3277
06037194102,12.7870457530532,19.9067070095814,2,43.9079029247044,13.3005547150782,3189
06037194200,11.5603245775829,16.7423096318709,2,59.3901680149347,7.7029752899647,3524
06037194300,6.19442301309486,5.10590015128593,1,45.3018046048538,1.76500252143217,3262
06037194401,13.702472188002,22.2516389309128,3,60.0373366521469,11.4473020675744,2391
06037194402,17.8552321411295,32.4004034291478,4,64.9657747355321,19.1376701966717,3579
06037194500,20.3408906525765,38.363590519415,4,73.2171748599876,21.8986384266263,2019
06037195100,17.3799592486169,31.2279374684821,4,88.0149346608587,11.6994452849218,4978
06037195201,26.5884501405488,52.1936459909228,6,74.7230864965775,36.1321230458901,3128
06037195202,24.7493745110488,48.2349974785678,5,66.2725575606721,35.9304084720121,3304
06037195300,33.4958366799066,64.952092788704,7,76.3036714374611,51.2985375693394,3089
06037195400,23.3259490921454,45.2218860312658,5,69.1350342252645,30.8245083207262,4451
06037195500,31.3306463412022,61.232980332829,7,85.0280024891102,41.0110943015633,5548
06037195600,46.8727048639682,84.2662632375189,9,91.3876789047915,67.7634896621281,2948
06037195710,56.3649246764468,93.4947049924357,10,95.8680771624144,77.9878971255673,4487
06037195720,54.3777715576116,92.0196671709531,10,92.1468574984443,80.5219364599092,2000
06037195802,62.1831705637628,96.583459404942,10,97.4362165525825,83.1820474029249,2691
06037195803,44.7149066308288,81.6439737771054,9,88.4878655880523,66.3010590015129,2634
06037195804,45.0337170156029,82.0095814422592,9,91.1387678904792,64.0317700453858,2533
06037195901,34.6110049871348,66.9314170448815,7,68.9483509645302,58.1946545637922,2237
06037195902,34.2918302801295,66.3640948058497,7,76.5774735532047,52.9626828038326,1864
06037195903,35.3404367282002,68.0282400403429,7,93.4536403235843,42.523953605648,2008
06037197200,40.2766805048788,75.4538577912254,8,98.7678904791537,42.3978819969743,3909
06037197300,41.3314135358114,77.130610186586,8,85.2395768512757,62.1533030761472,4052
06037197410,34.8329599877985,67.3096318709027,7,98.1207218419415,34.9974785678265,4331
06037197420,48.283941184607,85.8673726676752,9,93.4785314250156,67.4861321230459,3564
06037197500,48.4005935665595,86.0438729198185,9,96.4903546981954,62.3550176500252,3914
06037197600,37.9084141197829,71.9490670700958,8,97.2495332918482,41.6540595057993,2166
06037197700,53.441262479563,91.2884518406455,10,98.0833851897947,67.0448814926878,5332
06037199000,66.9495625620741,98.3988905698437,10,99.8008711885501,78.4795763993949,5391
06037199110,39.6286485784472,74.3444276348966,8,73.6776602364655,66.9314170448815,2705
06037199120,46.4531011438427,83.7997982854261,9,89.2097075295582,69.3141704488149,4511
06037199201,62.2602890089199,96.6212808875441,10,94.6484131922838,89.5108421583459,3660
06037199202,45.2113834656489,82.2239031770045,9,86.7454884878656,69.1376701966717,3155
06037199300,45.3737790367587,82.3499747856783,9,90.4791537025513,65.5446293494705,4202
06037199400,53.9695870921392,91.6036308623298,10,92.7566894835096,79.261220373172,4759
06037199700,63.8211687033085,97.4029248613212,10,99.6141879278158,75.5673222390318,3063
06037199800,57.5607056189904,94.2385274836107,10,97.5357809583074,75.4538577912254,5828
06037199900,63.3797838685286,97.2516389309127,10,99.0914747977598,78.857791225416,2692
06037201110,32.1031539544313,62.6071608673727,7,41.7797137523335,71.4573877962683,2147
06037201120,37.7829233967031,71.7095310136157,8,53.6527691350342,77.3449319213313,4144
06037201200,38.2509429348891,72.5163893091276,8,47.0690728064717,83.8376197680282,2893
06037201301,42.5348809945213,78.7065052950076,8,61.406347230865,82.6903681290973,4498
06037201302,16.4387039896189,28.8703983862834,3,26.471686372122,32.6147251638931,4341
06037201401,43.7474531281659,80.446293494705,9,62.4019912881145,84.5562279374685,4693
06037201402,52.1574594700478,90.2168431669188,10,94.8475420037337,72.4533535047907,4995
06037201501,49.231984496281,87.0902672718104,9,74.3372744243933,87.1911245587494,5367
06037201503,36.9936123539436,70.5622793746848,8,41.2321095208463,85.5521936459909,3364
06037201504,37.7352639222069,71.6591023701462,8,40.6596141879278,88.1744831064044,2302
06037201601,46.960849480924,84.3671205244579,9,76.341008089608,81.19011598588,2323
06037201602,44.3973217881965,81.3287947554211,9,82.7629122588675,70.7261724659607,2960
06037201700,53.2825196435525,91.0993444276349,10,95.4822650902302,73.2476046394352,5514
06037203100,65.9873472046737,98.0837115481594,10,97.9962663347853,87.1406959152799,4498
06037203200,49.6597926472414,87.4684820978316,9,83.5345364032358,80.7488653555219,5695
06037203300,77.3490968003318,99.8739283913263,10,99.4523957685128,94.4906707009581,2000
06037203500,73.0859581737601,99.4704992435703,10,99.3403858120722,90.5320221886031,2907
06037203600,57.9044593764667,94.4906707009581,10,92.4455507156192,86.2203731719617,5276
06037203710,35.0612328422253,67.6626323751891,7,62.5886745488488,63.5779122541604,3270
06037203720,45.8128658031265,83.0307614725164,9,70.4667081518357,83.1316187594554,4072
06037203800,33.3668062698173,64.6999495713565,7,43.5345364032358,73.6510337871911,4829
06037203900,45.2739416530042,82.274331820474,9,77.5855631611699,76.928895612708,3353
06037204110,37.1918163118193,70.7892082702975,8,51.9726197884256,77.4583963691377,3286
06037204120,38.6866467363871,73.1089258698941,8,76.241443683883,63.0736258194654,2971
06037204200,49.1249436155415,86.8759455370651,9,74.8102053515868,86.6742309631871,3657
06037204300,56.77173068278,93.7594553706505,10,84.8786558805227,92.2592032274332,5445
06037204410,55.7548464388548,93.066061522945,10,92.582451773491,82.4886535552194,2575
06037204420,62.0809372545185,96.5330307614725,10,87.7411325451151,96.2808875441251,3154
06037204600,68.0670999151808,98.613212304589,10,99.1288114499067,85.3000504286435,4080
06037204700,68.9161619648702,98.8653555219365,10,98.6807716241444,89.2208774583964,5510
06037204810,65.8181360190625,98.0584972264246,10,96.2912258867455,91.7423096318709,5277
06037204820,68.0430675972948,98.6006051437216,10,98.9670192906036,86.3968734241049,2241
06037204910,64.9212274937648,97.8063540090772,10,97.5606720597386,86.9011598587998,3341
06037204920,82.3939086147886,99.9747856782652,10,99.8630989421282,95.7892082702975,2751
06037205110,70.1266241259499,99.1048915784165,10,97.2619788425638,94.452849218356,3904
06037205120,75.7242412549122,99.7478567826525,10,99.4897324206596,92.7130610186586,3548
06037206010,63.5826661565833,97.3020675743822,10,99.5270690728065,75.7312153303076,4121
06037206020,28.0333021120307,55.0680786686838,6,96.0672059738643,25.5925365607665,8947
06037206031,44.1889295457634,81.089258698941,9,99.5892968263846,44.9445284921836,4131
06037206032,73.3104244290146,99.4957135653051,10,99.4648413192284,89.8134140191629,5687
06037206050,75.9855750331634,99.7604639435199,10,99.738643434972,91.137165910237,2031
06037206200,66.3468356716466,98.1593545133636,10,97.9464841319228,87.9475542107917,4001
06037206300,59.6868035622199,95.5244578920827,10,94.2999377722464,86.2455874936964,6103
06037207101,45.581474406366,82.7029752899647,9,96.7143746110765,56.3540090771558,3717
06037207102,59.8848696491113,95.6379223398891,10,96.6645924082141,81.8582955118507,2926
06037207103,60.6318309958487,96.0917801311145,10,97.0628500311139,81.7574382249118,2393
06037207301,52.0081886719022,90.052950075643,10,98.8923459863099,61.3842662632375,4911
06037207302,55.9678815396788,93.2299546142209,10,98.6434349719975,69.7428139183056,4806
06037207400,51.7795809846413,89.7755925365608,9,99.9751088985688,52.5844679778114,1539
06037207501,34.5573910086217,66.8305597579425,7,97.3739887990044,35.791729702471,2193
06037207502,50.1976998038013,88.0610186585981,9,98.2576228998133,60.8169440242057,2888
06037207710,34.083407193619,65.9984871406959,7,98.5065339141257,32.9551185073122,4667
06037207900,31.5038458738115,61.4977307110439,7,80.2738021157436,44.4654563792234,7162
06037208000,69.8143566860454,99.0544629349471,10,99.639079029247,83.8502269288956,7508
06037208301,48.2975213392815,85.9051941502774,9,93.7274424393279,66.9566313666162,2148
06037208302,64.7243883573825,97.7054967221382,10,98.5687616677038,83.5476550680787,5269
06037208401,46.7014624691866,84.0771558245083,9,91.9352831362788,66.3767019667171,4765
06037208402,58.1755724133973,94.5915279878971,10,96.8512756689484,78.7569339384771,2896
06037208501,37.4243067506664,71.2808875441251,8,87.5544492843808,52.0423600605144,2267
06037208502,51.4140582912164,89.3343419062027,9,85.4138145612943,82.5138678769541,4364
06037208610,52.0448931230718,90.1159858799798,10,90.4169259489732,78.5678265254665,4351
06037208620,47.8613272078195,85.3000504286435,9,77.0877411325451,82.5895108421583,4446
06037208710,31.3330536995476,61.2455874936964,7,64.5799626633479,52.9752899646999,4858
06037208720,54.5803706060896,92.1709531013616,10,67.8531425015557,98.3862834089763,4319
06037208801,48.1521312127504,85.690872415532,9,67.0815183571873,90.3681290973273,3027
06037208802,53.5648854347785,91.3767019667171,10,67.6540136901058,97.4911749873928,3069
06037208902,51.8908751825224,89.8764498234998,9,80.1742377100187,87.922339889057,2692
06037208903,52.4116474094074,90.4311649016641,10,72.4455507156192,93.8603126575895,4345
06037208904,47.5985729030945,85.0226928895613,9,80.9583074051027,79.0973272818961,3978
06037209102,59.4269476264499,95.3101361573374,10,86.2601120099564,94.755421079173,5950
06037209103,56.3333627710634,93.4316691880988,10,90.9023024268824,85.5017650025214,3679
06037209104,55.7299343739442,93.0534543620777,10,83.0864965774736,92.0574886535552,2560
06037209200,50.4972576895741,88.3888048411498,9,93.8394523957685,70.839636913767,4545
06037209300,57.4358656168799,94.112455874937,10,90.6036092097075,87.6575895108422,4885
06037209401,52.0335281897906,90.1033787191125,10,73.0802738021157,92.8895612708018,4472
06037209402,54.2402217331579,91.8431669188099,10,76.7143746110765,94.1376701966717,3963
06037209403,52.1538461178768,90.2042360060514,10,80.8711885500933,87.821482602118,4148
06037209510,44.8837839729795,81.8961169944529,9,74.5115121344119,78.3913262733232,3076
06037209520,54.9091633355376,92.4861321230459,10,85.7498444306161,88.5274836106909,2797
06037209810,51.5331247924677,89.5108421583459,9,78.855009334163,88.3761976802824,2594
06037209820,54.9368999183743,92.5113464447806,10,85.6004978220286,88.7165910237015,3073
06037210010,51.7336651532462,89.7251638930913,9,91.4623522090853,76.8532526475038,3561
06037211000,19.7969803887425,36.9263741805345,4,75.4698195395146,20.1210287443268,5124
06037211120,40.5990849658628,76.0463943519919,8,76.7890479153703,67.2213817448311,5635
06037211121,28.861191614057,56.6944024205749,6,90.9894212818917,32.1104387291982,2253
06037211122,41.996552029526,78.0131114473021,8,90.3173615432483,58.8502269288956,3163
06037211201,43.1827441397234,79.7655068078669,8,63.7087741132545,82.4634392334846,2562
06037211202,48.055061652951,85.590015128593,9,83.6838830118233,77.471003530005,2239
06037211310,45.8872589848517,83.0685829551185,9,68.2265090230243,84.947049924357,3873
06037211320,45.9748659138172,83.2324760463944,9,82.3895457373989,74.4074634392335,3337
06037211410,38.3635332948607,72.7433182047403,8,60.1369010578718,73.814926878467,2736
06037211420,35.029150046664,67.624810892587,7,65.6627255756067,61.4977307110439,3573
06037211500,30.6560605692872,60.0100857286939,7,59.5644057249533,54.1981845688351,4175
06037211701,26.7683059069637,52.5466464952093,6,56.9010578718108,45.5748865355522,2596
06037211703,39.1652543728467,73.714069591528,8,57.7473553204729,77.4962178517398,4841
06037211704,29.7793536711619,58.2702975289965,6,64.6297448662103,48.8905698436712,2796
06037211802,34.6113559658453,66.9566313666162,7,80.784069695084,50.9329299041856,4682
06037211803,30.5206666840258,59.6822995461422,6,67.0317361543248,49.4074634392335,3701
06037211804,40.9487021395262,76.588502269289,8,64.4928438083385,76.7397881996974,3221
06037211910,38.7401581768303,73.1467473524962,8,76.9632856253889,62.6701966717095,4371
06037211921,46.6029296462509,83.9510842158346,9,73.3042937149969,82.5642965204236,2521
06037211922,43.8100099184762,80.547150781644,9,80.622277535781,71.2682803832577,3269
06037212101,24.7847289200155,48.2728189611699,5,76.1169881767268,31.1775088250126,3187
06037212102,38.0342561258973,72.226424609178,8,73.7149968886123,63.1996974281392,2291
06037212202,39.3997860496558,73.9536056480081,8,73.9016801493466,66.2884518406455,3424
06037212203,48.3312263684626,85.9430156328795,9,74.9222153080274,85.0353000504286,2914
06037212204,42.7112635761037,78.9838628340898,8,74.8973242065961,73.2349974785678,3584
06037212303,39.7764595935544,74.6469994957136,8,81.1325451151213,62.0398386283409,3837
06037212304,53.6589050427779,91.4271306101866,10,83.5594275046671,88.2375189107413,1832
06037212305,35.3907754018829,68.1417044881493,7,71.8108276291226,58.1316187594554,3025
06037212306,36.5122152003554,69.8814926878467,7,71.437461107654,61.2203731719617,3413
06037212410,34.2936118603475,66.3767019667171,7,72.482887367766,54.9672213817448,4318
06037212420,32.1718635581059,62.720625315179,7,66.8077162414437,53.7821482602118,3517
06037212501,26.1743329455866,51.2733232476046,6,61.9788425637834,41.2002017145739,1940
06037212502,25.8910654452022,50.7690368129097,6,70.0062227753578,36.7876954109934,2810
06037212610,33.0681796596893,64.1452344931921,7,69.0976975731176,54.4503277861825,4447
06037212620,28.2326884449373,55.3706505295008,6,66.372121966397,44.4150277357539,4087
06037212701,40.601596815894,76.0590015128593,8,69.9564405724953,71.8986384266263,2276
06037212702,26.9207820391292,52.8870398386283,6,63.4100808960797,42.3600605143722,3632
06037212800,42.9440424842047,79.4125063035804,8,77.4611076540137,71.8734241048916,3543
06037212900,41.6982551844595,77.6348966212809,8,80.9956440572495,66.3514876449824,4067
06037213100,37.2199335246845,70.8144225920323,8,63.1113876789048,68.8981341401916,3014
06037213201,45.5757780322852,82.6903681290973,9,67.8780336029869,84.3419062027232,3932
06037213202,45.8361204754771,83.0433686333838,9,66.9695084007467,85.791729702471,3942
06037213310,47.1472059990129,84.6192637418054,9,70.9645301804605,85.451336359052,3015
06037213320,45.9068710109697,83.1064044377206,9,71.9975108898569,82.0852244074634,2469
06037213401,40.5521622198959,75.9329299041856,8,64.3932794026136,75.8698940998487,4859
06037213402,44.1684225308056,81.0388300554715,9,71.7859365276913,78.8073625819465,4857
06037214000,26.6464977198028,52.3323247604639,6,75.980087118855,35.8673726676752,4277
06037214100,17.8086783376135,32.274331820474,4,71.0640945861854,17.1709531013616,3668
06037214400,23.1245210879936,44.8184568835098,5,55.5818294959552,36.7120524457892,2916
06037214501,28.3546461641156,55.6101865859808,6,69.3714996888612,43.0534543620777,2702
06037214502,26.7956420476381,52.6096822995461,6,71.3005600497822,38.2123045890066,5285
06037214503,29.9221519250976,58.5098335854766,6,69.9315494710641,46.3439233484619,3422
06037214600,16.1416552226732,28.2904689863843,3,69.1474797759801,14.2713061018659,2383
06037214700,22.0724530356048,42.2844175491679,5,78.2078406969508,24.1048915784165,2414
06037214800,23.8186700079124,46.2934947049924,5,79.5021779713752,27.5214321734745,2813
06037214901,22.9577816552248,44.3898134140192,5,75.3453640323584,27.3449319213313,3250
06037214902,23.8952522739859,46.5204236006051,5,80.2986932171749,27.3323247604639,2550
06037215101,24.0772277756263,46.8986384266263,5,64.903546981954,34.9218356026223,3015
06037215102,21.8495950789682,41.8935955622794,5,71.6365899191039,25.9581442259203,3059
06037216100,21.0776539776411,40.1285930408472,5,73.6403235843186,23.6258194654564,2151
06037216200,30.2958494883863,59.2788703983863,6,85.8120721841942,38.4014120020171,5778
06037216300,17.6044003045108,31.8456883509834,4,87.9527069072806,11.9894099848714,4367
06037216401,23.6638692409313,45.7766011094302,5,55.980087118855,37.7584467977811,3772
06037216402,22.5060067357733,43.2551689359556,5,64.443061605476,30.7488653555219,2521
06037216700,26.8920838270561,52.8366111951589,6,85.8369632856254,31.089258698941,3835
06037216800,26.0117599082562,50.9959657085224,6,67.5046670815183,38.1618759455371,3203
06037216900,34.4280203951257,66.5658093797277,7,92.6571250777847,41.4523449319213,4886
06037217001,17.3289473624608,31.1270801815431,4,38.1580584940884,28.4039334341906,2724
06037217002,23.7699713508449,46.1674230963187,5,68.1269446172993,32.576903681291,4639
06037217100,38.2602942856213,72.5416036308623,8,91.8357187305538,49.899142713061,6219
06037217200,46.2458515022575,83.5350479072113,9,92.0970752955818,65.4689863842663,4156
06037218110,41.2072769685781,76.9541099344428,8,80.7467330429372,65.6202723146747,3195
06037218120,49.1048512068724,86.8633383761977,9,81.4561294337274,81.4926878466969,4638
06037218210,49.9443120335705,87.8088754412506,9,84.9408836341008,80.2193645990923,3721
06037218220,42.3414517323844,78.4921835602622,8,69.8942128189172,76.1094301563288,3859
06037218300,42.346316759129,78.5047907211296,8,94.8226509023024,54.0342914775593,5290
06037218400,61.890447125993,96.5078164397378,10,97.6726820161792,81.9843671205245,4737
06037218500,57.4478014207606,94.1502773575391,10,93.6154324828874,83.5350479072113,2641
06037218600,44.4887640708569,81.4044377206253,9,93.1798382078407,60.5017650025214,3148
06037218701,45.3946417800477,82.4256177508825,9,83.5096453018046,72.2138174483106,2324
06037218702,55.3953390053451,92.8517397881997,10,82.2028624766646,92.2213817448311,2056
06037218800,52.4860313191482,90.5068078668684,10,90.8151835718731,79.0468986384266,2752
06037218900,55.9417583479448,93.2173474533535,10,89.3963907902925,86.6994452849218,6149
06037219010,44.1560722980451,81.0262228946041,9,55.556938394524,90.6454866364095,3027
06037219020,44.3698610357251,81.3035804336863,9,53.1425015556938,92.8013111447302,5411
06037219300,57.6357697492403,94.3141704488149,10,83.6216552582452,94.2511346444781,4239
06037219500,40.7510398276438,76.2733232476046,8,63.9079029247044,76.6767523953606,2084
06037219700,54.4777296811068,92.1079172970247,10,91.1636589919104,82.0221886031266,4507
06037219800,57.4565450892424,94.1628845184065,10,94.9719975108899,81.3918305597579,2861
06037219901,69.5186053899178,98.9662128088754,10,96.2787803360299,95.738779626828,4150
06037219902,72.7780146715032,99.4452849218356,10,98.7803360298693,93.4947049924357,3809
06037220000,48.7688648693734,86.4725163893091,9,84.019912881145,78.8199697428139,4711
06037220100,60.9471888842121,96.2178517397882,10,94.4243932794026,88.1996974281392,2415
06037221110,49.6806156678124,87.4936964195663,9,70.5538270068451,90.7085224407463,3705
06037221120,43.5838544662949,80.2067574382249,9,71.4499066583696,77.7609682299546,3197
06037221210,39.7189975175378,74.5713565305093,8,63.0367143746111,74.8361069087241,3165
06037221220,42.6072739066068,78.857791225416,8,72.5451151213441,74.5335350479072,3376
06037221302,44.5939300677469,81.5052950075643,9,78.7181082762912,74.5839636913767,4373
06037221303,42.4836733699511,78.6560766515381,8,59.2906036092097,84.0393343419062,2806
06037221304,45.0551471388754,82.0474029248613,9,63.0118232731798,86.9137670196672,3656
06037221401,62.2513986606704,96.6086737266768,10,88.8985687616677,95.8774583963691,3628
06037221402,50.4222586100314,88.3131618759455,9,90.7778469197262,74.9495713565305,2851
06037221500,50.08538487302,87.9853756933938,9,72.6322339763535,89.7629853756934,3875
06037221601,51.0790015279982,88.9435199193142,9,77.4237710018668,88.6157337367625,3141
06037221602,45.3788696656695,82.375189107413,9,79.6888612321095,75.441250630358,3030
06037221710,45.9472473993773,83.1568330811901,9,73.627878033603,80.9253656076652,2833
06037221810,48.9974143939067,86.7246596066566,9,63.9825762289981,93.6964195663137,2892
06037221820,43.0829613284656,79.6268280383258,8,57.909147479776,86.4599092284418,2363
06037221900,40.8114172498658,76.3237518910741,8,65.4387056627256,75.7942511346445,4248
06037222001,45.6084226193244,82.7407967725668,9,60.7716241443684,89.6747352496218,3142
06037222002,43.6471942381128,80.3202218860313,9,45.9116365899191,95.8900655572365,5243
06037222100,40.4418254366083,75.7186081694402,8,50.4044803982576,86.5859808371155,4331
06037222200,47.3389227545423,84.8461926374181,9,62.9620410703174,91.5784165405951,4016
06037222500,34.1357993882822,66.1119515885023,7,52.2713130056005,69.2259203227433,5120
06037222600,44.9634940717378,81.9591527987897,9,65.42626011201,85.0100857286939,5549
06037222700,33.7836937412946,65.5068078668684,7,67.156191661481,57.274331820474,4071
06037224010,62.7282001579397,96.9616742309632,10,93.0180460485377,92.7004538577912,2845
06037224020,55.3899484082378,92.8391326273323,10,95.1586807716241,77.6601109430156,2733
06037224200,62.5094042910458,96.8229954614221,10,88.5749844430616,96.3187090267272,2557
06037224310,40.8715262831564,76.3993948562784,8,78.3945239576851,66.5784165405951,2422
06037224320,50.3571430214747,88.2753403933434,9,86.4467952706907,79.5133635905194,2972
06037224410,46.806584811435,84.1906202723147,9,79.377722464219,78.7695410993444,3194
06037224420,48.0224350150745,85.4891578416541,9,80.1493466085874,80.446293494705,2637
06037224600,60.6240274339239,96.0791729702471,10,88.3634100808961,94.6419566313666,3385
06037224700,44.2925461368371,81.2279374684821,9,69.4088363410081,80.7614725163893,6238
06037226001,76.5227620443192,99.8108925869894,10,99.6764156813939,92.3600605143722,2615
06037226002,75.5456955477896,99.7226424609178,10,99.7635345364032,90.4059505799294,1820
06037226410,60.4823234212593,95.9909228441755,10,81.6054760423149,98.1215330307615,3665
06037226420,62.3765715023327,96.6717095310136,10,87.0317361543248,97.0751386787695,5531
06037226700,59.7818805471915,95.5622793746848,10,82.9247044181705,96.8734241048916,7661
06037227010,76.6535544451483,99.8234997478568,10,98.5189794648413,97.3651033787191,5705
06037227020,64.653805433358,97.6676752395361,10,86.1854387056627,99.0040342914776,3623
06037228100,69.2552850083229,98.915784165406,10,96.3285625388923,95.4362077660111,5505
06037228210,60.0684344278735,95.7135653050933,10,76.3161169881767,99.2939989914271,4233
06037228220,52.8213676433267,90.7211296016137,10,67.0192906036092,97.0625315179022,4375
06037228310,57.6144008866527,94.3015632879476,10,81.9041692594897,95.3101361573374,4523
06037228320,53.3628460177636,91.2128088754413,10,66.9072806471686,97.6424609178013,3122
06037228410,59.8478020661895,95.6253151790217,10,85.1275668948351,95.8144225920323,3600
06037228420,59.0359395714511,95.1084215834594,10,72.059738643435,99.5461422087746,3304
06037228500,56.9798977624148,93.8855269793243,10,73.2794026135657,98.3484619263742,4869
06037228600,54.7487522429181,92.3096318709027,10,71.4125700062228,97.125567322239,5301
06037228710,55.0465140098556,92.5743822491175,10,70.0933416303671,97.9324256177509,3982
06037228720,62.3827407558252,96.684316691881,10,83.8705662725576,98.5627836611195,4825
06037228800,65.6868543367276,98.0080685829551,10,93.9016801493466,94.9571356530509,5353
06037228900,69.5592483216759,98.9788199697428,10,92.482887367766,98.9914271306102,2918
06037229100,65.1359422208361,97.8819969742814,10,90.6285003111388,97.226424609178,5146
06037229200,55.2479983517216,92.7004538577912,10,76.1294337274424,95.5748865355522,5072
06037229300,60.1986492165519,95.8018154311649,10,77.7846919726198,99.1301059001513,5715
06037229410,60.130431798023,95.7639939485628,10,91.698817672682,90.7463439233485,3697
06037229420,64.8644311999552,97.768532526475,10,92.0472930927194,96.0161371659102,4759
06037231100,60.7606597280921,96.1800302571861,10,92.7317983820784,90.2672718103883,3474
06037231210,51.0641246029565,88.9309127584468,9,59.116365899191,98.3736762481089,4040
06037231220,49.9867113971652,87.8719112455875,9,59.8133167392657,97.0499243570348,4653
06037231300,42.0644556330593,78.1770045385779,8,62.2775357809583,80.9631870902673,5754
06037231400,42.5800841326265,78.7695410993444,8,54.6608587429994,88.023197175996,4745
06037231500,48.9852965208511,86.6994452849218,9,66.7579340385812,92.1961674230963,5396
06037231600,55.6512832883877,92.9778113968734,10,78.3074051026758,95.1084215834594,7420
06037231710,57.0987862522722,93.9359556227937,10,68.3634100808961,99.4831064044377,4165
06037231720,60.1126514987954,95.738779626828,10,84.7790914747978,96.2304589006556,4934
06037231800,52.4315439400276,90.4563792233989,10,87.2682016179216,82.5012607160867,5436
06037231900,55.1567010169665,92.6500252143217,10,90.3671437461108,83.9510842158346,6162
06037232110,53.035590118234,90.8850226928896,10,61.1325451151213,99.1048915784165,3038
06037232120,63.7473584428451,97.3651033787191,10,84.3559427504667,99.0922844175492,5567
06037232200,53.554380820516,91.3640948058497,10,66.5961418792782,97.970247100353,3487
06037232300,49.0264961772239,86.7498739283913,9,58.3571873055383,96.5078164397378,6006
06037232400,50.6880066424049,88.5779122541604,9,67.4922215308027,94.3645990922844,7361
06037232500,57.993163867543,94.5158850226929,10,86.9570628500311,92.3726676752395,4940
06037232600,47.136547159708,84.606656580938,9,74.3870566272558,82.9929399899143,6833
06037232700,62.572453210686,96.8356026222895,10,89.6328562538892,95.7009581442259,6568
06037232800,63.139359492864,97.125567322239,10,94.9595519601742,90.3050932929904,4489
06037234000,34.7159538321747,67.1079172970247,7,51.4001244555072,71.1043872919818,5417
06037234200,34.2401657342012,66.3010590015129,7,71.1138767890479,55.6606152294503,2424
06037234300,38.3266444490152,72.6802824004034,8,52.7193528313628,79.601613716591,3805
06037234501,39.1408476099471,73.6762481089259,8,50.7031736154325,83.2450832072617,2845
06037234502,42.8073075972672,79.2107917297025,8,44.4306160547604,95.4488149268785,3017
06037234600,46.2672048014154,83.5728693898134,9,67.6042314872433,86.2581946545638,4908
06037234700,46.0969184306318,83.3837619768028,9,72.7691350342253,81.9591527987897,3690
06037234800,42.9081345464271,79.3494704992436,8,71.2632233976353,76.3615733736763,3317
06037234901,55.9409785863449,93.2047402924861,10,72.1468574984443,97.8819969742814,3321
06037234902,55.0255957894853,92.5617750882501,10,72.4082140634723,96.9364599092284,4088
06037235100,39.5856615578022,74.2687846696924,8,55.8307405102676,80.1059001512859,4401
06037235201,39.0541699103889,73.5753908219869,8,55.9054138145613,78.8703983862834,2682
06037235202,50.5130811726758,88.4140191628845,9,68.4505289359054,93.5199193141705,4331
06037236000,35.4393306029484,68.3308119011599,7,84.0821406347231,50.4538577912254,4181
06037236100,51.7944065749332,89.8008068582955,9,67.6664592408214,95.5874936964196,6170
06037236202,50.3289757895343,88.2501260716087,9,67.7286869943995,93.6459909228442,5764
06037236203,41.1938741651623,76.928895612708,8,67.3304293714997,75.3782148260212,3118
06037236204,44.2382752463208,81.1522945032779,9,51.3130056004978,93.8855269793243,3109
06037236400,34.5415494878227,66.780131114473,7,49.769757311761,71.9112455874937,4282
06037237101,57.7018171232892,94.3393847705497,10,73.6029869321717,98.7518910741301,4409
06037237102,60.889448105045,96.1926374180535,10,89.9315494710641,93.5451336359052,3407
06037237201,51.6707876819373,89.649520927887,9,63.7834474175482,97.1507816439738,3814
06037237202,64.5002164976496,97.6424609178013,10,87.1810827629123,98.5753908219869,4556
06037237300,49.6469001623368,87.4558749369642,9,66.1232109520846,93.5577407967726,5311
06037237401,51.5301450820156,89.4982349974786,9,58.6060983198507,98.814926878467,4217
06037237402,43.049855689783,79.5637922339889,8,53.7274424393279,89.4982349974786,3335
06037237500,50.2485172802131,88.1744831064044,9,54.6235220908525,99.0544629349471,2922
06037237600,55.1844810980297,92.6626323751891,10,78.3447417548226,94.5284921835603,4101
06037237710,50.93893940302,88.7922339889057,9,70.5662725575607,92.8139183055976,4410
06037237720,49.5238505010638,87.38023197176,9,70.392034847542,90.5572365103379,3707
06037237800,38.3178672840439,72.6424609178013,8,52.0472930927194,80.2824004034292,3796
06037237900,40.4586043008252,75.7816439737771,8,48.2389545737399,88.3257690368129,4405
06037238000,43.5527893001085,80.1815431164902,9,54.2750466708152,90.3177004538578,6174
06037238100,51.2513042953711,89.1704488149269,9,73.3789670192906,91.4649520927887,5163
06037238200,53.9794592490343,91.6288451840645,10,80.5351586807716,91.3136661623802,5565
06037238310,56.8653515824099,93.8603126575895,10,76.0672059738643,97.2768532526475,5002
06037238320,57.5715092215172,94.2763489662128,10,85.2893590541381,93.0030257186082,3804
06037238400,46.0399945070416,83.2829046898638,9,73.7025513378967,81.1018658598084,4694
06037239201,72.9334365746763,99.457892082703,10,95.9551960174238,98.6006051437216,3753
06037239202,76.2397368207962,99.7730711043873,10,97.0877411325451,98.9409984871407,5999
06037239310,69.5718894737828,98.9914271306102,10,90.8774113254511,99.457892082703,4501
06037239320,58.4759102881511,94.7428139183056,10,80.0248911014312,97.1003530005043,4086
06037239330,71.2445373289306,99.256177508825,10,95.8556316116988,97.6046394351992,2458
06037239501,67.634865736668,98.5249621785174,10,90.9396390790292,98.8023197175996,3729
06037239502,55.5387259761119,92.9525970751387,10,82.4268823895457,92.3348461926374,4016
06037239601,62.3980487452764,96.7221381744831,10,88.0771624144368,96.4321734745335,3682
06037239602,62.9209738187342,97.0373171961674,10,85.4013690105787,98.3610690872415,4016
06037239701,66.5339957468886,98.2602118003026,10,84.1070317361543,99.8108925869894,5134
06037239702,70.7578541094618,99.2183560262229,10,91.437461107654,99.6091780131114,4334
06037239801,51.2976976170703,89.2208774583964,9,72.4331051649035,92.2844175491679,3705
06037239802,60.0146055338363,95.6883509833585,10,87.1064094586185,94.7680282400404,5461
06037240010,66.4278641956401,98.2223903177005,10,87.9278158058494,99.2183560262229,3737
06037240020,60.219480603033,95.8144225920323,10,74.9471064094586,99.5335350479072,5223
06037240200,68.3319677179195,98.714069591528,10,90.6658369632856,99.1805345436208,5159
06037240300,59.3780028074912,95.2849218356026,10,83.4598630989421,96.1926374180535,5637
06037240401,55.683096664352,93.0156328794755,10,78.070939639079,95.2849218356026,6379
06037240402,58.7926179438329,94.9823499747857,10,86.0983198506534,94.0494200706001,3763
06037240500,74.9110079520607,99.6469994957136,10,94.5861854387057,99.7730711043873,7326
06037240600,64.1540822011298,97.528996469995,10,81.30678282514,99.6722138174483,6167
06037240700,57.6021820207875,94.2889561270802,10,77.3739887990044,97.4155320221886,6596
06037240800,57.2327642036731,94.0494200706001,10,79.6639701306783,96.0917801311145,4341
06037240900,61.4926709101157,96.3691376701967,10,79.0790292470442,99.3318204740293,6736
06037241001,64.8580033740334,97.7559253656077,10,88.0647168637212,98.4745335350479,4197
06037241002,68.1492159219702,98.6510337871911,10,95.1088985687617,96.0287443267776,4144
06037241110,53.3127569268301,91.1497730711044,10,74.2128189172371,94.2637418053454,3356
06037241120,68.2626445032372,98.7014624306606,10,89.3714996888612,99.4704992435703,5146
06037241201,58.50677734954,94.7806354009077,10,77.3615432482887,98.2602118003026,3015
06037241202,65.6586830537993,97.9828542612204,10,89.6950840074673,98.2854261220373,5776
06037241300,53.4690549862259,91.3010590015129,10,80.1120099564406,90.695915279879,2480
06037241400,62.6347858063623,96.8734241048916,10,85.7000622277536,98.0080685829551,3785
06037242000,61.6929030592592,96.482602118003,10,79.0416925948973,99.3696419566314,4189
06037242100,68.2386095949594,98.6888552697932,10,92.9558182949595,98.0963187090267,2852
06037242200,67.7498381962068,98.5375693393848,10,86.9446172993155,99.7604639435199,6402
06037242300,63.1850445386231,97.1886031265759,10,79.7261978842564,99.6469994957136,4952
06037242600,73.3448594968005,99.5209278870398,10,92.5077784691973,99.8487140695915,4756
06037242700,73.3326848978897,99.5083207261725,10,94.5488487865588,99.4200706001009,6035
06037243000,63.8278791426248,97.428139183056,10,87.1935283136279,98.1341401916288,6829
06037243100,76.8514849793866,99.8361069087241,10,94.9471064094586,99.9117498739284,6772
06037261101,8.72768479483712,10.0100857286939,2,37.9713752333541,6.00100857286939,3389
06037261102,5.99794401690216,4.6142208774584,1,23.0242688238955,3.41654059505799,3520
06037261200,6.95179609984767,6.66918809884014,1,27.9278158058494,4.29904185577408,4182
06037262100,7.61330464156793,7.90468986384266,1,60.1742377100187,2.4457892082703,2678
06037262200,7.71051613658241,8.04336863338376,1,69.7075295581829,1.99193141704488,4405
06037262301,6.50974087903289,5.78668683812406,1,60.8587429993777,1.41200201714574,2748
06037262302,6.53820842294109,5.86232980332829,1,50.914747977598,1.87846696923853,2845
06037262303,6.21958717378715,5.15632879475542,1,36.8014934660859,2.39536056480081,3038
06037262400,2.15883211525928,0.289964699949571,1,23.4349719975109,0.126071608673727,3059
06037262501,6.96215725987766,6.71961674230963,1,58.0584940883634,1.86585980837115,3785
06037262601,5.2030059751293,3.35350479072113,1,7.69135034225265,5.09329299041856,3539
06037262604,3.85168488308232,1.31114473020676,1,60.7591785936528,0.226928895612708,5523
06037262704,18.2727029764635,33.4215834594049,4,79.0541381456129,15.8472012102874,3561
06037262706,4.17425894077911,1.79021684316692,1,61.8668326073429,0.315179021684317,3571
06037262802,2.22701731331133,0.340393343419062,1,41.9663970130678,0.0504286434694907,3424
06037264000,13.3381897465683,21.3313161875946,3,44.8288736776602,14.5234493192133,3069
06037264102,11.6608371304425,16.9566313666162,2,40.883634100809,11.4977307110439,2998
06037264103,16.6616350445432,29.5511850731215,3,51.014312383323,21.0035300050429,2658
06037264301,21.6574599270342,41.4019162884518,5,78.170504044804,23.2602118003026,5552
06037264302,10.4609194667981,14.0191628845184,2,69.7822028624767,4.8411497730711,5882
06037265100,10.5724525807065,14.3469490670701,2,63.5843186060983,5.6732223903177,2454
06037265201,21.3846093960059,40.8345940494201,5,59.9751088985688,29.7907211296016,2567
06037265202,20.2532504422081,38.124054462935,4,64.0323584318606,25.0882501260716,3981
06037265301,,,,54.3372744243933,,11977
06037265303,23.6352218971014,45.7009581442259,5,31.1885500933416,53.618255168936,5156
06037265304,20.9640664301415,39.9268784669692,4,36.7143746110765,40.8345940494201,2878
06037265305,24.1310626809087,47.0373171961674,5,66.2476664592408,34.4679778113969,3990
06037265410,17.5759735075759,31.7448310640444,4,57.647790914748,20.7513867876954,1495
06037265420,5.73160585417835,4.17297024710035,1,44.542626011201,1.44982349974786,1838
06037265510,22.9298426785315,44.3015632879476,5,63.235843186061,32.6525466464952,4663
06037265520,15.8695216147447,27.4962178517398,3,69.968886123211,13.4896621280888,5059
06037265601,11.6948078212998,17.0196671709531,2,54.2128189172371,8.87544125063036,3615
06037265602,18.4002120077616,33.6737266767524,4,46.5463596764157,27.672718103883,3044
06037265700,19.9022604321859,37.3045890065557,4,60.261356565028,25.6681795259708,4636
06037267100,15.5152837754821,26.7650025214322,3,60.2115743621655,15.3177004538578,6649
06037267200,21.0826656501217,40.1538073625819,5,75.2582451773491,22.9576399394856,7004
06037267300,33.9977699886135,65.7967725668179,7,80.4480398257623,49.7478567826525,4235
06037267402,23.0240692854921,44.5663136661624,5,79.6764156813939,25.4790721129602,4872
06037267403,30.5646238494057,59.7831568330812,6,89.5830740510268,36.5607665153807,3000
06037267404,21.9645786693259,42.0700958144226,5,87.3926571250778,19.9697428139183,3475
06037267501,26.8184489736889,52.6979324256178,6,86.8699439950218,30.2697932425618,5993
06037267502,27.6459193135131,54.2107917297025,6,87.9775980087119,31.3792233988906,3632
06037267600,30.9599679148604,60.5521936459909,7,92.9433727442439,34.9344427634897,2916
06037267700,29.1493032179238,57.1482602118003,6,86.5961418792782,35.6782652546647,3276
06037267800,26.4290890169271,51.7650025214322,6,78.1082762912259,34.505799293999,2666
06037267901,20.0433235783777,37.6575895108422,4,48.0522713130056,31.8709026727181,2428
06037267902,16.793451049848,29.9293998991427,3,53.6029869321717,20.2849218356026,3365
06037269000,8.26012428071098,9.07715582450832,1,57.1499688861232,3.35350479072113,4813
06037269100,13.7612430508818,22.3777105395865,3,34.6235220908525,18.9989914271306,4274
06037269300,12.346093874201,18.8729198184569,2,55.9427504667081,9.63187090267272,3840
06037269500,7.47536773154221,7.58951084215835,1,37.6228998133167,4.07211296016137,3797
06037269601,38.1035683929756,72.3146747352496,8,90.0560049782203,51.4120020171457,3393
06037269602,24.7490529387799,48.2097831568331,5,46.9446172993155,46.0791729702471,2865
06037269700,39.1063396951074,73.6510337871911,8,91.9103920348475,51.5632879475542,3546
06037269800,27.2935363729479,53.5930408472012,6,73.889234598631,38.0358043368633,3046
06037269903,27.9053215192011,54.7781139687342,6,55.2084629744866,49.6217851739788,3421
06037269904,19.4703618564174,36.0943015632879,4,42.1779713752334,33.3585476550681,3927
06037269905,20.6637398715829,39.2208774583964,4,64.803982576229,25.7312153303076,2459
06037269906,19.697950946873,36.7246596066566,4,49.7075295581829,29.9293998991427,3158
06037269907,25.5219838713866,49.8865355521936,5,55.8058494088363,42.9904185577408,2692
06037270100,30.1246440662307,58.9762985375693,6,83.9079029247044,39.0695915279879,4202
06037270200,30.5567517416444,59.7579425113464,6,98.3820784069695,26.6515380736258,3226
06037270300,34.8909771007983,67.3978819969743,7,97.7971375233354,35.5143721633888,2542
06037271100,24.6341431918889,48.0332829046899,5,75.8680771624144,31.0010085728694,2445
06037271200,35.9843084126208,69.1250630358043,7,88.6247666459241,48.2728189611699,2770
06037271300,21.7573231770553,41.6540595057993,5,89.7946484131923,18.6585980837115,4395
06037271400,13.994524347437,23.0458900655572,3,46.8201617921593,15.5698436712052,3743
06037271500,8.71269113456421,9.95965708522441,1,33.8021157436217,6.44225920322743,3187
06037271600,20.2868223143603,38.1744831064044,4,69.2594897324207,23.3862834089763,4811
06037271701,20.5225624056465,38.8426626323752,4,57.2993154947106,28.5552193645991,5694
06037271702,21.3818443634592,40.8219868885527,5,77.9464841319228,22.5668179525971,3918
06037271801,25.4213980772877,49.7478567826525,5,55.6191661481021,42.8139183055976,3071
06037271802,18.8405693021423,34.8209783156833,4,46.7703795892968,28.8325769036813,5644
06037271901,23.899387092337,46.5330307614725,5,57.4237710018668,37.5315179021684,3245
06037271902,15.8401527090743,27.4331820474029,3,28.301182327318,28.9334341906203,4207
06037272100,16.8628835091328,30.1185073121533,4,45.9614187927816,23.5753908219869,4578
06037272201,22.9798281049917,44.4402420574887,5,41.8046048537648,44.0872415532022,2390
06037272202,25.1316318867835,49.0166414523449,5,56.6521468574984,41.2758446797781,3359
06037272301,30.0006137623373,58.661119515885,6,52.3708774113255,57.2869389813414,3045
06037272302,23.7047478318568,45.940494200706,5,50.9645301804605,40.8093797276853,4457
06037273100,19.5468463755405,36.3212304589007,4,65.9116365899191,22.7054967221382,2742
06037273200,26.0567086951473,51.0590015128593,6,74.673304293715,35.0731215330308,3229
06037273300,23.314188079575,45.1840645486636,5,63.8332296204107,33.3963691376702,2915
06037273402,17.7789889894936,32.1860816944024,4,43.9452395768513,27.0045385779122,2641
06037273502,18.261929520909,33.3837619768028,4,56.602364654636,22.8441754916793,2861
06037273600,18.221766650586,33.320726172466,4,79.8879900435594,15.5446293494705,2375
06037273700,12.0999749061599,18.2047402924861,2,61.6179215930305,8.32072617246596,2895
06037273800,13.5465292807722,21.8229954614221,3,88.6745488487866,6.2279374684821,2872
06037273902,20.5607466135037,38.9561270801815,4,79.639079029247,20.2723146747353,4221
06037274100,22.2584969319583,42.6626323751891,5,95.4324828873678,16.2128088754413,4838
06037274202,17.6830328485475,31.9843671205245,4,61.144990665837,19.8814926878467,4284
06037275101,27.5350438575912,53.9964699949571,6,56.3907902924704,48.0080685829551,1161
06037275102,35.6968527584343,68.7216338880484,7,71.3627878033603,59.4553706505295,4338
06037275200,35.7354649404532,68.7594553706505,7,56.4654635967642,69.8688855269793,3751
06037275302,25.0625183271214,48.8401412002017,5,92.1717485998755,23.6006051437216,5059
06037275311,19.3720045344642,35.89258698941,4,72.4704418170504,20.095814422592,5462
06037275400,16.4885425989367,29.059505799294,3,88.1642812694462,10.249621785174,4069
06037275500,30.8921691083505,60.4513363590519,7,67.0441817050404,50.4286434694907,5449
06037275602,19.2623486951208,35.7665153807363,4,83.6714374611077,16.2884518406455,12100
06037275603,29.1852940074565,57.2491174987393,6,91.8855009334163,32.0600100857287,2537
06037276000,13.5712774010516,21.886031265759,3,79.7137523335408,7.80383257690368,5657
06037276100,22.4447599557524,43.1543116490166,5,70.6160547604232,27.8240040342915,5739
06037276400,11.3900574849374,16.3514876449823,2,43.497199751089,10.1865859808371,4071
06037276500,19.3020544842898,35.8043368633384,4,74.9968886123211,19.2259203227433,5674
06037276601,11.6639237546497,16.981845688351,2,79.9751088985688,5.28240040342915,4115
06037276603,13.6520200671041,22.0877458396369,3,53.7647790914748,12.7584467977811,5489
06037276604,14.4736390098773,24.2309631870903,3,59.1412570006223,13.1870902672718,4624
06037277000,15.7289055609525,27.1810388300555,3,78.0833851897947,11.4851235501765,5566
06037277100,22.1095667393832,42.3852748361069,5,94.4368388301182,16.679273827534,3100
06037277200,42.649929125812,78.9082198688855,8,92.5451151213441,57.5012607160867,2196
06037277400,46.6865317016207,84.0393343419062,9,87.4051026757934,71.1674230963187,909
06037278001,19.2454182876034,35.7160867372668,4,84.7168637212197,15.8850226928896,2508
06037278102,9.91080260869789,12.6954109934443,2,66.0858742999378,4.46293494704992,3088
06037291110,66.5389966056171,98.2728189611699,10,95.457373988799,93.9485627836611,4391
06037291120,58.1284787821411,94.5789208270298,10,94.57373988799,83.2702975289965,2407
06037291130,63.5009376400264,97.2768532526475,10,98.2202862476665,82.9425113464448,3626
06037291210,74.4445724862149,99.6091780131114,10,99.9004355942751,86.8129097327282,5768
06037291220,77.2532794028701,99.8613212304589,10,100.0,86.0060514372163,3640
06037291300,53.288248761184,91.1245587493696,10,99.9875544492844,53.4291477559254,3037
06037292000,67.0900498870834,98.4619263741805,10,99.5519601742377,80.7866868381241,6567
06037293201,47.9651378980603,85.4261220373172,9,86.372121966397,74.8613212304589,6289
06037293202,52.837816469348,90.7715582450832,10,83.6341008089608,86.5733736762481,6740
06037293301,27.0063224126569,53.0131114473021,6,66.3223397635345,41.1875945537065,3108
06037293302,41.9013759663124,77.874432677761,8,84.2937149968886,64.0948058497226,5082
06037293304,42.4197815517541,78.5678265254665,8,75.1088985687617,72.3903177004538,4832
06037293306,24.1952398169637,47.125567322239,5,90.6160547604232,22.6172465960666,2436
06037293307,42.3661656129032,78.5426122037317,8,81.4934660858743,67.624810892587,2284
06037294110,51.8409073774878,89.8386283408976,9,87.5295581829496,81.0136157337368,4129
06037294120,62.6602673068099,96.886031265759,10,92.6944617299316,92.965204236006,2687
06037294200,42.1817763138043,78.2778618255169,8,79.3652769135034,68.9233484619264,4874
06037294301,40.7984231522678,76.3111447302068,8,85.1151213441195,61.0943015632879,2471
06037294302,53.2832964328208,91.1119515885023,10,87.156191661481,83.9889056984367,4382
06037294410,45.7676604578179,82.9551185073122,9,81.9415059116366,74.357034795764,5079
06037294421,55.8563059001549,93.1290973272819,10,92.8313627878034,82.3121533030762,2891
06037294510,47.7443038892581,85.1739788199697,9,61.2321095208463,93.368633383762,5082
06037294520,47.1613436508859,84.6318709026727,9,72.582451773491,84.1906202723147,3710
06037294610,45.5532187509247,82.6525466464952,9,82.1032980709396,73.8401412002017,4334
06037294620,53.1369717065146,90.9606656580938,10,94.6981953951462,74.4704992435703,4683
06037294701,71.2944344774731,99.2687846696924,10,97.9838207840697,93.9863842662632,3099
06037294810,52.9069622988675,90.7967725668179,10,73.1300560049782,94.2133131618759,4278
06037294820,58.8585571045075,95.0201714573878,10,80.5724953329185,97.1759959657085,3473
06037294830,64.7629554771217,97.7307110438729,10,91.4872433105165,96.4069591527988,4134
06037294900,61.6414440286003,96.4699949571357,10,92.3584318606098,92.1205244578921,3853
06037295103,24.035824706278,46.8103883005547,5,77.8220286247666,28.6812909732728,5188
06037296210,70.5291018215325,99.1931417044882,10,94.7853142501556,98.1971759959657,3132
06037296220,54.0075266509841,91.679273827534,10,87.940261356565,84.3671205244579,4447
06037296300,32.822297246184,63.6913767019667,7,79.5519601742377,47.8189611699445,5027
06037296401,13.1976052334931,20.8900655572365,3,13.3914125700062,31.4926878466969,3229
06037296402,17.9085891231565,32.4886535552194,4,55.9676415681394,22.226424609178,3312
06037296500,58.3573807910833,94.6923852748361,10,92.2588674548849,87.1280887544125,3447
06037296600,49.9583572039398,87.821482602118,9,80.8338518979465,83.5854765506808,5358
06037296901,36.7471618153671,70.196671709531,8,46.2227753578096,80.6858295511851,4466
06037296902,38.3291830669461,72.6928895612708,8,50.2551337896702,81.5935451336359,4219
06037297000,16.8667557930873,30.1311144730207,4,21.30678282514,38.2627332324761,5597
06037297110,62.3949810853335,96.7095310136157,10,90.1431238332296,95.1588502269289,4649
06037297120,50.3734498963914,88.3005547150782,9,80.4729309271935,84.7201210287443,3053
06037297201,34.4757595375122,66.6288451840645,7,51.9352831362788,70.3227433182047,4505
06037297202,21.380608263295,40.8093797276853,5,28.1767268201618,48.3736762481089,3786
06037297300,18.2652331625443,33.4089762985376,4,39.9751088985688,30.547150781644,2193
06037297400,17.3798347627089,31.2153303076147,4,33.9141257000622,30.8119011598588,3356
06037297500,26.3936297483031,51.6137165910237,6,52.8811449906658,47.125567322239,4707
06037297601,34.7510452093187,67.1709531013616,7,58.5189794648413,65.6707009581442,2816
06037297602,30.0869984731223,58.8376197680282,6,54.8350964530181,55.4715078164397,3687
06037300100,8.45464953996239,9.55622793746848,1,25.8867454884879,7.63993948562784,6014
06037300200,18.2485458876651,33.3585476550681,4,46.4094586185439,27.3827534039334,5352
06037300301,12.0743163907738,18.1543116490166,2,45.6627255756067,11.2834089762985,6024
06037300400,28.4777775976833,55.8749369641957,6,83.2731798382078,36.0312657589511,5986
06037300501,17.9537152149762,32.5516893595562,4,74.9097697573118,16.3767019667171,3264
06037300502,24.25197707156,47.3146747352496,5,80.4231487243311,27.9374684820978,5874
06037300600,20.5158699481433,38.8300554715078,4,77.3242065961419,21.0161371659102,9609
06037300701,16.7248429232863,29.6898638426626,3,54.2003733665215,19.9193141704488,5835
06037300702,9.67165556412568,12.1911245587494,2,44.2190416925949,6.69440242057489,5430
06037300800,21.3651648025015,40.7589510842158,5,77.809583074051,22.5794251134644,7280
06037300901,12.2632678580548,18.6585980837115,2,42.7380211574362,12.3928391326273,6540
06037300902,27.1516882419078,53.3408976298538,6,70.7156191661481,39.2460917801311,1981
06037301000,31.4543194320749,61.3716591023701,7,70.65339141257,49.558749369642,5230
06037301100,25.2441130513879,49.3444276348966,5,57.8718108276291,40.9102370146243,7114
06037301203,30.4131619995887,59.5184064548664,6,54.2626011200996,56.8582955118507,4711
06037301204,35.4315648415944,68.2929904185577,7,68.0149346608587,60.9051941502774,5284
06037301205,21.0720513334639,40.1033787191125,5,64.8288736776602,26.9541099344428,2106
06037301206,39.4365156784527,74.0292486132123,8,89.0230242688239,54.8159354513364,5281
06037301300,26.4826808858917,51.9162884518406,6,46.9570628500311,51.1724659606657,1894
06037301400,22.1948626565797,42.5491679273828,5,63.1487243310517,30.4841149773071,4190
06037301501,25.9461969264071,50.8825012607161,6,73.528313627878,35.2874432677761,1790
06037301502,46.5817056619453,83.9258698940998,9,90.8898568761668,67.6626323751891,6750
06037301601,66.0783945960548,98.1089258698941,10,99.6017423771002,79.2990418557741,6112
06037301602,55.9929254658488,93.267776096823,10,99.6515245799627,63.023197175996,4446
06037301701,49.5281409263592,87.3928391326273,9,98.9296826384568,56.8078668683812,2962
06037301702,57.7458690655642,94.3772062531518,10,99.5146235220908,66.7170953101362,5835
06037301801,47.9765040972201,85.4387291981846,9,93.528313627878,66.6540595057993,5258
06037301802,42.4901263691148,78.6686838124054,8,93.6029869321717,55.6732223903177,4516
06037301900,41.7414987894664,77.6979324256178,8,84.8413192283759,63.3131618759455,8192
06037302002,47.6729614800882,85.1109430156329,9,90.491599253267,70.1462430660615,3949
06037302003,39.0074245217158,73.4745335350479,8,80.5973864343497,60.7665153807363,3665
06037302004,41.7798140560189,77.773575390822,8,76.502800248911,70.1714573877963,4151
06037302102,34.4643992889408,66.6036308623298,7,65.7747355320473,60.2118003025719,5946
06037302103,42.3237929484347,78.4795763993949,8,57.3490976975731,85.1235501765002,5430
06037302104,49.2020299798622,87.0398386283409,9,76.5899191039204,85.5269793242562,4288
06037302201,42.2290856458343,78.3535047907211,8,72.9807093963908,73.3988905698437,4019
06037302202,50.8765567512644,88.7165910237015,9,83.8830118232732,82.816439737771,5510
06037302301,51.2168432189189,89.10741301059,9,98.2451773490977,62.6449823499748,3985
06037302302,66.7060579478857,98.3358547655068,10,97.8469197261979,88.7291981845688,5337
06037302401,68.8639056792136,98.8527483610691,10,98.2825140012446,90.3303076147252,7395
06037302503,51.9233664514994,89.9394856278366,9,77.8842563783447,89.5864851235502,4290
06037302504,53.2318298711158,91.0615229450328,10,74.2252644679527,94.112455874937,4273
06037302505,60.7568567200935,96.1674230963187,10,95.6938394523958,85.4135148764498,4376
06037302506,51.2412200127217,89.1452344931921,9,82.4766645924082,84.6444780635401,3262
06037310100,16.5967248574121,29.3116490166415,3,85.7125077784692,11.1321230458901,5644
06037310201,24.5913559961991,47.9324256177509,5,58.0958307405103,39.0317700453858,5732
06037310202,28.0059504051444,54.9798285426122,6,53.5407591785937,51.0716086737267,5104
06037310300,17.7357516194855,32.1104387291982,4,74.0759178593653,16.0993444276349,2881
06037310400,35.6190301715012,68.5955622793747,7,99.116365899191,33.5224407463439,3247
06037310501,54.1686470383987,91.7675239536056,10,98.4691972619788,67.1961674230963,4066
06037310601,51.2503457594998,89.1578416540595,9,98.4194150591164,62.2541603630862,6383
06037310602,23.4080203195873,45.398386283409,5,92.6446795270691,20.0706001008573,2853
06037310701,41.1897649232086,76.9036812909733,8,94.9844430616055,51.7271810388301,2181
06037310702,41.5523898034902,77.3953605648008,8,97.8718108276291,46.7095310136157,6567
06037310703,53.7921344851623,91.5027735753908,10,99.377722464219,61.5985879979829,4793
06037310800,32.4888281030936,63.3005547150782,7,97.9215930304916,30.8623298033283,5314
06037310900,31.2155708517217,61.0816944024206,7,95.7685127566895,32.2239031770045,6071
06037311000,32.2558291923635,62.8593040847201,7,89.1474797759801,40.1916288451841,3641
06037311100,30.3032608446554,59.2914775592537,6,93.5656502800249,33.018154311649,4183
06037311200,20.1907114393145,37.9727685325265,4,65.4013690105787,24.5209278870398,3171
06037311300,23.1265739213564,44.8310640443772,5,66.5214685749844,31.5052950075643,3896
06037311400,23.6369063187324,45.7135653050933,5,73.0927193528314,29.6898638426626,2300
06037311500,23.4780913250298,45.5370650529501,5,77.025513378967,27.7231467473525,5828
06037311600,34.42239942099,66.5532022188603,7,85.9240821406347,47.0499243570348,6707
06037311700,26.2218368352939,51.3489662128089,6,95.2831362787803,23.1467473524962,6200
06037311801,42.1427370797991,78.2526475037821,8,99.1412570006223,43.9989914271306,2873
06037311802,47.1251988572095,84.5814422592032,9,99.3279402613566,51.0085728693898,4068
06037320000,,,,95.8058494088363,,0
06037320100,40.0979672888912,75.0756429652042,8,62.4642190416926,76.3237518910741,7601
06037320201,51.5748402133366,89.5234493192133,9,70.3422526446795,94.011598587998,4049
06037320202,41.352667100501,77.1810388300555,8,69.8319850653391,73.8779626828038,6151
06037320300,47.2260597039595,84.6822995461422,9,86.1356565028002,73.714069591528,6734
06037400204,13.9515282739955,22.8567826525466,3,42.3771001866833,16.7927382753404,5637
06037400205,10.846027720244,15.1033787191125,2,48.5252022401991,8.27029752899647,2846
06037400206,17.211016938457,30.8245083207262,4,65.5258245177349,17.4483106404438,5365
06037400207,18.2970883062564,33.4720121028744,4,35.3080273802116,33.4594049420071,4608
06037400302,36.7541221019537,70.2471003530005,8,84.4057249533292,53.1013615733737,3154
06037400304,19.1925072729107,35.6152294503278,4,68.985687616677,20.8522440746344,7788
06037400402,17.1607812382552,30.6732223903177,4,32.9558182949596,30.7614725163893,4305
06037400403,17.613009335504,31.8582955118507,4,44.0074673304294,26.4120020171457,3906
06037400404,11.8086118602642,17.3348461926374,2,21.1076540136901,19.3393847705497,4268
06037400501,14.5774019315048,24.5083207261725,3,15.2582451773491,35.4009077155825,2049
06037400602,32.6377797772188,63.5022692889561,7,60.9583074051027,58.4972264246092,4250
06037400603,28.6173057854579,56.1396873424105,6,54.2501555693839,52.4331820474029,5201
06037400604,26.5368276183775,52.0675743822491,6,30.5040448039826,63.8174483106404,3501
06037400800,23.3501398538561,45.3227433182047,5,60.5724953329185,35.0353000504286,6967
06037400900,21.7242923662003,41.5910237014624,5,74.051026757934,24.8108925869894,4424
06037401001,11.3542108228513,16.2506303580434,2,20.9334163036714,17.9021684316692,3062
06037401002,23.2694921550511,45.0832072617247,5,46.2352209085252,42.08270297529,3678
06037401101,28.3490006301406,55.5723651033787,6,58.070939639079,48.915784165406,5582
06037401102,32.1484104305036,62.6828038325769,7,77.2121966397013,47.6928895612708,3896
06037401201,24.3512056353349,47.4785678265255,5,62.1655258245177,36.6742309631871,3377
06037401202,23.2433165487009,44.9949571356531,5,73.2545115121344,28.5678265254665,4706
06037401203,29.2523034048183,57.375189107413,6,58.3198506533914,51.3993948562784,5224
06037401303,22.1862176454028,42.5113464447806,5,81.7672682016179,22.7937468482098,2074
06037401304,17.1830923553844,30.7488653555219,4,79.9253266957063,13.5274836106909,5449
06037401311,25.2537175297768,49.3696419566314,5,93.3416303671438,23.0080685829551,6120
06037401312,29.2683624886536,57.4004034291478,6,79.3901680149347,39.8008068582955,5401
06037401500,36.7104415136863,70.1210287443268,8,97.1997510889857,39.6243066061523,6213
06037401601,25.7767163130716,50.542107917297,6,71.9726197884256,35.6404437720625,5368
06037401602,28.5837889056104,56.0514372163389,6,80.261356565028,37.8088754412506,6294
06037401603,32.2496915706149,62.8340897629854,7,78.9047915370255,46.8103883005547,2951
06037401701,24.14130963201,47.0499243570348,5,68.5874299937772,33.4089762985376,4488
06037401703,38.3718957165213,72.7559253656077,8,66.2974486621033,69.654563792234,4107
06037401704,44.0282875918716,80.887544125063,9,77.8593652769135,74.1301059001513,7108
06037401800,27.4283496852889,53.8325769036813,6,87.3055382700685,31.3414019162885,7927
06037401901,,,,82.7753578095831,,3945
06037401902,22.070003152765,42.2592032274332,5,72.1593030491599,26.2985375693394,6223
06037402001,32.9310512450801,63.8930912758447,7,88.5998755444928,41.9314170448815,3294
06037402002,34.6566665418025,67.0196671709531,7,86.7081518357187,46.9238527483611,4125
06037402101,58.5657690316527,94.8058497226425,10,89.4710640945862,90.8976298537569,5558
06037402102,49.3750393496964,87.279374684821,9,91.9850653391413,71.4952092788704,4858
06037402200,42.703886424822,78.9460413514877,8,96.6397013067828,51.7902168431669,6782
06037402301,46.3155283669959,83.6232980332829,9,78.0087118855009,78.9838628340898,5464
06037402303,57.2188412452931,94.0242057488654,10,92.0348475420037,85.6152294503278,4080
06037402304,57.4434456984948,94.1376701966717,10,83.4225264467953,94.1502773575391,4057
06037402402,66.3970268048572,98.1971759959657,10,98.9172370877411,84.0267271810388,6635
06037402403,51.9423649310403,89.952092788704,9,99.5644057249533,57.0600100857287,5231
06037402404,,,,98.170504044804,,1862
06037402405,53.4301549273017,91.2758446797781,10,88.2389545737399,83.3837619768028,2875
06037402406,51.5064917883866,89.4730206757438,9,75.1835718730554,90.8724155320222,5329
06037402501,50.8104501219961,88.6535552193646,9,83.2109520846297,83.2324760463944,5591
06037402502,40.4758447331458,75.8320726172466,8,52.9309271935283,84.40494200706,6839
06037402600,59.5262345798923,95.4362077660111,10,92.4579962663348,88.7796268280383,7493
06037402702,59.5920987997355,95.4740292486132,10,86.2974486621033,94.8940998487141,6365
06037402703,39.4106150459623,73.9788199697428,8,77.548226509023,63.8930912758447,4661
06037402705,33.7196823777534,65.3807362581946,7,49.8942128189172,69.755421079173,3254
06037402706,42.0365707966038,78.1391830559758,8,57.0628500311139,84.6949067070096,3834
06037402801,64.8193763570501,97.7433182047403,10,95.3204729309272,92.1457387796268,4976
06037402803,36.0615491327863,69.2259203227433,7,42.8998133167393,81.5809379727685,3270
06037402804,59.0878669605605,95.1336359051942,10,84.542626011201,95.3857791225416,4238
06037402902,53.0468979425061,90.9102370146243,10,85.7249533291848,85.0857286938981,6903
06037402903,48.2290702949711,85.791729702471,9,67.5668948350965,90.0781643973777,4363
06037402904,49.8404518878133,87.6575895108422,9,89.5208462974487,75.542107917297,3705
06037403000,50.8851331351033,88.7418053454362,9,84.2563783447418,82.5264750378215,6950
06037403200,,,,97.9589296826385,,399
06037403303,28.462453627962,55.8497226424609,6,79.8257622899813,37.7332324760464,2741
06037403304,15.7977130255564,27.3575390821987,3,44.2563783447418,21.0791729702471,4863
06037403305,10.2045821626081,13.464447806354,2,32.843808338519,9.93444276348966,2294
06037403312,28.6175936447947,56.1522945032779,6,93.1922837585563,29.6520423600605,5096
06037403316,24.2058979319198,47.1759959657085,5,67.1313005600498,34.1654059505799,6757
06037403317,23.9276261245676,46.5960665658094,5,62.61356565028,35.4639435199193,4710
06037403318,38.7862527807755,73.1971759959657,8,68.462974486621,69.011598587998,6367
06037403319,24.4168352140938,47.6676752395361,5,62.4268823895457,36.7246596066566,4046
06037403320,10.9511284475519,15.3429147755925,2,32.1593030491599,12.0020171457388,4992
06037403321,21.8250856785944,41.8305597579425,5,53.528313627878,34.4175491679274,6303
06037403322,23.8724977046704,46.4195663136662,5,56.6894835096453,37.9601613716591,3703
06037403323,25.2145089659002,49.2183560262229,5,64.2563783447418,37.5441250630358,5494
06037403324,11.8909757632069,17.624810892587,2,34.0136901057872,13.8552697932426,7193
06037403325,15.970749161741,27.7231467473525,3,38.3571873055383,24.2057488653555,5348
06037403401,22.6883375713283,43.6838124054463,5,63.0491599253267,31.9465456379223,5136
06037403402,20.1430841702291,37.8340897629854,4,44.9159925326696,33.9762985375693,3745
06037403403,25.1561650196392,49.0922844175492,5,84.1568139390168,28.0761472516389,4898
06037403404,20.2340065846718,38.0484114977307,4,38.9047915370255,37.2667675239536,2645
06037403405,21.9845539031427,42.1205244578921,5,60.3111387678905,31.3161875945537,1698
06037403406,19.479129901661,36.1447302067574,4,45.5009334163037,31.4296520423601,2955
06037403407,11.8758497954703,17.5869894099849,2,31.0889856876167,14.9268784669692,2314
06037403408,14.9220240979042,25.3656076651538,3,33.105164903547,23.2980332829047,6512
06037403500,25.8185766137381,50.6555723651034,6,63.2482887367766,39.7251638930913,1835
06037403600,25.3808255177152,49.6343923348462,5,79.8008711885501,30.9127584467978,6690
06037403702,23.9447471281533,46.6717095310136,5,35.7436216552582,51.0463943519919,3786
06037403703,16.7394174670298,29.7655068078669,3,39.1039203484754,26.0716086737267,4542
06037403721,33.0740477284885,64.1704488149269,7,76.0547604231487,50.3530005042864,4897
06037403722,33.0733643715788,64.1578416540595,7,76.602364654636,50.0252143217347,5628
06037403801,29.5120083473978,57.8794755421079,6,53.1300560049782,55.1689359556228,6224
06037403802,19.6640705157837,36.6742309631871,4,36.0298693217175,37.1280887544125,6687
06037403901,28.7195000831966,56.3287947554211,6,77.3988799004356,39.6873424104892,3174
06037403902,27.5898178849754,54.0847201210287,6,60.2364654635968,45.9152798789713,5140
06037404000,32.0693297414205,62.5189107413011,7,58.5314250155569,58.4720121028744,4614
06037404100,31.7793275007689,62.0398386283409,7,59.2408214063472,57.0852244074634,6277
06037404201,46.4323460806748,83.7871911245587,9,72.6197884256378,82.7660110943016,3519
06037404202,38.1473820121695,72.4029248613212,8,65.7871810827629,69.4402420574887,4252
06037404301,49.9326899919709,87.7836611195159,9,78.1829495955196,85.7286938981341,5503
06037404302,30.8031683493297,60.2748361069087,7,55.196017423771,57.2617246596067,2176
06037404401,43.3989237259175,80.0302571860817,9,93.0927193528314,58.3585476550681,3715
06037404402,60.1607379743119,95.7892082702975,10,97.3490976975731,80.3832576903681,5156
06037404501,41.6801416873566,77.6096822995462,8,84.5924082140635,63.4392334846193,2789
06037404503,42.7770774000692,79.1477559253656,8,63.5967641568139,81.530509329299,2638
06037404504,31.091130429717,60.8043368633384,7,44.2439327940261,66.3640948058497,5073
06037404600,45.9370770863933,83.1316187594554,9,99.7137523335408,46.583459404942,1394
06037404701,55.8636513451556,93.1543116490166,10,98.0336029869322,71.1296016137166,5665
06037404702,54.0875229913587,91.7423096318709,10,98.1580584940884,68.066061522945,5629
06037404703,68.4141892417477,98.7266767523954,10,99.7013067828251,81.2153303076147,3110
06037404801,51.3634237562229,89.309127584468,9,91.7112632233976,75.7690368129097,7911
06037404802,62.7716528362837,96.9868885526979,10,95.5320472930927,88.8174483106404,4196
06037404803,48.45439201924,86.0816944024206,9,95.7311761045426,63.9939485627837,1719
06037404901,46.6922475913184,84.0645486636409,9,90.914747977598,67.8895612708018,5700
06037404902,34.6292640176035,66.9944528492184,7,59.900435594275,64.4351991931417,3968
06037404903,44.8171483827341,81.732223903177,9,65.2644679527069,84.7453353504791,2738
06037405001,50.2682129743649,88.2123045890065,9,88.6994399502178,77.1558245083207,6029
06037405002,42.6746615913637,78.9334341906203,8,83.0740510267579,66.7549167927383,3169
06037405101,42.5914616814514,78.7947554210792,8,80.3982576228998,69.0620272314675,5617
06037405102,54.2120850636214,91.8053454362078,10,88.4380833851898,84.4679778113969,5639
06037405201,52.4687807249154,90.494200706001,10,91.275668948351,78.4417549167927,4933
06037405202,50.151457050192,88.0358043368634,9,90.2675793403858,75.1260716086737,4850
06037405203,47.5241036256393,84.9722642460918,9,86.2476664592408,74.1931417044882,3638
06037405301,28.4750521912719,55.8623298033283,6,81.4685749844431,37.0146243066062,3469
06037405302,40.9923749280396,76.6389309127585,8,82.0410703173615,63.9561270801815,5433
06037405400,27.2156213162182,53.4795763993949,6,54.3870566272558,48.3988905698437,4950
06037405500,29.2591339590139,57.3877962682804,6,65.2395768512757,47.4533535047907,6596
06037405600,26.888975991818,52.8240040342915,6,82.1530802738021,33.3711548159354,5553
06037405701,24.3121439230862,47.3903177004539,5,43.92034847542,46.5330307614725,3862
06037405702,34.497639067759,66.7044881492688,7,58.1953951462352,65.292486132123,4957
06037405800,28.428077913315,55.7740796772567,6,69.4212818917237,43.1921331316188,5825
06037405900,29.3138188239251,57.4634392334846,6,50.2177971375233,56.7448310640444,3951
06037406000,28.8253139867275,56.6439737771054,6,55.8431860609832,51.8406454866364,5206
06037406101,32.704304806608,63.5779122541604,7,75.8805227131301,49.5083207261725,3105
06037406102,36.2625191274009,69.5158850226929,7,74.8599875544493,58.3333333333333,6167
06037406200,44.2880040340224,81.2153303076147,9,86.73304293715,67.1205244578921,5811
06037406300,31.9597769180186,62.3550176500252,7,70.5289359054138,50.9203227433182,5829
06037406402,23.952420614294,46.684316691881,5,39.4150591163659,48.5501765002521,2043
06037406411,44.2281504718436,81.1396873424105,9,87.9029247044182,65.8472012102874,2002
06037406412,27.5722726183989,54.059505799294,6,58.7305538270069,46.6086737266768,2123
06037406500,37.6915404093805,71.6212808875441,8,82.2775357809583,56.3414019162884,6655
06037406601,15.6032429697787,26.8910741301059,3,44.7666459240821,20.3857791225416,5550
06037406602,29.3288478922178,57.5012607160867,6,57.0130678282514,52.5214321734745,5198
06037406701,37.5156805089182,71.381744831064,8,68.4754200373366,65.9102370146243,3082
06037406702,44.4264590413626,81.3540090771558,9,82.7504667081518,70.8018154311649,6375
06037406800,37.9888892920525,72.1507816439738,8,88.4505289359054,52.6853252647504,4866
06037406901,40.9563294281726,76.6011094301563,8,90.0062227753578,56.8456883509834,4773
06037406902,32.9416384046711,63.9183055975794,7,72.9433727442439,51.7776096822995,3584
06037407001,51.0825770259301,88.9687342410489,9,98.8301182327318,60.2874432677761,6284
06037407002,60.3390921510736,95.9026727181039,10,99.2408214063472,72.9828542612204,3436
06037407101,43.4947920678319,80.1185073121533,9,90.5413814561294,61.5229450327786,4883
06037407102,49.1307085609499,86.8885526979324,9,94.5364032358432,67.5617750882501,5710
06037407200,56.2271038808594,93.368633383762,10,93.7772246421904,81.2279374684821,6910
06037407301,34.0648761242573,65.9606656580938,7,69.9439950217797,56.0262228946041,4949
06037407302,40.6983103251943,76.1346444780635,8,75.1213441194773,68.7342410489158,3503
06037407400,34.2393341020166,66.2884518406455,7,55.357809583074,66.5658093797277,1977
06037407501,40.7076167723104,76.1724659606657,8,71.0392034847542,71.381744831064,4257
06037407502,30.3895660498802,59.4427634896621,6,46.210329807094,62.8719112455875,4170
06037407601,54.3053834942623,91.9188098840141,10,77.6726820161792,93.7216338880484,4608
06037407602,47.3154803973046,84.8083711548159,9,81.9912881144991,77.5592536560766,3993
06037407701,49.2360996890212,87.1028744326778,9,89.1350342252645,74.697428139183,4903
06037407702,48.113263135262,85.6530509329299,9,96.7517112632234,61.0060514372163,6744
06037407801,45.547462572269,82.6399394856278,9,84.4928438083385,71.6717095310136,5727
06037407802,41.9240303819821,77.9374684820978,8,79.6515245799627,68.1417044881493,3476
06037407900,34.1794285250978,66.2254160363086,7,68.3260734287492,57.4886535552194,6082
06037408003,26.6242645364553,52.2566817952597,6,61.1200995644057,42.9778113968734,4577
06037408004,26.3714344874672,51.5632879475542,6,79.4026135656503,33.6485123550177,2493
06037408005,21.33704140338,40.6707009581442,5,49.0603609209708,35.249621785174,5161
06037408006,33.877494701785,65.6454866364095,7,84.6172993154947,46.7473524962179,3344
06037408133,37.3605579961831,71.1800302571861,8,69.1723708774113,65.0277357539082,5203
06037408134,26.6782949171431,52.4079677256682,6,45.4013690105787,52.7861825516894,2760
06037408135,24.8094071186568,48.3358547655068,5,36.2289981331674,53.5300050428643,3882
06037408136,29.1586283269744,57.1986888552698,6,45.8120721841942,59.7327281896117,4224
06037408137,31.9303981119823,62.3045890065557,7,62.0659614187928,55.6354009077156,4277
06037408138,39.8514275615754,74.7478567826525,8,78.6185438705663,64.1326273323248,5432
06037408139,49.5047066045259,87.3676248108926,9,89.8817672682016,74.3192133131619,4536
06037408140,52.91302929263,90.8093797276853,10,88.9732420659614,81.7448310640444,3793
06037408141,34.8302471334839,67.2970247100353,7,79.1039203484754,52.6601109430156,5366
06037408202,54.5657442248613,92.1583459404942,10,99.8755444928438,58.5098335854766,2015
06037408211,41.6040333891381,77.4836106908724,8,98.9919103920348,43.7594553706505,6381
06037408212,29.5752369645756,57.9677256681795,6,92.0846297448662,32.7786182551689,5042
06037408301,62.4742936212752,96.78517397882,10,99.1039203484754,77.2945032778618,5569
06037408302,40.1793701033492,75.2773575390822,8,97.5855631611699,45.1462430660615,3836
06037408303,34.9345287394069,67.4483106404438,7,88.3385189794648,46.2682803832577,4183
06037408401,54.1937381294083,91.7927382753404,10,99.6266334785314,60.5395864851236,4389
06037408402,34.3513830316833,66.4523449319213,7,92.5202240199129,41.439737771054,6646
06037408501,59.4924823327589,95.3731719616742,10,98.7927815805849,74.5083207261725,3050
06037408503,13.5074304895919,21.7221381744831,3,19.7759800871189,26.6263237518911,6673
06037408504,38.4313475817585,72.8441754916793,8,83.1860609831985,57.2491174987393,5193
06037408505,26.5281016794581,52.0549672213817,6,63.0616054760423,41.5784165405951,2653
06037408623,32.9008842161164,63.8300554715078,7,89.6453018046049,41.1245587493696,3268
06037408624,25.9838249011702,50.9329299041856,6,76.5152457996266,34.1023701462431,2958
06037408625,26.0982280427651,51.0968229954614,6,49.6453018046049,48.2980332829047,4214
06037408626,19.4005876361157,35.9430156328795,4,44.3186060983199,31.7574382249117,4037
06037408627,10.023265315976,12.9979828542612,2,11.8357187305538,19.1754916792738,3076
06037408628,22.6164595004822,43.5073121533031,5,36.1294337274424,46.4699949571357,5177
06037408629,16.7463900071553,29.803328290469,3,28.2389545737399,32.4004034291478,3012
06037408630,39.4677669821226,74.1048915784165,8,97.6104542626011,43.7720625315179,2510
06037408631,40.6210372518776,76.0716086737267,8,96.3036714374611,48.613212304589,5214
06037408703,14.6045519309427,24.558749369642,3,49.7822028624767,16.0741301059001,6545
06037408704,22.6173362297862,43.5199193141704,5,37.7598008711885,45.499243570348,3311
06037408705,20.5852131815845,39.0443772062532,4,46.8574984443062,34.3419062027232,5625
06037408706,11.2572103025326,16.0867372667675,2,15.5071561916615,21.0287443267776,1835
06037408722,15.0983270168842,25.7690368129097,3,19.0790292470442,33.8376197680282,4313
06037408723,18.1073781484144,32.9803328290469,4,22.190416925949,41.9062027231467,2975
06037408724,28.1855015602224,55.2824004034291,6,48.8114499066584,54.5890065557236,5542
06037408800,62.5845382945035,96.8482097831568,10,90.9520846297449,94.8184568835098,4387
06037430002,35.3650399472935,68.0912758446798,7,73.4038581207218,56.8204740292486,6522
06037430003,11.1573784148358,15.8219868885527,2,21.667703795893,16.7549167927383,4971
06037430101,41.8417465256584,77.8113968734241,8,92.4206596141879,55.9505799293999,5382
06037430102,37.1237710910923,70.7639939485628,8,73.7523335407592,61.0186585980837,4684
06037430200,10.0601502629997,13.0736258194655,2,62.6882389545737,5.06807866868381,1026
06037430301,11.365839380258,16.2884518406455,2,44.1692594897324,9.98487140695915,4319
06037430302,17.1248316964256,30.6101865859808,4,50.3671437461108,22.3398890569844,5339
06037430400,18.7450427936072,34.6192637418053,4,69.8817672682016,19.5663136661624,4642
06037430501,8.94939616084873,10.5269793242562,2,25.2146857498444,9.12758446797781,4030
06037430502,10.781906149614,14.9142713061019,2,30.6907280647169,11.9389813414019,6902
06037430600,16.6054797934584,29.3494704992436,3,71.8481642812694,14.5738779626828,4553
06037430701,17.2552742682039,30.9253656076652,4,81.929060360921,13.0988401412002,5846
06037430721,16.7004641376752,29.6268280383258,3,81.6552582451774,12.2541603630862,3963
06037430723,13.8419900681324,22.5668179525971,3,42.0286247666459,16.5027735753908,4365
06037430724,18.0386761695041,32.8038325769037,4,39.8382078406969,29.8663640948058,4723
06037430801,23.4761863786608,45.5244578920827,5,81.2321095208463,25.743822491175,6978
06037430802,19.2621422157131,35.7539082198689,4,50.230242688239,28.416540595058,4586
06037430803,18.5379155572876,34.0393343419062,4,75.8929682638457,17.2970247100353,5397
06037430901,37.3000964403683,70.9657085224407,8,92.3335407591786,47.5542107917297,4517
06037430902,31.4472214065394,61.3590519415028,7,88.201617921593,39.1452344931921,4539
06037431001,32.8702864798644,63.767019667171,7,88.1269446172993,42.0448814926878,7669
06037431002,23.492695594259,45.5874936964196,5,80.161792159303,26.3741805345436,3165
06037431100,39.6978491617284,74.5083207261725,8,97.8842563783447,43.5829551185073,6758
06037431200,39.97106222403,74.9621785173979,8,93.3167392657125,51.7019667170953,6399
06037431300,21.1155441466953,40.2294503277862,5,85.0404480398258,19.4276348966213,2689
06037431400,30.9836381301885,60.590015128593,7,90.3422526446795,36.8129097327282,4202
06037431501,25.2130996558152,49.2057488653555,5,59.2781580584941,40.1664145234493,4480
06037431502,27.1696803258168,53.3787191124559,6,90.0808960796515,29.1351487644982,4273
06037431600,10.8134291191829,15.0025214321735,2,34.6857498444306,11.0186585980837,4190
06037431700,15.1946021114433,25.9959657085224,3,36.4530180460485,22.428139183056,6000
06037431800,17.6024687216877,31.833081190116,4,38.5314250155569,29.3242561775088,5655
06037431900,26.5507128550545,52.1053958648512,6,54.57373988799,46.3943519919314,4400
06037432000,24.1606539382924,47.0877458396369,5,74.6359676415681,30.3076147251639,7601
06037432101,27.0363881780773,53.1391830559758,6,66.9197261978843,40.9228441754917,4103
06037432102,23.0286557849634,44.5789208270298,5,92.9309271935283,19.3015632879476,5951
06037432201,39.8749336963791,74.7856782652547,8,93.005600497822,51.8784669692385,4491
06037432202,46.8028863766247,84.1780131114473,9,98.1953951462352,54.9420070600101,4471
06037432300,53.9080415687767,91.5532022188603,10,97.1126322339763,70.4488149268785,4350
06037432401,43.2658868954954,79.8663640948058,8,84.5177349097698,66.880988401412,3705
06037432402,46.3241571156042,83.6863338376198,9,96.1916614810205,59.1906202723147,6938
06037432500,52.0269093375056,90.0907715582451,10,95.0093341630367,71.8482097831568,8180
06037432601,50.0626415412005,87.9601613716591,9,89.968886123211,75.2647503782148,7210
06037432602,47.2375977775386,84.6949067070096,9,91.4250155569384,68.4190620272315,4852
06037432700,66.5575139009344,98.2854261220373,10,99.4026135656503,81.3035804336863,5779
06037432801,61.5509760138688,96.4195663136662,10,99.1661481020535,75.3908219868886,2797
06037432802,64.3059611821309,97.5668179525971,10,98.5314250155569,83.1568330811901,5077
06037432901,46.5500633613017,83.9132627332325,9,97.7722464219042,55.3706505295008,3727
06037432902,36.8029051834538,70.3101361573374,8,98.855009334163,36.1699445284922,3312
06037433101,76.2636142001324,99.7856782652547,10,99.5021779713752,93.1543116490166,2464
06037433102,66.7805436776969,98.3736762481089,10,98.1331673926571,88.2123045890065,5348
06037433200,64.5794313031172,97.6550680786687,10,99.3652769135034,78.9712556732224,6246
06037433302,57.0292906862608,93.910741301059,10,98.1456129433727,72.9324256177509,1530
06037433304,48.8079316749961,86.5229450327786,9,85.5756067205974,77.3701462430661,5063
06037433305,52.2062968963783,90.2798789712557,10,91.1014312383323,78.1391830559758,4582
06037433306,51.8352466563598,89.8260211800303,9,94.8599875544493,71.8608169440242,3136
06037433307,54.322822088693,91.9440242057489,10,94.3995021779714,77.1432173474534,3193
06037433401,58.8589333149685,95.0327786182552,10,94.7106409458619,84.1654059505799,3405
06037433402,55.5044652634993,92.9147755925366,10,88.4007467330429,86.8759455370651,4713
06037433403,51.362424816137,89.2965204236006,9,96.1418792781581,68.7216338880484,4882
06037433501,76.9055150876428,99.8487140695915,10,99.1537025513379,95.5370650529501,1949
06037433503,57.5065254143493,94.2007060010086,10,96.4405724953329,78.6938981341402,3269
06037433504,68.7154052173321,98.814926878467,10,96.9010578718108,93.7972768532526,4802
06037433601,49.6952854378706,87.5315179021684,9,96.6148102053516,64.548663640948,5066
06037433602,51.7393166590139,89.7377710539587,9,95.9178593652769,69.8184568835098,2896
06037433700,63.8742502530983,97.4407463439234,10,99.9502177971375,70.9152798789713,3684
06037433801,67.0154112136701,98.411497730711,10,98.8425637834474,85.4765506807867,5944
06037433802,54.5300616873753,92.1205244578921,10,99.7884256378345,59.9848714069592,3362
06037433901,61.8303395602247,96.4952092788704,10,93.889234598631,90.1033787191125,6032
06037433902,46.0908124095819,83.3459404942007,9,96.5401369010579,57.8920827029753,3284
06037434001,62.7055508008693,96.9490670700958,10,95.3080273802116,89.0569843671205,4410
06037434003,63.125283958666,97.1129601613717,10,95.295581829496,89.5990922844176,4717
06037434004,70.2160870047862,99.1427130610187,10,99.0416925948973,88.9435199193142,3039
06037460000,10.9263989348348,15.3050932929904,2,50.0684505289359,8.14422592032274,4421
06037460100,15.2316347126504,26.0968229954614,3,41.1574362165526,20.7009581442259,6196
06037460200,11.4923379098142,16.6036308623298,2,28.6745488487866,14.6747352496218,5861
06037460301,21.5714350768226,41.238023197176,5,37.8469197261979,42.1079172970247,4845
06037460302,27.2288150278948,53.5047907211296,6,44.1568139390168,54.9167927382753,4221
06037460401,22.248677842035,42.6500252143217,5,70.4791537025513,27.571860816944,985
06037460501,7.75970290884389,8.09379727685325,1,60.2489110143124,2.63489662128089,5614
06037460502,6.80768062418055,6.42965204236006,1,74.6608587429994,1.12203731719617,4277
06037460600,6.7505918176417,6.27836611195159,1,30.1804604853765,3.80736258194655,4416
06037460700,9.30571167384342,11.1951588502269,2,83.7461107654014,2.59707513867877,5139
06037460800,12.0908949022324,18.166918809884,2,72.2464219041693,6.63136661623802,3103
06037460900,34.1553033585305,66.1623802319718,7,65.9240821406347,59.2788703983863,6731
06037461000,30.0180132812709,58.7115481593545,6,62.8873677660237,50.542107917297,6249
06037461100,22.3087385668672,42.7508825012607,5,38.954573739888,43.9611699445285,5419
06037461200,15.5079371493159,26.7145738779627,3,42.8002489110143,20.8018154311649,4535
06037461300,23.0990218972703,44.7680282400403,5,51.3005600497822,38.8426626323752,6840
06037461400,22.9791792467878,44.4276348966213,5,37.1997510889857,47.0751386787695,3119
06037461501,21.186398563018,40.3807362581947,5,30.7902924704418,45.5622793746848,3971
06037461502,28.1193051569377,55.2319717599597,6,39.4399502177971,61.3968734241049,6423
06037461600,39.1284916335101,73.6636409480585,8,75.2831362787803,65.0025214321735,6058
06037461700,28.9104129797815,56.7700453857791,6,66.8326073428749,45.6631366616238,1526
06037461901,35.645175566535,68.6333837619768,7,76.1418792781581,55.8497226424609,5051
06037461902,24.4164144375505,47.6424609178013,5,55.9925326695706,39.7881996974281,1801
06037462001,26.5015731493515,51.9919314170449,6,38.8799004355943,56.631366616238,4460
06037462002,33.7139262484329,65.3555219364599,7,52.0721841941506,68.2551689359556,4043
06037462100,27.2845984820885,53.5804336863338,6,47.1313005600498,53.2652546646495,5748
06037462201,37.4485516204627,71.2934947049924,8,78.1456129433727,59.0267271810388,3941
06037462202,31.2175267956251,61.0943015632879,7,84.5301804604854,41.0867372667675,2775
06037462301,31.3231646488954,61.2203731719617,7,79.2906036092097,44.5915279878971,5265
06037462302,28.1801230968603,55.2697932425618,6,87.8655880522713,32.8290468986384,3213
06037462400,17.9769320256462,32.7029752899647,4,45.7373988799004,26.8154311649017,3944
06037462500,16.2990612077224,28.5678265254665,3,54.3497199751089,18.8350983358548,6146
06037462600,9.64481086980477,12.1154815935451,2,24.6795270690728,10.9430156328795,2152
06037462700,19.7534650964435,36.8885526979324,4,64.3808338518979,23.8779626828038,5413
06037462800,25.1386525786329,49.0418557740797,5,71.014312383323,34.7705496722138,2827
06037462900,14.1857722361911,23.4871406959153,3,94.2750466708152,5.82450832072617,3797
06037463000,17.5151377308426,31.6061522945033,4,76.9383945239577,15.0655572365103,2665
06037463101,23.6866967397306,45.839636913767,5,74.0634723086497,29.500756429652,2373
06037463102,32.6147065224665,63.4518406454866,7,92.744243932794,37.8845184064549,3878
06037463200,23.6474360983019,45.7261724659607,5,68.7367766023647,31.8961169944528,3563
06037463300,13.4289421840193,21.5330307614725,3,27.5668948350965,21.1043872919818,1970
06037463400,16.9179620867598,30.2697932425618,4,54.6981953951462,20.2344931921331,5787
06037463500,12.7900431512887,19.9319213313162,2,72.6446795270691,7.62733232476046,5982
06037463601,21.408453681501,40.8976298537569,5,70.1680149346609,25.5168935955623,5988
06037463602,18.3615893409647,33.6359051941503,4,63.0740510267579,20.8270297528996,6057
06037463700,20.8512456023421,39.6873424104892,4,80.1244555071562,20.6631366616238,3138
06037463800,6.58261814356604,5.91275844679778,1,73.3167392657125,1.07160867372668,4066
06037463900,21.3000436583638,40.5320221886031,5,81.5183571873055,21.142208774584,3290
06037464000,18.8021997443163,34.7453353504791,4,79.1288114499066,16.981845688351,5623
06037464100,8.06548013761303,8.68633383761977,1,61.0827629122589,2.83661119515885,7121
06037464200,8.71960903467135,9.99747856782653,1,49.247044181705,4.57639939485628,6073
06037480002,12.1888978171134,18.4316691880988,2,35.8680771624144,14.1578416540595,3623
06037480011,21.7695031808701,41.7044881492688,5,60.5102675793404,30.5975794251135,5466
06037480012,15.1242923509089,25.8068582955119,3,34.4368388301182,23.1971759959657,4975
06037480101,24.8302627321516,48.3736762481089,5,78.8923459863099,30.0176500252143,3731
06037480102,28.912738473561,56.8078668683812,6,84.2190416925949,36.4473020675744,4487
06037480201,12.6335467269155,19.5158850226929,2,53.1549471064095,10.8043368633384,3787
06037480202,20.7868770915689,39.5234493192133,4,74.9844430616055,22.3020675743822,2553
06037480302,26.2451154050524,51.386787695411,6,66.4965774735532,39.208270297529,4672
06037480303,35.8538922173294,68.910741301059,7,67.2806471686372,62.4432677760968,4103
06037480304,35.5490307089534,68.4820978315683,7,68.1891723708774,61.0816944024206,4506
06037480400,21.3274157837486,40.6202723146747,5,65.3640323584319,27.4205748865356,5538
06037480500,8.82492606211091,10.2622289460414,2,76.1916614810205,2.69793242561775,5108
06037480600,18.9547117888559,35.0100857286939,4,84.6048537647791,15.5068078668684,8038
06037480702,7.10043390168609,6.93393847705497,1,47.3926571250778,2.77357539082199,4284
06037480703,11.3693818786752,16.3136661623802,2,62.352209085252,6.8709026727181,3612
06037480704,16.598657903326,29.3242561775088,3,79.4275046670815,12.6828038325769,4619
06037480802,31.0410267023125,60.7286938981341,7,94.1381456129434,33.6989409984871,3162
06037480803,37.692485661117,71.6338880484115,8,88.0024891101431,52.2945032778618,3699
06037480804,30.9588319842115,60.5395864851236,7,81.3939016801494,42.4357034795764,4892
06037480901,36.3501180137247,69.6797781139687,7,86.7579340385812,50.4034291477559,5407
06037480902,42.0108041900662,78.0761472516389,8,86.7205973864343,62.2289460413515,4109
06037480903,39.5698094340144,74.2309631870903,8,85.42626011201,58.0937972768533,3248
06037481001,41.7455391940399,77.7105395864851,8,88.1891723708774,60.4765506807867,4369
06037481002,37.3547669655071,71.142208774584,8,87.417548226509,52.0171457387796,5646
06037481101,33.1416241219448,64.2713061018659,7,75.9303049159925,50.5547150781644,4513
06037481102,32.9732824668713,64.0191628845184,7,85.2022401991288,44.5032778618255,4000
06037481103,39.2358580035443,73.814926878467,8,92.0224019912881,51.7145738779627,4926
06037481201,36.4383039409651,69.7932425617751,7,92.7069072806472,45.3857791225416,3910
06037481202,38.1053817814351,72.327281896117,8,96.1169881767268,44.4276348966213,6188
06037481300,43.1385421718251,79.7150781643974,8,92.221530802738,59.0141200201715,3299
06037481401,38.3157717025858,72.6298537569339,8,89.5706285003111,52.4457892082703,6267
06037481402,37.6356137259431,71.5456379223399,8,87.6291225886745,52.5466464952093,6598
06037481500,44.824993979651,81.7700453857791,9,95.2084629744866,57.9425113464448,4489
06037481603,41.6999498011177,77.6475037821483,8,83.4100808960796,64.3973777105396,3486
06037481604,40.1505857936586,75.2269288956127,8,73.5780958307405,68.3938477054967,3701
06037481605,34.1255231654977,66.0993444276349,7,77.2495332918482,52.231467473525,2831
06037481606,35.7767769268502,68.8224911749874,7,80.7591785936528,53.6056480080686,5013
06037481711,22.7900999379517,43.9359556227937,5,43.1487243310516,42.4987392839133,4246
06037481712,24.0627690756121,46.8608169440242,5,59.8755444928438,37.0020171457388,5329
06037481713,16.776255995083,29.8915784165406,3,38.9919103920348,26.3489662128089,2736
06037481714,29.0858542333818,57.0095814422592,6,49.4835096453018,56.5052950075643,2739
06037481800,16.3261474315814,28.6308623298033,3,54.5364032358432,18.80988401412,2558
06037481901,32.3076815639865,62.9475542107917,7,95.980087118855,34.0645486636409,5775
06037481902,28.0398944299575,55.0806858295512,6,74.8226509023024,39.3343419062027,3443
06037482001,25.1830474052208,49.155320221886,5,87.517112632234,26.3237518910741,2650
06037482002,30.6395911929172,59.9344427634897,6,78.8052271313006,43.3434190620272,6760
06037482101,34.9746641122261,67.5491679273828,7,58.2078406969508,66.3136661623802,4750
06037482102,31.2301270659812,61.1321230458901,7,61.3690105787181,54.500756429652,2943
06037482201,26.4152022586186,51.7145738779627,6,46.4965774735532,51.3237518910741,4076
06037482202,25.0730979393718,48.8527483610691,5,44.5177349097698,48.4745335350479,5087
06037482301,47.8796591855518,85.3378719112456,9,87.5917859365277,73.4493192133132,4941
06037482303,39.6713860694125,74.4200706001009,8,73.8518979464841,66.9944528492184,6156
06037482304,35.8521917645789,68.8981341401916,7,60.883634100809,66.8305597579425,3216
06037482401,39.4035229026776,73.9662128088754,8,83.2607342874922,59.6822995461422,3670
06037482402,49.7007608148384,87.5441250630358,9,99.0168014934661,56.7952597075139,7566
06037482502,39.2156573167629,73.7897125567322,8,59.2034847542004,76.5758951084216,3310
06037482503,39.449952488272,74.0670700958144,8,64.9284380833852,72.8315683308119,4293
06037482521,29.5848429860272,57.9929399899143,6,69.6453018046049,45.7009581442259,5842
06037482522,39.7586594366383,74.6217851739788,8,96.9632856253889,45.6379223398891,4478
06037482600,27.0284914521288,53.1013615733737,6,62.974486621033,43.0030257186082,6262
06037482701,33.3467523258505,64.649520927887,7,82.0037336652147,47.3903177004539,4323
06037482702,20.7585517449343,39.409984871407,4,43.5718730553827,36.2455874936964,2373
06037482800,32.2741174789379,62.8845184064549,7,88.5376477909147,40.7085224407463,4524
06037500100,14.2945100387705,23.7897125567322,3,27.7909147479776,23.915784165406,4840
06037500201,12.8028413641396,19.9445284921836,2,49.3963907902925,11.9515885022693,7267
06037500202,18.4570354593704,33.8124054462935,4,57.9838207840697,22.7559253656077,4988
06037500300,39.8898558017431,74.798285426122,8,95.718730553827,48.1971759959657,2973
06037500402,56.2978608060268,93.4190620272315,10,87.3304293714997,89.0948058497226,4856
06037500403,44.7336826568803,81.6817952597075,9,98.7429993777225,50.1891074130106,3829
06037500404,45.4315007913866,82.4886535552194,9,87.4673304293715,68.6964195663137,4551
06037500500,38.1925694099167,72.4533535047907,8,72.4953329184817,64.4225920322743,2703
06037500600,51.519079866123,89.4856278366112,9,93.1300560049782,74.1048915784165,4912
06037500700,48.2193241588399,85.7791225416036,9,90.5538270068451,70.8270297528996,7150
06037500800,39.5026061506078,74.1679273827534,8,69.9813316739266,69.6167423096319,5362
06037500900,37.887402331373,71.9238527483611,8,73.2296204107032,63.1240544629349,6363
06037501001,43.9387691771671,80.7362581946546,9,74.6981953951462,76.1472516389309,3046
06037501002,35.5165761710821,68.4190620272315,7,79.0292470441817,53.9712556732224,5013
06037501200,38.9730374771515,73.411497730711,8,85.4387056627256,56.6817952597075,4864
06037501300,29.7781934617536,58.2576903681291,6,57.2121966397013,53.517397881997,7154
06037501400,47.1968374706686,84.6444780635401,9,80.4978220286248,78.7065052950076,3669
06037501501,17.7677287821665,32.1608673726677,4,34.7479775980087,31.6944024205749,2272
06037501503,27.5835480475976,54.0721129601614,6,41.9415059116366,57.5390821986889,5280
06037501504,34.0591959310343,65.9228441754917,7,61.5805849408836,61.6490166414523,3369
06037501600,35.6310055337666,68.6207766011094,7,65.4511512134412,63.1492687846697,7769
06037501700,28.8049251045637,56.5809379727685,6,71.6863721219664,42.8391326273323,3425
06037501802,27.7585749248302,54.4251134644478,6,74.3497199751089,38.8930912758447,3311
06037501803,47.8689059441524,85.3126575895108,9,84.5799626633479,76.5002521432174,4427
06037501804,47.0008847778063,84.4679778113969,9,74.5861854387057,82.6273323247605,2175
06037501900,29.9577798001483,58.5854765506808,6,63.9950217797138,49.7226424609178,4153
06037502003,38.9664659163591,73.3862834089763,8,83.136278780336,58.6359051941503,2634
06037502004,46.4205696236096,83.7745839636914,9,88.9483509645302,69.5663136661624,4251
06037502005,40.3173841041458,75.5168935955623,8,60.4231487243311,78.517397881997,4930
06037502100,51.4215032623737,89.3469490670701,9,94.4866210329807,71.7095310136157,5036
06037502200,58.5866805911046,94.8310640443772,10,94.8973242065961,83.3963691376702,6937
06037502301,62.4830949739768,96.7977811396873,10,99.7261978842564,72.4785678265255,5794
06037502302,55.2395860681435,92.6878466969238,10,97.4611076540137,71.7977811396873,2970
06037502401,48.9119774782273,86.6238023197176,9,91.8481642812694,70.8144225920323,4957
06037502402,50.2262331773927,88.1366616238023,9,89.2843808338519,76.5632879475542,3874
06037502500,53.3254777057538,91.1749873928391,10,97.6228998133167,68.2047402924861,4274
06037502601,52.8573508339871,90.7841654059506,10,97.7846919726198,66.6162380231972,6939
06037502602,45.6099759811485,82.7534039334342,9,84.0074673304294,72.2390317700454,4477
06037502700,54.8846457282686,92.4609178013112,10,99.5395146235221,62.0650529500756,6919
06037502801,40.7571130897605,76.2985375693394,8,91.9726197884256,54.601613716591,6468
06037502802,40.5857174938102,76.0085728693898,8,93.9390168014935,51.9415027735754,3221
06037502901,34.8094094092255,67.2465960665658,7,73.9514623522091,55.2193645990923,5816
06037502902,56.3784975847853,93.5199193141705,10,97.548226509023,73.4619263741805,4168
06037503000,58.7259425462437,94.9445284921836,10,97.3366521468575,78.2778618255169,5606
06037503103,41.2705229889036,77.0423600605144,8,72.0348475420037,71.8103883005547,5204
06037503104,47.1321391881623,84.5940494200706,9,77.3366521468575,80.8623298033283,2542
06037503105,39.4519232539516,74.0796772566818,8,75.5942750466708,65.5194150277357,4228
06037503106,33.7129039039904,65.3429147755925,7,68.8363410080896,55.9253656076652,4091
06037503201,34.6387969672875,67.0070600100857,7,56.4405724953329,66.7423096318709,4144
06037503202,33.6741280191954,65.2420574886536,7,67.2930927193528,56.8835098335855,5028
06037503301,22.1142397971115,42.3978819969743,5,56.9383945239577,33.4341906202723,3374
06037503302,23.4750030024391,45.5118507312153,5,46.4219041692595,42.7004538577912,6784
06037503401,25.8669738608121,50.743822491175,6,64.5675171126322,39.1326273323248,6492
06037503402,24.7438600067345,48.1971759959657,5,75.3578095830741,31.5431164901664,4129
06037503501,32.3147223240634,62.9601613716591,7,51.7112632233976,64.3343419062027,6444
06037503502,24.7562272342194,48.2476046394352,5,47.7162414436839,45.5244578920827,4655
06037503601,26.0387910685892,51.0211800302572,6,58.9919103920349,42.4735249621785,4151
06037503602,15.8872369520873,27.5592536560766,3,56.7890479153702,17.08270297529,4212
06037503701,22.4027867991034,43.0282400403429,5,31.1636589919104,49.2813918305598,4840
06037503702,25.3427247904563,49.5335350479072,5,55.096453018046,42.9147755925366,5516
06037503703,20.3940417226748,38.4518406454866,4,51.5121344119477,31.1522945032779,7622
06037503801,24.7704768542216,48.2602118003026,5,74.0261356565028,32.2491174987393,3851
06037503802,25.3636610671646,49.5965708522441,5,35.980087118855,55.1059001512859,4900
06037503901,19.9939507593051,37.5063035804337,4,53.4909769757312,28.9712556732224,2942
06037503902,37.4166789568621,71.2430660615229,8,90.2177971375233,49.7856782652547,4939
06037504001,27.0713257771826,53.2022188603127,6,51.2009956440572,50.1386787695411,5860
06037504002,24.3948434452938,47.6046394351992,5,47.7660236465464,44.5789208270298,5461
06037504101,39.1729770321083,73.7518910741301,8,84.3061605476042,58.119011598588,4826
06037504102,,,,97.5233354075918,,9
06037530003,41.5150818064492,77.3575390821987,8,98.1829495955196,46.0287443267776,3080
06037530004,52.4382259787103,90.4689863842663,10,94.0883634100809,74.1679273827534,3495
06037530005,43.3736089418161,79.9798285426122,8,96.0298693217175,54.0090771558245,3971
06037530006,46.2504056533202,83.560262228946,9,72.3459863098942,82.6399394856278,4430
06037530101,58.1780881397058,94.6041351487645,10,89.2345986309894,90.4815935451336,5285
06037530102,49.3020380172634,87.178517397882,9,85.065339141257,78.9964699949571,4862
06037530202,46.4710373930785,83.8250126071609,9,89.1972619788426,69.3898134140192,4348
06037530203,51.6187107460815,89.5612708018154,9,91.1263223397635,76.9541099344428,2728
06037530204,45.3726614194371,82.3373676248109,9,62.3646546359676,88.2501260716087,3904
06037530301,49.5959510222119,87.4306606152295,9,65.5631611698818,93.8350983358548,2211
06037530302,49.5577570248704,87.4054462934947,9,78.0584940883634,85.1865859808371,6849
06037530400,51.2133681714509,89.0948058497226,9,91.8730553827007,75.1765002521432,3744
06037530500,64.8961351158544,97.7937468482098,10,95.0466708151836,92.624810892587,3719
06037530601,62.954083560521,97.0625315179022,10,96.764156813939,86.3212304589007,2930
06037530602,56.5925427148155,93.709026727181,10,96.6894835096453,76.48764498235,1769
06037530700,64.3821908453562,97.5794251134645,10,99.3154947106409,78.958648512355,2157
06037530801,58.2141786873873,94.6167423096319,10,92.8562538892346,86.1951588502269,5407
06037530802,50.0383042402622,87.922339889057,9,96.9508400746733,64.0695915279879,3165
06037530901,46.9433373560436,84.3419062027232,9,78.2825140012446,79.8663640948058,3684
06037530902,51.6750986910889,89.6747352496218,9,82.7878033602987,85.2370146243066,3840
06037531000,60.3309842837679,95.8774583963691,10,97.5108898568762,80.0932929904186,5133
06037531101,60.9774662608925,96.2304589006556,10,93.6652146857498,89.1830559757943,4851
06037531102,57.4579031989092,94.1754916792738,10,94.6110765401369,82.0726172465961,3210
06037531201,50.7592801640164,88.6157337367625,9,93.0429371499689,72.6172465960666,5530
06037531202,51.4233164570228,89.3595562279375,9,76.8512756689483,89.4604135148764,4431
06037531301,67.8938393017835,98.5627836611195,10,97.38643434972,91.5658093797277,4824
06037531302,73.7088722998116,99.5461422087746,10,99.3030491599253,91.6540595057993,6215
06037531502,52.8312083255781,90.7463439233485,10,85.5382700684505,84.8966212808875,3397
06037531503,56.069976483079,93.2803832576904,10,93.5905413814561,81.3666162380232,2753
06037531504,60.4938281477752,96.0035300050429,10,84.5550715619166,96.7347453353505,4250
06037531602,57.765856226883,94.3898134140192,10,85.3515868077162,93.2047402924861,4432
06037531603,48.0789560347304,85.6152294503278,9,69.6826384567517,88.4014120020171,3409
06037531604,48.8553775015348,86.5733736762481,9,69.3839452395768,90.0025214321735,3775
06037531701,44.2220869314457,81.1270801815431,9,68.6745488487866,81.1144730206757,5375
06037531702,60.9241915402021,96.2052445789208,10,86.5463596764157,95.9909228441755,5163
06037531800,38.788131057186,73.2097831568331,8,55.3204729309272,78.6308623298033,4960
06037531901,51.6368372220173,89.5738779626828,9,81.0703173615433,86.6490166414523,6237
06037531902,52.0199363135437,90.0655572365103,10,78.5314250155569,89.3847705496722,4763
06037532001,62.2705933690982,96.6338880484115,10,95.6191661481021,87.9349470499244,3036
06037532002,60.5821335724086,96.0539586485123,10,90.031113876789,93.0786686838124,3360
06037532101,50.9421447275408,88.8048411497731,9,83.3105164903547,83.3459404942007,6747
06037532102,36.1481717681145,69.4402420574887,7,71.2134411947729,60.5648008068583,3936
06037532200,52.1484781150896,90.1790216843167,10,97.5731176104543,66.2002017145739,7363
06037532302,74.0577266959319,99.5839636913767,10,99.838207840697,87.2541603630862,4881
06037532303,61.5018183080903,96.3943519919314,10,99.4275046670815,73.3862834089763,4599
06037532304,69.999705411202,99.0796772566818,10,99.8257622899813,82.1230458900656,4013
06037532400,,,,97.809583074051,,45
06037532500,66.2887650838413,98.1467473524962,10,98.6185438705663,85.7413010590015,4195
06037532603,69.063775529479,98.8905698436712,10,94.0634723086497,97.7054967221382,3289
06037532604,57.6478167545128,94.3267776096823,10,85.0528935905414,93.267776096823,2739
06037532605,53.8820074698118,91.5279878971256,10,78.2202862476665,92.6878466969238,3301
06037532606,55.6998353742798,93.0282400403429,10,72.8064716863721,97.3777105395865,4405
06037532700,63.9196470973433,97.4533535047907,10,95.357809583074,90.7967725668179,3417
06037532800,65.5401404799407,97.9450327786183,10,92.8811449906658,95.940494200706,4590
06037532900,66.8685593498605,98.3862834089763,10,87.7286869943995,99.357034795764,7058
06037533001,67.5629827050827,98.4997478567826,10,90.1680149346609,99.0166414523449,4709
06037533002,69.2918976009523,98.9283913262733,10,94.835096453018,97.2390317700454,2705
06037533103,57.3323485009763,94.0746343923348,10,88.8363410080896,89.4478063540091,3283
06037533104,44.0746555630004,80.9379727685325,9,60.8711885500934,86.5607665153807,4415
06037533105,55.3087747025471,92.7508825012607,10,66.8823895457374,99.0418557740797,2510
06037533106,42.9172614326684,79.3620776601109,8,57.5357809583074,86.3590519415028,1655
06037533107,49.4360660844853,87.3298033282905,9,64.3186060983198,94.2259203227433,3503
06037533201,54.5641363803891,92.1457387796268,10,83.4847542003734,89.6116994452849,2788
06037533202,50.9149280447869,88.767019667171,9,80.0124455507156,86.232980332829,3124
06037533203,49.4250182303569,87.3171961674231,9,73.4785314250156,88.1618759455371,1931
06037533300,57.5679892954996,94.2637418053454,10,90.5040448039826,87.9853756933938,3346
06037533401,57.0785250285319,93.9233484619264,10,95.0715619166148,80.6606152294503,5098
06037533402,52.5195648436322,90.5194150277357,10,82.6757934038581,86.8885526979324,4240
06037533403,62.4421214081917,96.7599596570852,10,96.1045426260112,87.178517397882,2848
06037533501,54.5886158300789,92.183560262229,10,87.6664592408214,85.8547655068079,3051
06037533502,43.7767149551726,80.5219364599092,9,68.9234598630989,80.0050428643469,2143
06037533503,47.8747453468141,85.3252647503782,9,68.6994399502178,88.7544125063036,2141
06037533601,55.4938032512488,92.9021684316692,10,90.7405102675793,84.1149773071104,4762
06037533602,60.103732479135,95.7261724659607,10,92.1966397013068,89.8008068582955,5546
06037533603,62.9310439667635,97.0499243570348,10,93.0304915992533,92.9399899142713,6986
06037533701,51.649339508006,89.5990922844176,9,96.3783447417548,68.6081694402421,2998
06037533702,55.7838761891022,93.1038830055471,10,85.5133789670193,90.0403429147756,3543
06037533703,64.413463049859,97.5920322743318,10,97.2370877411325,87.0902672718104,5259
06037533803,51.3583529088322,89.2839132627332,9,82.090852520224,85.2244074634392,6324
06037533804,47.4181676622555,84.9218356026223,9,70.7031736154325,86.2960161371659,4207
06037533805,55.765857671467,93.0786686838124,10,89.3217174859987,86.4725163893091,3485
06037533806,71.9976157771303,99.3696419566314,10,99.0665836963286,90.9354513363591,3794
06037533901,60.6667762588535,96.1296016137166,10,97.7473553204729,79.9293998991427,6320
06037533902,62.8136607696298,97.0247100353001,10,94.7479775980087,90.2294503277862,4049
06037534001,54.3416021896031,91.9692385274836,10,93.3789670192906,79.0090771558245,5125
06037534002,43.1343528890275,79.70247100353,8,91.7237087741132,59.846192637418,4628
06037534101,63.3150478555378,97.226424609178,10,99.3901680149347,76.7271810388301,2358
06037534102,71.8971217833275,99.3444276348966,10,98.0460485376478,94.5789208270298,6219
06037534201,72.6859617275051,99.4326777609682,10,99.8879900435594,84.3545133635905,4768
06037534202,73.8247157965468,99.558749369642,10,96.9881767268202,97.869389813414,5748
06037534203,66.7296650047855,98.3610690872415,10,97.8967019290604,88.6283408976299,3206
06037534301,71.4032500454476,99.2813918305598,10,98.3945239576851,93.2299546142209,4320
06037534302,70.4498346706394,99.1805345436208,10,97.1624144368388,94.9193141704488,3720
06037534403,46.3648925986723,83.7241553202219,9,62.7006845052894,89.7377710539587,2795
06037534404,51.9221305792513,89.9268784669692,9,89.5332918481643,79.500756429652,3677
06037534405,63.8277187870454,97.4155320221886,10,93.5532047293093,93.3560262228946,4351
06037534406,59.4358819998384,95.3227433182047,10,93.4287492221531,87.2037317196167,5027
06037534501,47.0480359237202,84.5436207766011,9,70.2800248911014,85.8295511850731,5226
06037534502,60.3861486787614,95.9278870398386,10,91.0267579340386,91.9188098840141,4654
06037534700,35.1915222673802,67.8769541099344,7,55.2831362787803,69.4654563792234,4435
06037534802,47.3475062182526,84.8587997982854,9,52.9807093963908,97.1633888048411,3136
06037534803,50.6425988643422,88.5274836106909,9,68.2389545737399,93.8477054967221,4589
06037534804,54.0118630922001,91.6918809884014,10,83.8332296204107,88.5905194150277,3736
06037534900,57.5658325884357,94.2511346444781,10,88.6869943995022,89.9142713061019,6319
06037535001,63.0483904036606,97.1003530005043,10,84.3932794026136,98.7644982349975,4512
06037535002,61.5771094501075,96.4447806354009,10,83.92034847542,97.9576399394856,3648
06037535101,63.9472510287128,97.4785678265255,10,86.4219041692595,98.6258194654564,7949
06037535102,62.0863587121936,96.5456379223399,10,83.0367143746111,98.7014624306606,4621
06037535200,62.0170694468188,96.5204236006051,10,78.6060983198506,99.558749369642,6111
06037535300,63.6649130716209,97.327281896117,10,94.1008089607965,92.4104891578417,6524
06037535400,74.9002137552798,99.6343923348462,10,96.1792159303049,99.2309631870903,3553
06037535501,56.2966251448705,93.3938477054967,10,89.3839452395769,87.3171961674231,3898
06037535502,45.810606859554,83.018154311649,9,58.4194150591164,91.6918809884014,5411
06037535503,42.2610139589124,78.4039334341906,8,49.7199751088986,91.238023197176,2240
06037535603,62.7873970793854,97.0121028744327,10,93.6527691350342,91.8935955622794,3998
06037535604,62.1868453719115,96.5960665658094,10,93.2047293092719,91.780131114473,4476
06037535605,50.3139153071736,88.2249117498739,9,72.5202240199129,90.4311649016641,4440
06037535606,60.7557837681998,96.1548159354513,10,94.4741754822651,87.8340897629854,2007
06037535607,55.6236259284045,92.965204236006,10,91.5868077162415,83.5098335854766,4946
06037535701,40.7548496278423,76.285930408472,8,82.61356565028,63.0358043368633,5237
06037535702,52.643310572775,90.6328794755421,10,80.3858120721842,89.006555723651,5638
06037535802,37.4121643332146,71.2178517397882,8,57.809583074051,72.970247100353,6600
06037535803,42.2038471385001,78.315683308119,8,53.9887990043559,87.7080181543116,4246
06037535804,46.6588662250526,84.0141200201715,9,59.7759800871189,92.4987392839133,5328
06037535901,59.0648045443595,95.1210287443268,10,89.8942128189172,91.1497730711044,5578
06037535902,38.2653247287434,72.5542107917297,8,64.8786558805227,70.196671709531,7209
06037536000,66.3764899493979,98.1845688350983,10,98.9047915370255,84.0015128593041,3701
06037536102,63.7326586587594,97.3524962178517,10,99.9128811449907,71.7473524962179,3155
06037536103,66.4288479979201,98.2349974785678,10,98.6683260734287,85.8421583459405,5353
06037536104,75.1077195959605,99.6722138174483,10,99.9377722464219,86.6111951588502,3900
06037536200,57.4607314738958,94.1880988401412,10,97.6975731176105,74.7478567826525,7281
06037540000,68.4743760166138,98.7644982349975,10,97.3242065961419,92.5491679273828,7139
06037540101,51.259612991672,89.1956631366616,9,90.2053515868077,77.4205748865355,6743
06037540102,53.3440693119946,91.1875945537065,10,93.4660858742999,76.8784669692385,6905
06037540201,40.529378287472,75.9203227433182,8,61.929060360921,77.7231467473525,2587
06037540202,49.2992729004024,87.1659102370146,9,71.8606098319851,89.0317700453858,7116
06037540203,65.110790781869,97.8567826525466,10,90.65339141257,97.2138174483106,5807
06037540300,55.8613045486301,93.1417044881493,10,97.8593652769135,71.5204236006051,4728
06037540400,70.562171607022,99.2057488653555,10,96.7890479153702,95.7135653050933,2109
06037540501,60.2950097423522,95.8648512355018,10,98.3198506533914,77.672718103883,6713
06037540502,63.6621434139867,97.3146747352496,10,94.0261356565028,92.5113464447806,6163
06037540600,62.3352572379248,96.6464952092789,10,93.2420659614188,91.9314170448815,4981
06037540700,72.5706675086486,99.3948562783661,10,95.3827006845053,98.7897125567322,3230
06037540800,51.4782350782317,89.4351991931417,9,94.2501555693839,72.1507816439738,5287
06037540901,72.2529864979648,99.3822491174987,10,96.0174237710019,98.1467473524962,4904
06037540902,58.7009227859818,94.9067070095814,10,91.1138767890479,89.1578416540595,4707
06037541001,53.9843053860377,91.6666666666667,10,97.1499688861232,70.4362077660111,1144
06037541002,54.6924000866498,92.2718103883006,10,99.477286869944,62.3298033282905,3318
06037541100,59.9129032961775,95.6631366616238,10,96.5899191039204,82.2491174987393,3251
06037541200,59.1444648301078,95.196671709531,10,97.0752955818295,79.4755421079173,6546
06037541300,55.5209352494565,92.9399899142713,10,80.3235843186061,93.6838124054463,5512
06037541400,56.5529421622951,93.6712052445789,10,80.7716241443684,94.8310640443772,7989
06037541500,59.1168560218632,95.1462430660615,10,89.6826384567517,91.4901664145234,6273
06037541603,65.989686050546,98.0963187090267,10,95.4449284380834,93.2929904185577,3059
06037541604,65.8063526332548,98.0458900655572,10,93.7025513378967,95.3227433182047,5917
06037541605,65.3102634274908,97.9072112960161,10,91.2134411947729,97.0247100353001,4805
06037541606,61.0241283442303,96.2556732223903,10,88.9359054138146,94.6923852748361,2348
06037541700,63.3406555288501,97.2390317700454,10,95.1337896701929,90.4689863842663,6638
06037541801,51.3873294835936,89.3217347453353,9,80.7218419415059,86.4851235501765,6180
06037541802,52.7360486680547,90.695915279879,10,95.5818294959552,72.0877458396369,5306
06037542000,52.2868646323986,90.3429147755925,10,69.6950840074673,95.2218860312658,4708
06037542103,46.6415326424482,84.0015128593041,9,56.0423148724331,94.7806354009077,3685
06037542104,55.2809486508862,92.725668179526,10,85.488487865588,89.2460917801311,3473
06037542105,54.4013910544269,92.0448814926878,10,71.698817672682,96.6086737266768,4781
06037542106,65.6676371629033,97.9954614220877,10,91.7361543248289,96.9742813918306,3523
06037542200,73.9205977923478,99.5713565305093,10,97.8344741754823,96.5204236006051,7155
06037542401,73.1630047175589,99.4831064044377,10,96.07965152458,98.6762481089259,4735
06037542402,80.7088130303389,99.9369641956631,10,99.7759800871189,95.4614220877458,3306
06037542501,52.1015780481453,90.1412002017146,10,65.0404480398258,97.0877458396369,4891
06037542502,66.2068911627187,98.1341401916288,10,90.8027380211574,98.0206757438225,5006
06037542601,64.6931455623952,97.6928895612708,10,91.9975108898569,95.8648512355018,3295
06037542602,60.2676952374387,95.839636913767,10,90.7156191661481,92.0070600100857,5934
06037542700,50.8792572880304,88.7291981845688,9,73.4287492221531,90.7841654059506,6129
06037542800,50.2301935908531,88.1492687846697,9,77.7598008711885,86.7246596066566,2980
06037542900,54.4515863231919,92.08270297529,10,80.8960796515246,91.7044881492688,3254
06037543000,65.7544061199989,98.0206757438225,10,96.8263845675171,90.2420574886536,4531
06037543100,62.4304163093293,96.7473524962179,10,99.1785936527691,76.6641452344932,7254
06037543201,59.3295121101972,95.2597075138679,10,88.5500933416304,92.8517397881997,3605
06037543202,79.2901191067663,99.9117498739284,10,99.2532669570628,96.8986384266263,5124
06037543304,35.3639225039343,68.0786686838124,7,56.2041070317362,69.2133131618759,5872
06037543305,56.2084065968959,93.3560262228946,10,99.3528313627878,65.8219868885527,3776
06037543306,42.8968528734942,79.3116490166415,8,96.0920970752956,53.1896116994453,7863
06037543321,35.2011100595033,67.8895612708018,7,83.5967641568139,50.2269288956127,5446
06037543322,38.5747369533477,72.9828542612204,8,79.1412570006223,60.8547655068079,7959
06037543400,55.9784946794749,93.2551689359556,10,99.8506533914126,60.9556227937468,3731
06037543501,53.6668284184831,91.439737771054,10,97.4237710018668,69.3772062531518,7457
06037543502,51.1046942105408,89.006555723651,9,96.502800248911,67.423096318709,4218
06037543503,44.7008123409192,81.6061522945033,9,95.8929682638457,56.4674735249622,5696
06037543601,35.457542772499,68.3812405446293,7,60.8214063472309,65.9858799798285,3781
06037543602,31.9524422324401,62.3424104891578,7,81.2072184194151,44.7806354009077,7864
06037543603,33.1712002693408,64.409984871407,7,86.0360920970753,44.4402420574887,4301
06037543604,39.1682537197302,73.7266767523954,8,77.8718108276291,63.1744831064044,5226
06037543701,37.5608260989564,71.4195663136662,8,54.0261356565028,76.5254664649521,3057
06037543702,42.5596282157748,78.7317196167423,8,67.8282514001245,78.1643973777105,6637
06037543703,34.9599852317757,67.4735249621785,7,82.352209085252,50.6681795259707,3370
06037543801,57.1357158413007,93.9863842662632,10,98.4069695084007,72.3146747352496,5159
06037543802,48.2094399044957,85.7665153807363,9,91.0765401369011,70.5118507312153,6478
06037543903,54.335681486442,91.9566313666162,10,96.4530180460485,73.0584972264246,3740
06037543905,56.2548962582967,93.3812405446293,10,84.4555071561917,91.8053454362078,4636
06037544001,56.5455392574355,93.6207766011094,10,96.2289981331674,77.5088250126072,4574
06037544002,45.5049307388153,82.5642965204236,9,95.9676415681394,57.8668683812405,3187
06037550000,,,,93.2794026135657,,1982
06037550100,47.0123307872947,84.505799293999,9,96.7766023646546,59.0015128593041,7329
06037550201,37.2494089263387,70.8900655572365,8,86.5090230242688,52.6222894604135,2911
06037550202,44.3088691533654,81.2531517902168,9,86.1978842563783,67.8517397881997,5710
06037550300,53.7403487848694,91.4901664145234,10,99.2657125077785,62.2415532022189,8421
06037550400,35.2342182172063,67.9147755925366,7,84.1692594897324,49.9495713565305,1226
06037550500,34.1834236531609,66.2506303580434,7,89.1101431238332,44.3772062531518,8316
06037550601,36.7394470954922,70.1714573877963,8,96.6521468574985,40.8598083711548,5960
06037550602,28.0283296852882,55.0428643469491,6,65.7373988799004,44.2763489662128,4328
06037550700,39.7606117601178,74.6343923348462,8,98.7181082762912,41.7170953101362,6104
06037550800,40.8467370718896,76.3615733736763,8,96.241443683883,49.0166414523449,7403
06037550901,39.0742294436425,73.6006051437216,8,74.2750466708152,65.494200706001,4141
06037550902,26.4940755367642,51.9667170953101,6,51.8108276291226,48.1341401916288,5803
06037551000,37.6191292518187,71.5078164397378,8,94.2003733665215,45.9278870398386,7281
06037551101,43.124152615873,79.6898638426626,8,94.2874922215308,55.9757942511346,3964
06037551102,51.4467471539315,89.3973777105396,9,98.2078406969508,63.1618759455371,5427
06037551201,25.4502091925359,49.7604639435199,5,46.1481020535159,48.5753908219869,3272
06037551202,38.109739949847,72.3524962178517,8,78.0460485376478,60.690872415532,7840
06037551300,42.5997399706147,78.8199697428139,8,86.2352209085252,63.9056984367121,5449
06037551401,47.0071272287607,84.4805849722643,9,93.4038581207218,65.1790216843167,4582
06037551402,36.2871060854728,69.5284921835603,7,72.843808338519,59.7957639939486,4677
06037551501,37.3109031049604,71.0791729702471,8,91.6614810205352,48.3106404437721,4596
06037551502,26.4461047331828,51.8028240040343,6,56.7143746110765,44.8940998487141,4898
06037551600,,,,57.5731176104543,,31
06037551700,42.9658124429088,79.4377206253152,8,79.4399502177971,70.4614220877458,6262
06037551800,45.5241840856907,82.6021180030257,9,94.3372744243933,60.791729702471,7267
06037551900,47.5402177853235,84.9974785678265,9,89.9191039203485,70.4866364094806,5203
06037552001,40.2523704830544,75.3782148260212,8,74.1381456129434,68.3055975794251,4188
06037552002,45.4756739566386,82.5516893595562,9,71.1387678904791,81.8961169944529,3409
06037552100,48.0390013220653,85.5143721633888,9,71.5494710640946,86.8507312153303,6624
06037552200,49.1341747630891,86.9137670196672,9,86.5712507778469,77.0045385779123,5686
06037552301,48.7106979908514,86.3968734241049,9,95.8805227131301,64.1200201714574,4482
06037552302,43.5293977337965,80.1563287947554,9,92.6073428749222,59.5436207766011,4107
06037552400,55.9182670307844,93.1921331316188,10,95.6316116988177,77.6979324256178,2423
06037552601,42.969246413886,79.4503277861826,8,66.9570628500311,79.6772566817953,5260
06037552602,50.121189870368,88.0105900151286,9,76.4530180460485,87.4558749369642,4416
06037552700,43.5847284367235,80.2193645990923,9,76.6272557560672,73.9914271306102,6819
06037552800,37.1132522327163,70.7513867876954,8,61.1823273179838,70.0075642965204,6198
06037552900,40.5895662506589,76.0211800302572,8,68.3385189794649,73.2097831568331,7156
06037553000,38.4341060046204,72.8567826525466,8,75.8307405102676,62.7458396369138,5033
06037553100,40.7165834343428,76.2102874432678,8,81.0827629122589,64.1452344931921,6770
06037553200,35.5668318152486,68.5325264750378,7,73.9639079029247,57.0095814422592,7637
06037553300,36.5983740542949,70.0201714573878,8,61.2196639701307,68.6712052445789,3214
06037553400,39.9352534744309,74.8865355521936,8,74.312383322962,67.4735249621785,3495
06037553502,46.7756562641073,84.1149773071104,9,89.0603609209708,70.0706001008573,4066
06037553503,35.7512638716311,68.7720625315179,7,65.849408836341,63.2123045890065,2906
06037553504,52.2473282273705,90.3177004538578,10,89.0728064716864,80.3958648512355,5363
06037553601,58.8075224500266,95.0075642965204,10,98.2700684505289,75.4160363086233,4699
06037553602,49.76441725373,87.5945537065053,9,94.7604231487243,68.368633383762,4752
06037553701,62.6645669642867,96.9238527483611,10,98.332296204107,81.1649016641452,3981
06037553702,60.1244002436011,95.7513867876954,10,96.2165525824518,83.320726172466,4723
06037553801,60.4350984967863,95.940494200706,10,92.2713130056005,90.4185577407968,4954
06037553802,64.6885206504349,97.6802824004034,10,97.7224642190417,86.0943015632879,6881
06037553901,46.4957619143383,83.862834089763,9,85.1897946484132,73.0206757438225,6773
06037553902,46.5355553442041,83.8880484114977,9,83.7834474175482,74.2939989914271,5415
06037554001,40.6232210604851,76.084215834594,8,64.0074673304294,76.3741805345436,3756
06037554002,46.2390465205275,83.5224407463439,9,72.1344119477287,82.7155824508321,5856
06037554101,44.0292435425282,80.9001512859304,9,65.6751711263223,82.9299041855774,3548
06037554103,26.4794502681859,51.9036812909733,6,37.0877411325451,57.9046898638427,1396
06037554104,43.0258536957305,79.5511850731215,8,58.9296826384567,85.4891578416541,2414
06037554105,49.3583464709552,87.2541603630862,9,66.3845675171126,92.9778113968734,4478
06037554201,37.8268916417854,71.8356026222895,8,69.3341630367144,65.9606656580938,4356
06037554203,42.7069655990953,78.958648512355,8,70.8525202240199,76.1976802824004,3730
06037554204,37.6516880269909,71.5582450832073,8,58.6309894212819,72.9198184568835,4313
06037554301,46.1701982976641,83.4467977811397,9,86.7952706907281,70.7513867876954,3499
06037554302,51.8576037732287,89.851235501765,9,84.181705040448,84.2284417549168,4393
06037554403,50.9969705159281,88.8678769541099,9,81.5805849408836,84.9596570852244,5848
06037554404,44.5503903653536,81.4548663640948,9,68.6123210952085,81.9465456379223,4206
06037554405,38.2063315097935,72.4659606656581,8,76.5650280024891,61.8255168935956,3015
06037554406,31.1116856615341,60.8799798285426,7,73.5407591785936,47.1507816439738,4766
06037554511,34.7740842196055,67.1961674230963,7,86.4965774735532,47.2642460917801,4140
06037554512,32.3169652170043,62.9727685325265,7,72.9060360920971,50.3151790216843,6455
06037554513,22.8745279214577,44.1628845184065,5,41.5432482887368,43.9485627836611,2758
06037554514,18.8283442817729,34.7957639939486,4,57.3988799004356,24.0796772566818,4700
06037554515,13.0997205953603,20.738779626828,3,41.3192283758556,15.0151285930408,3793
06037554516,21.8740163131121,41.9566313666162,5,39.6017423771002,41.9188098840141,3885
06037554517,21.4901246789701,41.0993444276349,5,53.9265712507778,33.2450832072617,4510
06037554518,21.6543990783735,41.3767019667171,5,66.5090230242688,27.7105395864851,5511
06037554519,23.3519022369581,45.3353504790721,5,41.5183571873055,45.2471003530005,3498
06037554521,31.67375964794,61.737266767524,7,89.34660858743,38.8048411497731,5949
06037554522,25.344183975984,49.5713565305093,5,88.4131922837586,26.285930408472,4944
06037554600,31.8684980472049,62.1406959152799,7,72.2588674548849,49.6091780131114,4173
06037554700,35.6897732497254,68.6964195663137,7,62.2028624766646,65.6328794755421,4328
06037554801,38.023574417077,72.1886031265759,8,82.6260112009956,56.833081190116,2744
06037554802,36.5563278702826,69.9571356530509,7,65.8120721841942,65.393343419062,6378
06037554900,32.8556988335081,63.7291981845688,7,74.4741754822651,50.7690368129097,7636
06037555001,43.1591442511316,79.7276853252648,8,78.0211574362166,72.0373171961674,5321
06037555002,32.1901006351026,62.7584467977811,7,87.0441817050404,41.4271306101866,3625
06037555102,38.9610782781612,73.3610690872415,8,70.3795892968264,68.0408472012103,5987
06037555103,32.7542181650881,63.6283408976299,7,53.1176104542626,64.4730206757438,4873
06037555104,31.5139276710242,61.5229450327786,7,54.8102053515868,59.8840141200202,4210
06037555202,15.0505204888265,25.6555723651034,3,72.2837585563161,11.4220877458396,3661
06037555211,52.2442978246211,90.3050932929904,10,88.1144990665837,81.3287947554211,5652
06037555212,40.2110441667776,75.302571860817,8,59.6764156813939,78.7443267776097,5110
06037570001,19.7979573344715,36.9389813414019,4,57.8344741754823,26.4246091780131,4764
06037570002,21.9611660412322,42.0448814926878,5,37.7224642190417,43.5451336359052,2679
06037570003,22.9440225379026,44.3267776096823,5,63.3229620410703,32.5895108421583,4119
06037570100,56.8111649852624,93.7972768532526,10,91.2009956440572,85.9430156328795,3192
06037570202,68.1992647571599,98.6762481089259,10,99.2781580584941,84.3923348461926,6124
06037570203,69.3798588087769,98.9409984871407,10,97.1748599875545,93.7720625315179,4165
06037570204,61.0281411146876,96.2682803832577,10,93.2171748599876,89.9268784669692,4201
06037570301,71.4203062108038,99.2939989914271,10,96.3658991910392,97.1129601613717,7273
06037570303,51.0253337426227,88.8804841149773,9,74.77286869944,90.1790216843167,4471
06037570304,49.5851234504091,87.4180534543621,9,82.9495955196017,81.1396873424105,5094
06037570402,71.2143346008294,99.2309631870903,10,98.3696328562539,93.0282400403429,3400
06037570403,74.3686763105795,99.5965708522441,10,97.2246421904169,97.8946041351488,4832
06037570404,60.464601172662,95.9783156833081,10,92.6820161792159,89.750378214826,3676
06037570501,63.6714488381312,97.3398890569844,10,94.051026757934,92.4483106404438,8042
06037570502,69.3881311037086,98.9536056480081,10,98.3447417548226,90.8472012102874,6588
06037570601,47.6523802155205,85.0605143721634,9,62.4393279402614,92.5365607665154,5610
06037570602,48.0480775857736,85.5395864851236,9,78.5687616677038,81.8078668683812,6177
06037570603,48.7205846612679,86.4094805849723,9,82.8251400124456,79.6646495209279,5172
06037570701,38.9948777484837,73.4367120524458,8,90.2800248911014,52.9878971255673,7372
06037570702,32.320292082792,62.9853756933939,7,63.4598630989421,55.7236510337872,2296
06037570800,23.053625570281,44.6419566313666,5,57.1001866832607,35.8421583459405,5300
06037570901,22.2386229664063,42.624810892587,5,68.7616677037959,28.1896116994453,5752
06037570902,15.9975407763939,27.8113968734241,3,43.2980709396391,22.0499243570348,3583
06037571000,22.5136716690916,43.2803832576904,5,75.7062850031114,25.9077155824508,5628
06037571101,20.0294920875031,37.61976802824,4,54.5612943372744,28.4417549167927,4402
06037571102,22.1676819548123,42.4735249621785,5,40.5724953329185,42.2718103883006,4073
06037571200,19.8920796117447,37.2541603630862,4,67.5295581829496,22.970247100353,8175
06037571300,25.2299986150308,49.2939989914271,5,72.1841941505912,34.2788703983863,4484
06037571400,35.0443007169151,67.6374180534544,7,71.2009956440573,57.6651538073626,4844
06037571502,29.1576491289617,57.1860816944024,6,49.1101431238332,56.933938477055,4739
06037571503,29.4339622581759,57.6525466464952,6,53.7025513378967,54.7150781643974,3878
06037571504,30.201593010802,59.0897629853757,6,62.1281891723709,51.5506807866868,4512
06037571600,44.7107872408182,81.631366616238,9,50.8400746733043,94.9445284921836,2309
06037571701,58.3363720496328,94.6671709531014,10,91.3130056004978,88.4896621280888,6247
06037571703,47.7823424257537,85.2244074634392,9,59.6639701306783,94.4402420574887,3557
06037571704,45.0791332265187,82.0978315683308,9,55.8929682638457,92.2339889056984,4076
06037571800,16.0125096040128,27.874432677761,3,88.0896079651525,9.56883509833585,3222
06037571900,30.8077026020213,60.3000504286435,7,81.2694461729932,42.1583459404942,5413
06037572001,24.4890091781635,47.7811396873424,5,84.2439327940261,26.7019667170953,5957
06037572002,42.1128513584796,78.21482602118,8,83.1238332296204,65.6580937972768,4723
06037572100,45.242274179949,82.2491174987393,9,88.724331051649,67.2339889056984,1113
06037572201,41.7556093116837,77.7231467473525,8,93.4411947728687,54.7655068078669,5592
06037572202,38.1056804763003,72.3398890569844,8,87.6166770379589,53.315683308119,3614
06037572301,69.6468870713904,99.0166414523449,10,98.5438705662726,90.5698436712052,3841
06037572302,51.1402978346955,89.0569843671205,9,87.7660236465464,79.6394351991931,3610
06037572400,51.0837225582203,88.9813414019163,9,91.3005600497822,75.7060010085729,1425
06037572500,59.3674709274141,95.2723146747352,10,82.0535158680772,96.9238527483611,3643
06037572600,56.8437347374372,93.80988401412,10,95.1835718730554,80.1311144730207,5357
06037572700,50.8928255422642,88.7544125063036,9,89.607965152458,77.4331820474029,5268
06037572800,60.1591020440251,95.7766011094302,10,89.7822028624767,92.8391326273323,986
06037572900,62.9666311071761,97.0751386787695,10,95.0217797137523,89.9646999495714,5360
06037573002,53.9840268584466,91.6540595057993,10,80.9831985065339,90.8219868885527,4086
06037573003,41.2685285708294,77.029752899647,8,84.6421904169259,62.4936964195663,1843
06037573004,43.8672413159753,80.648008068583,9,77.5731176104543,74.0040342914776,4577
06037573100,48.7248824414075,86.4220877458396,9,81.3565650280025,80.8245083207262,7547
06037573201,62.6929390682227,96.9364599092284,10,89.9564405724953,95.5118507312153,4597
06037573202,58.2856849075819,94.6293494704992,10,83.5843186060983,95.0201714573878,6379
06037573300,52.3944845916324,90.4185577407968,10,73.5656502800249,93.1417044881493,4158
06037573401,37.0108475374918,70.6001008572869,8,96.4032358431861,41.7423096318709,1642
06037573402,42.8973761596977,79.3242561775088,8,90.9769757311761,60.1991931417045,6384
06037573403,28.6313896941885,56.1775088250126,6,76.2538892345986,40.0025214321735,3519
06037573601,16.397237305885,28.7695410993444,3,41.5930304915993,23.9662128088754,6402
06037573700,12.1224598154805,18.2803832576904,2,41.9912881144991,12.2289460413515,5009
06037573800,10.1407657651606,13.262733232476,2,58.7927815805849,5.58497226424609,4309
06037573902,18.5624099894262,34.1023701462431,4,76.7019290603609,17.1331316187595,2031
06037574000,13.4901759021086,21.6591023701462,3,67.1437461107654,9.66969238527484,5165
06037574100,12.8626658599762,20.1336359051942,3,70.0808960796515,8.24508320726173,5014
06037574201,25.0994232592924,48.9031770045386,5,75.5444928438083,32.4256177508825,3100
06037574202,24.2512506477442,47.3020675743822,5,97.1873055382701,17.7634896621281,2251
06037574300,13.8736949806214,22.6802824004034,3,84.4306160547604,7.37518910741301,6052
06037574400,22.6668388255745,43.6207766011094,5,88.3758556316117,20.9531013615734,5474
06037574500,10.8198525118589,15.0151285930408,2,84.0696950840075,3.93343419062027,6631
06037574601,,,,32.3584318606098,,2276
06037574602,10.5466540368928,14.2713061018659,2,58.7803360298693,6.11447302067574,1291
06037574700,,,,59.6515245799627,,133
06037574800,25.5395725954463,49.9621785173979,5,73.9390168014935,34.2032274331821,2961
06037574901,11.2257603672002,15.9984871406959,2,49.7448662103298,8.81240544629349,3697
06037574902,24.469021858982,47.7433182047403,5,51.1885500933416,42.9021684316692,5549
06037575001,21.2611233215688,40.4563792233989,5,61.9041692594897,28.4921835602622,3688
06037575002,27.8665375346575,54.6898638426626,6,60.4853764779091,46.482602118003,4843
06037575101,44.8384485121598,81.8078668683812,9,54.5986309894213,92.5869894099849,4339
06037575102,40.3405705350181,75.5547150781644,8,52.5451151213441,84.4805849722643,4151
06037575103,38.4701999848975,72.9198184568835,8,59.3030491599253,74.6217851739788,5171
06037575201,45.3992685886883,82.4382249117499,9,46.9072806471686,97.6676752395361,4772
06037575202,48.5099388888794,86.1699445284922,9,46.1356565028002,99.697428139183,4175
06037575300,59.5689294754934,95.4614220877458,10,75.7809583074051,99.2435703479576,4360
06037575401,69.6601585462911,99.0292486132123,10,92.4704418170504,99.0292486132123,4788
06037575402,64.7335354544935,97.7181038830055,10,80.1369010578718,99.899142713061,4129
06037575500,,,,97.7349097697573,,93
06037575801,67.0557437407634,98.4367120524458,10,90.5164903546982,98.6888552697932,2254
06037575802,65.5681948166733,97.9576399394856,10,82.0784069695084,99.8361069087241,5664
06037575803,56.7038975790425,93.7342410489158,10,76.2912258867455,97.0373171961674,3229
06037575901,51.7023563073072,89.6999495713565,9,80.0497822028625,87.6071608673727,3553
06037575902,48.29738882786,85.89258698941,9,78.9794648413192,81.9717599596571,5208
06037576001,42.1875481241558,78.2904689863843,8,88.5874299937772,61.0564800806858,5174
06037576200,51.1731626616016,89.0821986888553,9,74.3621655258245,90.8093797276853,5324
06037576301,48.2320311727771,85.8043368633384,9,70.9023024268824,87.7584467977811,4165
06037576302,53.6346345744911,91.4019162884518,10,60.3733665214686,99.4452849218356,4077
06037576401,43.4539078086927,80.0806858295512,9,49.2594897324207,93.709026727181,5021
06037576402,39.4472617732929,74.0544629349471,8,35.9676415681394,95.2092788703984,5015
06037576403,39.1526382645794,73.7014624306606,8,34.5115121344119,95.4740292486132,5140
06037576501,39.6051539967508,74.2939989914271,8,57.9962663347853,78.4039334341906,2986
06037576502,32.1026413255397,62.5945537065053,7,49.3590541381456,65.5572365103379,4658
06037576503,26.6984239745032,52.4331820474029,6,37.8593652769135,58.1064044377206,4469
06037576601,33.7680474294384,65.4815935451336,7,60.622277535781,61.6868381240545,4293
06037576602,22.3637791531775,42.9904185577408,5,44.4057249533292,40.4185577407968,4423
06037576700,11.9514632822091,17.7887039838628,2,29.0354698195395,15.8219868885527,3935
06037576801,20.5073438746874,38.8174483106404,4,30.0560049782203,44.0494200706001,4070
06037576802,19.4971652618013,36.2203731719617,4,38.2576228998133,35.690872415532,4061
06037576901,43.364928586717,79.9672213817448,8,47.6291225886745,94.6293494704992,5357
06037576903,39.0180652848878,73.5249621785174,8,64.5301804604854,72.0499243570348,3644
06037576904,24.8557212350742,48.4241048915784,5,51.3627878033603,43.9359556227937,3157
06037577000,38.17077505765,72.428139183056,8,80.4604853764779,58.9762985375693,7288
06037577100,15.9940573692764,27.773575390822,3,52.3833229620411,18.7846696923853,7185
06037577200,11.5332405358058,16.6666666666667,2,43.4349719975109,10.5395864851236,5848
06037577300,12.0232401786885,18.0408472012103,2,40.2738021157436,12.5441250630358,5431
06037577400,11.1125392033156,15.6833081190116,2,30.2177971375233,12.9853756933938,2947
06037577501,9.40093681589763,11.4220877458396,2,51.0889856876167,5.45890065557237,3370
06037577504,8.57817385854648,9.78315683308119,1,29.3839452395769,7.09783156833081,1378
06037577602,25.2202255365214,49.2687846696924,5,88.8612321095209,25.7060010085729,3259
06037577603,19.7431189021361,36.8633383761977,4,81.0578718108276,18.0534543620777,8457
06037577604,6.29081155975142,5.33282904689864,1,88.0522713130056,0.630358043368633,1367
06037599000,17.6299905520024,31.9087241553202,4,35.196017423771,31.0262228946041,3684
06037599100,,,,36.3036714374611,,483
06037600100,55.116685534153,92.5995965708523,10,64.8164281269446,99.3192133131619,7410
06037600201,38.3130133570455,72.6172465960666,8,34.1630367143746,94.3393847705497,5063
06037600202,46.5356553582826,83.9006555723651,9,48.7367766023647,98.1089258698941,7767
06037600302,46.2882362898222,83.5854765506808,9,68.8736776602365,85.350479072113,3086
06037600303,55.3277901528615,92.8013111447302,10,62.0161792159303,99.7100353000504,3883
06037600304,51.2585046940065,89.1830559757943,9,57.1624144368388,98.9662128088754,3910
06037600400,40.9115009831213,76.48764498235,8,52.7069072806472,85.7539082198689,4147
06037600501,36.910406731301,70.4362077660111,8,65.7498444306161,66.238023197176,2712
06037600502,59.1377485254904,95.1714573877963,10,96.8388301182327,80.244578920827,2097
06037600601,36.172498526755,69.4654563792234,7,44.4803982576229,80.5597579425113,2653
06037600602,48.4441332005733,86.0564800806858,9,56.764156813939,96.5708522440746,2542
06037600702,32.0110824428232,62.4180534543621,7,55.295581829496,60.7160867372668,4306
06037600703,30.5864733371441,59.8083711548159,6,39.4275046670815,69.2385274836107,1783
06037600704,33.9384144963401,65.7085224407463,7,47.7909147479776,71.7347453353505,3373
06037600801,26.1392005947847,51.1976802824004,6,48.3385189794648,49.0544629349471,3199
06037600802,37.8110123336657,71.7725668179526,8,65.3764779091475,68.7468482097832,2485
06037600902,52.557162327233,90.5824508320726,10,70.752955818295,95.0706001008573,6491
06037600911,31.2459058477347,61.1573373676248,7,37.9589296826385,72.3398890569844,3146
06037600912,48.9349888019153,86.636409480585,9,62.4891101431238,94.5410993444276,5659
06037601001,42.3078259013989,78.4543620776601,8,67.3926571250778,77.9374684820978,2381
06037601002,47.6589682804936,85.0731215330308,9,61.0703173615432,93.2803832576904,5167
06037601100,48.1973177139918,85.7413010590015,9,57.3739887990044,96.041351487645,6869
06037601202,39.7042567073073,74.5209278870398,8,52.6073428749222,83.0559757942511,4000
06037601211,47.0163520810635,84.5184064548664,9,72.1095208462974,84.2032274331821,2880
06037601212,44.8522191604903,81.833081190116,9,45.8991910392035,97.4029248613212,6774
06037601301,34.1928885770492,66.2632375189107,7,43.4474175482265,76.1346444780635,1921
06037601302,57.3675698548151,94.0998487140696,10,90.6782825140012,87.5063035804337,7333
06037601303,41.0572430373135,76.7523953605648,8,55.0591163658992,84.0771558245083,5084
06037601401,64.9723170856273,97.8315683308119,10,95.5942750466708,91.9062027231467,5949
06037601402,54.2783299923694,91.8683812405446,10,94.8724331051649,76.3363590519415,4793
06037601501,57.9666418251574,94.5032778618255,10,92.2962041070317,86.5229450327786,3918
06037601502,67.9851606452045,98.5879979828543,10,96.8139390168015,93.1038830055471,4059
06037601600,64.4331052528305,97.6046394351992,10,97.2744243932794,87.0524457892083,4439
06037601700,56.5495304712515,93.6585980837116,10,86.8823895457374,90.0907715582451,5126
06037601801,43.2348326326608,79.8411497730711,8,61.2072184194151,84.2536560766515,2834
06037601802,42.0642536523619,78.1643973777105,8,57.8593652769135,84.0897629853757,3945
06037601900,48.8127816951958,86.535552193646,9,61.2818917237088,94.9949571356531,4847
06037602002,58.1040740459888,94.553706505295,10,97.4113254511512,76.7902168431669,3057
06037602003,49.4452849509859,87.3424104891578,9,71.1512134411948,89.6999495713565,4760
06037602004,53.3526465237421,91.2002017145739,10,67.3428749222153,97.4533535047907,3709
06037602103,56.3556302564986,93.4820978315683,10,85.4511512134412,91.1119515885023,6650
06037602104,54.5519523473582,92.1331316187594,10,89.7448662103298,83.8250126071609,6091
06037602105,51.1195307303248,89.0317700453858,9,78.593652769135,87.8088754412506,4116
06037602106,46.1155344669271,83.4089762985376,9,58.8176726820162,92.1331316187594,5403
06037602200,47.2211848498665,84.6696923852748,9,93.9639079029247,64.5738779626828,7200
06037602301,49.0186414850648,86.737266767524,9,88.301182327318,75.1134644478064,6311
06037602302,32.6024524061916,63.4392334846193,7,96.5152457996266,33.8754412506304,4819
06037602402,44.3878148371163,81.3161875945537,9,63.9576851275669,84.7327281896117,6869
06037602403,38.4374577428145,72.8819969742814,8,41.3814561294337,88.9687342410489,5199
06037602404,35.8777193782067,68.9737771053959,7,40.0248911014312,83.6737266767524,5457
06037602504,36.3204354504763,69.6167423096319,7,48.201617921593,78.0257186081694,4961
06037602505,44.6674403881435,81.5683308119012,9,49.9937772246422,95.2723146747352,4590
06037602506,38.0593715725251,72.2390317700454,8,60.3484754200373,72.8567826525466,4297
06037602507,38.9620480631264,73.3736762481089,8,52.9060360920971,80.887544125063,5122
06037602508,49.335255692939,87.2289460413515,9,85.2146857498444,78.8830055471508,6922
06037602509,57.8317459955571,94.4276348966213,10,98.3074051026758,73.613212304589,4457
06037602600,52.0756582921529,90.1285930408472,10,96.2041070317362,69.7932425617751,8118
06037602700,52.1384767301134,90.1664145234493,10,97.5980087118855,66.0237014624307,3770
06037602801,65.9083873140871,98.071104387292,10,86.210329807094,99.3948562783661,3718
06037602802,53.1666149521494,90.9984871406959,10,90.8649657747355,80.0806858295512,5019
06037602900,68.7491780830079,98.8401412002017,10,99.215930304916,85.7791225416036,4443
06037603001,57.3359816295315,94.0872415532022,10,92.321095208463,85.3252647503782,7498
06037603004,33.4671373685341,64.8890569843671,7,55.9178593652769,64.1704488149269,1549
06037603005,50.2663040878586,88.1996974281392,9,85.0777846919726,80.6101865859808,5928
06037603006,39.6627450227414,74.3948562783661,8,57.1873055382701,79.3368633383762,1898
06037603101,43.3201689010209,79.9293998991427,8,67.8406969508401,79.7276853252648,4139
06037603102,52.1891696137164,90.2420574886536,10,94.9097697573118,72.3777105395865,3664
06037603200,45.8992168189917,83.0811901159859,9,98.7305538270068,52.3197175995966,3394
06037603301,48.3088813942728,85.9178013111447,9,71.5743621655258,87.4306606152295,3617
06037603302,58.7051930588808,94.9193141704488,10,94.5612943372744,84.1527987897126,4048
06037603400,46.6224834854976,83.9762985375693,9,90.8400746733043,67.8265254664649,4113
06037603500,48.3485566440051,85.993444276349,9,86.6459240821406,75.4034291477559,3042
06037603600,32.5239206408336,63.3383761976803,7,70.8649657747355,52.1810388300555,4258
06037603702,38.3189275855825,72.6550680786687,8,77.7349097697573,61.2960161371659,4777
06037603703,36.73261212881,70.1462430660615,8,81.667703795893,54.8285426122037,2491
06037603704,46.9948426102487,84.4427634896621,9,74.0883634100809,82.9046898638427,6609
06037603801,40.8914049673806,76.4498234997479,8,67.3179838207841,74.6469994957136,4748
06037603802,46.8093071100143,84.2032274331821,9,70.1182327317984,85.4261220373172,4040
06037603900,49.2079299206984,87.0650529500756,9,95.3329184816428,66.0867372667675,7666
06037604001,39.2614830792403,73.8275340393343,8,78.6558805227131,62.7332324760464,4207
06037604002,36.6876574046039,70.0832072617247,8,54.5861854387057,73.8527483610691,4856
06037604100,47.3075730167833,84.7957639939486,9,81.8170504044804,77.7483610690873,7302
06037609900,22.0004215786139,42.1583459404942,5,20.1742377100187,59.0519415027736,2057
06037620001,10.6920906308898,14.6369137670197,2,84.803982576229,3.76954109934443,4251
06037620002,26.8252465728437,52.7105395864851,6,88.6496577473553,29.3494704992436,3493
06037620101,19.4090837453537,35.9556227937468,4,67.940261356565,21.7473524962179,5632
06037620102,15.3325786326404,26.2733232476046,3,83.8954573739888,9.51840645486636,3355
06037620201,11.8105844799041,17.3474533535048,2,56.4903546981954,8.68633383761977,1529
06037620301,4.3242435086623,2.08018154311649,1,58.3820784069695,0.403429147755925,4819
06037620303,4.22337665599437,1.95410993444276,1,63.1860609831985,0.327786182551689,4502
06037620305,8.0383913984436,8.61069087241553,1,48.8861232109521,3.81996974281392,5845
06037620400,11.486156501543,16.5658093797277,2,84.4679527069073,4.45032778618255,5279
06037620501,16.3765757543497,28.7065052950076,3,74.7977598008712,13.3131618759455,5726
06037620521,16.6550791416221,29.500756429652,3,27.5046670815184,32.67776096823,3958
06037620522,8.91503828884512,10.4891578416541,2,32.5202240199129,7.24911749873928,5024
06037620601,19.1990771658853,35.6404437720625,4,53.2918481642813,26.9415027735754,5278
06037620602,10.5757353598642,14.3595562279375,2,66.0485376477909,5.42107917297025,5040
06037620701,8.00066207434058,8.50983358547655,1,41.5556938394524,4.3368633383762,7211
06037620702,11.8926916938289,17.6374180534544,2,51.3254511512134,9.68229954614221,7375
06037620800,9.12875750198703,10.9051941502774,2,48.1020535158681,5.37065052950076,7844
06037620901,3.97703759020854,1.50025214321735,1,32.744243932794,0.668179525970751,2785
06037620904,3.0782841723907,0.718608169440242,1,14.3995021779714,0.642965204236006,2897
06037621001,5.36851643990604,3.6434694906707,1,47.0441817050405,1.09682299546142,4373
06037621002,6.46300114762188,5.64800806858296,1,23.8083385189795,4.09732728189612,879
06037621004,10.6985498778761,14.649520927887,2,36.8512756689484,10.1613716591024,4086
06037621102,7.14680165310463,7.04740292486132,1,54.934660858743,2.29450327786183,3069
06037621104,9.85032444579052,12.5189107413011,2,63.4847542003734,4.63943519919314,7132
06037621201,13.1454923209438,20.8018154311649,3,69.9066583696329,8.761976802824,6724
06037621204,19.1445751847166,35.5017650025214,4,54.1381456129434,26.2481089258699,3052
06037621301,12.9448773128643,20.4236006051437,3,45.4387056627256,13.2753403933434,6973
06037621324,10.455135506129,13.9813414019163,2,39.5644057249533,9.21583459404942,3740
06037621326,8.43940950200943,9.50579929399899,1,30.65339141257,6.54311649016641,3017
06037621400,7.51421182935826,7.69036812909733,1,55.818294959552,2.64750378214826,4305
06037650001,28.1077478819605,55.2067574382249,6,86.9321717485999,33.3459404942007,5805
06037650003,34.0122954258894,65.8472012102874,7,60.4729309271935,62.3676248108926,3202
06037650004,22.4724229816542,43.2173474533535,5,40.0622277535781,43.6964195663137,4125
06037650101,32.2448223561912,62.821482602118,7,99.1910392034847,27.231467473525,6018
06037650102,28.7491363104412,56.4170448814927,6,82.7006845052894,36.9389813414019,2211
06037650200,32.5796109664789,63.4014120020171,7,95.9427504667081,34.7579425113464,5930
06037650300,33.4919175672185,64.9394856278366,7,90.752955818295,41.3010590015129,6824
06037650401,27.8420710202366,54.601613716591,6,94.1879278158058,27.2440746343923,4758
06037650501,15.7938680716006,27.3323247604639,3,83.3602986932172,10.350479072113,3044
06037650502,8.87241503253207,10.3883005547151,2,64.5924082140635,3.47957639939486,4259
06037650602,31.0043909409632,60.6278366111952,7,69.3092719352831,49.2687846696924,7315
06037650603,18.7083878825181,34.5310136157337,4,47.417548226509,28.0257186081694,3849
06037650604,27.0073661851809,53.0257186081694,6,68.5003111387679,40.0907715582451,5567
06037650605,22.5401223965718,43.3812405446293,5,89.2968263845675,20.3227433182047,3064
06037650701,20.8220186793511,39.5990922844175,4,63.7212196639701,26.7523953605648,2529
06037650702,6.93375214278348,6.63136661623802,1,44.2937149968886,2.78618255168936,4731
06037650800,22.08351193369,42.3348461926374,5,56.7268201617922,33.4972264246092,6423
06037650901,34.165499856817,66.2002017145739,7,91.6490354698195,41.9566313666162,5366
06037650902,29.3168363777847,57.476046394352,6,83.3229620410703,37.5567322239032,6769
06037651001,22.6671261360479,43.6333837619768,5,65.0777846919726,30.9253656076652,5444
06037651002,27.1332174275907,53.2904689863843,6,69.0603609209708,40.1412002017146,4702
06037651101,24.6115964978164,47.9954614220878,5,90.5662725575607,23.6888552697932,5036
06037651102,21.8618139879903,41.9314170448815,5,68.8861232109521,27.3701462430661,3534
06037651201,13.2504136659942,21.041351487645,3,52.2464219041693,12.3550176500252,5018
06037651221,23.880512518162,46.4321734745335,5,53.5905413814561,39.6621280887544,3697
06037651222,20.4248879185993,38.5022692889561,4,45.326695706285,34.6570852244075,6459
06037651302,11.8483170092443,17.4987392839133,2,66.0983198506534,7.13565305093293,6204
06037651304,14.3213985979346,23.8653555219365,3,52.3957685127567,14.8008068582955,4852
06037651401,15.925606611643,27.6222894604135,3,56.0298693217175,17.3348461926374,2521
06037651402,21.7442791193098,41.6288451840646,5,75.4449284380834,24.4704992435703,6236
06037670001,26.7695841091619,52.571860816944,6,72.8935905413815,37.2037317196167,3406
06037670002,25.2930572682468,49.4200706001009,5,50.1680149346609,45.6883509833585,3939
06037670003,22.7413024851716,43.8981341401916,5,75.5196017423771,26.7271810388301,5707
06037670100,29.3433215712759,57.5138678769541,6,73.9141257000622,42.8769541099344,6642
06037670201,4.48787647409404,2.28189611699445,1,41.6925948973242,0.75642965204236,3820
06037670202,11.5210742235911,16.6540595057993,2,57.4611076540137,7.95511850731215,2637
06037670324,8.03585979920217,8.58547655068079,1,63.397635345364,2.7231467473525,5091
06037670326,6.06350778374801,4.80332829046899,1,22.6633478531425,3.56782652546647,3613
06037670328,6.46772094574917,5.66061522945033,1,15.4200373366521,5.76147251638931,4730
06037670403,11.5602707442291,16.7297024710035,2,26.6583696328563,15.6707009581442,2733
06037670405,5.12304916379093,3.21482602118003,1,19.8879900435594,2.49621785173979,2864
06037670406,3.87901956772688,1.34896621280888,1,4.89110143123833,2.93746848209783,1759
06037670407,9.47689580390893,11.636409480585,2,10.0933416303671,18.2803832576904,6269
06037670411,4.74414588248938,2.62228946041351,1,44.1941505911637,0.882501260716087,4356
06037670413,7.12831916809084,6.99697428139183,1,11.4996888612321,8.97629853756934,4433
06037670416,16.607755483136,29.3620776601109,3,27.3802115743622,32.5642965204236,4513
06037670500,4.9069160597557,2.89964699949571,1,21.8917237087741,1.94150277357539,1513
06037670602,9.10208643685693,10.8547655068079,2,35.8805227131301,6.93393847705497,6862
06037670701,9.30691543530038,11.2077660110943,2,62.8998133167393,4.10993444276349,7185
06037670702,3.52670301253873,1.02118003025719,1,20.9458618543871,0.693393847705497,5649
06037700101,29.5643830885098,57.9299041855774,6,88.8487865588052,35.148764498235,5200
06037700102,35.1616127331808,67.8391326273323,7,87.4797759800871,47.3020675743822,4506
06037700200,21.0891976462692,40.1664145234493,5,79.4523957685128,21.5078164397378,7446
06037700300,17.9261688068836,32.5264750378215,4,66.3347853142502,18.9233484619264,6223
06037700400,19.7198706987705,36.7876954109934,4,87.678904791537,15.695915279879,5162
06037700501,14.8276671803142,25.100857286939,3,63.6092097075296,12.8593040847201,3526
06037700502,25.0042891182528,48.714069591528,5,58.7678904791537,39.8134140191629,4387
06037700600,15.8173082301037,27.4079677256682,3,75.1462352209085,12.1911245587494,5021
06037700700,17.0587052824991,30.5723651033787,4,59.5395146235221,18.9863842662632,3575
06037700801,22.8662314224571,44.0998487140696,5,75.3080273802116,27.1432173474534,4610
06037700802,25.7252196392539,50.4286434694907,6,78.6309894212819,32.4508320726172,4092
06037700901,18.07150117325,32.9046898638427,4,63.6963285625389,19.9823499747857,3600
06037700902,19.9110650246306,37.3550176500252,4,57.5606720597386,26.8784669692385,7352
06037701000,20.3605402129689,38.4266263237519,4,76.5401369010579,20.8900655572365,5936
06037701100,38.7179424344638,73.1341401916288,8,94.6608587429994,47.5668179525971,1101
06037701201,12.0156736361991,18.0156328794755,2,28.9483509645302,15.9984871406959,4088
06037701202,13.9279999643978,22.7937468482098,3,33.3167392657125,20.0075642965204,3381
06037701302,18.1981417860258,33.2576903681291,4,34.9097697573118,33.320726172466,4868
06037701304,14.1022457636568,23.3106404437721,3,29.6328562538892,22.2390317700454,6212
06037701402,21.3678122952063,40.7841654059506,5,54.8848786558805,32.3625819465456,5577
06037701501,13.0020243542638,20.5244578920827,3,54.8599875544493,11.2077660110943,5267
06037701502,20.6585452394997,39.1956631366616,4,64.2314872433105,25.9329299041856,3530
06037701601,18.4178195387463,33.6989409984871,4,45.1400124455507,28.21482602118,4194
06037701602,24.8771169135468,48.4745335350479,5,64.3683883011823,36.9137670196672,3987
06037701701,38.206582153612,72.4785678265255,8,84.8164281269446,55.4967221381745,3305
06037701702,35.9419300601697,69.0494200706001,7,81.7797137523335,53.21482602118,3437
06037701801,47.5158689786027,84.947049924357,9,95.6689483509645,62.3171961674231,7001
06037701802,44.0819484630947,80.9505799293999,9,94.4617299315495,57.7407967725668,4645
06037701902,44.2711092321727,81.19011598588,9,81.3441194772869,71.6591023701462,4659
06037702002,27.460084879076,53.8830055471508,6,75.4822650902302,37.6828038325769,6443
06037702102,25.6508501991059,50.2647503782148,6,57.6975731176105,42.0070600100857,6065
06037702201,24.9675207360277,48.6384266263237,5,81.6428126944617,29.059505799294,4110
06037702202,17.2665121963869,31.0010085728694,4,50.7778469197262,22.6298537569339,3969
06037702300,23.2520420452904,45.0201714573878,5,90.3795892968264,21.0539586485124,6839
06037702400,35.4349883703834,68.3055975794251,7,98.4940883634101,35.1739788199697,4367
06037702501,17.4425175937797,31.3414019162885,4,86.5588052271313,12.1533030761473,4965
06037702502,26.8368272262963,52.7357539082199,6,89.5457373988799,28.7569339384771,3757
06037702600,31.1412481229211,60.9051941502774,7,88.8861232109521,38.124054462935,6389
06037702700,25.6467469313631,50.2395360564801,6,81.2196639701307,30.7992939989914,3435
06037702801,33.3111316377712,64.5864851235502,7,73.8767890479154,52.2818961169945,4679
06037702802,27.9749941099442,54.904185577408,6,67.0566272557561,43.3308119011599,2293
06037702803,44.0044102034978,80.8245083207262,9,92.1219663970131,60.8673726676752,3063
06037702901,20.0716645744235,37.6828038325769,4,95.9054138145613,12.5693393847706,9852
06037703001,24.61636653678,48.0080685829551,5,90.3298070939639,23.8401412002017,6503
06037703002,24.0928791406657,46.9490670700958,5,58.8923459863099,37.3550176500252,6721
06037703100,29.8966672583733,58.4594049420071,6,47.778469197262,60.3126575895108,6068
06037703200,32.4154234349235,63.2123045890065,7,47.1188550093342,68.2425617750882,5688
06037800101,7.02892060972197,6.82047402924861,1,21.1325451151213,5.66061522945033,5738
06037800102,9.04457443120756,10.6782652546646,2,41.9539514623522,5.9505799293999,7213
06037800202,12.2028809614636,18.4568835098336,2,39.377722464219,13.1492687846697,6065
06037800203,15.204447915429,26.0211800302572,3,59.8008711885501,14.7125567322239,5533
06037800204,24.8584818034266,48.4367120524458,5,82.190416925949,28.3913262733232,4495
06037800324,12.3338452515307,18.8350983358548,2,53.627878033603,10.0226928895613,6966
06037800325,5.52406170782002,3.89561270801815,1,28.6496577473553,2.15582450832073,3573
06037800326,3.55072624385652,1.07160867372668,1,32.0472930927194,0.491679273827534,4741
06037800327,17.6885791237028,32.0347957639939,4,47.0815183571873,25.2395360564801,5827
06037800328,21.8518226107679,41.9062027231467,5,56.6645924082141,32.9046898638427,2733
06037800329,16.5776556326279,29.2864346949067,3,65.2520224019913,16.1497730711044,6953
06037800330,4.43892387367901,2.1684316691881,1,40.4853764779091,0.769036812909733,882
06037800331,9.06999390252314,10.7413010590015,2,61.6054760423149,3.95864851235502,732
06037800332,9.41905044273633,11.4725163893091,2,24.8911014312383,10.2118003025719,6543
06037800406,7.03383723837579,6.84568835098336,1,11.6863721219664,8.6232980332829,2529
06037800408,4.36086754720057,2.09278870398386,1,23.5345364032358,1.17246596066566,7274
06037800410,16.7609953021418,29.8411497730711,3,56.4281269446173,19.2511346444781,4031
06037800504,11.3754089576398,16.3262733232476,2,75.5071561916615,5.44629349470499,2334
06037800506,5.21315032781073,3.37871911245587,1,22.5886745488488,2.28189611699445,3270
06037900102,39.465851940582,74.0922844175492,8,32.2339763534536,97.3524962178517,710
06037900103,18.5382905731289,34.0519415027736,4,2.35220908525202,88.7922339889057,5939
06037900104,30.0659660093766,58.7745839636914,6,14.0012445550716,96.3943519919314,5822
06037900201,47.2022898421458,84.6570852244075,9,68.1767268201618,87.7962682803833,1129
06037900300,51.3495545967413,89.2713061018659,9,74.2501555693839,91.2254160363086,5613
06037900501,46.919538692071,84.3166918809884,9,56.4156813939017,94.8814926878467,7225
06037900504,32.3866297203521,63.1618759455371,7,38.0833851897946,75.6933938477055,7261
06037900505,32.9412834506654,63.9056984367121,7,24.4181705040448,90.9480584972264,3427
06037900506,27.1752877512981,53.3913262733232,6,12.1095208462974,91.8305597579425,4188
06037900507,26.5647880109563,52.130610186586,6,10.9769757311761,91.9566313666162,7333
06037900508,21.3543836559113,40.7211296016137,5,4.40572495332918,90.6707009581442,4016
06037900602,50.9447673226821,88.8174483106404,9,62.9495955196017,96.6464952092789,5542
06037900605,32.1243109204136,62.6323751891074,7,22.3148724331052,91.3767019667171,7539
06037900606,43.5109565042407,80.143721633888,9,44.181705040448,96.5330307614725,3532
06037900607,45.3393292175046,82.3247604639435,9,51.6365899191039,95.3731719616742,3651
06037900608,29.8362768857987,58.3837619768028,6,18.6434349719975,89.6621280887544,3445
06037900609,28.215914489785,55.3580433686334,6,11.7361543248289,95.1840645486636,4978
06037900701,50.6728223670468,88.565305093293,9,61.6552582451774,96.9490670700958,5012
06037900703,40.9006981725305,76.4750378214826,8,47.9900435594275,89.3973777105396,4349
06037900704,34.1239788899953,66.0867372667675,7,47.4548848786559,72.5163893091276,2910
06037900705,31.7784558238878,62.0272314674735,7,41.144990665837,70.9909228441755,3980
06037900803,34.4898280479276,66.6414523449319,7,39.9626633478531,80.143721633888,8751
06037900804,48.6297852811569,86.2960161371659,9,58.5065339141257,95.9783156833081,3359
06037900805,35.7701595254353,68.80988401412,7,44.6670815183572,79.4503277861826,4916
06037900806,48.2807029989193,85.8547655068079,9,54.8724331051649,97.3020675743822,4634
06037900900,23.785509269958,46.1800302571861,5,51.5743621655258,40.6328794755421,4018
06037901003,,,,14.9097697573118,,4895
06037901004,17.4656566730128,31.4044377206253,4,13.2918481642813,50.0756429652042,12463
06037901007,15.4824544137485,26.588502269289,3,13.6527691350342,40.9984871406959,2094
06037901008,25.5339358618817,49.9369641956631,5,31.4125700062228,59.8714069591528,2744
06037901009,27.6242445935311,54.1225416036309,6,29.3217174859988,68.9737771053959,5388
06037901010,23.6551625802926,45.738779626828,5,17.8593652769135,68.6838124054463,5723
06037901011,20.3002067246713,38.2123045890066,4,17.8220286247666,55.0302571860817,5314
06037901101,20.3400800523727,38.3509833585477,4,13.0553827006845,62.7962682803833,5519
06037901102,21.0083857779784,40.0151285930408,5,18.7181082762912,56.9717599596571,5337
06037901205,13.4904778041642,21.6717095310136,3,7.41754822650902,41.2128088754412,10783
06037901209,20.3334980687589,38.3131618759455,4,52.8935905413814,30.244578920827,1634
06037901210,11.2566568790149,16.0741301059001,2,6.84505289359054,31.2405446293495,1631
06037901213,10.7589971861222,14.8260211800303,2,5.28935905413815,31.9213313161876,3853
06037910001,31.1456002086044,60.9556227937468,7,16.1543248288737,96.1043872919818,6345
06037910002,43.177595269686,79.7528996469995,8,44.4679527069073,95.9657085224407,7723
06037910101,50.3139938394993,88.2375189107413,9,59.8630989421282,97.327281896117,1863
06037910201,34.3115021940918,66.3893091275845,7,66.9446172993155,58.862834089763,4063
06037910202,20.8616357314349,39.7125567322239,4,32.9309271935283,43.1290973272819,5823
06037910205,30.1217873037251,58.963691376702,6,34.2252644679527,71.886031265759,1225
06037910206,21.6370377881607,41.3514876449823,5,17.8967019290604,60.5269793242562,3776
06037910207,18.4848759580315,33.9006555723651,4,15.0466708151836,51.828038325769,6033
06037910208,30.6701131555322,60.0353000504286,7,31.1138767890479,76.8406454866364,6210
06037910209,12.8829438659806,20.1714573877963,3,14.7230864965775,28.2778618255169,5134
06037910210,15.3710751889559,26.386787695411,3,11.3254511512134,43.7342410489158,7239
06037910301,12.7074079748544,19.6671709531014,2,10.6782825140012,32.5264750378215,3874
06037910302,12.7540030421529,19.8058497226425,2,4.51773490976976,44.8814926878467,5517
06037910401,33.1566993790506,64.3595562279375,7,53.5034225264468,65.3050932929904,6359
06037910402,43.1029317127415,79.6520423600605,8,38.5438705662726,98.714069591528,3583
06037910403,42.2601260627018,78.3913262733232,8,39.0292470441817,97.6298537569339,2278
06037910404,37.2231428776697,70.8270297528996,8,36.6645924082141,89.9899142713061,4284
06037910501,41.6542533399101,77.571860816944,8,30.4791537025513,99.5965708522441,5218
06037910502,40.289782718039,75.4664649520928,8,32.2837585563161,98.4367120524458,4537
06037910504,31.8556718493921,62.1028744326778,7,19.5519601742377,94.1880988401412,4254
06037910505,27.2763762319417,53.5426122037317,6,12.221530802738,91.9440242057489,3217
06037910601,34.9299508572448,67.423096318709,7,21.829495955196,97.4785678265255,6726
06037910602,29.7909870953883,58.2955118507312,6,13.1798382078407,96.7473524962179,4433
06037910603,27.7969704537676,54.500756429652,6,10.8027380211574,95.4866364094806,6928
06037910605,22.5335054740089,43.3182047402925,5,6.64592408214063,87.8593040847201,4715
06037910606,26.9175177361821,52.874432677761,6,9.04791537025513,96.1548159354513,3121
06037910705,18.596336874433,34.1906202723147,4,4.01991288114499,79.0847201210287,11613
06037910706,32.5956122023262,63.4266263237519,7,26.1356565028002,88.3131618759455,6301
06037910707,31.1449121816407,60.9430156328795,7,19.4026135656503,92.5617750882501,5420
06037910709,20.2962231837358,38.1996974281392,4,12.3335407591786,63.9435199193142,2039
06037910711,30.8445885500033,60.3883005547151,7,22.0535158680772,87.9727685325265,7655
06037910712,33.4762601348906,64.9142713061019,7,24.0572495332918,92.6626323751891,2904
06037910713,26.2528292191721,51.4498234997479,6,11.9228375855632,88.9813414019163,5787
06037910714,30.8351998952556,60.3756933938477,7,22.1406347230865,87.8845184064549,3870
06037910715,29.2389578221357,57.3247604639435,6,13.8394523957685,95.0327786182552,6653
06037910716,26.3169327901652,51.48764498235,6,15.556938394524,82.5390821986888,5770
06037910804,10.6288925186708,14.4856278366112,2,15.7685127566895,18.368633383762,2964
06037910805,14.2512394909904,23.714069591528,3,31.0018668326073,22.0751386787695,4722
06037910807,16.9824980509866,30.4589006555724,4,26.7081518357187,34.5184064548664,6424
06037910808,8.66831972828168,9.85879979828543,1,20.161792159303,9.77054967221382,3445
06037910809,10.5551118839246,14.2839132627332,2,38.3447417548226,9.58144225920323,2070
06037910810,12.3261693068902,18.7972768532526,2,36.2165525824518,14.4730206757438,2599
06037910811,,,,30.5413814561294,,179
06037910812,,,,6.21032980709396,,363
06037910813,10.2362351443858,13.5779122541604,2,31.2009956440573,10.4639435199193,4080
06037911001,25.6969394325245,50.3151790216843,6,31.3503422526447,60.3630862329803,3926
06037920011,,,,8.50031113876789,,172
06037920012,7.9321566809209,8.35854765506808,1,3.54698195395146,20.398386283409,1111
06037920013,19.1648360441069,35.5521936459909,4,82.4144368388301,16.4775592536561,7174
06037920015,7.56454728515724,7.81643973777105,1,9.64530180460485,11.232980332829,6578
06037920016,3.88366809835699,1.36157337367625,1,12.3708774113255,1.56328794755421,3563
06037920017,18.1976409130122,33.2324760463944,4,38.0087118855009,31.4674735249622,4309
06037920018,10.6504411646924,14.5108421583459,2,13.7523335407592,20.1840645486636,2024
06037920020,10.1454906895502,13.2753403933434,2,12.8189172370877,18.8981341401916,6501
06037920023,32.1407050579417,62.6575895108422,7,62.2650902302427,56.1522945032779,2615
06037920026,14.9086740714563,25.3151790216843,3,9.79464841319228,43.910741301059,386
06037920028,12.5290430359639,19.2511346444781,2,34.8475420037337,15.4311649016641,7091
06037920029,22.2877063411626,42.725668179526,5,38.7305538270068,44.0242057488654,5632
06037920030,27.9889068902654,54.9293998991427,6,64.7542003733665,44.4780635400908,5088
06037920031,18.8071017989272,34.7579425113464,4,62.6260112009956,22.1003530005043,4343
06037920032,3.9871318017147,1.51285930408472,1,10.1555693839452,1.92889561270802,3558
06037920033,17.0188264974422,30.5219364599092,4,22.2401991288115,37.8466969238527,598
06037920034,22.8568316577938,44.0746343923348,5,28.3758556316117,53.3408976298538,3790
06037920035,30.87783136769,60.4135148764498,7,51.4747977598009,60.590015128593,6895
06037920036,33.3126560528376,64.5990922844176,7,50.2924704418171,68.4064548663641,3145
06037920037,25.8226127668879,50.6681795259707,6,38.9670192906036,54.6898638426626,10318
06037920038,29.3789676623256,57.5895108421583,6,36.4281269446173,68.0282400403429,1710
06037920039,16.7950984512034,29.9420070600101,3,29.247044181705,31.8078668683812,2191
06037920040,16.0210586004683,27.9122541603631,3,22.3895457373989,34.304084720121,3979
06037920041,24.5288682368415,47.8315683308119,5,34.6359676415681,53.7191124558749,1668
06037920042,22.4195488416102,43.1038830055471,5,58.7554449284381,33.3837619768028,6990
06037920043,18.1660069616536,33.0811901159859,4,54.1630367143746,23.7771053958649,7130
06037920044,12.0563995899866,18.1164901664145,2,20.3858120721842,20.6127080181543,2399
06037920045,6.75379371750737,6.29097327281896,1,9.91910392034847,8.58547655068079,4282
06037920102,17.9873512245504,32.7534039334342,4,43.8083385189795,27.6475037821483,5466
06037920104,15.3375164379146,26.285930408472,3,34.1879278158058,23.9536056480081,2933
06037920106,24.3187269161217,47.428139183056,5,78.7554449284381,28.9964699949571,3381
06037920107,12.1462812665683,18.3182047402925,2,82.3273179838208,5.54715078164397,6295
06037920108,12.1331018343769,18.2929904185577,2,36.9508400746733,13.6787695410993,5386
06037920109,9.27753232050731,11.1321230458901,2,15.6316116988177,13.6283408976299,5696
06037920110,6.25647994213239,5.23197175995966,1,15.2084629744866,5.34543620776601,3088
06037920111,7.0933867051924,6.90872415532022,1,14.5364032358432,7.50126071608674,2738
06037920112,17.1245863208632,30.5975794251135,4,46.2974486621033,24.0670700958144,4211
06037920114,15.8849770550914,27.5466464952093,3,54.9844430616055,17.5869894099849,6518
06037920115,20.0189225823873,37.5819465456379,4,70.8276291225887,22.0877458396369,3957
06037920116,15.0467601308431,25.642965204236,3,31.6241443683883,24.457892082703,5481
06037920118,14.0004057842632,23.0584972264246,3,72.6820161792159,9.50579929399899,6035
06037920119,14.1455026026917,23.3988905698437,3,18.6309894212819,30.0428643469491,1974
06037920200,,,,40.9583074051027,,5393
06037920303,18.7628419767045,34.6570852244075,4,62.6384567517113,21.9994957135653,1608
06037920312,30.8118518793952,60.3252647503782,7,76.3907902924704,45.0832072617247,5826
06037920313,24.8860821725406,48.51235501765,5,51.1138767890479,44.2385274836107,4821
06037920314,15.6660935244778,27.029752899647,3,65.7125077784692,14.1200201714574,2920
06037920322,20.7654963547123,39.4478063540091,4,45.8618543870566,35.2622289460414,2854
06037920326,20.7415986181153,39.3973777105396,4,59.4150591163659,28.2400403429148,6324
06037920328,23.8057229176505,46.2304589006556,5,64.6546359676416,34.2662632375189,2036
06037920329,13.8913196145418,22.7307110438729,3,77.286869943995,8.74936964195663,7152
06037920330,17.2389755662367,30.8749369641957,4,60.1120099564406,19.2385274836107,3225
06037920331,8.74196048272937,10.0857286938981,2,33.3540759178594,6.68179525970751,3482
06037920332,23.9386136422114,46.6338880484115,5,40.9956440572495,47.4911749873928,2438
06037920334,16.0369332159981,27.9374684820978,3,50.5164903546982,19.5284921835603,6217
06037920336,37.7945041951289,71.7473524962179,8,69.3590541381456,65.9480584972264,6881
06037920337,35.3823648862499,68.1290973272819,7,46.5090230242688,76.9793242561775,6943
06037920338,7.46917499612502,7.55168935955623,1,7.04418170504045,12.9475542107917,5711
06037920339,15.0621841199143,25.6933938477055,3,78.4816428126945,10.2370146243066,7420
06037930101,,,,21.8668326073429,,90
06037930200,,,,71.8730553827007,,461
06037930301,,,,37.125077784692,,796
06037930401,26.6354261952524,52.3071104387292,6,67.0068450528936,39.9142713061019,5067
06037980001,,,,96.6272557560672,,0
06037980002,,,,99.4150591163659,,0
06037980003,,,,10.031113876789,,0
06037980004,,,,51.798382078407,,0
06037980005,,,,95.1462352209085,,0
06037980006,,,,88.9607965152458,,0
06037980007,,,,95.4698195395146,,0
06037980008,,,,85.8618543870566,,68
06037980009,,,,96.1667703795893,,5
06037980010,49.7657011851025,87.6071608673727,9,99.0790292470442,56.4548663640948,95
06037980013,,,,98.3571873055383,,0
06037980014,,,,98.954573739888,,9
06037980015,26.1303234266402,51.1598587997983,6,95.7436216552583,22.4533535047907,671
06037980018,,,,87.2433105164904,,0
06037980019,,,,35.8929682638457,,138
06037980020,,,,57.0006222775358,,0
06037980021,,,,52.6944617299316,,33
06037980022,,,,92.3086496577474,,0
06037980023,,,,7.61667703795893,,0
06037980024,,,,92.6322339763534,,223
06037980025,,,,96.8886123210952,,0
06037980026,,,,24.0074673304294,,26
06037980028,,,,97.3117610454263,,0
06037980030,,,,97.1375233354076,,0
06037980031,,,,98.2327317983821,,1175
06037980033,,,,98.431860609832,,16
