geoid10,z_poverty,z_income_inv,z_no_vehicle,z_rent_burden,z_overcrowd,z_ces,n_components,disadvantage_index,disadvantage_decile,disadvantage_quartile,poverty_rate,median_hh_income,pct_no_vehicle,pct_rent_burden_30plus,pct_overcrowded,ces_percentile,pct_hispanic,pct_nh_black,pct_nh_asian,pct_nh_white,population
06037101110,-0.1307013802198273,0.28128527474923587,-0.31710209796510447,0.47329435994943175,-0.8179251860775683,-0.7609055673494035,6,-0.21200909948553934,5,2,0.1382698298586149,63534.0,0.0615873015873015,0.5997267759562842,0.0380952380952381,46.2808875441251,0.2773756712584637,0.0044361428904973,0.0772822787765584,0.6107868316600513,4283
06037101122,-1.071241030938696,-0.49675956067473315,-0.9586174408390948,1.7508053997190276,-0.8880442989851742,-1.7302350701026843,6,-0.5656820003035591,3,1,0.0384729209825392,90389.0,0.0060975609756097,0.7666666666666667,0.0304878048780487,20.839636913767,0.0431718061674008,0.0217327459618208,0.0646108663729809,0.84640234948605,3405
06037101210,1.0582273910240134,0.8448209326837591,0.26438897004712864,0.8523606730510085,-0.05352392786164627,-0.5759740219777453,6,0.3983833361610863,7,3,0.264422317053896,44083.0,0.1118850674793208,0.6492616033755274,0.1210274270787984,51.1346444780635,0.4121632267212856,0.0311958405545927,0.0765716086340003,0.4704584843233023,6347
06037101220,0.05546018328840036,0.8555405971450091,-0.03232875947964876,1.1251978335389554,-0.09586876234847996,-0.24021519025101473,6,0.27796431698220353,7,3,0.1580226904376013,43713.0,0.086219602063375,0.6849148418491484,0.1164333087693441,59.947049924357,0.3684494867639114,0.0235008103727714,0.0921123716909778,0.4894651539708265,3702
06037101300,-0.8961973655890474,-0.24722315525650024,-0.6370782092987507,-0.45097260731948385,-0.8692583257100782,-1.108672940983384,6,-0.701567100692874,2,1,0.0570461057567074,81776.0,0.0339100346020761,0.4789473684210526,0.0325259515570934,37.1533030761473,0.0764675592173017,0.0527806385169927,0.0499485066941297,0.8048403707518023,3884
06037101400,-0.7040302180010704,-0.05493555247456455,-0.1417745693925028,0.5379298565007852,-0.9105667136913911,-0.49815867041875966,6,-0.2952559779129172,4,2,0.0774361948955916,75139.0,0.0767527675276752,0.6081730769230769,0.0280442804428044,53.1770045385779,0.1709080393290919,0.0026026604973973,0.1182764603817235,0.656737998843262,3458
06037102103,-0.9794427254797117,-0.10401423246742263,-0.9288715306786879,-0.24017520388983898,-0.8360652539846102,-0.04135373626694209,6,-0.5216537804612023,3,2,0.0482132728304027,76833.0,0.0086705202312138,0.5064935064935064,0.0361271676300578,65.1664145234493,0.2013613159387408,0.0141803743618831,0.127056154282473,0.6273397617697107,1763
06037102104,-0.28949955307176223,-0.2186277260044631,-0.16438805694884434,-0.7823558825879585,-1.0041958066260157,-0.1523126634899395,6,-0.43522994812149723,3,2,0.1214203894616265,80789.0,0.0747967479674796,0.4356435643564356,0.0178861788617886,62.2541603630862,0.137597420048374,0.0196183821553345,0.0943294813222252,0.6901370599301263,3721
06037102105,0.3273952997553338,0.45279990612923576,-0.9670666001663986,1.00540418536882,-0.2127113223360278,0.7247912374156535,6,0.2217687843611028,7,3,0.1868766404199475,57614.0,0.0053667262969588,0.669260700389105,0.1037567084078712,85.2748361069087,0.673490813648294,0.0073490813648293,0.0650918635170603,0.2241469816272966,1905
06037102107,-0.48113758117361244,-1.0468232078674151,-0.719672514782322,-0.19125193657471637,-0.8401156099586553,0.046068448817845734,6,-0.5388220669231459,3,2,0.1010864430798299,109375.0,0.0267657992565055,0.5128865979381443,0.0356877323420074,67.4609178013112,0.2747758105311566,0.0158657162566107,0.0915152908714647,0.5989882731662451,4349
06037103101,-0.9874459212385156,-0.7715885798082938,-0.9002263114105797,1.8026193448160654,-1.086851470063172,-1.1312489997690187,6,-0.512456989578919,3,2,0.0473640856672158,99875.0,0.0111482720178372,0.7734375,0.0089186176142697,36.5607665153807,0.1630971993410214,0.0074135090609555,0.0675453047775947,0.7384678747940692,2428
06037103102,-0.8923277404266863,-0.058904725531838203,-0.45925426140006465,0.4789611571645555,-0.6465785358286563,-0.5971090557345067,6,-0.36253552695953273,4,2,0.0574566962399662,75276.0,0.0492914356130622,0.6004672897196262,0.0566851509550215,50.5799293998991,0.2792564427545416,0.0,0.1223067173637515,0.559991550485847,4734
06037103200,-0.015685146891973287,-0.31994304119633127,-0.07868085250536935,-0.13360188240989315,-0.7177203987710357,-0.23925450689843283,6,-0.25081430477883926,4,2,0.1504737433756222,84286.0,0.082210242587601,0.5204200700116686,0.0489667565139263,59.9722642460918,0.2757914632225547,0.0165380374862183,0.0688297369664514,0.6087572846117498,6349
06037103300,-0.9203540062356084,-0.9464060267250031,-0.5085083923776417,0.36815243266117076,-0.8398708626364372,-1.1427771999999776,6,-0.6649606758855828,3,1,0.0544829410208939,105909.0,0.0450310559006211,0.5859872611464968,0.0357142857142857,36.2581946545638,0.1065855593758265,0.0002644802962179,0.0716741602750595,0.7661994181433484,3781
06037103400,-0.6437672752249698,-0.48334549406511496,-0.6063206454175173,-0.8048585878994756,-0.3488352349590265,-0.9794610300613682,6,-0.6444313779379122,3,1,0.0838304552590266,89926.0,0.0365704997968305,0.4327030033370411,0.0889882161722876,40.5446293494705,0.2451683291770573,0.024002493765586,0.1616271820448877,0.5411471321695761,6416
06037104103,-0.9296487533980662,-0.7040257216363074,-0.6614477495618657,2.294101271585673,-0.6262300890686514,0.07296758269008465,6,-0.09238057656485554,5,2,0.0534967124925283,97543.0,0.0318021201413427,0.8376623376623377,0.0588928150765606,68.166918809884,0.6997959778490236,0.1256193529583212,0.0580005829204313,0.110463421742932,3431
06037104105,0.6677758519456802,0.5296917695891209,0.12277183043871172,0.2665905566186014,-0.6426797591700526,0.33907687135476267,6,0.21387118679613737,6,3,0.2229930624380574,54960.0,0.0996354799513973,0.5727155727155727,0.0571081409477521,75.1512859304085,0.7403369672943508,0.0459200528576148,0.1131483316815328,0.0569871159563924,6054
06037104108,0.04714572629742418,0.6190705935430566,0.7696144375470726,0.8273839294890626,0.6124696446573084,0.26366322817722826,6,0.5232245932851921,8,3,0.1571404765872354,51875.0,0.1555860178204249,0.6459977452085682,0.1932830705962988,73.171961674231,0.8301949675054158,0.0716547242126312,0.0338276953841026,0.0544909181803032,6001
06037104124,-0.6008080176587228,-0.13449284601670639,-0.8132813369131241,1.1112989397564503,-0.9670560336026085,-0.30362029152129905,6,-0.28465993099266845,4,2,0.0883886906395827,77885.0,0.0186688311688311,0.6830985915492958,0.0219155844155844,58.2829046898638,0.4459354838709677,0.1267096774193548,0.0833548387096774,0.3158709677419354,3875
06037104201,0.6021031086434029,0.3799351598588473,-0.5745352245887272,0.09551186205338419,0.8683236958697731,0.7041365453351837,6,0.345912524528644,7,3,0.216024789729969,60129.0,0.0393198724760892,0.5503597122302158,0.2210414452709883,84.7327281896117,0.8931932589188006,0.0877653753556576,0.0,0.012256511271613,4569
06037104203,0.9838364092076457,0.6847212953516849,-0.21816189003794506,1.9178401247175225,0.7626891711085009,0.4884631326809617,6,0.7698980405047284,9,4,0.2565289868494165,49609.0,0.0701454234388366,0.7884940778341794,0.2095808383233532,79.0721129601614,0.8853151994118729,0.0819702260613857,0.0124977026281933,0.0150707590516449,5441
06037104204,-0.04710603714970388,0.41264462249871553,-0.6508071123757891,1.451938281271818,0.7129868268562931,0.49855030788305127,6,0.3963678148307308,7,3,0.1471397981033955,59000.0,0.0327225130890052,0.7276119402985075,0.2041884816753926,79.3368633383762,0.7801032889372111,0.0377820059798858,0.0668659961946181,0.0975808643653166,3679
06037104310,-0.17786086456188452,-0.04917011131837875,-0.5661276027090411,1.4981053252845868,1.5667866356126534,1.0509432356165855,6,0.5537794363207535,8,3,0.1332659251769464,74940.0,0.0400471142520612,0.7336448598130841,0.2968197879858657,93.8350983358548,0.9560661023780732,0.0193470374848851,0.0036275695284159,0.0137041515517936,4962
06037104320,-0.01445107028990876,0.4989524074448337,0.43012497432587854,0.8979707854047541,0.949996093673105,1.0658338275815749,6,0.6380711696900395,8,4,0.150604686318972,56021.0,0.126220886551465,0.6552217453505007,0.2299023290758828,94.2259203227433,0.8915343915343915,0.0461073318216175,0.0109599395313681,0.0262660619803476,5292
06037104401,0.8311825185213243,0.12292396138385085,-0.12373384025010523,1.0056386447922718,1.968118113932074,1.1791944631860234,6,0.8305539769275732,9,4,0.2403314917127071,69000.0,0.0783132530120482,0.6692913385826772,0.3403614457831325,97.2012102874433,0.9648318042813456,0.0042813455657492,0.0110091743119266,0.0198776758409785,3270
06037104403,-0.14672913250699673,0.36037901523359395,-0.020785787245147815,-0.10620639255881922,1.5475877398468132,1.0975363782167167,6,0.45529697016435994,8,3,0.1365691890262285,60804.0,0.0872180451127819,0.524,0.2947368421052631,95.0579929399899,0.9551032624962588,0.0,0.0404070637533672,0.0044896737503741,3341
06037104404,0.9323298347828628,0.4713420284405871,-0.31294476005697497,0.30118147985592686,1.6450400362195454,1.0845671529568846,6,0.6869192953664719,9,4,0.251063829787234,56974.0,0.0619469026548672,0.5772357723577236,0.3053097345132743,94.7175995965708,0.9296368352788588,0.0201037613488975,0.0217250324254215,0.0259403372243839,3084
06037104500,0.8723724103407183,0.26114968880175277,-0.5851698446174677,1.1928090679047703,0.8660982503437865,0.9990663345772606,6,0.6010543178918034,8,4,0.2447019867549668,64229.0,0.0384,0.69375,0.2208,92.4735249621785,0.9887603305785124,0.0003305785123966,0.0,0.0082644628099173,3025
06037104610,-0.17307960685946927,0.3442995185417189,-0.8153236379176546,1.524176952147796,1.7809673670930488,0.8357501646386509,6,0.5827984596073484,8,4,0.1337732453509298,61359.0,0.0184921763869132,0.7370517928286853,0.3200568990042674,88.1870902672718,0.9719432959243944,0.0,0.0,0.0194920259893679,3386
06037104620,-0.4117942483693596,0.24901039310103995,-0.6443284407149459,0.17528634518465513,1.8708020006749724,0.7905980470673896,6,0.3382623494906252,7,3,0.1084441873915558,64648.0,0.0332829046898638,0.5607843137254902,0.329803328290469,87.0020171457388,0.9824263038548752,0.0,0.0,0.0175736961451247,3528
06037104701,1.638967935857679,1.09763118157259,0.19440423236260077,0.6020476312864449,1.637905038259601,1.0936936448063956,6,1.0441082773575519,10,4,0.3260423786739576,35357.0,0.1058315334773218,0.616551724137931,0.3045356371490281,94.9571356530509,0.9445706497046796,0.0329395729213993,0.0034075420263516,0.0131758291685597,4402
06037104703,1.605084119252319,0.9087912546579212,-0.5844584001807382,0.5947560157326579,1.7959123184724526,1.2728610900625765,6,0.9321577329995315,9,4,0.3224471021159154,41875.0,0.0384615384615384,0.6155988857938719,0.3216783216783216,99.6596066565809,0.8537258509659613,0.0795768169273229,0.0,0.0597976080956761,2174
06037104704,1.2639905735917036,0.8664051219368165,-0.710919280562807,0.8345166864240368,0.19161254226352123,0.8448766564881625,6,0.5484137166902391,8,3,0.2862550272060563,43338.0,0.0275229357798165,0.6469298245614035,0.1476230191826522,88.4266263237519,0.7815320527655635,0.1284424901643138,0.0205970840083314,0.0636426753066419,4321
06037104810,-0.27277593915138026,-0.026253207024192954,-0.6384664538822805,1.1481907610271966,1.061586729621714,1.091291936424948,6,0.3939289711693341,7,3,0.123194865394901,74149.0,0.0337899543378995,0.6879194630872483,0.2420091324200913,94.8940998487141,0.9520511454448588,0.0021310602024507,0.0083466524595986,0.0333866098383946,5631
06037104821,0.21512830958028106,0.08725934800061103,-0.8546059339390984,-0.21806040102336452,0.697568704591483,0.8424749481067106,6,0.12829416255277046,6,3,0.1749644381223328,70231.0,0.0150943396226415,0.5093833780160858,0.2025157232704402,88.363590519415,0.8927062799211489,0.0242185299915516,0.0335116868487749,0.0464657842861165,3551
06037104822,0.44174896019613835,0.3687519423398135,0.3582054784866352,0.666698240765614,1.9869078435583327,1.0984970615692986,6,0.8201349211526386,9,4,0.1990102509720749,60515.0,0.12,0.625,0.3424,95.0832072617247,0.906305036984854,0.012328284607256,0.0500176118351532,0.0239520958083832,2839
06037106010,-0.48130198328213625,-0.48392493538734466,-0.643343595348049,0.5086570436803335,-0.47704635602448314,-0.7445739503555452,6,-0.3869222961195374,4,2,0.1010689990281827,89946.0,0.0333680917622523,0.6043478260869565,0.0750782064650677,46.7095310136157,0.7200129324280634,0.0400905269964435,0.0381506627869382,0.1778208858713223,3093
06037106020,-0.544723239386741,-0.1871640622073888,-0.9414676906659888,1.9192571225308788,-0.2797343144919126,-0.4674168031361959,6,-0.0835414978928914,5,2,0.0943396226415094,79703.0,0.0075809786354238,0.7886792452830189,0.0964851826326671,53.9838628340898,0.772509225092251,0.0099630996309963,0.0130996309963099,0.1948339483394834,5420
06037106111,-0.9728354896831969,-0.6386937125549054,-0.6194002975933298,-0.5761857169780953,-0.8211037586454171,-1.2686267191879639,6,-0.8161409491071514,2,1,0.0489143402529229,95288.0,0.0354391371340523,0.4625850340136054,0.0377503852080123,32.9551185073122,0.567406346933906,0.0441422094965402,0.1006919589596754,0.2710570269625387,4191
06037106112,-0.28648051880751657,-0.6484572988344763,-0.781433125450257,-0.1298331878100876,-0.6339879605724124,-0.022620410891632227,6,-0.4171354170610637,4,2,0.1217407271391847,95625.0,0.0214236351071181,0.5209125475285171,0.0580511402902557,65.6580937972768,0.6941721618249866,0.0281589734450187,0.0769916235965068,0.1835679914453751,5611
06037106113,-0.6824854690951413,-0.6786461917226452,-0.911382333046781,0.7923078046372217,-0.7185215513180494,0.11619833355618976,6,-0.3470882344982009,4,2,0.0797222222222222,96667.0,0.010183299389002,0.6414141414141414,0.0488798370672097,69.3015632879476,0.716797403299973,0.0378685420611306,0.0835812821206383,0.1544495536921828,3697
06037106114,0.2550465188102492,0.4359961077845736,-0.5069091712711681,0.3328129897906572,0.5830185177644961,0.29488543713607945,6,0.23247506666914794,7,3,0.1792,58194.0,0.0451693851944793,0.5813692480359147,0.1900878293601003,73.9914271306102,0.8828273244781784,0.0328905755850727,0.045066413662239,0.0358950031625553,6324
06037106403,-0.9943308431059662,0.018508635118053635,-0.7079730593352684,1.6232633810186257,0.6009105114458171,-0.5673278718045213,6,-0.004491541110543229,6,3,0.0466335540838852,72604.0,0.0277777777777777,0.75,0.1920289855072463,51.3615733736763,0.9048268339241888,0.0169075538587401,0.001908917371148,0.0763566948459231,3667
06037106405,1.2495030947582566,0.4024464552274723,-0.8435888168529113,0.14833612565643975,-0.4061471874020378,0.07392826604266707,6,0.10407965623831443,6,3,0.284717818642993,59352.0,0.0160472972972972,0.5572625698324022,0.0827702702702702,68.1921331316188,0.7440100882723834,0.0647330811265237,0.0136612021857923,0.1698192517864649,4758
06037106406,-0.9194118993533803,-0.34396088400275354,-0.6669602399822703,-1.441649415302248,-0.5083060625783473,-0.006769135574057767,6,-0.6478429394655095,3,1,0.054582904222451,85115.0,0.0313253012048192,0.3494897959183674,0.0716867469879518,66.0741301059002,0.6874464805617401,0.0102757321459153,0.0715876006165439,0.212022606610721,5839
06037106407,1.605923655374771,1.1274724096674211,1.794653095866978,1.8310363451920584,0.6582280327978421,0.4260187147632555,6,1.2405553756103875,10,4,0.3225361819434872,34327.0,0.244249726177437,0.7771509167842031,0.1982475355969332,77.4331820474029,0.6646361013145239,0.1577428663033023,0.0426418723949984,0.1243988457839051,3119
06037106408,0.39350676735438467,0.37790711523104326,-0.3035271503213132,0.3946250155456455,0.711018162799938,-0.25750749059745526,6,0.2193370700020405,6,3,0.1938914644123261,60199.0,0.0627615062761506,0.5894465894465895,0.2039748953974895,59.4931921331316,0.8985546768475593,0.0250886283065175,0.0324515953095173,0.0406326697572947,3667
06037106510,-0.6535935155336102,-0.355723542844017,-0.9725437255682926,0.1789634459330506,-0.7406119769160494,0.2679863032638362,6,-0.3792538352775137,4,2,0.0827878321139776,85521.0,0.0048929663608562,0.5612648221343873,0.0464831804281345,73.2854261220373,0.7257030971876113,0.0478818084727661,0.0779636881452474,0.1384834460662157,5618
06037106520,0.014256066982244204,0.26998616896575617,-0.44017121286414085,1.1726149149438736,-0.017712002857742125,0.8198988893210797,6,0.3031454707485118,7,3,0.1536506860918177,63924.0,0.0509420795533845,0.6911111111111111,0.1249127704117236,87.7710539586485,0.8891891891891892,0.0027027027027027,0.0212837837837837,0.0847972972972972,5920
06037106603,-1.0885543735004408,-1.1345795961191076,-0.9240114268019192,0.9855532875166176,-1.0759531407697225,-1.3622933460645203,6,-0.7666397659565155,2,1,0.0366358712965912,112404.0,0.009090909090909,0.6666666666666666,0.0101010101010101,30.4967221381745,0.173637515842839,0.0221799746514575,0.2316223067173637,0.5269328263624842,3156
06037106604,-0.1261107062875006,0.3735323332482088,-0.23958137139999214,0.08502332655266331,0.18729385239939636,1.0451791355011044,6,0.2208894283356467,6,3,0.138756927949327,60350.0,0.0682926829268292,0.5489891135303266,0.1471544715447154,93.6838124054463,0.9121941594317284,0.010852407261247,0.021310181531176,0.0493291239147592,5068
06037106641,-1.1437836168149564,-1.075273776788895,-0.7670236444927743,2.9400933143539403,-1.0994047453666367,-1.136532758208209,6,-0.38032087121958846,4,2,0.0307757166947723,110357.0,0.0226700251889168,0.922077922077922,0.0075566750629722,36.4220877458396,0.0838954468802698,0.0025295109612141,0.1918212478920742,0.6686340640809444,2372
06037106642,-1.0095030035976273,-1.0377839232406314,-0.5483357377742292,1.4149026573991577,-0.7411789902972307,-0.5178526791466515,6,-0.4066252794428687,4,2,0.0450236966824644,109063.0,0.0415860735009671,0.7227722772277227,0.04642166344294,52.6601109430156,0.2340425531914893,0.0574130361364403,0.1141506247889226,0.5315771698750422,2961
06037106643,-1.2793974013190632,-2.6330438274712993,-0.8243411876575356,-1.6867556757298914,-1.1146372115819787,-1.1418165166473992,6,-1.4466653034011945,1,1,0.0163862792221979,164125.0,0.0177121771217712,0.3174603174603174,0.0059040590405904,36.2834089762985,0.135022940790911,0.0179156652829364,0.2136770810574612,0.6108804894035395,4577
06037106645,-1.1652957444130598,-1.1790806896663508,-0.9578100236409687,0.2898695491507916,-0.8767047955392081,-1.0207704142223124,6,-0.818298686388518,2,1,0.0284931506849315,113940.0,0.0061674008810572,0.5757575757575758,0.0317180616740088,39.4604135148764,0.170958904109589,0.0153424657534246,0.1805479452054794,0.6150684931506849,3650
06037106646,-0.8018465745166802,-1.0861962457129253,-0.3117809499603753,-0.8026647066333419,-0.9021675349777971,-0.31322712504709743,6,-0.7029805228080361,2,1,0.0670572916666666,110734.0,0.062047569803516,0.4329896907216495,0.0289555325749741,58.0307614725164,0.2844036697247706,0.0496678266371401,0.1819044606137298,0.4432141727301487,3161
06037106648,0.4681593803848804,0.1395539273318441,-0.6664976571837468,-0.27101832529521963,0.6675784699958225,0.3635742968455536,6,0.11689168201318904,6,3,0.2018125552608311,68426.0,0.0313653136531365,0.5024630541871922,0.1992619926199262,75.7942511346445,0.9665640123185216,0.0026396832380114,0.0013198416190057,0.0281566212054553,4546
06037106649,-0.5738237332597842,-0.3997031392012535,-0.6807892017824636,1.0931188454567158,0.23269652901042726,0.12964790049230923,6,-0.03314213321400816,5,2,0.0912518853695324,87039.0,0.0301291248206599,0.6807228915662651,0.152080344332855,69.654563792234,0.6636602780909433,0.0263059000375798,0.1882750845546787,0.0830514844043592,2661
06037107010,-0.49137680407477496,0.0958640516357225,-0.7459853258669071,1.1174933068618609,-0.2536077888495145,0.1267658504345706,6,-0.025141118309840445,5,2,0.1,69934.0,0.0244897959183673,0.6839080459770115,0.0993197278911564,69.5789208270298,0.9541547277936964,0.0044571792422795,0.0063673989175421,0.0280165552371856,3141
06037107020,-1.0332389315702304,-0.3200299573946657,-0.6622455004131275,-0.7490181668088431,0.07590132802392474,-0.31755020013370944,6,-0.5010302380494419,3,2,0.0425051720895241,84289.0,0.0317331163547599,0.44,0.1350691619202603,57.91729702471,0.8741771675757006,0.0033853676885461,0.07861576076735,0.040812488245251,5317
06037108101,-0.607614109264621,-1.3999347496342123,-0.910079285395847,-1.6232607313552325,-1.1690560110194688,-0.9174969538199534,6,-1.1045736400815558,1,1,0.0876665234207133,121563.0,0.0102960102960102,0.3257575757575757,0.0,42.1709531013616,0.1388053287494628,0.0356682423721529,0.2204555221314998,0.5706918779544478,2327
06037108102,-0.542967102031663,-0.8023858860848039,-0.9246159446526548,-0.5732936077105126,-1.1690560110194688,-1.0294165643955329,6,-0.8402891859824392,2,1,0.0945259593679458,100938.0,0.0090386195562859,0.4629629629629629,0.0,39.2334846192637,0.0906531531531531,0.0365990990990991,0.3122184684684684,0.543918918918919,3552
06037108103,-1.0932212227653364,-2.134927094816512,-1.0291111731370455,1.9886927604411242,-1.1690560110194688,-1.3248266953138972,6,-0.7937415727685226,2,1,0.0361406905453372,146932.0,0.0,0.797752808988764,0.0,31.4800806858296,0.1148757663762504,0.0,0.265892223297838,0.5772829945143595,3099
06037108104,-1.2798347935222165,-2.291057559091313,-0.8668519156372002,-2.670651248561561,-0.7647935480929388,-2.1154690944872883,6,-1.664776359898753,1,1,0.0163398692810457,152321.0,0.0140350877192982,0.1888888888888888,0.043859649122807,10.7286938981341,0.074074074074074,0.0522875816993464,0.3507625272331154,0.5065359477124183,1836
06037108201,-1.3164553096873146,-1.6353327867900398,-0.9665179295156924,-0.5741033983054358,-1.0942006984472588,-1.6538607435725676,6,-1.206745144386385,1,1,0.0124542124542124,129688.0,0.0054141851651326,0.4628571428571428,0.0081212777476989,22.8441754916793,0.056043956043956,0.0653846153846153,0.4659340659340659,0.3664835164835164,5460
06037108202,-1.199696146469275,-0.6937406381667296,-0.9017409333625621,1.5445146769784257,-0.8576417832432331,-0.865139711104341,6,-0.4955740892279525,3,2,0.0248430613062641,97188.0,0.0110172603745868,0.7397094430992736,0.033786265148733,43.5451336359052,0.0674502470949646,0.0785361292907706,0.4762922398824629,0.3315079471083211,7487
06037109100,-0.9864400267169477,0.15913904402320894,-0.4750231322251704,-0.8755190261729152,-0.24972546708965526,0.4471537485200171,6,-0.33006914327691034,4,2,0.0474708171206225,67750.0,0.0479274611398963,0.423469387755102,0.099740932642487,77.9878971255673,0.633178405434394,0.0028602073650339,0.117983553807651,0.2434751519485162,2797
06037109200,-1.245074836261681,-1.2925642726250435,-0.759681738676232,-2.983866682240778,-0.6808576977395494,-0.8540918525496691,6,-1.3026895133488254,1,1,0.0200281096275474,117857.0,0.0233050847457627,0.1479591836734693,0.0529661016949152,43.8350983358548,0.3801827125790583,0.0126493323963457,0.2505270555165144,0.3404778636683064,2846
06037109300,-0.8257958555465608,-0.3787563354026488,-0.25000218400055907,-0.5649575280568915,-0.8284209444318101,-0.2632715907129328,6,-0.5185340730252338,3,2,0.064516129032258,86316.0,0.067391304347826,0.4640522875816993,0.0369565217391304,59.3419062027232,0.437879810938555,0.0087778528021607,0.1698176907494935,0.3558406482106684,2962
06037109400,-0.6428080182072534,-0.2599418922794428,-0.5824608585232528,-0.8775997129343892,-0.009661777720741487,0.04798981552300248,6,-0.38741374069034623,4,2,0.0839322381930184,82215.0,0.0386343216531895,0.4231974921630094,0.1257861635220125,67.5113464447806,0.7425057647963106,0.0084550345887778,0.0325390725083269,0.1380988982833717,3903
06037109500,1.2200812973698771,1.1547061518122184,-0.4276733183868953,1.9648937882518438,1.9654969818686674,1.1772730964808629,6,1.175796332899429,10,4,0.2815959891372467,33387.0,0.0520231213872832,0.7946428571428571,0.3400770712909441,97.1507816439738,0.9275662251655628,0.0134519867549668,0.0229718543046357,0.0360099337748344,4832
06037109601,-0.9783270931054353,-0.5949458927265608,-0.5688382793508908,0.1786548018610159,-0.25525242971575274,-0.23589211516440298,6,-0.40910016803367116,4,2,0.0483316481294236,93778.0,0.0398126463700234,0.5612244897959183,0.0991412958626073,60.0605143721634,0.6982810920121335,0.0101112234580384,0.1061678463094034,0.1585439838220424,4945
06037109603,0.41291376282736075,0.47145791670503306,-0.738767125042288,1.1002969721605778,-0.3202894336056859,0.15558635101197002,6,0.18019974067616126,6,3,0.1959506632534326,56970.0,0.0251141552511415,0.6816608996539792,0.0920852359208523,70.3353504790721,0.7079357691412613,0.0093088201070514,0.1447521526646497,0.1163602513381428,4297
06037109604,-0.7848795965814538,-0.5579195922360811,-0.5253651122715118,0.04285141016582359,-0.32565353934529606,-0.037511002856621546,6,-0.36474623885419016,4,2,0.0688575899843505,92500.0,0.0435729847494553,0.5434782608695652,0.0915032679738562,65.2672718103883,0.6879499217527386,0.0084507042253521,0.1192488262910798,0.1661971830985915,3195
06037109700,-0.7314318650949948,-0.8247233490567599,-0.8429168933925306,1.7542997016012296,-1.1690560110194688,-0.8718644945724007,6,-0.4476154852558209,3,2,0.0745287154756685,101709.0,0.0161054172767203,0.7671232876712328,0.0,43.368633383762,0.4222270363951473,0.1011698440207972,0.1468804159445407,0.317157712305026,4616
06037109800,-0.3019108736837191,-0.5537476147160271,-0.9175649227193364,-0.31968191684593306,0.05693747062209112,-0.5634851383942042,6,-0.4332421659561881,3,2,0.1201034737620103,92356.0,0.0096485182632667,0.4961038961038961,0.1330117160578911,51.4624306606152,0.5798698951933502,0.0236718467654499,0.1405854716299241,0.2441272135887242,5534
06037111100,-0.7661602163586391,-0.5332353919090946,-0.6236785703777349,-0.5870521857795957,-0.6009405158291995,-0.1816135057436299,6,-0.5487800643329822,3,1,0.0708438287153652,91648.0,0.0350690754516471,0.4611650485436893,0.0616365568544102,61.4851235501765,0.4973262032085561,0.0267379679144385,0.1437558980811576,0.3101604278074866,3179
06037111201,-0.94553972457191,-0.4953689015013818,-0.19375101270351866,2.5655514296260695,-0.8072753662309816,-0.4342732274721844,6,-0.051776133808984486,5,2,0.0518105849582172,90341.0,0.0722569134701159,0.8731343283582089,0.039250669045495,54.8537569339385,0.3310363836824697,0.0110253583241455,0.1549062844542447,0.4980705622932745,3628
06037111202,-0.9920553271589532,-0.3186103261552029,-0.4192584193036071,-0.6136274084961094,-0.7717185205151635,-0.6163227227861074,6,-0.6219321207358574,3,1,0.046875,84240.0,0.0527509926262053,0.4576923076923077,0.0431083380601247,50.0756429652042,0.3045076417101954,0.0197330237957051,0.1429676920100599,0.5124782356355194,5169
06037111204,-1.3441907536060766,-2.3408025966047354,-0.7986009932915984,-1.369068596183103,-1.1690560110194688,-1.2950455113839154,6,-1.3861274103481496,1,1,0.0095113151853066,154038.0,0.0199386503067484,0.358974358974359,0.0,32.2617246596067,0.1738632646385345,0.0338567222767419,0.2366699378475629,0.5168465816159633,6114
06037111205,-1.019725745589176,-0.11902176271317262,-0.8025962714652567,0.6158662767908161,-0.6550608132427992,-0.3386852338904708,6,-0.38653725835167657,4,2,0.0439390023261824,77351.0,0.0195930670685757,0.6183574879227053,0.055764883195177,57.3625819465456,0.2501938485396743,0.0679762212457999,0.3683122253812355,0.2765572499353838,3869
06037111206,-1.1252891078116058,-1.1887863318136989,-0.6137469061838482,2.695457274489034,-0.8869598891849085,-1.1864882925423699,6,-0.38430220884123295,4,2,0.0327380952380952,114275.0,0.0359281437125748,0.8901098901098901,0.0306054557551563,35.1109430156329,0.2934459922356702,0.0109614067138616,0.154373144553551,0.4886960493263302,4379
06037111301,-0.33888429712200346,0.1848952107963204,-0.32036062987455766,0.2207080079097442,-0.22839134611245795,-0.49143388695069995,6,-0.16224449022560905,5,2,0.1161803713527851,66861.0,0.0613054453660295,0.5667198298777246,0.1020555355210962,53.3535047907211,0.2966101694915254,0.0586599576271186,0.2766154661016949,0.3268008474576271,7552
06037111302,-0.05721274440098749,0.3006675869778203,0.44088472368797244,0.8857997533375331,-0.544682625746601,0.08449578292104788,6,0.18499207946279758,6,3,0.146067415730337,62865.0,0.1271515824541921,0.6536312849162011,0.067740144364242,68.469490670701,0.2393957001743172,0.0923881464264962,0.2395893860158822,0.4154561301568855,5163
06037111400,0.14908236899655825,0.3411705354016784,-0.05235314279258058,0.969973474016291,-0.14137827631676372,-0.6638765487388205,6,0.10043640176106046,6,3,0.1679565669400485,61467.0,0.0844875346260387,0.6646307606885064,0.1114958448753462,48.8275340393343,0.4263308528906697,0.0446479679450486,0.1404693760732684,0.3864911276473955,8735
06037113101,-0.891228692677538,-0.9490424847411484,-1.0291111731370455,-0.7189802334326739,-0.8292137894873461,-0.644662881687216,6,-0.8437065425271614,2,1,0.0575733118105999,106000.0,0.0,0.4439252336448598,0.0368705035971223,49.3318204740293,0.2296316214036031,0.0360311911804248,0.1745092766872815,0.5598279107286905,3719
06037113102,-0.9199927111956492,-2.601058666484218,-0.710919280562807,-2.3769181145848783,-1.1690560110194688,-0.664356890415108,6,-1.4070502790436883,1,1,0.0545212765957446,163021.0,0.0275229357798165,0.2272727272727272,0.0,48.814926878467,0.1562396557431314,0.0208540218470705,0.1062562065541211,0.7060575968222443,3021
06037113211,-0.8704448936162589,-0.5171848672833311,-0.8844267785994158,-0.6776635779683485,-1.11412642726068,-1.120681482890638,6,-0.864088004603112,2,1,0.0597785977859778,91094.0,0.0125148986889153,0.4493243243243243,0.0059594755661501,36.8381240544629,0.0786079338038452,0.0257970309077634,0.1384765149671453,0.746897055244585,4109
06037113212,-0.5978278122874761,-0.32408604665027385,-0.6131721401317917,-1.0083350397647692,-0.5993592044082442,-0.829594427058878,6,-0.6620624450502389,3,1,0.0887049083382613,84429.0,0.0359778597785977,0.4061135371179039,0.0618081180811808,44.4780635400908,0.2962220950200343,0.0374928448769318,0.2593016599885518,0.3737836290784201,3494
06037113213,-1.127910837517551,-0.5302222970335,-0.7221827103884445,-0.5701161782461273,-0.6035178681926913,-0.7911670929556761,6,-0.724186164055665,2,1,0.0324599139616738,91544.0,0.0265486725663716,0.4633781763826607,0.0613569321533923,45.4866364094806,0.2919207317073171,0.0592606707317073,0.2124618902439024,0.3357469512195122,5248
06037113231,-1.053247805842967,-1.1373609144658103,-0.6890825820528106,-1.4301432256168154,-1.0561003228488208,-0.8343978438217812,6,-1.0333887824415007,1,1,0.0403821102909248,112500.0,0.0294117647058823,0.3509933774834437,0.0122549019607843,44.351991931417,0.1272253582283977,0.0260529743812418,0.1098567086409031,0.6291793313069909,2303
06037113232,-0.8782599805694692,-1.154135740744361,-0.8721001153526168,-0.9308141000630199,-0.879166016160359,-0.8627380027228895,6,-0.9295356592687859,2,1,0.0589493700974566,113079.0,0.0135811293781272,0.416243654822335,0.0314510364546104,43.6081694402421,0.1536500579374276,0.0296639629200463,0.1603707995365005,0.608342989571263,4315
06037113233,0.16500932704022953,0.775548722611195,0.32590410419863286,1.3711144109937734,-0.2451551525742752,0.5917365930833169,6,0.4973596675588121,8,3,0.1696465128975023,46474.0,0.117205998421468,0.7170502092050209,0.1002367797947908,81.7826525466465,0.5852961198093941,0.0656228727025187,0.1436351259360108,0.191286589516678,7345
06037113234,-0.05046623930710854,0.3953193269640466,-0.23946917978360224,0.3327791760578701,0.6951622696112278,0.15894874274599988,6,0.21537901604807227,6,3,0.1467832604622111,59598.0,0.0683023872679045,0.5813648293963255,0.2022546419098143,70.4236006051437,0.4488907319095998,0.0433340244660999,0.1793489529338586,0.307899647522289,4823
06037113235,-0.8912995872194127,-0.47946323720617573,-0.655127546937507,0.6425831531962104,-1.013491721488248,-1.5510676248465034,6,-0.6579777607502727,3,1,0.0575657894736842,89792.0,0.0323488045007032,0.6218487394957983,0.0168776371308016,25.542107917297,0.2143640350877192,0.0635964912280701,0.0345394736842105,0.5383771929824561,1824
06037113237,-0.42699406649623506,-0.2544082276521489,-0.7753724165529252,1.1874537804400331,-0.922505817580326,0.1541453259831007,6,-0.17294690364308354,5,2,0.1068313953488372,82024.0,0.0219478737997256,0.693050193050193,0.0267489711934156,70.29752899647,0.2589413447782546,0.1540295660467334,0.1139723414401526,0.418693371483071,4194
06037113301,-0.6098272679095408,0.18686531129190148,-0.06794255280724906,1.7971843156100822,-0.8969091595202104,-0.16864428048379787,6,0.04012106103019756,6,3,0.087431693989071,66793.0,0.0831390831390831,0.7727272727272727,0.0295260295260295,61.8255168935956,0.1866628669136506,0.0569962952408093,0.1724137931034483,0.5494442861214021,3509
06037113303,-0.6597790645890331,-0.5914113006609595,-0.47858869233399776,0.8823400931925931,-0.7497953245216772,-0.11484601273931598,6,-0.2853467169420651,4,2,0.0821315081887069,93656.0,0.0476190476190476,0.653179190751445,0.0454868514570007,63.2375189107413,0.2691481746599857,0.0157480314960629,0.1095204008589835,0.5807683130517777,4191
06037113321,-0.44867663686713977,-0.10586844469855776,-0.638292147849977,-0.41155009754078425,-0.4045804384381204,0.3160204708928405,6,-0.28215788241695644,4,2,0.1045307443365695,76897.0,0.0338050314465408,0.4840989399293286,0.082940251572327,74.5461422087746,0.3237864077669903,0.087378640776699,0.1435275080906148,0.3927184466019418,6180
06037113322,-0.761390512807505,-0.629857232390902,-0.8934751996058605,0.7210848875358523,-0.9018912529115011,-1.0668832151461525,6,-0.5887354208876782,3,1,0.0713499229244659,94983.0,0.0117322291235334,0.6321070234113713,0.0289855072463768,38.2501260716087,0.3178040244969379,0.0183727034120734,0.1935695538057742,0.4400699912510936,4572
06037113401,-0.2758471549929957,-0.3725273411886792,0.03201253352237823,-0.4301631200578392,-0.3277308853346417,0.4490751152251776,6,-0.1541968088044333,5,2,0.1228689909384119,86101.0,0.0917849898580121,0.4816666666666667,0.0912778904665314,78.0383257690368,0.4825954198473282,0.0201526717557251,0.1558778625954198,0.2746564885496183,6550
06037113421,0.00608639555407602,0.23707390186310753,-0.20293921322950986,0.3364094098049155,0.36497463814489844,0.5091178247614315,6,0.2084538261498199,6,3,0.1527838348597179,65060.0,0.0714621532675129,0.5818392134181608,0.1664315937940761,79.6142208774584,0.5792993167611571,0.0578572466928332,0.1408634976013955,0.201482773658962,6879
06037113422,-0.5047566698357445,-0.05406639049121996,0.05490191733521008,-0.2423357123940802,-0.20390583774984752,0.2569384447091647,6,-0.1155373747377529,5,2,0.0985803158398468,75109.0,0.0937648738695859,0.5062111801242236,0.1047120418848167,72.9954614220877,0.4237234379955598,0.0464636853790041,0.146685696162385,0.3458610846812559,6306
06037115101,-0.9944019589749152,-1.9836639376484415,-0.6241978992130655,2.999374635417695,-1.1356604162559727,-0.5851005138272527,6,-0.3872750150836588,4,2,0.0466260082628369,141711.0,0.0350241545893719,0.9298245614035088,0.0036231884057971,50.8951084215835,0.2657879205193783,0.0513476293527444,0.1143025772181782,0.5420027542789692,5083
06037115103,3.430446617730704,0.8484424409476949,-1.0291111731370455,1.0766547294454765,-1.1690560110194688,,5,0.6314753207934722,8,4,0.5161290322580645,43958.0,0.0,0.6785714285714286,0.0,,0.3676427092576161,0.1381248151434486,0.1789411416740609,0.259094942324756,3381
06037115104,0.9765425490560015,0.532560004134158,-0.05110726729267531,0.33450197866938,-0.4711491167974802,0.511039191466592,6,0.30539788987266264,7,3,0.2557550644567219,54861.0,0.0845953002610966,0.5815899581589958,0.0757180156657963,79.6646495209279,0.2807859264336303,0.1498743431574137,0.2115604295179346,0.3308201964816084,4377
06037115201,-0.1971007387614702,0.23278603607860754,-0.02437171078370245,0.24022961573614593,-0.08265907223056025,-0.18785794753539867,6,-0.0031623029160630137,6,3,0.1312244589072196,65208.0,0.0869078701976874,0.5692708333333333,0.1178664677359194,61.3212304589007,0.2876485632616218,0.0234692342410109,0.1430720625846246,0.5155709342560554,6647
06037115202,-0.04288968329953992,0.2351907175658609,-0.5698148430995844,0.789518694575045,-0.5282376667547489,0.44955545690146886,6,0.05555377931475025,6,3,0.1475871785840084,65125.0,0.0397281756403554,0.6410496719775071,0.069524307370622,78.0509329299042,0.4002463054187192,0.0728360309641097,0.1491907107670654,0.3223082336382829,5684
06037115301,-0.4566271149274278,-0.6094608978484155,-0.41364502399970066,-0.8513290470272088,-0.9627427540776542,0.023492390032211003,6,-0.545052074641366,3,1,0.1036871508379888,94279.0,0.0532365396249243,0.4266304347826087,0.0223835450695704,66.8683812405446,0.1947391688770999,0.03315649867374,0.242263483642794,0.5075154730327144,4524
06037115302,1.1265377573717503,0.80234788376432,0.01093839997098524,0.9636576619886523,0.4893388653041378,0.9491108002430996,6,0.7236552281071575,9,4,0.2716704574172353,45549.0,0.0899621212121212,0.6638054363376252,0.1799242424242424,91.1623802319718,0.705332322466515,0.0566085418246146,0.0980540813747788,0.1324235531968663,3957
06037115401,0.15247769736370206,0.04626387445285767,-0.789877399792732,0.15971063050471965,0.3138949833516847,0.43994862337566615,6,0.05373640154264971,6,3,0.1683168316831683,71646.0,0.0206932229694774,0.558748943364328,0.1608898085876875,77.7987897125567,0.5050996391024635,0.0396987290130236,0.1143888278675663,0.3158638004079711,6373
06037115403,0.18120318103201596,0.5457133221487729,-0.7283922457619705,1.0373845868433411,0.4914578973943593,0.8227809393788189,6,0.3916912801725563,7,3,0.1713647781188947,54407.0,0.0260115606936416,0.6734397677793904,0.1801541425818882,87.8466969238527,0.5512140664247837,0.0633547306726207,0.1415015350265141,0.2185319564610661,3583
06037115404,0.15947779052103309,0.20589995872714809,-0.5854924763969152,0.17593873402711224,-0.3330788434979096,0.7757074551023965,6,0.06640876974714419,6,3,0.1690595836324479,66136.0,0.0383720930232558,0.5608695652173913,0.0906976744186046,86.6111951588502,0.4760714285714286,0.0703571428571428,0.1692857142857143,0.2457142857142857,2800
06037117101,-0.7049803970237587,-0.5072184765409797,-0.44514398189613397,-0.9402467299463992,0.0200551188392366,0.3458016548228224,6,-0.37195546862420215,4,2,0.0773353751914242,90750.0,0.0505119453924914,0.4150110375275938,0.1290102389078498,75.3277861825517,0.3922281776416539,0.0830781010719755,0.3960566615620214,0.0828866768759571,5224
06037117102,-0.5694399785821176,0.10843792832810763,-0.8849594013556995,1.575830398857319,-0.12321591366290446,-0.1494306134321968,6,-0.0071295966412486395,6,3,0.0917170280838962,69500.0,0.0124688279301745,0.743801652892562,0.1134663341645885,62.3298033282905,0.6214610276127228,0.0206221600838867,0.1156938133519748,0.2226494232785739,2861
06037117201,0.657616589589165,0.34499484812839465,0.2305589100563692,0.6599140908347417,1.1296606183671247,0.5854921512915479,6,0.6013728680445571,8,4,0.2219151036525172,61335.0,0.1089588377723971,0.624113475177305,0.2493946731234866,81.6187594553707,0.6738586014255442,0.0558659217877094,0.1296474667694085,0.0878443459834328,5191
06037117202,-1.0432510679736198,-0.7846549816245741,-0.09173505717509996,-1.0735588216223955,-0.5123033316901775,0.05567528234364465,6,-0.5749713296237037,3,1,0.0414428242517267,100326.0,0.081081081081081,0.3975903614457831,0.0712530712530712,67.7130610186586,0.3057349031522977,0.093049753133308,0.2730725408279529,0.2890239270793771,2633
06037117301,-1.1494071301863114,-0.7066621796524526,-0.6401802363207627,0.6554445332332257,-1.1690560110194688,-0.36510402608642256,6,-0.5624941750053654,3,1,0.0301790281329923,97634.0,0.0336417157275021,0.6235294117647059,0.0,56.6691880988401,0.3468030690537084,0.0240409207161125,0.1826086956521739,0.4112531969309463,3910
06037117302,-0.684992122841524,-0.8597216049194356,0.02127807408960226,0.04542397441571951,-0.8223448014956742,0.13541200060779085,6,-0.36082408002392025,4,2,0.0794562511966302,102917.0,0.0908564814814814,0.5438144329896907,0.0376157407407407,69.8058497226425,0.2539682539682539,0.1114935934213042,0.1625549818320902,0.4132721361637024,5229
06037117303,-0.3835814594625686,-0.3096579577267536,-0.8417550953041687,1.0923947691504625,-0.6506443188090132,0.6368887106545783,6,-0.07605922524957721,5,2,0.1114377338321753,83931.0,0.0162059103908484,0.680628272251309,0.0562440419447092,82.9677256681795,0.4517847629195525,0.0394246137453383,0.1624933404368673,0.3188598827916888,3754
06037117404,-0.31938838187229857,-1.006436147708003,-0.8932994598111844,0.8898112895645738,-0.3095975766214807,0.4048836810064944,6,-0.20567109924031646,5,2,0.1182490051165434,107981.0,0.0117474302496328,0.6541554959785523,0.093245227606461,76.8784669692385,0.4209241172051089,0.012396694214876,0.1530803906836964,0.3735912847483095,5324
06037117405,2.347768286323432,1.0634151714949245,0.09267264904724695,1.4050792553906875,2.240039498262339,0.8919501407645842,6,1.3401541668805355,10,4,0.4012503552145496,36538.0,0.0970319634703196,0.7214885954381752,0.3698630136986301,89.6621280887544,0.9275321768326804,0.0307778399552322,0.027700055959709,0.0139899272523782,3574
06037117407,2.1605640549919585,1.1520117496638502,0.634511506078004,1.0934112314493045,3.3578404820727332,0.9049193660244164,6,1.5505430650467111,10,4,0.3813868613138686,33480.0,0.1438998957247132,0.6807610993657506,0.4911366006256517,90.0025214321735,0.9546402502606882,0.0127737226277372,0.0234619395203336,0.0044316996871741,3836
06037117408,1.976545372152101,1.0717591265350326,0.2778984928254348,1.2221231609125243,2.5801249563453164,1.2430799061325946,6,1.3952551691505004,10,4,0.3618613732508949,36250.0,0.113053613053613,0.6975806451612904,0.4067599067599067,98.8779626828038,0.7988935893263911,0.0471851610803774,0.1083631630328669,0.0377481288643019,3073
06037117510,0.9537188547093625,0.765002890546614,0.8817933056834514,0.9206228052691409,2.4778257361495726,0.5158426082294912,6,1.085801033431272,10,4,0.2533333333333333,46838.0,0.1652892561983471,0.6581818181818182,0.3956611570247934,79.7907211296016,0.7965825874694874,0.0347165717385408,0.0743151613778139,0.0943856794141578,3687
06037117520,2.023732379672077,1.0789152268645699,0.24828500098256054,1.1439203173885135,2.297016024879862,1.043257768795944,6,1.3058544530972545,10,4,0.3668681983071342,36003.0,0.1104921077065923,0.6873614190687362,0.3760445682451253,93.6333837619768,0.822936660268714,0.057341650671785,0.0736564299424184,0.0407869481765834,4168
06037117530,0.6894952307624178,0.5145393790128134,0.4151339766228,0.5044914737179563,2.218217244143225,0.9284561081626254,6,0.8783889020703062,9,4,0.225297619047619,55483.0,0.1249241964827168,0.6038034865293186,0.367495451788963,90.6202723146747,0.7967962029071493,0.018540492435479,0.1097597152180362,0.0559181251854049,6742
06037119001,-0.503064504859021,-0.3625899225124393,-0.8779113368601531,-0.18879586580028698,0.6484169208981139,1.1042611616847764,6,-0.02994725790816836,5,2,0.098759864712514,85758.0,0.0130784708249496,0.5132075471698113,0.1971830985915492,95.2344931921331,0.7125140924464487,0.0031567080045095,0.1350620067643743,0.1303269447576099,4435
06037119002,-0.8342931146352002,-0.21500621774052728,0.16294758569858628,-1.092909239452889,0.8326020686644499,1.0144372682185405,6,-0.022036941541173305,5,2,0.0636145187808271,80664.0,0.103110599078341,0.3950617283950617,0.2171658986175115,92.8769541099344,0.8329989969909729,0.0111584754262788,0.096038114343029,0.0514042126379137,7976
06037119201,-0.06063623338931977,-0.5176773924072264,-0.1771120957037576,0.12276904336684293,1.359921954335886,0.41737256459003524,6,0.19077297346541008,6,3,0.145704162976085,91111.0,0.0736961451247165,0.553921568627451,0.2743764172335601,77.2062531517902,0.8766219485374972,0.0065977567627006,0.0585001099626127,0.0481636243677149,4547
06037119202,-0.03371543009456279,0.16638206055108057,-0.24086307562359155,1.4046199203893657,1.4931041851842153,0.6292032438339404,6,0.5697884840400745,8,4,0.1485606219794074,67500.0,0.0681818181818181,0.7214285714285714,0.2888257575757575,82.7660110943016,0.8880016810254255,0.0073544862366043,0.0621979407438537,0.0365623030048329,4759
06037119310,0.22215431151016987,0.7325252044356376,-0.054766685232786334,1.5577043994436526,-0.44452856935957086,-0.4775039783382893,6,0.25593078040980227,7,3,0.175709939148073,47959.0,0.0842787682333873,0.7414330218068536,0.0786061588330632,53.7191124558749,0.6572057744066553,0.0425740151700513,0.1585515047712258,0.140200636163445,4087
06037119320,-0.25048056928038304,0.012453473300752964,0.03805548195809343,0.13040886007456665,0.9729131002404846,0.6858835616361607,6,0.2648723179882792,7,3,0.1255605381165919,72813.0,0.0923076923076923,0.5549199084668193,0.2323886639676113,84.2536560766515,0.6983285772523441,0.0603342845495311,0.1754993885038728,0.0550346514472075,4906
06037119340,3.057412233179199,1.2291643617187387,0.9296124343160579,1.3876562036164062,2.914506589175102,0.819418547644789,6,1.7229617282750487,10,4,0.4765478424015009,30817.0,0.1694255111976631,0.7192118226600985,0.4430379746835443,87.7584467977811,0.9378517823639776,0.0370544090056285,0.024155722326454,0.0009380863039399,4264
06037119341,0.15431811191573036,0.6420164699033539,-0.19930903966383892,0.8517840816463954,0.3559282286917049,0.3678973719321621,6,0.36210587073758466,7,3,0.1685121107266436,51083.0,0.0717761557177615,0.6491862567811935,0.1654501216545012,75.9077155824508,0.5397923875432526,0.0474048442906574,0.2671280276816609,0.1387543252595155,2890
06037119342,0.006883666449799067,0.42391475621608377,-0.4647893161661113,1.6232633810186257,0.31444856269614613,0.7656202799003069,6,0.4448902216858084,8,3,0.1528684300927516,58611.0,0.0488126649076517,0.75,0.1609498680738786,86.3464447806354,0.7725867399519065,0.0199244245963586,0.1298522844383373,0.0697354860872552,2911
06037119400,-0.3965818993440378,-0.29233266219208465,-0.520827055085266,0.9166116557866716,0.9922147562953321,0.67003228631859,6,0.22818618029653417,7,3,0.1100583090379008,83333.0,0.0439655172413793,0.6576576576576577,0.2344827586206896,83.8376197680282,0.8128750681942172,0.0134569921803964,0.0881978541553009,0.07219494453537,5499
06037119700,-0.5599048910482346,-0.24467361343868943,-0.860402670955467,-0.10445339212558065,-0.14256468810463913,-0.14798958840332746,6,-0.34333147401265635,4,2,0.0927287581699346,81688.0,0.0145929339477726,0.5242290748898678,0.1113671274961597,62.3676248108926,0.4663138611846122,0.0364339507429269,0.2214532871972318,0.2558518216975372,4913
06037119800,-0.3161420077464837,-0.2821344949208414,-0.5234158929915811,1.328203487010234,-0.3130860154932009,0.4999913329119206,6,0.06556940146167457,6,3,0.1185934649195554,82981.0,0.0437415881561238,0.7114427860696517,0.0928667563930013,79.3746848209783,0.7596630327056492,0.011232243145028,0.1301618764453254,0.082424843078956,6054
06037119900,-0.5675383240663132,-0.13782463361952735,-0.8894859062667078,0.0018211253431171266,0.7753097285440744,0.6801194615206834,6,-0.022933091424112262,5,2,0.0919188050555342,78000.0,0.0120772946859903,0.5381165919282511,0.2109500805152979,84.1023701462431,0.6722592945662536,0.0074356530028598,0.2139180171591992,0.0890371782650143,5245
06037120010,-0.3796785889030547,0.689849351053418,-0.6421977830144219,1.7319639651382857,0.4843612269097613,1.2377961476934043,6,0.5203490531462321,8,3,0.1118518518518518,49432.0,0.0334672021419009,0.7642045454545454,0.179384203480589,98.7392839132627,0.7340976331360947,0.0277366863905325,0.1549556213017751,0.0832100591715976,2704
06037120020,1.2918093073609571,1.0487263339764008,0.9406092440512568,0.4784896837584291,0.2908575751313054,1.2536474230109753,6,0.8840232612148875,9,4,0.2892067620286085,37045.0,0.1703767123287671,0.6004056795131846,0.1583904109589041,99.155320221886,0.7357954545454546,0.0730888429752066,0.1637396694214876,0.0219524793388429,3872
06037120030,1.5144304877337957,1.234726998412144,2.2942745386317625,0.7516334278914273,1.292208422667286,1.0730389527259252,6,1.3600521380103903,10,4,0.3128282070517629,30625.0,0.2874659400544959,0.636098981077147,0.2670299727520436,94.4150277357539,0.878469617404351,0.0270067516879219,0.0630157539384846,0.0315078769692423,2666
06037120103,3.1103906597805886,1.3433722463302182,2.0110972910146914,1.9207539303261367,2.8308540938611433,1.049021868911425,6,2.0442483483707004,10,4,0.4821691718243442,26875.0,0.2629716981132075,0.7888748419721872,0.4339622641509434,93.7846696923853,0.9374275782155272,0.0153534183082271,0.0289687137891077,0.0182502896871378,3452
06037120104,0.4612289908227379,1.0015887824130123,1.5616248019374006,1.1583642701445551,1.0516645236681335,1.0000270179298425,6,1.039083064485947,10,4,0.2010771992818671,38672.0,0.2240932642487046,0.6892488954344624,0.2409326424870466,92.4987392839133,0.6494614003590664,0.0655296229802513,0.1543985637342908,0.1072710951526032,2228
06037120105,1.1622495086259097,1.137409828343661,1.6347072823615736,1.1960595319735916,0.8485303822958864,0.905880049376995,6,1.147472763829603,10,4,0.2754596888260254,33984.0,0.2304147465437788,0.6941747572815534,0.2188940092165898,90.0277357539082,0.7602401129943502,0.0123587570621468,0.1705508474576271,0.0568502824858757,2832
06037120106,1.068976988162632,1.0727152047167117,1.119982395076678,0.6901169730128629,2.4030809186539943,1.005310776369033,6,1.2266972093319852,10,4,0.2655629139072847,36217.0,0.1858921161825726,0.628060263653484,0.387551867219917,92.6374180534544,0.8049548603821122,0.0153264749107705,0.1526348939743859,0.0270837707327314,4763
06037120107,2.1583387397504126,1.238898975932198,0.6507773716238787,1.6049032055819075,2.2000410852472996,1.1172303869446083,6,1.4950316275133841,10,4,0.3811507419942723,30481.0,0.1453068592057761,0.7476007677543186,0.3655234657039711,95.5748865355522,0.8725918314924223,0.0182378628307218,0.0706396095556126,0.0328795273567942,3893
06037120108,1.313484360809828,0.9911588386128772,0.11334477153830556,0.4571829820977095,0.6118453522090859,0.9832150592596894,6,0.7450385607545825,9,4,0.2915066154502774,39032.0,0.0988200589970501,0.597621407333994,0.1932153392330383,92.0574886535552,0.8292476754015216,0.0266272189349112,0.0513524936601859,0.0817836010143702,4732
06037120300,-0.3452766901581558,0.08792570552117521,-0.5406193943963136,0.7934120645393895,0.10180852032139719,1.115789361915739,6,0.2021732612905386,6,3,0.1155021000381825,70208.0,0.0422535211267605,0.6415584415584416,0.1378799110452186,95.5370650529501,0.6382206949217258,0.0108820160366552,0.1943489881634211,0.1481481481481481,5238
06037120400,-0.6394465946167742,0.5362684285964283,0.03874721208617294,0.7164453134385045,0.12592027518154808,0.9327791832492377,6,0.28511896965585287,7,3,0.0842889054355919,54733.0,0.0923675255226057,0.6315007429420505,0.140495867768595,90.7337367624811,0.5712808391195154,0.0518540404786526,0.186881370955828,0.1741763923770128,6769
06037121010,-0.06427375340929598,0.29956664846558384,-0.20078266388561927,0.5741274207411291,-0.05418859014750631,0.996184284519522,6,0.2584388910473023,7,3,0.1453182002432103,62903.0,0.071648690292758,0.6129032258064516,0.1209553158705701,92.3978819969743,0.5666801783542764,0.0066882853668423,0.1084312930685042,0.318200243210377,4934
06037121020,-0.00913017735986967,0.5764816563591715,-0.2299656364874602,0.29768622036838455,0.39404250001221724,1.1676662629550607,6,0.3661301376412507,7,3,0.1511692650334075,53345.0,0.0691244239631336,0.5767790262172284,0.1695852534562212,96.8986384266263,0.5883656509695291,0.024376731301939,0.1210526315789473,0.2606648199445983,3610
06037121101,-0.1660294084684656,0.40490908084694865,-0.2309426572802002,-0.9434630095535128,-0.09520931338161809,0.9274954248100472,6,-0.01720664717113346,5,2,0.1345213137665968,59267.0,0.0690399137001078,0.4145907473309608,0.116504854368932,90.59505799294,0.6974143955276031,0.0097833682739343,0.0950384346610761,0.1743535988819007,2862
06037121102,0.03911774749143214,0.7096083001414518,-0.2593300470819825,-0.4360934177426355,-0.2371089078290365,0.6926083451042242,6,0.08480033668057561,6,3,0.1562886597938144,48750.0,0.0665844636251541,0.4808917197452229,0.1011097410604192,84.4301563287948,0.4848729326341267,0.0,0.0407422347720855,0.4594594594594595,2479
06037121210,-0.7888693520291069,0.17000356881501635,0.2386716677723229,0.7286341131560964,0.3470865522903686,0.47501356574483844,6,0.19509001929158928,6,3,0.0684342529559297,67375.0,0.1096605744125326,0.6330935251798561,0.1644908616187989,78.7191124558749,0.7320574162679426,0.0167464114832535,0.1206425153793574,0.0960355434039644,2926
06037121221,-0.21487179570159756,0.25807864979393524,-0.6489631544780751,-0.5449509368882006,0.3819981890986454,0.8074100057375388,6,0.006450159593707723,6,3,0.1293388429752066,64335.0,0.0328820116054158,0.4666666666666667,0.1682785299806576,87.4432677760968,0.8347107438016529,0.0053719008264462,0.028099173553719,0.1190082644628099,2420
06037121222,0.9392675313366636,0.522970250251256,-0.03247564754532124,0.7493643639973562,0.6622728604447538,1.2397175143985648,6,0.6801861454805455,9,4,0.2517999610819225,55192.0,0.0862068965517241,0.6358024691358025,0.1986863711001642,98.7897125567322,0.9015372640591556,0.0103132905234481,0.0251021599532983,0.0544853084257637,5139
06037121600,-0.4643704161762122,-0.1805294590678584,-0.5293962577352141,-0.7974320759481794,-0.7275787325805434,0.9409449917461667,6,-0.2930603249603068,4,2,0.1028655400440852,79474.0,0.0432242990654205,0.4336734693877551,0.0478971962616822,90.9480584972264,0.3327239488117002,0.0135283363802559,0.2343692870201097,0.3904936014625229,2735
06037121801,-0.07738460983841199,0.8901042720160125,0.1340662469323862,1.2267596959396574,0.01635612436509648,0.6325656355679703,6,0.47041122749711844,8,3,0.1439270595897102,42520.0,0.1006124234470691,0.6981865284974094,0.1286089238845144,82.8542612203732,0.7419251678925488,0.0303805564438759,0.0291013751199232,0.1816437480012792,3127
06037121802,0.5212596080704464,0.14949134600808395,-0.36056412663292164,0.4162670237895035,0.5079774952703904,1.1066628700662282,6,0.3901823694286218,7,3,0.2074468085106383,68083.0,0.0578279266572637,0.592274678111588,0.1819464033850493,95.29752899647,0.6013681592039801,0.0609452736318407,0.064365671641791,0.2639925373134328,3216
06037121900,0.4729412018895406,0.5371665626458844,-0.784125891568788,0.6493061473064681,0.21677692445379884,1.2349140976356656,6,0.3878298403937615,7,3,0.2023199352576207,54702.0,0.0211907164480322,0.6227272727272727,0.1503531786074672,98.6636409480585,0.7785163520340335,0.0236639191704333,0.0241956926349375,0.1736240361605955,3761
06037122000,-0.5332849620710394,-0.06498885941525036,-0.6973230708673518,0.38084655444626647,0.3710602189154289,1.1081038950950974,6,0.09406896268385856,6,3,0.0955532926001357,75486.0,0.0286989795918367,0.5876460767946577,0.1670918367346938,95.3353504790721,0.4859131025118805,0.0297012898845892,0.0931771894093686,0.3589613034623218,5892
06037122120,0.19115451559512062,0.33659294895606356,-0.6884563783859883,0.21818429533577857,1.3346910660006432,0.7180664539475938,6,0.3517054835748686,7,3,0.1724206745160646,61625.0,0.0294659300184162,0.5663900414937759,0.2716390423572744,85.0983358547655,0.8088205946916783,0.0371183396527639,0.0177609259628816,0.1047695070844142,5011
06037122121,-0.4589935210497651,0.5828555109036985,-0.6437454365749123,1.2645514534237463,0.571967662650787,1.070637244344474,6,0.3978788189496714,7,3,0.1034360609280906,53125.0,0.0333333333333333,0.703125,0.1888888888888888,94.351991931417,0.7999293036408625,0.0431247790738777,0.0572640509013785,0.089430894308943,2829
06037122122,0.36807179075855123,0.9106454668890563,0.20116441776554006,1.4946495806484725,1.2830900082344134,1.1551773793715194,6,0.9021331072779254,9,4,0.1911926605504587,41811.0,0.1064162754303599,0.7331932773109243,0.2660406885758998,96.5708522440746,0.9523460410557184,0.0,0.0076979472140762,0.0399560117302052,2728
06037122200,0.07670352652750946,0.5502619365282763,-0.15879080180009322,1.5165222065697916,0.3429764458230407,1.0941739864826867,6,0.5703078833552019,8,4,0.1602767368117613,54250.0,0.0752808988764044,0.7360515021459227,0.1640449438202247,94.9697428139183,0.7512251369270683,0.0034592101470164,0.024214471029115,0.1945805707696742,3469
06037122410,1.1803363848395108,1.0725703443861543,-0.11094686484639447,0.4798473241564248,1.5150257966331242,1.2512457146295275,6,0.8980131166330579,9,4,0.2773788150807899,36222.0,0.0794192997438087,0.6005830903790087,0.2912040990606319,99.0922844175492,0.7897020538038761,0.0283482788544981,0.0436794908880532,0.1235175007231703,3457
06037122420,-0.041331049771826674,0.8192096262412051,0.21338476040492213,1.1211185568511015,1.205762966923883,1.2305910225490537,6,0.7581226471997232,9,4,0.1477525589675122,44967.0,0.1074733096085409,0.6843817787418656,0.2576512455516014,98.5501765002521,0.7606040417499444,0.0170997113035753,0.0703975127692649,0.1505662891405729,4503
06037123010,1.2700073818934936,1.0639946128171542,-0.24160881649162635,1.7605414316808903,0.7057733108971349,0.9529535336534168,6,0.9186102424084104,9,4,0.2868934467233617,36518.0,0.0681173131504257,0.76793893129771,0.2034058656575212,91.2632375189107,0.8254283585795877,0.0181276384405264,0.0243357337968711,0.1296250310404768,4027
06037123020,0.06250325941058378,0.9035473106917422,-0.7091324027063932,1.8768107675917127,0.5390623521906786,1.0927329614538175,6,0.6275873747720236,8,4,0.158770003137747,42056.0,0.0276774969915764,0.7831325301204819,0.1853188929001203,94.9319213313162,0.8566153846153847,0.0153846153846153,0.0292307692307692,0.084,3250
06037123103,0.5835703760841088,0.7052045460925058,-0.13051177436054898,1.3973943166198315,-0.049267472300443226,1.0466201605299736,6,0.5921683587775712,8,4,0.2140583554376657,48902.0,0.077726975832789,0.7204843592330978,0.1214892227302416,93.7216338880484,0.5438550420168067,0.0543592436974789,0.1034663865546218,0.2941176470588235,3808
06037123104,0.8795240020035084,0.9119492098640732,0.3506245131772154,0.9308435744011642,0.28756128818623494,0.12292311702424949,6,0.5805709507760742,8,4,0.2454608136060675,41766.0,0.1193442622950819,0.6595174262734584,0.1580327868852459,69.4780635400908,0.6120923913043478,0.0328351449275362,0.0701992753623188,0.2644927536231884,4416
06037123203,0.18680311098300886,0.7067110935303031,-0.3741548140014029,0.6444074624213189,2.525729396926044,0.9899398427277492,6,0.7799060154311702,9,4,0.1719589643380557,48850.0,0.0566523605150214,0.6220871327254306,0.4008583690987124,92.2339889056984,0.7513434294088911,0.1074743527112848,0.0009770395701025,0.1279921836834391,4094
06037123204,1.2988548637459556,0.9232772877136645,0.04579622261489947,0.24792548351199142,1.0098826763981852,0.8583262234242819,6,0.7306771262348297,9,4,0.2899543378995434,41375.0,0.0929772502472799,0.5702764976958525,0.2363996043521266,88.7796268280383,0.7309044423138383,0.045701502077341,0.045701502077341,0.1693831895174177,3129
06037123205,0.6486881441244915,0.7868768004607862,-0.07212816912427165,0.604830843634822,0.8983497806945243,1.0418167437670744,6,0.6514056905929045,8,4,0.2209677419354838,46083.0,0.082777036048064,0.6169154228855721,0.2242990654205607,93.5955622793747,0.7592295345104334,0.0385232744783306,0.0184590690208667,0.1837881219903691,2492
06037123206,1.3546891729067188,1.1871838379231947,0.050459507302973945,1.0950985796519317,0.8901021512063038,1.0816851028991454,6,0.9432030586483782,9,4,0.2958786936236391,32266.0,0.0933806146572104,0.6809815950920245,0.2234042553191489,94.6419566313666,0.8468118195956454,0.0073872472783825,0.0233281493001555,0.1076982892690513,2572
06037123301,0.02172062946976187,0.4696906206722324,-0.2001267398347821,0.7170437744631407,-0.013930865013895627,1.0711175860207647,6,0.3442525009628703,7,3,0.1544427210281409,57031.0,0.0717054263565891,0.631578947368421,0.1253229974160206,94.3645990922844,0.3600441501103752,0.0463576158940397,0.2739514348785872,0.3019867549668874,4530
06037123303,0.42270458947096184,0.8334059386358335,-0.35050555379070647,1.1222054504099053,0.28680658759235944,1.205613255381975,6,0.5867050446167213,8,4,0.1969895287958115,44477.0,0.0586979722518676,0.6845238095238095,0.1579509071504802,97.8946041351488,0.5711046323291221,0.0161969549724651,0.0524781341107871,0.333009394233884,3087
06037123304,0.7872662359175293,0.9738045710120968,1.0234541256595033,1.416287298039904,-0.009457299019983056,1.1143483368868699,6,0.8842838780826533,9,4,0.2356717102246676,39631.0,0.1775426219870664,0.722953216374269,0.1258083480305702,95.499243570348,0.4536909674461256,0.0126088950022925,0.0662540119211371,0.4465841357175607,4362
06037123410,0.82640453213382,0.6594576537024687,0.2900488759504473,0.5804505641854246,1.2192318008624954,0.854963831690252,6,0.7384262097541514,9,4,0.2398245186448939,50481.0,0.1141045958795562,0.6137295081967213,0.2591125198098257,88.6913767019667,0.5400621860798852,0.0212867734991628,0.0583592441999521,0.378617555608706,4181
06037123420,0.5909055419707507,0.8243376819429382,0.07117444711621798,1.4412531006322176,0.6807374986529053,0.7430442211146765,6,0.725242081904951,9,4,0.2148366606170599,44790.0,0.0951724137931034,0.726215644820296,0.2006896551724138,85.7539082198689,0.544010889292196,0.0460526315789473,0.0637477313974591,0.3461887477313974,4408
06037123510,0.4603561821907982,0.8084609897138436,1.0532566925029165,0.39438017758211835,0.09691868011141914,0.35732985505378134,6,0.5284504295258129,8,3,0.2009845890410959,45338.0,0.1801204819277108,0.5894145950280674,0.1373493975903614,75.6303580433686,0.4898852971845672,0.0331595411887382,0.0600625651720542,0.3578727841501564,4795
06037123520,0.8587148818353686,0.8031591016154416,-0.3387018324578136,1.1070218767550957,0.8060548792787207,0.5033537246459505,6,0.6232671052787938,8,4,0.2432528409090909,45521.0,0.0597189695550351,0.6825396825396826,0.2142857142857142,79.4629349470499,0.5816761363636364,0.0017755681818181,0.0181107954545454,0.3842329545454545,2816
06037123601,-0.005627558699614766,0.5215506190117931,0.5655056678097136,0.7480256413539268,-0.6409627013588387,-0.14750924672703652,6,0.17349707023165725,6,3,0.1515409139213602,55241.0,0.1379310344827586,0.6356275303643725,0.0572944297082228,62.38023197176,0.3526962315219654,0.058505100978555,0.0245679783468665,0.5382052883614408,4803
06037123602,0.26614063342017164,0.6540688494057323,0.10129498744521198,1.106578560735977,-0.11078671918068547,0.25885981141432524,6,0.3793593538734555,7,3,0.1803771522273845,50667.0,0.0977777777777777,0.6824817518248175,0.1148148148148148,73.0458900655572,0.3449029789559989,0.0713309647444657,0.0437277944793659,0.5241869363213993,3659
06037123700,-0.39043757002902313,0.23075799145080347,0.03867305525386608,0.7133599549242976,0.14951338889256324,0.3035315873092997,6,0.17423306796696783,6,3,0.1107102593010146,65278.0,0.0923611111111111,0.6310975609756098,0.1430555555555555,74.2183560262229,0.3064261555806088,0.0468996617812852,0.0225479143179255,0.5941375422773394,4435
06037123800,0.3802675333596329,-0.053689753631770636,-0.22331720812190048,-0.8438849104780517,-0.707427422302029,0.38711103898376265,6,-0.1768234536983927,5,2,0.1924867021276596,75096.0,0.0696994991652754,0.4276032039433148,0.0500834724540901,76.4120020171457,0.257892987703556,0.0613160518444666,0.0335659687603855,0.6299435028248588,6018
06037123901,-0.49619548506588623,0.1875026967463542,-0.5426534386207428,-0.6778319238132704,0.4913703258606227,0.556191309037854,6,-0.08026941930917807,5,2,0.0994887089902002,66771.0,0.042077580539119,0.4493023255813953,0.1801446416831032,80.8497226424609,0.5146933560477002,0.0692078364565587,0.0815587734241908,0.2883304940374787,4696
06037123902,0.1734274858586745,0.07680043213436441,-0.5877705251189599,-0.008280624434562796,-0.4138304936863318,-0.3511741174740121,6,-0.18513797378680463,5,2,0.1705397301349325,70592.0,0.0381750465549348,0.5367965367965368,0.0819366852886405,57.0347957639939,0.2859820089955022,0.0322338830584707,0.139055472263868,0.5217391304347826,2668
06037124000,-0.7819320805708158,-0.39512555275563865,-0.6632230623718647,0.018378259543344915,-0.9208843072786476,-0.479905686719737,6,-0.5371154050255599,3,2,0.0691703391454301,86881.0,0.0316485592820028,0.5402802101576182,0.0269248937175248,53.6560766515381,0.1394903238168231,0.022801302931596,0.0523088714313086,0.7269591875838283,5219
06037124102,0.7171309732286805,0.6715390052709586,-0.7150465860709903,0.8170791790937619,0.9423694341157479,0.3587708800826506,6,0.46530714762013486,8,3,0.228229937393284,50064.0,0.027165932452276,0.6446511627906977,0.2290748898678414,75.6681795259707,0.5080259081948747,0.0360461841734722,0.0498451140523796,0.3506054632497888,3551
06037124103,0.04376580203819269,0.8533966642527592,0.2575436592471642,0.1776811491150721,0.5506804761141431,1.0903312530723657,6,0.4955665006399495,8,3,0.1567818463125322,43787.0,0.1112929623567921,0.5610972568578554,0.1865793780687397,94.8688855269793,0.6533333333333333,0.02,0.0712820512820512,0.2435897435897435,1950
06037124104,0.31709316306827845,0.8525564743355261,0.14323639893450482,0.38052678641101806,0.7743261902779472,0.8828236489150728,6,0.5584271103237246,8,4,0.1857835218093699,43816.0,0.1014056224899598,0.5876042908224076,0.2108433734939759,89.4225920322743,0.591091492776886,0.0678170144462279,0.0112359550561797,0.2825040128410915,2492
06037124105,0.032951253845669444,0.7961188895503504,0.2775648980908559,0.7165193418204581,0.7061300010827952,0.16327181783261163,6,0.4487593670371235,8,3,0.1556343577620173,45764.0,0.1130247578040904,0.6315104166666666,0.2034445640473627,70.5370650529501,0.5654058313632782,0.0319148936170212,0.0508274231678487,0.3234830575256107,2538
06037124201,-0.3922896777127648,0.25723845987670213,-0.13746740054806095,0.8391935939259936,-0.04619133309943474,0.9457484085090697,6,0.2443720084919175,7,3,0.1105137395459976,64364.0,0.0771253286590709,0.6475409836065574,0.1218229623137598,91.0741301059002,0.6143966547192353,0.0026881720430107,0.0698924731182795,0.3007765830346475,3348
06037124203,-0.006708924642321345,0.5991957561905769,-0.03492438348043559,0.16073065160982944,0.2123892799835237,0.6181553852792684,6,0.2581396274900736,7,3,0.1514261744966443,52561.0,0.085995085995086,0.5588822355289421,0.1498771498771498,82.476046394352,0.5692114093959731,0.0192953020134228,0.0553691275167785,0.3322147651006711,2384
06037124204,1.218970267482855,0.8650434348295767,-0.5437743466809687,0.05709879370261145,-0.04791305140277092,1.1037808200084889,6,0.44220098632329874,8,3,0.281478102189781,43385.0,0.0419806243272335,0.5453400503778337,0.1216361679224973,95.2218860312658,0.5547445255474452,0.031934306569343,0.0510948905109489,0.302463503649635,2192
06037124300,0.08511901001226953,0.8812388197858976,0.03650886361737528,0.7911750644093233,0.04921528595286367,0.6445741774752204,6,0.4146385368754916,7,3,0.1611696701802108,42826.0,0.0921739130434782,0.6412661195779601,0.1321739130434782,83.1694402420575,0.5799866131191432,0.0180722891566265,0.0518741633199464,0.3293172690763052,2988
06037124400,-0.4141589596841362,-0.26819893112121646,-0.21827376362848444,-1.0782260914543558,-0.8145489281454351,-0.7364081418586123,6,-0.5883024693153734,3,1,0.1081932773109243,82500.0,0.0701357466063348,0.3969804618117229,0.0384615384615384,46.9238527483611,0.1902017291066282,0.0290242898312062,0.0446685878962536,0.6951420337587485,4858
06037124500,-0.019344442844282734,-0.5018586443103548,-0.841047414712032,0.5516474507008192,-1.0506846391694065,-0.4020903351607551,6,-0.37722967091600196,4,2,0.15008547008547,90565.0,0.0162671232876712,0.6099656357388317,0.0128424657534246,55.6984367120524,0.1788034188034188,0.0304273504273504,0.0584615384615384,0.6023931623931624,2925
06037124600,-0.43569113451278657,0.24715618086990482,-0.3672234576677329,0.5040821669226021,-1.0494436975612071,-0.0581656949370914,6,-0.1932142728143852,5,2,0.1059085841694537,64712.0,0.0572519083969465,0.60375,0.0129770992366412,64.7251638930913,0.1263470828688219,0.0512820512820512,0.0338164251207729,0.6781865477517651,2691
06037124700,-0.8370123535684912,-0.47604453340502034,-0.019745783920140182,0.5288019003649522,-1.1131717093537972,-0.6902953409347723,6,-0.4345779701362115,3,2,0.0633259911894273,89674.0,0.0873080032336297,0.6069802731411229,0.0060630557801131,48.1341401916288,0.1715111030871998,0.0111933562014804,0.0523560209424083,0.720527170969489,5539
06037124902,0.19942878313160525,1.19917827329335,1.4127108342840347,0.9502539669731707,-0.5621879538961226,-0.07401697025466261,6,0.5208944889218959,8,3,0.1732986240238006,31852.0,0.211212516297262,0.662053896576839,0.0658409387222946,64.309127584468,0.1936437546193643,0.1271249076127125,0.056910569105691,0.5691056910569106,2706
06037124903,-0.19563250191792267,0.3422714739139149,0.2895142914920046,0.7283075209852992,-0.6128466223722772,-0.11340498771044666,6,0.07303486239842868,6,3,0.1313802476593174,61429.0,0.1140583554376657,0.6330508474576271,0.0603448275862069,63.2753403933434,0.2620748785367248,0.0654472706487567,0.0728779651328951,0.5684481280365818,3499
06037125100,-0.4677034934509318,-0.09711888073288885,-0.4940311181629758,0.20122286780777773,-0.8135545183758027,-0.3079433666079073,6,-0.32985475158712146,4,2,0.1025118805159538,76595.0,0.0462833099579242,0.564173591874423,0.0385694249649368,58.1694402420575,0.2017990495587237,0.0870672097759674,0.0719619823489477,0.6172776646300068,5892
06037125200,-0.05886606256289196,-0.05844117247405442,-0.7563477661329957,0.34192751596728205,-0.6393327837364301,0.10803252505925692,6,-0.17717129064663892,5,2,0.1458919887381622,75260.0,0.0235934664246823,0.5825602968460112,0.057471264367816,69.0872415532022,0.3120040952137189,0.0222677245968774,0.0545175326337343,0.5213718965958536,3907
06037125310,0.3152118095924772,0.7035821103902626,-0.47830966421397575,0.44962236105732417,0.0082021780280075,0.6460152025040897,6,0.2740539995596976,7,3,0.1855838989000702,48958.0,0.0476431829700963,0.5966334164588528,0.1277242777496198,83.2072617246596,0.4076049153721308,0.1544168792024113,0.0215627173661024,0.3964757709251101,4313
06037125320,1.0118239118525247,0.9637802361375226,0.5246700385736996,0.7062852104525329,-0.26843031627882463,0.7843536052756167,6,0.6204137810021787,8,4,0.2594986290638464,39977.0,0.1343988376316745,0.6301730624529721,0.0977115873592444,86.8381240544629,0.2781041911476694,0.0618879749314531,0.1169212690951821,0.4947121034077555,5106
06037125401,0.21347076067740345,0.29866851441612774,-0.08452823011727334,0.3973817092928181,-0.4195742658346466,-0.10812122927125625,6,0.04954954319386218,6,3,0.1747885622231172,62934.0,0.081704456606724,0.5898068228524456,0.0813135261923377,63.4140191628845,0.1868707209021345,0.1455900120821587,0.121425694724124,0.5257752718485703,4966
06037125402,-0.16925773742627065,-0.20443141360983472,-0.4453954251091088,-0.13314153752503963,-0.8482618566148286,-0.09082892892481573,6,-0.31521948320164966,4,2,0.1341787686643485,80299.0,0.0504901960784313,0.5204802259887006,0.0348039215686274,63.8678769541099,0.1699734096952342,0.0580895888729801,0.0715892820617713,0.6533033340151361,4889
06037125501,0.4344017556084354,0.7670599072405294,0.022532262840749235,0.04943315026128294,-0.7328401659587342,0.4010409475961733,6,0.15693797626473935,6,3,0.1982306684141546,46767.0,0.0909649661954517,0.5443383356070941,0.0473263675476336,76.7776096822995,0.1985583224115334,0.1038663171690694,0.0786369593709043,0.5976408912188729,3052
06037125502,-0.09094206515909715,0.1316155812172968,-0.17599548937497014,-0.3035223618750209,-1.0440263833102332,-0.4155399020968745,6,-0.3164017700998165,4,2,0.1424885321100917,68700.0,0.0737927292457949,0.4982155603140614,0.0135648399348887,55.345436207766,0.1680045871559633,0.049598623853211,0.1043577981651376,0.6482224770642202,3488
06037125600,-0.3307808176802692,-0.26533069657617925,-0.6583795784696765,0.1352731628472744,-0.6479156410898764,-0.06585116175773356,6,-0.30549745545441004,4,2,0.1170401992173603,82401.0,0.0320675105485232,0.5555555555555556,0.0565400843881856,64.5234493192133,0.2543578797580932,0.0256136606189967,0.0683030949839914,0.6200640341515475,2811
06037127102,0.5728839642469967,0.8195572910345429,-0.21026681093419292,0.9903481002497153,1.4201649880268983,1.13500302896734,6,0.7879484269318834,9,4,0.2129244629244629,44955.0,0.070828331332533,0.6672932330827067,0.2809123649459784,96.041351487645,0.7205398857933899,0.0538155390205917,0.0657553209897906,0.1347984080290707,5779
06037127103,-0.06971289815603963,0.6126677669324181,0.3910264365778227,-0.5634718900988206,0.726379493045885,0.9183689329605358,6,0.33587630687696696,7,3,0.1447410743004181,52096.0,0.1228389444949954,0.4642464246424642,0.205641492265696,90.3555219364599,0.5853972338372467,0.03731103248633,0.0765519459633322,0.2460598263107108,3109
06037127104,1.0006154424322715,0.9901448162989752,0.17330117900212283,1.9115432863003554,0.18014660022685514,1.1767927548045716,6,0.9054240131775254,9,4,0.2583093431038995,39067.0,0.1040061633281972,0.7876712328767124,0.1463790446841294,97.1381744831064,0.5171421093954462,0.0280031405391258,0.0638576288929599,0.3760795603245224,3821
06037127210,-0.0035222215592848475,0.4996477370315094,0.2999454616205484,0.1580427147703246,0.5921277329804573,1.2070542804108442,6,0.45888261754239984,8,3,0.1517643028434395,55997.0,0.1149606299212598,0.558530986993114,0.1910761154855643,97.9324256177509,0.6082562521411442,0.1070572113737581,0.0971223021582733,0.1778006166495375,5838
06037127220,0.6434906230524237,0.9733989620865361,0.6386574501843624,1.7010587202259242,0.25633657609320787,1.2027312053242325,6,0.9026122561611144,9,4,0.220416253716551,39645.0,0.1442585112521638,0.7601659751037344,0.1546451240623196,97.8189611699445,0.6285431119920714,0.0511397423191278,0.0741328047571853,0.2222001982160555,5045
06037127300,0.0031985380304375035,0.6915007588217728,0.19004588435043085,0.7504929117547853,0.5470160934238549,0.9078014160821555,6,0.5150092670772395,8,3,0.1524774158226115,49375.0,0.1054545454545454,0.6359499431171786,0.1861818181818181,90.0781643973777,0.5815174586505645,0.0464688894723024,0.1144657390391178,0.2181674980309792,3809
06037127400,-0.1275017286897722,0.5663414332201512,-0.3906231699322238,0.1567139440889361,1.193310758931467,1.2598918648027477,6,0.4430221837368844,8,3,0.1386093321134492,53695.0,0.0552278820375335,0.55835734870317,0.2563002680965147,99.3192133131619,0.7674595913388228,0.0114364135407136,0.0408661177188167,0.1630070143336383,6558
06037127520,1.4225589247050379,1.0868825450452286,1.5237118849429987,0.6102697356902761,1.7516661193970229,1.087449203014627,6,1.2470897354658652,10,4,0.3030800821355236,35728.0,0.2208138759172782,0.6176261549395877,0.3168779186124082,94.7932425617751,0.7661190965092403,0.0521560574948665,0.071047227926078,0.1002053388090349,4870
06037127603,0.610971150405926,0.8967099030894314,-0.30115241783824503,1.3184107516280803,1.162291528649473,0.8410339230778413,6,0.7547108065020844,9,4,0.2169657422512235,42292.0,0.0629669156883671,0.7101631116687579,0.2529348986125934,88.3257690368129,0.809322033898305,0.0156453715775749,0.0202086049543676,0.1499348109517601,3068
06037127604,0.5603382265465869,0.8241059054140463,0.9409630412080257,1.0186150271597931,0.20241195547741825,0.9726475423813086,6,0.7531802830311966,9,4,0.2115932847640164,44798.0,0.170407315045719,0.67098703888335,0.1487946799667498,91.780131114473,0.6325625593918277,0.0088691796008869,0.0931263858093126,0.238834336395312,3157
06037127605,1.1917161692085674,0.787224465254124,-0.1793303181538792,0.7656532552745466,1.7300241333726327,0.8088510307664082,6,0.8506897892870665,9,4,0.2785862785862786,46071.0,0.0735042735042735,0.6379310344827587,0.3145299145299145,87.4810892586989,0.7756987756987757,0.0233310233310233,0.0776160776160776,0.082005082005082,4329
06037127606,-0.259309640065648,0.3574818086224453,-0.41587700104252073,0.037248640702751745,-0.215277824574024,0.8809022822099123,6,0.0641947109754861,6,3,0.1246237206502107,60904.0,0.0530434782608695,0.5427461139896373,0.1034782608695652,89.3721633888048,0.598735701384708,0.0499698976520168,0.0990367248645394,0.2317880794701986,3322
06037127711,0.5177946226099449,0.26726279475127646,-0.7566303493052347,1.271247409405517,0.3128313404556599,1.190242321740691,6,0.46712468994297573,8,3,0.2070791527313266,64018.0,0.0235690235690235,0.704,0.1607744107744107,97.4911749873928,0.5295429208472687,0.0813823857302118,0.0688405797101449,0.3113154960981047,3588
06037127712,0.1122171325448817,0.8859902386281814,0.69040049949779,1.1712756921620762,0.061846429896322636,0.5278511501367414,6,0.5749301904776656,8,4,0.1640449438202247,42662.0,0.1487341772151898,0.6909361069836553,0.1335443037974683,80.1059001512859,0.5382022471910113,0.0856741573033707,0.0620786516853932,0.3039325842696629,3560
06037127803,0.7433381062185581,0.8741406635885834,0.9369463571080902,1.0320378501409102,0.18868488841904774,0.9524731919771294,6,0.7879368429087199,9,4,0.2310106716886378,43071.0,0.1700598802395209,0.6727410782080486,0.1473053892215569,91.2506303580434,0.611482254697286,0.0315240083507306,0.0569937369519833,0.2749478079331942,4790
06037127804,0.13005698725206988,0.5635311428073371,-0.16519892045522847,1.236062803324409,0.5052684496504828,0.7219091873579149,6,0.49860494165616415,8,3,0.1659378596087456,53792.0,0.0747266099635479,0.6994022203245089,0.1816524908869987,85.1991931417045,0.4859834558823529,0.0477941176470588,0.1247702205882353,0.3088235294117647,4352
06037127805,-0.2924018323340326,0.6891250494006309,0.013113356463381642,0.7581957759202498,0.4774192887394006,0.6479365692092502,6,0.38223136789981343,7,3,0.1211124401913875,49457.0,0.0901502504173622,0.6369565217391304,0.1786310517529215,83.2576903681291,0.6606010476978219,0.078853046594982,0.0738902674386545,0.1800385993934381,3627
06037127806,0.7212488523773284,0.8777621718525193,0.6403781196488249,0.3546418090839276,0.1004226079534914,0.5523485756275329,6,0.5411336894239375,8,3,0.2286668691163073,42946.0,0.1444073455759599,0.5842217484008528,0.1377295492487479,80.7488653555219,0.6030974795019739,0.0437291223808077,0.0989978742787731,0.2380807774066201,3293
06037127910,0.3724913935220887,0.7837767893868571,0.0982035334036356,0.9855532875166176,1.5208829331671863,0.9308578165440771,6,0.7819609589234103,9,4,0.1916616069621534,46190.0,0.0975103734439834,0.6666666666666666,0.2918395573997234,90.6833081190116,0.7531881498920934,0.0455169707671179,0.0700412007062978,0.1306650971159505,5097
06037127920,0.9962451789970692,0.4862916145541141,-0.21253693581207908,2.032126652395341,0.8525568705001157,1.0226030767154735,6,0.8628810762250056,9,4,0.2578456318914334,56458.0,0.070631970260223,0.8034285714285714,0.2193308550185873,93.0912758446798,0.5913910093299406,0.010178117048346,0.0424088210347752,0.3212468193384224,4716
06037128101,0.03535543025182335,0.4988944633126107,-0.010363041863428292,1.2469468240757446,0.22331169764078132,0.42217598135293494,6,0.40272022579507777,7,3,0.1558894553259994,56023.0,0.088119590873328,0.7008244994110718,0.1510621557828481,77.3323247604639,0.505756358768407,0.0337349397590361,0.0476572958500669,0.3874163319946452,3735
06037128102,0.7648884936555475,0.7690300077361105,1.267512913445366,0.4086265470301493,0.748863116125306,0.643613494122638,6,0.7670890953525195,9,4,0.2332972972972972,46699.0,0.1986531986531986,0.5912762520193862,0.2080808080808081,83.1442259203227,0.6211891891891892,0.0726486486486486,0.0815135135135135,0.2084324324324324,4625
06037128210,2.0006303384475657,1.218995166513607,1.1641279063323309,1.0616220859462806,1.0537375954254395,0.9563159253874505,6,1.242571503008779,10,4,0.3644169329073482,31168.0,0.1897106109324758,0.6766070245195493,0.2411575562700964,91.3514876449824,0.7769568690095847,0.0656948881789137,0.040535143769968,0.1014376996805111,5008
06037128220,0.6245505052944857,0.9176277348219246,-0.09770395270863351,1.6257004896562133,-0.08963494306580673,0.6378493940071607,6,0.603064871334224,8,4,0.2184065934065934,41570.0,0.0805647840531561,0.7503184713375797,0.117109634551495,82.9929399899143,0.4230769230769231,0.0394917582417582,0.0453296703296703,0.476304945054945,2912
06037128302,0.6885752164454907,0.7773160186439957,0.22114081597641852,1.1333153823524493,1.5567200774605876,1.1926440301221428,6,0.9282852568335141,9,4,0.2252,46413.0,0.1081441922563418,0.6859756097560976,0.2957276368491321,97.5542107917297,0.7792,0.0306,0.0258,0.1506,5000
06037128303,1.0191311656489663,0.9779475764660395,0.8644963254872307,1.611359459273255,1.9774999590417863,1.1955260801798815,6,1.2743267610161932,10,4,0.2602739726027397,39488.0,0.1637931034482758,0.7484444444444445,0.3413793103448276,97.6298537569339,0.8508141762452107,0.0047892720306513,0.0170019157088122,0.1273946360153256,4176
06037128400,0.25909946875723094,0.021521729993648226,-0.8279341644909202,1.2221975149848328,-0.7841156054857156,0.9015569742903864,6,0.1320543196749104,6,3,0.1796300423445509,72500.0,0.0174013921113689,0.6975903614457831,0.0417633410672853,89.9142713061019,0.3223011994669036,0.0819635717458907,0.0830741892492225,0.486228342958685,4502
06037128500,-0.5904252168059169,-0.0328008939653889,0.08519939041611178,-0.2160008654910262,-0.8127692741149432,0.15798805939342125,6,-0.23480146676129032,5,2,0.0894903682028773,74375.0,0.0963855421686747,0.5096525096525096,0.0386546184738955,70.398386283409,0.1592015579357351,0.0696202531645569,0.0925024342745861,0.5922590068159689,4108
06037128601,1.0772127865694767,0.7263251822877795,-0.43259909934308066,0.8704322255067541,0.13312602558171246,0.8223005977025315,6,0.532799619717529,8,3,0.2664367816091954,48173.0,0.0515970515970515,0.6516231195566112,0.1412776412776412,87.8340897629854,0.458457312886244,0.0542458228427557,0.0817120622568093,0.381551842526894,4369
06037128602,-0.16200717521093175,-0.34885716317559473,-0.3096515362077411,0.5162592127733008,-0.6877581259730338,-0.32283395857289987,6,-0.2191414577278167,5,2,0.1349480968858131,85284.0,0.0622317596566523,0.6053412462908012,0.0522174535050071,57.7786182551689,0.1633064516129032,0.0288018433179723,0.0331221198156682,0.756336405529954,3472
06037128702,-0.6994943447278135,-0.08573285875107467,-0.38989228385602587,0.36169061318779694,-1.0543052745637214,-0.5072851622682709,6,-0.3958365518298515,4,2,0.0779174783070657,76202.0,0.0552911021603808,0.5851428571428572,0.0124496521420725,52.9374684820978,0.2160068846815834,0.0946643717728055,0.0793459552495697,0.5662650602409639,5810
06037128801,-0.23198840899690973,0.2258037681457393,-0.533095868651131,0.3522011217606376,-0.849648639321082,-0.0014853771348673631,6,-0.17303556736626888,5,2,0.1275226674466218,65449.0,0.0429042904290429,0.5839028094153379,0.0346534653465346,66.2128088754413,0.1728575606902603,0.0584966364434045,0.1415618601930389,0.5408014039192747,3419
06037128802,-0.9979204364481369,-0.477811829437821,-0.11429636824177307,-1.2174452173084997,-0.5673407249543434,-0.7868440178690681,6,-0.6936097657099404,2,1,0.0462526766595289,89735.0,0.0791295746785361,0.3787878787878788,0.0652818991097922,45.6001008572869,0.1618843683083511,0.0447537473233404,0.1436830835117773,0.6096359743040686,4670
06037128910,-0.8246088031059196,-0.9024554024338781,-0.8456975932993883,0.6613343240912984,-1.1313193307544749,-0.035589636151461004,6,-0.5130560736089705,3,2,0.064642082429501,104392.0,0.0158648925281473,0.6242990654205608,0.0040941658137154,65.3177004538578,0.1573974661799441,0.0706463388447498,0.0811681339918402,0.6160618423878033,4657
06037131010,-0.055215049714733205,0.485451424636881,0.2374485513317971,0.26090110770964425,0.9427350559460131,0.713743378860982,6,0.4308440781284308,7,3,0.1462793831411888,56487.0,0.1095547773886943,0.5719720989220038,0.2291145572786393,84.9848714069591,0.5756805264732276,0.0201914448100508,0.1585402333233622,0.2180676039485492,6686
06037131020,0.3185904849350916,0.1844896018707596,-0.3137887982574224,0.3275736800402186,0.6993655265323057,1.0653534859052836,6,0.3802639968377061,7,3,0.1859423966572153,66875.0,0.0618738951090159,0.5806845965770171,0.2027106658809664,94.2133131618759,0.6963007159904535,0.0293854415274463,0.082189737470167,0.158263723150358,6704
06037131100,-0.39979039527899685,-0.24250070848032793,-1.0291111731370455,2.2771180338497983,-0.548668615989909,0.6671502362608508,6,0.12069956287072829,6,3,0.109717868338558,81613.0,0.0,0.8354430379746836,0.0673076923076923,83.761976802824,0.4413512668126368,0.0068814513606506,0.0972786987801063,0.4141382546137003,3197
06037131200,-0.5429538717147021,-0.25165588137155764,0.11553952952275698,1.21535872661644,-0.6519202663649373,-0.3910424766060833,6,-0.08444570665301387,5,2,0.0945273631840796,81929.0,0.099009900990099,0.6966966966966966,0.0561056105610561,55.988401412002,0.4319578577699736,0.0392156862745098,0.0620427275387767,0.4547848990342406,3417
06037131300,-0.4595171274301297,0.0404115170983374,-0.5252201195730724,-0.13504710800136135,-0.2822052329743932,0.2338820442472431,6,-0.18794933777222933,5,2,0.103380503144654,71848.0,0.0435855263157894,0.5202312138728323,0.0962171052631579,72.3903177004538,0.6248529988239906,0.0250882007056056,0.1346530772246178,0.1952175617404939,5102
06037131400,-0.3601490750162273,0.15971848534543867,-0.4376195774835384,0.10266414560204529,0.2742549961545058,0.5062357747036929,6,0.04085079155098615,6,3,0.1139240506329113,67730.0,0.0511627906976744,0.551294343240652,0.1565891472868217,79.5385779122542,0.4328569184859431,0.0441338149835087,0.2027642531804617,0.2849065493953196,6367
06037131600,-0.9274586075182408,-0.11528436618479086,-0.8935687416565719,-0.8850629867559382,-0.30454770409354887,0.1973760768492015,6,-0.48809105489331484,3,2,0.0537291001315047,77222.0,0.0117241379310344,0.4222222222222222,0.0937931034482758,71.4321734745335,0.5670914542728636,0.0299850074962518,0.1210644677661169,0.2569340329835082,5336
06037131701,-0.028668647090211875,0.04774144982454348,-0.42829478954728634,-0.3460803259469284,0.615891029884585,0.5216067083449729,6,0.06369923757827912,6,3,0.1490961159835332,71595.0,0.0519693654266958,0.4926542605288932,0.1936542669584245,79.9420070600101,0.5067120100232683,0.0504743153749776,0.1183103633434759,0.2808304993735457,5587
06037131702,-0.8454255757503468,0.14949134600808395,-0.44231205513059146,1.1293692136476345,-0.4221604116606403,0.6171947019266865,6,0.031026203173471073,6,3,0.0624332977588047,68083.0,0.0507569011576135,0.685459940652819,0.0810329474621549,82.4508320726172,0.4952254641909814,0.1557029177718832,0.1657824933687002,0.1615384615384615,3770
06037131800,-0.33631661429273196,0.19726628302592514,0.050759846899702185,0.6143860846580275,1.7007632312941405,0.8275843561417219,6,0.5090738646211309,8,3,0.1164528179308104,66434.0,0.0934065934065934,0.6181640625,0.3113553113553113,87.9727685325265,0.5869741757349358,0.0784472957609225,0.1135293162254344,0.1780087705051161,6157
06037131900,-0.7050655176507534,-0.393300312590615,-1.0291111731370455,-0.27802089155856763,-0.7367926848599331,0.1704769429769626,6,-0.49530227280332534,3,2,0.0773263433813892,86818.0,0.0,0.5015479876160991,0.0468975468975468,70.7261724659607,0.4313682836632586,0.0506852294974983,0.0926691320426365,0.3856863171633674,4597
06037132001,-0.8130034842957273,-0.28381487475530764,-0.7206859278678687,-0.3951768231849771,-0.46309268075224413,0.8717757903604051,6,-0.30066633341595334,4,2,0.0658734764944863,83039.0,0.0266781411359724,0.4862385321100917,0.076592082616179,89.1326273323248,0.3199537972855905,0.0441813456540571,0.1241697949754548,0.4054288189431129,3463
06037132002,-0.6614671206208206,-1.0617727939809423,-0.7380075591872326,0.43493135656334214,-0.40648322124007236,0.7915587304199677,6,-0.2735401013409596,4,2,0.0819523952997891,109891.0,0.0251798561151079,0.5947136563876652,0.0827338129496402,87.0272314674735,0.4484197972570065,0.0563506261180679,0.0241502683363148,0.3959451401311866,3354
06037132101,0.2502094690832752,-0.008898939423412562,-0.2603321546628723,0.09120376614185097,-0.04828377687939441,0.4947075744727302,6,0.08643432312202952,6,3,0.1786867599569429,73550.0,0.0664977834072197,0.5497967479674797,0.1215959468017732,79.2360060514372,0.4835306781485468,0.0904198062432723,0.0843918191603875,0.2658772874058127,4645
06037132102,-0.126854352773479,0.6780866922121546,-0.37522216255873836,1.083342437254283,-0.6220928344757574,1.0744799777547944,6,0.2852899595688762,7,3,0.1386780225884095,49838.0,0.0565600370885489,0.6794453507340946,0.0593416782568382,94.452849218356,0.4436215515645251,0.0601740418441029,0.1790409183484539,0.2886502499537123,5401
06037132300,0.40264756934598017,0.6808969826249687,-0.0695412624635773,0.4373340027159969,0.8391572964345568,0.8016459056220611,6,0.5153567490466643,8,3,0.1948613584329687,49741.0,0.0830007980845969,0.5950276243093923,0.217877094972067,87.2919818456884,0.6188068756319515,0.0072042467138523,0.1530586450960566,0.2014661274014155,7912
06037132501,-0.19175020180065705,0.37915291407383717,-0.2926200756000262,1.0598875928941525,-0.30373780034957226,0.5182443166109431,6,0.1948627909714462,6,3,0.1317921830314585,60156.0,0.0637049455155071,0.6763803680981595,0.093880972338642,79.8537569339385,0.5527814279456855,0.0162067455102934,0.0735873850197109,0.3287341217696014,4566
06037132502,0.20116340455576454,0.5948209742077424,-0.47011911570625897,1.573609618013126,-0.5815871308282125,0.6090288934297574,6,0.3211527739453198,7,3,0.173482677780672,52712.0,0.0483516483516483,0.7435114503816794,0.0637362637362637,82.2365103378719,0.3653748087710352,0.052524222335543,0.0948495665476797,0.4645588985211626,3922
06037132700,0.04763785536607359,0.2558478007033508,-0.07053810982922591,1.339547461868753,0.8573349777705507,0.9217313246945656,6,0.5585935517623447,8,4,0.1571926944387441,64412.0,0.0829145728643216,0.7129251700680272,0.2198492462311558,90.4437720625315,0.6263082290170326,0.006977221424174,0.0773650728504001,0.2618510158013544,4873
06037132900,-0.8103797906957493,-0.22595765873066917,0.07275362835110998,0.7610074799454887,-0.3660697518215452,0.7934800971251282,6,0.03747233402896055,6,3,0.0661518661518661,81042.0,0.0953090096798213,0.6373239436619719,0.0871183916604616,87.077660110943,0.2357786357786357,0.0172458172458172,0.1029601029601029,0.5848133848133849,3885
06037133000,0.22884772039963377,0.010975897929067153,-0.6331874711896486,0.7603000802653122,-0.5798296266991564,0.7396818293806466,6,0.0877980716809758,6,3,0.1764201500535905,72864.0,0.0342465753424657,0.6372315035799523,0.0639269406392694,85.6656580937973,0.5165341146923399,0.0054416073670992,0.0964838844704897,0.3700293009627459,4778
06037133100,-0.4467954312675918,0.6078584039579114,1.0671718108298958,-0.04301137942210452,0.2153431900854548,0.8938715074697449,6,0.38240635027555175,7,3,0.1047303515553101,52262.0,0.1813241106719367,0.532258064516129,0.150197628458498,89.7125567322239,0.3066500267427349,0.0486717775004457,0.1030486717775004,0.5088251025138171,5609
06037134001,0.16375534207263817,0.2722459901224521,-0.4640127407037752,0.030444106381190515,1.3839725939552459,0.8146151308818899,6,0.3668367371182735,7,3,0.1695134575569358,63846.0,0.0488798370672097,0.5418569254185692,0.2769857433808554,87.6323751891074,0.7362836438923396,0.0028467908902691,0.130175983436853,0.1187888198757764,3864
06037134002,-0.4849480613018464,0.5535068079327627,0.3680173736241943,1.2174478669718938,0.999193029068028,0.1166786752324772,6,0.46164928192125165,8,3,0.1006821282401091,54138.0,0.1208487084870848,0.696969696969697,0.235239852398524,69.3141704488149,0.5151432469304229,0.0390177353342428,0.1170532060027285,0.3151432469304229,3665
06037134101,0.04409670465300291,0.1091332579147833,-0.48694144721514765,1.226972108628092,0.9095779328391781,0.5009520162645025,6,0.38396509551406854,7,3,0.156816957068439,69476.0,0.0468965517241379,0.6982142857142857,0.2255172413793103,79.3998991427131,0.5144291091593476,0.0249148592937802,0.2068471052159885,0.1891019896038716,5579
06037134103,-0.18232811802911644,-0.24887456302485497,-0.2818566616755542,0.4606688259418883,-0.3062289653319986,0.36165293014039307,6,-0.032827758663207134,5,2,0.1327919227392449,81833.0,0.0646359583952451,0.5980769230769231,0.0936106983655274,75.743822491175,0.4661944623309723,0.0609572869714531,0.1131144022322386,0.3266795449667311,4659
06037134104,0.011224285703475879,0.3668108139103439,-0.19415207725242306,0.18558559625966128,0.8536038451562701,0.47213151568709927,6,0.2825339965774046,7,3,0.1533289958794187,60582.0,0.0722222222222222,0.5621301775147929,0.2194444444444444,78.6434694906707,0.4231268947596362,0.068860978778692,0.2760935469900389,0.2100476396708532,4618
06037134201,-0.8084491361318633,-0.5364223191813582,-0.6969523579039218,0.2966401938064194,0.5890501445904652,0.2617418614720677,6,-0.14906526889136518,5,2,0.066356720202874,91758.0,0.028731045490822,0.5766423357664233,0.1907422186751795,73.1215330307615,0.519324181626188,0.0257655755015839,0.1303062302006336,0.2916578669482577,4735
06037134302,-0.1672646812403689,-0.8838553359903039,-0.3690080875111864,0.08783264087001467,-0.8035847915617019,-0.08842722054336423,6,-0.37071791266281845,4,2,0.134390243902439,103750.0,0.0570975416336241,0.5493562231759657,0.0396510705789056,63.9309127584468,0.3005836575875486,0.0167801556420233,0.2067120622568093,0.4520914396887159,4112
06037134303,-0.5558083720329332,-0.16285649873985164,-0.19246187665346703,0.28243703057850644,-0.22914578471528627,0.39959992256730403,6,-0.07637259649928795,5,2,0.0931634234544515,78864.0,0.0723684210526315,0.5747863247863247,0.1019736842105263,76.7397881996974,0.3993604846852912,0.016829350387075,0.147761696398519,0.3837091888253113,5942
06037134304,-0.36463303190255364,0.26294595690066497,-0.3674140660811153,1.371050064295967,-0.5618764932676139,0.3986392392147259,6,0.12311861152667919,6,3,0.1134482758620689,64167.0,0.0572354211663066,0.7170418006430869,0.0658747300215982,76.7145738779627,0.3106508875739645,0.0729783037475345,0.2297830374753451,0.3231426692965155,3042
06037134305,1.0986054321047387,1.032473004887857,1.201235656169462,1.4481056753367412,2.0120960423811556,0.7536117379930568,6,1.2576879248121686,10,4,0.2687066698541716,37606.0,0.1929203539823009,0.7271111111111112,0.3451327433628318,86.0312657589511,0.8302653597896247,0.0143437724121443,0.0863016973464021,0.0621563471192923,4183
06037134306,-0.18805837494467134,0.11463795047596573,-0.5750548672179163,-0.4933913974135704,1.1213167887573348,-0.15087163846107016,6,-0.02857025646732128,5,2,0.132183908045977,69286.0,0.039274924471299,0.4734042553191489,0.2484894259818731,62.2919818456883,0.5354239256678281,0.0662020905923344,0.1221835075493612,0.2576074332171893,4305
06037134421,-1.146687069749207,-1.9431609892245836,-0.9540399257548128,-2.202997179993421,-1.089253550805401,-2.0467802347778137,6,-1.5638198250508732,1,1,0.0304676428908833,140313.0,0.0064935064935064,0.25,0.0086580086580086,12.5315179021684,0.0758148323098724,0.0269248937175248,0.0904581955597543,0.762163438828531,4234
06037134422,-1.0759124602124273,-1.390866492941317,-0.7091849012741429,-0.39055796688245137,-1.0936953858550515,-1.053433648210033,6,-0.9522751425625705,2,1,0.0379772542648253,121250.0,0.0276729559748427,0.4868421052631579,0.0081761006289308,38.6031265758951,0.1614541023558083,0.0379772542648253,0.215272136474411,0.5523964256701869,4924
06037134423,-0.6562196507621314,-0.8027335508781417,0.36141438361760747,0.7623547547909149,-1.0411382663895168,-1.2018592261836498,6,-0.42969692596748627,4,2,0.082509183385137,100950.0,0.1202775636083269,0.6375,0.0138781804163454,34.707513867877,0.0771404351511726,0.0844871432608081,0.1364792314213054,0.649618536309692,3539
06037134424,-1.2431419906761143,-2.1565692282017928,-0.9454226470997676,1.8965677068052003,-1.0832704294346456,-1.4617240730565588,6,-0.8322601102772799,2,1,0.020233196159122,147679.0,0.0072388831437435,0.7857142857142857,0.0093071354705274,27.8870398386283,0.0620713305898491,0.0174897119341563,0.1844993141289437,0.678326474622771,2916
06037134520,0.28946899886335403,0.7889627892208132,1.0751211084635341,0.4917388090788592,1.6270030460285279,0.9438270418039091,6,0.8693536322431664,9,4,0.1828524319868095,46011.0,0.1820117083555082,0.6021370207416719,0.3033528472591804,91.0237014624307,0.734047815333883,0.0291838417147568,0.1035449299258037,0.1178895300906842,6065
06037134521,0.8052327125750308,0.451206442493104,0.5055311406059639,0.9895203798556664,2.2801051897372524,0.9063603910532856,6,0.9896593760533839,9,4,0.2375780613630193,57669.0,0.1327433628318584,0.6671850699844479,0.3742098609355246,90.0403429147756,0.9013817393660256,0.0018965050121918,0.0655648875643457,0.020048767271742,3691
06037134522,1.3435468319028923,1.024853351500536,0.17739484983804024,0.9697516214829399,0.9853537235016443,1.001948384635003,6,0.9171414604768428,9,4,0.2946964242860571,37869.0,0.1043602573266619,0.6646017699115044,0.2337383845604002,92.5491679273828,0.7746580273578114,0.0427165826733861,0.0218382529397648,0.1312694984401247,4167
06037134710,0.9987254527780609,0.7878328786424652,0.8262667196119494,0.8037692608631724,2.0639623824615407,0.9361415749832676,6,1.0694497115567427,10,4,0.2581088038441737,46050.0,0.1604863221884498,0.6429118773946361,0.3507598784194529,90.8219868885527,0.6651816312542838,0.0203906785469499,0.1441055517477724,0.1456477039067854,5836
06037134720,0.3307162259219591,0.19100831674584406,-0.5476947128572529,0.5967056695275887,0.15483646262236778,0.8247023060839794,6,0.258379044674081,7,3,0.1872290106424911,66650.0,0.0416415208207604,0.6158536585365854,0.1436330718165359,87.8971255673222,0.4657075285770595,0.0549862041781631,0.2148206543161214,0.1905794245171462,5074
06037134800,-0.19496587866687826,-0.31275796880068263,-0.6241089659220651,1.1786626820277895,-0.08295469342449788,0.6311246105390972,6,0.09916663095879379,6,3,0.1314509803921568,84038.0,0.0350318471337579,0.6919014084507042,0.1178343949044586,82.816439737771,0.4156899515549304,0.0337552742616033,0.2156586966713549,0.3186435380528207,6399
06037134901,0.5564630818612151,-0.02555787743751728,-0.6372138139213172,0.7710508015204882,-0.8319422283756507,0.056155624019935325,6,-0.018507402055474412,5,2,0.211182108626198,74125.0,0.0338983050847457,0.6386363636363637,0.0365744870651204,67.725668179526,0.2452229299363057,0.0525477707006369,0.0853503184713375,0.5901273885350319,3140
06037134903,-0.04582599880482754,-0.1190797068453956,-0.20093733985952292,-0.35631426089426377,0.3982654624684822,0.7569741297270867,6,0.07218038096525983,6,3,0.1472756178638531,77353.0,0.0716353111432706,0.4913169319826339,0.1700434153400868,86.1195158850227,0.5145252204075733,0.0453822806763983,0.1776268246856482,0.2302355831767596,6919
06037134904,0.059790309572512974,0.6772754743610329,0.026492561054334774,0.898315244629886,0.224630709234769,0.17624104309243988,6,0.3437908903241626,7,3,0.1584821428571428,49866.0,0.0913075237399561,0.655266757865937,0.1512052593133674,70.8774583963691,0.5468711352955726,0.0571357902547613,0.0690081622557506,0.3138758347761563,4043
06037134905,-0.224707130661182,-0.3181467730974191,-0.7108757045709461,-0.03875111157459962,-0.6957002101400074,0.04991118222816302,6,-0.3230449579693318,4,2,0.1282952548330404,84224.0,0.0275267050123253,0.5328147788040836,0.0513557929334428,67.5617750882501,0.1313708260105448,0.1118189806678383,0.1456502636203866,0.5738137082601055,4552
06037135102,-1.1195947924527658,-2.088021319782016,-0.8571297700432012,0.44853426140966374,-0.8186506629886057,-1.2057019595939706,6,-0.9400940405751492,2,1,0.033342296316214,145313.0,0.0148760330578512,0.5964912280701754,0.0380165289256198,34.606656580938,0.1591519055287171,0.0593129361245303,0.1089640365002683,0.6191626409017713,3726
06037135111,-0.7738568869838648,-0.8202326788094796,-0.560147578378894,-1.2975462075401887,-0.7382705081972304,-0.3617416343523889,6,-0.7586325823770076,2,1,0.0700271657108361,101554.0,0.0405643738977072,0.3683206106870229,0.04673721340388,56.7574382249118,0.2933896770298823,0.0292785994566857,0.2076667672804105,0.4464231814065801,3313
06037135113,-1.133651557292727,-0.35525998978623324,-0.05815408599828973,-0.42202922720558966,-0.14565335754111816,-0.5337039544642226,6,-0.44140869538136335,3,2,0.0318507890961262,85505.0,0.0839857651245551,0.4827295703454086,0.1110320284697509,52.2440746343923,0.1870875179340028,0.0464849354375896,0.2083213773314203,0.4771879483500717,3485
06037135114,0.015099293385087724,0.413861449275398,0.7180859937233194,0.3600598624725031,0.04267140334895233,0.061439382459125724,6,0.2685362307773977,7,3,0.1537401574803149,58958.0,0.151128914785142,0.5849297573435505,0.1314639475600874,67.8643469490671,0.1641206423815119,0.0309439874657265,0.2765374069721896,0.4941245593419506,5106
06037135201,-0.8524028232520242,-0.9649771211024659,-0.010920765497964195,1.0273703428282248,-1.0457491995850228,-1.6101496510301754,6,-0.5761382029399046,3,1,0.0616929698708751,106550.0,0.0880713489409141,0.6721311475409836,0.0133779264214046,23.9914271306102,0.1248206599713055,0.103299856527977,0.1682209469153515,0.5616929698708751,2788
06037135202,-0.5230054538413008,-1.2480631790778003,-0.9589501826638325,1.0155631742696531,-1.0509666658139583,-0.8348781854980684,6,-0.600050082104218,3,1,0.096644010195412,116321.0,0.0060687795010114,0.6705882352941176,0.0128118678354686,44.3393847705497,0.1393372982158029,0.0356839422259983,0.1590909090909091,0.5709430756159728,4708
06037135203,-0.9058452337954724,-1.253770676101763,-0.7747243607895475,-1.4942330370761479,-1.0024585763957576,-1.4972693571020181,6,-1.1547168735434512,1,1,0.0560224089635854,116518.0,0.0220039292730844,0.3426183844011142,0.0180746561886051,26.9541099344428,0.0825016633399867,0.0191616766467065,0.1459747172322022,0.7055222887558217,7515
06037137000,-0.8165923237130565,-1.457270468468844,-0.8746963309605813,1.2093112150611822,-1.078061742360745,,5,-0.6034619300884089,3,1,0.0654926790660862,123542.0,0.0133565621370499,0.695906432748538,0.0098722415795586,,0.0761791987369252,0.0501282810341424,0.0860469705940398,0.7501480165778567,5067
06037137103,-0.9119962326530676,-0.4664837515882298,-0.38710311932372105,-0.38202482557778605,-0.8188414982512165,-0.2834459411171158,6,-0.5416492280851894,3,2,0.0553697510219249,89344.0,0.0555323590814196,0.487957181088314,0.0379958246346555,58.8124054462935,0.1579338535860275,0.0141211445559271,0.1848755109624675,0.63173541434411,5382
06037137104,-0.09920108536524098,-0.9522583840795233,-1.0291111731370455,-0.14963745484297672,-1.1235165636147024,-0.0687332118154722,6,-0.5704096454758268,3,1,0.1416122004357298,106111.0,0.0,0.518324607329843,0.0049407114624505,64.4478063540091,0.1466957153231663,0.0232389251997095,0.0831517792302106,0.6888162672476398,2754
06037137201,-0.5730707307514519,-0.11308248916031789,0.6564421141903238,-0.42528188230510805,-0.17631200836521269,-0.149910955108488,6,-0.1302026585833758,5,2,0.0913317834606443,77146.0,0.1457968476357267,0.4823045267489712,0.1077057793345008,62.3171961674231,0.1953889533919389,0.0502570907281472,0.1446342677060872,0.5531597279814231,6029
06037137301,-1.143333980557999,-2.4048888068433434,-0.93843688218125,-3.444853677865752,-1.0365213368992423,-1.7475273704491245,6,-1.785927009132785,1,1,0.0308234258036107,156250.0,0.0078431372549019,0.087719298245614,0.0143790849673202,20.3857791225416,0.0752972258916776,0.0369881109643328,0.0616468516072214,0.7393218846323205,2271
06037137302,-1.008042246007185,-2.0872390739970057,-0.5095169215925958,1.487687219407963,-1.0654921441124483,-1.5477052331124737,6,-0.7883847332356243,2,1,0.0451786918408631,145286.0,0.0449438202247191,0.7322834645669292,0.0112359550561797,25.6303580433686,0.0708024275118004,0.0146100247246572,0.082040908069229,0.7950101146325017,4449
06037137401,-0.881380320106357,-1.5221389244924621,-0.5270838488315366,-1.6667121510642977,-0.837420352846986,-1.418973663866745,6,-1.142284876868064,1,1,0.0586182833217027,125781.0,0.043424317617866,0.320079522862823,0.0359801488833746,29.0090771558245,0.1530588508955571,0.0181437543614794,0.0886252616887648,0.7136543382181902,4299
06037137402,-1.177574204114794,-1.2381257604015603,-0.2260335166255081,0.6851647492647066,-0.6266071606208024,-0.4664561197836175,6,-0.5082720020469293,3,2,0.0271903323262839,115978.0,0.0694645441389291,0.6274131274131274,0.0588519054510371,54.0090771558245,0.1410997204100652,0.0309412861136999,0.0503261882572227,0.7493010251630942,5365
06037137501,-0.7963848748510597,-0.5479532014937297,-0.5444120324300143,-0.23460230344899055,-0.8589540596441492,-0.3055416582264555,6,-0.5479746883490665,3,1,0.0676368108218897,92156.0,0.0419254658385093,0.5072217502124045,0.0336438923395445,58.2324760463944,0.1792472024415056,0.0683621566632756,0.0663275686673448,0.6455747711088504,4915
06037137502,-0.8060805094796571,-0.7661708034454459,0.029422399990049888,0.0897463530224588,-0.6454101379159588,-0.5817381220932228,6,-0.4467051366536294,3,2,0.066608045724335,99688.0,0.0915609487038058,0.5496062992125984,0.0568119139547711,50.9833585476551,0.105078039129479,0.078918443613981,0.0670477027918223,0.684765882611563,4549
06037137504,-1.1670570601490702,-2.046359488713698,-0.7314037371662996,-2.4615282989807215,-1.1690560110194688,-2.3599630077189113,6,-1.6558946006246948,1,1,0.02830626450116,143875.0,0.0257510729613733,0.2162162162162162,0.0,4.31164901664145,0.0482598607888631,0.0097447795823665,0.0269141531322505,0.8751740139211137,2155
06037138000,-0.6333363557836048,-1.5859354140699553,-0.9327161862260062,-1.0036341601043244,-1.1690560110194688,-1.8181375968637596,6,-1.1904692873445197,1,1,0.0849372384937238,127983.0,0.0083379655364091,0.4067278287461773,0.0,18.5325264750378,0.0765690376569037,0.0736401673640167,0.0771966527196652,0.7207112970711297,4780
06037139001,-0.7586198349539591,-0.38373953077382444,-0.9308299785775759,-0.1409716921357973,-0.7937702132208269,-0.16768359713121947,6,-0.5292691411322005,3,2,0.0716439084944139,86488.0,0.0085011185682326,0.5194570135746607,0.0407158836689038,61.8507312153303,0.1849618726724596,0.0053200922149317,0.0579890051427558,0.71324702961518,5639
06037139200,-0.5183420986461007,0.08053782866274616,-0.7480770563877303,1.7300045554674597,-0.9142434843397538,-0.3646236844101316,6,-0.12245732327558508,5,2,0.0971388202048746,70463.0,0.0243088655862726,0.7639484978540773,0.0276453765490943,56.6817952597075,0.173260332038149,0.0128929706817379,0.1167432002825856,0.6753797244789826,5662
06037139301,-0.9058868074380543,-1.5379866446554453,-0.4433747781091034,0.976757286226935,-1.1690560110194688,0.019649656621890464,6,-0.5099828830622076,3,2,0.0560179977502812,126328.0,0.0506649778340722,0.6655172413793103,0.0,66.7675239536056,0.1421822272215973,0.0728908886389201,0.077615298087739,0.6494938132733409,4445
06037139302,0.17399550142626932,0.7677552368272051,0.11762492553974839,0.5794182616488361,0.17900381727784487,0.7925194137725501,6,0.435052859415409,8,3,0.1706,46743.0,0.0991902834008097,0.6135946111451317,0.1462550607287449,87.0524457892083,0.3224,0.076,0.0864,0.473,5000
06037139303,0.01751144596743972,0.5438880819837492,0.1258135241663054,1.0665010083636224,-0.20620614495794418,0.5403400337202827,6,0.3479746582072425,7,3,0.1539961013645224,54470.0,0.0998985801217038,0.6772445820433437,0.1044624746450304,80.4336863338376,0.1805164319248826,0.1518779342723004,0.0363849765258215,0.5830985915492958,4260
06037139401,-0.3437048289170408,0.4578410456326344,1.48912037271452,1.041006339125488,-0.607460632209118,0.17480001806357057,6,0.36860038573500903,7,3,0.1156688839615668,57440.0,0.2178217821782178,0.6739130434782609,0.0609291698400609,70.839636913767,0.1766444937176644,0.0539541759053954,0.049150036954915,0.7073170731707317,2706
06037139402,-0.8161478412672155,-1.863922388409668,-0.9808902259134213,0.1852896407690003,-1.1690560110194688,-0.6019124724974059,6,-0.8744398830563633,2,1,0.0655398413245946,137578.0,0.0041710114702815,0.5620915032679739,0.0,50.4538577912254,0.0655398413245946,0.0769230769230769,0.020351845463953,0.8057951017592273,2899
06037139502,-0.5817668280186318,-0.18128273278675702,-0.7745576590776546,1.637505045637777,-0.771617795173534,0.06288040748799505,6,-0.10147326032180086,5,2,0.0904090752836026,79500.0,0.0220183486238532,0.7518610421836228,0.0431192660550458,67.9021684316692,0.125128556736373,0.0047994514912581,0.0531367843675008,0.764826876928351,2917
06037139503,0.03706931166101151,0.4704149223250195,-0.08286936819182895,0.28603548825899955,-0.9008222051344238,-0.0917896122773941,6,-0.046993577226436045,5,2,0.1560713084426505,57006.0,0.0818479447071662,0.5752565564424174,0.0291014914514368,63.8426626323752,0.2008072653884964,0.0264043054154053,0.0420450723175243,0.7188025563403969,5946
06037139504,0.4850221919477849,0.4934187428175398,-0.14968131346443708,0.7792353160894974,-0.5907429574470582,0.8102920557952813,6,0.30459067262310136,7,3,0.2036018009004502,56212.0,0.0760688506385341,0.6397058823529411,0.0627429205996668,87.5189107413011,0.1153076538269134,0.0380190095047523,0.0492746373186593,0.7508754377188595,3998
06037139600,-0.7664236321653735,-0.10885256750804087,-0.1838266556097507,-0.9078540004068694,-0.6667571470017637,-0.10427849586093545,6,-0.45633208309212225,3,2,0.0708158787153401,77000.0,0.0731153496821071,0.4192439862542955,0.0544959128065395,63.5148764498235,0.0806324110671936,0.0219367588932806,0.1142292490118577,0.7610671936758894,5060
06037139701,-0.9807623335619969,-2.305891256940394,-0.14482737312024094,-0.75948841703616,-1.0507656599578046,-1.729274386750102,6,-1.1618349045611165,1,1,0.0480732544830217,152833.0,0.076488706365503,0.4386317907444668,0.0128336755646817,20.8648512355018,0.1110902255639097,0.0218045112781954,0.0546992481203007,0.7244360902255639,5320
06037139702,-1.1001130954800171,-3.8452061015097816,-0.6660478950838916,-1.2464320397404092,-1.1318399242574577,-1.823901696979241,6,-1.6355901255084664,1,1,0.0354094214353461,205964.0,0.0314042171377299,0.375,0.0040376850605652,18.3812405446293,0.0445168295331161,0.0331937335194664,0.0383123933612533,0.8625717387932371,6447
06037139703,-0.7274876512401912,-1.4945864896204386,-0.621781586304532,1.2452196728946807,-0.8538569673863902,-1.5006317488360479,6,-0.6588541284154865,3,1,0.0749472202674173,124830.0,0.0352331606217616,0.7005988023952096,0.0341968911917098,26.8658598083712,0.0097867878364208,0.0391471513456833,0.0643131772107654,0.8060118839566585,2861
06037139801,-1.2527972455487175,-2.4427552972510562,-0.9485157053819905,-0.24872431280984877,-1.1690560110194688,-1.0039584555521595,6,-1.1776345045938734,1,1,0.0192087155963302,157557.0,0.0069713400464756,0.5053763440860215,0.0,39.9016641452345,0.060493119266055,0.0587729357798165,0.0232224770642201,0.7844036697247706,3488
06037139802,-0.7813272081277689,-2.32588198255732,-0.9793151698483277,1.8906901944226933,-1.003636338465182,-2.042457159691202,6,-0.8736546107111846,2,1,0.0692345197464651,153523.0,0.0043072505384063,0.7849462365591398,0.0179468772433596,12.6449823499748,0.06858943286476,0.0499272903538536,0.1003393116820164,0.7317014057198254,4126
06037141101,-0.7522957333691151,-0.0026120010772199987,-0.5273884690256809,0.4248766673268081,-1.0371387862750225,-0.14270582996413705,6,-0.33954402539739464,4,2,0.0723149336756525,73333.0,0.0433979686057248,0.5933997509339975,0.0143120960295475,62.5063035804337,0.1476251604621309,0.1486949080017116,0.0558408215661104,0.6123234916559692,4674
06037141102,-0.7348082387742048,-0.7208874641131925,-0.8246429857201437,-1.0127584856232474,-0.9177400097484151,-0.6960594410502499,6,-0.8178161041715755,2,1,0.0741704619388419,98125.0,0.0176860722181282,0.4055354993983153,0.0272660280029476,47.9828542612204,0.0907612231620039,0.038711776187378,0.0631099544567339,0.7238126219908914,3074
06037141201,-0.5742502139102748,-0.31759630384130083,-0.4028691612956141,-0.33955859508495667,-0.9476351952441662,-0.6835705574667088,6,-0.5442466711405035,3,2,0.0912066332096879,84205.0,0.0541686292981629,0.4935064935064935,0.0240226095148374,48.3106404437721,0.1752127427449269,0.0792057604189395,0.0338206415012,0.6617935849879991,4583
06037141202,-0.45754151825237716,-0.23198384848185835,-0.9464146631451715,0.3302353522972675,-1.1163110373157505,-1.234042118495083,6,-0.6093429722321622,3,1,0.1035901271503365,81250.0,0.0071530758226037,0.581032412965186,0.0057224606580829,33.862834089763,0.1095736724008975,0.0448765893792071,0.0774121166791323,0.7176514584891548,2674
06037141302,-0.9827979630257729,-0.565713078020071,-0.2915071777024723,-0.22194511438067455,-1.0452523286188666,-0.3391655755667582,6,-0.5743968728857692,3,1,0.0478572619643154,92769.0,0.06380120886501,0.5088757396449705,0.0134318334452652,57.3499747856783,0.1654795428192811,0.0800066258075202,0.0756998509193307,0.6511512340566507,6037
06037141303,-0.6704131206060552,-0.26669238368341913,-0.2622788474316205,-0.38928718132512735,-1.091339449849782,-0.4702988531939383,6,-0.5250516393483237,3,2,0.0810031709426347,82448.0,0.0663293985385047,0.4870081662954714,0.0084317032040472,53.9082198688855,0.1383376473971815,0.0359505320678746,0.0753523152142651,0.6885245901639344,3477
06037141304,-0.37217945704550953,-0.7281304806410641,-0.20623719020310288,-1.1300119411148866,-0.6429165349569492,-0.6043141808788538,6,-0.613964964140061,3,1,0.1126475548060708,98375.0,0.0711768851303735,0.3902132998745294,0.0570824524312896,50.3908219868886,0.1011686143572621,0.0270450751252086,0.0444073455759599,0.7996661101836394,2995
06037141400,-1.0826514375217164,-0.8136560198021722,0.3701334655707009,0.7509648697714455,-0.9267391656819597,-1.2455703187260456,6,-0.49125310106495795,3,2,0.0372622082761325,101327.0,0.121031746031746,0.6360116166505324,0.0262896825396825,33.560262228946,0.0853108452637772,0.0702098450676603,0.0776622867228868,0.7413218278093744,5099
06037141500,-1.0830177526453086,-4.2431084574849365,-1.0291111731370455,-4.1161274604994444,-1.1690560110194688,-2.185598979225631,6,-2.304336639001973,1,1,0.0372233400402414,219698.0,0.0,0.0,0.0,8.88804841149773,0.0462776659959758,0.0318578135479543,0.0774647887323943,0.829644533869886,2982
06037141600,-0.8315443879166092,-3.577996735763542,-0.7205315330593604,1.1222054504099053,-1.1690560110194688,-1.591416325654866,6,-1.128056590500657,1,1,0.0639061752034466,196741.0,0.0266914959652389,0.6845238095238095,0.0,24.4831064044377,0.0914313068453805,0.0394925801819052,0.0756342747726184,0.7556247008137865,4178
06037141700,-1.186365590086183,-5.121048976861311,-0.8681475976688328,0.2052962319376907,-1.1690560110194688,-2.237956221941244,6,-1.7295463609398916,1,1,0.0262575134451123,250001.0,0.0139230139230139,0.5647058823529412,0.0,7.51386787695411,0.0591584941474217,0.0151850680164504,0.0686491616577032,0.8237899398924391,3161
06037143100,-0.8908530597236379,-0.8026756067459188,-0.6434025844961202,-0.404044001585606,-0.6770355045394931,-0.8204679352093706,6,-0.7064131153833576,2,1,0.0576131687242798,100948.0,0.0333629893238434,0.4850798056904927,0.0533807829181494,44.7175995965708,0.2210070631123262,0.0307587149692412,0.0911369332421964,0.6181362497151971,4389
06037143200,-0.4533095191459183,-0.06600288172915239,-0.19054936727166794,0.17975461806136472,-0.5584398460304411,-0.1628801803683203,6,-0.20857119608068922,5,2,0.1040391676866585,75521.0,0.0725338491295938,0.5613682092555332,0.066247582205029,61.976802824004,0.1686658506731946,0.034516523867809,0.0621787025703794,0.6582619339045288,4085
06037143300,-0.9869346455554772,-0.3472926716055745,-0.8062930695323998,0.12841951952500244,-0.8195893132099948,-0.8742662029538524,6,-0.6176593972220493,3,1,0.0474183350895679,85230.0,0.0192733017377567,0.5546599496221662,0.0379146919431279,43.3055975794251,0.1616739424958603,0.0805359024537106,0.0725575794068944,0.6500075267198555,6643
06037143400,-0.9543224519365231,-1.245194944532763,0.04854202298038304,-0.8655828848285293,-1.035473631965485,-1.6639479187746613,6,-0.9526633015095963,2,1,0.0508786848072562,116222.0,0.0932147562582345,0.4247678018575851,0.0144927536231884,22.5794251134644,0.1275510204081632,0.0311791383219954,0.0572562358276644,0.7315759637188208,7056
06037143500,-0.7410015320248927,-1.022689476796547,-0.44527453263368344,-0.15352554515262457,-1.1690560110194688,-0.7330457501245824,6,-0.7107654746252998,2,1,0.0735133163079168,108542.0,0.0505006530256856,0.5178165276724791,0.0,47.0121028744327,0.0901130974097044,0.0581904414447282,0.0260853703028091,0.7681503101058008,5482
06037143602,-0.9966097103283067,-0.9618481379624254,-0.5893491731188455,-0.9807756174737339,-0.9958641914302299,-1.4953479903968614,6,-1.003299136785067,2,1,0.0463917525773195,106442.0,0.038038496791934,0.409714889123548,0.0187901008249312,27.0045385779122,0.0557768924302788,0.0434053260641644,0.1392325435101698,0.731180540993919,4769
06037143603,-0.7797865454854533,-0.3985732286229055,-0.9010354113549485,-0.7088005375544104,-1.1282117680886352,-0.5020014038290804,6,-0.736401482489239,2,1,0.0693979933110367,87000.0,0.0110782865583456,0.4452554744525547,0.0044313146233382,53.0761472516389,0.0710702341137123,0.0250836120401337,0.0961538461538461,0.7462374581939799,2392
06037143604,-0.5572472233040665,-0.259478339221659,-0.4530013992636126,-0.6135384877301088,-0.7936556022261698,0.036941956968334785,6,-0.4399965157962136,3,2,0.093010752688172,82199.0,0.0498322951605174,0.4577039274924471,0.0407283181600383,67.2213817448311,0.0661290322580645,0.0922043010752688,0.1911290322580645,0.5709677419354838,3720
06037143700,-0.7834360558443786,-1.122440300418395,-0.9657633808254621,0.5585647901283173,-1.0023891194545804,-1.847918780793741,6,-0.86056380786804,2,1,0.0690107583311466,111985.0,0.0054794520547945,0.6108695652173913,0.0180821917808219,17.7508825012607,0.0606140120703227,0.0097087378640776,0.0637627919181317,0.7871949619522435,3811
06037143800,-1.272127001760125,-1.8805233822915497,-0.19401799035730719,-2.0904601046695372,-1.1690560110194688,-1.4915052569865401,6,-1.3496149578474215,1,1,0.0171577123050259,138151.0,0.0722338204592902,0.2647058823529412,0.0,27.1053958648512,0.111265164644714,0.0464471403812824,0.0662045060658578,0.7530329289428076,5770
06037143901,-0.9989949650385977,-4.025528240987673,-0.6222509333403706,0.666698240765614,-0.9364842992800634,-1.7513701038594454,6,-1.2779883836234227,1,1,0.0461386627189736,212188.0,0.0351925630810093,0.625,0.0252324037184594,20.2849218356026,0.1078889161956254,0.0078643401327107,0.0417793069550258,0.7999508478741706,4069
06037143902,-0.9261457516859608,-1.0796485587717293,-0.2524281056257194,-0.28986689948739763,-1.1690560110194688,-2.349395490840531,6,-1.0110901362384677,2,1,0.0538684020245842,110508.0,0.0671814671814671,0.5,0.0,4.58900655572365,0.1073752711496746,0.014822848879248,0.0625451916124367,0.7942877801879971,2766
06037181000,-0.5099429649572704,-1.266518385190817,-0.2135409931475556,0.5802795832349678,-1.1057221757831552,-0.43187151909073673,6,-0.4912194091557612,3,2,0.098030018761726,116958.0,0.070545121392579,0.6137071651090342,0.0068712780577187,54.9167927382753,0.3521213998141839,0.0038711675441313,0.244812635490864,0.3487147723753484,6458
06037181300,-0.7788614368964444,-1.0796485587717293,-0.5673692581907073,-1.3257977063989559,-0.5786561216814013,-0.3473313840636911,6,-0.7796107443338215,2,1,0.0694961528915363,110508.0,0.0399397136397889,0.3646288209606987,0.0640542577241899,57.1356530509329,0.2769154964276915,0.0157674304015767,0.3118994826311899,0.359940872135994,4059
06037181400,-0.34050583906567455,-0.34821977772114204,-0.5090431274422518,-0.7874825084766618,0.11406567374162509,-0.5769347053303236,6,-0.40802004738240477,4,2,0.116008316008316,85262.0,0.0449848024316109,0.4349736379613357,0.139209726443769,51.1094301563288,0.3601051992716974,0.0230629172567266,0.3493829658102367,0.2536920898239935,4943
06037181500,-0.645665978953225,-0.7245089723771283,-0.21142337076781273,-0.8837648491610232,-0.697869426079051,-0.7661893257885939,6,-0.6549036538544724,3,1,0.0836289913836796,98250.0,0.0707282913165266,0.4223918575063613,0.0511204481792717,46.142208774584,0.3862487360970677,0.0085945399393326,0.211324570273003,0.3609706774519717,3956
06037181600,-0.7364211036931094,-0.2665475233528617,-0.7594675090702472,-0.578009113363962,-0.3897605577045367,-1.0318182727769805,6,-0.6270040133269495,3,1,0.0739993272788429,82443.0,0.0233236151603498,0.4623467600700525,0.0845481049562682,39.1704488149269,0.3290865903692507,0.0280716907795292,0.2329950334700928,0.3236881882962643,4631
06037183101,0.14307065474977743,0.5416282608270533,-0.6331285101022405,0.39297344678552143,-0.38665914308303045,-0.12253147955995787,6,-0.010774461730479442,6,3,0.167318687932591,54548.0,0.0342516753536857,0.5892307692307692,0.0848845867460908,63.0358043368633,0.5648510382184773,0.0021065302437556,0.1086367739993981,0.2958170328016852,3323
06037183103,-0.1483712703295264,0.3338695747415838,-0.4676002196632789,-0.4932249832697221,-0.14492443827225904,0.12628550875827935,6,-0.13232763800582054,5,2,0.1363949483352468,61719.0,0.0485695276114437,0.473426001635323,0.1111111111111111,69.5663136661624,0.6691159586681975,0.061308840413318,0.0909299655568312,0.1324913892078071,4355
06037183104,-0.730178649127359,-0.5667850444661959,-0.5015570357312574,-1.751933943126147,-0.7724887657705498,-0.892999528329162,6,-0.8693238277584453,2,1,0.0746616892207186,92806.0,0.0456323337679269,0.3089430894308943,0.0430247718383311,42.8139183055976,0.5368126747437092,0.0205032618825722,0.1598322460391426,0.2600186393289841,2146
06037183220,0.0793260749167631,0.2707104706185433,0.32366647471177085,-0.6944563847907863,0.6973281663688073,-0.2435775819850446,6,0.07216620330667563,6,3,0.1605550049554014,63899.0,0.11701244813278,0.4471299093655589,0.2024896265560166,59.8587997982854,0.6454873646209386,0.0019253910950661,0.1403128760529482,0.1622141997593261,4155
06037183221,0.2230506671483963,0.38228189721387773,0.017034039690907006,0.25848254396974313,0.3288427989819899,-0.7882850428979374,6,0.07023448401782945,6,3,0.175805047867711,60048.0,0.0904893813481071,0.571656050955414,0.162511542012927,45.5622793746848,0.7160704145371948,0.0002839295854628,0.097671777399205,0.1712095400340715,3522
06037183222,-0.6119546428493252,-0.19174164865300364,-0.4419968321461929,-0.10972280527779073,-0.6872017236178691,-0.8132628100650195,6,-0.4759800771015335,3,2,0.087205966724039,79861.0,0.0507841672890216,0.5235404896421846,0.0522778192681105,44.9067070095814,0.3990838820498139,0.0317778413970798,0.1683366733466934,0.354136845118809,3493
06037183300,-0.593080439741473,-0.057658926689044286,-0.36038827733804973,-0.6232153574543564,-0.05757203942029159,-0.6451432233635069,6,-0.389509710667787,4,2,0.0892086330935251,75233.0,0.0578431372549019,0.4564393939393939,0.1205882352941176,49.3192133131619,0.6243188987668483,0.004588471465443,0.1875537711499856,0.174648695153427,3487
06037183401,0.0443058591641521,0.32934993242819194,0.10780906861616776,-0.44368641952808274,0.41446496342971145,-0.5101672123260095,6,-0.009653968035978169,6,3,0.156839149618933,61875.0,0.0983412322274881,0.4798994974874372,0.1718009478672985,52.8618255168936,0.5665744764915054,0.0023706045041485,0.1706835242986961,0.2303437376531015,2531
06037183402,-0.029760184837082697,0.22235609227847242,-0.13328715725438947,-0.306575460889197,0.3751842662119259,-0.45540826122894573,6,-0.054581784286536095,5,2,0.1489802972692706,65568.0,0.0774869109947644,0.4978165938864629,0.1675392670157068,54.2990418557741,0.3832335329341317,0.0272787757817697,0.3110445775116434,0.2295409181636726,3006
06037183510,-0.3022963413323647,-0.06498885941525036,-0.36468748940923007,0.07262094313479654,-0.14492443827225904,-0.5495552297817936,6,-0.2256385691793502,5,2,0.1200625733281188,75486.0,0.057471264367816,0.5473684210526316,0.1111111111111111,51.828038325769,0.6984866123399301,0.0,0.0830422972448583,0.2130384167636786,2577
06037183520,0.3747105321000812,0.6087275659412559,0.15037234773914104,-0.15270799186150202,1.5142227534606878,0.10755218338296571,6,0.4338128984604383,7,3,0.1918970709006296,52232.0,0.1020228671943711,0.5179233621755254,0.2911169744942832,69.0746343923348,0.7945715806279936,0.0023948908994145,0.020223523150612,0.1471527408195848,3758
06037183610,0.6131941931247739,0.4495260626586378,0.08744146398462907,0.4616175585224649,-0.08413594451764676,0.08785817465507775,6,0.2692502514046561,7,3,0.2172016204425054,57727.0,0.096579476861167,0.5982008995502249,0.1177062374245472,68.5577407967726,0.7409020217729394,0.0065318818040435,0.0889580093312597,0.1219284603421461,3215
06037183620,0.41249691080164974,0.5021972788493202,0.22701054362483755,-0.20257578402704685,-0.03777183911158514,0.30449227066187784,6,0.20097489679984223,6,3,0.195906432748538,55909.0,0.1086519114688128,0.5114068441064639,0.1227364185110664,74.2435703479576,0.6258437801350049,0.0305368048858887,0.1298617807778849,0.1870781099324976,3111
06037183701,-0.15189079727766072,0.7123896184881545,0.12871413402272697,0.10784477172890822,0.23625457759329363,-0.2397348485747238,6,0.13226290933011645,6,3,0.136021505376344,48654.0,0.1001494768310911,0.5519713261648745,0.1524663677130044,59.9596570852244,0.6443548387096775,0.018010752688172,0.0973118279569892,0.2048387096774193,3720
06037183702,0.12472222335165167,0.30318815672951965,-0.06386872102695845,-0.6388839101202533,0.002768160454093855,-0.34877240909256063,6,-0.10347441661741785,5,2,0.1653718091009988,62778.0,0.0834914611005692,0.4543918918918919,0.127134724857685,57.0978315683308,0.5891891891891892,0.0551351351351351,0.1254054054054054,0.1758558558558558,2775
06037183810,0.789300718678757,0.3863959306017088,0.9154762993769459,-0.9054697097480028,1.7546744466620818,0.37510249707651255,6,0.5525800304413339,8,3,0.2358875810713427,59906.0,0.1682027649769585,0.4195555555555555,0.3172043010752688,76.0968229954614,0.8054287773240452,0.0148931059332212,0.0362719192889742,0.1313956281527744,4163
06037183820,0.8477555079871335,0.7754618064128606,0.32981010842416214,-0.13820311734082752,0.7552333125108147,0.2723093783504485,6,0.47372783272409863,8,3,0.2420899854862119,46477.0,0.1175438596491228,0.5198187995469988,0.2087719298245614,73.3988905698437,0.758200290275762,0.0272859216255442,0.09288824383164,0.099854862119013,3445
06037185100,-0.7349004151021896,-1.0616279336503849,-0.5424423970039445,-1.8274404274691443,-0.2403204826660885,-1.1350917331793358,6,-0.9236372315118478,2,1,0.0741606814765324,109886.0,0.0420958351992834,0.2990762124711316,0.1007613076578593,36.4599092284418,0.4373970345963756,0.0357495881383855,0.1322899505766062,0.3652388797364085,6070
06037185202,-0.46201444757414506,0.24973469475382712,-0.7230854411612339,0.11259902618942537,-0.5387632710272529,-0.0778597036649837,6,-0.2398981904140605,4,2,0.1031155224703611,64623.0,0.0264705882352941,0.5525925925925926,0.0683823529411764,64.208270297529,0.535428728977116,0.0248138957816377,0.108354011579818,0.3250620347394541,3627
06037185203,0.6857652984316045,0.6821427814677626,-0.30435862510310396,-0.09947512197315468,0.6296462557771975,1.0346116186227237,6,0.43805536787050486,8,3,0.2249018508132361,49698.0,0.0626895854398382,0.5248796147672552,0.1951466127401415,93.4064548663641,0.7745372966909703,0.0064498037016264,0.0807627593942793,0.1107683679192372,3566
06037185204,-0.6439551995714142,-0.39773303870567245,-0.8476979162675679,0.3957636056650503,-0.6431111234460088,-0.7421722419740937,6,-0.47981765238328444,3,2,0.0838105153565851,86971.0,0.0156918687589158,0.5895953757225434,0.0570613409415121,46.7725668179526,0.321186881832379,0.0166579906298802,0.293076522644456,0.3138990109318063,1921
06037185310,-0.1822519935870377,0.24834403558047577,0.1593999770078523,-0.5392507349351106,1.1675432431572839,1.039895377061914,6,0.31561331738089626,7,3,0.1328,64671.0,0.102803738317757,0.4674115456238361,0.2535046728971962,93.5451336359052,0.8390290641967423,0.013094857872884,0.0868732034493772,0.0597253273714468,3131
06037185320,1.1483213198745335,0.8993173890394652,0.688132635402988,0.5878416163003117,1.0948137813690992,1.2392371727222773,6,0.9429439857847792,9,4,0.2739818243015819,42202.0,0.1485380116959064,0.6146953405017921,0.2456140350877192,98.7771053958649,0.8431962554329656,0.0060180541624874,0.0514877967235038,0.0992978936810431,2991
06037186100,-0.8135961236236149,-0.5599186647977736,-0.5362256924828329,-0.24248286777207848,-0.6965074439936385,-0.43859630255879645,6,-0.5478878492047891,3,1,0.0658105939004815,92569.0,0.0426335671883432,0.5061919504643962,0.0512682137075013,54.7402924861321,0.3277833500501504,0.0222668004012036,0.2688064192577733,0.3319959879638917,4985
06037186201,0.23349661158831722,0.333463965816023,1.5541816573431864,-1.3196919520136166,0.35017400258854126,-1.2277976767033143,6,-0.012695565230143813,6,3,0.1769134253450439,61733.0,0.2234494477485131,0.3654266958424507,0.1648258283772302,34.0267271810388,0.5089034676663543,0.0418619181505779,0.3136519837550765,0.1149640737269603,3201
06037186202,-0.8374596988963485,-0.6329282713987195,-0.6876478622592063,-0.4401429940286567,-0.3134524185977499,-0.7484166837658625,6,-0.6100079881577573,3,1,0.0632785251619332,95089.0,0.0295358649789029,0.4803625377643504,0.0928270042194092,46.6086737266768,0.4364723467862481,0.012954658694569,0.2705530642750374,0.2546088689586447,2007
06037186203,-0.9841233764557326,-1.1941751361104354,-0.9462368211881995,0.7718703242489295,-0.5248442152591278,-1.521286440916522,6,-0.733132610946848,2,1,0.0477166276346604,114461.0,0.007168458781362,0.6387434554973822,0.0698924731182795,26.3237518910741,0.4593091334894613,0.0087822014051522,0.1381733021077283,0.3237704918032787,3416
06037186301,1.3455760277942665,0.5828555109036985,-0.4179011747651578,0.8305956947030461,0.44835763142944235,1.0283671768309512,6,0.6363084778160412,8,4,0.2949117341640706,53125.0,0.0528683914510686,0.6464174454828661,0.1754780652418447,93.2425617750882,0.6889194769442533,0.0664143152099105,0.044735030970406,0.1768754301445285,2906
06037186302,-0.4846636396785722,-0.14547325907295977,-0.5226543100510617,0.3168547239978888,-0.20197449343340707,0.419774272971487,6,-0.10302278421110415,5,2,0.1007123070834982,78264.0,0.0438074634937804,0.5792838874680307,0.1049215792320173,77.2692889561271,0.4909733124018838,0.0115777080062794,0.1717032967032967,0.2827708006279434,5096
06037186401,0.09505683367249795,0.921104382755303,0.5531597332269587,0.1759008821147518,1.4920491045804238,1.1907226634169823,6,0.7379989332944863,9,4,0.1622241329893952,41450.0,0.1368631368631368,0.5608646188850968,0.2887112887112887,97.5037821482602,0.7953568357695615,0.0,0.1407280022929206,0.0616222413298939,3489
06037186403,-0.1204035574761465,0.3876996735767257,0.6323458946757458,0.1445556969593851,0.5308797492531452,1.110025261800258,6,0.44751711979818554,8,3,0.1393624907338769,59861.0,0.1437125748502994,0.5567685589519651,0.1844311377245509,95.3857791225416,0.6475166790214975,0.0151964418087472,0.229058561897702,0.1000741289844329,2698
06037186404,-0.10128479762593147,0.32332374267700276,-0.14556537816946008,0.22127477851039506,-0.05869574367566764,0.43322383990760643,6,0.11204607360399084,6,3,0.1413911060433295,62083.0,0.0764248704663212,0.566793893129771,0.1204663212435233,77.6222894604135,0.6913721018624097,0.0053211706575446,0.1889015583428354,0.1144051691372101,2631
06037187101,-0.5351989591956705,-0.09500391990675033,-0.2947823265935669,0.5165646985734371,-0.388447580977622,0.0691248492797641,6,-0.12129053980340142,5,2,0.0953502060035314,76522.0,0.0635179153094462,0.6053811659192825,0.0846905537459283,68.066061522945,0.4147760325770797,0.0069808027923211,0.2004072134962187,0.360674810936591,3438
06037187102,1.1284018659564168,0.47977289967902964,-0.3165059314884305,0.2820770314170683,-0.012730515176535293,1.162862846192161,6,0.45397969942995164,8,3,0.2718682505399568,56683.0,0.0616388687454677,0.574739281575898,0.1254532269760696,96.7725668179526,0.5581706338593206,0.0213960952126236,0.1912276009628243,0.1979138807167691,3739
06037187200,-0.5813917870024583,-0.08109732817323684,-0.5086815610595662,-1.142420500425911,0.3622018067536902,0.3155401292165493,6,-0.2726415401151554,4,2,0.0904488693891326,76042.0,0.045016077170418,0.3885918003565062,0.1661307609860664,74.5335350479072,0.7458656766790415,0.0020249746878164,0.0955113061086736,0.1258859264259196,2963
06037187300,-1.0434340534235405,-1.1301178979379387,-0.8688600747646738,-1.1700436435581074,-0.7492634653587317,-0.10043576245061436,6,-0.8436924829156012,2,1,0.0414234083958854,112250.0,0.0138613861386138,0.3849821215733015,0.0455445544554455,63.6157337367625,0.2190714484292465,0.0100083402835696,0.1406727828746177,0.5785376702807895,3597
06037188100,-0.5333816560596584,0.3112423911085129,-0.06793733020009646,0.039505489915891645,-0.3170023595071107,0.6219981186895895,6,0.009070775657854746,6,3,0.0955430327868852,62500.0,0.0831395348837209,0.5430410297666934,0.0924418604651162,82.576903681291,0.566870852475753,0.0148034711587544,0.0796324655436447,0.2748851454823889,3918
06037188201,-0.5822484936333225,-0.2385025633569428,-0.7163074002235522,-1.0600244739475144,-0.8891304845093261,-0.07834004534127491,6,-0.5940922435019889,3,1,0.0903579676674364,81475.0,0.0270568746548868,0.3993589743589744,0.0303699613473219,64.1956631366616,0.1324503311258278,0.0391592283328534,0.1243881370572991,0.6372012669162108,3473
06037188202,-1.1424701203555245,-1.1595824891733206,-0.7921655451910717,-0.5551915369298387,-0.9407909892542924,-0.14558788002187975,6,-0.7892980934876546,2,1,0.0309150865622423,113267.0,0.0204953031596925,0.4653284671532847,0.0247651579846285,62.4306606152294,0.1141797197032151,0.0362737015663643,0.1442704039571311,0.6479802143446002,2426
06037188300,-0.5718604613561915,-1.1900321306564927,-0.4801729296888266,-1.4399567790979553,-0.18765798591207145,0.31073671245365014,6,-0.5931572623763145,3,1,0.0914602003162888,114318.0,0.0474820143884892,0.3497109826589595,0.1064748201438848,74.4074634392335,0.2952631578947368,0.0034210526315789,0.2655263157894736,0.3518421052631579,3800
06037189101,-0.6861480745057301,-0.24186332302587524,0.08657534380955667,-0.8283248162747407,-0.9099102559094229,-0.25846817395003363,6,-0.4730232166427077,3,2,0.0793335977786592,81591.0,0.0965045592705167,0.4296365330848089,0.0281155015197568,59.4679778113969,0.0797302657675525,0.0043633478778262,0.1896072986909956,0.6941689805632686,2521
06037189102,-0.8749857853735137,-0.36114131920686504,-0.5030690094741548,-0.7044617122341339,-0.8878699380469933,-0.3540561675317508,6,-0.6142639886445685,3,1,0.0592967818831942,85708.0,0.045501551189245,0.445822454308094,0.030506721820062,56.9591527987897,0.1781883194278903,0.0074493444576877,0.0610846245530393,0.6945768772348033,3356
06037189201,0.47344618077730194,0.9066183496995598,1.4996655335882256,0.3789424807662153,-0.7895528034137098,0.36933839696103143,6,0.47307635639643736,8,3,0.2023735165521549,41950.0,0.2187339166237776,0.5873972602739727,0.0411734431291816,75.9455370650529,0.1106965174129353,0.0450870646766169,0.0864427860696517,0.7217039800995025,3216
06037189202,-0.65500816269445,-1.2972287752689928,-0.5478217883586661,-0.6584208939806774,-1.0891151250287936,-0.29449379967178785,6,-0.7570147575005612,2,1,0.0826377295492487,118018.0,0.04163052905464,0.4518388791593695,0.0086730268863833,58.5224407463439,0.0767946577629382,0.008347245409015,0.0809682804674457,0.7854757929883138,2396
06037189300,-0.7142155496336129,-2.9276317956928937,-0.3961149822821343,-0.9926494515100188,-1.1690560110194688,-1.0015567471707079,6,-1.200204089551473,1,1,0.0763554700032082,174293.0,0.0547528517110266,0.4081632653061224,0.0,39.9646999495714,0.0654475457170356,0.0298363811357074,0.1119666345845364,0.7767083734359962,3117
06037189400,-0.8592001085011023,-2.4021074884966405,-0.780564475722893,-0.5598177979637078,-1.1690560110194688,-2.078002443736665,6,-1.3081247209067461,1,1,0.0609717370593839,156154.0,0.0214987714987715,0.4647239263803681,0.0,11.7120524457892,0.0780657395701643,0.0594184576485461,0.0439317319848293,0.7553729456384324,3164
06037189500,0.653997537503666,0.5498273555366039,0.4582907132936943,-0.08920079006543224,-1.0860806097766347,-0.613440672728365,6,-0.02110107770607798,5,2,0.2215311004784689,54265.0,0.1286571642910727,0.5262222222222223,0.0090022505626406,50.1512859304085,0.1748803827751196,0.0157894736842105,0.0641148325358851,0.7055023923444976,4180
06037189600,-0.4554715113398741,-0.04395513941831119,-0.08063722421973872,-0.5338520065286761,-0.8186277990339309,-0.7023038828420225,6,-0.43914126056375896,3,2,0.1038097673229353,74760.0,0.0820410205102551,0.4681170292573143,0.0380190095047523,47.8189611699445,0.1474993653211475,0.0307184564610307,0.0492510789540492,0.7143945163747144,3939
06037189701,-0.7097644622230163,-0.7826269369967701,-0.7704319351693492,0.8133446546721943,-0.7671592836763297,-1.0481498897708426,6,-0.5441313088606856,3,2,0.0768277571251549,100256.0,0.0223752151462994,0.6441631504922645,0.0436029833620195,38.7418053454362,0.1003717472118959,0.0532837670384138,0.0975836431226765,0.7125154894671624,3228
06037189702,-0.19206961204048895,-0.6822966720526925,0.6148395093532238,-0.05615115841336305,-0.9423458703959519,-0.9458371127210655,6,-0.367310152711723,4,2,0.1317582916855974,96793.0,0.1421983089930822,0.5305410122164049,0.0245964642582628,41.4271306101866,0.0858700590640618,0.060427078600636,0.019990913221263,0.789641072239891,2201
06037189800,-0.17903340206642132,0.1050771686591752,0.5083059386068985,-0.13226348965166082,-0.7295664778326746,-0.45012450278975535,6,-0.14626746084573972,5,2,0.1331415119016479,69616.0,0.1329833770778652,0.5205949656750573,0.047681539807524,54.4377206253152,0.1523610748760761,0.0550482650665275,0.0232194103835116,0.7151056613618576,3833
06037189902,0.20857623473549325,0.29055633590491153,0.006369595381285048,0.22371630660793698,-0.8091987556348691,-0.09803405406916667,6,-0.02966905617906816,5,2,0.1742692236082666,63214.0,0.0895669291338582,0.5671129419842087,0.0390419947506561,63.6787695410993,0.0966300502699683,0.0255073543101843,0.14969279463787,0.7132749953453733,5371
06037189903,-0.0036829603970263613,0.2395365274825839,0.42269629441362266,-0.4584088361017995,-0.791352496417392,-0.19938614776636163,6,-0.13176626979772885,5,2,0.1517472474868358,64975.0,0.1255783212161269,0.4779756326148078,0.0409781890284203,61.0186585980837,0.1493537577788415,0.0454763044518908,0.0799425562470081,0.7079942556247009,2089
06037189904,0.09552186975274839,0.6745521001465532,1.0142234300296156,0.08809929936764878,-0.6423597736066183,-0.6115193060232045,6,0.10308626994445717,6,3,0.1622734761120263,49960.0,0.1767441860465116,0.5493910690121786,0.0571428571428571,50.201714573878,0.1860369609856262,0.0870636550308008,0.048870636550308,0.6205338809034907,2435
06037189905,-0.48589286738850834,0.011758143714077289,0.257194937299017,-0.39995111789489385,-0.5021471233738459,-0.8223893019145273,6,-0.3235712215931135,4,2,0.1005818786367414,72837.0,0.1112627986348122,0.4856146469049694,0.0723549488054607,44.6671709531014,0.1106085526315789,0.046875,0.0489309210526315,0.780016447368421,2432
06037190100,0.1894840812553739,0.5639367517328978,1.1968333413684198,0.30729515338731517,-0.7974513747890386,0.5081571414088535,6,0.3280425157273036,7,3,0.1722434313945654,53778.0,0.1925395629238884,0.5780346820809249,0.0403165033911077,79.5890065557237,0.232203009207276,0.0817426454075904,0.1309229732764428,0.5030316640467101,4453
06037190201,1.5418837737563689,1.2512990202279142,4.8462851231581885,-0.15667428502178854,0.5028648051620589,0.7531313963167661,6,1.4564649722665848,10,4,0.3157411656723267,30053.0,0.508209538702111,0.5174050632911392,0.181391712275215,86.0186585980837,0.378419452887538,0.087386018237082,0.036854103343465,0.435790273556231,2632
06037190202,0.8017573294176032,1.1827800838742488,3.235469344605161,0.3956086018064819,-1.0212294771118748,0.08305475789217423,6,0.7795734400806325,9,4,0.2372093023255814,32418.0,0.3688773298656264,0.589575120455541,0.0160381447767663,68.4316691880988,0.2114728682170542,0.1252713178294573,0.0986046511627907,0.4675968992248062,3225
06037190301,0.4319754001287512,0.8186591569850868,2.196247435406533,0.3798742946014687,-0.4456237905273263,-0.04327510297210262,6,0.5563095656037351,8,3,0.1979732175171914,44986.0,0.2789867998572957,0.5875190258751902,0.0784873349982162,65.1159858799798,0.2208655054767462,0.1115101454480158,0.1140240617705153,0.4993715209193751,5569
06037190401,-0.15485403853442917,0.7258906012961072,1.7031231208256885,0.11417561791895237,-0.43944974820240806,0.4442716984622785,6,0.3988595419610315,7,3,0.1357070876721531,48188.0,0.2363325740318906,0.552798615118292,0.0791571753986332,77.9122541603631,0.2680550890157877,0.007389989922741,0.1158884783338931,0.5680214981525025,2977
06037190402,0.5576047603535543,0.9631138786169584,2.0600211953515064,0.2720709984029325,-0.7169686476471653,0.08545646627362599,6,0.5368831085585687,8,3,0.2113032475748629,40000.0,0.267203513909224,0.5734317343173432,0.0490483162518301,68.4947049924357,0.1496627318718381,0.0577571669477234,0.1686340640809443,0.6066610455311973,2372
06037190510,0.8722983860659308,0.9066183496995598,1.7733440956705255,0.429791920983326,0.7314498339676136,0.6561023777061793,6,0.894934160682189,9,4,0.2446941323345817,41950.0,0.2424065420560747,0.5940420560747663,0.2061915887850467,83.4720121028744,0.3971858800296223,0.0619600098741051,0.1641569982720316,0.3571957541347815,4051
06037190520,1.5884638233141546,0.9338231197782455,1.5223751873927904,-0.04541851125865217,0.5261243665639737,0.8554441733665427,6,0.8968020265261757,9,4,0.3206835888414174,41011.0,0.2206982543640897,0.5319435104236718,0.1839152119700748,88.7039838628341,0.429756220155818,0.0216134707212867,0.2163860266398592,0.3204322694144257,3979
06037190700,0.8933456574028594,0.8507891783027254,2.2866163080163266,0.3637751814957542,-0.6608945385595636,0.32754867112379943,6,0.6768634096303169,9,4,0.2469273743016759,43877.0,0.2868035190615836,0.5854152599594868,0.0551319648093841,74.8487140695915,0.2249534450651769,0.0581005586592178,0.068901303538175,0.557169459962756,2685
06037190801,2.3389259879135986,1.3728368375656,3.302847735114432,0.501000346177854,0.43109928999718455,1.0788030528414068,6,1.5042522082683458,10,4,0.4003121342177136,25858.0,0.3747054202670856,0.6033472803347281,0.1736056559308719,94.5663136661624,0.4354958985831469,0.1040268456375839,0.08165548098434,0.3542132736763609,2682
06037190802,0.5793921776330062,0.6685548824614754,2.3547937982808134,0.17382667220985762,0.3043478794073559,0.9611193421503497,6,0.8403391253571431,9,4,0.2136150234741784,50167.0,0.2927007299270073,0.560593569661995,0.1598540145985401,91.4775592536561,0.4453386988598256,0.0818242790073776,0.0533199195171026,0.3088531187122736,2982
06037190901,1.0317121882428542,1.0170019215843231,0.8922667920419087,0.38912678727254657,2.585610235884022,0.962560367179219,6,1.146379715367479,10,4,0.2616088947024199,38140.0,0.1661951909476662,0.5887281035795887,0.4073550212164074,91.5153807362582,0.7778504469151951,0.0688903422716372,0.0355352081970787,0.093089165031611,4587
06037190902,0.7468973607218852,0.7775188231067761,1.4460640122916768,0.03809829145649176,0.48857987451405765,0.3097760291010682,6,0.6344890651986592,8,4,0.2313883299798792,46406.0,0.2140974967061923,0.5428571428571428,0.1798418972332015,74.3822491174987,0.5736213757816941,0.053439454235361,0.0326890278567367,0.312677657760091,3518
06037191000,-0.014013641570575943,0.24414308599431023,1.2646940901168426,-0.1762827357355999,-0.05404294249059003,0.4072853893879456,6,0.2786305409503888,7,3,0.1506511001347103,64816.0,0.1984093763080787,0.5148427115640231,0.1209711176224361,76.9415027735754,0.3837000449034575,0.1077682981589582,0.0740907049842837,0.4052537045352492,4454
06037191110,1.8556759626591683,1.0297496306733773,2.701318776723143,0.12670179062278492,0.8405044878304342,0.22139316066370554,6,1.1292239681954355,10,4,0.3490364025695932,37700.0,0.3226744186046512,0.5544354838709677,0.2180232558139535,72.0625315179022,0.2875215641173088,0.0296147211040828,0.1144335825186889,0.5451408855664175,3478
06037191120,0.6014441956398874,0.9610568619230428,1.1049957066150617,0.5209423901955237,0.7788148606346766,0.8126937641767293,6,0.7966579631974868,9,4,0.2159548751007252,40071.0,0.1845957988542329,0.6059532246633593,0.2113303628262253,87.5819465456379,0.4687179487179487,0.0143589743589743,0.17,0.322051282051282,3900
06037191201,0.3331209393596924,0.8086348221105125,2.1148487034195877,0.16827745716009737,0.3416795134197849,0.4932665494438609,6,0.7099713308189227,9,4,0.1874841651887509,45332.0,0.2719459791282996,0.5598684210526316,0.1639042357274401,79.1981845688351,0.3128681468056185,0.0249207068418667,0.1499773448119619,0.4773448119619393,4414
06037191203,1.7459125485156393,1.3420974754213129,2.8476813567718966,0.44925800672786714,0.8862337661919125,0.7958818055065799,6,1.3445108265225347,10,4,0.3373898447335292,26919.0,0.3353344768439108,0.5965858041329739,0.2229845626072041,87.1406959152799,0.4318086445656735,0.0423835501468736,0.2874527906000839,0.2169534200587494,2383
06037191204,0.8423365592313145,0.9210174665569686,0.7722495954440903,-0.13527051318388045,1.328157835551344,0.6589844277639217,6,0.7312458952272931,9,4,0.2415150024594195,41453.0,0.1558139534883721,0.5202020202020202,0.2709302325581395,83.5476550680787,0.4771273979340875,0.0162321692080668,0.176094441711756,0.3000491883915396,2033
06037191301,0.9446015319410079,1.0536515852153536,1.95952310296716,-0.13350529002296316,0.5763256693433284,0.7603365214611165,6,0.8601555201508339,9,4,0.252365930599369,36875.0,0.2585106382978723,0.5204326923076923,0.1893617021276595,86.2077660110943,0.572841726618705,0.0512589928057553,0.1807553956834532,0.1906474820143885,2224
06037191302,0.004471826680572854,0.7898029791380463,1.5593663381097678,-0.1265207177106871,0.8625739070753436,0.5826101012338054,6,0.6120507390878082,8,4,0.1526125193998965,45982.0,0.2238979118329466,0.5213454075032341,0.2204176334106728,81.5431164901664,0.5218284540318439,0.0102722136620441,0.1869542886492039,0.2624550590652285,1947
06037191410,0.9067414184408069,0.8895827748260057,2.147136231471565,0.12597749588947457,1.7314961015921737,0.7982835138880274,6,1.0998695893513422,10,4,0.2483487450462351,42538.0,0.274738783036263,0.5543408360128618,0.3146896127842655,87.2037317196167,0.5962117950925527,0.0645716745587602,0.1614291863969005,0.1674558760223848,4646
06037191420,-0.5023355679179315,0.34919579771456016,0.8163480551630355,-0.2289176162146391,1.252011786378707,0.304972612338169,6,0.33187917791031685,7,3,0.0988372093023255,61190.0,0.1596283783783783,0.5079646017699115,0.2626689189189189,74.256177508825,0.625968992248062,0.0113049095607235,0.1392118863049095,0.1973514211886305,3096
06037191500,0.3664157922042391,0.681331563616641,0.47659396860097125,0.3009121481724707,1.927382042077042,1.1138679952105786,6,0.8110839183136571,9,4,0.1910169491525423,49726.0,0.1302403577417551,0.5772005772005772,0.3359418669647848,95.4866364094806,0.6000674422525712,0.0082616759399763,0.2186815039622323,0.1497218007081436,5931
06037191610,1.0262917185495448,0.7091157750175565,2.1172803954442263,0.22207670225667342,1.5195573711682513,0.8929108241171662,6,1.0812054644255698,10,4,0.2610337502950201,48767.0,0.2721563154221912,0.5668986852281516,0.2916957431960921,89.6873424104892,0.5739910313901345,0.0585319801746518,0.1600188812839273,0.1949492565494453,4237
06037191620,1.384439383791955,1.3308852858361675,3.339798430784635,1.382920380955055,1.2700317179467273,1.0893705697197875,6,1.6329076281723875,10,4,0.2990353697749196,27306.0,0.3779015784586815,0.7185929648241206,0.2646239554317549,94.8436712052446,0.6330963665086888,0.0928120063191153,0.1109794628751974,0.1631121642969984,2532
06037191710,2.2724480636047066,1.2503719141123466,2.2607474460670205,0.12873254650366409,1.7502129254448446,0.17335899303470123,6,1.3059786481278806,10,4,0.3932584269662921,30085.0,0.2845659163987138,0.5547008547008547,0.3167202572347267,70.8018154311649,0.6472591079332652,0.0582226762002042,0.0697991147429349,0.1991828396322778,2937
06037191720,1.2090290608161531,1.1846053240392724,3.41370182983492,0.35072876004855613,1.7493339594406252,0.8890680907068457,6,1.466077837481062,10,4,0.2804232804232804,32355.0,0.3842940685045948,0.583710407239819,0.316624895572264,89.5864851235502,0.7056451612903226,0.0471464019851116,0.0831265508684863,0.1510545905707196,3224
06037191810,0.690679012684838,0.6881399991528403,0.5962200906794187,1.4736508632419485,0.9613654258549884,1.1047415033610677,6,0.9191328158291837,9,4,0.2254232254232254,49491.0,0.1405877680698967,0.7304492512479202,0.2311358220810166,95.2471003530005,0.6768636768636769,0.0623700623700623,0.0118800118800118,0.2245322245322245,3367
06037191820,-0.39591210396301885,0.4707046429861344,0.46288453570599747,-0.2091927310323242,0.3257944212513032,0.29104270372575836,6,0.1575535781123084,6,3,0.1101293783527926,56996.0,0.1290545203588682,0.5105421686746988,0.1621808143547274,73.8905698436712,0.4241183879093199,0.0796599496221662,0.0554156171284634,0.3891687657430731,3176
06037191901,0.029128665521386665,0.47058875472168843,-0.1321392001044936,-0.021843816711191125,-0.6340355514635994,-0.3069826832553289,6,-0.09921397188192298,5,2,0.1552287581699346,57000.0,0.0775862068965517,0.535024154589372,0.0580459770114942,58.1946545637922,0.2656862745098039,0.0764705882352941,0.0480392156862745,0.5656862745098039,3060
06037191902,-0.825905411337378,-0.6138936239634729,-0.816081212457766,-0.1940843557993493,-1.0710703538111963,-0.86465936942805,6,-0.7309490544662021,2,1,0.0645045045045045,94432.0,0.0184266477675407,0.5125164690382081,0.0106307583274273,43.5577407967726,0.0914634146341463,0.0064562410329985,0.0642037302725968,0.7890961262553802,2788
06037192001,-0.019938930227382957,-0.02376160933860512,0.8121924767551326,0.17654889705452417,-0.7840039314487168,-0.4241860522700948,6,-0.04385819157919049,5,2,0.1500223914017017,74063.0,0.1592689295039164,0.5609492988133765,0.04177545691906,55.1185073121533,0.0911392405063291,0.0658227848101265,0.0886075949367088,0.7135021097046413,2370
06037192002,-0.5250882113558988,-1.0971187146369556,-0.6294955781489813,-0.31305635743292576,-1.035688394632775,-0.7138320830729816,6,-0.7190465565467531,2,1,0.0964230171073094,111111.0,0.0345659163987138,0.4969696969696969,0.0144694533762057,47.5163893091276,0.0704659222179437,0.0277242972660762,0.0689256834809395,0.7227570273392376,2597
06037192300,-0.6953263846848332,-0.45616969605254065,0.005070330800606762,-0.2680025534244714,-1.1690560110194688,-0.7714730842277843,6,-0.5591595664347486,3,1,0.0783597239139261,88988.0,0.0894545454545454,0.5028571428571429,0.0,46.0035300050429,0.1104344295574502,0.0109622411693057,0.1871701177425903,0.6106374340235485,2463
06037192410,-0.3154487106685572,-0.014693352645709855,-0.12790683283467397,-0.3181049848085198,-0.7883578871186738,-0.48374842013005803,6,-0.3413766980343655,4,2,0.1186670279057166,73750.0,0.0779522978475858,0.496309963099631,0.0413030831878999,53.5552193645991,0.2108108108108108,0.0454054054054054,0.2248648648648648,0.4545945945945946,3700
06037192420,-0.2676574612461722,0.49394024000754655,-0.35686512873935483,0.4262123862281096,1.1931369130557539,0.31169739580622874,6,0.3000773908520186,7,3,0.1237379666588401,56194.0,0.0581478822684852,0.593574297188755,0.2562814070351759,74.4326777609682,0.5046728971962616,0.061214953271028,0.2775700934579439,0.1231308411214953,4280
06037192510,0.41917090212243097,0.6889222449378505,0.5545836346525442,1.3396887465386094,0.27925253867541683,0.6474562275329591,6,0.6548457157433019,8,4,0.1966145833333333,49464.0,0.136986301369863,0.7129436325678496,0.1571313456889605,83.2450832072617,0.5231770833333333,0.0036458333333333,0.38515625,0.06015625,3840
06037192520,0.29403108262773603,0.7944095376497727,0.7963054737362179,-0.02387017599458134,2.291825074034485,0.32850935447638185,6,0.7468683910883352,9,4,0.1833364964888973,45823.0,0.1578947368421052,0.5347593582887701,0.3754813863928113,74.8739283913263,0.7690263807174037,0.0100588346934902,0.150313152400835,0.0573163788195103,5269
06037192610,0.5846208923392612,1.0805086905007015,1.8829285556356372,1.071813590019305,0.9996932018569752,0.9198099579894056,6,1.0898958147235478,10,4,0.2141698215251487,35948.0,0.2518853695324283,0.677938808373591,0.2352941176470588,90.393343419062,0.694571968674048,0.038347285984337,0.0974885228193356,0.1487982716716176,3703
06037192620,0.4264515698995413,0.9384876224221949,1.512879173578875,0.7714316502823675,1.3358779413200128,1.0557466523794852,6,1.0068124349804128,9,4,0.1973871059358136,40850.0,0.2198768689533861,0.6386861313868614,0.2717678100263852,93.9611699445285,0.7114624505928854,0.0118577075098814,0.227837380011293,0.0409373235460192,3542
06037192700,0.5199369415276226,0.5979789294138944,0.18664830735108717,0.4193290091574542,0.8323384062187495,0.7252715790919447,6,0.5469171954601254,8,3,0.2073064656422151,52603.0,0.1051606621226874,0.5926748057713651,0.2171372930866602,85.2874432677761,0.6222093360394317,0.0191359814438967,0.1844012757320962,0.1191649753551754,3449
06037194101,-0.6688238370456425,-0.38168251407990894,-0.3273722169202854,0.6239213029997798,-0.6943512476859989,-1.552988991551664,6,-0.5002162507139533,3,2,0.0811718034787915,86417.0,0.0606989576946658,0.6194100856327307,0.0515021459227467,25.4916792738275,0.0759841318278913,0.1055843759536161,0.0576747024717729,0.7000305157155935,3277
06037194102,-0.38764483625743534,-1.436613385331354,-0.727060955060913,-0.5030603031801512,-1.1690560110194688,-1.7657803541481474,6,-0.9982026408329117,2,1,0.1110065851364063,122829.0,0.0261267145656433,0.4721407624633431,0.0,19.9067070095814,0.081530260269677,0.0689871433051113,0.0658513640639699,0.7447475697710881,3189
06037194200,-1.000987811768978,-2.751887242660617,-0.7367284201746611,-1.9714718594226284,-1.1249546514274837,-1.8863461148969431,6,-1.578729350058552,1,1,0.0459272097053726,168227.0,0.0252904989747095,0.2802547770700637,0.0047846889952153,16.7423096318709,0.0485244040862656,0.02894438138479,0.0363223609534619,0.75,3524
06037194300,-1.1333547624795326,-3.017155479977387,-0.7104076005150202,-0.15459506147182062,-1.118237628360752,-2.3297014821126396,6,-1.4105753358195254,1,1,0.0318822808093194,177383.0,0.0275671950379048,0.5176767676767676,0.0055134390075809,5.10590015128593,0.1578786020846106,0.025444512568976,0.0361741263028816,0.7550582464745554,3262
06037194401,-0.5649015600721187,-0.3927788154006082,0.07639507275432561,-0.549602925412228,-1.0346076197836116,-1.6764368023581984,6,-0.6903221083787399,2,1,0.0921985815602836,86800.0,0.0956239870340356,0.4660587639311043,0.0145867098865478,22.2516389309128,0.1693851944792973,0.0752823086574654,0.0623170221664575,0.643245503973233,2391
06037194402,-0.30415004409891555,-0.7858718084012566,-0.8295874929643434,0.5880197227361451,-1.0690668337985876,-1.2897617529447252,6,-0.6150697015786138,3,1,0.1198658843252305,100368.0,0.017258382642998,0.6147186147186147,0.0108481262327416,32.4004034291478,0.0234702430846605,0.0061469684269348,0.1042190556021235,0.8485610505727857,3579
06037194500,-0.8160635937936402,-1.1683899972712124,-0.3065504170830451,-0.3062184403464238,-1.0811803146290837,-1.0625601400595441,6,-0.7901604838638248,2,1,0.0655487804878048,113571.0,0.0625,0.4978632478632478,0.0095338983050847,38.363590519415,0.0658741951461119,0.0465577018325903,0.0703318474492323,0.7909856364536899,2019
06037195100,-1.1333208219246802,-1.5797064198559858,-0.6316152802182349,-1.6673207014517344,-1.0530042976912144,-1.3344335288396996,6,-1.2332335083302584,1,1,0.0318858821061464,127768.0,0.0343825665859564,0.32,0.0125907990314769,31.2279374684821,0.1822016874246685,0.0247087183607874,0.1390116512655685,0.5974286862193652,4978
06037195201,-0.692642489900099,-0.3439319119366421,-0.47390339462503656,-0.5370849093031541,-0.8720889835420107,-0.5356253211693829,6,-0.5758795017460542,3,1,0.0786445012787723,85114.0,0.0480243161094224,0.4676945668135095,0.0322188449848024,52.1936459909228,0.2071611253196931,0.0067135549872122,0.108695652173913,0.6572890025575447,3128
06037195202,-0.8301336861529451,-1.285987613617736,-0.8734354326406487,-1.2907571807685758,-0.5811420677698306,-0.6864526075244515,6,-0.9246514314123645,2,1,0.0640558591378263,117630.0,0.0134656272147413,0.3692077727952167,0.0637845499645641,48.2349974785678,0.0941283292978208,0.0136198547215496,0.1171307506053268,0.7218523002421308,3304
06037195300,-0.5948056810846042,-0.05392153016066253,0.05447535884527403,-0.6652605998927201,-0.12976815706881187,-0.04951954476387168,6,-0.23980002568756606,4,2,0.089025574619618,75104.0,0.0937279774489076,0.4509450945094509,0.1127554615926709,64.952092788704,0.3033344124312075,0.0155390093881515,0.0955001618646811,0.5619941728714795,3089
06037195400,-0.8418796173851814,-0.7306220783266519,0.22086382701738425,-1.0857925586889363,-0.5653283813246129,-0.8012542681577659,6,-0.6340021794776274,3,1,0.0628095452498874,98461.0,0.1081202332884701,0.3959917069799585,0.0655002243158367,45.2218860312658,0.2415187598292518,0.0141541226690631,0.1071669287800494,0.6072792630869468,4451
06037195500,-0.8615040716210682,-0.7653595855943242,-0.181306552700352,-1.7273738457611851,-0.5161721333931228,-0.19122033926943233,6,-0.7071560880565809,2,1,0.0607272727272727,99660.0,0.0733333333333333,0.3121525019857029,0.0708333333333333,61.232980332829,0.3166906993511175,0.0155010814708002,0.1906993511175198,0.4405191059841384,5548
06037195600,0.9571314290900386,0.034993740735489436,0.9314676936082038,0.0445508793978774,-0.4131882021526993,0.6863639033124519,6,0.37355324066522694,7,3,0.2536954279821244,72035.0,0.1695859872611465,0.5437003405221339,0.0820063694267515,84.2662632375189,0.4799864314789688,0.0084803256445047,0.1404341926729986,0.328697421981004,2948
06037195710,2.0876627534114203,0.8067226657471545,1.3219862979150347,0.017449703382943445,1.3931458754439237,1.0379740103567534,6,1.1108235510428717,10,4,0.3736515951342667,45398.0,0.2033650329188003,0.5401588702559577,0.2779809802487198,93.4947049924357,0.6456429685758859,0.040784488522398,0.1085357700022286,0.1778471138845553,4487
06037195720,-0.051628196096329904,0.9302016115143098,1.315421629723486,-0.12803110536604184,-0.06256420689748375,0.9817740342308201,6,0.49752896118479345,8,3,0.1466599698643897,41136.0,0.2027972027972027,0.5211480362537765,0.12004662004662,92.0196671709531,0.631,0.0065,0.115,0.2045,2000
06037195802,-0.3316686367814104,0.5607208523945229,0.26502749442235707,0.30865430558711265,0.41299798568704155,1.1556577210478105,6,0.39523162039290566,7,3,0.1169459962756052,53889.0,0.1119402985074626,0.5782122905027933,0.1716417910447761,96.583459404942,0.5930880713489409,0.0256410256410256,0.2177629134150873,0.1475287997027127,2691
06037195803,-0.0026176008710681225,-0.2875232992175779,-0.2690472636546368,-0.28986689948739763,-0.25212160116362,0.5864528346441266,6,-0.0857873049583623,5,2,0.1518602885345482,83167.0,0.0657439446366782,0.5,0.0994809688581314,81.6439737771054,0.3678815489749431,0.0364464692482915,0.1548974943052392,0.3872437357630979,2634
06037195804,0.020963792780411918,0.051449874286813746,0.4803332549401533,-1.2818603782682991,-0.36676896293263395,0.6003827432565372,6,-0.08258327932283616,5,2,0.1543624161073825,71467.0,0.1305637982195845,0.3703703703703703,0.0870425321463897,82.0095814422592,0.4307145677062771,0.0584287406237662,0.1164626924595341,0.3485984998026056,2533
06037195901,-0.3713025025339103,0.2637861468178981,-0.0729405485843837,0.051763507745820454,0.026405843634698587,0.02589409841366276,6,-0.012732242417702351,5,2,0.1127406049495875,64138.0,0.0827067669172932,0.5446428571428571,0.1296992481203007,66.9314170448815,0.3611980330800178,0.0187751452838623,0.1654000894054537,0.4412159141707644,2237
06037195902,0.5279293333023548,0.12654546964778668,-0.3389038837720306,-0.20926413673993186,-1.1690560110194688,0.004278722980610469,6,-0.17641175093344655,5,2,0.2081545064377682,68875.0,0.0597014925373134,0.5105328376703842,0.0,66.3640948058497,0.2521459227467811,0.0241416309012875,0.134656652360515,0.546137339055794,1864
06037195903,-0.22290892012431837,0.6025275437933978,-0.14078181333410397,-0.17299572697308555,-0.7542321357793812,0.06768382425089424,6,-0.10345120469443285,5,2,0.1284860557768924,52446.0,0.0768386388583973,0.5152722443559097,0.0450054884742041,68.0282400403429,0.4741035856573705,0.0,0.1623505976095617,0.3022908366533864,2008
06037197200,-0.48390275331860944,0.39181370696455675,0.3395681431163754,0.30532918778114254,-0.3022847051175483,0.3506050715857216,6,0.10018810850193975,6,3,0.1007930416986441,59719.0,0.1183879093198992,0.5777777777777777,0.0940386230058774,75.4538577912254,0.537477615758506,0.0327449475569199,0.306216423637759,0.1084676387822972,3909
06037197300,-0.24297094487779358,-0.3071084159089428,0.3237685403257628,-1.349273358206492,-0.6013682971226395,0.4144905145322966,6,-0.29374366020963477,4,2,0.1263573543928924,83843.0,0.1170212765957446,0.361561119293078,0.0615901455767077,77.130610186586,0.3284797630799605,0.0338104639684106,0.1591806515301085,0.4437314906219151,4052
06037197410,-0.6221583021115678,-0.791318556830216,-0.49201606991456076,-0.9283537409717466,-0.676616439454609,0.04030434870236465,6,-0.5783597934300558,3,1,0.0861232971600092,100556.0,0.0464576074332171,0.4165651644336175,0.0534262485481997,67.3096318709027,0.3428769337335488,0.0217039944585546,0.1073655045024243,0.475178942507504,4331
06037197420,-0.20908006927124592,0.22612246087296564,-0.07642527651350928,-0.3445878976096826,0.0010542268854716388,0.7473672962012845,6,0.05740845676088066,6,3,0.1299533799533799,65438.0,0.0824053452115812,0.4928492849284928,0.1269487750556792,85.8673726676752,0.5,0.0255331088664421,0.0895061728395061,0.3540965207631874,3564
06037197500,-1.0919081030363025,-0.06745148503472671,0.8079545908190088,-1.3898771850476137,-0.04558302215383184,0.754092079669348,6,-0.17212885413068632,5,2,0.0362800204394481,75571.0,0.1589023611997447,0.356255178127589,0.1218889597957881,86.0438729198185,0.4381706693919264,0.0370464997445069,0.1745017884517118,0.328308635666837,3914
06037197600,-0.6506279816958144,-0.023037307685817958,-0.48282348064786773,-0.7337976828092374,-0.3081102383253859,0.21707008557709326,6,-0.3302211009311717,4,2,0.0831024930747922,74038.0,0.0472527472527472,0.4419889502762431,0.0934065934065934,71.9490670700958,0.4395198522622345,0.0032317636195752,0.1698984302862419,0.3282548476454293,2166
06037197700,0.6611013278019919,0.5355151548775297,0.31202949595584195,-0.3074185534369945,-0.1404128454407742,0.9539142170059988,6,0.33578813279393227,7,3,0.2222848553175498,54759.0,0.1160058737151248,0.4977064220183486,0.1116005873715124,91.2884518406455,0.2526256564141035,0.0300075018754688,0.427231807951988,0.2273068267066766,5332
06037199000,0.057671342938844614,0.4524812134020094,0.507652190958292,-0.5428938075543234,0.6743808199255089,1.224826922433576,6,0.395686447017318,7,3,0.1582573077639173,57625.0,0.1329268292682927,0.4669354838709677,0.2,98.3988905698437,0.6653682062697088,0.0107586718605082,0.2606195511036913,0.0526803932480059,5391
06037199110,0.1618951625458766,0.4012006563846784,0.42973605211173593,-0.9114615754640838,0.6943909890538125,0.3083350040721989,6,0.1806827147840364,6,3,0.1693160813308687,59395.0,0.1261872455902306,0.4187725631768953,0.2021709633649932,74.3444276348966,0.8846580406654344,0.0036968576709796,0.0476894639556377,0.0621072088724584,2705
06037199120,2.008504506783962,0.9929551067117894,0.671336740661785,0.4077864983868262,0.6413146884287375,0.6685912612897207,6,0.8984148003771368,9,4,0.3652524294856601,38970.0,0.1470852017937219,0.5911664779161948,0.1964125560538116,83.7997982854261,0.7390822434050099,0.0219463533584571,0.1939702948348481,0.0301485258257592,4511
06037199201,0.3609515335188624,1.1289210129729954,2.304355528805376,1.2128820669618934,1.1754435398150522,1.15709874607668,6,1.2232754046918097,10,4,0.1904371584699453,34277.0,0.288337924701561,0.6963730569948187,0.2543617998163452,96.6212808875441,0.6833333333333333,0.0,0.3,0.0166666666666666,3660
06037199202,0.0600843452015871,0.17342227261617177,-0.0270767552073375,0.07052237179029006,0.169083400392378,0.6085485517534662,6,0.17576403109109262,6,3,0.1585133418043202,67257.0,0.0866738894907909,0.5470941883767535,0.1451787648970747,82.2239031770045,0.7492868462757528,0.0101426307448494,0.1194928684627575,0.1068145800316957,3155
06037199300,0.4941216463397838,-0.2297240273251624,0.02588247828780649,-0.41010059548962485,-0.08261985589980586,0.6133519685163692,6,0.06848526907156106,6,3,0.2045673076923077,81172.0,0.091254752851711,0.4842883548983364,0.11787072243346,82.3499747856783,0.5916230366492147,0.0140409328891004,0.1223227034745359,0.2598762494050452,4202
06037199400,0.0683727312763941,0.8287704080579956,0.4700038899727918,-0.864593280050936,1.3698899539450426,0.9659227589132489,6,0.47306107701908945,8,3,0.159392789373814,44637.0,0.1296703296703296,0.4248971193415637,0.2754578754578755,91.6036308623298,0.704349653288506,0.0441269174196259,0.1905862576171464,0.0386635847867199,4759
06037199700,0.7476898011127483,0.8873808978015327,0.8210532384742582,0.0368196747276656,0.49345996383806984,1.1868799300066613,6,0.6955472509934894,9,4,0.2314724126673196,42614.0,0.1600353669319186,0.5426900584795321,0.1803713527851458,97.4029248613212,0.653607574273588,0.0068560235063663,0.1498530852105778,0.1766242246163891,3063
06037199800,0.7835171887396248,1.0281561670372454,0.7756726986702593,1.6375939449175472,0.6354598887539252,1.0663141692578655,6,0.9877856762294114,9,4,0.2352739137901425,37755.0,0.1561100447856686,0.75187265917603,0.1957773512476007,94.2385274836107,0.6230267673301304,0.0001715854495538,0.363761153054221,0.0130404941660947,5828
06037199900,0.019060595912450934,0.9867550845639314,1.6902434460481899,-0.08467311545836001,0.513257806423891,1.1811158298911801,6,0.7176266078968805,9,4,0.1541604754829123,39184.0,0.2352185089974293,0.526813880126183,0.1825192802056555,97.2516389309127,0.8239227340267459,0.0156017830609212,0.1415304606240713,0.0189450222882615,2692
06037201110,-0.03792796276212003,0.1791587417062461,0.317479326781773,0.639142866355033,-0.17401908522530524,-0.13886309655381623,6,0.13082846505030177,6,3,0.1481136469492315,67059.0,0.1164772727272727,0.6213991769547325,0.1079545454545454,62.6071608673727,0.760130414531905,0.0065207265952491,0.1252911038658593,0.1080577550069864,2147
06037201120,-0.2648604247916314,0.13257165939897586,-0.2661588220241266,0.0016577146849485924,-0.2172815602598345,0.2079435937275823,6,-0.06768797321068097,5,2,0.124034749034749,68667.0,0.0659937888198757,0.5380952380952381,0.1032608695652173,71.7095310136157,0.8028474903474904,0.013030888030888,0.0798745173745173,0.0873552123552123,4144
06037201200,0.0028168525120843596,0.7610047454232288,0.1010234836237689,-0.14410459240122409,0.9373810547234713,0.2386854610101461,6,0.3161345008152459,7,3,0.1524369166954718,46976.0,0.0977542932628798,0.5190476190476191,0.2285336856010568,72.5163893091276,0.8143795368129969,0.0,0.1075008641548565,0.0715520221223643,2893
06037201301,0.6097119164730584,0.3849762993622459,-0.12216385805393651,-1.0661100653659636,0.8588907281625624,0.47453322406855103,6,0.1899730407744196,6,3,0.2168321299638989,59955.0,0.078449053201082,0.3985637342908438,0.2200180342651037,78.7065052950076,0.7687861271676301,0.0226767452200978,0.1578479324144064,0.0500222321031569,4498
06037201302,0.06885348935783799,-0.521704509596723,-0.4341964286299859,-0.756484041074233,-0.6556319599605236,-1.4242574223059354,6,-0.6205701453682605,3,1,0.1594438006952491,91250.0,0.0514588859416445,0.4390243902439024,0.0557029177718832,28.8703983862834,0.2616908546417876,0.055286800276434,0.4204100437687169,0.2096291177148122,4341
06037201401,0.38005489991124713,0.6382790733749721,0.2666600808054993,1.2825689475038546,0.40739106056739344,0.540820375396574,6,0.5859624062599235,8,4,0.192464140441019,51212.0,0.1120815138282387,0.7054794520547946,0.1710334788937409,80.446293494705,0.7564457702961858,0.0100149158320903,0.1001491583209034,0.0692520775623268,4693
06037201402,0.7135323445537155,0.5183347196734182,0.39807089951030344,0.7196146102264187,0.5790306390145616,0.9130851745213459,6,0.640278064583294,8,4,0.2278481012658227,55352.0,0.1234482758620689,0.6319148936170212,0.1896551724137931,90.2168431669188,0.7437437437437437,0.0084084084084084,0.1897897897897898,0.038038038038038,4995
06037201501,0.6415391376755668,0.3811230145694182,-0.17387413558832218,0.36864588547867994,0.8156216867614515,0.7939604388014194,6,0.4711693379497022,8,3,0.2202091893911094,60088.0,0.0739762219286657,0.5860517435320585,0.2153236459709379,87.0902672718104,0.8276504564933855,0.0102478106949878,0.0633501024781069,0.0935345630706167,5367
06037201503,0.7486053701830817,0.6318762467643336,0.34862125291410495,0.18631486872054387,0.21590948373193883,0.16423250118519028,6,0.3825932872498656,7,3,0.2315695600475624,51433.0,0.1191709844559585,0.5622254758418741,0.1502590673575129,70.5622793746848,0.8647443519619501,0.0107015457788347,0.0716409036860879,0.0529131985731272,3364
06037201504,0.959768763558935,0.5647479695840195,-0.03974113632142648,-0.39689516692829424,0.16020509528792354,0.20602222702242176,6,0.24235129203392983,7,3,0.2539752650176678,53750.0,0.0855784469096671,0.486013986013986,0.144215530903328,71.6591023701462,0.794092093831451,0.0099913119026933,0.0543006081668114,0.105125977410947,2302
06037201601,0.2985316485406717,0.5055000943860296,0.10590712529280064,1.3673669740719598,0.08489470848728288,0.6902066367227729,6,0.5087345312502529,8,3,0.1838140335772707,55795.0,0.0981767180925666,0.7165605095541401,0.1360448807854137,84.3671205244579,0.7976754197158846,0.0253981919931123,0.0955660783469651,0.046922083512699,2323
06037201602,-0.05901734005693733,0.5021972788493202,0.18562864863489664,-0.9539286497456866,0.25582269888969233,0.5744442927368764,6,0.0841911548846936,6,3,0.1458759372869802,55909.0,0.1050724637681159,0.4132231404958678,0.1545893719806763,81.3287947554211,0.8361486486486487,0.0010135135135135,0.1114864864864864,0.0347972972972972,2960
06037201700,0.4166118842585788,0.24550477310155008,-0.6397958609439679,-1.2020474172326694,0.052254627344516774,0.9467090918616483,6,-0.03012715026839056,5,2,0.1963430561602089,64769.0,0.0336749633967789,0.3808,0.1325036603221083,91.0993444276349,0.636380123322452,0.0544069640914037,0.1396445411679361,0.1423648893725063,5514
06037203100,1.1278724896897676,1.1607323415634077,1.2382949766111002,-0.2648586605265347,0.49732756497599123,1.2128183805263257,6,0.8286978488066762,9,4,0.2718120805369127,33179.0,0.1961259079903147,0.5032679738562091,0.1807909604519774,98.0837115481594,0.947309915518008,0.012894619831036,0.0211204979991107,0.0088928412627834,4498
06037203200,0.48654017759537216,0.4948963181892256,0.4849298357633877,-0.30770494406088017,1.5940060065967725,0.8083706890901208,6,0.5935063471956665,8,4,0.2037628682996095,56161.0,0.1309613928841786,0.4976689976689977,0.2997728993186979,87.4684820978316,0.9494293239683932,0.0093064091308165,0.0036874451273046,0.0298507462686567,5695
06037203300,2.6560628793312016,0.97035689514483,2.282179600285731,1.2919391424952358,1.516444557517659,1.2810268985595092,6,1.6663349955556945,10,4,0.4339622641509434,39750.0,0.2864197530864197,0.7067039106145251,0.291358024691358,99.8739283913263,0.7555,0.1045,0.067,0.0285,2000
06037203500,1.655702286097512,0.921278215151972,1.9722950443180327,0.34257286266335346,0.46561553778857717,1.2656559649182255,6,1.1038533184896122,10,4,0.327817993795243,41444.0,0.2596153846153846,0.5826446280991735,0.1773504273504273,99.4704992435703,0.7722738218094255,0.0326797385620915,0.1434468524251806,0.0488476092191262,2907
06037203600,0.8744384645171118,0.6756530386587897,0.40042671375052336,0.9348263482607764,1.4284538298519591,1.0759210027836643,6,0.898286566303804,9,4,0.2449212075185114,49922.0,0.1236520488856937,0.6600378787878788,0.2818116462976276,94.4906707009581,0.959628506444276,0.0090978013646702,0.0106141015921152,0.0170583775587566,5276
06037203710,0.15860122412520206,0.7649449464143909,-0.17542236998939095,0.1884156706391082,1.6803113058979875,0.053753915638484105,6,0.44510078212096366,8,3,0.1689665746703465,46840.0,0.0738423028785982,0.5625,0.3091364205256571,67.6626323751891,0.9770642201834864,0.0051987767584097,0.0067278287461773,0.0110091743119266,3270
06037203720,1.5888721572013575,1.0234626923271848,1.4278696140522689,0.7034463777019927,1.2795318099700648,0.63929041903603,6,1.110412178381483,10,4,0.3207269155206287,37917.0,0.2125237191650854,0.629802095459837,0.2656546489563567,83.0307614725164,0.9774066797642436,0.0,0.0054027504911591,0.0152259332023575,4072
06037203800,1.2262738337779435,0.8151245649194855,0.6296809737445784,1.6438346743574002,1.4194970193100922,-0.05912637828967384,6,0.9458807813033041,9,4,0.2822530544626216,45108.0,0.1434820647419072,0.7526881720430108,0.2808398950131233,64.6999495713565,0.9712155725823152,0.0020708221163802,0.0157382480844895,0.0097328639469869,4829
06037203900,0.3842442329027579,0.4690242631516682,0.16240962793250288,0.05797496969551539,1.6423135292099889,0.6104699184586267,6,0.5544060902251767,8,3,0.1929086538461538,57054.0,0.1030640668523676,0.5454545454545454,0.3050139275766017,82.274331820474,0.971368923352222,0.0077542499254399,0.0,0.0208768267223382,3353
06037204110,0.484920323892597,0.4585074031531986,0.5441047551503154,0.34015993987603194,1.4775761432710728,0.17287865135841002,6,0.5796912027836043,8,4,0.2035909920876445,57417.0,0.1360799001248439,0.5823293172690763,0.2871410736579275,70.7892082702975,0.9637857577601948,0.0,0.0,0.0362142422398052,3286
06037204120,0.24742314382190506,0.5918947955304823,0.26055902093543243,-0.9176127727784366,1.4871577493726966,0.2612615197957765,6,0.321780576112976,7,3,0.1783911141029956,52813.0,0.1115537848605577,0.41796875,0.2881806108897742,73.1089258698941,0.9343655334904072,0.0111073712554695,0.0084146751935375,0.0306294177044766,2971
06037204200,1.8313836861027464,1.1674828329673839,1.3984526143541491,0.2847729649869387,1.9544388272760755,0.7857946303044904,6,1.237054259331964,10,4,0.3464588460486738,32946.0,0.20997920997921,0.575091575091575,0.3388773388773389,86.8759455370651,0.969100355482636,0.0032813781788351,0.0172272354388843,0.0103910308996445,3657
06037204300,0.707629814137443,0.9077192882117963,1.767898205136504,0.4535448670319568,2.030765216273656,1.048061185558843,6,1.1526030960583666,10,4,0.2272218073188947,41912.0,0.2419354838709677,0.5971459934138309,0.34715821812596,93.7594553706505,0.9555555555555556,0.004040404040404,0.0137741046831955,0.0251606978879706,5445
06037204410,1.7434790003402596,0.7535878964986883,1.515409001292353,-0.594228535022447,2.050343239195444,1.0216423933628915,6,1.081705499277865,10,4,0.33713163064833,47232.0,0.2200956937799043,0.4602272727272727,0.3492822966507177,93.066061522945,0.9646601941747572,0.0019417475728155,0.0198058252427184,0.0135922330097087,2575
06037204420,1.6416710424217231,1.2606569975819244,2.4244843049515663,0.251668817964423,1.3402833192393195,1.15373635434265,6,1.345416806083601,10,4,0.3263291945240369,29730.0,0.298728813559322,0.5707656612529002,0.2722457627118644,96.5330307614725,0.907736207989854,0.0481927710843373,0.0253646163601775,0.0123652504755865,3154
06037204600,1.215665542219147,1.2010904296567082,1.985546285896201,0.3385625897432714,0.40274857165712624,1.232992730930505,6,1.0627676916838265,10,4,0.2811274509803921,31786.0,0.2607615894039735,0.5821205821205822,0.1705298013245033,98.613212304589,0.9107843137254902,0.0223039215686274,0.0213235294117647,0.0394607843137254,4080
06037204700,0.9387923321708768,0.5340665515719553,0.7593264993060042,0.34361994836227877,1.4644251760447848,1.2425995644563073,6,0.8804716786520345,9,4,0.2517495395948435,54809.0,0.154696132596685,0.5827814569536424,0.2857142857142857,98.8653555219365,0.9591651542649728,0.0107078039927404,0.0114337568058076,0.0127041742286751,5510
06037204810,0.8468467136439809,0.7765337728589855,1.2459395607839836,0.6690032170071873,1.8811286249216188,1.211857697173744,6,1.10521826439825,10,4,0.241993556945234,46440.0,0.1967871485943775,0.6253012048192771,0.3309236947791165,98.0584972264246,0.9664582148948266,0.0219821868485882,0.0053060451013833,0.0,5277
06037204820,0.6941550805979693,0.9631138786169584,0.21279012633076766,0.6992344700259208,2.0533579805738027,1.2325123892542138,6,0.9758606542332721,9,4,0.2257920571173583,40000.0,0.107421875,0.6292517006802721,0.349609375,98.6006051437216,0.9491298527443106,0.0227576974564926,0.00223114680946,0.0258813029897367,2241
06037204910,0.5915563649983292,1.0059056202636238,1.9835997758338717,0.4077386171612079,0.871612938490596,1.202250863647945,6,1.010444030065929,9,4,0.2149057168512421,38523.0,0.2605932203389831,0.5911602209944752,0.2213983050847457,97.8063540090772,0.9616881173301408,0.00868003591739,0.0023944926668662,0.0248428614187369,3341
06037204920,1.3352344723802978,0.9658951969636611,0.6200022314676269,0.3643641808929003,1.4879034630022665,1.2848696319698265,6,1.0097115294460963,9,4,0.2938144329896907,39904.0,0.1426448736998514,0.5854922279792746,0.288261515601783,99.9747856782652,0.9727371864776444,0.0083605961468556,0.0,0.0170846964740094,2751
06037205110,0.956100739036475,0.7539645333581376,0.23895344425527212,0.4378816086164108,2.7780928627075254,1.2517260563058148,6,1.0694532073799392,10,4,0.2535860655737705,47219.0,0.1096849474912485,0.5950991831971996,0.4282380396732789,99.1048915784165,0.9579918032786884,0.0046106557377049,0.0222848360655737,0.0151127049180327,3904
06037205120,2.335453008332851,1.3442703803796743,1.51501267622402,0.3184556321020749,1.0951448048801964,1.2762234817966063,6,1.3140933306192373,10,4,0.3999436302142052,26844.0,0.2200614124872057,0.5794930875576036,0.2456499488229273,99.7478567826525,0.9625140924464488,0.020293122886133,0.0104284103720405,0.0067643742953776,3548
06037206010,1.4637400608079978,0.9033445062289618,2.2149453850449845,-1.0929898500069914,0.6333504294116299,1.1830371965963407,6,0.8842379546804873,9,4,0.3074496481436544,42063.0,0.28060413354531,0.3950511945392491,0.1955484896661367,97.3020675743822,0.5391895171074982,0.0109196796893957,0.3685998544042708,0.0769230769230769,4121
06037206020,-0.1479264954428169,-0.7986484895564221,-1.0291111731370455,-0.14815354537584058,0.35162420305972075,-0.4261074189752551,6,-0.36638715323794324,4,2,0.1364421416234887,100809.0,0.0,0.5185185185185185,0.1649831649831649,55.0680786686838,0.4318766066838046,0.3099362914943556,0.0366603330725382,0.1852017436012071,8947
06037206031,-0.16079936579082235,-0.7521772955135978,0.3709417458432449,-0.5723703936772127,0.2719456429796424,0.5653178008873649,6,-0.04619031087856342,5,2,0.1350762527233115,99205.0,0.1211016605913325,0.4630836047774158,0.1563385986229242,81.089258698941,0.1447591382231905,0.0542241587993222,0.3064633260711692,0.4091019123698862,4131
06037206032,2.3519242875949065,1.234726998412144,3.5155017269311015,1.1607892432164566,1.5366671656220563,1.2666166482708074,6,1.8443710116745786,10,4,0.40169133192389,30625.0,0.3930995475113122,0.6895657809462087,0.293552036199095,99.4957135653051,0.7473184455776332,0.021979954281695,0.1572006330226833,0.063653947599789,5687
06037206050,1.6742614634833215,1.4446296173898634,2.3889153598488346,0.6110251373646447,-0.08131378157988609,1.276703823472897,6,1.2190369366632792,10,4,0.3297872340425531,23380.0,0.2956521739130435,0.6177248677248677,0.1180124223602484,99.7604639435199,0.7961595273264401,0.0423436730674544,0.0777941900541605,0.0635155096011816,2031
06037206200,2.384569217470755,1.4407183884648127,4.225439501548963,0.14322713969170206,-0.027917299715765106,1.2157004305840644,6,1.563622896340755,10,4,0.4051551551551551,23515.0,0.4545076859160781,0.5565949485500468,0.12380556709597,98.1593545133636,0.1697075731067233,0.1834541364658835,0.459135216195951,0.1499625093726568,4001
06037206300,6.015728791287867,1.8557142634457449,8.597904637897264,-0.28669421245504956,-1.017519896679562,1.1153090202394478,6,2.7134071006226184,10,4,0.7904430064708811,9191.0,0.8327168105219893,0.5004145936981758,0.0164406083025071,95.5244578920827,0.1564804194658364,0.5074553498279535,0.0221202687203014,0.2582336555792233,6103
06037207101,1.109298511555688,0.9902607045634212,1.7789292622218453,1.0051057196287077,0.0787766561162101,0.6268015354524886,6,0.9315287315897268,9,4,0.2698412698412698,39063.0,0.2428896473265074,0.6692216981132075,0.1353811149032992,82.7029752899647,0.1420500403551251,0.1339790153349475,0.5205811138014528,0.1485068603712671,3717
06037207102,1.6679566002958284,1.2480541488234278,3.146409223021512,0.26942408738907336,0.2249650688147691,1.1196320953260601,6,1.2794068706117785,10,4,0.3291182501708817,30165.0,0.3611738148984199,0.5730858468677494,0.1512415349887133,95.6379223398891,0.2279562542720437,0.075187969924812,0.5792891319207109,0.0847573479152426,2926
06037207103,2.201291763424766,1.2747663937782183,3.0491089526037425,0.7445944248253051,0.9889735777558687,1.1369243956725008,6,1.5659432513434004,10,4,0.3857083159214375,29243.0,0.3527575442247658,0.6351791530944625,0.2341311134235171,96.0917801311145,0.0752193898871709,0.0238194734642707,0.8098620977852069,0.075637275386544,2393
06037207301,0.8287492266782038,0.6250967832942458,4.22587614361932,-0.9658503798352576,-0.07566498601330163,0.9068407327295769,6,0.9241745867454645,9,4,0.240073304825901,51667.0,0.4545454545454545,0.4116652578191039,0.1186252771618625,90.052950075643,0.1891671757279576,0.1952759112197108,0.1462024027692934,0.3864793321115862,4911
06037207302,1.239004253992753,0.96392509646808,3.6517058152139494,-0.6174251857278833,0.32965108617631556,1.027886835154664,6,1.09912465021298,10,4,0.2836038285476487,39972.0,0.4048809173772419,0.4571960297766749,0.162599235518965,93.2299546142209,0.1816479400749063,0.2045359966708281,0.1485642946317103,0.3824386183936746,4806
06037207400,0.6947225848358715,-0.3985732286229055,0.5782967119884309,-1.128779642810895,-0.6515135852194087,0.896273215851196,6,-0.0015956573296184717,6,3,0.2258522727272727,87000.0,0.1390374331550802,0.3903743315508021,0.0561497326203208,89.7755925365608,0.4463937621832358,0.2573099415204678,0.1182586094866796,0.1507472384665367,1539
06037207501,0.3582497103534172,0.36556501506755,0.87699892168641,-0.16004734473877422,0.02686537393049845,0.02205136500334168,6,0.2482805068837405,7,3,0.1901504787961696,60625.0,0.1648745519713261,0.5169642857142858,0.1297491039426523,66.8305597579425,0.2138622891016872,0.1144550843593251,0.3141814865481076,0.2872777017783858,2193
06037207502,2.002470530720264,1.5832899257994377,5.283095358802819,-0.6906136795569652,-0.35478746547455603,0.8309467478757517,6,1.4424002363611255,10,4,0.3646121883656509,18594.0,0.5459927140255009,0.447632058287796,0.0883424408014572,88.0610186585981,0.0588642659279778,0.0969529085872576,0.58898891966759,0.2344182825484764,2888
06037207710,0.33936362570789774,-0.8033709363325945,2.2948013321595395,-0.47307400178869796,-0.5666441592378181,-0.009651185631800202,6,0.1302374458127544,6,3,0.1881465517241379,100972.0,0.2875115065971156,0.4760592490527041,0.0653574716170604,65.9984871406959,0.1394900364259695,0.1210627812299121,0.3619027212341975,0.3466895221769873,4667
06037207900,0.6163549980370533,-0.5464466540559324,0.5383850436118791,-0.7120443133040577,0.023652880552923517,-0.18113316406733893,6,-0.043538534870912186,5,2,0.2175370008377548,92104.0,0.1355851569933396,0.4448315911730546,0.1294005708848715,61.4977307110439,0.2897235409103602,0.0765149399609047,0.3293772689192963,0.2504886903099693,7162
06037208000,1.785926719268021,1.0404692951346273,0.5297694335210761,0.5986674783350465,0.9555830483747427,1.249804689600658,6,1.0267034440390288,10,4,0.3416355887053809,37330.0,0.1348399246704331,0.6161100196463655,0.2305084745762712,99.0544629349471,0.6349227490676611,0.1017581246670218,0.1402503995737879,0.0969632392115077,7508
06037208301,1.8305342434979897,0.6706988153537254,1.9650974274896036,-0.49631980745567394,4.218686525465404,0.7488083212301576,6,1.4895842542635342,10,4,0.3463687150837989,50093.0,0.2589928057553957,0.4730215827338129,0.5845323741007195,85.9051941502774,0.9259776536312848,0.015828677839851,0.0363128491620111,0.00512104283054,2148
06037208302,1.7929420574778938,1.0104832067092389,2.1795632017300863,0.47145580520691227,2.0106228093642518,1.198408130237624,6,1.443912535121001,10,4,0.3423799582463465,38365.0,0.2775436484045755,0.5994865211810013,0.3449729078868151,97.7054967221382,0.750996394002657,0.0810400455494401,0.099639400265705,0.0584551148225469,5269
06037208401,1.0602599644586748,1.2175465632080325,2.755867150324701,0.009624480456865404,2.95586204634256,0.679158778168101,6,1.4463864971598224,10,4,0.2646379853095488,31218.0,0.3273927392739273,0.5391363022941971,0.4475247524752475,84.0771558245083,0.7087093389296957,0.0157397691500524,0.2524658971668415,0.0230849947534102,4765
06037208402,0.7385269102652072,0.794960006905891,1.515141452774985,0.6061204778335384,1.2829155899956162,1.079763736193985,6,1.002904695661537,9,4,0.2305001748863238,45804.0,0.2200725513905683,0.6170839469808542,0.2660217654171705,94.5915279878971,0.7020027624309392,0.0145027624309392,0.1726519337016574,0.0915055248618784,2896
06037208501,0.1411255390224436,0.4713420284405871,0.4621690113478694,-0.1694784003037078,1.3107515195514776,0.19161197673372365,6,0.4012536124653989,7,3,0.1671122994652406,56974.0,0.128992628992629,0.5157318741450069,0.269041769041769,71.2808875441251,0.404058226731363,0.0127922364358182,0.4565505072783414,0.0966034406704896,2267
06037208502,0.7875432870158715,0.9108482713518368,2.2777631096640554,-0.42704023767776084,1.968264784286889,0.879461257181043,6,1.066140078636989,10,4,0.2357011070110701,41804.0,0.2860377358490566,0.4820747520976354,0.340377358490566,89.3343419062027,0.8201191567369386,0.0213107241063244,0.1031164069660861,0.0421631530705774,4364
06037208610,0.32512685406412845,0.5998910857772526,0.8348006547247017,0.033718934307390036,0.8185952658837888,0.9092424411110248,6,0.5868958726447144,8,4,0.1866359447004608,52537.0,0.1612244897959183,0.5422848664688428,0.2156462585034013,90.1159858799798,0.5212594805791771,0.0461962767179958,0.3470466559411629,0.0645828545162031,4351
06037208620,0.5063278355985043,0.704972769563614,1.2230262483299685,0.32791475359267214,0.936640723265378,0.7257519207682359,6,0.7374390418530621,9,4,0.2058624577226606,48910.0,0.1948051948051948,0.5807291666666666,0.2284533648170011,85.3000504286435,0.5035987404408457,0.0793972109761583,0.2869995501574449,0.0757984705353126,4446
06037208710,-0.44054871290269076,0.10391828601471574,0.09699428318989346,-0.5975731683799748,0.7709289065192985,-0.19073999759314136,6,-0.04283673385864988,5,2,0.1053931659118979,69656.0,0.0974057758198727,0.4597902097902098,0.2104747919725893,61.2455874936964,0.3182379580074104,0.0349938246191848,0.5115273775216138,0.0864553314121037,4858
06037208720,2.1666524629127895,1.1738277154457994,3.515296097642831,-0.25062320142573574,2.929402603691535,0.9875381343463017,6,1.7536823021022536,10,4,0.3820328779810141,32727.0,0.3930817610062893,0.5051282051282051,0.4446540880503145,92.1709531013616,0.7763371150729336,0.0277842093077101,0.0470016207455429,0.1488770548738134,4319
06037208801,1.5291627825764185,1.15980523544784,4.826217421238099,0.907842994325208,1.9477983413779796,0.7406425127332247,6,1.851911547949795,10,4,0.3143913920645595,33211.0,0.5064737242955065,0.6565118050266565,0.3381568926123381,85.690872415532,0.533201189296333,0.0931615460852329,0.2190287413280475,0.1311529567228279,3027
06037208802,0.7188577981752748,1.1346574820630697,3.5824677242269907,0.5421630184244408,0.784169994067661,0.9572766087400292,6,1.2865987709495776,10,4,0.2284131638970348,34079.0,0.3988919667590028,0.6087262491203378,0.2119113573407202,91.3767019667171,0.577386770935158,0.032258064516129,0.2280873248615184,0.1329423264907135,3069
06037208902,1.8768027249871633,1.120490141734553,4.40538957896545,1.0674780878497228,4.872572726895094,0.9001159492615172,6,2.3738082016155837,10,4,0.3512780790085205,34568.0,0.4700729927007299,0.6773722627737226,0.6554744525547446,89.8764498234998,0.9060178306092124,0.0271173848439821,0.0494056463595839,0.0174591381872213,2692
06037208903,2.4913363022766966,1.2026838932928399,4.82089962158194,0.13085612323860257,3.875055936196815,0.9212509830182749,6,2.240347143267528,10,4,0.4164837844428188,31731.0,0.5060137457044673,0.554978354978355,0.5472508591065293,90.4311649016641,0.82692750287687,0.0678941311852704,0.0317606444188722,0.0471806674338319,4345
06037208904,2.8474007766624463,1.332507721538411,5.454346455158493,-0.651403330449166,3.3431518788226144,0.7151844038898552,6,2.173531317603776,10,4,0.4542643648544189,27250.0,0.5608055770720372,0.452755905511811,0.4895429899302866,85.0226928895613,0.8858722976370035,0.0150829562594268,0.0731523378582202,0.0258924082453494,3978
06037209102,2.6907903627107554,1.2763019132821272,4.265867694428975,0.31104062475858124,2.688902275552155,1.1071432117425188,6,2.0566743470791855,10,4,0.4376470588235294,29190.0,0.4580046403712297,0.5785241248817408,0.4185614849187935,95.3101361573374,0.7142857142857143,0.1008403361344537,0.1238655462184874,0.048235294117647,5950
06037209103,3.1997065486018683,1.2670598241925628,4.217308229515914,0.8947014385793454,4.291123732812122,1.0355723019753016,6,2.484245345946186,10,4,0.4916461243494933,29509.0,0.453804347826087,0.6547945205479452,0.592391304347826,93.4316691880988,0.9181842892090242,0.0511008426202772,0.0100570807284588,0.0173960315303071,3679
06037209104,1.7322248719755458,1.250574718575127,3.350979642643874,0.34307908445803165,1.5065833594022702,1.021162051686604,6,1.5341006214569086,10,4,0.3359375,30078.0,0.3788687299893276,0.5827107790821772,0.2902881536819637,93.0534543620777,0.812109375,0.09453125,0.03828125,0.04453125,2560
06037209200,0.741381653590844,0.531603925952479,0.8158360014529158,0.08614586675526803,0.6810478609054185,0.8434356314592931,6,0.6165751566860365,8,4,0.2308030803080308,54894.0,0.1595840867992767,0.5491358024691358,0.2007233273056058,88.3888048411498,0.3434543454345434,0.0781078107810781,0.2796479647964796,0.2272827282728272,4545
06037209300,2.5713565299822116,1.2501691096495662,3.7473346279267474,0.6720859604495788,2.0328975206419884,1.0615107524949663,6,1.8892257501908432,10,4,0.4249744114636642,30092.0,0.413152610441767,0.6257040450588838,0.3473895582329317,94.112455874937,0.7385875127942682,0.0618219037871033,0.1113613101330603,0.0696008188331627,4885
06037209401,1.9303203892966452,1.2260064065125866,4.165686861577177,-0.1277167049347046,1.9400759631356852,0.9087620994347374,6,1.6738558358370208,10,4,0.3569566247926048,30926.0,0.4493392070484581,0.5211891208096142,0.3373190685966016,90.1033787191125,0.7213774597495528,0.0664132379248658,0.1314847942754919,0.0684257602862254,4472
06037209402,2.5186248009725922,1.1694239613968536,6.462022779058574,0.6113730147157749,4.368748127469712,0.9750492507627604,6,2.684206989062712,10,4,0.4193792581377744,32879.0,0.6479674796747967,0.6177703269069572,0.6008130081300813,91.8431669188099,0.8904870047943477,0.0055513499873832,0.0338127681049709,0.070148877113298,3963
06037209403,1.4671120199836991,1.334303989637323,4.833717981397978,0.508417677989936,3.0325094156357504,0.9126048328450547,6,2.014777652914957,10,4,0.3078074332751309,27188.0,0.5071225071225072,0.60431654676259,0.4558404558404558,90.2042360060514,0.7082931533269046,0.0482160077145612,0.1846673095467695,0.0564127290260366,4148
06037209510,2.4619790741057597,1.2319167079993298,2.0807903209193723,0.215340482672842,2.6376410448819096,0.5960596681699287,6,1.537287883124857,10,4,0.4133688061190555,30722.0,0.269,0.5660184237461617,0.413,81.8961169944529,0.6849804941482445,0.0159297789336801,0.2334200260078023,0.0325097529258777,3076
06037209520,2.0670968720256955,1.161051034290634,3.156970310285492,0.7222407327803047,3.3266525543309022,0.9995466762535519,6,1.90559302999443,10,4,0.3714694315337862,33168.0,0.362087326943557,0.632258064516129,0.4877529286474973,92.4861321230459,0.8852341794780122,0.0214515552377547,0.05684662138005,0.0289595995709688,2797
06037209810,1.4702915110168149,1.2420279590722385,3.3974601907393547,0.7717545278454249,3.1874531897411025,0.8861860406491027,6,1.825862236510673,10,4,0.3081447963800905,30373.0,0.3828892005610098,0.638728323699422,0.4726507713884993,89.5108421583459,0.7104857363145721,0.0505011565150346,0.1156515034695451,0.1175790285273708,2594
06037209820,2.007264299638974,1.215489546514117,2.665342850526665,0.2344917391316207,4.072307518034295,1.00050735960613,6,1.865900552241967,10,4,0.3651208360548661,31289.0,0.3195625759416768,0.5685210312075983,0.56865127582017,92.5113464447806,0.9124633908232996,0.0201757240481614,0.0380735437683045,0.0247315327041978,3073
06037210010,1.5330063126681774,1.203234362548958,4.049425061752685,0.602810541553839,2.0385541226948973,0.894351849146036,6,1.7202303750607653,10,4,0.3147992137040157,31712.0,0.4392828035859821,0.616651418115279,0.3480032599837001,89.7251638930913,0.8565009828699803,0.0134793597304128,0.1112047177759056,0.0188149396237012,3561
06037211000,-0.603499151705453,-1.563163370106327,-0.6492845744721091,-0.48248137670841224,-0.8567694842166753,-1.117319091156608,6,-0.8787528413942641,2,1,0.0881031451455362,127197.0,0.0328542094455852,0.4748299319727891,0.0338809034907597,36.9263741805345,0.0827478532396565,0.0323965651834504,0.283567525370804,0.5402029664324747,5124
06037211120,0.25369380472122266,0.6055406386689924,0.2599803366821047,-0.3347685322234987,0.5860811366215085,0.37318113037135253,6,0.290618085806947,7,3,0.1790564689063616,52342.0,0.1115037298782881,0.4941324392288349,0.1904201020808794,76.0463943519919,0.2871339840283939,0.0401064773735581,0.6039041703637977,0.0603371783496007,5635
06037211121,-0.2036271971819356,0.7068269817947491,0.3954635876139686,-0.4629138595331689,0.6547233181737255,-0.36414334273384036,6,0.12105491468891642,6,3,0.1305319624497094,48846.0,0.1232227488151658,0.4773869346733668,0.197867298578199,56.6944024205749,0.351531291611185,0.0701287172658677,0.376387039502885,0.1553484243231247,2253
06037211122,1.7126478398432723,0.6683231059325836,0.9961686102551889,0.21753546014639333,1.5295680602341275,0.448114431872599,6,0.9287262513806942,9,4,0.3338602592475498,50175.0,0.1751824817518248,0.5663052543786489,0.2927818329278183,78.0131114473021,0.3174201707239962,0.0546949098956686,0.4043629465697123,0.2115080619664875,3163
06037211201,0.6666420162725587,0.8369984748336577,1.5784268372028218,0.9571052536057473,1.4401813906632952,0.5148819248769132,6,0.999039316242499,9,4,0.2228727556596409,44353.0,0.2255466052934407,0.6629491945477075,0.2830840046029919,79.7655068078669,0.680327868852459,0.0491803278688524,0.1572989851678376,0.0811865729898516,2562
06037211202,0.4308724303649145,0.9260296339942558,2.741342226635647,-0.28090610192062465,1.1457141005648495,0.7367997793229036,6,0.9499753448269909,9,4,0.1978561857972309,41280.0,0.3261363636363636,0.5011709601873536,0.2511363636363636,85.590015128593,0.6945064761054042,0.0442161679321125,0.1598928092898615,0.0897722197409557,2239
06037211310,0.5865898942934278,0.8867145402809685,1.889560470989277,0.316012569726214,2.3516061333262672,0.6407314440648993,6,1.1118691754468422,10,4,0.2143787444647043,42637.0,0.2524590163934426,0.5791738382099828,0.3819672131147541,83.0685829551185,0.7415440227214046,0.0247869868319132,0.1585334366124451,0.0650658404337722,3873
06037211320,1.4158421866424689,1.2166194570924649,4.283901664535294,0.7771578445497402,1.3825128529634703,0.6469758858566717,6,1.6205016486066848,10,4,0.3023673958645489,31250.0,0.4595645412130638,0.6394344069128044,0.2768273716951788,83.2324760463944,0.6122265507941265,0.0461492358405753,0.2055738687443812,0.1309559484566976,3337
06037211410,-0.1204035574761465,0.8758789875552726,0.976043878893567,0.14668631888310413,1.0540588664074009,0.24733161118336636,6,0.5299326842410942,8,3,0.1393624907338769,43011.0,0.1734417344173441,0.5570469798657718,0.2411924119241192,72.7433182047403,0.3128654970760234,0.014985380116959,0.5029239766081871,0.1224415204678362,2736
06037211420,0.257617519792104,0.837664832354222,1.539032965059371,0.09242672737305886,0.8922290018920807,0.05231289060961478,6,0.6118806561800753,8,4,0.179472798653954,44330.0,0.2221391174270755,0.5499565595134666,0.2236350037397158,67.624810892587,0.5102155051777219,0.0817240414217744,0.2572068289952421,0.1360201511335012,3573
06037211500,-0.37737941156980426,0.20862333294162783,-0.12427891992071836,0.008837456576739525,-0.3699744226507852,-0.23781348186956325,6,-0.14866424108208395,5,2,0.1120958083832335,66042.0,0.0782661047561709,0.5390334572490706,0.0866947621914509,60.0100857286939,0.2141317365269461,0.0457485029940119,0.4323353293413173,0.2653892215568862,4175
06037211701,-0.5549334113346958,-0.0644963342913551,0.031114560624141068,-0.07788570497149509,-0.4496660282116734,-0.5221757542332597,6,-0.273007112069723,4,2,0.0932562620423892,75469.0,0.0917073170731707,0.5277008310249307,0.0780487804878048,52.5466464952093,0.0774268104776579,0.0570107858243451,0.4503081664098613,0.3528505392912172,2596
06037211703,-0.17424045583204453,0.6052509180078776,1.4701150559390426,0.32138219428423676,0.2697664918467621,0.28431792025769864,6,0.4627653540839289,8,3,0.1336500722991117,52352.0,0.2161778618732261,0.5798755186721992,0.1561021759697256,73.714069591528,0.4273910349101425,0.072918818425945,0.3643875232390002,0.1138194587895063,4841
06037211704,0.26191055429096216,0.8628125857389922,1.8969909456722067,0.6155017966393961,-0.09409905004659161,-0.3041006331975862,6,0.5398360331828966,8,3,0.1799283154121863,43462.0,0.2531017369727047,0.6183098591549295,0.1166253101736972,58.2702975289965,0.2017167381974249,0.0840486409155937,0.5253934191702432,0.1627324749642346,2796
06037211802,0.3288584108428024,0.8553377926822288,1.3425088037430002,-0.22687482439904222,1.2299961264486448,0.026854781766240867,6,0.5927801818473124,8,4,0.1870318852985234,43720.0,0.2051401869158878,0.5082315454062666,0.2602803738317757,66.9566313666162,0.3007261853908586,0.060017086715079,0.4532251174711662,0.134771465185818,4682
06037211803,-0.07400809325386885,0.5777564272680769,0.39674205214284813,0.012206302697764035,1.0000546600591214,-0.2503023654531046,6,0.2770748305768061,7,3,0.1442853282896514,53301.0,0.1233333333333333,0.5394736842105263,0.2353333333333333,59.6822995461422,0.2037287219670359,0.0172926236152391,0.6925155363415293,0.0516076736017292,3701
06037211804,0.42642990324765306,0.915744550524678,0.7575845145601187,0.6170065451680554,0.5137783687446957,0.3938358224518262,6,0.6040632841161713,8,4,0.197384806973848,41635.0,0.1545454545454545,0.6185064935064936,0.1825757575757575,76.588502269289,0.1220117975783918,0.0239056193728655,0.7134430301148712,0.0655076063334368,3221
06037211910,0.13800373186728793,0.7620187677371308,1.4096875516192804,0.23075916615238767,1.6518804651528163,0.26270254482464633,6,0.7425087045589249,9,4,0.1667810569663692,46941.0,0.2109510086455331,0.5680332739156269,0.3060518731988472,73.1467473524962,0.5902539464653397,0.0368336765042324,0.2640128117135666,0.0876229695721802,4371
06037211921,0.3419152531048746,1.0792049475256846,1.69246287142639,1.2260537841633132,0.900479897113616,0.6743553614052018,6,0.9857453524565134,9,4,0.1884172947243157,35993.0,0.2354104846686449,0.6980942828485457,0.2245301681503461,83.9510842158346,0.4212614042046806,0.0353034510115033,0.3772312574375248,0.0872669575565252,2521
06037211922,-0.13071312502009422,0.6863147589878167,1.52123393969921,0.3453579637203703,1.3672636872061346,0.5446631088068951,6,0.7223533889000554,9,4,0.1382685836647292,49554.0,0.2205995388162951,0.583008573655495,0.2751729438893159,80.547150781644,0.4105230957479351,0.0706638115631691,0.4435607219333129,0.0575099418782502,3269
06037212101,0.5356522725320874,0.6337014869293572,2.154687550198372,0.5262913546691846,0.6216034873422165,-0.6850115824955821,6,0.631154094862606,8,4,0.20897395669909,51370.0,0.2753919563735514,0.6066522053506869,0.1942740286298568,48.2728189611699,0.25196109193599,0.1901474741135864,0.3777847505491057,0.1358644493253843,3187
06037212102,0.2239994367804472,1.3349124030256643,3.301420180872214,0.15474522677099958,0.7036661876411897,0.22763760245547407,6,0.9910635062576648,9,4,0.1759057180270624,27167.0,0.3745819397993311,0.5581000848176421,0.2031772575250836,72.226424609178,0.2741161065037101,0.1588825840244434,0.4129201222173723,0.1174159755565255,2291
06037212202,1.218119466658771,0.9854513415889145,0.6404834537820214,0.24083019887215013,2.0349022090108444,0.29344441210720956,6,0.9022051803366518,9,4,0.2813878271096736,39229.0,0.144416456759026,0.5693493150684932,0.3476070528967254,73.9536056480081,0.6985981308411215,0.0470210280373831,0.2088200934579439,0.0455607476635514,3424
06037212203,2.3372779581807683,1.3370853079840257,3.8199922127598778,0.3119618076794592,1.866014218957076,0.7502493462590268,6,1.7370968086367056,10,4,0.4001372683596431,27092.0,0.4194373401534527,0.5786445012787724,0.3292838874680306,85.9430156328795,0.6063829787234043,0.0569663692518874,0.247083047357584,0.0525051475634866,2914
06037212204,1.7639214679042394,1.1312677503280257,2.543641783145149,0.14251238991489237,3.701984362320336,0.48510074094693184,6,1.628071415759929,10,4,0.3393006993006993,34196.0,0.3090356871678056,0.5565015479876161,0.5284738041002278,78.9838628340898,0.6810825892857143,0.0851004464285714,0.17578125,0.0460379464285714,3584
06037212303,1.4399860813570695,0.9110510758146172,2.9934114923512807,0.7106926953107591,1.8872633914955856,0.3198632043031616,6,1.3770446567720789,10,4,0.304929208180388,41797.0,0.3479398299542184,0.6307490144546649,0.3315892740353172,74.6469994957136,0.6348709929632526,0.069846234037008,0.2165754495699765,0.0505603335939536,3837
06037212304,1.3544331531058371,1.245156942212279,4.701234351950442,1.0898627451898086,2.154612624699171,0.9591979754451891,6,1.9174162987671208,10,4,0.2958515283842794,30265.0,0.4956629491945477,0.6802973977695167,0.3605947955390334,91.4271306101866,0.6244541484716157,0.0458515283842794,0.134825327510917,0.1801310043668122,1832
06037212305,1.22853868417944,1.0340954405901002,2.390642023454407,0.3239520377739009,2.2258228856635527,0.07200689933750654,6,1.2125096618331512,10,4,0.2824933687002652,37550.0,0.2958015267175573,0.5802113352545629,0.3683206106870229,68.1417044881493,0.7008264462809918,0.0327272727272727,0.1957024793388429,0.0429752066115702,3025
06037212306,0.5515905528140423,0.9460203596111814,1.1838801853385725,0.5880764484160511,1.5991412103665534,0.1382940506655295,6,0.8345004678686551,9,4,0.2106651040140638,40590.0,0.1914191419141914,0.6147260273972602,0.3003300330033003,69.8814926878467,0.5590389686492822,0.0102549077058306,0.3820685613829475,0.0366246703779666,3413
06037212410,-0.01369479655530131,0.7769973259167693,2.4267641374410376,0.6487372962787314,1.3387220167577083,0.004759064656901687,6,0.8637141740826412,9,4,0.1506849315068493,46424.0,0.2989260143198091,0.6226529376135675,0.2720763723150358,66.3767019667171,0.4529874942102825,0.0389069013432144,0.4082908754052802,0.0680870773506252,4318
06037212420,1.0341815866222297,0.9396754771327658,2.731237297432926,0.9545803775113169,2.1339542914001037,-0.134540021467208,6,1.276514834772022,10,4,0.2618709127096957,40809.0,0.3252623083131558,0.6626192541196878,0.3583535108958838,62.720625315179,0.5416548194483936,0.0682399772533409,0.2971282342905885,0.0517486494171168,3517
06037212501,0.3247686598732365,0.9893915425800766,2.4925387886769133,0.8849337844907146,0.6743808199255089,-0.5706902635385549,6,0.7992205553346491,9,4,0.1865979381443299,39093.0,0.3046153846153846,0.6535181236673774,0.2,51.2733232476046,0.5391752577319587,0.0458762886597938,0.222680412371134,0.1742268041237113,1940
06037212502,0.4443690309881395,0.7391308355090566,1.257970195908976,0.2105877103138471,0.5614005952205798,-0.589903930590156,6,0.4372590728917405,8,3,0.199288256227758,47731.0,0.1978277734678045,0.5653973509933775,0.1877424359968968,50.7690368129097,0.3370106761565836,0.0669039145907473,0.4281138790035587,0.1288256227758007,2810
06037212610,1.000912357817027,0.8585826640867152,1.4378214355739243,0.7106926953107591,0.6056185025891082,-0.08026141204643492,6,0.755561040555183,9,4,0.2583408476104599,43608.0,0.2133845309928689,0.6307490144546649,0.1925397696105321,64.1452344931921,0.3611423431526872,0.0258601304250056,0.5243984708792444,0.0805037103665392,4447
06037212620,0.5870481427275541,0.8700556022668638,1.5364393585964724,0.45815797322230317,0.7896593821262733,-0.4145792187442924,6,0.6377968733658624,8,4,0.214427367377293,43212.0,0.2219147758716104,0.5977488151658767,0.2125069175428887,55.3706505295008,0.4416442378272571,0.027648642035723,0.4005382921458282,0.0932224125275263,4087
06037212701,0.5123035763074288,0.7603094158365531,-0.01823799717972471,1.0574079459393793,-0.7831148025703972,0.3736614720476432,6,0.3170549350634805,7,3,0.2064965197215777,47000.0,0.0874384236453202,0.676056338028169,0.041871921182266,76.0590015128593,0.2223198594024604,0.1006151142355008,0.5949033391915641,0.0694200351493848,2276
06037212702,0.19063051477226609,0.006224479086783374,-0.3169363006402904,0.41356818972373116,-0.7148210629426778,-0.5092065289734314,6,-0.15509011816226984,5,2,0.1723650748799095,73028.0,0.0616016427104722,0.5919220055710307,0.0492813141683778,52.8870398386283,0.1561123348017621,0.0850770925110132,0.4829295154185022,0.2279735682819383,3632
06037212800,0.05818766739590176,0.6772465022949214,0.5970297586121949,-0.7617151749485246,-0.5433969046455616,0.5014323579407899,6,0.08813070110828698,6,3,0.1583120928915321,49867.0,0.1406578026592022,0.4383408071748879,0.0678796361091672,79.4125063035804,0.3203499858876658,0.1411233418007338,0.2729325430426192,0.1944679650014112,3543
06037212900,0.5485720957998669,0.8713593452418807,1.062020730688485,-0.05388607193599374,0.5755402146487434,0.4337041815838977,6,0.5728850826711466,8,4,0.2103448275862069,43167.0,0.1808785529715762,0.5308370044052864,0.1892764857881137,77.6348966212809,0.5134005409392672,0.1128596016719941,0.2554708630440128,0.0958937791984263,4067
06037213100,0.4980067086790009,0.8423872791303942,0.5099280892337392,0.36822662166079323,1.0241314136372919,0.17383933471099244,6,0.5694199078420353,8,4,0.2049795361527967,44167.0,0.1331236897274633,0.5859969558599696,0.2379454926624738,70.8144225920323,0.3284671532846715,0.1147976111479761,0.4787657597876576,0.0759787657597876,3014
06037213201,1.3273766556404991,1.1711622853635426,1.5868752137445905,1.5942136804469504,1.2529777814629832,0.6263211937761974,6,1.2598211350724604,10,4,0.2929806714140386,32819.0,0.2262773722627737,0.7462039045553145,0.2627737226277372,82.6903681290973,0.4374364191251271,0.0119532044760935,0.4921159715157681,0.0513733468972533,3932
06037213202,1.093245991640476,0.995012123405705,1.8723604564566398,-0.24982040455768031,0.8075895419751455,0.6397707607123212,6,0.8596930782721013,9,4,0.2681380010147133,38899.0,0.2509712509712509,0.50523311132255,0.2144522144522144,83.0433686333838,0.6834094368340944,0.006595636732623,0.2577371892440385,0.032724505327245,3942
06037213310,0.4510768864366193,0.7216896517099417,1.200036565766789,-0.6278462947349175,1.061188926229653,0.6998134702485751,6,0.58432653427611,8,4,0.2,48333.0,0.1928166351606805,0.4558342420937841,0.2419659735349716,84.6192637418054,0.6434494195688225,0.0222222222222222,0.3064676616915422,0.0202321724709784,3015
06037213320,0.609627691046947,1.3467330059991507,3.42077242641061,0.7224978739470399,0.4396034876825158,0.6421724690937687,6,1.1969011590300054,10,4,0.2168231931400571,26759.0,0.3849056603773585,0.6322916666666667,0.1745283018867924,83.1064044377206,0.6456055083029567,0.0251113811259619,0.3138922640745241,0.0133657351154313,2469
06037213401,0.6202103744230225,1.1483322972676913,1.7520660765802385,0.7298676368200585,1.771095302486524,0.368858055284744,6,1.0650716238103797,10,4,0.217946079440214,33607.0,0.240566037735849,0.6332547169811321,0.3189858490566037,75.9329299041856,0.7067297797900802,0.0271660835562873,0.2090965219180901,0.0551553817657954,4859
06037213402,0.5998649175437347,0.8829771437525868,0.7632322464508883,0.766089853617846,2.26390386872056,0.5633964341822044,6,0.97324407737797,9,4,0.2157873042044517,42766.0,0.1550339715873996,0.6379880873593646,0.3724521309450277,81.0388300554715,0.6825200741198271,0.0520897673460984,0.2069178505250154,0.0500308832612723,4857
06037214000,-1.2002553456635425,-1.3727589516216379,0.09816836416714259,-0.42427886298899237,-0.8852424226775009,-0.5303415627301927,6,-0.719118130252454,2,1,0.0247837269113864,120625.0,0.0975073313782991,0.4824355971896955,0.0307917888563049,52.3323247604639,0.0731821370119242,0.0035071311667056,0.0308627542670095,0.8594809445873276,4277
06037214100,-1.0124498914131361,-0.7990830705480945,-0.9296313886526602,-0.31319775656673937,-1.1690560110194688,-1.2945651697076281,6,-0.9196638813179545,2,1,0.044711014176663,100824.0,0.0086047940995697,0.4969512195121951,0.0,32.274331820474,0.0883315158124318,0.0160850599781897,0.037350054525627,0.8446019629225736,3668
06037214400,-0.39635575297383263,-0.12936479031497328,-0.6060642037856938,-0.5969125000624389,-1.108234759848519,-0.8166252017990494,6,-0.6089262014640845,3,1,0.1100823045267489,77708.0,0.0365926814637072,0.4598765432098765,0.0065986802639472,44.8184568835098,0.1138545953360768,0.025034293552812,0.0521262002743484,0.7983539094650206,2916
06037214501,-0.47463447352535,-0.4091190606874866,-0.14803993783473177,0.12646196984551913,-0.8670684959786256,-0.40545272689478495,6,-0.3629754541792433,4,2,0.1017764618800888,87364.0,0.0762108262108262,0.5544041450777202,0.0327635327635327,55.6101865859808,0.1110288675055514,0.0740192450037009,0.2305699481865284,0.5321983715766099,2702
06037214502,0.049843054146999834,0.38097815423886083,-0.23021953498997033,0.7266527885776707,-0.4991812293218299,-0.519774045851812,6,-0.015283468866680147,5,2,0.1574266792809839,60093.0,0.0691024622716441,0.632834613829357,0.0726767275615568,52.6096822995461,0.0747398297067171,0.1203405865657521,0.2836329233680227,0.4764427625354778,5285
06037214503,-0.42307507548131396,-0.05942622272184496,-0.07586479311857633,0.690246417870978,-0.8528992985882724,-0.294974141348075,6,-0.16933218556451743,5,2,0.1072472238457042,75294.0,0.0824538258575197,0.6280771789753826,0.0343007915567282,58.5098335854766,0.0502630040911747,0.0829924021040327,0.3196960841613092,0.4541203974284044,3422
06037214600,-0.7938424781056816,-0.8583019736799727,0.1453924364003127,-0.736996965046277,-0.9524277253511813,-1.446353139415275,6,-0.7737549741996791,2,1,0.0679065743944636,102868.0,0.1015921152388172,0.4415708812260536,0.023502653525398,28.2904689863843,0.1443558539655896,0.0079731430969366,0.0453210239194292,0.7385648342425514,2383
06037214700,-0.6898945055081064,-0.6760966499048344,0.04725519450201641,-0.9941511236297254,-1.1690560110194688,-0.9131738787333452,6,-0.7325194957155773,2,1,0.0789360789360789,96579.0,0.093103448275862,0.4079670329670329,0.0,42.2844175491679,0.1143330571665285,0.0704225352112676,0.0650372825186412,0.7033968516984258,2414
06037214800,-0.744644258369264,-1.0257605158043646,-0.5405027535704441,-1.4744559752507715,-1.0700174993282991,-0.7604252256731163,6,-0.9359677046660434,2,1,0.0731268011527377,108648.0,0.0422636103151862,0.3452027695351137,0.0107449856733524,46.2934947049924,0.0618556701030927,0.0497689299680056,0.0583007465339495,0.7863490934944899,2813
06037214901,-0.11149547036095157,0.04052740536278335,-0.2801065516290415,0.8273616364153447,-1.0733285791454719,-0.8329568187929078,6,-0.2383330630250408,4,2,0.1403076923076923,71844.0,0.0647873392680514,0.6459948320413437,0.0103857566765578,44.3898134140192,0.1043076923076923,0.019076923076923,0.1147692307692307,0.6806153846153846,3250
06037214902,-0.7242183040834727,-0.3359935658220948,-0.15487860257888084,0.2383167413585674,-0.9587551991450426,-0.7517790754998961,6,-0.44788466762846996,3,2,0.0752941176470588,84840.0,0.075619295958279,0.5690208667736758,0.0228161668839634,46.5204236006051,0.0474509803921568,0.0494117647058823,0.1396078431372549,0.6854901960784314,2550
06037215101,-0.4648067995329949,0.1551408988998238,0.6562998644034328,0.5927432679450392,-1.0287475871185052,-0.7373688252111945,6,-0.13778986343573316,5,2,0.1028192371475953,67888.0,0.1457845433255269,0.6153358681875792,0.0152224824355971,46.8986384266263,0.1154228855721393,0.1001658374792703,0.1376451077943615,0.5797678275290216,3015
06037215102,-0.46950226598183353,0.09456030866070561,-0.04976065465583455,-0.03893267865844252,-0.9842503136816264,-0.928064470698334,6,-0.39599167916922756,4,2,0.1023210199411572,69979.0,0.0847117794486215,0.5327910523640061,0.0200501253132832,41.8935955622794,0.2000653808434128,0.0248447204968944,0.1049362536776724,0.6345210853220007,3059
06037216100,-0.693362462524684,-0.9085974804495133,-0.47295386653253346,-1.3527170553240773,-0.9992409498269943,-0.9953123053789391,6,-0.9036973533394569,2,1,0.0785681078568107,104604.0,0.0481064483111566,0.3611111111111111,0.0184237461617195,40.1285930408472,0.1506276150627615,0.1366806136680613,0.1920037192003719,0.4876801487680148,2151
06037216200,-0.3822919660698073,-0.4522874391936014,-0.34228003113196304,-0.4089377111863332,-0.7952534519164319,-0.2656732990943843,6,-0.44112064976542026,3,2,0.1115745568300312,88854.0,0.0594094628246175,0.484440315838365,0.0405549626467449,59.2788703983863,0.1818968501211491,0.1779162339910003,0.1732433367947386,0.3856005538248528,5778
06037216300,-1.0626327964685611,-0.6193403723924324,-0.47334811660050913,-0.5085838784289067,-1.0111223463026218,-1.3108967867014865,6,-0.8309873828157529,2,1,0.0393863063888252,94620.0,0.0480723465016658,0.4714189643577673,0.01713469776297,31.8456883509834,0.1277765056102587,0.0890771696817036,0.1302953972979162,0.5974353102816579,4367
06037216401,-0.1370142164424908,-0.06820475875362536,0.7942850900650797,-0.6967157483227288,-0.8528050881678125,-0.7801192344010043,6,-0.29009565933709697,4,2,0.1376,75597.0,0.1577199778638627,0.4468346650276583,0.0343110127282789,45.7766011094302,0.0646871686108165,0.0668080593849416,0.0654825026511134,0.7786320254506893,3772
06037216402,-0.2841277581677752,-0.050908435285067936,0.5963651564378305,-0.5603439391451457,-0.9943226621147323,-0.8761875696590127,6,-0.3615875346556505,4,2,0.1219903691813804,75000.0,0.1406003159557662,0.4646551724137931,0.0189573459715639,43.2551689359556,0.0733835779452598,0.013486711622372,0.1416104720349068,0.6989289964299881,2521
06037216700,-0.4702181196516092,-0.18794630799239892,-0.20535640456442644,0.02388646651559047,-0.9142812647279335,-0.5111278956785879,6,-0.37750725434989424,4,2,0.1022450635650527,79730.0,0.0712530712530712,0.541,0.0276412776412776,52.8366111951589,0.2232073011734028,0.2873533246414602,0.0870925684485006,0.3371577574967405,3835
06037216800,-1.0483748796720498,-0.5382475593463818,-0.10562734324436782,0.5830937960442952,-0.4466843817117161,-0.5812577804169358,6,-0.35618302472452595,4,2,0.0408991570402747,91821.0,0.0798794272795779,0.6140749148694665,0.0783722682743029,50.9959657085224,0.1985638463940056,0.0702466437714642,0.0830471433031533,0.5775835154542617,3203
06037216900,-0.8047441259977781,-0.47236508100886154,-0.24777473437691275,-0.12529655277720222,-0.9638981281745203,0.01196418980125209,6,-0.4336857387556705,3,2,0.0667498440424204,89547.0,0.0675839740995548,0.521505376344086,0.0222581950627276,66.5658093797277,0.1684404420794105,0.2857142857142857,0.0630372492836676,0.4410560785918952,4886
06037217001,-0.42010460868367916,-0.40581624515077713,0.46499750887292124,0.2567417520857516,-0.41723060856839206,-1.3382762622500204,6,-0.30994807728236595,4,2,0.1075624082232011,87250.0,0.1292372881355932,0.5714285714285714,0.0815677966101695,31.1270801815431,0.0198237885462555,0.0245961820851688,0.0326725403817914,0.8590308370044053,2724
06037217002,-0.8649858441373863,-0.4256331383710339,-0.04714218515649857,-0.3350694217509176,-0.5636804591288961,-0.7652286424360155,6,-0.5002899484967913,3,2,0.0603578357404613,87934.0,0.0849382716049382,0.4940931202223766,0.065679012345679,46.1674230963187,0.1202845440827764,0.0157361500323345,0.0735072213839189,0.7542573830566932,4639
06037217100,-0.24269268988773593,0.1688736582366684,0.10180183921545372,0.23239253745256752,0.5205716638705025,0.2396461443627242,6,0.17009885887503007,6,3,0.1263868789194404,67414.0,0.0978216193999177,0.568246716162193,0.1833127825729552,72.5416036308623,0.3744975076378839,0.2117703810902074,0.0406817816369191,0.2788229618909792,6219
06037217200,-0.24782645190700897,0.09925378337076642,0.2578378351581392,-0.8120612688562872,-0.20606662171985365,0.6585040860876306,6,-0.0417264396444356,5,2,0.125842155919153,69817.0,0.111318407960199,0.4317617866004963,0.1044776119402985,83.5350479072113,0.4326275264677575,0.2259384023099133,0.0536573628488931,0.2459095283926852,4156
06037218110,0.6988581384020555,0.8469648655760091,0.3024084650758102,0.5886112905408782,0.35590772938748183,0.40776573106423686,6,0.5334193700077452,8,3,0.2262910798122065,44009.0,0.1151736745886654,0.6147959183673469,0.1654478976234003,76.9541099344428,0.5774647887323944,0.1865414710485133,0.1514866979655712,0.0666666666666666,3195
06037218120,1.2399561062803917,1.0648637748004988,1.6596842448423306,0.7465598944045484,1.143693057884355,0.7853142886281992,6,1.1066785611400538,10,4,0.2837048257952824,36488.0,0.2325752017608217,0.6354359925788498,0.2509170946441673,86.8633383761977,0.7171194480379474,0.1108236308753773,0.1265631737818025,0.0219922380336351,4638
06037218210,0.7818187267183007,1.0953423883497826,1.160980774801986,1.1755094855810462,0.6311149093920139,0.8213399143499496,6,0.9443510331988464,9,4,0.2350936967632027,35436.0,0.1894383906119027,0.6914893617021277,0.1953059513830679,87.8088754412506,0.6871808653587745,0.1437785541521096,0.0515990325181402,0.1174415479709755,3721
06037218220,-0.06130140915625649,0.6840549378311207,0.4822821673838473,1.5221465585817324,-0.336291939545352,0.4663674155716182,6,0.45954295511111837,8,3,0.1456335838300077,49632.0,0.1307323750855578,0.7367864693446089,0.0903490759753593,78.4921835602622,0.5099766778958279,0.233221041720653,0.0668566986265872,0.1806167400881057,3859
06037218300,0.6363196303773168,0.5684853661124012,0.6884568487759893,-0.17512896871389386,0.05296840441655295,0.46684775724790883,6,0.3729915063693792,7,3,0.219655368301458,53621.0,0.1485660554771979,0.5149934810951761,0.1325811001410437,78.5047907211296,0.5173913043478261,0.2648393194706994,0.0483931947069943,0.0824196597353497,5290
06037218400,-0.22020002970977004,0.26726279475127646,-0.05815408599828973,0.11371433615687523,0.3004452350007269,1.1527756709900714,6,0.2593073201984817,7,3,0.1287734853282668,64018.0,0.0839857651245551,0.552738336713996,0.1594306049822064,96.5078164397378,0.6242347477306313,0.1891492505805362,0.0274435296601224,0.1376398564492294,4737
06037218500,0.46820591981206233,0.8219619725217963,0.487464379428364,0.7115598434098547,-0.38778106753118413,1.0629517775238355,6,0.5273938041941214,8,3,0.201817493373722,44872.0,0.1311806256306761,0.6308623298033282,0.0847628657921291,94.1502773575391,0.5713744793638773,0.2453616054524801,0.0401363120030291,0.0844377129875047,2641
06037218600,0.3009732960418536,0.6269220234592694,0.6029021920851038,0.5634717867814759,-0.3883655498269243,0.577326342794615,6,0.3805383485558989,7,3,0.1840731070496083,51604.0,0.1411657559198542,0.6115107913669064,0.0846994535519125,81.4044377206253,0.5667090216010165,0.2592121982210927,0.0241423125794155,0.1070520965692503,3148
06037218701,0.5776025109803176,0.6932101107223505,0.7727695746108144,0.9622366479004565,-0.550382671851359,0.6162340185741079,6,0.5119450318227814,8,3,0.2134251290877797,49316.0,0.1558589306029579,0.6636197440585009,0.0671217292377702,82.4256177508825,0.3141135972461273,0.3618760757314974,0.2065404475043029,0.0929432013769363,2324
06037218702,0.4226565903219754,0.997098112165732,0.5888717638642562,0.6740905525140921,0.3965422544960024,1.013476584865962,6,0.6821226430380033,9,4,0.1969844357976653,38827.0,0.1399521531100478,0.6259659969088099,0.1698564593301435,92.8517397881997,0.4941634241245136,0.3929961089494163,0.0291828793774319,0.0695525291828793,2056
06037218800,-0.39617254318735956,0.7852253926924315,-0.3954694759976543,-0.06537964362619575,-0.16822422586319907,0.9241330330760174,6,0.11401875618234003,6,3,0.1101017441860465,46140.0,0.0548086866597724,0.529335071707953,0.108583247156153,90.5068078668684,0.543968023255814,0.2354651162790697,0.15625,0.0446947674418604,2752
06037218900,0.6958261830601381,0.9335913432493537,0.8400927266362938,0.6314590551396357,0.29104932937853906,1.0274064934783727,6,0.7365708551570554,9,4,0.2259693711306614,41019.0,0.1616822429906542,0.6203950880939669,0.158411214953271,93.2173474533535,0.4740608228980322,0.3878679460074808,0.0310619612945194,0.0728573751829565,6149
06037219010,0.2087766054036396,0.5369927302492155,-0.3120541442782335,0.19427219190596323,-0.6575474235428979,0.5629160925059137,6,0.08889267537393343,6,3,0.1742904841402337,54708.0,0.0620239390642002,0.563265306122449,0.0554951033732317,81.0262228946041,0.6214073339940536,0.3098777667657747,0.020812685827552,0.0333663693425834,3027
06037219020,0.6246637057122053,0.40742965059864794,0.5286942325279401,-0.35925504437621736,0.5899004726797404,0.5734836093842945,6,0.3941527710877684,7,3,0.2184186046511627,59180.0,0.1347469220246238,0.4909326424870466,0.1908344733242134,81.3035804336863,0.6194788394012197,0.2703751617076326,0.030123821844391,0.0602476436887821,5411
06037219300,0.4761552455093853,0.8732135574730159,1.50180433996021,-0.3371881431748261,0.4564068703205279,1.0691962193156046,6,0.6732646815673196,8,4,0.2026609645996673,43103.0,0.2189189189189189,0.4938162544169611,0.1763513513513513,94.3141704488149,0.5973106864826611,0.2708185892899268,0.0542580797357867,0.0509554140127388,4239
06037219500,-0.9499411237381892,-0.11311146122642939,0.2768779725934189,0.267355512310473,-0.8850862809637605,0.38182728054457227,6,-0.17034635007998586,5,2,0.0513435700575815,77147.0,0.1129653401797175,0.5728155339805825,0.0308087291399229,76.2733232476046,0.2317658349328215,0.4937619961612284,0.1377159309021113,0.1209213051823416,2084
06037219700,-0.415358926185933,0.6670193629575667,0.5157100801839254,-0.6594488854942433,0.09604769649179022,0.98513642596485,6,0.19818429231965937,6,3,0.1080659536541889,50220.0,0.1336238198983297,0.4517045454545454,0.1372549019607843,92.1079172970247,0.6720656756157088,0.2640337253161748,0.0248502329709341,0.0270690037719103,4507
06037219800,0.7276091667757462,0.8699976581346409,0.5602281680815286,0.2154882689481556,0.1731612335076787,1.0634321192001268,6,0.6016527691079795,8,4,0.2293417366946778,43214.0,0.1374745417515274,0.5660377358490566,0.1456211812627291,94.1628845184065,0.7511359664452989,0.1607829430269136,0.0272631946871723,0.0506815798671793,2861
06037219901,0.841684199130498,0.9919121123317759,0.660569364096924,0.6424016661778144,-0.11198034572234959,1.2464422978666245,6,0.7118382156468811,9,4,0.2414457831325301,39006.0,0.1461538461538461,0.6218250235183443,0.1146853146853146,98.9662128088754,0.7091566265060241,0.2163855421686747,0.0142168674698795,0.0450602409638554,4150
06037219902,0.6198228609519174,0.6869811165083809,0.19432229732682366,0.40419896971943875,0.4717388713228611,1.264695281565647,6,0.6069598995658448,8,4,0.2179049619322657,49531.0,0.1058244462674323,0.5906976744186047,0.1780147662018047,99.4452849218356,0.6739301653977422,0.1554213704384353,0.0341296928327645,0.0918876345497505,3809
06037220000,0.23861969702394667,0.8906837133382423,1.7882195648979262,0.705771249520276,-0.6203033721407926,0.7704236966632066,6,0.6289024248838009,8,4,0.1774570154956485,42500.0,0.2436932391523713,0.630105900151286,0.0595358224016145,86.4725163893091,0.5156017830609212,0.3258331564423689,0.0721715134790914,0.0791763956697091,4711
06037220100,0.1935119026943743,0.9604774206008131,0.2684296789882374,0.41354665819360514,-0.2836844289174827,1.1417278124353998,6,0.44900150733249117,8,3,0.1726708074534161,40091.0,0.1122345803842265,0.591919191919192,0.096056622851365,96.2178517397882,0.3304347826086956,0.5262939958592132,0.0662525879917184,0.0389233954451345,2415
06037221110,2.1884476573388656,1.1117985219011068,3.3832124969678565,0.7978660359173649,4.184909932898637,0.8093313724426995,6,2.0792610029110885,10,4,0.3843454790823212,34868.0,0.3816568047337278,0.6421404682274248,0.5808678500986193,87.4936964195663,0.9279352226720649,0.0137651821862348,0.037246963562753,0.0210526315789473,3705
06037221120,1.3283812914919553,1.0193196868732421,0.9736856656267301,0.43510878575698986,2.1345942236489495,0.5316938835470625,6,1.0704639228241548,10,4,0.2930872693149828,38060.0,0.1732377538829151,0.5947368421052631,0.3584229390681003,80.2067574382249,0.960275258054426,0.0015639662183296,0.0218955270566155,0.0162652486706287,3197
06037221210,0.7070224318293068,0.6723791951881917,1.193135179578232,0.17500587895331793,0.7714038110278753,0.31698115424541917,6,0.639321275137057,8,4,0.2271573604060913,50035.0,0.1922196796338672,0.5607476635514018,0.2105263157894736,74.5713565305093,0.7895734597156399,0.0622432859399684,0.0932069510268562,0.0454976303317535,3165
06037221220,0.49525003479046076,0.8584957478883808,1.643216702427749,0.5336208074604983,1.9216267710212176,0.4802973241840283,6,0.9887512312953891,9,4,0.2046870364876891,43611.0,0.2311507936507936,0.6076099881093936,0.3353174603174603,78.857791225416,0.8829976303317536,0.0038507109004739,0.0802725118483412,0.0328791469194312,3376
06037221302,0.3156605971858507,1.0355440438956744,2.0234064973551193,-0.04508928784016216,0.9708972145843368,0.5811690762049361,6,0.8135980235642924,9,4,0.1856315179606025,37500.0,0.2640364188163884,0.531986531986532,0.2321699544764795,81.5052950075643,0.7056940315572833,0.1294305968442716,0.095357877887034,0.0333866910587697,4373
06037221303,1.6713637458270945,0.9850167605972422,1.6848040273204192,0.09156717513062575,2.0459564991829784,0.47261185736339045,6,1.1585533442369587,10,4,0.3294797687861271,39244.0,0.2347480106100795,0.5498442367601246,0.3488063660477453,78.6560766515381,0.7605131860299359,0.0395580898075552,0.1229508196721311,0.0698503207412687,2806
06037221304,0.7440976542930777,0.8725761720185632,1.2039124101027092,0.34900056260535783,0.8054768544352037,0.6018237682854065,6,0.7628145702900531,9,4,0.2310912643036561,43125.0,0.1931518876207199,0.5834845735027223,0.2142230026338893,82.0474029248613,0.6085886214442013,0.1137855579868709,0.2417943107221006,0.0300875273522975,3656
06037221401,1.2807361499538426,1.400476188635958,1.9429091395571774,1.2962646886728026,0.12000854740203865,1.1566184044003924,6,1.1995021864370352,10,4,0.2880318334863789,24904.0,0.2570735650767987,0.7072691552062869,0.1398544866612772,96.6086737266768,0.4035281146637265,0.3778941565600882,0.1077728776185226,0.0815876515986769,3628
06037221402,0.057258236048814616,1.021753340426607,1.7192002739969192,1.072988948622705,-0.4489634989315869,0.8405535814015501,6,0.7104651469275015,9,4,0.1582134746404239,37976.0,0.2377232142857142,0.6780923994038748,0.078125,88.3131618759455,0.464398456681866,0.2385128025254296,0.1525780427920028,0.1206594177481585,2851
06037221500,1.516967420422381,1.2696383380764853,1.9094296676665583,-0.2027263898163158,1.287238447099828,0.8280646978180093,6,1.1014353635444911,10,4,0.3130973908550762,29420.0,0.2541776605101143,0.5113871635610766,0.2664907651715039,87.9853756933938,0.688258064516129,0.2392258064516129,0.0255483870967741,0.032,3875
06037221601,0.7055183794495643,0.8099095930194179,1.3582174464459826,0.4161398878993415,0.49274239004204123,0.8645706652160542,6,0.7745163936787335,9,4,0.2269977714103788,45288.0,0.2064989517819706,0.5922580645161291,0.180293501048218,88.9435199193142,0.6803565743393823,0.1445399554282075,0.0566698503661254,0.0932823941419929,3141
06037221602,1.2037956755579302,1.0787703665340123,1.7568131007357028,0.633073526744599,1.179271162158846,0.6143126518689473,6,1.077672747266673,10,4,0.2798679867986798,36008.0,0.2409766454352441,0.6206060606060606,0.2547770700636942,82.375189107413,0.8409240924092409,0.0501650165016501,0.0838283828382838,0.0178217821782178,3030
06037221710,1.5624483081065281,0.9859438667128098,2.346355132516679,0.6691699853140717,0.09962835647133932,0.6440938357989292,6,1.0512732474867261,10,4,0.317923186344239,39212.0,0.291970802919708,0.6253229974160207,0.1376433785192909,83.1568330811901,0.6685492410871867,0.046946699611719,0.2139075185315919,0.0670667137310271,2833
06037221810,3.119931380729923,1.3873518426874547,2.7282047583437565,0.14441595988672923,0.37382046705404515,0.7800305301890088,6,1.4222924898151532,10,4,0.4831814996496146,25357.0,0.325,0.5567502986857825,0.1673913043478261,86.7246596066566,0.5190179806362379,0.0950899031811894,0.2309820193637621,0.1317427385892116,2892
06037221820,4.117548554021246,1.7675232942023802,2.37340687287654,-0.10311411387613965,-0.3219625000819521,0.5095981664377228,6,1.3905000455966328,10,4,0.5890346766635426,12235.0,0.2943107221006564,0.5244040862656073,0.0919037199124726,79.6268280383258,0.1692763436309775,0.0977570884468895,0.3504020313161236,0.3444773592890393,2363
06037221900,4.388972561439641,1.6226050195127248,3.9182671299555336,0.05073664178188286,0.36373514553123315,0.3837486472497328,6,1.7880108575784586,10,4,0.6178343949044586,17237.0,0.4279379157427938,0.5445086705202312,0.1662971175166297,76.3237518910741,0.2643596986817326,0.0911016949152542,0.2999058380414313,0.2629472693032015,4248
06037222001,-0.18302467363374628,0.06497982916087792,0.0921037931536441,1.4760995132873929,-0.28508037549089665,0.628242560481358,6,0.298886774493105,7,3,0.1327180140038192,71000.0,0.0969827586206896,0.7307692307692307,0.0959051724137931,82.7407967725668,0.6190324633991089,0.241884150222788,0.0041374920432845,0.1168045830681094,3142
06037222002,0.9700724310086395,0.7127662553476038,0.785045810234656,0.41084587795095345,0.5706789700722008,0.5360169586336748,6,0.6642377172079547,8,4,0.2550685460513612,48641.0,0.156920799407846,0.591566265060241,0.1887490747594374,80.3202218860313,0.7442304024413504,0.2216288384512683,0.0074384894144573,0.0253671562082777,5243
06037222100,0.47022625719741395,0.56144515404731,0.6552688674656573,0.21052913160929018,1.2191713403289504,0.3606922467878112,6,0.5795554995727389,8,4,0.2020318633110136,53864.0,0.1456953642384106,0.5653896961690885,0.2591059602649007,75.7186081694402,0.5906257215423689,0.2800738859385823,0.0676518125144308,0.0544908797044562,4331
06037222200,1.0194214302523834,0.956537219609651,0.47884170906260676,0.7161931635453372,0.4647592404869492,0.7084596204217954,6,0.7240353972297872,9,4,0.2603047714214339,40227.0,0.1304347826086956,0.6314677930306231,0.177257525083612,84.8461926374181,0.7387948207171314,0.1695717131474103,0.0423306772908366,0.0398406374501992,4016
06037222500,0.44407390633504756,0.48368412860408033,0.0352322897488464,0.1760249304803904,1.1206095766225073,-0.005328110545188444,6,0.37571612020761397,7,3,0.1992569417285881,56548.0,0.092063492063492,0.560880829015544,0.2484126984126984,66.1119515885023,0.6916015625,0.2203125,0.032421875,0.0330078125,5120
06037222600,2.2605048756403465,1.2939459015440222,1.9023229630630316,0.4721653581054642,-0.21121323959615823,0.5984613765513767,6,1.0526978725513472,10,4,0.3919911829537105,28581.0,0.253562945368171,0.5995792426367461,0.1039192399049881,81.9591527987897,0.5206343485312669,0.1796720129753108,0.187601369616147,0.081456118219499,5549
06037222700,5.996529036402214,1.8429375822905794,4.537282799427104,0.5887558960042575,0.4695545053760662,-0.02838451100711006,6,2.2344458847488524,10,4,0.7884057971014493,9632.0,0.4814814814814814,0.6148148148148148,0.1777777777777777,65.5068078668684,0.1409972979611889,0.0707442888725129,0.3262097764676983,0.4210267747482191,4071
06037224010,1.99628958985164,1.3084029625336542,3.8878841348573,0.18998586949047583,2.005551447359357,1.1700679713365119,6,1.7596969959048232,10,4,0.3639563533966913,28082.0,0.4253098499673842,0.5627051871306632,0.3444227005870841,96.9616742309632,0.5760984182776802,0.1764499121265378,0.0934973637961335,0.1384885764499121,2845
06037224020,2.5552079451933785,1.3301320121172688,3.274071441920501,0.6773980745492049,2.633154631809779,1.0129962431896713,6,1.9138267247966343,10,4,0.423260949576739,27332.0,0.3722163308589608,0.6263982102908278,0.4125132555673382,92.8391326273323,0.8836443468715697,0.0274423710208562,0.0201244054152945,0.0614709110867178,2733
06037224200,0.8889097032883689,1.195006295773296,1.433673927551759,0.8574460900036596,1.9450265595727934,1.1647842128973216,6,1.2474744648478666,10,4,0.2464566929133858,31996.0,0.2130257801899593,0.6499261447562777,0.3378561736770692,96.8229954614221,0.9030113414157216,0.0242471646460696,0.0183809151349237,0.0410637465780211,2557
06037224310,1.815196001083328,1.052000177446999,1.703482231576264,0.8005182344797656,2.7971262616197254,0.3866306973074758,6,1.4258256005855932,10,4,0.3447412353923205,36932.0,0.2363636363636363,0.6424870466321243,0.4303030303030303,76.3993948562784,0.8967795210569777,0.0132122213047068,0.0499587118084227,0.0375722543352601,2422
06037224320,1.3140619115442416,1.2929318792301203,3.081456683525712,0.6173153367754963,2.067199758861714,0.8391125563726808,6,1.5353463543849941,10,4,0.2915678970538435,28616.0,0.3555555555555555,0.6185468451242829,0.3511111111111111,88.2753403933434,0.8378196500672948,0.0807537012113055,0.0390309555854643,0.0272543741588156,2972
06037224410,1.217692721561386,1.3463273970735898,1.4846047781994396,0.4522765542745207,0.6067317619091794,0.6834818532547132,6,0.9651858443788047,9,4,0.2813425468904245,26773.0,0.2174311926605504,0.5969802555168409,0.1926605504587156,84.1906202723147,0.6365059486537258,0.0626174076393237,0.1089542892924232,0.1484032561051972,3194
06037224420,2.1359500529465025,1.4012294623548567,2.9780783584452997,1.0889158497050762,3.02947541669718,0.7329570459125869,6,1.8944343643435835,10,4,0.3787751677852349,24878.0,0.3466135458167331,0.6801736613603473,0.4555112881806109,85.4891578416541,0.8270762229806599,0.0644671975729996,0.0538490709139173,0.0451270383010997,2637
06037224600,1.4383256731419378,0.7845880072379787,1.582341620415874,0.3041399848095778,2.5560819074346677,1.1364440539962095,6,1.3003202078393743,10,4,0.3047530288909599,46162.0,0.2258852258852259,0.5776223776223777,0.4041514041514041,96.0791729702471,0.8750369276218611,0.0738552437223042,0.0289512555391432,0.0221565731166912,3385
06037224700,5.929312250463047,1.7866158857698498,4.184899424816373,0.7663618482892893,0.8025861211292689,0.5706015593265553,6,2.3400628482990635,10,4,0.7812736921910538,11576.0,0.4510010537407797,0.6380236305048335,0.2139093782929399,81.2279374684821,0.140910548252645,0.0532221865982686,0.3589291439563963,0.4055787111253607,6238
06037226001,2.6855751201538833,1.113536845867796,2.9330100587352206,1.145920462306907,3.4700565436765016,1.2786251901780576,6,2.1044540368197278,10,4,0.437093690248566,34808.0,0.3427152317880794,0.68762278978389,0.5033112582781457,99.8108925869894,0.837093690248566,0.1556405353728489,0.0,0.0038240917782026,2615
06037226002,0.9962980297076736,1.031401038441732,4.354879442370019,0.30724973837074554,0.7525771475919466,1.2752627984440277,6,1.4529446991543573,10,4,0.2578512396694215,37643.0,0.4657039711191336,0.5780287474332649,0.2084837545126353,99.7226424609178,0.4357142857142857,0.1142857142857142,0.0829670329670329,0.3346153846153846,1820
06037226410,1.2374472000245385,0.9588549848985699,2.5804231014494534,0.3285694329757849,1.8129741566856423,1.1330816622621795,6,1.3418917563826949,10,4,0.2834386157648997,40147.0,0.3122171945701357,0.580814717477004,0.3235294117647059,95.9909228441755,0.9800818553888132,0.0092769440654843,0.0043656207366985,0.0019099590723055,3665
06037226420,1.274626888771389,0.8411704523537118,1.158829807811516,0.5738752700566906,2.118693477192368,1.1590201127818405,6,1.1877026681612526,10,4,0.2873836041628629,44209.0,0.1892523364485981,0.6128702757916241,0.3566978193146417,96.6717095310136,0.8730790092207558,0.0715964563370095,0.0428493943229072,0.0065087687579099,5531
06037226700,1.4622445918414857,0.9590577893613502,1.1504788200752853,0.05739571595832492,2.847132997730136,1.1167500452683177,6,1.2655099933724832,10,4,0.3072909698996655,40140.0,0.1885299934080422,0.5453788509575354,0.4357284113381674,95.5622793746848,0.9702388722098942,0.0274115650698342,0.0011747813601357,0.0,7661
06037227010,1.47972753598391,0.7255429365027694,0.5492484925695647,0.7411097342013047,2.957431575980592,1.2791055318543487,6,1.2886943011820815,10,4,0.3091460153325013,48200.0,0.1365248226950354,0.6347237880496054,0.4476950354609929,99.8234997478568,0.929184925503944,0.0532865907099035,0.0,0.0056091148115687,5705
06037227020,0.7083483674118739,0.7498504999703065,-0.05318495716800617,0.8315060890862924,1.5482177592695565,1.1969671052087547,6,0.8302841439631297,9,4,0.2272980501392757,47361.0,0.0844155844155844,0.6465364120781527,0.2948051948051948,97.6676752395361,0.966326248964946,0.0256693348054098,0.0041402152911951,0.0038642009384487,3623
06037228100,0.42710894517020775,0.7474458184830531,-0.6991227963564792,-0.3220203495799357,1.951722876013367,1.2445209311614678,6,0.5582759041486134,8,3,0.1974568574023615,47444.0,0.0285433070866141,0.4957983193277311,0.3385826771653543,98.915784165406,0.935513169845595,0.0592188919164396,0.0027247956403269,0.0,5505
06037228210,1.4538672058468056,1.0799002771123603,1.2876938034029994,1.170497938436489,0.9905035865481763,1.1225141453837988,6,1.1841628261217716,10,4,0.3064020789038507,35969.0,0.2003988035892323,0.6908344733242134,0.234297108673978,95.7135653050933,0.906685565792582,0.0616583982990786,0.0184266477675407,0.0033073470351996,4233
06037228220,1.3180480159230734,0.8622331444167625,0.8768191508578884,0.8932531424044848,2.219908661921678,0.9322988415729464,6,1.183760159516139,10,4,0.2919908466819222,43482.0,0.1648590021691974,0.6546052631578947,0.3676789587852495,90.7211296016137,0.9083428571428572,0.0681142857142857,0.0,0.0093714285714285,4375
06037228310,0.2552750942929234,0.8363610893792051,0.8423488693629705,0.056274031459902535,2.0004546322240513,1.0687158776393173,6,0.843238265726395,9,4,0.1792242532322782,44375.0,0.1618773946360153,0.5452322738386308,0.3438697318007663,94.3015632879476,0.9425160291841698,0.0470926376298916,0.0,0.0068538580588105,4523
06037228320,1.5194945967748175,0.8683172783001747,0.9439179153263461,0.1987518362017635,1.678000871751688,0.9510321669482601,6,1.0265857775505085,10,4,0.3133655394524959,43272.0,0.1706629055007052,0.5638506876227898,0.308885754583921,91.2128088754413,0.9670083279948752,0.0329916720051249,0.0,0.0,3122
06037228410,1.751520940550025,0.9337941477121341,-0.22959719686705965,1.427318938881137,2.46427384250279,1.119151753649769,6,1.2444104044047992,10,4,0.3379849288305889,41012.0,0.0691562932226832,0.7243947858472998,0.3941908713692946,95.6253151790217,0.9263888888888888,0.0344444444444444,0.0136111111111111,0.0222222222222222,3600
06037228420,2.2217474564883295,1.0183346366254515,0.7818383021759172,1.0217996871472828,2.298667817821083,1.0994577449218772,6,1.4069742741966567,10,4,0.3878787878787879,38094.0,0.1566433566433566,0.6714031971580817,0.3762237762237762,95.1084215834594,0.921004842615012,0.0732445520581113,0.0,0.0042372881355932,3304
06037228500,1.818972174549904,1.1622968331334278,0.5571164798838575,0.42885522543668964,1.3990314933693677,1.052864602321746,6,1.0698561347824989,10,4,0.3451419100890822,33125.0,0.1372053872053872,0.5939196525515744,0.2786195286195286,93.8855269793243,0.8463750256726227,0.1536249743273773,0.0,0.0,4869
06037228600,1.9810131579250645,0.7199513277432524,0.14793344069380157,0.49997922373758613,1.2247079497848372,0.992821892785492,6,0.927734498778339,9,4,0.3623354321694333,48393.0,0.1018119068162208,0.6032138442521632,0.2597066436583261,92.3096318709027,0.9207696661007356,0.0639501980758347,0.0007545746085644,0.0049047349556687,5301
06037228710,2.5755028849374413,1.1992651894916846,1.503845527482404,0.8438399334050606,1.396933949642635,1.0029090679875816,6,1.4203827588244682,10,4,0.425414364640884,31849.0,0.2190954773869346,0.6481481481481481,0.2783919597989949,92.5743822491175,0.8837267704671019,0.0939226519337016,0.0097940733299849,0.0057759919638372,3982
06037228720,1.3171154128524951,0.9940270731579144,0.6319480361824952,0.880146660491493,1.9121674276768779,1.159500454458131,6,1.1491508441365677,10,4,0.2918918918918919,38933.0,0.1436781609195402,0.6528925619834711,0.3342911877394636,96.684316691881,0.882279792746114,0.1088082901554404,0.0,0.0064248704663212,4825
06037228800,1.3239175202625122,0.9268987959776003,0.9349900577851823,0.4105687769820211,1.3193511493393943,1.2099363304685833,6,1.020943771802549,10,4,0.2926136363636363,41250.0,0.1698906644238856,0.5915300546448088,0.2699747687132043,98.0080685829551,0.9138800672520082,0.0831309546048944,0.0,0.0,5353
06037228900,2.726143300405865,1.4339099529286135,1.4158563151353143,-0.03395061400372105,0.4445966771326466,1.2469226395429156,6,1.205579711856939,10,4,0.4413982179575051,23750.0,0.211484593837535,0.533442088091354,0.1750700280112044,98.9788199697428,0.8728581220013708,0.1254283755997258,0.0,0.0017135023989033,2918
06037229100,1.0016827426263337,0.7696384211244518,0.929799867761557,0.7630739767008801,1.5663081406765553,1.205132913705684,6,1.0392726770992438,10,4,0.2584225900681597,46678.0,0.1694417238001959,0.637593984962406,0.296767874632713,97.8819969742814,0.9115818111154296,0.0825884181888845,0.0,0.0029148853478429,5146
06037229200,0.908262407340239,0.9268987959776003,0.9725774078233599,0.7504527922163388,2.25624891134451,1.0077124847504808,6,1.1370254665754214,10,4,0.2485101311084624,41250.0,0.1731418918918918,0.6359447004608295,0.3716216216216216,92.7004538577912,0.8511435331230284,0.1354495268138801,0.0112381703470031,0.0021687697160883,5072
06037229300,1.5559657274561014,1.036471150011242,0.3126366833603095,0.988199387489655,1.5355483905859366,1.1258765371178288,6,1.0924496460035122,10,4,0.3172353455818023,37468.0,0.1160583941605839,0.66701244813278,0.2934306569343066,95.8018154311649,0.8761154855643044,0.0967629046369203,0.0,0.0075240594925634,5715
06037229410,2.2982555289699067,1.1252705326429482,0.6488650967644948,1.7255863944006333,1.7559544587456246,1.1244355120889593,6,1.4463945872687611,10,4,0.3959967541249662,34403.0,0.1451414514145141,0.7633711507293355,0.3173431734317343,95.7639939485628,0.923451447119286,0.0522044901271301,0.0091966459291317,0.007844197998377,3697
06037229420,1.136677785060373,0.8979267298661138,0.8218852538206074,0.9396240287048391,1.559824092034143,1.200809838619072,6,1.0927912880175248,10,4,0.2727463752889262,42250.0,0.1601073345259391,0.6606648199445984,0.2960644007155635,97.768532526475,0.9102752679134272,0.0804790922462702,0.0029417944946417,0.0037823072073965,4759
06037231100,3.876993996979193,1.2095502729612622,2.713168811975003,1.050542851185612,2.240769341017484,1.1402867874065306,6,2.0385520102541808,10,4,0.5635103926096998,31494.0,0.3236994219653179,0.6751592356687898,0.3699421965317919,96.1800302571861,0.7248128957973518,0.1635002878526194,0.019286125503742,0.0716753022452504,3474
06037231210,2.249670439368017,1.1874156144520867,1.1110687825107897,1.4068632591996264,1.103346656884158,0.8640903235397629,6,1.3204091793257402,10,4,0.3908415841584158,32258.0,0.185121107266436,0.7217217217217218,0.2465397923875432,88.9309127584468,0.8386138613861386,0.1146039603960396,0.0079207920792079,0.0175742574257425,4040
06037231220,0.9355691041226409,1.260338304854698,2.392360319704326,0.6489056207963372,0.9916701810149476,0.8237416227314008,6,1.1754308588707252,10,4,0.2514075357297531,29741.0,0.2959501557632398,0.6226749335695305,0.234423676012461,87.8719112455875,0.685364281108962,0.2273801848269933,0.0595314850633999,0.0171932086825703,4653
06037231300,0.051407013855860995,0.6791007145260566,0.30640368986124644,0.9741350226374412,-0.6044093737696947,0.45435887366436806,6,0.3101659901292131,7,3,0.1575926248043138,49803.0,0.1155192532088681,0.6651745747538048,0.0612602100350058,78.1770045385779,0.7088981578032673,0.1845672575599583,0.0418839068474104,0.0418839068474104,5754
06037231400,0.17538232859601288,0.9117174333351814,1.180418243058971,-0.5236255832791301,0.046853095620558075,0.47693493244999846,6,0.3779467416302653,7,3,0.1707471506964964,41774.0,0.1911196911196911,0.4694533762057878,0.1319176319176319,78.7695410993444,0.6539515279241307,0.2840885142255005,0.0158061116965226,0.0360379346680716,4745
06037231500,0.19579258436859717,0.704914825431391,0.08452369967244606,0.7296696136349343,0.5427980107866779,0.7790698468364263,6,0.5061280967884122,8,3,0.17291280148423,48912.0,0.0963270963270963,0.6332288401253918,0.1857241857241857,86.6994452849218,0.6136026686434396,0.3202372127501853,0.0444773906597479,0.0070422535211267,5396
06037231600,0.6280305570289151,0.8146899839278132,0.3936918600194796,0.31540219274238285,0.276689573095197,1.0182800016288618,6,0.5744640280737748,8,4,0.2187758478081058,45123.0,0.123069498069498,0.5790940766550523,0.1568532818532818,92.9778113968734,0.6266846361185984,0.2738544474393531,0.0111859838274932,0.0563342318059299,7420
06037231710,2.223554389866403,1.355859206824269,3.6459606876507418,1.1238390459073784,1.1718161552598672,1.0547859690269028,6,1.7626359090892603,10,4,0.38807051436851,26444.0,0.4043839758125472,0.6847372810675563,0.2539682539682539,93.9359556227937,0.8216086434573829,0.154141656662665,0.0,0.0062424969987995,4165
06037231720,1.016854720099925,1.0637048921560395,1.82320215259843,0.8683197362547593,0.5606780232661723,1.1234748287363774,6,1.0760390588519504,10,4,0.2600324280502635,36528.0,0.2467191601049868,0.6513470681458003,0.1876640419947506,95.738779626828,0.7813133360356709,0.1635589785164167,0.0190514795297932,0.0212809079854073,4934
06037231800,2.590030924115611,1.0568385124876172,1.1272970974127647,1.2062790668185375,1.2757857434962108,0.9222116663708568,6,1.363073835116933,10,4,0.4269558769002595,36765.0,0.1865248226950354,0.6955102040816327,0.2652482269503546,90.4563792233989,0.9288079470198676,0.0437821927888153,0.0,0.0,5436
06037231900,2.5086195001480807,1.1381631020625596,1.8517540346473664,1.8165636076608769,1.050006494757905,1.0057911180453203,6,1.5618163095536846,10,4,0.4183176355959727,33958.0,0.2491888384166126,0.7752596789423984,0.2407527579493835,92.6500252143217,0.8614086335605323,0.1046738072054527,0.0025965595585848,0.0038948393378773,6162
06037232110,1.364369732014481,1.1600370119767318,1.058649024942233,1.5306046494841459,0.2457713535884144,0.9385432833647193,6,1.0496625092284542,10,4,0.2969058591178407,33203.0,0.1805869074492099,0.7378917378917379,0.1534988713318284,90.8850226928896,0.8317972350230415,0.1524028966425279,0.0065832784726793,0.0023041474654377,3038
06037232120,1.3038137705076716,1.0339505802595428,1.807884927272471,1.5243980809380788,1.0724110273439897,1.1854389049777918,6,1.321316215216591,10,4,0.2904805077062556,37555.0,0.2453942520265291,0.7370806890299184,0.2431834929992631,97.3651033787191,0.7835458954553619,0.1882522004670379,0.0174241063409376,0.0064666786419974,5567
06037232200,0.6767883056955365,0.8498041280549348,1.5399937372771781,0.9050004336005751,0.270812140763737,0.9567962670637379,6,0.86653250207595,9,4,0.2239493379389752,43911.0,0.2222222222222222,0.656140350877193,0.1562156215621562,91.3640948058497,0.6314883854316031,0.3475767135073129,0.0048752509320332,0.0114711786636076,3487
06037232300,1.3113178719936436,0.4249287785299858,-0.3312047210953871,0.29989506668363175,2.3468602544748887,0.7809912135415868,6,0.8054647440213915,9,4,0.2912767379679144,58576.0,0.0603674540682414,0.5770676691729323,0.3814523184601924,86.7498739283913,0.7432567432567433,0.2344322344322344,0.0001665001665001,0.0104895104895104,6006
06037232400,0.1842259845586141,0.7636991475715971,0.26800252584203416,1.1889945443393442,-0.310430003811438,0.8506407566036435,6,0.4908554925172992,8,3,0.1716855157378389,46883.0,0.11219763252702,0.6932515337423313,0.0931549150797735,88.5779122541604,0.5400081510664312,0.3896209754109496,0.0157587284336367,0.0283928814019834,7361
06037232500,0.17327689483642744,0.5041673793449013,0.7235039034099789,-0.09703148659819667,0.0653323496065017,1.0768816861362462,6,0.40768845445597646,7,3,0.1705237515225335,55841.0,0.1515975526852481,0.5251989389920424,0.1339225016995241,94.5158850226929,0.6623481781376518,0.3163967611336032,0.0101214574898785,0.0012145748987854,4940
06037232600,1.4866824837939774,0.8839042498681544,0.7876995283083195,1.036863295039768,-0.019925665904475774,0.6993331285722839,6,0.8124261699463378,9,4,0.3098839770891467,42734.0,0.1571503404924044,0.6733716475095786,0.1246726034573074,84.606656580938,0.775647592565491,0.1999121908385775,0.0099517049612176,0.0081955217327674,6833
06037232700,1.8291714728664958,1.0111785362959145,1.2168998493353158,1.128858926505833,0.8012434032974832,1.1652645545736127,6,1.192102790479109,10,4,0.3462241169305725,38341.0,0.1942752740560292,0.6853932584269663,0.2137637028014616,96.8356026222895,0.7988733252131547,0.1630633373934226,0.0097442143727162,0.0112667478684531,6568
06037232800,1.683711560651252,1.1532285764405326,0.9926065603849015,0.9030260989457698,1.378406946316555,1.1763124131282805,6,1.2145486926445483,10,4,0.3307899461400359,33438.0,0.1748743718592965,0.6558823529411765,0.2763819095477386,97.125567322239,0.8658944085542437,0.1169525506794386,0.0,0.0060147026063711,4489
06037234000,0.21419507894591353,0.5365871213236546,-0.10741950006028912,1.2017262005681462,-0.6564862228876226,0.03261888188172249,6,0.2035369266285875,6,3,0.1748654167440133,54722.0,0.0797244094488189,0.6949152542372882,0.0556102362204724,67.1079172970247,0.3741923573933912,0.5499353885914713,0.004799704633561,0.056304227432158,5417
06037234200,-0.9672692616597366,-0.1019282437073956,-0.3257444046046171,0.7343936199219809,-1.1690560110194688,0.0018770145991625002,6,-0.3046212144116791,4,2,0.0495049504950495,76761.0,0.0608397600685518,0.6338461538461538,0.0,66.3010590015129,0.0672442244224422,0.6988448844884488,0.0759075907590759,0.120049504950495,2424
06037234300,-0.2535846575917158,0.7946413141786646,0.9011038518226735,0.19253879624364711,-1.1690560110194688,0.2449299028019146,6,0.11842886607261921,6,3,0.125231175693527,45815.0,0.1669595782073813,0.5630387931034483,0.0,72.6802824004034,0.0982917214191852,0.7805519053876478,0.0252299605781865,0.0544021024967148,3805
06037234501,-0.10997129205416163,0.5394843279348033,0.24023129605577276,1.4381217409696558,-0.28603191008242385,0.2828768952288293,6,0.3507851763420793,7,3,0.1404694167852062,54622.0,0.1097954790096878,0.7258064516129032,0.0958019375672766,73.6762481089259,0.3595782073813708,0.5490333919156415,0.0094903339191564,0.0488576449912126,2845
06037234502,0.7051159843781265,1.1514323083416205,2.112457331445565,0.7227032255579452,-0.7837222252868232,0.4937468911201521,6,0.7336222525927641,9,4,0.226955074875208,33500.0,0.2717391304347826,0.6323185011709602,0.0418060200668896,79.2107917297025,0.3467020218760357,0.6045740802121312,0.0116009280742459,0.025522041763341,3017
06037234600,0.3314673790915697,0.5028346643037729,0.6786056899401698,2.143693457324862,-0.1587316048450528,0.6599451111165004,6,0.6929691161553037,9,4,0.1873087125076515,55887.0,0.1477139507620164,0.8180076628352491,0.1096131301289566,83.5728693898134,0.3520782396088019,0.5061124694376528,0.0179299103504482,0.0546047269763651,4908
06037234700,0.7018167420732195,0.952249353825151,1.231949713810095,0.6009027549281052,-0.26453621145420725,0.6527399859721494,6,0.6458537231924187,8,4,0.2266050054406964,40375.0,0.1955770559778852,0.6164021164021164,0.0981340704906703,83.3837619768028,0.4357723577235772,0.5428184281842818,0.0002710027100271,0.0151761517615176,3690
06037234800,-0.37687308466684927,0.42029324795214795,0.1490160579435441,1.2689799957397325,-0.7337788802660979,0.49903064955934195,6,0.20444466437696987,6,3,0.1121495327102803,58736.0,0.1019055509527754,0.7037037037037037,0.0472245236122618,79.3494704992436,0.4151341573711185,0.5206511908350919,0.0,0.02803738317757,3317
06037234901,3.078368746344625,1.4645334268084547,0.7281565855862834,1.3029497109979464,0.5432919786138654,1.0269261518020814,6,1.3573711000255428,10,4,0.4787714543812105,22693.0,0.152,0.7081427264409881,0.1857777777777777,93.2047402924861,0.4688346883468834,0.5221318879855466,0.0,0.0069256248118036,3321
06037234902,1.017022695562808,1.42721740565686,2.1814517786035315,0.8642838271129575,-0.20624187001635993,1.0024287263112905,6,1.0476937605385144,10,4,0.2600502512562814,23981.0,0.2777070063694267,0.6508196721311476,0.1044585987261146,92.5617750882501,0.4726027397260274,0.413160469667319,0.0349804305283757,0.0484344422700587,4088
06037235100,-0.6671177116290029,-0.4057003568863312,-0.421365925512176,-0.05518958507865913,-0.8772335736237588,0.3054529540144597,6,-0.35352569978591136,4,2,0.0813528336380255,87246.0,0.052568697729988,0.5306666666666666,0.0316606929510155,74.2687846696924,0.1629175187457396,0.6550783912747103,0.0399909111565553,0.1161099750056805,4401
06037235201,0.49326563282521646,0.8083740735155092,0.7304239059566588,1.474188294225949,-0.8395346163153108,0.2790341618185082,6,0.49095857533775517,8,3,0.2044764795144157,45341.0,0.1521961184882533,0.7305194805194806,0.0357507660878447,73.5753908219869,0.337434750186428,0.5935868754660701,0.0022371364653243,0.0313199105145413,2682
06037235202,0.6834806133971749,1.2026549212267286,1.347410138892185,0.8553479784025186,-0.4947437235537638,0.8443963148118712,6,0.739757707196119,9,4,0.2246594320018471,31732.0,0.2055641421947449,0.6496519721577726,0.0731581658938691,88.4140191628845,0.2969291156776726,0.6538905564534749,0.0013853613484183,0.0106211036712075,4331
06037236000,-0.9739870292326074,-0.5083773591854392,-0.06789741268512756,0.9690962528455986,-0.7564091187567746,0.07921202448185748,6,-0.20972710708874875,5,2,0.0487921549868452,90790.0,0.0831429876656007,0.6645161290322581,0.044769301050708,68.3308119011599,0.1535517818703659,0.469983257593877,0.0373116479311169,0.2678784979669935,4181
06037236100,0.7779570967598581,1.241825154609458,0.980314318581782,1.119163878878094,-0.3263596700148157,0.8972338992037747,6,0.7816891130030252,9,4,0.2346839546191248,30380.0,0.1738111185532485,0.6841263494602159,0.0914266577361018,89.8008068582955,0.2724473257698541,0.6037277147487844,0.0807131280388979,0.0157212317666126,6170
06037236202,1.5370896227962099,1.259614003201911,1.071208857209562,0.6392573821967398,0.19332459511715777,0.8381518730201026,6,0.9231077222569471,9,4,0.3152324774462179,29766.0,0.1816733067729083,0.6214141414141414,0.147808764940239,88.2501260716087,0.4743233865371269,0.4099583622484385,0.0340041637751561,0.0508327550312283,5764
06037236203,1.416502507826418,1.248662562211769,0.9029534571812597,0.6805043355733894,-0.5741969792946975,0.40680504771165493,6,0.6802051552016323,9,4,0.3024374599101988,30144.0,0.1671195652173913,0.6268041237113402,0.0645380434782608,76.928895612708,0.2851186658114176,0.5484284797947402,0.0718409236690186,0.037203335471456,3118
06037236204,2.631239942775617,1.436024913754752,2.8357731622311833,1.5744945828993897,0.039314817713582306,0.5677195092688166,6,1.5140944881072238,10,4,0.431328401415246,23677.0,0.3343044428259286,0.7436270939548434,0.1310997815003641,81.1522945032779,0.4191058218076552,0.5040205853972338,0.0070762302991315,0.0459954969443551,3109
06037236400,-0.6216739980922317,0.19943918798428661,-0.6172000532962854,0.08333486951771839,-0.9632566498450893,0.02012999829818114,6,-0.31653777423890334,4,2,0.0861746847267631,66359.0,0.0356294536817102,0.548768472906404,0.0223277909738717,66.780131114473,0.0280242877160205,0.8215787015413358,0.0175151798225128,0.0945819710415693,4282
06037237101,1.3319028236609847,1.1494332357799277,1.5718603080222646,0.9767268502363134,0.4394175283850456,1.0701569026681865,6,1.0899162747921205,10,4,0.2934609250398724,33569.0,0.2249786142001711,0.6655132641291811,0.174508126603935,94.3393847705497,0.7010660013608528,0.2651394874121116,0.0208664096166931,0.0063506464050805,4409
06037237102,1.3596533376308682,1.0254327928227658,1.5910446941436256,1.209378917913692,0.8209053371005125,1.1407671290828212,6,1.1911970347823808,10,4,0.2964054213317619,37849.0,0.2266380236305048,0.6959152798789713,0.2158968850698174,96.1926374180535,0.8080422659230995,0.1670090989140006,0.0067508071617258,0.0111535074845905,3407
06037237201,0.6872544273947814,0.8208320619434484,-0.22864821885368308,0.5839503912627582,0.5175701696176273,0.891469799088293,6,0.5454047717422043,8,3,0.2250598563447725,44911.0,0.069238377843719,0.6141868512110726,0.1829871414441147,89.649520927887,0.697954902988988,0.2669113791295228,0.0194022024121657,0.0112742527530152,3814
06037237202,0.27501410908833673,1.0083682458831003,1.5584234712112826,1.67122486437393,-0.011948961466488012,1.1960064218561728,6,0.9495146918243891,9,4,0.1813186813186813,38438.0,0.2238163558106169,0.7562674094707521,0.1255380200860832,97.6424609178013,0.6404741000877963,0.2938981562774364,0.0155838454784899,0.0417032484635645,4556
06037237300,-0.11396317485966556,0.815153536985597,1.0756250093384558,1.5683611875383205,-0.25070328616164267,0.8078903474138296,6,0.6503939367091491,8,4,0.1400458540313336,45107.0,0.182055294731351,0.7428256070640177,0.0996348461137193,87.4558749369642,0.4345697608736584,0.5228770476369798,0.0001882884579175,0.0273018263980418,5311
06037237401,2.0280162367445147,0.913774450029097,-0.10001021923382025,0.7803668588943999,0.46394282552539734,0.8857056989728158,6,0.8286326418220673,9,4,0.3673227412852738,41703.0,0.0803652968036529,0.6398537477148081,0.1771689497716895,89.4982349974786,0.7453165757647616,0.2331041024424946,0.0,0.0161252074934787,4217
06037237402,-0.15367600642526497,0.7929029902119754,0.37255857672522474,0.6330502207567139,-0.534312970296417,0.5071964580562716,6,0.26961987817141725,7,3,0.135832083958021,45875.0,0.1212415130940834,0.6206030150753769,0.0688651794374393,79.5637922339889,0.56071964017991,0.3469265367316342,0.0,0.0185907046476761,3335
06037237500,1.6448298880088301,1.1934128321371642,1.802147299564343,0.30118147985592686,1.046412289209189,0.8352698229623597,6,1.1372089352896355,10,4,0.3266643670231114,32051.0,0.2448979591836734,0.5772357723577236,0.2403628117913832,88.1744831064044,0.757015742642026,0.2248459958932238,0.000684462696783,0.016084873374401,2922
06037237600,1.500852174965282,1.1816791453620124,1.4616673680572319,0.267197603019138,0.666887174271261,1.0062714597216116,6,1.0140924875660895,10,4,0.3113874664715922,32456.0,0.2154471544715447,0.5727948990435706,0.1991869918699187,92.6626323751891,0.7410387710314558,0.2262862716410631,0.0180443794196537,0.0092660326749573,4101
06037237710,1.6521176439590761,1.0781619531456712,0.3856931044512061,0.2313449403970309,0.34565607035140405,0.8588065651005731,6,0.7586300462341603,9,4,0.327437641723356,36029.0,0.1223776223776223,0.5681098204857444,0.1643356643356643,88.7922339889057,0.800453514739229,0.1712018140589569,0.0,0.0052154195011337,4410
06037237720,2.6029773558548475,1.1399303980953603,1.3953752489426023,0.905839525828867,0.7130400912146418,0.8050082973560909,6,1.260361819548735,10,4,0.4283295711060948,33897.0,0.2097130242825607,0.65625,0.2041942604856512,87.38023197176,0.7286215268411114,0.2357701645535473,0.0,0.0215807930941462,3707
06037237800,0.06575335438348832,0.7046251047702762,-0.7479430391646739,1.336120861521338,-0.8064343168064015,0.24348887777304526,6,0.13260180707951205,6,3,0.1591148577449947,48922.0,0.0243204577968526,0.7124773960216998,0.0393419170243204,72.6424609178013,0.4067439409905163,0.5258166491043204,0.0021074815595363,0.0163329820864067,3796
06037237900,0.322706349704079,0.6266902469303776,0.473486762747978,1.100014073529799,-0.5209727501403751,0.3630939551692624,6,0.3941697729901868,7,3,0.1863791146424517,51612.0,0.1299715909090909,0.6816239316239316,0.0703125,75.7816439737771,0.2612939841089671,0.6733257661748013,0.0,0.0308740068104426,4405
06037238000,-0.2932230106122893,0.33230508317156354,1.0984631111278502,0.3706185544968249,-0.31896558513536366,0.5307332001944843,6,0.28665522554051165,7,3,0.1210253082414016,61773.0,0.1840307429547395,0.5863095238095238,0.0922288642186165,80.1815431164902,0.2159054097829608,0.6797862001943634,0.0038872691933916,0.0155490767735665,6174
06037238100,0.40069586405018787,0.7303522994772761,0.7275477795954447,1.1836504654980924,-0.04155624881231071,0.8732168153892744,6,0.645651162532994,8,4,0.1946542707728065,48034.0,0.151947339550192,0.6925531914893617,0.122325836533187,89.1704488149269,0.3964749176835173,0.5556846794499322,0.0060042610885144,0.0151074956420685,5163
06037238200,-0.08551753641159236,0.8160806431011646,0.9935266706973567,0.812726195281082,-1.1011577852019747,0.9668834422658275,6,0.40042360495531054,7,3,0.1430641072075335,45075.0,0.1749539594843462,0.644082332761578,0.007366482504604,91.6288451840645,0.2650494159928122,0.7042228212039533,0.0199460916442048,0.0039532794249775,5565
06037238310,2.6020267726577457,1.3584087486420797,1.8921264143413261,1.2839959802813545,0.3753783312601707,1.0519039189691641,6,1.4273066943586403,10,4,0.4282287085165933,26356.0,0.2526809651474531,0.7056659308314938,0.1675603217158177,93.8603126575895,0.7443022790883647,0.2411035585765693,0.0,0.0103958416633346,5002
06037238320,2.4427338745207883,1.1331509346252724,1.297243667001818,0.7846580870766069,0.11312446194751,1.0677551942867347,6,1.1397777032431218,10,4,0.4113267747939377,34131.0,0.2012248468941382,0.6404145077720207,0.1391076115485564,94.2763489662128,0.6516824395373291,0.32465825446898,0.0136698212407991,0.0099894847528916,3804
06037238400,0.7860732270365728,0.535891791736979,0.34777270198789095,0.7080560083358277,-0.7870216205560555,0.6488972525618284,6,0.3732782268505071,7,3,0.2355451248133134,54746.0,0.1190975865687303,0.6304044630404463,0.0414480587618048,83.2829046898638,0.1783127396676608,0.769919045590115,0.0,0.0195994887089902,4694
06037239201,1.2908821237369479,1.0780170928151136,0.39489165299025364,0.4773152306524709,1.130429388750101,1.265175623241938,6,0.9394518520311376,9,4,0.289108382274426,36034.0,0.1231732776617954,0.6002522068095839,0.2494780793319415,99.457892082703,0.8379962696509459,0.1497468691713296,0.0,0.0071942446043165,3753
06037239202,0.5257422799352649,0.8875257581320902,1.1238249571463017,0.6767204599300808,1.2449684104560972,1.2771841651491882,6,0.9559943384581704,9,4,0.2079224469329767,42609.0,0.1862244897959183,0.6263096623981373,0.2619047619047619,99.7730711043873,0.9159859976662778,0.0705117519586597,0.0,0.0011668611435239,5999
06037239310,1.7449718747534935,1.0425263118285428,0.4604095132775441,1.4830339363742047,1.5166250013582485,1.247402981219207,6,1.2491616031352066,10,4,0.3372900335946248,37259.0,0.1288404360753221,0.731675392670157,0.2913776015857284,98.9914271306102,0.8798044878915796,0.1073094867807153,0.001333037102866,0.0102199511219728,4501
06037239320,1.6575102347325315,0.8212666429351206,1.2340036477113332,1.4532877228262187,1.700444716394883,1.0855278363094665,6,1.3253401334849257,10,4,0.328009828009828,44896.0,0.1957547169811321,0.7277882797731569,0.3113207547169811,94.7428139183056,0.8445912873225648,0.1076847772883015,0.0014684287812041,0.0029368575624082,4086
06037239330,1.7332433392722995,1.1743781847019177,0.6974176026757344,2.169872032591775,0.47735170036623525,1.2574901564212966,6,1.251625502671543,10,4,0.3360455655004068,32708.0,0.1493411420204978,0.8214285714285714,0.178623718887262,99.256177508825,0.8665581773799838,0.1155410903173311,0.0,0.0077298616761594,2458
06037239501,0.7605771562680859,0.8420975584692794,-0.09375744361730409,0.2933654473335342,0.8294920095843096,1.2296303391964751,6,0.64356751120573,8,4,0.2328398384925975,44177.0,0.0809061488673139,0.576214405360134,0.2168284789644013,98.5249621785174,0.7591847680343256,0.218557253955484,0.0042906945561812,0.0158219361759184,3729
06037239502,1.0668481944506272,0.9268987959776003,0.45370916102594666,0.2937999657517283,1.5159498079656066,1.017319318276283,6,0.879087540574632,9,4,0.2653370361019944,41250.0,0.1282608695652174,0.576271186440678,0.2913043478260869,92.9525970751387,0.7816235059760956,0.2114043824701195,0.0,0.0019920318725099,4016
06037239601,1.221149281350937,0.8732425295391274,-0.05596537373771927,0.49223038499619703,1.4378243559734287,1.160941479487001,6,0.8549037762681619,9,4,0.2817093086554164,43102.0,0.0841750841750841,0.6022012578616353,0.2828282828282828,96.7221381744831,0.7887017925040739,0.1830526887561108,0.0024443237370994,0.0048886474741988,3682
06037239602,2.1297344318988376,1.012511251337043,0.8221979084436408,1.6618225959745612,1.6280961792721826,1.1729500213942505,6,1.4045520647200858,10,4,0.3781156530408773,38295.0,0.1601343784994401,0.7550387596899225,0.303471444568869,97.0373171961674,0.7948207171314741,0.1959661354581673,0.0042330677290836,0.0049800796812749,4016
06037239701,2.2956653929990267,1.0722806237250393,1.056845192634646,0.8200764945883121,1.5944444447059467,1.2195431639943854,6,1.3431425521078928,10,4,0.3957219251336898,36232.0,0.1804308797127468,0.6450428396572827,0.2998204667863555,98.2602118003026,0.8379431242695754,0.1620568757304246,0.0,0.0,5134
06037239702,1.6444249450377944,1.2183867531252657,1.1543935933327072,1.9832989688629323,1.0427317925322148,1.2560491313924271,6,1.383214197380557,10,4,0.3266214001404823,31189.0,0.1888686131386861,0.7970479704797048,0.239963503649635,99.2183560262229,0.700507614213198,0.2962621135209968,0.0,0.0032302722658052,4334
06037239801,1.3663246697600475,0.7621056839354653,1.1587995596401288,0.47039985693519176,0.7817254058260004,0.875138182094435,6,0.9024155596985448,9,4,0.2971132897603485,46938.0,0.1892497200447928,0.5993485342019544,0.2116461366181411,89.2208774583964,0.786774628879892,0.2013495276653171,0.0013495276653171,0.0010796221322537,3705
06037239802,1.2834820275855865,0.9002155230889213,0.9212322890044049,0.7384406262845901,1.0078668797949515,1.1215534620312169,6,0.9954651346316119,9,4,0.2883231876037631,42171.0,0.1687006460875807,0.634375,0.236180904522613,95.6883509833585,0.7009705182201063,0.2717451016297381,0.0047610327778795,0.0108038820728804,5461
06037240010,2.0742055864985227,1.2351036352715934,1.5791569218871502,0.05617733729663792,0.49828014705068335,1.2181021389655162,6,1.110170961161684,10,4,0.3722237088573722,30612.0,0.2256097560975609,0.5452196382428941,0.1808943089430894,98.2223903177005,0.7412362857907412,0.2523414503612523,0.0,0.0013379716350013,3737
06037240020,1.355210634027335,1.013351441254276,0.025162977551254254,2.3706249838105715,0.6628862800599123,1.1263568787941198,6,1.0922655325829116,10,4,0.295934023782125,38266.0,0.0911925175370226,0.8476621417797888,0.1987529228371005,95.8144225920323,0.710511200459506,0.2850852000765843,0.0,0.0038292169251388,5223
06037240200,1.639308434053783,0.9548278677090732,1.3472195068015724,0.5385711669335589,0.5288463332719574,1.2368354643408261,6,1.0409347955184618,10,4,0.3260785075787019,40286.0,0.2055476529160739,0.6082568807339449,0.1842105263157894,98.714069591528,0.7487885249079279,0.2240744330296569,0.0166698972669121,0.0034890482651676,5159
06037240300,2.468399261762232,1.459260510776164,0.991938961155806,1.264828023915338,0.11549043597153033,1.106182528389937,6,1.2343499536618345,10,4,0.4140500266098988,22875.0,0.1748166259168704,0.7031611410948342,0.1393643031784841,95.2849218356026,0.6258648217136775,0.3602980308674827,0.0035479865176512,0.0090473656200106,5637
06037240401,1.557968726742524,0.8859902386281814,0.33237611956228214,0.9928414028709269,1.9136765091004972,1.019721026657731,6,1.1170956705936905,10,4,0.3174478758426086,42662.0,0.1177658142664872,0.6676190476190477,0.3344549125168237,93.0156328794755,0.8068662799811883,0.1831007994983539,0.007211161624079,0.0015676438313215,6379
06037240402,1.2885908755596858,0.8929435344949381,-0.490732570587007,1.3516833727449,0.41985400258098093,1.094654328158978,6,0.7594989238254127,9,4,0.2888652670741429,42422.0,0.0465686274509803,0.7145110410094637,0.1723856209150326,94.9823499747857,0.640977943130481,0.3297900611214456,0.0108955620515546,0.014350252458145,3763
06037240500,1.2860804995957527,0.9409792201077827,1.4068794932142643,0.733115772451178,0.7094029358847392,1.272380748386289,6,1.0581397782733344,10,4,0.2885989010989011,40764.0,0.2107081174438687,0.6336791699920191,0.2037996545768566,99.6469994957136,0.7212667212667213,0.2674037674037674,0.0,0.0,7326
06037240600,0.9746452898243342,0.8689546637546274,0.7015206681108334,1.3133148998193256,1.6815472951910397,1.1916833467695642,6,1.1219443605782875,10,4,0.2555537538511432,43250.0,0.1496960486322188,0.7094972067039106,0.3092705167173252,97.528996469995,0.69288146586671,0.2912275012161505,0.0032430679422733,0.0126479649748662,6167
06037240700,0.2636149031208294,0.8592779936733909,0.5600962006501599,0.5590970020787426,0.23935147928952602,1.068235535963026,6,0.5916121857959458,8,4,0.1801091570648878,43584.0,0.1374631268436578,0.6109391124871001,0.1528023598820059,94.2889561270802,0.7114918132201334,0.2683444511825348,0.011673741661613,0.003032140691328,6596
06037240800,0.9903686215200975,0.9261165501925902,0.8943781185422347,0.8218169121579944,0.5481836711866406,1.0591090441135151,6,0.8733288196188455,9,4,0.257222093829443,41277.0,0.1663778162911612,0.6452702702702703,0.1863084922010398,94.0494200706001,0.6954618751439761,0.2591568762957844,0.0205021884358442,0.0078322967058281,4341
06037240900,0.8864449296809157,0.8003198391365159,0.3896999675435,1.9659474526157898,0.8757542296443795,1.147491912550881,6,1.0109430551953305,9,4,0.2461951656222023,45619.0,0.1227242076871207,0.7947805456702254,0.2218476062036412,96.3691376701967,0.7874109263657957,0.2097684085510688,0.0028206650831353,0.0,6736
06037241001,0.5268883396355243,0.917830539284705,1.1081278645463255,-0.4341452011846848,0.788505885985731,1.2003294969427845,6,0.6845894875350642,9,4,0.2080440507541297,41563.0,0.1848667239896818,0.4811463046757164,0.2123817712811694,97.7559253656077,0.7200381224684298,0.2485108410769597,0.0019061234214915,0.0011913271384322,4197
06037241002,0.6192419791826073,0.4092838628297831,0.7512117676697301,0.14244247249878644,0.6850262684198969,1.2344337559593743,6,0.640273351093363,8,4,0.21784332688588,59116.0,0.1539942252165543,0.5564924114671164,0.2011549566891241,98.6510337871911,0.5929054054054054,0.3725868725868725,0.0007239382239382,0.0038610038610038,4144
06037241110,0.187111057323544,0.7577019298865193,0.41055705024601874,-0.4292853004959338,0.6627868775925209,0.9486304585668088,6,0.42291701218657957,7,3,0.171991639295312,47090.0,0.1245283018867924,0.4817813765182186,0.1987421383647798,91.1497730711044,0.7368891537544696,0.2526817640047676,0.00119189511323,0.0092371871275327,3356
06037241120,2.057828893644606,1.1046713936376813,2.0649169922859976,1.8232724557988007,0.9273467535123479,1.2363551226645348,6,1.535731935257328,10,4,0.370486043333984,35114.0,0.2676269901440485,0.7761363636363636,0.2274450341167551,98.7014624306606,0.70501360279829,0.2623396813058686,0.0165176836377769,0.0073843762145355,5146
06037241201,0.8759509743230497,0.7063054846047423,0.46262716194218073,0.9381902036490944,0.7635793762615559,1.086968861338336,6,0.8056036770198265,9,4,0.245081693897966,48864.0,0.1290322580645161,0.6604774535809018,0.2096774193548387,94.7806354009077,0.5704809286898839,0.4106135986733001,0.0056384742951907,0.0112769485903814,3015
06037241202,1.659233601460583,1.117766767520073,1.3178530871285787,0.28527038734531046,0.30361438964146215,1.2089756471160047,6,0.9821189800353353,9,4,0.3281926875758101,34662.0,0.2030075187969924,0.5751565762004175,0.1597744360902255,97.9828542612204,0.5874307479224377,0.3578601108033241,0.0039819944598337,0.0060595567867036,5776
06037241300,0.8841167912339939,0.7860655826096645,0.01199787322033128,1.1140128746968783,0.4786395435214046,0.95439455868229,6,0.7048712039940938,9,4,0.2459481361426256,46111.0,0.0900537634408602,0.6834532374100719,0.178763440860215,91.3010590015129,0.4875,0.4604838709677419,0.0028225806451612,0.0314516129032258,2480
06037241400,1.3070806891121325,1.0596777749665427,0.08852958050988975,0.6847466396383125,0.9196613961842999,1.1667055796024821,6,0.8710669433356099,9,4,0.2908271474019088,36667.0,0.0966735966735966,0.6273584905660378,0.2266112266112266,96.8734241048916,0.7569352708058125,0.1801849405548216,0.0150594451783355,0.0137384412153236,3785
06037242000,1.8342823269989503,1.2326120375860055,1.1022412246088324,0.6692765834617139,0.8563215127375822,1.1518149876374895,6,1.1410914455050956,10,4,0.3467664092664093,30698.0,0.1843575418994413,0.6253369272237197,0.2197392923649906,96.482602118003,0.7598472189066603,0.1964669372165194,0.0038195273334924,0.0317498209596562,4189
06037242100,4.775392802997665,1.5953712773679276,1.7572216491430939,0.44064746663372767,0.48782795820537733,1.2358747809882435,6,1.715389322556006,10,4,0.658835904628331,18177.0,0.2410119840213049,0.595460614152203,0.1797603195739014,98.6888552697932,0.7577138849929874,0.2272089761570827,0.0,0.0014025245441795,2852
06037242200,2.1884593684525435,1.3017104152619008,1.594902361190305,1.4225133874588012,0.9840249354183734,1.2301106808727664,6,1.4536201914424485,10,4,0.3843467217018574,28313.0,0.2269717037928958,0.7237668161434978,0.2335942203491872,98.5375693393848,0.7566385504529834,0.239925023430178,0.0015620118712902,0.0018744142455482,6402
06037242300,3.091252716934214,1.3538021901303534,1.4081157030827167,1.2874894950522626,0.6657126216608769,1.178714121509732,6,1.4975144747283593,10,4,0.4801385210837238,26515.0,0.2108150470219435,0.7061224489795919,0.1990595611285266,97.1886031265759,0.7397011308562197,0.1558966074313408,0.0409935379644588,0.0040387722132471,4952
06037242600,3.333923036470211,1.6414658345513025,2.989184704121986,0.2762952323046287,0.018966276845143647,1.267577331623386,6,1.5879020693194426,10,4,0.5058873002523129,16586.0,0.3475742215785662,0.5739837398373984,0.1288921071687183,99.5209278870398,0.6400336417157275,0.3414634146341463,0.0,0.0006307821698906,4756
06037242700,0.9780469939601512,0.7750272254211883,-0.00026588114446509504,0.6386074561213991,1.3421050116183035,1.2670969899470987,6,0.8334362993206127,9,4,0.2559146951016328,46492.0,0.0889929742388758,0.6213292117465224,0.2724434035909446,99.5083207261725,0.7572493786246893,0.2275062137531068,0.0018227009113504,0.0112676056338028,6035
06037243000,0.7825710678113983,0.6305435317232052,-0.48103545891534455,1.8436056253913484,1.5483064286697945,1.1878406133592436,6,0.9186386346732743,9,4,0.2351735246741836,51479.0,0.0474074074074074,0.7787934186471663,0.2948148148148148,97.428139183056,0.830575486894128,0.1134866012593351,0.0060038072924293,0.0049787670229901,6829
06037243100,2.6005477578310674,1.3142842919542859,1.0488413279332818,0.8225829302883271,0.5358218424361803,1.2795858735306362,6,1.2669440039956297,10,4,0.4280717761557178,27879.0,0.1797385620915032,0.6453703703703704,0.1849673202614379,99.8361069087241,0.6721795629060838,0.3037507383343177,0.0022150029533372,0.018606024808033,6772
06037261101,-0.8601873634851129,-3.6461680073238694,-0.9286537762055704,-3.0429080348497237,-1.1690560110194688,-2.142848570035818,6,-1.9649702938199276,1,1,0.0608669833729216,199094.0,0.0086893555394641,0.1402439024390244,0.0,10.0100857286939,0.0663912658601357,0.012393036293892,0.0492770728828563,0.8565948657421069,3389
06037261102,-1.11726478015308,-2.500873261870698,-0.7454063364041876,-4.1161274604994444,-1.1690560110194688,-2.3484348074879504,6,-1.9995271095724714,1,1,0.0335895246228294,159563.0,0.0245398773006134,0.0,0.0,4.6142208774584,0.0161931818181818,0.0261363636363636,0.0485795454545454,0.8875,3520
06037261200,-0.8489061449303128,-3.3370360619143087,-0.6324465035627972,-1.4152376527262351,-1.059806791468769,-2.270139114252676,6,-1.5939287114758498,1,1,0.0620639884532114,188424.0,0.0343106674984404,0.3529411764705882,0.0118527760449157,6.66918809884014,0.0258249641319942,0.0047824007651841,0.0911047345767575,0.8550932568149211,4182
06037262100,-0.907694863689962,-4.1783269176596525,-0.1704713357041752,-3.366929588413169,-1.030513013114674,-2.223065629976253,6,-1.9795002247596478,1,1,0.0558261521168977,217462.0,0.0742705570291777,0.0979020979020979,0.0150309460654288,7.90468986384266,0.0519044062733383,0.0067214339058999,0.1374159820761762,0.7546676624346528,2678
06037262200,-1.3017108183462547,-3.208863641437093,-0.7083367491583727,-1.148390737276804,-1.1064250881108066,-2.2177818715370625,6,-1.6152514843110655,1,1,0.014018691588785,184000.0,0.0277463193657984,0.3878116343490305,0.0067950169875424,8.04336863338376,0.0306469920544835,0.0433598183881952,0.0690124858115777,0.7779795686719637,4405
06037262301,-0.5314363569153048,-4.128726740476788,-0.7330210845095626,-3.2331442541120494,-1.0295642834159497,-2.3037630315929776,6,-1.9932759585037718,1,1,0.0957494407158836,215750.0,0.0256111757857974,0.1153846153846153,0.0151338766006984,5.78668683812406,0.1066229985443959,0.024745269286754,0.1317321688500727,0.7205240174672489,2748
06037262302,-0.7679844777398068,-2.4721329722881036,-0.41911013285025217,-1.9232997705627164,-1.076420994389068,-2.300880981535238,6,-1.4933048882275308,1,1,0.0706502636203866,158571.0,0.0527638190954773,0.2865497076023391,0.0100502512562814,5.86232980332829,0.0808435852372583,0.0045694200351493,0.0653778558875219,0.8242530755711776,2845
06037262303,-0.9405779047530177,-5.121048976861311,-0.8374928510895759,-4.1161274604994444,-1.0502341158388542,-2.3277801154074798,6,-2.3988769040749474,1,1,0.0523370638578011,250001.0,0.0165745856353591,0.0,0.012891344383057,5.15632879475542,0.0266622778143515,0.0,0.0605661619486504,0.8541803818301514,3038
06037262400,-1.1411430130608917,-5.121048976861311,-0.4620880185224628,-3.0229101573531456,-1.1690560110194688,-2.513192002455431,6,-2.238239696545452,1,1,0.031055900621118,250001.0,0.0490463215258855,0.1428571428571428,0.0,0.289964699949571,0.0238640078457012,0.0274599542334096,0.0467473030402092,0.8777378228179143,3059
06037262501,-1.02927962584519,-4.395617413495802,-0.6898127794567138,-1.2296501951745673,-1.0107078222482468,-2.268217747547516,6,-1.7705475972946727,1,1,0.0429252782193958,224962.0,0.0293486041517537,0.3771929824561403,0.0171796707229778,6.71961674230963,0.0443857331571994,0.0,0.0443857331571994,0.8673712021136063,3785
06037262601,-1.1621993094147594,-4.031264710077748,-0.97769098590118,-0.9318569265028416,-1.0938973559401708,-2.3964689751169534,6,-1.765563043825609,1,1,0.028821701045493,212386.0,0.0044477390659747,0.4161073825503356,0.0081541882876204,3.35350479072113,0.0565131393048883,0.0129980220401243,0.0904210228878214,0.7126306866346426,3539
06037262604,-1.0021071853350692,-3.6905242405405554,-0.5603584774429328,-1.0132829053279442,-1.1004133487170087,-2.4742843266759382,6,-1.6401617473399082,1,1,0.0458084374434184,200625.0,0.0405461315680595,0.4054669703872437,0.0074472486553578,1.31114473020676,0.0331341662140141,0.0,0.0563099764620677,0.8623936266521818,5523
06037262704,-0.9150972080367921,-1.4150002240121853,-0.9141481193459806,-1.149840771506392,-0.7566027735177959,-1.2508540771652361,6,-1.0669238622640635,1,1,0.0550407188991856,122083.0,0.0099440646364201,0.3876221498371335,0.0447482908638906,33.4215834594049,0.0648694187026116,0.0067396798652064,0.0685200786295984,0.8199943836001123,3561
06037262706,-0.8980755263032991,-3.3366014809226368,-0.42202816348437006,-1.4179741165638977,-1.1690560110194688,-2.4560313429769174,6,-1.6166277735450985,1,1,0.0568468216185942,188409.0,0.0525114155251141,0.3525835866261398,0.0,1.79021684316692,0.0568468216185942,0.0025203024362923,0.0263231587790534,0.8692243069168301,3571
06037262802,-1.2108785409313132,-4.1734016664207,-0.9332779455066733,-1.2818603782682991,-0.9676254605394223,-2.5112706357502703,6,-1.846385771236113,1,1,0.0236565420560747,217292.0,0.0082893745290128,0.3703703703703703,0.0218538055764883,0.340393343419062,0.1071845794392523,0.0032126168224299,0.0297897196261682,0.8095794392523364,3424
06037264000,-1.1334468482080362,-4.263939373019095,-0.866818418680656,-1.513754957723574,-1.1690560110194688,-1.7115017447273706,6,-1.776419558896367,1,1,0.0318725099601593,220417.0,0.014037985136251,0.3400673400673401,0.0,21.3313161875946,0.03584229390681,0.0,0.025089605734767,0.9038774845226458,3069
06037264102,-0.833401358870105,-1.0071025052285674,-0.5944354484520442,-0.15942619854380483,-0.9734214170744292,-1.8781803064000138,6,-0.9076612057614941,2,1,0.0637091394262841,108004.0,0.0375985445724681,0.5170454545454546,0.0212249848392965,16.9566313666162,0.0847231487658439,0.0146764509673115,0.0930620413609072,0.7635090060040026,2998
06037264103,-0.21410111333741233,-0.9340059824292869,-0.34998303083492494,-0.7975363773064498,-0.9864751773534703,-1.3983189717862745,6,-0.780070108841303,2,1,0.1294206170052671,105481.0,0.0587431693989071,0.4336598397150489,0.0198087431693989,29.5511850731215,0.0579382994732881,0.0045146726862302,0.0741158765989465,0.8009781790820165,2658
06037264301,-0.7802918223115174,-0.8169008912066587,-0.11342673125857809,-0.6417930176235356,-1.08470815980867,-0.9467977960736477,6,-0.730653069713768,2,1,0.0693443804034582,101439.0,0.079204796465762,0.4540117416829745,0.0091511517828968,41.4019162884518,0.0715057636887608,0.025036023054755,0.1293227665706051,0.7355907780979827,5552
06037264302,-0.48849272273693045,-0.5544719163688142,0.14962399676603622,-0.1725944978771585,-1.1130434131852198,-1.9900999169755893,6,-0.6948464117296127,2,1,0.1003060183611016,92381.0,0.1019581363943281,0.5153246753246753,0.0060769750168804,14.0191628845184,0.0515130907854471,0.0224413464807888,0.0617137028221693,0.8213192791567494,5882
06037265100,-0.9345681483494899,-1.1373609144658103,1.9343025605527786,0.435803206911439,-1.110719402445261,-1.9776110333920482,6,-0.46502562186473195,3,2,0.0529747351263243,112500.0,0.2563291139240506,0.5948275862068966,0.0063291139240506,14.3469490670701,0.0533822330888345,0.0114099429502852,0.0301548492257538,0.8806030969845151,2454
06037265201,0.6815764126495696,0.025548847183144846,0.8529075403059321,0.9781380538712454,-0.7939380512341541,-0.9684131715066965,6,0.12930327187817361,6,3,0.2244573848597141,72361.0,0.1627906976744186,0.6656976744186046,0.0406976744186046,40.8345940494201,0.0970003895597974,0.0229840280483054,0.1924425399298792,0.6556291390728477,2567
06037265202,0.6204481260603635,-0.03401772074207133,1.5447945206121751,0.07832599514424662,-0.1257869022091775,-1.0716866319090517,6,0.16867956449274749,6,3,0.2179713063176441,74417.0,0.2226374799786439,0.5481139337952271,0.1131873998932194,38.124054462935,0.1268525496106506,0.0042702838482793,0.2238131122833458,0.6066314996232103,3981
06037265301,,,,,,,0,,,,,,,,,,0.224346664440177,0.0405777740669616,0.4014360858311764,0.2638390247975286,11977
06037265303,4.567091665904341,1.4989232692827892,1.577390999006294,1.6517770331766288,1.9449418855328124,-0.7830012844587471,6,1.7428539280740198,10,4,0.6367339022498061,21506.0,0.2254570074475287,0.7537260468417317,0.3378469871360867,45.7009581442259,0.1602017067494181,0.0335531419705197,0.4383242823894492,0.3161365399534523,5156
06037265304,5.484830839129123,1.5069775036617823,1.5614284623938635,1.0828439811617396,0.9622118388215658,-1.002997772199581,6,1.599215808828082,10,4,0.7341115434500648,21228.0,0.2240762812872467,0.6793802145411204,0.2312276519666269,39.9268784669692,0.1737317581653926,0.0173731758165392,0.352675469075747,0.3742182070882557,2878
06037265305,4.604470034515905,1.5235784975436641,2.1712595152646728,0.8689434418476797,-0.3790116549001928,-0.732085066772004,6,1.3428591279166209,10,4,0.6406999717753317,20655.0,0.2768253968253968,0.6514285714285715,0.0857142857142857,47.0373171961674,0.1892230576441102,0.0025062656641604,0.3781954887218045,0.3491228070175438,3990
06037265410,-0.45909665752267265,-1.293375490476165,-0.9343491067693077,-1.4224400255469636,-1.048174907350946,-1.3147395201118073,6,-1.0786959512963104,1,1,0.1034251175285426,117885.0,0.0081967213114754,0.352,0.0131147540983606,31.7448310640444,0.0648829431438127,0.0,0.0969899665551839,0.7959866220735786,1495
06037265420,-0.7262210860411616,-3.630175426830329,-0.8751701332320655,-0.6351972750300009,-1.095416723498365,-2.365246766158102,6,-1.5545712351316705,1,1,0.0750816104461371,198542.0,0.0133155792276964,0.4548736462093863,0.0079893475366178,4.17297024710035,0.014689880304679,0.0571273122959738,0.103917301414581,0.7769314472252449,1838
06037265510,2.266861564874184,0.5329656130597188,0.9730389945471302,0.23734228010925182,0.19257346638307132,-0.8363192105269377,6,0.5610771180744031,8,4,0.3926656658803345,54847.0,0.1731818181818182,0.5688935281837161,0.1477272727272727,44.3015632879476,0.07720351704911,0.028093502037315,0.3690757023375509,0.489813424833798,4663
06037265520,-0.6253211020541573,-0.9072937374744964,-0.12038847556694939,-0.3978343344505731,-0.8913329950037409,-1.4766146650215477,6,-0.7364642182619109,2,1,0.0857877050800553,104559.0,0.0786026200873362,0.4858912594631796,0.0301310043668122,27.4962178517398,0.0432891875864795,0.1025894445542597,0.1504249851749357,0.5819331883771496,5059
06037265601,-0.1276913550392582,-1.3513485947652495,-0.23703290994082468,-0.6157910779633362,-0.9406418264271613,-1.8757785980185622,6,-0.8580473936923987,2,1,0.1385892116182572,119886.0,0.0685131195335276,0.4574095682613769,0.0247813411078717,17.0196671709531,0.0412171507607192,0.0,0.1698478561549101,0.74716459197787,3615
06037265602,-0.539056787103276,-1.2859586415516244,0.08328476745467944,-1.0012821796755675,-1.017019983725038,-1.2412472436394337,6,-0.8335466780400433,2,1,0.0949408672798948,117629.0,0.0962199312714776,0.4070351758793969,0.0164948453608247,33.6737266767524,0.0486202365308804,0.0328515111695138,0.121550591327201,0.7388304862023654,3044
06037265700,-0.37826602752726396,-0.343033777887186,-0.27544980785882356,-0.015022831020335492,-1.0804662761433002,-1.1029088408679064,6,-0.5325245935508026,3,2,0.112001733102253,85083.0,0.0651901379022148,0.5359154929577464,0.0096113664855829,37.3045890065557,0.0811044003451251,0.0153149266609145,0.0772217428817946,0.7418032786885246,4636
06037267100,-0.7676352253120603,-0.9282984854053241,-0.000841942338189003,-1.0826004411335401,-1.1240470894407637,-1.5044744822463687,6,-0.9013162776460409,2,1,0.0706873214017145,105284.0,0.088943146145797,0.3964088397790055,0.00488315312173,26.7650025214322,0.0649721762671078,0.0344412693638141,0.1884493908858475,0.6438562189802978,6649
06037267200,-0.3398629754745711,-0.38701337424442245,-0.396225587419567,-0.3018239637405604,-0.9151995280093652,-0.9943516220263607,6,-0.5557461751524745,3,1,0.116076527698458,86601.0,0.0547432845970758,0.4984375,0.0275416524991499,40.1538073625819,0.0662478583666476,0.0371216447744146,0.1606225014277555,0.6760422615648201,7004
06037267300,0.00858477047706295,0.12544453113555018,0.1544304806962123,-0.31804898860533337,-0.29839222587977926,-0.017336652452441825,6,-0.05755301410478817,5,2,0.1530489274523981,68913.0,0.102373887240356,0.4963172804532578,0.0944609297725024,65.7967725668179,0.1742621015348288,0.0514757969303423,0.2606847697756789,0.4757969303423849,4235
06037267402,-0.7268429376282577,-0.40132557490349674,0.06847649915480873,-0.4169509576179595,-0.98518902012359,-0.8262320353248481,6,-0.5480106710738905,3,1,0.0750156282558866,87095.0,0.0949390469154045,0.4833931777378815,0.0199482822312523,44.5663136661624,0.1444991789819376,0.0275041050903119,0.1748768472906404,0.6270525451559934,4872
06037267403,0.641268008744966,-0.44582666845074,0.0592219017009516,-0.6644658355305355,-0.9234827209291084,-0.2464596320427835,6,-0.26329082441787494,4,2,0.220180420982292,88631.0,0.0941385435168739,0.451048951048951,0.0266429840142095,59.7831568330812,0.122,0.047,0.2216666666666666,0.5786666666666667,3000
06037267404,0.6870293211833559,-0.26819893112121646,0.4961958729350242,-0.18976124527487298,-0.7542258980139717,-0.9213396872302743,6,-0.15838342792032586,5,2,0.2250359712230215,82500.0,0.1319358816276202,0.5130813953488372,0.0450061652281134,42.0700958144226,0.0771223021582733,0.058705035971223,0.1792805755395683,0.6126618705035971,3475
06037267501,-0.5814862592162788,-0.3720927601970069,0.08033871184008826,-0.7076674700251832,-0.029891120940784558,-0.5164116541177783,6,-0.3545350921094906,4,2,0.0904388453195394,86086.0,0.0959651035986913,0.4454035390591281,0.1235914213013449,52.6979324256178,0.2848323043550809,0.0258635074253295,0.155848489904889,0.4768897046554313,5993
06037267502,-0.43221396226954506,-0.37953858118765893,0.18930744882197062,-0.5338334727884083,-0.6833533935385094,-0.45877065296297564,6,-0.3830671023208545,4,2,0.1062775330396475,86343.0,0.1053906723198061,0.4681194511702986,0.052695336159903,54.2107917297025,0.2516519823788546,0.0184471365638766,0.1841960352422907,0.4810022026431718,3632
06037267600,0.49567860430032673,0.07390322552321575,0.2866292020750943,-1.8148919918239415,-0.8683436296437712,-0.21715878978909312,6,-0.3406972298930282,4,2,0.2047325102880658,70692.0,0.1138088012139605,0.3007159904534606,0.0326251896813353,60.5521936459909,0.2026748971193415,0.0555555555555555,0.3106995884773662,0.3786008230452675,2916
06037267700,-0.6426775803701096,-0.6067375236339357,0.37348123741342226,-0.15116072530393668,-0.47153937228353204,-0.3468510423874001,6,-0.307580834427582,4,2,0.0839460784313725,94185.0,0.1213213213213213,0.5181255526083113,0.0756756756756756,57.1482602118003,0.1904761904761904,0.0103785103785103,0.2942612942612942,0.4508547008547008,3276
06037267800,-0.5279666005778566,-0.37310678251090895,-0.055764725119286096,-0.020206631377976802,-0.7335361411656296,-0.5519569381632413,6,-0.37708963648581656,4,2,0.0961176027139087,86121.0,0.0841924398625429,0.5352380952380953,0.0472508591065292,51.7650025214322,0.0922730682670667,0.0060015003750937,0.1950487621905476,0.6522880720180045,2666
06037267901,-0.8438265367701407,-1.3080933000608002,-0.24807435308149045,0.9503692823578863,-0.9485181776199993,-1.0894592739317832,6,-0.5812670598510546,3,1,0.0626029654036243,118393.0,0.0675580577058409,0.6620689655172414,0.023926812104152,37.6575895108422,0.0313014827018121,0.0144151565074135,0.1812191103789127,0.7438220757825371,2428
06037267902,-0.9408978065326621,-1.8978776498923302,-0.781857719347991,-0.7651787704205716,-0.6374102626263937,-1.383908721497573,6,-1.0678551550529203,1,1,0.0523031203566121,138750.0,0.0213869086195722,0.4378881987577639,0.0576798444588464,29.9293998991427,0.0413075780089153,0.0606240713224368,0.1482912332838038,0.7173848439821694,3365
06037269000,-0.875486081300008,-1.5590203646523844,-0.29408633307028564,-1.3475324204175567,-1.0554879460277873,-2.17839385408128,6,-1.2183344999248835,1,1,0.0592436974789915,127054.0,0.0635781172991621,0.3617886178861789,0.0123213405618531,9.07715582450832,0.154373571576979,0.0099729898192395,0.1234157490130895,0.6920839393309786,4813
06037269100,-0.7039470796136111,-0.4465509701035271,0.45826535394487333,0.3849913548011351,-0.9142481555991104,-1.6716333855952992,6,-0.48218714702758986,3,2,0.0774450163781001,88656.0,0.1286549707602339,0.5881877022653722,0.0276448697501329,22.3777105395865,0.0779129620963968,0.0156761815629387,0.0589611605053813,0.8224145999064109,4274
06037269300,-1.1933084589869074,-2.664420575070039,-0.6253700387939105,-1.9259231393684109,-1.1690560110194688,-1.8051683716039273,6,-1.5638744324737772,1,1,0.0255208333333333,165208.0,0.0349227669576897,0.2862068965517241,0.0,18.8729198184569,0.0380208333333333,0.0169270833333333,0.0888020833333333,0.7770833333333333,3840
06037269500,-1.2451908304332435,-3.4272550757854776,-0.8695272024748133,-2.123755097368911,-1.1690560110194688,-2.235074171883504,6,-1.844976398160903,1,1,0.020015801948907,191538.0,0.013803680981595,0.2603550295857988,0.0,7.58951084215835,0.0192257045035554,0.0076376086383987,0.0668949170397682,0.8901764550961285,3797
06037269601,-0.13667201103526758,0.5672395672696073,0.30012136746857426,-0.08541022828828072,0.5051764731237951,0.23099999418950393,6,0.23024252712132207,7,3,0.1376363100501031,53664.0,0.114975845410628,0.5267175572519084,0.1816425120772946,72.3146747352496,0.5894488653109343,0.2148541114058355,0.0503978779840848,0.1385204833480695,3393
06037269602,0.1273306672023781,0.422263348447729,0.06624363362870794,0.6461374752125807,0.3155378192419901,-0.6874132908770298,6,0.14834994214272604,6,3,0.1656485806683435,58668.0,0.094745908699397,0.6223132036847492,0.161068044788975,48.2097831568331,0.3469458987783595,0.1403141361256544,0.0432809773123909,0.3329842931937172,2865
06037269700,-0.5036026556719342,-0.4695547905960474,0.19306903624255436,-1.0067697496988053,-0.511899673005894,0.2819162118762469,6,-0.3361402701423133,4,2,0.0987027636773829,89450.0,0.1057160417947142,0.406318082788671,0.0712968653964351,73.6510337871911,0.320360970107163,0.0891144952058657,0.1429780033840947,0.4094754653130287,3546
06037269800,-0.7469469775358428,-0.2888849863248178,-0.40923993021733485,-0.37382872997982497,-0.5081338913977235,-0.4823073951011885,6,-0.46822365175945535,3,2,0.0728824688115561,83214.0,0.0536175710594315,0.4890282131661442,0.0717054263565891,53.5930408472012,0.1437951411687459,0.0735390676296782,0.2774130006565988,0.4707813525935653,3046
06037269903,-0.6145546420443496,0.21708317624618187,0.22530515408866697,0.15803906904950454,-0.40681380232961045,-0.43715527752992683,6,-0.14301605375325557,5,2,0.0869300911854103,65750.0,0.1085043988269794,0.5585305105853051,0.0826979472140762,54.7781139687342,0.2052031569716457,0.0874013446360713,0.2282958199356913,0.3624671148786904,3421
06037269904,-0.5954964285970406,0.07419294618433063,-0.4585976525283006,-0.45843261818664993,-0.4438678722166262,-1.1490216417917503,6,-0.5052038778560061,3,2,0.0889522821576763,70682.0,0.0493482309124767,0.4779725248697299,0.0786778398510242,36.0943015632879,0.1451489686783804,0.1245225362872421,0.1807995925642984,0.5059842118665648,3927
06037269905,-0.4833281959004207,-0.19921644170976716,0.41601033897095524,-0.9884818895598221,-0.5282545845322756,-1.02989690607182,6,-0.4688612798005251,3,2,0.1008540056933712,80119.0,0.125,0.4087078651685393,0.0695224719101123,39.2208774583964,0.2562017080113867,0.1281008540056933,0.2078080520536803,0.3586823912159414,2459
06037269906,-0.7175895644951793,-0.646052617347223,-0.2973105097166256,-1.2336094507289754,-0.5443619442670153,-1.125004557977246,6,-0.7606547740887107,2,1,0.0759974667511083,95542.0,0.0632992327365729,0.3766756032171581,0.067774936061381,36.7246596066566,0.253324889170361,0.0588980367321089,0.2013932868904369,0.4202026599113362,3158
06037269907,-0.8316684040662592,-0.1637546327893077,-0.48614644315427114,-0.40544551738760237,-0.3498987487137164,-0.6235278479304585,6,-0.47674026567360256,3,2,0.0638930163447251,78895.0,0.0469653179190751,0.4848966613672496,0.0888728323699422,49.8865355521936,0.1664190193164933,0.1853640416047548,0.1950222882615156,0.3789004457652303,2692
06037270100,-0.38416765032312283,0.05370969544350969,-0.1516274419428228,-0.5470795936676235,-0.5564215581968456,-0.27720149932534727,6,-0.3104646746687087,4,2,0.111375535459305,71389.0,0.0759005145797598,0.4663885025498377,0.0664665523156089,58.9762985375693,0.1589719181342218,0.1075678248453117,0.2629700142789148,0.3655402189433603,4202
06037270200,-0.4434653331374319,0.16591850749329679,0.4899150583155811,-1.0274592967909244,-0.34958959915171706,-0.2474203153953657,6,-0.23535016311109355,5,2,0.1050836949783013,67516.0,0.1313926042486231,0.4036144578313253,0.0889063729346971,59.7579425113464,0.5241785492870428,0.0650960942343459,0.1041537507749535,0.2644141351518909,3226
06037270300,-0.6773334634520732,-0.0312943465275916,0.3016482049192424,-0.7090609469642422,-0.5722599146703754,0.04366674043639451,6,-0.2741056210431076,4,2,0.0802688809806247,74323.0,0.1151079136690647,0.4452214452214452,0.0647482014388489,67.3978819969743,0.3512981904012588,0.3512981904012588,0.1038552321007081,0.1557828481510621,2542
06037271100,-0.771629658091338,-0.462862243324294,-0.4225933650574573,0.2697950930188423,-0.41904959157718713,-0.6941380743450896,6,-0.41674630656275397,4,2,0.0702634880803011,89219.0,0.0524625267665952,0.573134328358209,0.0813704496788008,48.0332829046899,0.1877300613496932,0.0212678936605317,0.2257668711656441,0.5243353783231084,2445
06037271200,0.16187629548546875,0.05359380717906374,-0.43976680116436906,-1.086353791779702,0.3893294153103973,0.10947355008812625,6,-0.13530792081350254,5,2,0.1693140794223826,71393.0,0.0509770603228547,0.3959183673469387,0.1690739167374681,69.1250630358043,0.3563176895306859,0.0487364620938628,0.1754512635379061,0.3916967509025271,2770
06037271300,-1.0263061404733678,-0.804355986580385,-0.577197865045875,-0.9457972813751768,-0.97294570985511,-0.9371909625478452,6,-0.8772989909796266,2,1,0.0432407828857533,101006.0,0.0390895596239485,0.4142857142857143,0.0212765957446808,41.6540595057993,0.153811149032992,0.005688282138794,0.1868031854379977,0.6263936291240045,4395
06037271400,-1.1518245813153278,-1.747135989914266,-0.5525520179991402,-3.074968124169635,-1.1127678635096987,-1.6461752767519295,6,-1.5475706422766662,1,1,0.0299225220411434,133547.0,0.0412213740458015,0.1360544217687075,0.0061068702290076,23.0458900655572,0.1098049692759818,0.0122896072668982,0.1044616617686347,0.7061180870959124,3743
06037271500,-0.7819121173846688,-0.7948821209619289,-0.4806291759544695,-0.9587092967666686,-1.1690560110194688,-2.1447699367409783,6,-1.0549931098046972,1,1,0.069172457359444,100679.0,0.0474425500370644,0.4125984251968504,0.0,9.95965708522441,0.1104486978349545,0.0329463445246313,0.1327267022278004,0.6692814559146533,3187
06037271600,0.07848347148075295,-0.47946323720617573,-0.6588734303655748,-0.25885078587565685,-0.6120257702638847,-1.069765265203895,6,-0.5000825029057391,3,2,0.1604655996674288,89792.0,0.0320247933884297,0.5040530582166544,0.0604338842975206,38.1744831064044,0.1400956142174184,0.0411556848887965,0.2914155061317813,0.459571814591561,4811
06037271701,-0.5582906831962132,-0.6005664735521892,-0.2560764307617541,-0.687607082544783,-0.7111234400152072,-1.0443071563605215,6,-0.6429952110717779,3,1,0.0929000353232073,93972.0,0.0668658946581994,0.448024948024948,0.0496824803884945,38.8426626323752,0.121355813136635,0.1304882332279592,0.2539515279241306,0.4531085353003161,5694
06037271702,0.4135519309185538,0.16794655212110082,-0.4000672608406954,-0.27104481661523677,-0.501990913715027,-0.9688935131829873,6,-0.260083003552382,4,2,0.1960183767228177,67446.0,0.0544109878499735,0.5024595924104006,0.0723718964606444,40.8219868885527,0.1730474732006125,0.0513016845329249,0.3675344563552833,0.3483920367534456,3918
06037271801,0.1190238440617158,0.5164515353761715,0.2610471843060071,0.31607622281413805,-0.5829258465668893,-0.6288116063696488,6,0.00014355560358240518,6,3,0.1647671768153696,55417.0,0.1115960099750623,0.579182156133829,0.0635910224438902,49.7478567826525,0.2813415825464018,0.0638228590035819,0.2767828069032888,0.3461413220449365,3071
06037271802,-0.9725722344398614,-0.3498422134233853,-0.0960580830750011,-1.2412984164474592,-0.6554158486693119,-1.1975361510970417,6,-0.75212049119201,2,1,0.0489422732162065,85318.0,0.080707148347425,0.3756708407871199,0.0557263643351268,34.8209783156833,0.2818922749822821,0.0460666194188518,0.2400779588944011,0.4059177888022679,5644
06037271901,-0.4957332926287569,-0.5721448766968209,-0.43834467847827435,-0.6493813146160466,-0.48218281283202147,-0.7512987338236049,6,-0.5648476181792542,3,1,0.099537750385208,92991.0,0.0511000709723208,0.4530201342281879,0.0745209368346345,46.5330307614725,0.285362095531587,0.0850539291217257,0.1870570107858243,0.3969183359013867,3245
06037271902,-0.5713520756489535,-0.01956065975243958,-0.8792120211517754,-1.2124040307986028,-0.2577946926431029,-1.479016373402999,6,-0.7365566422329789,2,1,0.0915141430948419,73918.0,0.012965964343598,0.3794466403162055,0.0988654781199351,27.4331820474029,0.3334917993819824,0.0672688376515331,0.103161397670549,0.4397432850011885,4207
06037272100,-0.27274731099415084,-0.627771243630875,-0.7076228541948077,-0.12805986083763413,-0.7770492694335692,-1.3767035963532224,6,-0.6483256892407099,3,1,0.1231979030144167,94911.0,0.0278080697928026,0.5211442786069652,0.0425299890948745,30.1185073121533,0.2839667977282656,0.0091743119266055,0.0563564875491481,0.5834425513324596,4578
06037272201,0.19081770830376546,0.3049844248284318,-0.070087963643313,-0.302091374123219,-0.38765389033632036,-0.8310354520877473,6,-0.1825110911764004,5,2,0.1723849372384937,62716.0,0.0829535095715588,0.4984025559105431,0.0847766636280765,44.4402420574887,0.401255230125523,0.0213389121338912,0.10418410041841,0.4531380753138075,2390
06037272202,-0.5556286335261323,0.28647127458319194,-0.4102933971714029,-0.03829319287651378,-0.34484936746094685,-0.6566714235944698,6,-0.2865441233410457,4,2,0.0931824947901161,63355.0,0.0535264483627204,0.5328746177370031,0.0894206549118387,49.0166414523449,0.4126228044060732,0.0485263471271211,0.0919916641857695,0.3587377195593926,3359
06037272301,-0.4926660704092643,-0.3285477448314427,0.41042208873078484,-0.7182155660661046,-0.6415450849176584,-0.2892100412325974,6,-0.34329373645438044,4,2,0.0998632010943912,84583.0,0.1245166279969064,0.4440251572327044,0.0572312451662799,58.661119515885,0.2807881773399014,0.0249589490968801,0.1444991789819376,0.4755336617405583,3045
06037272302,-0.4822842510812847,0.40435861159083036,1.0136169793163683,-0.6266526701388245,0.15758488772718543,-0.7738747926092358,6,-0.05120853919916016,5,2,0.1009647745120035,59286.0,0.1766917293233082,0.4559902200488998,0.1439312567132116,45.940494200706,0.4888938748036796,0.0379178819833969,0.0993942113529279,0.3522548799641014,4457
06037273100,-0.5573691850296215,-1.3981095094691887,-0.39316279014042205,-0.6010386920998235,-1.0933812642647491,-1.140375491618526,6,-0.8639061554370553,2,1,0.0929978118161925,121500.0,0.0550082101806239,0.4593373493975903,0.0082101806239737,36.3212304589007,0.2031363967906637,0.0226112326768781,0.0780452224653537,0.6725018234865062,2742
06037273200,-0.15438885819760362,-0.44840518233466226,-0.08582036888900396,-0.5073114179098172,-0.6696915953261492,-0.5788560720354843,6,-0.40741224911545343,4,2,0.1357564461012737,88720.0,0.0815926892950391,0.4715852442671984,0.054177545691906,51.0590015128593,0.3465469185506348,0.0653453081449365,0.0222979250541963,0.5308144936512852,3229
06037273300,0.24739049706365923,0.04113581875112456,0.8375858140092457,-0.6056097851787201,-0.7063208499274459,-0.802695293186639,6,-0.1647522997447959,5,2,0.1783876500857633,71823.0,0.1614654002713704,0.4587400177462289,0.0502035278154681,45.1840645486636,0.248713550600343,0.1433962264150943,0.0240137221269296,0.5506003430531733,2915
06037273402,-0.328661346431097,0.028532969992627954,1.2818100114233257,-0.18629894445248502,-0.7376349465086678,-1.2979275614416583,6,-0.20669663623632573,5,2,0.1172650878533231,72258.0,0.1998898678414097,0.5135338345864662,0.046806167400881,32.1860816944024,0.1378265808405906,0.0594471790988262,0.0018932222642938,0.7902309731162438,2641
06037273502,-0.15151330113065198,-0.49015392960131426,1.0020584130749217,-1.1369016801694538,-0.7697556144248895,-1.2522951021941053,6,-0.46642686907424885,3,2,0.1360615599860091,90161.0,0.1756919374247894,0.3893129770992366,0.0433212996389891,33.3837619768028,0.1146452289409297,0.0608178958406151,0.0202726319468717,0.7668647326109752,2861
06037273600,-0.8782788454426107,-1.4652957307817258,-0.5799337188648089,-0.5681403948337284,-0.7853619435239839,-1.2546968105755532,6,-0.9219512406704019,2,1,0.0589473684210526,123819.0,0.0388529139685476,0.4636363636363636,0.0416281221091581,33.320726172466,0.152,0.0176842105263157,0.0143157894736842,0.7949473684210526,2375
06037273700,-0.4604499990320871,-0.6801527391604425,-0.4989620102076427,-1.173636027731836,-0.7686312770249851,-1.8306264804473007,6,-0.9020764222673824,2,1,0.1032815198618307,96719.0,0.0458567980691874,0.3845126835781041,0.0434432823813354,18.2047402924861,0.2341968911917098,0.0535405872193437,0.0317789291882556,0.6286701208981001,2895
06037273800,-0.9448834197735033,-0.6810508732098985,-0.018779388821379462,0.07967134382966107,-1.0522271258028093,-1.692768419352061,6,-0.7183396471883318,2,1,0.0518802228412256,96750.0,0.0873915943962641,0.5482897384305835,0.0126751167444963,21.8229954614221,0.2224930362116991,0.0344707520891364,0.0814763231197771,0.6239554317548747,2872
06037273902,-0.8221094829132961,-2.0767511860646475,-0.43094234404248366,-1.069074977261887,-0.934941267672741,-1.0399840812739134,6,-1.0623005565381616,1,1,0.06490727532097,144924.0,0.0517403574788334,0.3981762917933131,0.0253998118532455,38.9561270801815,0.1087420042643923,0.0180052120350627,0.0383795309168443,0.785122009002606,4221
06037274100,0.4365079344629731,-1.2428482071777327,-0.22391879149819405,0.23921522217559088,-1.0779144652074861,-0.8987636284446436,6,-0.46128698928158207,3,2,0.1984541466471694,116141.0,0.0696474634565778,0.5691382765531062,0.0098882201203783,42.6626323751891,0.0537412153782554,0.1438610996279454,0.0979743695742042,0.6308391897478297,4838
06037274202,-0.6616520506797748,-1.6086205418352493,-0.2701852149184023,-1.4624306197975407,-1.100481774419765,-1.3056130282622964,6,-1.0681638716521715,1,1,0.0819327731092437,128766.0,0.0656455142231947,0.3467741935483871,0.0074398249452954,31.9843671205245,0.099906629318394,0.0156395891690009,0.0821661998132586,0.7563025210084033,4284
06037275101,-0.4840709615126713,-0.7027799227935134,-0.2665789710034626,-0.5622447699323233,-0.992556739971546,-0.46693646145990847,6,-0.5791946377789042,3,1,0.1007751937984496,97500.0,0.0659574468085106,0.4644067796610169,0.0191489361702127,53.9964699949571,0.2566752799310939,0.020671834625323,0.2678725236864772,0.4031007751937984,1161
06037275102,0.33028291411657884,0.43521386199956347,0.4027896636314722,0.3102558858061997,1.0882135778927482,0.09410261644684625,6,0.4434764199822348,8,3,0.1871830336560627,58221.0,0.123856439127375,0.5784215784215784,0.2448979591836734,68.7216338880484,0.698248040571692,0.0553250345781466,0.0401106500691562,0.1828031350852927,4338
06037275200,0.06866832419765823,0.31874615623138786,0.48906412836862845,0.6512102932364595,-0.11933602593749511,0.09554364147571558,6,0.2506494195953924,7,3,0.1594241535590509,62241.0,0.1313190005810575,0.6229760986892829,0.1138872748402091,68.7594553706505,0.3798986936816849,0.0717142095441215,0.133031191682218,0.3561716875499867,3751
06037275302,-0.6085547782458898,-0.6858892082505168,-0.763591859165395,0.6710344381375681,-0.9504255133735103,-0.6633962070625297,6,-0.5001371879933788,3,2,0.0875667127890887,96917.0,0.0229668674698795,0.6255666364460563,0.0237198795180722,48.8401412002017,0.0788693417671476,0.0428938525400276,0.1543783356394544,0.6700929037359162,5059
06037275311,-0.7143079956054824,-0.4930511362124629,-0.01993774234532307,0.26915527180353715,-0.93635859333493,-1.1567071086123883,6,-0.5085345507178416,3,2,0.0763456609300622,90261.0,0.0872913992297817,0.5730507191521574,0.0252460419341035,35.89258698941,0.2945807396558037,0.0421091175393628,0.1924203588429147,0.4274990845844013,5462
06037275400,-1.248536085048417,-1.847958779982239,-0.32977070602996017,-1.9215141711409136,-0.5897150409918653,-1.4170522971615844,6,-1.2257578467258299,1,1,0.0196608503317768,137027.0,0.0604914933837429,0.286783042394015,0.0628544423440453,29.059505799294,0.1297616121897272,0.024576062914721,0.1508970262963873,0.6485623003194888,4069
06037275500,1.706527051631728,0.8894089424293368,1.1048490670811661,0.05945200523344731,0.034446272423896175,-0.22100152319941394,6,0.59561363593336,8,4,0.3332108068369785,42544.0,0.1845831148400629,0.5456475583864119,0.1305715783953854,60.4513363590519,0.6408515323912645,0.0690034868783263,0.0833180400073407,0.1807671132317856,5449
06037275602,-0.4519281724423192,-2.1938273052211645,-0.6514350583710485,-0.5910831564181335,-0.7719179333657751,-1.1615105253752875,6,-0.9702836918656214,2,1,0.1041857368727635,148965.0,0.0326681970686915,0.4606382978723404,0.0430867031608687,35.7665153807363,0.1364462809917355,0.0657024793388429,0.2315702479338843,0.5265289256198347,12100
06037275603,-0.7948788400021735,-0.31542339888293935,-0.28952036559355765,-0.34771533129535503,-1.1147460033737844,-0.343008308977079,6,-0.5342153746874815,3,2,0.0677966101694915,84130.0,0.0639730639730639,0.4924406047516199,0.0058922558922558,57.2491174987393,0.2408356326369728,0.0268033109972408,0.2554197871501774,0.4284588096176586,2537
06037276000,-1.1328506362426554,-2.069913778462337,-0.7950462358841429,-1.1090662885291416,-1.0739203270088116,-1.690366710970609,6,-1.3118606628496163,1,1,0.031935771632471,144688.0,0.020246129416435,0.3929503916449086,0.0103215561730845,21.886031265759,0.2517235283719286,0.0636379706558246,0.1251546756231218,0.5161746508750221,5657
06037276100,-0.7588897962063422,0.1947746853403373,-0.7886820741892226,0.07851505439694537,-1.0261035602588435,-0.8800303030693337,6,-0.5300693323310766,3,2,0.0716152639832723,66520.0,0.0207966161438138,0.5481386392811296,0.0155093408530137,43.1543116490166,0.1787767903815995,0.3514549573096358,0.1765115873845617,0.2216414009409305,5739
06037276400,-0.5865250395943483,-2.457212358240688,-0.6561765893672392,-0.5472386861025577,-1.1690560110194688,-1.9012367068619356,6,-1.2195742318643727,1,1,0.0899042004421518,158056.0,0.032258064516129,0.4663677130044843,0.0,16.3514876449823,0.154261852124785,0.0243183492999263,0.0776222058462294,0.7089167280766396,4071
06037276500,0.829066334502686,-0.5337858611652129,-0.8011483430580372,0.7435027410778996,-1.1690560110194688,-1.160069500346418,6,-0.34858177333475854,4,2,0.2401069518716577,91667.0,0.0197183098591549,0.635036496350365,0.0,35.8043368633384,0.1684878392668311,0.0671483961931617,0.1540359534719774,0.5440606274233345,5674
06037276601,-0.540618005401616,-1.9030636497262863,-0.8653781939326916,-1.084457750815778,-1.1350023749798455,-1.8772196230474316,6,-1.2342899329839414,1,1,0.094775212636695,138929.0,0.0141625615763546,0.3961661341853035,0.0036945812807881,16.981845688351,0.0933171324422843,0.0544349939246658,0.132685297691373,0.6444714459295261,4115
06037276603,-0.896413833755296,-0.49635395174917235,-0.8400043631222842,-0.45622605431400826,-1.099470474777444,-1.6826812441499712,6,-0.9118583203113627,2,1,0.0570231371834578,90375.0,0.0163573450770682,0.4782608695652174,0.0075495438817238,22.0877458396369,0.1145928220076516,0.1060302423027873,0.1288030606667881,0.6094006194206595,5489
06037276604,-0.3596493702599112,-0.5876159600003548,-0.5620974610625721,-1.104549172047379,-0.8309152897620431,-1.6010231591806645,6,-0.8409750687188208,2,1,0.1139770723104056,93525.0,0.0403957131079967,0.3935406698564593,0.0366859027205276,24.2309631870903,0.164576124567474,0.076340830449827,0.1950692041522491,0.5010813148788927,4624
06037277000,-1.2475748245246296,-1.8750186897303673,-0.7722006820956234,-0.7206379560251782,-0.9809502119434509,-1.4886232069287977,6,-1.1808342618746746,1,1,0.0197628458498023,137961.0,0.0222222222222222,0.4437086092715231,0.0204081632653061,27.1810388300555,0.1065397053539346,0.0379087315846209,0.1333093783686669,0.667804527488322,5566
06037277100,-1.1358935214567611,-1.4768845572263203,-0.9057941374371635,-1.5356261519099246,-0.9314574861421168,-0.9093311453230242,6,-1.1491644999158852,1,1,0.0316129032258064,124219.0,0.0106666666666666,0.3372093023255814,0.0257777777777777,42.3852748361069,0.1925806451612903,0.0180645161290322,0.1351612903225806,0.5203225806451612,3100
06037277200,0.5789690539103873,0.37848655655327296,0.2999995932021265,0.18485525448432055,-0.9132768669834964,0.48221869088918884,6,0.16854204700929995,6,3,0.2135701275045537,60179.0,0.1149653121902874,0.5620347394540943,0.0277502477700693,78.9082198688855,0.3479052823315118,0.2750455373406193,0.0979052823315118,0.2290528233151184,2196
06037277400,0.1732137521604325,0.8685490548290665,-0.4188545815137265,0.032829774332895224,-0.08786138876435039,0.6777177531392317,6,0.2075990606972582,6,3,0.1705170517051705,43264.0,0.0527859237536656,0.5421686746987951,0.1173020527859237,84.0393343419062,0.3223322332233223,0.4796479647964796,0.066006600660066,0.0528052805280528,909
06037278001,-0.3741337612360371,-1.0495176100157835,-0.2839931326543707,-0.7438300168956066,-0.8441804365830436,-1.163431892080448,6,-0.7431811415775482,2,1,0.1124401913875598,109468.0,0.0644511581067472,0.4406779661016949,0.0352467270896273,35.7160867372668,0.2974481658692185,0.0422647527910685,0.1212121212121212,0.4637161084529506,2508
06037278102,-0.972980406285585,-2.1711421774558706,-0.8611181836185469,-1.4230091373435547,-0.7733380651429058,-2.0405357929860415,6,-1.3736872938054174,1,1,0.0488989637305699,148182.0,0.0145310435931307,0.351925630810093,0.0429326287978863,12.6954109934443,0.130181347150259,0.0100388601036269,0.069300518134715,0.7532383419689119,3088
06037291110,1.151470155632486,0.8604368763178504,-0.3389038837720306,1.181771777824928,0.5161754202548577,1.220023505670673,6,0.7651623086547942,9,4,0.2743159346976316,43544.0,0.0597014925373134,0.6923076923076923,0.1828358208955224,98.2728189611699,0.5103621043042587,0.471874288317012,0.0,0.0109314506946025,4391
06037291120,0.727509086478598,0.5750909971858201,0.21975926942542326,-0.2414332214999031,0.8649830848534616,1.079283394517698,6,0.5375321018268496,8,3,0.2293311175737432,53393.0,0.1080246913580246,0.5063291139240507,0.220679012345679,94.5789208270298,0.646032405484005,0.3294557540506855,0.0116327378479434,0.012879102617366,2407
06037291130,-0.3735700927608507,0.16386149079938123,0.33238401796572026,-1.190163502078468,1.076755356629235,1.182076513243762,6,0.19855729729979665,6,3,0.1125,67587.0,0.1177664974619289,0.3823529411764705,0.2436548223350254,97.2768532526475,0.6682294539437397,0.1765030336458908,0.0990071704357418,0.0339216767788196,3626
06037291210,0.7797559725224769,0.3466752279628608,-0.5603256545492978,0.8917723914133815,0.3891828573089426,1.270939723357416,6,0.51966675300263,8,3,0.2348748261474269,61277.0,0.040548970679975,0.6544117647058824,0.1690580162195882,99.6091780131114,0.654126213592233,0.0970873786407767,0.1662621359223301,0.0705617198335644,5768
06037291220,0.7747216977386087,0.6658604803131072,0.10803362327580739,0.7525631431190343,1.1063529992115546,1.2805465568832182,6,0.7813464167568883,9,4,0.2343406593406593,50260.0,0.0983606557377049,0.6362204724409449,0.2468659594985535,99.8613212304589,0.6934065934065934,0.0843406593406593,0.1631868131868132,0.0398351648351648,3640
06037291300,-1.1141968754795728,-0.23288198253131442,-0.2876215445215589,-0.27772004056354993,-0.7777211824087468,0.9476697752142265,6,-0.29041197504841937,4,2,0.0339150477444846,81281.0,0.064137308039747,0.5015873015873016,0.042457091237579,91.1245587493696,0.2462956865327626,0.0951596970694764,0.4333223575897267,0.1471847217648995,3037
06037292000,1.5156010457174696,0.9012585174689348,-0.0376648677398268,0.8512029760030276,0.42595441698039654,1.227228630815024,6,0.813930119874171,9,4,0.3129524102880024,42135.0,0.0857580398162327,0.6491103202846975,0.1730474732006125,98.4619263741805,0.5541343079031521,0.1067458504644434,0.1770976092584132,0.0753768844221105,6567
06037293201,-0.1746147597811107,0.2598749178928474,-0.1459417916614807,-0.19898929402519536,0.49358046045875137,0.7305553375311351,6,0.16074414506915785,6,3,0.133610356400831,64273.0,0.0763923114834894,0.5118755118755118,0.1803844258255298,85.4261220373172,0.5334711400858642,0.0596279217681666,0.2351725234536492,0.1504213706471617,6289
06037293202,1.2603041390223189,0.8797612444142118,-0.600927021401342,0.7512564852078689,1.3033424322793503,0.9342202082781069,6,0.7546595813000857,9,4,0.2858638743455497,42877.0,0.037037037037037,0.636049723756906,0.2682379349046015,90.7715582450832,0.7068249258160237,0.0775964391691394,0.1497032640949555,0.0483679525222551,6740
06037293301,-0.6206852410148728,-0.30493551095058125,-0.7360161058926062,-0.37732428373910215,-0.5805409663985376,-0.5044031122105281,6,-0.5206508700343714,3,2,0.0862795977943561,83768.0,0.0253521126760563,0.4885714285714285,0.0638497652582159,53.0131114473021,0.1396396396396396,0.0135135135135135,0.4922779922779923,0.2821750321750321,3108
06037293302,-0.5132248488122103,-0.31035328731342926,-0.5962728458389975,0.12488806208795408,0.27252049627143987,0.44283067343340915,6,-0.09660195836197234,5,2,0.0976817911630671,83955.0,0.03743961352657,0.5541984732824428,0.1564009661835748,77.874432677761,0.3040141676505313,0.1375442739079102,0.256198347107438,0.2552144824872097,5082
06037293304,0.054356934760257866,0.29241054813604667,-0.7282091596570242,-1.384766075407768,0.1693296333652401,0.4692494656293606,6,-0.18793810886231446,5,2,0.1579056291390728,63150.0,0.0260273972602739,0.3569230769230769,0.1452054794520547,78.5678265254665,0.6806705298013245,0.0678807947019867,0.1103062913907284,0.1105132450331125,4832
06037293306,-1.0856333182888567,-0.7810045012945269,-0.6359798801706374,-0.5033492483850656,-0.36806645601189086,-0.7287226750379742,6,-0.6837926798648253,3,1,0.0369458128078817,100200.0,0.0340050377833753,0.4721030042918455,0.0869017632241813,47.125567322239,0.446223316912972,0.0504926108374384,0.1305418719211822,0.3427750410509031,2436
06037293307,0.9924513356270522,0.6334407383343539,-0.25753644894809175,-0.4710241426916983,0.1217531485043667,0.46828878227677817,6,0.24789556885046019,7,3,0.2574430823117338,51379.0,0.0667396061269146,0.4763271162123386,0.1400437636761488,78.5426122037317,0.6059544658493871,0.0801225919439579,0.1733800350262697,0.1133975481611208,2284
06037294110,-0.12137984783380434,0.6441024586633809,-0.914954357099789,0.701055022740675,1.0649114232495793,0.8986749242326441,6,0.37873493732544766,7,3,0.1392589004601598,51011.0,0.0098743267504488,0.6294896030245747,0.2423698384201077,89.8386283408976,0.8471784935819812,0.0,0.0295471058367643,0.0951804310971179,4129
06037294120,1.0192277275377284,0.4659821962099621,-1.0291111731370455,-0.1904835082922795,1.7658477215521386,1.1671859212787732,6,0.5331081475248796,8,3,0.2602842183994016,57159.0,0.0,0.512987012987013,0.3184165232358003,96.886031265759,0.925195385187942,0.0323781168589505,0.0186081131373278,0.0204689244510606,2687
06037294200,-0.7435228058037168,0.08607149329004007,-0.30179325043748156,1.109621399092884,0.38849303048854095,0.4582016070746886,6,0.16617857895082588,6,3,0.0732457940090274,70272.0,0.0629114850036576,0.6828793774319066,0.168983174835406,78.2778618255169,0.8762823143208863,0.0246204349610176,0.0348789495281083,0.0535494460402133,4874
06037294301,-1.0638668847941612,0.2136065283128035,-0.5418027562634182,1.2489552826587516,0.626151367953111,0.38326830557344593,6,0.14438530724008874,6,3,0.0392553622015378,65870.0,0.0421511627906976,0.7010869565217391,0.1947674418604651,76.3111447302068,0.820315661675435,0.0137596114933225,0.103197086199919,0.056252529340348,2471
06037294302,0.20288164251828272,0.5194646302517661,-0.16808479939570992,-0.13117406515970934,0.9134876892112587,0.947189433537939,6,0.3806274218273045,7,3,0.173664993153811,55313.0,0.0744769874476987,0.5207373271889401,0.2259414225941422,91.1119515885023,0.8605659516202647,0.0435874030123231,0.0166590597900502,0.0648105887722501,4382
06037294410,1.1454577231314778,0.6465650842828572,0.20905903307543938,-0.5872041209975364,-0.2101078431472345,0.6364083689782913,6,0.30669637422054913,7,3,0.2736779794790844,50926.0,0.1070991432068543,0.4611451942740286,0.1040391676866585,82.9551185073122,0.3835400669423114,0.2476865524709588,0.199645599527466,0.0852530025595589,5079
06037294421,0.707961531238756,0.7337420312123201,0.5278438630235336,0.24388037204873642,0.5724823016320674,1.0240441017443427,6,0.6349923668166261,8,4,0.2272570044967139,47917.0,0.1346733668341708,0.5697478991596638,0.1889447236180904,93.1290973272819,0.7405741957800069,0.0460048426150121,0.1148391560013836,0.0826703562781044,2891
06037294510,0.791561926928339,0.674001630890435,-0.011231331429835505,0.7884926577649245,2.5724886226872044,0.720948504005333,6,0.9227103351410667,9,4,0.2361275088547816,49979.0,0.088044485634847,0.6409155937052933,0.4059314179796107,85.1739788199697,0.9756001574183392,0.0019677292404565,0.0015741833923652,0.0192837465564738,5082
06037294520,0.392570989319852,0.6521856651084856,0.030006579666168348,0.9054442509775223,2.025420616556265,0.7002938119248626,6,0.784320318925526,9,4,0.1937921727395411,50732.0,0.0916114790286975,0.656198347107438,0.3465783664459161,84.6318709026727,0.9342318059299192,0.0215633423180593,0.0064690026954177,0.0353099730458221,3710
06037294610,0.7755210272402647,0.6799698765094011,0.2764813653881135,0.5748247527187142,1.0637273919785428,0.6248801687473281,6,0.6659007637637275,8,4,0.2344254730041532,49773.0,0.1129310344827586,0.6129943502824858,0.2422413793103448,82.6525466464952,0.9026303645592986,0.0103830179972311,0.0535302261190586,0.0334563913244116,4334
06037294620,0.18053913332954652,0.8429377483865125,-0.33482167505422095,1.1179633221979508,1.2463662242496552,0.9414253334224579,6,0.6657350144219836,8,4,0.1712943186672362,44148.0,0.0600545950864422,0.683969465648855,0.2620564149226569,90.9606656580938,0.932308349348708,0.0153747597693786,0.0,0.0333119795003203,4683
06037294701,1.6225294891632698,1.0581712275287454,1.3864215443082828,0.8802282656220931,1.8896073341797397,1.2579704980975872,6,1.3491547264832864,10,4,0.324298160696999,36719.0,0.2089385474860335,0.6529032258064517,0.3318435754189944,99.2687846696924,0.9028718941594064,0.0490480800258147,0.0058083252662149,0.0277508873830267,3099
06037294810,1.0761444639955453,0.674783876675445,0.1326255351331903,0.015555229551258015,2.544794775225779,0.9351808916306856,6,0.8965141287019839,9,4,0.2663234261642874,49952.0,0.1004878048780487,0.5399113082039911,0.4029268292682927,90.7967725668179,0.9079008882655446,0.0252454417952314,0.0205703599812996,0.0245441795231416,4278
06037294820,0.775087743468178,0.9804971182838502,0.2936545130030004,0.1829321762045367,3.0915188156497018,1.0960953531878472,6,1.0699642866328525,10,4,0.2343794989922257,39400.0,0.11441647597254,0.5617834394904458,0.4622425629290618,95.0201714573878,0.9668874172185432,0.008926000575871,0.0167002591419522,0.0074863230636337,3473
06037294830,1.2628119758392549,0.8319573353302592,0.017836203650253776,0.6019022094511162,1.71686388328264,1.1993688135902025,6,0.9384567368572879,9,4,0.2861299709020368,44527.0,0.0905587668593449,0.616532721010333,0.313102119460501,97.7307110438729,0.9354136429608128,0.0341074020319303,0.0079825834542815,0.00774068698597,4134
06037294900,0.7035154370732051,0.9008239364772624,-0.16172848634124665,-0.0009812793185374055,0.8956722723004685,1.151334645961202,6,0.5814394210253924,8,4,0.2267852471880722,42150.0,0.07502679528403,0.5377503852080123,0.2240085744908896,96.4699949571357,0.8764599013755515,0.0324422527900337,0.0295873345445107,0.0360757851025175,3853
06037295103,-1.2485369779474609,-1.4897481545798203,-0.583345098295519,-1.126512794752423,-1.0721301886613206,-0.7407312169452244,6,-1.0435007385302948,1,1,0.0196607555898226,124663.0,0.0385578367551327,0.39067055393586,0.0105157736604907,46.8103883005547,0.2956823438704703,0.041249036237471,0.1559367771781033,0.4699306090979183,5188
06037296210,0.9734586254940204,0.9589129290307928,0.6240963561066653,0.5217641286060669,1.0551502944404596,1.2550884480398485,6,0.8980784636196422,9,4,0.2554278416347382,40145.0,0.1429990069513406,0.6060606060606061,0.2413108242303873,99.1931417044882,0.8703703703703703,0.0600255427841634,0.0031928480204342,0.0590676883780332,3132
06037296220,2.192295577968351,1.2522550984095933,1.1202526533221773,-0.19699649752108586,-0.34340402194833797,0.9688048089709881,6,0.8322012698669478,9,4,0.384753766584214,30020.0,0.1859154929577464,0.5121359223300971,0.0895774647887324,91.679273827534,0.6525747695075331,0.1277265572295929,0.0948954351248032,0.0926467281313244,4447
06037296300,-0.3241763788373718,-0.21657070931054756,-0.8208560769423198,0.8613550670592983,-0.6485139652803809,-0.09755371239287546,6,-0.2077192959506995,5,2,0.1177409698662941,80718.0,0.0180136319376825,0.6504369538077404,0.056475170399221,63.6913767019667,0.2329421125920031,0.0911080167097672,0.2476626218420529,0.4141635170081559,5027
06037296401,-0.9565641680377304,-0.5599766089299967,-0.34529973207647763,-0.7490181668088431,-0.8855621766075835,-1.7283137033975238,6,-0.8707890926430258,2,1,0.050640825257893,92571.0,0.0591482649842271,0.44,0.0307570977917981,20.8900655572365,0.2424899349643852,0.0520284917931248,0.1139671724992257,0.545370083617219,3229
06037296402,-0.7369859476625933,-1.0339016663816922,-0.6561765893672392,-1.4636599799572285,-0.45051208497908796,-1.2863993612106952,6,-0.9379392715930894,2,1,0.0739393939393939,108929.0,0.032258064516129,0.3466135458167331,0.0779569892473118,32.4886535552194,0.5389492753623188,0.029891304347826,0.0772946859903381,0.3535628019323671,3312
06037296500,1.2128047604617844,1.0827685116573975,-0.18815225338047598,1.4291777003875799,-0.34332052395759144,1.083606469604306,6,0.7128141107955002,9,4,0.2808239048447926,35870.0,0.0727411944869831,0.7246376811594203,0.0895865237366003,94.6923852748361,0.7116333043225994,0.1154627212068465,0.0435161009573542,0.093124456048738,3447
06037296600,0.12013085217713065,0.9455278344872861,0.9056305638124751,1.5723822565370824,-0.4545822906070161,0.8218202560262402,6,0.6518182454055331,8,4,0.1648846370287,40607.0,0.1673511293634497,0.7433510638297872,0.0775154004106776,87.821482602118,0.7549458753266144,0.0584173198954833,0.0214632325494587,0.1483762597984322,5358
06037296901,1.1702623269343417,0.9366623822571712,0.5477064278419594,0.09979471351524347,0.09936382678670778,0.15030259257277961,6,0.5006820449847006,8,3,0.2763098969995521,40913.0,0.1363914373088685,0.5509193776520509,0.1376146788990825,70.196671709531,0.6399462606359158,0.0922525750111957,0.0382892969099865,0.1851768920734438,4466
06037296902,-0.06344328605380696,0.5985004266039012,0.27993811077484915,0.12070055266292606,-0.09243616934719348,0.2454102444782058,6,0.181444979853147,6,3,0.1454063178201109,52585.0,0.1132300357568533,0.5536512667660208,0.1168057210965435,72.6928895612708,0.5961128229438255,0.0393458165442047,0.023939322114245,0.2922493481867741,4219
06037297000,-0.6339993296890604,-1.0851822233990234,-0.7421893153629291,-0.4501506394223813,-1.0428472421058208,-1.376223254676931,6,-0.8884320007760245,2,1,0.0848668929783812,110699.0,0.0248181429182712,0.4790547798066595,0.0136927685066324,30.1311144730207,0.3707343219581919,0.0480614614972306,0.049669465785242,0.4691799178131142,5597
06037297110,1.707681807118478,0.9631138786169584,1.612548689817759,0.57487377151986,0.3691133601156217,1.1604611378107097,6,1.0646321074998977,10,4,0.3333333333333333,40000.0,0.2284980744544287,0.6130007558578987,0.1668806161745828,96.7095310136157,0.6427188642718864,0.1107765110776511,0.0539901053990105,0.1630458163045816,4649
06037297120,0.5289656211896265,0.6957306804740497,0.5429190270031028,-0.3534864337560067,-0.4031332483983263,0.8400732397252633,6,0.30851148103961823,7,3,0.2082644628099173,49229.0,0.1359773371104816,0.4916864608076009,0.0830972615675165,88.3005547150782,0.678676711431379,0.0560104814936128,0.0940058958401572,0.1713069112348509,3053
06037297201,-0.4788277705066931,0.3670425904392358,-0.6902415070394641,0.3461953643156389,0.01215095632087146,0.014365898182700058,6,-0.07155241138128515,5,2,0.1013315278718122,60574.0,0.0293115201090661,0.5831180017226529,0.1281526925698705,66.6288451840645,0.641953385127636,0.0725860155382907,0.0541620421753607,0.188235294117647,4505
06037297202,-0.8239489463154572,0.07173032056485427,-0.18620970503116446,-0.22188765094149834,-0.9055196520566416,-0.9693738548592786,6,-0.505868248106531,3,2,0.0647120972002113,70767.0,0.0729092208720514,0.5088832487309645,0.0285918513223731,40.8093797276853,0.4730586370839936,0.0203380876914949,0.0187533016376122,0.47675647120972,3786
06037297300,-1.1988697407190634,-0.8372972257491451,-0.4899984846822473,-0.5262720142410025,-0.8466933527583653,-1.2513344188415232,6,-0.858410872831891,2,1,0.0249307479224376,102143.0,0.0466321243523316,0.4691075514874142,0.0349740932642487,33.4089762985376,0.3059735522115823,0.0611035111719106,0.0437756497948016,0.528499772001824,2193
06037297400,-1.0827973857842497,-0.28138122120194275,-0.7834597075994313,-0.8222161949325523,-1.1690560110194688,-1.3349138705159904,6,-0.9123040651756057,2,1,0.0372467222884386,82955.0,0.0212483399734395,0.4304347826086956,0.0,31.2153303076147,0.2288438617401668,0.0241358760429082,0.0506555423122765,0.6728247914183552,3356
06037297500,-1.079434269346066,-0.4341798978739224,0.25851143612170785,0.04260640404678576,-1.0941553749629098,-0.5577210382787227,6,-0.4773954567155212,3,2,0.0376035691523263,88229.0,0.1113766730401529,0.5434462444771723,0.0081261950286806,51.6137165910237,0.3212237093690248,0.0308051837688548,0.0482260463140004,0.5604418950499257,4707
06037297601,-1.0914282545082892,0.5214057586812357,-0.40960318773213183,0.42660420157860335,-1.0550759926180897,0.03502059026317425,6,-0.2621794807225829,4,2,0.0363309352517985,55246.0,0.0535861500412201,0.5936254980079682,0.0123660346248969,67.1709531013616,0.3362926136363636,0.0767045454545454,0.0330255681818181,0.4211647727272727,2816
06037297602,0.11008604750464213,0.2424916782259555,-0.4821259278999053,-0.8418768223211516,-0.9052464178059645,-0.2824852577645377,6,-0.35985945001016023,4,2,0.1638188228912395,64873.0,0.0473130841121495,0.4278656126482213,0.0286214953271028,58.8376197680282,0.3870355302413886,0.0339029020884187,0.0895036615134255,0.4429075128831028,3687
06037300100,-1.1219776771405974,-1.9183898726992625,-1.0291111731370455,0.36339709873417103,-0.9653875019479535,-2.1601408703822593,6,-1.1386016660954912,1,1,0.0330894579314931,139458.0,0.0,0.5853658536585366,0.0220966084275436,9.55622793746848,0.1167276355171267,0.0031592949783837,0.270036581310276,0.5791486531426671,6014
06037300200,-0.3878336856105187,-0.8681814482239897,-0.6815993978153156,-0.1070636766383869,-0.8573637932268401,-1.2532557855466837,6,-0.6925496311769558,2,1,0.1109865470852018,103209.0,0.0300590445517981,0.5238879736408567,0.0338164251207729,33.3585476550681,0.0994020926756352,0.007100149476831,0.3555680119581464,0.5125186846038864,5352
06037300301,-1.0958988924107698,-1.206604152472263,-0.7374224060157799,-0.5581287100380583,-0.7263091738929467,-1.8325478471524612,6,-1.0261518636637132,1,1,0.0358565737051792,114890.0,0.0252304706453178,0.4649446494464944,0.0480349344978165,18.1543116490166,0.0825033200531208,0.0034860557768924,0.2156374501992032,0.6424302788844621,6024
06037300400,-1.0103088728896028,-0.6906985712250235,-1.0291111731370455,1.307124305705024,-0.7735259291629042,-0.3953655516926916,6,-0.43198096540037395,4,2,0.0449381891079184,97083.0,0.0,0.7086882453151618,0.0429122468659595,55.8749369641957,0.1752422318743735,0.0001670564650851,0.2295355830270631,0.5409288339458737,5986
06037300501,-1.1597257702418908,-1.0878766255473915,-0.8099458253291979,-1.1538612197159244,-0.6273826294147837,-1.2839976528292476,6,-1.020464953846406,1,1,0.0290841584158415,110792.0,0.0189573459715639,0.3870967741935484,0.0587677725118483,32.5516893595562,0.1516544117647058,0.0,0.2503063725490196,0.4598651960784313,3264
06037300502,-0.6444412951792818,0.1690764626994488,-0.8035546399064071,0.36635193023762386,-0.35026090553539835,-0.7215175498936233,6,-0.3307243329296063,4,2,0.0837589376915219,67407.0,0.0195101701951017,0.5857519788918206,0.0888335408883354,47.3146747352496,0.2808988764044944,0.0001702417432754,0.2415730337078651,0.4351378958120531,5874
06037300600,-0.7173569692186911,0.11982395030992181,0.26010846538971166,0.9855532875166176,-0.6461134779257985,-1.0447874980368128,6,-0.17379537366084188,5,2,0.0760221465076661,69107.0,0.11151481274455,0.6666666666666666,0.0567356064840693,38.8300554715078,0.1697367051722343,0.012488292226038,0.3095015090019773,0.4881881569362056,9609
06037300701,-1.1221020245455546,-1.6161243069581244,-0.38869123520864474,-0.32184122172426705,-0.9781413103194835,-1.3930352133470842,6,-0.9699892186838598,2,1,0.0330762639245929,129025.0,0.0553949903660886,0.4958217270194986,0.0207129094412331,29.6898638426626,0.0860325621251071,0.0099400171379605,0.113624678663239,0.7455012853470437,5835
06037300702,-0.8923101420271361,-1.1461104784314793,-0.8151323135969929,-0.4094375420190241,-1.1203136305079682,-2.0597494600376423,6,-1.0738422611033738,1,1,0.0574585635359116,112802.0,0.0185087255420412,0.484375,0.005288207297726,12.1911245587494,0.0484346224677716,0.0,0.0788213627992633,0.8403314917127072,5430
06037300800,-0.41816010368041706,-0.6638704380057872,-0.7042711790608956,0.21098303696166823,-0.7340952313836765,-0.9712952215644388,6,-0.5467848561222578,3,1,0.1077687318890575,96157.0,0.0280979827089337,0.5654490106544902,0.0471902017291066,40.7589510842158,0.1293956043956044,0.0057692307692307,0.2239010989010989,0.5612637362637363,7280
06037300901,-1.226317755391,-2.2153245782758875,-0.6302760032043789,-1.1644407420044371,-1.056090068133599,-1.8133341801008604,6,-1.3509638878516939,1,1,0.0220183486238532,149707.0,0.0344984112573763,0.3857142857142857,0.0122560145256468,18.6585980837115,0.0440366972477064,0.0073394495412844,0.2392966360856269,0.6536697247706422,6540
06037300902,-1.143625168381248,-1.8387166908926749,-0.935500063040981,-2.9907567072606076,-1.1690560110194688,-0.4919142286269871,6,-1.4282614782036613,1,1,0.0307925290257445,136708.0,0.0080971659919028,0.1470588235294117,0.0,53.3408976298538,0.1559818273599192,0.0,0.1479050984351337,0.6527006562342251,1981
06037301000,0.04151854765910588,0.12388003956552991,-0.2306555463032729,-0.6744580197065108,-1.0231725208008016,-0.18593658083024192,6,-0.32480401340269854,4,2,0.1565433991186051,68967.0,0.0690647482014388,0.4497432134996331,0.0158273381294964,61.3716591023701,0.1829827915869981,0.0179732313575525,0.1525812619502868,0.5726577437858509,5230
06037301100,-0.6137871512820465,-0.03071490520536187,0.3083185300487835,0.4157779462433464,-0.7209530198209917,-0.6441825400109288,6,-0.21425685667119984,5,2,0.087011526567332,74303.0,0.1156848828956707,0.5922107674684994,0.0486160397444996,49.3444276348966,0.10936182175991,0.012229406803486,0.1016305875737981,0.7355917908349733,7114
06037301203,-0.6076080913146649,0.19352888649754338,0.25953221345607574,0.31072779174729726,-0.777668148823083,-0.2565468072448731,6,-0.14633902594695078,5,2,0.087667161961367,66563.0,0.1114649681528662,0.5784832451499118,0.0424628450106157,59.5184064548664,0.1498620250477605,0.0314158352791339,0.1311823392061133,0.6540012736149438,4711
06037301204,-0.3142811548758692,0.42721757175279323,0.005549542079233643,-0.32280180051889357,-0.3007390864104358,0.07777099945298382,6,-0.07121398808669799,5,2,0.1187909125914516,58497.0,0.0894959962317475,0.4956962025316456,0.0942063118228921,68.2929904185577,0.1601059803179409,0.0768357305071915,0.1602952308856926,0.5989780469341408,5284
06037301205,-1.0265974184392712,-0.9826211093643612,-0.23980785728689258,-0.03813923099976262,-0.9592941226254623,-0.9962729887315175,6,-0.7071221212412112,2,1,0.0432098765432098,107159.0,0.0682730923694779,0.5328947368421053,0.0227576974564926,40.1033787191125,0.1149097815764482,0.0137701804368471,0.1163342830009496,0.7269705603038936,2106
06037301206,0.258440352805355,0.2760413307830568,-0.0662145181053855,0.6756381018894736,-0.4013700658381919,0.2963264621649488,6,0.1731436106165428,6,3,0.1795601061812665,63715.0,0.0832885545405695,0.6261682242990654,0.0832885545405695,74.0292486132123,0.0816133308085589,0.0302972921795114,0.1361484567316796,0.7405794357129332,5281
06037301300,-0.8615909253738663,-1.3287793552644016,-0.8309230800479487,-0.593538372583592,-1.1690560110194688,-0.5461928380477638,6,-0.8883467637228403,2,1,0.0607180570221752,119107.0,0.0171428571428571,0.4603174603174603,0.0,51.9162884518406,0.0781414994720169,0.0,0.0760295670538542,0.8426610348468849,1894
06037301400,-0.7500454780814827,-2.23798073397507,-0.88823108665584,0.11958533766887344,-0.909318148319682,-0.9030867035312519,6,-0.9281794688157422,2,1,0.0725536992840095,150489.0,0.0121858339680121,0.5535055350553506,0.0281797410510281,42.5491679273828,0.0646778042959427,0.0016706443914081,0.0548926014319809,0.8109785202863962,4190
06037301501,-0.8494039043807798,-0.6122422161951182,-0.04830668116482935,-0.667103856206895,-0.8030306474744379,-0.585580855503544,6,-0.594278026820934,3,1,0.0620111731843575,94375.0,0.0848375451263537,0.4507042253521127,0.03971119133574,50.8825012607161,0.1212290502793296,0.0027932960893854,0.0949720670391061,0.7625698324022346,1790
06037301502,0.4343221541608608,0.667453943949239,0.8279786919549764,0.6472455456057389,-0.4193867019731185,0.6733946780526199,6,0.47183471862505266,8,3,0.1982222222222222,50205.0,0.1606344042293615,0.6224580017683466,0.0813338755591703,83.9258698940998,0.1157037037037037,0.0,0.0831111111111111,0.7890370370370371,6750
06037301601,-0.14654633796552538,0.9905504252245361,2.23504866879253,1.0386455185744952,-0.6951847649695596,1.2137790638789039,6,0.7727154289225635,9,4,0.1365885846255361,39053.0,0.2823430257058575,0.67360454115421,0.0514117151285292,98.1089258698941,0.2194044502617801,0.0310863874345549,0.0422120418848167,0.6904450261780105,6112
06037301602,-0.640526585371303,0.21137567922221903,-0.60492127654813,0.06458479143770915,-0.8595237073160212,1.0293278601835332,6,-0.1332805397319988,5,2,0.0841743119266055,65947.0,0.0366915422885572,0.5463182897862233,0.0335820895522388,93.267776096823,0.4037336932073774,0.0308142150247413,0.1147098515519568,0.4183535762483131,4446
06037301701,-0.7624674672468573,-0.33158981177314883,0.339951312017902,-1.3323155972244258,-0.9911805273317964,0.8054886390323783,6,-0.3786855754209914,4,2,0.0712356515867657,84688.0,0.1184210526315789,0.3637770897832817,0.019298245614035,87.3928391326273,0.3041863605671843,0.0408507765023632,0.1289669142471303,0.4918973666441593,2962
06037301702,-0.327848264604866,0.4830177710835161,0.08553681488424149,-0.13507231268861994,-0.7448154612622673,1.0715979276970558,6,0.07206941251817668,6,3,0.1173513607210955,56571.0,0.0964147286821705,0.5202279202279202,0.0460271317829457,94.3772062531518,0.1410454155955441,0.021936589545844,0.154070265638389,0.6490145672664953,5835
06037301801,0.30241015834680474,0.41904744910935404,0.11983702553539309,-0.16154718555101832,-0.696797458922258,0.7310356792074264,6,0.11899761128761699,6,3,0.1842255667746237,58779.0,0.0993816254416961,0.5167682926829268,0.0512367491166077,85.4387291981846,0.2109166983643971,0.0123621148725751,0.2381133510840623,0.4689996196272347,5258
06037301802,0.1167520830266869,0.2872535203682021,0.17928996647276382,0.8321549513239462,-0.4069487408160077,0.4730921990396779,6,0.24693232990254488,7,3,0.1645261293179805,63328.0,0.1045241809672386,0.6466212027278363,0.0826833073322932,78.6686838124054,0.1204605845881311,0.0179362267493356,0.1899911426040744,0.6379539415411869,4516
06037301900,0.14026393037097853,0.2080728636855096,-0.041633753824270855,-0.36718244741983735,-0.6034625337483459,0.4361058899653489,6,-0.037972675161769526,5,2,0.1670208776097012,66061.0,0.0854147394387912,0.4898967220475976,0.0613629355534998,77.6979324256178,0.1474609375,0.0147705078125,0.214599609375,0.609130859375,8192
06037302002,0.5279242119227341,0.6902839320450903,1.1528376837043026,0.5253874814100558,-0.2484081163547302,0.718546795623885,6,0.5610953313918895,8,4,0.2081539630286148,49417.0,0.1887340301974448,0.6065340909090909,0.0998838559814169,85.1109430156329,0.124335274753102,0.0308938971891618,0.1805520384907571,0.6409217523423651,3949
06037302003,-0.10950948336279179,0.519696406780658,0.7824371611293931,-0.3075265636151454,-0.6176005487709715,0.27519142840818717,6,0.09044806676155492,6,3,0.1405184174624829,55305.0,0.1566951566951566,0.4976923076923077,0.0598290598290598,73.4745335350479,0.1055934515688949,0.0081855388813096,0.1781718963165075,0.6788540245566167,3665
06037302004,0.5126155796501803,0.6480426596545431,0.5142749957518482,0.5149185321645828,-0.5020607758678239,0.43898794002308805,6,0.3544631552294031,7,3,0.2065296251511487,50875.0,0.1334996880848409,0.6051660516605166,0.0723643169058016,77.773575390822,0.1852565646832088,0.0260178270296314,0.1900746807998072,0.5779330281859792,4151
06037302102,-0.7142543660200377,-0.09732168519566925,0.3408038551542855,-0.3852326642299476,-0.9624257817702326,0.013405214830121413,6,-0.30083757120524673,4,2,0.0763513513513513,76602.0,0.1184947958366693,0.4875379939209726,0.0224179343474779,66.6036308623298,0.1522031617894382,0.029431550622267,0.2154389505549949,0.5919946182307434,5946
06037302103,0.7187622043162596,0.8918136239165901,0.8438620495950623,0.18925134199052354,-0.3723325359474938,0.46588707389533074,6,0.45620729296104545,8,3,0.2284030208141462,42461.0,0.1620082815734989,0.5626092020966803,0.0864389233954451,78.4795763993949,0.1464088397790055,0.0088397790055248,0.1441988950276243,0.6885819521178638,5430
06037302104,-0.26141087479850555,0.35455562994518514,0.4418673839192096,-0.006440191264282657,-0.61321521706323,0.7920390720962589,6,0.11789930047243924,6,3,0.1244007670182166,61005.0,0.1272365805168986,0.5370370370370371,0.0603048376408217,87.0398386283409,0.214785447761194,0.0293843283582089,0.2905783582089552,0.4435634328358209,4288
06037302201,1.3191942196720463,1.4020117081398669,2.633404787149472,0.9079939518204279,-0.02858309160817621,0.46108365713242777,6,1.1158508720510107,10,4,0.2921124657875093,24851.0,0.3168,0.6565315315315315,0.1237333333333333,78.3535047907211,0.0967902463299328,0.0243841751679522,0.0873351579995023,0.7681015177904952,4019
06037302202,0.46476042459286443,0.8137339057461341,1.73319352807543,0.7646825590371451,0.3053225408932645,0.8559245150428338,6,0.8229362455646121,9,4,0.2014519056261343,45156.0,0.2389336016096579,0.6378041878890776,0.1599597585513078,88.7165910237015,0.2566243194192377,0.0134301270417422,0.1408348457350272,0.5716878402903811,5510
06037302301,0.2248684578690831,0.5055000943860296,0.4706015293784559,-0.272070338738504,-0.3938402374930707,0.8708151070078227,6,0.23431243540163613,7,3,0.1759979263867288,55795.0,0.1297220242337847,0.5023255813953489,0.0841054882394868,89.10741301059,0.2165621079046424,0.0075282308657465,0.1570890840652446,0.6,3985
06037302302,0.19799891782965184,0.5933433988360566,1.0155663587751917,0.04605747524813536,0.16043589305144995,1.2224252140521241,6,0.5393045429654348,8,3,0.17314690672285,52763.0,0.1768603465851172,0.5438972162740899,0.1442405708460754,98.3358547655068,0.4553119730185497,0.017612891137343,0.1508338017612891,0.36687277496721,5337
06037302401,1.4177160607276933,0.925450192672026,1.2503193577021328,0.5732504917178062,-0.19882609999579678,1.2421192227800164,6,0.8683382042673129,9,4,0.3025662251655629,41300.0,0.197165991902834,0.6127886323268206,0.1052631578947368,98.8527483610691,0.3322515212981744,0.0266396213657876,0.1258958755916159,0.5095334685598377,7395
06037302503,0.6058739128144842,0.9336782594476881,0.8811069175804259,0.607428714428369,0.07579357309567392,0.9025176576429651,6,0.6677331725016011,8,4,0.2164248947122133,41016.0,0.1652298850574712,0.6172549019607844,0.1350574712643678,89.9394856278366,0.2193473193473193,0.0,0.1498834498834498,0.6198135198135198,4290
06037302504,0.1034740274977099,1.0074990838997557,0.6125468646176432,1.5704469008819562,-0.351799015967196,0.945268066832779,6,0.6479059879604413,8,4,0.1631172478352445,38468.0,0.142,0.7430981595092024,0.0886666666666666,91.0615229450328,0.3070442312192838,0.0084249941493096,0.1195881113971448,0.5408378188626258,4273
06037302505,0.6961799175707674,1.1001807233904008,1.7470433106493763,1.0358076155371567,0.08617893636740749,1.1398064457302393,6,0.9675328248742248,9,4,0.2260069044879171,35269.0,0.2401315789473684,0.673233695652174,0.1361842105263158,96.1674230963187,0.331581352833638,0.0546160877513711,0.0852376599634369,0.5180530164533821,4376
06037302506,0.2490157716932943,0.3465013955661919,0.8906387856368444,0.245066615838558,-0.3902344255724728,0.8722561320366925,6,0.36887404586651806,7,3,0.1785601014906438,61283.0,0.1660543717854518,0.5699029126213592,0.0844966936076414,89.1452344931921,0.2780502759043531,0.0180870631514408,0.1106683016554261,0.5380134886572655,3262
06037310100,-0.6747849464361381,-1.8182044680857423,-1.0291111731370455,-0.9247173064714593,-0.9242686892392376,-1.4074454636357823,6,-1.1297553411675676,1,1,0.0805392939506829,136000.0,0.0,0.4170403587443946,0.0265577119509703,29.3116490166415,0.1697377746279234,0.0496102055279943,0.1017009213323883,0.6612331679659815,5644
06037310201,-0.8977831557408715,-0.06029538470518955,-0.10045203885311647,0.26614801951244105,-0.916348220341586,-0.6979808077554104,6,-0.40111859798062216,4,2,0.0568778438921946,75324.0,0.0803270803270803,0.5726577437858509,0.0274170274170274,47.9324256177509,0.1261339846475924,0.0069783670621074,0.0783321702721563,0.7393579902302861,5732
06037310202,-0.3254975409464176,-0.0328008939653889,-0.009580699706469612,0.734966953546056,-0.7224967351509255,-0.42946981070928497,6,-0.13081312115540508,5,2,0.1176007866273353,74375.0,0.0881872618399564,0.6339210747271201,0.0484485574305933,54.9798285426122,0.1320532915360501,0.0252742946708463,0.0517241379310344,0.7280564263322884,5104
06037310300,-1.1429293203841262,-2.2633312918226203,-0.9192160011136237,-1.938580799760881,-1.081440192058206,-1.3008096114993968,6,-1.4410512027731421,1,1,0.0308663626797614,151364.0,0.0095057034220532,0.2845528455284553,0.0095057034220532,32.1104387291982,0.1284276292953835,0.0,0.1575841721624436,0.6740715029503644,2881
06037310400,-1.0390854933248523,-0.5711018823168075,-0.526460212403828,0.2413443252808741,-0.9538399558769397,0.08929919968394708,6,-0.4599740031596011,3,2,0.0418848167539267,92955.0,0.0434782608695652,0.5694164989939637,0.0233494363929146,68.5955622793747,0.1681552202032645,0.0126270403449337,0.1244225438866646,0.6264243917462273,3247
06037310501,-0.3602081626514462,0.32845179837873584,-0.24575416582906048,-0.20436387019103913,0.4506427682173693,0.9721672007050179,6,0.1568225947715962,6,3,0.1139177810797424,61906.0,0.0677587490692479,0.5111731843575419,0.1757259865971705,91.7675239536056,0.4778652238071815,0.0693556320708312,0.1527299557304476,0.2776684702410231,4066
06037310601,-0.3424593607443228,0.11489869907096911,-0.06488107022332439,-0.287529538118423,-0.44323202593105754,0.8727364737129832,6,-0.025077803705529256,5,2,0.1158010356190177,69277.0,0.0834038950042337,0.5003054367745876,0.0787468247248094,89.1578416540595,0.2382892057026476,0.0471565094783017,0.1525928246905843,0.4642017859940467,6383
06037310602,-0.8061887098081645,-0.3929526477972772,-0.7875713952348539,-1.072798103390853,-0.4512885839658688,-0.794529484689706,6,-0.7175548208144539,2,1,0.0665965650192779,86806.0,0.0208926875593542,0.3976897689768977,0.0778727445394112,45.398386283409,0.1920785138450753,0.0192779530318962,0.1836663161584297,0.5608131791097091,2853
06037310701,0.3162554506550717,1.2420859032044615,1.6904998832551228,-0.4806188922651241,-0.7086153856699066,0.4058443643590763,6,0.4109085539231169,7,3,0.1856946354883081,30371.0,0.2352406902815622,0.4750733137829912,0.0499545867393278,76.9036812909733,0.1132508023842274,0.0004585052728106,0.0802384227418615,0.7565337001375516,2181
06037310702,0.34479161388200247,0.7999432022770666,1.5908452114075788,0.8818342380016788,-1.050073427266566,0.42457768973438614,6,0.49865308800602454,8,3,0.1887224938875305,45632.0,0.2266207687894434,0.6531130876747141,0.0129087779690189,77.3953605648008,0.132023755139333,0.0248210750723313,0.1595858078270138,0.633927211816659,6567
06037310703,1.1538370554096473,0.8952033556516341,1.37824460401494,1.156178061697757,-0.28391730728302683,0.9620800255029283,6,0.8769376324989798,9,4,0.2745670769872731,42344.0,0.2082312591866732,0.6889632107023411,0.096031357177854,91.5027735753908,0.2075944085124139,0.0262883371583559,0.0684331316503233,0.6405174212393073,4793
06037310800,-0.2397231333103862,0.19741114335648258,0.3444118009595369,-0.05936927533004511,-0.5865747070050046,-0.1124443043578645,6,-0.07604807928121349,5,2,0.1267019667170953,66429.0,0.1188068756319514,0.5301204819277109,0.0631951466127401,63.3005547150782,0.303914188934889,0.0109145652992096,0.1008656379375235,0.5387655250282273,5314
06037310900,-0.8303732175710979,-0.2402698593897435,-0.5208311887871555,0.38535555245590486,-0.9626155529708817,-0.19698443938490987,6,-0.394286450941314,4,2,0.0640304434149569,81536.0,0.0439651596847781,0.5882352941176471,0.0223973454997926,61.0816944024206,0.2477351342447702,0.0125185307198155,0.165541097018613,0.5391204084994234,6071
06037311000,-0.5692890701675879,-0.9164489103657261,-0.3117636981512564,-0.7370921598654296,-0.6170889945388306,-0.1292562630280176,6,-0.5468231826861414,3,1,0.0917330403735237,104875.0,0.062049062049062,0.4415584415584415,0.0598845598845598,62.8593040847201,0.3235374897006317,0.0271903323262839,0.1071134303762702,0.5092007690195002,3641
06037311100,-0.3768306876588302,-0.9583425179629356,-0.5931644370696575,-0.5732936077105126,-0.35361259776607107,-0.26519295741809334,6,-0.5200728009310166,3,2,0.1121540312876052,106321.0,0.037708484408992,0.4629629629629629,0.0884699057287889,59.2914775592537,0.2899832655988525,0.0064546975854649,0.1553908677982309,0.4819507530480516,4183
06037311200,-0.918844744559413,-0.11311146122642939,-0.8422132408551793,-0.09069169220183944,-1.0981000129076532,-1.077450732024533,6,-0.6900686472958412,2,1,0.054643082754264,77147.0,0.0161662817551963,0.5260273972602739,0.0076982294072363,37.9727685325265,0.2585935036266162,0.0387890255439924,0.0778934090192368,0.5600756859035004,3171
06037311300,-0.46863793166510653,-0.715266883287564,-0.5608380669559679,0.07835064404095864,-0.9793264567057435,-0.8161448601227584,6,-0.5769772591160303,3,1,0.1024127310061601,97931.0,0.0405046480743691,0.5481171548117155,0.0205843293492695,44.8310640443772,0.2828542094455852,0.0284907597535934,0.1178131416837782,0.5331108829568788,3896
06037311400,-1.0385681342144182,-0.9200704186296619,-0.7917195489714608,-0.3243377153523711,-1.1690560110194688,-0.7825209427824561,6,-0.8377121284949728,2,1,0.0419397116644823,105000.0,0.0205338809034907,0.4954954954954955,0.0,45.7135653050933,0.1682608695652173,0.0126086956521739,0.1013043478260869,0.6843478260869565,2300
06037311500,-0.8840119380077999,-0.5760271335557602,-0.7369214823991178,-0.5453380143349396,-0.5905554048467612,-0.7892457262505158,6,-0.6870166165658157,3,1,0.0583390528483184,93125.0,0.025273799494524,0.4666160849772382,0.0627632687447346,45.5370650529501,0.2462251201098146,0.035003431708991,0.1123884694577899,0.573095401509952,5828
06037311600,0.12394420047398655,0.04968257825401307,-0.12255669726768796,-0.3213587559566329,-0.8012880646962812,0.011483848124961414,6,-0.1766821485112735,5,2,0.1652892561983471,71528.0,0.0784150734275422,0.4958847736625514,0.0399002493765586,66.5532022188603,0.1233040107350529,0.0647085134933651,0.1343372595795437,0.5828239153123602,6707
06037311700,-0.8379810206254193,-0.5941346748754391,-0.5124703189455538,-1.2479576619736676,-0.9920109214147965,-0.5678082134808125,6,-0.7920604685526147,2,1,0.0632232097937279,93750.0,0.04468835750686,0.3748006379585327,0.0192081536652293,51.3489662128089,0.215,0.015,0.0832258064516129,0.6496774193548387,6200
06037311801,-0.6662211538981566,0.2955685033421987,-0.2843859767132908,-0.6920264179120875,-0.7096104818345632,0.4572409237221067,6,-0.26657243388229884,4,2,0.0814479638009049,63041.0,0.0644171779141104,0.4474474474474474,0.0498466257668711,78.2526475037821,0.4531848242255482,0.0320222763661677,0.1141663766098155,0.3762617473024713,2873
06037311802,-0.6438052116131073,0.007267473466796887,-0.18088767689974078,-0.6655798375286434,0.5403809959369811,0.698372445219702,6,-0.04070863523633522,5,2,0.0838264299802761,72992.0,0.0733695652173913,0.4509033778476041,0.1854619565217391,84.5814422592032,0.5530973451327433,0.0149950835791543,0.1445427728613569,0.245575221238938,4068
06037320000,,,,,,,0,,,,,,,,,,,,,,0
06037320100,-0.38224535973812446,0.02331799809256039,-0.7900454723005157,0.40987724980274326,0.03318540046638564,0.3361948212970197,6,-0.06161922706332188,5,2,0.1115795020418917,72438.0,0.02067868504772,0.5914396887159533,0.1304347826086956,75.0756429652042,0.9117221418234442,0.0181555058544928,0.0249967109590843,0.0440731482699644,7601
06037320201,-0.15596663661937443,1.102034935621536,-0.1982767869709783,1.331307006457991,0.4094220093615517,0.8866663823253939,6,0.56253115169602,8,4,0.135589034329464,35205.0,0.0718654434250764,0.7118483412322275,0.1712538226299694,89.5234493192133,0.9572734008397136,0.0,0.0,0.0363052605581625,4049
06037320202,-0.639987890076489,-0.12003578502707464,-0.6843665128283414,-1.1132394252748001,0.307483198232576,0.4164118812374571,6,-0.30562242228944536,4,2,0.0842314707345382,77386.0,0.0298196948682385,0.3924050632911392,0.1601941747572815,77.1810388300555,0.9159486262396358,0.0017883271012843,0.0146317671923264,0.0656803771744431,6151
06037320300,-0.2791454029433478,0.60003594610781,0.023517429577938034,-0.05145842735079453,0.4044932756123018,0.7022151786300231,6,0.23327633327232178,7,3,0.1225190270108939,52532.0,0.0910501810657009,0.5311542390194075,0.1707190894981893,84.6822995461422,0.9532224532224532,0.0041580041580041,0.0059400059400059,0.0184140184140184,6734
06037400204,-1.1808340372222221,-1.269850172793638,-0.8362446224267316,-2.2609708248572398,-1.1690560110194688,-1.6533804018962805,6,-1.3950560117025967,1,1,0.0268444444444444,117073.0,0.0166825548141086,0.2424242424242424,0.0,22.8567826525466,0.2196203654426113,0.0099343622494234,0.146886641830761,0.5962391342912897,5637
06037400205,-1.2644239251252076,-3.7086317818602343,-0.9168687255946774,-4.1161274604994444,-1.1690560110194688,-1.9487905328146449,6,-2.18731640615228,1,1,0.0179750550256786,201250.0,0.0097087378640776,0.0,0.0,15.1033787191125,0.1050597329585383,0.0597329585382993,0.2962052002810962,0.4891075193253689,2846
06037400206,-1.0401852932674942,-1.7520032970209958,-0.7719075725793183,-0.6554331951254916,-1.1375083185332457,-1.3498044624809795,6,-1.1178070231679207,1,1,0.0417681213710432,133715.0,0.0222475755847119,0.4522292993630573,0.0034227039361095,30.8245083207262,0.2199440820130475,0.0229263746505125,0.1972041006523765,0.5202236719478098,5365
06037400207,-1.2514068789804405,-1.8326905011414856,-1.0291111731370455,-0.9650893514307001,-1.1690560110194688,-1.2489327104600756,6,-1.2493811043615362,1,1,0.0193562418442801,136500.0,0.0,0.4117647058823529,0.0,33.4720121028744,0.2593315972222222,0.0405815972222222,0.1256510416666666,0.5620659722222222,4608
06037400302,-0.8157296978801927,-0.2494540043470847,-0.19239474600302256,0.3026955767755296,-1.0388927749421537,0.15222395927794016,6,-0.30692528118649737,4,2,0.0655842088506845,81853.0,0.0723742277140335,0.577433628318584,0.0141218005295675,70.2471003530005,0.3766645529486366,0.0418516169942929,0.0748256182625237,0.4381737476220672,3154
06037400304,-0.677433159950641,-0.03506071512208484,-0.6685350453596114,0.6283197756381275,-0.8743935935974649,-1.1672746254907689,6,-0.46572956064707394,3,2,0.0802583025830258,74453.0,0.0311890838206627,0.6199848599545799,0.0319688109161793,35.6152294503278,0.3873908577298408,0.0130970724191063,0.1841294298921417,0.3789162814586543,7788
06037400402,-0.8768662382113578,-0.7493380330346722,-0.41525424763984237,-1.163765916508668,-0.7340266703834859,-1.3555685625964606,6,-0.8824699447290811,2,1,0.0590972545369939,99107.0,0.0530973451327433,0.3858024691358024,0.0471976401179941,30.6732223903177,0.2901277584204413,0.0111498257839721,0.1145180023228803,0.537746806039489,4305
06037400403,-0.6024700962427854,-0.9743930425886991,-0.3669502326045873,0.27592100301814326,-0.8765602290196857,-1.3104164450251994,6,-0.6424781737438022,3,1,0.0882123341139734,106875.0,0.0572755417956656,0.5739348370927319,0.0317337461300309,31.8582955118507,0.3520225294418843,0.0181771633384536,0.0916538658474142,0.5017921146953405,3906
06037400404,-0.9060740933860216,-1.7903333404864923,-1.0291111731370455,-2.514436993099053,-0.952258379440053,-1.8637700561113122,6,-1.5093306726099962,1,1,0.0559981255857544,135038.0,0.0,0.2093023255813953,0.0235210263720598,17.3348461926374,0.1923617619493908,0.0,0.1349578256794751,0.6190253045923149,4268
06037400501,-0.9967774757994349,-2.0910344146576105,-0.8367198069259957,-1.9296928542068463,-1.0296129829600909,-1.5904556423022838,6,-1.4123821961420433,1,1,0.0463739516526887,145417.0,0.0166414523449319,0.2857142857142857,0.0151285930408472,24.5083207261725,0.1029770619814543,0.002440214738897,0.1215226939970717,0.6964372864812104,2049
06037400602,-0.8898070725734413,-0.07182626701756116,-0.5447880596920064,-0.7382088271822286,-0.01065117543728732,-0.1047588375372264,6,-0.3933400399066252,4,2,0.0577241542465105,75722.0,0.0418929402637703,0.4414125200642054,0.1256788207913111,63.5022692889561,0.6814117647058824,0.0209411764705882,0.0778823529411764,0.2072941176470588,4250
06037400603,-0.8188703644841403,-0.2168894020377739,-0.9420859054710172,-1.260340095091423,-0.6300081826308103,-0.385278376490602,6,-0.7089120543676278,2,1,0.0652509652509652,80729.0,0.0075275043427909,0.3731825525040387,0.0584829183555298,56.1396873424105,0.5310517208229186,0.0413382041915016,0.1205537396654489,0.2745625841184387,5201
06037400604,0.4537889833877305,-0.791318556830216,-0.245156365915059,0.14365030693268635,-0.31059278092254367,-0.5404287379322824,6,-0.21500952521328073,5,2,0.2002877697841726,100556.0,0.0678104575163398,0.5566502463054187,0.0931372549019607,52.0675743822491,0.4347329334475864,0.0399885746929448,0.2327906312482148,0.2704941445301342,3501
06037400800,-0.0896257116452387,-0.39558910581342244,-0.719442277685332,-0.8013990600505058,-1.0456115803758324,-0.7974115347474486,6,-0.64151321171963,3,1,0.1426282051282051,86897.0,0.0267857142857142,0.4331550802139037,0.0133928571428571,45.3227433182047,0.2097028850294244,0.0483708913449117,0.2241997990526769,0.476101621931965,6967
06037400900,-0.8948594645242733,-0.8551150464077093,-0.8623299363298272,-0.5383253774751929,-0.8970735277652925,-0.939592670929297,6,-0.8312160039052654,2,1,0.0571880650994575,102758.0,0.0144262295081967,0.4675324675324675,0.0295081967213114,41.5910237014624,0.3707052441229656,0.0097197106690777,0.1335895117540687,0.4593128390596745,4424
06037401001,-1.0337031929320837,-1.275267949156486,-0.8008590093292669,-2.2851561490949064,-0.8141989705117979,-1.9050794402722528,6,-1.3523774518827991,1,1,0.0424559111691704,117260.0,0.0197433366238894,0.2392638036809816,0.0384995064165844,16.2506303580434,0.2139124755062051,0.0019595035924232,0.0953625081645983,0.6541476159372959,3062
06037401002,-0.35505669440863563,0.13231091080397248,-0.2189082768608621,-0.5437631183205602,-0.9019812679917268,-0.8065380265969561,6,-0.448989412229128,3,2,0.1144643828167482,68676.0,0.0700808625336927,0.4668218859138533,0.0289757412398921,45.0832072617247,0.2001087547580206,0.0293637846655791,0.1054921152800435,0.5886351277868407,3678
06037401101,-0.38208443180902674,0.10209304584969209,-0.322832457154368,-0.3737478224100903,-0.7351975680829953,-0.4068937519236543,6,-0.3531104975884071,4,2,0.1115965774622246,69719.0,0.0610916374561842,0.4890387858347386,0.0470706059088632,55.5723651033787,0.4304908634897886,0.0342171264779648,0.0974561089215335,0.3937656753851666,5582
06037401102,-0.6257297499604081,-0.18241264336510501,-0.5606763231830746,-0.7015879067698992,-0.2577946926431029,-0.13598104649607734,6,-0.4106970604029445,4,2,0.085744345081536,79539.0,0.0405186385737439,0.4461979913916786,0.0988654781199351,62.6828038325769,0.3690965092402464,0.0069301848049281,0.1719712525667351,0.3911704312114989,3896
06037401201,-0.911950600817645,-1.157467528347182,-0.6158092908261183,-0.5649575280568915,-0.8486970781342943,-0.715273108101851,6,-0.8023591890473303,2,1,0.0553745928338762,113194.0,0.0357497517378351,0.4640522875816993,0.0347567030784508,47.4785678265255,0.33076695291679,0.0068107787977494,0.0829138288421676,0.5279834172342316,3377
06037401202,-0.4666345830828292,-0.6316824725559257,-0.4986368525963088,-1.490262369608824,-0.7528393922336407,-0.8099004183309859,6,-0.774992681401419,2,1,0.1026252983293556,95046.0,0.0458849235251274,0.3431372549019608,0.0451565914056809,44.9949571356531,0.4103272418189545,0.0038249043773905,0.1264343391415214,0.4101147471313217,4706
06037401203,-0.4404184452475926,-0.31348227045346977,-0.781523430432046,0.04542397441571951,-0.8894150878243656,-0.3382048922141798,6,-0.45293669195932235,3,2,0.1054069880929143,84063.0,0.0214158239143367,0.5438144329896907,0.0303390838786436,57.375189107413,0.4538667687595712,0.0195252679938744,0.1100689127105666,0.3822741194486983,5224
06037401303,-1.2338885351719875,-1.0051903488652092,-0.8806821447892912,-0.028985497600212864,-1.037569789126104,-0.904527728560125,6,-0.848474007352155,2,1,0.0212150433944069,107938.0,0.0128388017118402,0.5340909090909091,0.014265335235378,42.5113464447806,0.2994214079074253,0.0106075216972034,0.2314368370298939,0.4455159112825458,2074
06037401304,-0.9828705272403708,-1.7030694773586952,-0.9165043020636952,-2.5770729331649895,-1.124167127149056,-1.352686512538722,6,-1.4427284799192546,1,1,0.0478495624650903,132026.0,0.0097402597402597,0.2011173184357542,0.0048701298701298,30.7488653555219,0.2616993943842907,0.0275279867865663,0.1532391264452193,0.4907322444485226,5449
06037401311,-0.17260570287239171,-0.21926511145891578,-0.45215117206944516,-0.27325505913568143,-0.8218927660204155,-0.6432218566583466,6,-0.4303986113691993,4,2,0.1338235294117647,80811.0,0.0499058380414312,0.5021707670043415,0.0376647834274952,49.3696419566314,0.3400326797385621,0.0076797385620915,0.0888888888888888,0.5361111111111111,6120
06037401312,-0.9217089629189514,-0.02828125165199701,0.16392785414540983,0.32011666821017515,-0.5558646083740735,-0.33724420886159767,6,-0.22650908490850574,5,2,0.0543391719745222,74219.0,0.1031953902566788,0.5797101449275363,0.0665269774751178,57.4004034291478,0.3691908905758193,0.02295871134975,0.1207183854841696,0.4523236437696722,5401
06037401500,0.07693531974095999,-0.13782463361952735,-0.4260889194017793,0.850653075429655,-0.3434915714498007,0.14742054251504044,6,0.027933968869091347,6,3,0.160301331464611,78000.0,0.0521601685985247,0.6490384615384616,0.089567966280295,70.1210287443268,0.4620956059874457,0.0222114920328343,0.0655078062127796,0.4287783679381941,6213
06037401601,-0.8109242092220289,-0.0788375070165409,0.09251406812523863,-0.4618336662744563,-1.0418941468465848,-0.598550080763376,6,-0.4832542569996247,3,2,0.0660941000746826,75964.0,0.0970182465509568,0.4775280898876404,0.0137961726746773,50.542107917297,0.3492921013412817,0.0169523099850968,0.0991058122205663,0.5126676602086438,5368
06037401602,-0.46763514541712214,0.17988304335903324,-0.2508049435201568,0.8262973761146097,-0.9018256104647923,-0.38864076822463184,6,-0.16712100802551,5,2,0.1025191326530612,67034.0,0.0673218673218673,0.6458557588805167,0.0289926289926289,56.0514372163389,0.4521766761995551,0.0451223387353034,0.0490943755958055,0.428821099459803,6294
06037401603,-1.026991762685068,0.2790544256586514,-0.07755423901054657,0.20120397465318615,-1.027253177869856,-0.13021694638059597,6,-0.29695962093903816,4,2,0.0431680342490189,63611.0,0.0823076923076923,0.5641711229946524,0.0153846153846153,62.8340897629854,0.3568281938325991,0.0413419179939003,0.0538800406641816,0.5350728566587597,2951
06037401701,-0.9708557455516891,-0.39440125110285146,0.3200148345759887,0.6734504652850468,-0.8767096554237663,-0.7316047250957131,6,-0.33001767955216404,4,2,0.0491244030020468,86856.0,0.1166965888689407,0.6258823529411764,0.0317175344105326,47.0499243570348,0.2805258467023173,0.0670677361853832,0.1038324420677361,0.4590017825311943,4488
06037401703,-0.5737002607698007,0.07535182882879009,0.2697838077388127,0.40710993132892326,-0.9567970597941229,0.24781195285965701,6,-0.0884066333012901,5,2,0.0912649865426963,70642.0,0.1123517096999302,0.5910780669144982,0.0230286113049546,72.7559253656077,0.4811297784270757,0.0793766739712685,0.1066471877282688,0.2953494034575115,4107
06037401704,0.8545597918913239,0.39778195258352295,0.16685145757302328,-0.562027692530096,0.1545264089315775,0.5576323340667233,6,0.26155404208601246,7,3,0.2428119608970672,59513.0,0.1034482758620689,0.4644351464435146,0.1435994331601322,80.887544125063,0.6003095104108047,0.0514912774338773,0.1239448508722566,0.1876758581879572,7108
06037401800,-0.5318410526505006,-0.9097273910278613,-0.3924199562083036,0.38255525198128276,-1.1323208567796232,-0.4731809032516772,6,-0.5094891513227805,3,2,0.0957065000664628,104643.0,0.0550724637681159,0.5878693623639192,0.0039855072463768,53.8325769036813,0.2562129431058408,0.0425129304907278,0.0971363693705058,0.4996846221773685,7927
06037401901,-0.8382277905455114,-0.1762705653494699,-1.0291111731370455,-2.0583066545769992,-1.1690560110194688,,5,-1.054194438925699,1,1,0.0631970260223048,79327.0,0.0,0.2689075630252101,0.0,,0.2045627376425855,0.0496831432192648,0.2504435994930291,0.4319391634980988,3945
06037401902,-0.9312712521146564,-0.6728228064342364,-0.06569683173171202,-1.4903103087250433,-1.086390682277542,-0.9141345620859236,6,-0.8601044072281856,2,1,0.053324555628703,96466.0,0.0833333333333333,0.3431309904153354,0.0089686098654708,42.2592032274332,0.2701269484171621,0.0462799292945524,0.063795596978949,0.5807488349670576,6223
06037402001,-0.27507595707216037,-0.29453453921655764,-0.6999731774967892,0.3731893821506201,-0.6770355045394931,-0.08986824557223383,6,-0.27721634029110237,4,2,0.1229508196721311,83409.0,0.0284697508896797,0.5866454689984102,0.0533807829181494,63.8930912758447,0.3600485731633273,0.1123254401942926,0.178809957498482,0.2823315118397085,3294
06037402002,-0.6587940435072348,0.5011253124031951,0.5343726723436103,1.6274866266709564,-1.0578645831212008,0.029256490147692625,6,0.1625970791561698,6,3,0.0822360248447204,55946.0,0.1352380952380952,0.7505518763796909,0.012063492063492,67.0196671709531,0.3752727272727272,0.0574545454545454,0.0467878787878787,0.4967272727272727,4125
06037402101,0.22283963069204588,-0.10960584122693952,-0.8863831225584785,-1.2164542148321953,1.4306625967234479,1.0879295446909183,6,0.08816476558146646,6,3,0.1757826556315221,77026.0,0.0123456790123456,0.3789173789173789,0.282051282051282,94.8058497226425,0.7893127024109392,0.0766462756387189,0.0768261964735516,0.0419215545160129,5558
06037402102,-0.3187814460264328,-0.09436653445229763,-0.45866847098915153,0.8344371516156679,-0.335264681233501,0.8011655639457699,6,0.07142026381000913,6,3,0.118313404657017,76500.0,0.0493421052631578,0.6469194312796208,0.0904605263157894,87.279374684821,0.6615891313297654,0.1144503911074516,0.0712227254013997,0.1117743927542198,4858
06037402200,-0.4907761325065718,-0.36852919606529405,-0.6669325345977951,-0.09553842966366866,-0.7703016492785123,0.48365971591806195,6,-0.31806970436563,4,2,0.10006373486297,85963.0,0.0313276976628543,0.5253940455341506,0.0432620586772749,78.9460413514877,0.5982011206133884,0.0895016219404305,0.1010026540843409,0.205544087289885,6782
06037402301,0.189088826947444,0.5121636695916715,-0.5115866255536038,0.593116306899998,0.9149507250260666,0.6618664778216604,6,0.39326656345553945,7,3,0.1722014925373134,55565.0,0.0447647951441578,0.6153846153846154,0.2261001517450682,83.6232980332829,0.7878843338213762,0.0236090775988286,0.0931551976573938,0.0755856515373352,5464
06037402303,0.8300835892976864,0.6552856761824146,0.06791537620041488,0.6612321542498829,0.3783544675109868,1.0581483607609363,6,0.6085032707003869,8,4,0.2402148887183423,50625.0,0.0948905109489051,0.6242857142857143,0.1678832116788321,94.0242057488654,0.7840686274509804,0.0151960784313725,0.0379901960784313,0.138235294117647,4080
06037402304,1.3807160026641752,0.9797148724988402,0.5854808787704009,0.6188699837529636,1.749391423898752,1.0624714358475449,6,1.0627740995721129,10,4,0.2986402966625464,39427.0,0.1396588486140725,0.61875,0.3166311300639658,94.1376701966717,0.8863692383534632,0.0162681784569879,0.044860734532906,0.0500369731328567,4057
06037402402,0.37067939425562535,0.4517569117492222,-0.7226166848850841,0.8535273697212804,-0.5679353052765416,1.2171414556129339,6,0.26709219019623937,7,3,0.191469342951231,57650.0,0.0265111346765641,0.6494140625,0.0652173913043478,98.1971759959657,0.678070836473248,0.0262245666917859,0.1345892991710625,0.1415222305953278,6635
06037402403,-0.9943703404708114,-0.03908783231158146,-0.5529993338786553,-0.8364755510605477,0.38822959062359574,0.9029979993192557,6,-0.18861757796312406,5,2,0.0466293631761257,74592.0,0.041182682154171,0.4285714285714285,0.1689545934530095,89.952092788704,0.5842095201682279,0.0416746320015293,0.1605811508315809,0.164978015675779,5231
06037402404,-1.4338304945861693,,-1.0291111731370455,-4.1161274604994444,-1.1690560110194688,,4,-1.9370312848105322,1,1,0.0,,0.0,0.0,0.0,,0.280343716433942,0.0741138560687432,0.2406015037593984,0.3265306122448979,1862
06037402405,0.961009886405734,0.5285328869446614,-1.0291111731370455,0.7222407327803047,-0.11321757843488468,0.953433875329708,6,0.33714810498141295,7,3,0.2541069556099266,55000.0,0.0,0.632258064516129,0.1145510835913312,91.2758446797781,0.8688695652173913,0.0932173913043478,0.0076521739130434,0.0104347826086956,2875
06037402406,0.1888784679084061,0.6826932507238809,-0.5987534977884704,-0.07803240476008724,1.1391390057305872,0.8847450156202333,6,0.36977830623909164,7,3,0.1721791721791721,49679.0,0.0372250423011844,0.527681660899654,0.2504230118443316,89.4730206757438,0.8513792456370801,0.0324638768999812,0.0512291236629761,0.0594858322386939,5329
06037402501,0.5627776319231087,0.9474110187845327,0.5329438353705328,0.8279621021066977,1.8001437701209144,0.8535228066613827,6,0.9207935274945281,9,4,0.2118521203334541,40542.0,0.1351145038167938,0.6460732984293194,0.3221374045801526,88.6535552193646,0.9060990878197104,0.025397961008764,0.0314791629404399,0.0334466106242174,5591
06037402502,0.7627935479275929,0.8057376154993638,-0.2315791664548967,1.2303206826434787,0.5472115937862871,0.3650153218744229,6,0.5799165992127081,8,4,0.2330750109665155,45432.0,0.0689848569826135,0.6986518636003172,0.1862030286034773,75.8320726172466,0.8037724813569235,0.034946629624214,0.1166837256908904,0.0386021348150314,6839
06037402600,0.17817783800571002,0.5364422609930972,0.47648083776966715,0.10482835019926688,0.06672358957131458,1.111946628505418,6,0.4124332508407456,7,3,0.171043771043771,54727.0,0.1302305721605465,0.5515771526001705,0.1340734415029889,95.4362077660111,0.7043907647137329,0.0350994261310556,0.0579207260109435,0.1871079674362738,7493
06037402702,2.508527388362864,1.134193929005286,0.18239005618288867,0.9461180010185277,1.928860196894455,1.113387653534288,6,1.3022462041663847,10,4,0.4183078619820387,34095.0,0.1047923322683706,0.661513425549227,0.3361022364217252,95.4740292486132,0.8520031421838178,0.1041633935585231,0.0097407698350353,0.03299293008641,6365
06037402703,-0.026638452385421625,0.09131543725621913,-0.6320129902627167,-0.0772968683200616,0.1404892787228647,0.2944050954597882,6,-0.03495641658822133,5,2,0.1493115318416523,70091.0,0.0343481654957064,0.5277777777777778,0.1420765027322404,73.9788199697428,0.669384252306372,0.1077022098262175,0.0847457627118644,0.1207895301437459,4661
06037402705,-0.9481201169863828,-0.19576876584250028,-0.9740589250567413,-1.4611711528584324,-0.6972239650037909,-0.03318792777001304,6,-0.7182551422529767,2,1,0.051536789816827,80000.0,0.0047619047619047,0.3469387755102041,0.0511904761904761,65.3807362581946,0.7329440688383528,0.0620774431468961,0.0586969883220651,0.1177012907191149,3254
06037402706,-0.27265547494387826,0.0975734035363002,-0.3497550808470992,0.4029100823114406,-0.5134006433122345,0.4529178486354987,6,-0.03040164410332873,5,2,0.1232076473712161,69875.0,0.0587628865979381,0.5905292479108635,0.0711340206185567,78.1391830559758,0.7209181011997914,0.0644235785080855,0.0719874804381846,0.1017214397496087,3834
06037402801,0.20826626922689098,0.8091852913666308,0.07975648801864925,0.4648300111673926,1.6714083776923745,1.1998491552664938,6,0.7388825987897386,9,4,0.1742363344051447,45313.0,0.0959147424511545,0.5986206896551725,0.3081705150976909,97.7433182047403,0.9421221864951768,0.0,0.027733118971061,0.0148713826366559,4976
06037402803,0.11759327287104887,0.7287298637750329,-0.39126443675834227,0.23635541543034264,1.4753223395774646,0.11331628349844733,6,0.3800087897323323,7,3,0.1646153846153846,48090.0,0.0551724137931034,0.5687645687645687,0.2868965517241379,69.2259203227433,0.9067278287461774,0.018348623853211,0.0663608562691131,0.0067278287461773,3270
06037402804,0.3012120307755546,0.5556797128911242,-0.5350525365189259,0.041457339035992274,1.2435616363177078,1.1004184282744591,6,0.45121276846265196,8,3,0.1840984382394699,54063.0,0.0427350427350427,0.5432960893854749,0.2617521367521367,95.1336359051942,0.8232656913638509,0.0365738555922605,0.1094856064181217,0.021236432279377,4238
06037402902,0.707538273094233,0.2508935773982866,-0.29663939430242287,-0.2516042938772771,0.28787316301281274,0.9395039667172974,6,0.27292754867382163,7,3,0.2272120942641174,64583.0,0.0633572828216851,0.505,0.1580666231221424,90.9102370146243,0.756772417789367,0.0454874692162827,0.1274808054469071,0.0634506736201651,6903
06037402903,0.6959097275465478,0.4802364527368134,-0.12259910444200732,1.7151987034228051,-0.08965053465148316,0.7444852461435458,6,0.5705967484593703,8,4,0.2259782357027089,56667.0,0.0784114052953156,0.7620137299771167,0.1171079429735234,85.791729702471,0.7941783176713271,0.0362136144854457,0.1107036442814577,0.0433188173275269,4363
06037402904,-1.004513195220892,0.04652462304786105,-0.6063265693425235,1.0001295182252354,0.37682733397222123,0.8155758142344718,6,0.10470292081939565,6,3,0.0455531453362256,71637.0,0.0365699873896595,0.6685714285714286,0.1677175283732661,87.6575895108422,0.891497975708502,0.0110661268556005,0.0291497975708502,0.0529014844804318,3705
06037403000,-0.24619671115461272,0.31703680433081016,-0.4419114030456689,0.6482520810362168,0.4907667292443137,0.8568851983954126,6,0.27080544980107857,7,3,0.1260150812064965,62300.0,0.0507915567282321,0.6225895316804407,0.1800791556728232,88.7418053454362,0.8558273381294964,0.0376978417266187,0.0651798561151079,0.0280575539568345,6950
06037403200,6.052326479688735,,,,,,1,6.052326479688735,10,4,0.7943262411347518,,,,,,0.1729323308270676,0.1052631578947368,0.112781954887218,0.6090225563909775,399
06037403303,-0.3129260688046497,-0.11125724899529425,-0.5480721122411792,0.3167353845754875,-0.8111071118068525,-0.39632623504527376,6,-0.31049223205296034,4,2,0.1189346953666545,77083.0,0.0416088765603328,0.5792682926829268,0.0388349514563106,55.8497226424609,0.3148485954031375,0.0302809193724917,0.5541773075519884,0.0937614009485589,2741
06037403304,-1.1097832096048992,-0.9544892331701078,-0.5871565359389679,-1.8141495620043915,-1.1410912532684838,-1.481898423460738,6,-1.1814280362412648,1,1,0.0343833642165946,106188.0,0.0382281553398058,0.3008130081300813,0.0030339805825242,27.3575390821987,0.1529919802590993,0.0094591815751593,0.6504215504832408,0.1369524984577421,4863
06037403305,-0.8422111893046538,-0.9710033108536551,-0.9295906098928791,-1.3628394377606177,-0.9706948025246724,-2.0112349507323506,6,-1.1812623835114715,1,1,0.0627743634767339,106758.0,0.0086083213773314,0.3597883597883597,0.0215208034433285,13.464447806354,0.1098517872711421,0.0152571926765475,0.7340889276373147,0.0976460331299041,2294
06037403312,-0.8808602169901981,-0.13240685725667936,-0.740447700056796,-0.83348861853829,-0.9504211808824249,-0.3847980348143108,6,-0.6537371014231166,3,1,0.0586734693877551,77813.0,0.0249687890137328,0.4289617486338797,0.0237203495630461,56.1522945032779,0.3432103610675039,0.0113814756671899,0.4142464678178963,0.2225274725274725,5096
06037403316,-0.765730275916704,-0.33993376681325693,-0.500748087787706,0.6682238629988725,-0.9990115234689891,-0.7268013083328136,6,-0.4440001832200995,3,2,0.0708894479798727,84976.0,0.0457023060796645,0.6251993620414673,0.0184486373165618,47.1759959657085,0.1952049726209856,0.0532780819890484,0.3975136895071777,0.3375758472694983,6757
06037403317,-1.017864793230394,-0.9840407406038241,-0.7941649987789129,-0.034782862086594576,-0.8073445095025852,-0.7488970254421534,6,-0.7311824882740773,2,1,0.044136460554371,107208.0,0.020322354590049,0.5333333333333333,0.0392431674842326,46.5960665658094,0.3229299363057324,0.0823779193205944,0.39723991507431,0.1492569002123142,4710
06037403318,-0.3643794982611833,-0.5705224409945777,-0.9991293990269212,0.49887979510719127,-1.073442067505726,0.26462391152980635,6,-0.3739949498585684,4,2,0.1134751773049645,92935.0,0.0025933609958506,0.6030701754385965,0.0103734439834024,73.1971759959657,0.3064237474477776,0.0837128946128474,0.3134914402387309,0.2330768022616617,6367
06037403319,-0.6045830555796039,-0.18852574931462865,-0.5141619768526393,1.3758458037582835,-0.9955832853972947,-0.7080679829575,6,-0.2725127077238972,4,2,0.087988136431043,79750.0,0.0445420326223337,0.7176684881602914,0.0188205771643663,47.6676752395361,0.2367770637666831,0.055857637172516,0.5281759762728621,0.134700939199209,4046
06037403320,-0.9552926545521755,-1.1826442537980637,-0.8967336300431828,-1.0053465165872113,-1.0693790831375847,-1.9396640409651373,6,-1.1748433631805593,1,1,0.0507757404795486,114063.0,0.0114503816793893,0.4065040650406504,0.0108142493638676,15.3429147755925,0.148838141025641,0.0302483974358974,0.7071314102564102,0.1055689102564102,4992
06037403321,-0.5676377908189281,-0.838600968724162,-0.5158207238183552,0.2741635417773267,-0.555211531948994,-0.9304661790797855,6,-0.522262275435483,3,2,0.0919082510353615,102188.0,0.0443985544656685,0.5737051792828686,0.0665978316985028,41.8305597579425,0.2530541012216405,0.0548944946850706,0.4455021418372203,0.2067269554180549,6303
06037403322,-0.9477147644007088,-1.0308016553077632,-0.5556888923481842,-1.904269195994142,-1.0256272649590494,-0.7556218089102131,6,-1.0366205969866769,1,1,0.0515798001620307,108822.0,0.0409500409500409,0.2890365448504983,0.0155610155610155,46.4195663136662,0.1679719146637861,0.0180934377531731,0.5471239535511747,0.2371050499594923,3703
06037403323,-1.1104479543121373,-0.5116222305899257,-0.9765015162684956,0.5082030420882142,-0.9750652182294685,-0.648985956773828,6,-0.6190699723476069,3,1,0.0343128308085417,90902.0,0.0045506257110352,0.6042884990253411,0.0210466439135381,49.2183560262229,0.0820895522388059,0.0322169639606843,0.7016745540589734,0.1399708773207135,5494
06037403324,-0.8206394377818708,-0.9676425511847226,-0.9307199212488416,-0.16482570468308197,-0.2495165988932511,-1.8527221975566404,6,-0.8310110685580682,2,1,0.0650632559432781,106642.0,0.0085106382978723,0.5163398692810458,0.0997635933806146,17.624810892587,0.1455581815654108,0.0404559988878075,0.7090226609203392,0.0934241623800917,7193
06037403325,-1.084904109542684,-1.310642841878611,-0.8169204478541664,-1.6578046130098398,-1.0708266949833247,-1.4679685148483275,6,-1.2348445370194923,1,1,0.0370231862378459,118481.0,0.0183540556542332,0.3212435233160621,0.0106571936056838,27.7231467473525,0.1551982049364248,0.0555347793567688,0.6144353029169783,0.1460359012715033,5348
06037403401,-0.7071722752666368,-0.9628621602763274,-0.8905253877487708,-0.6554331951254916,-0.9131846527810491,-0.8598559526651508,6,-0.8315056039772378,2,1,0.0771028037383177,106477.0,0.01198738170347,0.4522292993630573,0.0277602523659306,43.6838124054463,0.2589563862928349,0.0747663551401869,0.5852803738317757,0.0730140186915887,5136
06037403402,-0.8684592394320391,-0.3379057221854529,-0.5138589348367009,1.2770779016889646,-1.0150083649794992,-1.0827344904637235,6,-0.4234814750347418,4,2,0.0599892876272094,84906.0,0.0445682451253481,0.7047619047619048,0.0167130919220055,37.8340897629854,0.2520694259012016,0.0237650200267022,0.5383177570093458,0.1391188251001335,3745
06037403403,-0.931624669303455,-1.8209278423002222,-0.9618527705049993,-1.8159477012783298,-1.073726375288637,-0.6537893735367272,6,-1.2096447887020618,1,1,0.0532870559412004,136094.0,0.0058177117000646,0.3005780346820809,0.0103425985778926,49.0922844175492,0.1825234789710085,0.050632911392405,0.6849734585545121,0.0530828909759085,4898
06037403404,-0.7924631437655614,-0.6484572988344763,-0.7869965742498417,-0.8664267100508569,-0.9157040905361931,-1.0745686819667943,6,-0.8474360832339539,2,1,0.0680529300567107,95625.0,0.0209424083769633,0.4246575342465753,0.0274869109947644,38.0484114977307,0.1364839319470699,0.0476370510396975,0.6616257088846881,0.1353497164461247,2645
06037403405,-0.26342673936799815,-1.780193117347472,-0.7688266231138409,-1.7913109170997197,-1.1344699541537098,-0.9194183205251137,6,-1.1096076119346423,1,1,0.1241868716735659,134688.0,0.0225140712945591,0.3037974683544304,0.0037523452157598,42.1205244578921,0.2067137809187279,0.0017667844522968,0.6319199057714959,0.1478209658421672,1698
06037403406,-0.5028935497836724,-0.35271044796842244,-0.29839510380929885,-0.049936369258919526,-0.39922347439459094,-1.1471002750865895,6,-0.45837653671691564,3,2,0.0987780040733197,85417.0,0.0632054176072234,0.5313531353135313,0.0835214446952596,36.1447302067574,0.2663282571912013,0.0071065989847715,0.4362098138747885,0.2395939086294416,2955
06037403407,-0.7373759523327197,-2.046765097639259,-0.9632366882546306,-2.388138820042391,-1.1034065512279811,-1.85416322258551,6,-1.5155143886804152,1,1,0.0738980121002592,143889.0,0.0056980056980056,0.2258064516129032,0.0071225071225071,17.5869894099849,0.1305099394987035,0.0263612791702679,0.8042350907519447,0.0388936905790838,2314
06037403408,-1.109644949938515,-0.8416140635997565,-0.6252088568415446,-3.1494932135069273,-1.1177197954741662,-1.5577924083145631,6,-1.4002455479459124,1,1,0.0343980343980344,102292.0,0.0349367088607594,0.1263157894736842,0.0055696202531645,25.3656076651538,0.1656941031941032,0.0508292383292383,0.668458230958231,0.0835380835380835,6512
06037403500,-1.0075435392049945,-0.95628550126902,0.5360023778824493,-0.18917583209234345,-0.8529431970487599,-0.594227005676764,6,-0.5106954495682388,3,2,0.0452316076294277,106250.0,0.1353790613718411,0.5131578947368421,0.0342960288808664,50.6555723651034,0.3602179836512261,0.0283378746594005,0.3809264305177112,0.1978201634877384,1835
06037403600,-0.36942879475654744,-0.09827776337734831,-0.9020675237209586,-2.0328639971535027,-0.4160036983305267,-0.6331346814562571,6,-0.7419627431325234,2,1,0.112939416604338,76635.0,0.0109890109890109,0.2722323049001814,0.0817009077878643,49.6343923348462,0.5541106128550075,0.0433482810164424,0.172795216741405,0.2177877428998505,6690
06037403702,-1.1372105814127875,-0.87481605136352,-0.6225485836170308,-0.667103856206895,-0.9446520685689989,-0.7460149753844147,6,-0.8320576860922745,2,1,0.0314731552499338,103438.0,0.0351668169522092,0.4507042253521127,0.0243462578899909,46.6717095310136,0.4601162176439514,0.0375066032752245,0.1690438457474907,0.2968832540940306,3786
06037403703,-0.49577394415492226,-0.3689348049908549,-0.18337056252387232,0.41788071873448346,-0.7476302168779007,-1.3901531632893418,6,-0.4613303288504014,3,2,0.0995334370139968,85977.0,0.0731548007838014,0.5924855491329479,0.0457217504898758,29.7655068078669,0.4225011008366358,0.0347864376926464,0.1056803170409511,0.4233817701453104,4542
06037403721,-0.4580820341220547,0.24958983442326968,-0.07889428846329162,-0.9721530194966785,-0.9107911997102415,-0.07930072869385302,6,-0.37493857267714165,4,2,0.1035327751684705,64628.0,0.0821917808219178,0.4108416547788873,0.0280199252801992,64.1704488149269,0.5344088217275883,0.0245047988564427,0.1192566877680212,0.2958954461915458,4897
06037403722,0.20823398322930414,0.45966628579765806,-0.6745211724809168,0.9586250302094312,0.6765144273687315,-0.07978107037014423,6,0.2581229139590106,7,3,0.1742329086667862,57377.0,0.0306712962962962,0.663147792706334,0.2002314814814814,64.1578416540595,0.6565387348969438,0.0225657427149964,0.1099857853589196,0.1945628997867803,5628
06037403801,-0.17601028868121388,-0.00020731958996662189,-0.7588546825610046,0.07069492553061534,-0.4508338690928543,-0.31899122516257905,6,-0.2723670765928338,4,2,0.1334622823984526,73250.0,0.0233766233766233,0.5471167369901547,0.0779220779220779,57.8794755421079,0.6243573264781491,0.023939588688946,0.1699871465295629,0.1614717223650385,6224
06037403802,-0.22088405302165645,0.047857338088989426,-0.8060892922277819,0.04005702346660886,-0.22715398060962633,-1.1269259246824066,6,-0.38218981483097886,4,2,0.1287009063444108,71591.0,0.0192909280500521,0.5431131019036954,0.1021897810218978,36.6742309631871,0.5338716913414087,0.0448631673396141,0.11395244504262,0.2561686855091969,6687
06037403901,-0.22150858548965402,-0.30441401376057453,-0.686469848641626,-0.6410695596769095,-0.8554086907159884,-0.378073251346251,6,-0.5144906582718339,3,2,0.1286346396965866,83750.0,0.0296377607025246,0.4541062801932367,0.0340285400658616,56.3287947554211,0.5327662255828608,0.0141776937618147,0.0982986767485822,0.3169502205419029,3174
06037403902,-0.6530414396341171,-0.4452472271285102,-0.8743458170879966,-0.5103098947720421,-0.564448215060273,-0.4635740697258786,6,-0.5851611105681362,3,1,0.0828464106844741,88611.0,0.0133868808567603,0.4711934156378601,0.0655957161981258,54.0847201210287,0.4007782101167315,0.0620622568093385,0.0750972762645914,0.4357976653696498,5140
06037404000,-0.5432587367557233,-0.3266935326003076,-0.15692082248833775,-1.141807727525236,-0.46659162971249135,-0.14222548828784612,6,-0.46291632289499035,3,2,0.094495015171218,84519.0,0.075442648190916,0.388671875,0.0762124711316397,62.5189107413011,0.7002600780234071,0.0127871694841785,0.0847420892934547,0.1996098829648894,4614
06037404100,-0.9840367729775927,0.2491552534315974,-1.0291111731370455,-0.3872081662059039,0.4177157467555292,-0.16047847198686854,6,-0.31566059735338065,4,2,0.0477258167841127,64643.0,0.0,0.487279843444227,0.1721536351165981,62.0398386283409,0.8101003664170783,0.0347299665445276,0.0688226859964951,0.0649992034411343,6277
06037404201,1.2312608993343064,0.531545981820256,-0.829986020506156,-0.12274287498342312,0.3157791263678227,0.6681109196134295,6,0.29899467194103924,7,3,0.282782212086659,54896.0,0.0172239108409321,0.5218390804597701,0.1610942249240121,83.7871911245587,0.6871270247229326,0.007104290991759,0.1102585961921,0.1523159988633134,3519
06037404202,0.5628093828914951,0.13633802799346909,-0.5704679572559848,-0.13231499403396013,-0.26120750330374887,0.23436238592353378,6,-0.005080109630865974,6,3,0.2118554893019993,68537.0,0.0396716826265389,0.5205882352941177,0.0984952120383036,72.4029248613212,0.5479774223894638,0.0279868297271872,0.1237064910630291,0.2791627469426152,4252
06037404301,0.3815445952595103,0.6868942003100464,-0.41185869466090186,1.0338341778763915,0.899157749528467,0.820379230997371,6,0.5683252098851473,8,4,0.1926222060694166,49534.0,0.0533910533910533,0.6729758149316509,0.2243867243867243,87.7836611195159,0.8722514991822642,0.0325277121570052,0.0328911502816645,0.0588769761948028,5503
06037404302,-0.8040803327237174,-0.14005548271011178,-0.5642469105009055,-0.34180708809842114,-0.3150162204592961,-0.22772630666747365,6,-0.3988220568599876,4,2,0.0668202764976958,78077.0,0.0402097902097902,0.4932126696832579,0.0926573426573426,60.2748361069087,0.7389705882352942,0.0091911764705882,0.1162683823529411,0.1314338235294117,2176
06037404401,-0.16347827533931442,0.17064095426946907,-0.7538499327355217,0.18974793406564483,0.18585097652808147,0.5249691000790028,6,0.025646792811227004,6,3,0.1347920043219881,67353.0,0.0238095238095238,0.5626740947075209,0.1469979296066252,80.0302571860817,0.8492597577388964,0.0113055181695827,0.0258411843876177,0.0998654104979811,3715
06037404402,-0.7877259237184416,0.11006036403035087,-0.8612567688268603,-0.8947536793532727,0.6626711485855681,1.1253961954415375,6,-0.10760144397351967,5,2,0.0685555775708341,69444.0,0.014519056261343,0.4209558823529412,0.1987295825771325,95.7892082702975,0.7624127230411172,0.0248254460822342,0.1305275407292474,0.0527540729247478,5156
06037404501,-0.26758345281621665,0.496229033230354,-0.7189807741153587,1.2558410092658134,0.9326268141264439,0.432743498231319,6,0.3551460213203925,7,3,0.1237458193979933,56115.0,0.0268256333830104,0.7019867549668874,0.2280178837555886,77.6096822995462,0.8537110075295805,0.0100394406597346,0.0638221584797418,0.0484044460380064,2789
06037404503,-0.5220110540531572,-0.09129549544448007,-0.947810384832798,0.6564125940962268,0.14027675920164748,0.4913451827387003,6,-0.0455137330489768,5,2,0.0967495219885277,76394.0,0.0070323488045007,0.6236559139784946,0.1420534458509142,79.1477559253656,0.7437452615617892,0.0291887793783169,0.1178923426838514,0.0837755875663381,2638
06037404504,0.10998779205875162,0.46462050910272223,-0.09245834121519331,0.7932280212223615,1.0570077547435632,-0.20755195626329068,6,0.3541389632748191,7,3,0.1638083973979893,57206.0,0.0810185185185185,0.6415343915343915,0.2415123456790123,60.8043368633384,0.795190222747881,0.0337078651685393,0.0952099349497338,0.0735265129114922,5073
06037404600,-0.6524161152868878,0.021521729993648226,0.03261075412597489,-0.35943527332398034,-0.13447411610136975,0.6431331524463512,6,-0.07484331135771062,5,2,0.0829127613554434,72500.0,0.0918367346938775,0.4909090909090909,0.1122448979591836,83.1316187594554,0.9031563845050216,0.0,0.0064562410329985,0.0846484935437589,1394
06037404701,-0.28669913956342924,-0.07788142883486183,-0.42211344591882277,-0.10526660926313207,0.7964824517005393,1.0250047850969215,6,0.15492110220286917,6,3,0.1217175301632363,75931.0,0.0525040387722132,0.5241228070175439,0.2132471728594507,93.1543116490166,0.7731685789938217,0.0019417475728155,0.1823477493380406,0.039541041482789,5665
06037404702,0.1316237612819305,0.41470163919263103,-0.6575084985949886,-0.15301923993761063,0.04892903799774809,0.9712065173524392,6,0.12598886954869162,6,3,0.1661041037484455,58929.0,0.0321428571428571,0.5178826895565093,0.1321428571428571,91.7423096318709,0.6599751287972997,0.0250488541481613,0.2783798187955232,0.0332208207496891,5629
06037404703,0.7342697562833379,0.515350596863935,-0.6468038948015964,0.7627724688259605,0.9523593896711795,1.2373158060171172,6,0.5925440204766556,8,4,0.2300484652665589,55455.0,0.033068783068783,0.6375545851528385,0.2301587301587301,98.7266767523954,0.8392282958199357,0.0154340836012861,0.1122186495176848,0.0221864951768488,3110
06037404801,-0.18635927455196,0.3212956980491987,-0.3892276722994425,0.4931990349195291,1.0089268334179182,0.8785005738284648,6,0.3543891988939514,7,3,0.1323641928079571,62153.0,0.0553485896753592,0.6023278370514064,0.2362959020755721,89.309127584468,0.7317658955884212,0.0097332827708254,0.2196940968272026,0.037289849576539,7911
06037404802,0.042492172705930545,0.3280172173870636,-0.210345443897385,0.7288128602625625,1.3898223095557127,1.1710286546890905,6,0.5749712951171625,8,4,0.1566467065868263,61921.0,0.0708215297450425,0.6331168831168831,0.2776203966005666,96.9868885526979,0.7326024785510009,0.013584366062917,0.1773117254528122,0.0445662535748331,4196
06037404803,-1.169483727735413,0.18851671906025622,-0.9511720354053788,-0.47206978334511474,0.736519140069721,0.7555331046982173,6,-0.15202609710961865,5,2,0.0280487804878048,66736.0,0.0067415730337078,0.4761904761904761,0.2067415730337078,86.0816944024206,0.7742873763816173,0.0,0.1018033740546829,0.1215823152995927,1719
06037404901,-0.539326202363952,0.1624418595599184,-1.0291111731370455,-0.9691356282962783,0.7115641850182697,0.6786784364918103,6,-0.1641480871212129,5,2,0.0949122807017543,67636.0,0.0,0.4112359550561797,0.204034134988363,84.0645486636409,0.7233333333333334,0.0264912280701754,0.213859649122807,0.0363157894736842,5700
06037404902,-0.19231754197823958,-0.039841106030480106,-0.812116910630735,0.523590070176581,0.19574080855397671,0.02829580679511452,6,-0.0494414788522971,5,2,0.1317319848293299,74618.0,0.0187695516162669,0.6062992125984252,0.1480709071949948,66.9944528492184,0.6373487903225806,0.0005040322580645,0.3276209677419355,0.0267137096774193,3968
06037404903,-0.47003563212017085,0.354903294738523,-0.7148644351679242,-0.28986689948739763,0.18912706185129433,0.5898152263781564,6,-0.05682023063458649,5,2,0.1022644265887509,60993.0,0.0271816881258941,0.5,0.1473533619456366,81.732223903177,0.6482834185536889,0.0,0.3250547845142439,0.0266617969320672,2738
06037405001,-0.47463389441435394,-0.1969855926191827,-0.6627723373484297,-0.7835779396179847,0.2777090773787636,0.836710847991229,6,-0.1672583064383264,5,2,0.1017765233272455,80042.0,0.0316875460574797,0.4354838709677419,0.156963890935888,88.2123045890065,0.8551998673080112,0.0058052745065516,0.1059877259910433,0.0280311826173494,6029
06037405002,-0.7874573882619836,0.20068498682708052,-0.8426438812521423,-1.4482760601607694,1.4528409479491946,0.48317937424177126,6,-0.15694533677614148,5,2,0.0685840707964601,66316.0,0.0161290322580645,0.3486238532110092,0.2844574780058651,78.9334341906203,0.8141369517197854,0.004102240454402,0.1429473019880088,0.020826759230041,3169
06037405101,-0.40886726401369056,-0.1571490017158888,-0.7500532259713633,-0.6293672370352291,1.0239981499323147,0.4778956158025809,6,-0.07392382716687936,5,2,0.1087547580206634,78667.0,0.0241379310344827,0.4556354916067146,0.2379310344827586,78.7947554210792,0.7605483354103614,0.008367455937333,0.1958340751290724,0.0324016378849919,5617
06037405102,-0.10340707856380646,0.6985989150190869,0.17445043812005734,0.9136453244511096,0.7297920443160838,0.973608225733891,6,0.5644479781794037,8,4,0.1411659192825112,49130.0,0.1041055718475073,0.6572700296735905,0.2060117302052786,91.8053454362078,0.721404504344742,0.0223443873027132,0.203759531831885,0.0478808299343855,5639
06037405201,-0.19773169515200725,0.47913551422457695,-0.9261945075863275,1.1910712323419093,0.19847873003763541,0.9236526913997262,6,0.2780686608775855,7,3,0.131157510642611,56705.0,0.0089020771513353,0.693522906793049,0.1483679525222551,90.494200706001,0.7421447395094263,0.0338536387593756,0.1621731198053922,0.0431785931481856,4933
06037405202,0.30554522654757577,0.25552910797612444,0.6878648808526583,-0.2962122735520946,1.0287709037622903,0.8299860645231731,6,0.4685806516849545,8,3,0.1845582163501238,64423.0,0.1485148514851485,0.4991708126036484,0.2384488448844884,88.0358043368634,0.7684536082474227,0.022061855670103,0.116701030927835,0.0282474226804123,4850
06037405203,-0.17651822522956692,-0.1556424542780915,-0.7237270045406383,-0.13544382751830197,0.8946657242522672,0.7132630371846946,6,0.06943287497839384,6,3,0.1334083872783563,78615.0,0.0264150943396226,0.5201793721973094,0.2238993710691824,84.9722642460918,0.6899395272127543,0.0068719076415612,0.1992853216052776,0.0975810885101704,3638
06037405301,-0.29821319094315224,0.33575275903883045,0.01466648428345344,0.8161615439301471,-0.49970210773228413,-0.3958458933689825,6,-0.004530067465331318,6,3,0.1204958201210723,61654.0,0.0902845927379784,0.64453125,0.0726202158979391,55.8623298033283,0.679158258864226,0.0294032862496396,0.1700778322283078,0.1003170942634765,3469
06037405302,-0.41444535301589414,0.4659821962099621,-0.44640088599672273,0.8248704293113873,-0.1841552848089467,0.3957571891569867,6,0.10693471514279544,6,3,0.1081628892574166,57159.0,0.0504032258064516,0.6456692913385826,0.1068548387096774,76.6389309127585,0.6771581078593779,0.0219031842444321,0.187925639609792,0.0993926007730535,5433
06037405400,-1.111427277306768,-0.466136086794892,-1.0291111731370455,-1.355407815212272,-0.19114415295681242,-0.4866304701877967,6,-0.7733094959325978,2,1,0.0342089187538179,89332.0,0.0,0.360759493670886,0.1060965954077593,53.4795763993949,0.7565656565656566,0.0175757575757575,0.082020202020202,0.124040404040404,4950
06037405500,-0.8807944280957496,-0.009362492481196345,-0.6027846532960734,0.6307371452673805,-0.4242835386474475,-0.3377245505378889,6,-0.2707020862984959,4,2,0.0586804499847978,73566.0,0.0368763557483731,0.6203007518796992,0.0808026030368763,57.3877962682804,0.618253486961795,0.0077319587628865,0.212098241358399,0.1372043662825955,6596
06037405600,-0.9943532825613958,-0.40152837936627717,-0.29347851319934876,-0.3404342196769841,-0.7665588863589939,-0.5116082373548791,6,-0.5513269197529799,3,1,0.0466311731228199,87102.0,0.0636306924516531,0.4933920704845815,0.0436681222707423,52.8240040342915,0.6270484422834504,0.0237709346299297,0.2058346839546191,0.1395641995317846,5553
06037405701,-1.3091479051799935,-0.6313927518948108,-0.8632138156932577,-0.060020858719889596,-0.7061301700646768,-0.7186354998358808,6,-0.7147568335647515,2,1,0.0132295719844357,95036.0,0.0143497757847533,0.5300353356890459,0.0502242152466367,47.3903177004539,0.6905748316934232,0.0,0.1530295183842568,0.1470740548938374,3862
06037405702,-1.023158723050036,-0.29885137706716913,-0.7637006050793982,-2.0715607485082748,-0.40977412926630524,0.017247948240442495,6,-0.7582996057884567,2,1,0.0435747427879766,83558.0,0.0229574611748818,0.2671755725190839,0.0823767724510465,66.7044881492688,0.5598144038733105,0.0782731490821061,0.1801492838410328,0.138793625176518,4957
06037405800,-0.9503545094383037,-0.18788836386017596,-0.9445702437267055,0.6176436181885366,0.08349247557629555,-0.3992082851030124,6,-0.2968142180605609,4,2,0.0512997073506627,79728.0,0.0073126142595978,0.6185897435897436,0.1358927483241925,55.7740796772567,0.680343347639485,0.0113304721030042,0.0983690987124463,0.1517596566523605,5825
06037405900,-0.34933694033171375,0.2772871296258507,-0.4753503247998625,1.422653811963007,-0.26282866135324057,-0.33484250048014996,6,0.046263752437315155,6,3,0.115071283095723,63672.0,0.0478991596638655,0.7237851662404092,0.0983193277310924,57.4634392334846,0.6484434320425209,0.0248038471273095,0.1151607188053657,0.1888129587446216,3951
06037406000,-0.863550033252402,-0.17267802915164557,-0.6148493992613612,-0.2516806663435647,-0.5513150689974292,-0.36606470943900093,6,-0.47002298440756735,3,2,0.0605101839035,79203.0,0.0358327803583278,0.5049900199600799,0.0670205706702057,56.6439737771054,0.6006530925854783,0.0161352285824049,0.1164041490587783,0.2374183634268152,5206
06037406101,-0.782783109576638,0.1370043855140333,-0.25262797260140346,0.24926420555260373,-0.8251312291267499,-0.10187678747948369,6,-0.262691751286273,4,2,0.0690800398538691,68514.0,0.0671641791044776,0.5704514363885089,0.0373134328358208,63.5779122541604,0.6041867954911433,0.0360708534621578,0.0982286634460547,0.2112721417069243,3105
06037406102,-0.35032203573652027,0.4612887214999013,0.22448821086025592,-0.4979348750432902,-0.05000955664601209,0.12436414205311881,6,-0.014687565502091092,5,2,0.1149667585535917,57321.0,0.108433734939759,0.4728105323411563,0.1214087117701575,69.5158850226929,0.7086103453867358,0.039241122101508,0.0849683800875628,0.1491811253445759,6167
06037406200,0.145616257850381,0.678231552542712,1.0589669439342606,0.8173900094356089,-0.23659723265482205,0.5701212176502647,6,0.5056214581264008,8,3,0.1675887917187221,49833.0,0.180614406779661,0.6446917808219178,0.1011652542372881,81.2153303076147,0.6047151953192221,0.039408019273791,0.1942866976424023,0.1445534331440371,5811
06037406300,-0.45726156497751935,-0.7685465128665877,-0.7181465919303036,0.30427293917906906,-0.5079310268192381,-0.14846993007961867,6,-0.3826804479156997,4,2,0.1036198318751072,99770.0,0.0268977884040645,0.577639751552795,0.0717274357441721,62.3550176500252,0.3789672328015097,0.0166409332647109,0.3352204494767541,0.2024360953851432,5829
06037406402,-1.2493070113729743,-0.653382550073429,-0.9264382415485563,-0.7681494696139034,-0.8416249575656547,-0.7455346337081236,6,-0.864072810647107,2,1,0.0195790504160548,95795.0,0.0088809946714031,0.4375,0.0355239786856127,46.684316691881,0.5354870288790994,0.0176211453744493,0.0910425844346549,0.3010279001468429,2043
06037406411,-0.9739813598799055,-0.06243931759743955,-0.6459990373735219,0.6794524426356545,-0.5222360703370208,0.5672391675925255,6,-0.15966069582661793,5,2,0.0487927565392354,75398.0,0.0331384015594541,0.6266666666666667,0.0701754385964912,81.1396873424105,0.5744255744255744,0.0214785214785214,0.1843156843156843,0.1848151848151848,2002
06037406412,-0.785699364983421,-0.34514873871332447,-0.7354501172006612,2.4542189574000295,-0.9718969916670648,-0.464534753078457,6,-0.14141850137381648,5,2,0.0687706076307112,85156.0,0.0254010695187165,0.8585858585858586,0.0213903743315508,54.059505799294,0.5044747998115874,0.0164861045690061,0.2543570419218087,0.2162034856335374,2123
06037406500,-0.8932069911749109,-0.4727127458021994,-0.9672877929399119,-0.0074656135082160294,-0.33113017877175177,0.20458120199355245,6,-0.41120368670057283,4,2,0.0573634024519449,89559.0,0.0053475935828877,0.5369030390738061,0.0909090909090909,71.6212808875441,0.5755071374906086,0.0359128474830954,0.2356123215627348,0.0958677685950413,6655
06037406601,-0.3428762499554885,-0.8761487664046484,-0.4473224982409416,-1.3300154015100898,-0.5726889557173553,-1.4996710654834695,6,-0.8447871562186656,2,1,0.1157568011685229,103484.0,0.0503235082674335,0.3640776699029126,0.0647016534867002,26.8910741301059,0.5843243243243244,0.0347747747747747,0.1866666666666666,0.1727927927927928,5550
06037406602,-0.7745306494220994,-0.5315839841407399,-0.2771043674632903,0.2154882689481556,-0.1072017236021031,-0.3334014754512807,6,-0.30138898852189294,4,2,0.0699556754673347,91591.0,0.0650470219435736,0.5660377358490566,0.1152037617554859,57.5012607160867,0.6569834551750673,0.003078106964217,0.2214313197383609,0.1133128126202385,5198
06037406701,-1.0117443370181374,-0.3089336560739664,-0.6699095084473704,0.3324766857374534,-0.3841634592937599,0.19545471014404095,6,-0.3078032608252899,4,2,0.0447858777378228,83906.0,0.0310701956271576,0.5813253012048193,0.0851553509781357,71.381744831064,0.5859831278390656,0.0866320571057754,0.2255029201817002,0.0856586632057105,3082
06037406702,-0.9385376984195558,-0.1954790451813854,-0.4950268283805117,-0.5139645896117477,-0.21877730661684724,0.5754049760894545,6,-0.29773008202009893,4,2,0.0525535420098846,79990.0,0.0461971830985915,0.4707158351409978,0.1030985915492957,81.3540090771558,0.5725490196078431,0.0233725490196078,0.2279215686274509,0.1284705882352941,6375
06037406800,-0.6716688318626391,-0.6605386504029661,-0.5402368636377062,-0.5171695070722723,-0.23073655908976234,0.2247555523977354,6,-0.39926580994460176,4,2,0.0808699324324324,96042.0,0.0422866092404072,0.4702970297029702,0.1018010963194988,72.1507816439738,0.5770653514180024,0.0238388820386354,0.2688039457459926,0.1093300452116728,4866
06037406901,-0.10412119958791302,-0.03847941892324024,-0.23561265389094943,0.010887205744990166,0.18429248780633997,0.3943161641281136,6,0.03521376421289018,6,3,0.1410901467505241,74571.0,0.0686359687228497,0.5393013100436681,0.1468288444830582,76.6011094301563,0.7716320972134926,0.0205321600670437,0.1636287450240938,0.0341504294992667,4773
06037406902,-0.37337075822394133,0.3056797544151075,-0.29146214143458643,-1.1383681954440439,-0.1425482629294582,-0.08890756221965546,6,-0.28816286097276295,4,2,0.1125211505922165,62692.0,0.0638051044083526,0.3891213389121339,0.111368909512761,63.9183055975794,0.728515625,0.0114397321428571,0.1515066964285714,0.0521763392857142,3584
06037407001,-0.0913381727462402,-0.21292022898050025,-0.6342566853172265,0.4590453099633585,1.0126126769138242,0.8655313485686328,6,0.23311237473364144,7,3,0.1424465027147876,80592.0,0.034154090548054,0.597864768683274,0.2366957903097696,88.9687342410489,0.9202737110120942,0.0038192234245703,0.0549013367281986,0.0154360280076384,6284
06037407002,-0.2653634626948598,0.3161676423474656,-0.17790171486727327,0.5042626509113288,0.8298513960293014,1.1297192705281498,6,0.38945596370901875,7,3,0.1239813736903376,62330.0,0.073627844712182,0.6037735849056604,0.216867469879518,95.9026727181039,0.8445867287543656,0.0075669383003492,0.1071012805587892,0.0317229336437718,3436
06037407101,0.33399469364246087,0.2569197671494758,-0.76163366961063,-0.5795041531098241,0.6712215451509664,0.5283314918130326,6,0.07488827917258029,6,3,0.1875768757687577,64375.0,0.0231362467866323,0.4621513944223107,0.1996572407883461,80.1185073121533,0.8707761621953717,0.0069629326233872,0.0825312308007372,0.0397296743805037,4883
06037407102,-1.007553482158454,-0.008290526035071346,-0.9445186943795041,-0.20339773426678634,0.47205238726081533,0.7862749719807772,6,-0.1509055129330372,5,2,0.045230552622316,73529.0,0.0073170731707317,0.5112994350282486,0.1780487804878048,86.8885526979324,0.7852889667250438,0.0101576182136602,0.1642732049036777,0.0201401050788091,5710
06037407200,-0.03513597156572604,0.3396639879638811,-0.563471013162662,0.9802610875705429,0.18828891799602762,1.0331705935938542,6,0.3237962670659863,7,3,0.1484098939929328,61519.0,0.040276903713027,0.6659751037344398,0.1472624292007552,93.368633383762,0.869753979739508,0.0002894356005788,0.0833574529667149,0.0465991316931982,6910
06037407301,-0.5582852810887692,-0.3249262365675069,-0.5011637055262952,-2.4661414936689714,-0.6966001596589206,-0.011092210660669526,6,-0.7597015145285222,2,1,0.0929006085192697,84458.0,0.0456663560111835,0.2156133828996282,0.0512581547064305,65.9606656580938,0.767225702162053,0.0101030511214386,0.1602343907860173,0.0470802182259042,4949
06037407302,-0.3292022103901086,0.14731844104972247,-0.6377240969411293,-1.4414598838696644,0.22312284568376894,0.3765435221053824,6,-0.27690023039367145,4,2,0.117207698937087,68158.0,0.0338541666666666,0.3495145631067961,0.1510416666666666,76.1346444780635,0.8566942620610905,0.0165572366542963,0.1107622038252926,0.0137025406794176,3503
06037407400,-1.1382709153666128,-0.6640732424685675,-0.9190066769764361,-0.13175695894970943,-0.7828121035833783,0.001396672922871282,6,-0.6057538707369722,3,1,0.0313606474456246,96164.0,0.0095238095238095,0.5206611570247934,0.0419047619047619,66.2884518406455,0.4516944865958523,0.0591805766312594,0.2867981790591806,0.1122913505311077,1977
06037407501,-0.5482738203917661,0.12698005063945897,-0.9163212014603235,-0.47776362346566836,0.44957145029807194,0.3779845471342555,6,-0.16463709954099526,5,2,0.093962884660559,68860.0,0.0097560975609756,0.4754464285714285,0.1756097560975609,76.1724659606657,0.7843551797040169,0.0129198966408268,0.1557434813248766,0.0460418134836739,4257
06037407502,-0.518497773585895,-0.16633314667323001,-0.7599383652938797,-1.7024290420832429,-0.020931791513575083,-0.25942885730261583,6,-0.5712598294087398,3,1,0.0971223021582733,78984.0,0.0232828870779976,0.3154121863799283,0.1245634458672875,59.4427634896621,0.8465227817745803,0.0256594724220623,0.074820143884892,0.0460431654676259,4170
06037407601,0.521433672360213,0.3422714739139149,-0.38683494553349024,-0.7764433870149418,0.8131341297815822,0.977931300820499,6,0.2485820407212962,7,3,0.2074652777777778,61429.0,0.0555555555555555,0.4364161849710982,0.2150537634408602,91.9188098840141,0.8374565972222222,0.0141059027777777,0.1171875,0.0256076388888888,4608
06037407602,-0.9971815270314288,0.14187169262076302,-0.43687354170751375,0.43831417613773244,-0.06732215261051791,0.7070185953929223,6,-0.0356954595330071,5,2,0.0463310793889306,68346.0,0.0512273212379935,0.5951557093425606,0.119530416221985,84.8083711548159,0.8011520160280491,0.0240420736288504,0.120961682945154,0.0237916353618832,3993
06037407701,0.39893293224848875,0.6869811165083809,0.3574074821382744,-0.11327025820991833,1.2247079497848372,0.7944407804777102,6,0.5582000004912956,8,3,0.1944672131147541,49531.0,0.1199309749784296,0.5230769230769231,0.2597066436583261,87.1028744326778,0.8309198449928615,0.0030593514174994,0.131552110952478,0.0275341627574954,4903
06037407702,-0.4750450699697079,-0.07014588718309495,-0.6774739088624739,-0.841177560966553,-0.11631741110054944,0.7392014877043555,6,-0.24015972506300395,4,2,0.1017328951299671,75664.0,0.0304158907510862,0.4279569892473118,0.1142147734326505,85.6530509329299,0.7630486358244365,0.0062277580071174,0.1472419928825623,0.0723606168446026,6744
06037407801,-0.31150917988602833,-0.6772845046154053,-0.7414187799431947,-1.9440144782655313,0.7253514235461074,0.6243998270710375,6,-0.3874126153488358,4,2,0.1190850357953553,96620.0,0.0248847926267281,0.2838427947598253,0.2055299539170507,82.6399394856278,0.6891915488039113,0.0104766893661602,0.2418369128688667,0.0310808451196088,5727
06037407802,-0.9403708522585693,-0.33028606879813194,-0.6407581052837333,-0.26895837183159405,0.08133718826491466,0.4452323818148566,6,-0.27563397134870954,4,2,0.0523590333716916,84643.0,0.0335917312661498,0.5027322404371585,0.1356589147286821,77.9374684820978,0.772439585730725,0.012945914844649,0.1478711162255466,0.0397008055235903,3476
06037407900,-0.7297877475517671,-0.5277306993479122,-0.9006559276163344,-2.053609173203278,-0.6630145280149654,-0.0010050354585799351,6,-0.8126338518654729,2,1,0.0747031662269129,91458.0,0.0111111111111111,0.2695214105793451,0.0549019607843137,66.2254160363086,0.669023347583032,0.0499835580401183,0.2191713252219664,0.0504768168365669,6082
06037408003,-0.9105884456465101,-0.3830152291210373,-0.12307887714456908,-0.42877404856704326,-0.5044941440643831,-0.5332236127879314,6,-0.4805290595552458,3,2,0.0555191256830601,86463.0,0.0783699059561128,0.4818481848184818,0.0721003134796238,52.2566817952597,0.6102250382346516,0.0622678610443521,0.2759449421018134,0.0498142888354817,4577
06037408004,-0.850478933739085,-0.15639572799699017,-0.6708450533295796,-1.4031309746962815,-0.40004183839641505,-0.5596424049838832,6,-0.6734224888570391,3,1,0.0618971061093247,78641.0,0.0309892729439809,0.3545232273838631,0.0834326579261025,51.5632879475542,0.4452466907340554,0.1070998796630565,0.3650220617729643,0.0661853188929001,2493
06037408005,-0.8737206434443626,-1.1656666230567327,-0.8105672771660819,-1.3605558634148467,-0.6231106357553614,-0.9746576132984687,6,-0.9680464426893091,2,1,0.0594310210444271,113477.0,0.0189035916824196,0.3600867678958785,0.0592312539382482,40.6707009581442,0.3757023832590583,0.0544468126332106,0.4024413873280372,0.1222631273009106,5161
06037408006,-0.05284273037987985,-0.2102547988982435,-0.7897535727878943,0.08287021281795093,0.1381429840088016,-0.023100752567919658,6,-0.14248977630119744,5,2,0.1465311004784689,80500.0,0.020703933747412,0.5487077534791253,0.1418219461697722,65.6454866364095,0.3657296650717703,0.0397727272727272,0.5367822966507177,0.0352870813397129,3344
06037408133,-0.17710467675973812,0.07462752717600292,-0.4814861790750672,0.06817101095679613,0.12862649497469278,0.1877692433234031,6,-0.03323276323398506,5,2,0.1333461612468732,70667.0,0.0473684210526315,0.5467869222096956,0.1407894736842105,71.1800302571861,0.5331539496444359,0.0415145108591197,0.3499903901595234,0.0613107822410148,5203
06037408134,-0.12941995192184888,-0.9897192655616753,-0.5919948878579632,-1.202951806092545,-0.5441621700211715,-0.5274595126724501,6,-0.6642845990212757,3,1,0.1384057971014492,107404.0,0.0378096479791395,0.3806818181818182,0.0677966101694915,52.4079677256682,0.302536231884058,0.05,0.5039855072463768,0.1050724637681159,2760
06037408135,-0.48821665499645506,-0.5506765757082095,-0.6417590152524274,-1.6507901157877718,-0.9552553476366759,-0.6826098741141304,6,-0.8282179305826117,2,1,0.1003353108073252,92250.0,0.0335051546391752,0.3221601489757914,0.0231958762886597,48.3358547655068,0.3717156105100463,0.0455950540958268,0.4866048428645028,0.0850077279752704,3882
06037408136,-0.8916518800164049,-0.7027799227935134,-0.6376041499364719,-0.6344116893415631,-0.42543856427373655,-0.3449296756822396,6,-0.6061359803406549,3,1,0.057528409090909,97500.0,0.0338645418326693,0.4549763033175355,0.0806772908366533,57.1986888552698,0.5265151515151515,0.0620265151515151,0.318655303030303,0.0802556818181818,4224
06037408137,0.07339027770701165,0.0656751587475536,-0.7084545257727524,-0.3491534159273935,0.36483820363489783,-0.15039129678477894,6,-0.11734926639924363,5,2,0.1599251812017769,70976.0,0.0277361319340329,0.4922526817640048,0.1664167916041979,62.3045890065557,0.4514846855272387,0.0755202244563946,0.3656768763151742,0.0830021042787,4277
06037408138,0.3262578708778177,0.424407281339979,-0.5980890154246346,-1.4812773735749811,0.9691474382953355,0.3237059377134789,6,-0.005974643462167435,6,3,0.1867559523809523,58594.0,0.0372825186412593,0.344311377245509,0.231980115990058,74.7478567826525,0.8912002945508101,0.0073637702503681,0.0460235640648011,0.0471281296023564,5432
06037408139,-0.3739152555390977,0.0641686113097563,-0.5029831016629954,0.13908607820453622,1.226308014819214,0.8045279556797997,6,0.2261987171352022,7,3,0.1124633761550597,71028.0,0.0455089820359281,0.5560538116591929,0.259880239520958,87.3676248108926,0.94157848324515,0.0033068783068783,0.0244708994708994,0.0306437389770723,4536
06037408140,0.04457695559648166,0.24773562219213455,-0.29894451438773995,1.1981233186839537,0.21352161218926438,0.9356612333069763,6,0.3901123712635118,7,3,0.1568679145794885,64692.0,0.0631578947368421,0.6944444444444444,0.15,90.8093797276853,0.911152122330609,0.0081729501713683,0.0590561560769839,0.0216187714210387,3793
06037408141,-0.7316654462455956,-0.07182626701756116,-0.9771283849317222,-0.275953224720081,0.6710652860569021,0.03982400702607344,6,-0.22428067163866405,5,2,0.074503931111943,75722.0,0.0044964028776978,0.5018181818181818,0.1996402877697841,67.2970247100353,0.8067461796496459,0.0011181513231457,0.1831904584420425,0.0089452105851658,5366
06037408202,0.2453636443452995,0.3088377096212595,-0.7333080491234676,-0.5981438167253352,0.6390056995022572,0.9870577926700105,6,0.1414688300483373,6,3,0.1781725888324873,62583.0,0.0255863539445629,0.4597156398104265,0.1961620469083155,92.1583459404942,0.8079404466501241,0.0,0.1037220843672456,0.0669975186104218,2015
06037408211,-0.6361982931604504,0.3712435400254014,-0.5474040024343793,0.30146427812355503,0.8075179243826458,0.42794008146841606,6,0.12076058806753143,6,3,0.0846335697399527,60429.0,0.0416666666666666,0.5772727272727273,0.2144444444444444,77.4836106908724,0.2899232095282871,0.0117536436295251,0.6398683591913493,0.0421564018178968,6381
06037408212,-0.5170103469773093,-0.02677470421419971,-0.4837823006434605,-0.7384629652612238,-0.43328659373373823,-0.3156288334285492,6,-0.4191576240430801,4,2,0.0972801270597577,74167.0,0.0471698113207547,0.4413793103448276,0.0798258345428156,57.9677256681795,0.2969059896866323,0.0347084490281634,0.5801269337564459,0.0729869099563665,5042
06037408301,-0.1757461440936906,0.16742505493109408,-0.24531645470558777,0.6319140538473229,0.8767273970106712,1.1633431878684521,6,0.40305784914304366,7,3,0.1334903097264988,67464.0,0.0677966101694915,0.6204545454545455,0.2219531880548829,96.78517397882,0.8848985455198419,0.0053869635482133,0.0933740348356976,0.016340456096247,5569
06037408302,-1.033361382090452,-0.3686740563958515,-0.899455411303057,0.9043163329303746,-0.230109213949364,0.34388028811766186,6,-0.21390057378178137,5,2,0.0424921793534932,85968.0,0.011214953271028,0.6560509554140127,0.1018691588785046,75.2773575390822,0.7554744525547445,0.0,0.1603232533889468,0.0714285714285714,3836
06037408303,-1.1190754177455071,-0.5361905426524662,-0.9120380379789291,-3.2016752509493953,-0.6712502845195593,0.045588107141554514,6,-1.065773571117384,1,1,0.0333974050937049,91750.0,0.010126582278481,0.1194968553459119,0.0540084388185654,67.4483106404438,0.674635429117858,0.0121922065503227,0.1781018407841262,0.135070523547693,4183
06037408401,-0.6567499367230771,-0.051574792805632125,-0.6085422609633354,0.034648296022499775,-0.40157826814423586,0.9731278840575998,6,-0.11844484642603016,5,2,0.0824529168580615,75023.0,0.036378334680679,0.5424063116370809,0.0832659660468876,91.7927382753404,0.619958988380041,0.0257461836409204,0.2574618364092048,0.0950102529049897,4389
06037408402,-0.8126355281404993,-0.3889255306077805,-0.661317787234692,2.512040440466306,-0.7536473932296415,0.007641114714640332,6,-0.016140780671944525,5,2,0.0659125188536953,86667.0,0.0318133616118769,0.8661417322834646,0.045068928950159,66.4523449319213,0.6139030996087872,0.0102317183268131,0.2105025579295817,0.1625037616611495,6646
06037408501,0.006546687223076095,0.25891883971116836,-0.4697092974823361,0.0603332196560774,-0.13984189944969247,1.1095449201239669,6,0.13763207829704335,6,3,0.152832674571805,64306.0,0.0483870967741935,0.5457627118644067,0.1116625310173697,95.3731719616742,0.7091803278688524,0.0045901639344262,0.2347540983606557,0.0491803278688524,3050
06037408503,-1.0971388429174342,-1.3755402699683406,-0.9412173153301728,-1.424285859787452,-1.0289062266090552,-1.6966111527623817,6,-1.2606166112291393,1,1,0.0357250075052536,120721.0,0.0076026355803345,0.3517587939698492,0.015205271160669,21.7221381744831,0.3388281132923722,0.0170837704181028,0.4458264648583845,0.1687396972875768,6673
06037408504,-0.34268299314647,-0.37817689408041905,-0.47406766122190785,-0.13811718885235882,-0.383004298519242,0.25117434459368687,6,-0.24414578187111846,4,2,0.1157773068772876,86296.0,0.0480101073910296,0.5198300283286119,0.0852811118130132,72.8441754916793,0.5399576352782592,0.0019256691700365,0.3362218370883882,0.1097631426920855,5193
06037408505,-0.43669519063213497,-1.1721853379318172,-0.8487058868400782,-1.6563885284202717,-0.7375623444783824,-0.5409090796085733,6,-0.8987410613185429,2,1,0.1058020477815699,113702.0,0.0156046814044213,0.3214285714285714,0.0468140442132639,52.0549672213817,0.4643799472295514,0.0071617037316245,0.3437617791179796,0.1748963437617791,2653
06037408623,-0.689788107340332,-0.0043503250439091866,-0.43318477639147834,-0.5064476859597776,-0.4088758745473132,-0.09226995395368531,6,-0.35581945387274927,4,2,0.0789473684210526,73393.0,0.0515463917525773,0.4716981132075472,0.0824742268041237,63.8300554715078,0.3069155446756426,0.0266217870257037,0.4767441860465116,0.1606487148102815,3268
06037408624,-0.8178685498902699,-0.4596173719198075,-0.6805995402793993,-0.584194634949863,-0.5750171153927093,-0.5836594887983835,6,-0.6168261168717387,3,1,0.0653572637995259,89107.0,0.0301455301455301,0.4615384615384615,0.0644490644490644,50.9329299041856,0.2498309668695064,0.0003380662609871,0.6575388776200135,0.0824881676808654,2958
06037408625,-0.6562949962327372,-0.416883574405365,-0.9417926527679824,1.0885375262188055,-0.8209750384090124,-0.5774150470066146,6,-0.38747063043381774,4,2,0.0825011887779362,87632.0,0.0075528700906344,0.6801242236024845,0.0377643504531722,51.0968229954614,0.3186995728523967,0.0,0.5223065970574277,0.1473659231134314,4214
06037408626,-0.5186909189595491,-0.2357212450102401,-0.17596714791666027,-0.13340271297761125,1.0727741711914787,-1.1547857419072278,6,-0.19096559926330162,5,2,0.0971018082734704,81379.0,0.0737951807228915,0.5204460966542751,0.243222891566265,35.9430156328795,0.217983651226158,0.020807530344315,0.7005201882586078,0.060688630170919,4037
06037408627,-0.5453013325305637,-0.8951834138398951,-0.81594791321656,-1.5652870864914132,-1.0091048760133978,-2.029007592755082,6,-1.143305369141152,1,1,0.0942782834850455,104141.0,0.0184381778741865,0.3333333333333333,0.0173535791757049,12.9979828542612,0.197334200260078,0.0133289986996098,0.6586475942782835,0.1121586475942782,3076
06037408628,-0.3288094589662811,0.18002790368959068,-0.37237856742022657,0.08422718623762251,-0.630646004125036,-0.8665807361332105,6,-0.3223599461195902,4,2,0.1172493722232953,67029.0,0.0568060021436227,0.548885077186964,0.0584137191854233,43.5073121533031,0.2070697315047324,0.0127486961560749,0.673556113579293,0.0855707938960788,5177
06037408629,-0.3563826064641374,-0.6820938675899121,-0.6171110876116549,0.16500323713641243,-0.7410442198173415,-1.3887121382604724,6,-0.6033901137678509,3,1,0.1143236955799268,96786.0,0.0356371490280777,0.5594405594405595,0.0464362850971922,29.803328290469,0.2370517928286852,0.0205843293492695,0.5756972111553785,0.1324701195219123,3012
06037408630,-0.9907646161784227,-0.30565981260336844,-0.8342633288078775,0.6794524426356545,-0.13341734194925717,0.2992085122226874,6,-0.21424069078009733,5,2,0.047011952191235,83793.0,0.0168539325842696,0.6266666666666667,0.1123595505617977,74.1048915784165,0.7565737051792829,0.0,0.1745019920318725,0.0426294820717131,2510
06037408631,-0.722441705030272,-0.20785011741099013,-0.9360140332647887,-1.4367812741988168,-0.5550269055436529,0.3741418137239344,6,-0.5806620369540977,3,1,0.0754826254826254,80417.0,0.0080527086383601,0.3501259445843829,0.0666178623718887,76.0716086737267,0.5878404296125815,0.0015343306482546,0.3166474875335635,0.0840046029919447,5214
06037408703,-0.8298046702473735,-1.4891687132575906,-0.8851986574084488,-0.5568153107207967,-1.0447578844516023,-1.5885342755971232,6,-1.065713251947156,1,1,0.0640907697025452,124643.0,0.0124481327800829,0.4651162790697674,0.0134854771784232,24.558749369642,0.0953399541634835,0.0085561497326203,0.8192513368983957,0.0638655462184873,6545
06037408704,0.5810112853106464,0.4334755380328743,0.25790683380750773,0.9176601977141224,-0.6560073728486023,-0.8661003944569231,6,0.11132434792660423,6,3,0.2137868205283935,58281.0,0.1113243761996161,0.6577946768060836,0.055662188099808,43.5199193141704,0.2615524010872848,0.0190274841437632,0.6309272123225612,0.0755058894593778,3311
06037408705,-0.984484134406391,0.01700208768025634,-0.46445505319002467,-0.12773721469875116,-0.5803567099662825,-1.0366216895398797,6,-0.5294421190201788,3,2,0.047678349048212,72656.0,0.0488415779586725,0.5211864406779662,0.0638697557921102,39.0443772062532,0.2352,0.0,0.6419555555555555,0.1176888888888888,5625
06037408706,-1.0024075517907634,-1.3645308848459758,-1.0291111731370455,0.30532918778114254,-0.24154062438048693,-1.9113238820640253,6,-0.8739308214061925,2,1,0.0457765667574931,120341.0,0.0,0.5777777777777777,0.10062893081761,16.0867372667675,0.1678474114441417,0.0038147138964577,0.6054495912806539,0.1209809264305177,1835
06037408722,-0.26263017506513214,-0.5133605545566149,-0.9700261368668728,-1.5486692338920125,-0.7215436627917707,-1.5424214746732832,6,-0.9264418729742809,2,1,0.1242713919328514,90962.0,0.0051107325383304,0.3355048859934853,0.0485519591141396,25.7690368129097,0.2643171806167401,0.0018548574078367,0.5759332251333179,0.1210294458613494,4313
06037408723,-0.9364683789213333,0.09079394006621237,-0.6475142946342003,0.025236911419476527,-0.3915673720512325,-1.2676660358353855,6,-0.5211975383260771,3,2,0.0527731092436974,70109.0,0.0330073349633251,0.5411764705882353,0.0843520782396088,32.9803328290469,0.2588235294117647,0.0235294117647058,0.5734453781512605,0.106890756302521,2975
06037408724,0.11254207702909595,0.9200613883752895,-0.08307801830345735,0.47940756284485375,3.3445135492839557,-0.41794161047832606,6,0.7259174914585685,9,4,0.1640794223826714,41486.0,0.0818298969072165,0.6005256241787122,0.4896907216494845,55.2824004034291,0.5635149765427644,0.0138939011187297,0.3846986647419704,0.0250811981234211,5542
06037408800,1.264648020980643,0.7708842199672457,-0.22197965097405636,0.8112857982590241,0.08009009619170686,1.1657448962499002,6,0.6451122301124106,8,4,0.2863247863247863,46635.0,0.0698151950718685,0.6438941076003416,0.135523613963039,96.8482097831568,0.6826988830635969,0.0649646683382721,0.0688397538180989,0.1436061089582858,4387
06037430002,-0.8917307763287904,0.000719786525600945,0.11786779371662705,0.5786205083654435,-0.7328754408083284,0.070085532632346,6,-0.1428854326495169,5,2,0.0575200377180575,73218.0,0.0992112909921129,0.6134903640256959,0.0473225404732254,68.0912758446798,0.4392824287028519,0.0723704385157927,0.2146580803434529,0.2674026372278442,6522
06037430003,-0.73234615443486,-1.2834670438660367,-0.921199174722012,-3.6813251240208027,-1.014193551668149,-1.9214110572661147,6,-1.5923236843296626,1,1,0.0744317038825186,117543.0,0.0093341630367143,0.0568181818181818,0.0168014934660858,15.8219868885527,0.331925165962583,0.0337960168980084,0.2067994367330517,0.3629048481190907,4971
06037430101,0.5272605342095371,0.759411281787097,1.2018472598183574,0.7548348428683849,-0.3473877853754048,0.4404289650519574,6,0.5560658497266547,8,3,0.2080835428350415,47031.0,0.1929732564237021,0.6365173288250211,0.0891452543261667,77.8113968734241,0.5050167224080268,0.0596432552954292,0.157190635451505,0.2487922705314009,5382
06037430102,-0.7195455668928629,0.16855496550944205,-0.07286865065036173,0.9855532875166176,0.4700627592583232,0.17191796800583192,6,0.16727912712449836,6,3,0.0757899231426131,67425.0,0.0827129859387924,0.6666666666666666,0.1778329197684036,70.7639939485628,0.7519214346712212,0.0461144321093082,0.0890264730999146,0.0935098206660973,4684
06037430200,-0.9910024071140128,-0.6424311090832872,0.2946642578015808,-0.4058141892150357,-1.1690560110194688,-2.0261255426973395,6,-0.8232941668879272,2,1,0.0469867211440245,95417.0,0.1145038167938931,0.4848484848484848,0.0,13.0736258194655,0.1208576998050682,0.0077972709551656,0.3040935672514619,0.5545808966861598,1026
06037430301,-0.9998634463972024,-1.61117008365306,-1.0291111731370455,-2.2925479590809372,-1.0836552312933618,-1.9036384152433834,6,-1.4866643848008316,1,1,0.0460465116279069,128854.0,0.0,0.2382978723404255,0.0092653871608206,16.2884518406455,0.178050474646909,0.0412132438064366,0.119935170178282,0.6295438758971984,4319
06037430302,-0.72267886997844,-0.21274639658383135,-0.5736628908052529,-0.2593382247984713,-1.1014999201007343,-1.3579702709779125,6,-0.7046494288741071,2,1,0.0754574608564421,80586.0,0.0393953275309207,0.5039893617021277,0.0073293632615666,30.6101865859808,0.2871324218018355,0.0157332833864019,0.0824124367859149,0.5339951301741899,5339
06037430400,-1.025745204209629,-1.5950616148950736,-0.9185554290413519,-0.9295886967543958,-1.1690560110194688,-1.2052216179176836,6,-1.1405380956396003,1,1,0.0433003015941404,128298.0,0.0095628415300546,0.416403785488959,0.0,34.6192637418053,0.0678586816027574,0.0308056872037914,0.6240844463593279,0.2565704437742352,4642
06037430501,-1.0619939268657934,-1.368239309308246,-0.8070516850820355,-0.24173783582686875,-1.0694705879792246,-2.123154561307926,6,-1.111941317728349,1,1,0.0394540942928039,120469.0,0.0192076830732292,0.5062893081761006,0.0108043217286914,10.5269793242562,0.0598014888337469,0.0116625310173697,0.1841191066997518,0.6826302729528536,4030
06037430502,-0.7127603800398504,-0.249830641206534,-0.6396321265115407,-0.8476460275913336,-0.9507704623251845,-1.9559956579589957,6,-0.8927725492722397,2,1,0.0765098722415795,81866.0,0.033689126084056,0.4271117166212534,0.0236824549699799,14.9142713061019,0.1928426543031005,0.0052158794552303,0.1232975949000289,0.6518400463633729,6902
06037430600,-0.5437468422253097,-2.1875983110071946,-1.0291111731370455,-1.0776264267545843,-0.9439328809319806,-1.4060044386069126,6,-1.198003345443838,1,1,0.0944432242477487,148750.0,0.0,0.3970588235294117,0.0244242847173761,29.3494704992436,0.0487590599604656,0.0173511970129584,0.552822314957171,0.3191302437952998,4553
06037430701,-0.4714486961268812,-0.5579195922360811,-0.5816676924006781,-0.0901889858661769,-0.9810485936375285,-1.3459617290706585,6,-0.6713725482230007,3,1,0.1021144920061887,92500.0,0.0387029288702928,0.5260930888575458,0.0203974895397489,30.9253656076652,0.1551488197057817,0.0143687991789257,0.52514539856312,0.2803626411221347,5846
06037430721,-0.20148435615685648,-0.5757084408285338,-0.6880537512174573,-1.9107899613570543,-0.5136737791403924,-1.395436921728532,6,-0.8808578684048044,2,1,0.1307593307593307,93114.0,0.029500756429652,0.2881844380403458,0.0711043872919818,29.6268280383258,0.1508957860206914,0.0275044158465808,0.5082008579359072,0.2841281857178905,3963
06037430723,-0.4471149469029917,-0.07672254619040238,-0.3478015836349311,-0.6542726672028306,-0.45046645445098527,-1.6644282604509486,6,-0.6068010764721816,3,1,0.1046964490263459,75891.0,0.0589318600368324,0.4523809523809524,0.0779619398403928,22.5668179525971,0.1095074455899198,0.0336769759450171,0.55922107674685,0.2639175257731959,4365
06037430724,-0.3343344465832512,0.11669496716988127,-0.040785326333895845,-0.06816809397545225,-0.604837878065334,-1.2743908193034452,6,-0.3676369328485829,4,2,0.1166631378361211,69215.0,0.0854881266490765,0.5289706884798909,0.0612137203166226,32.8038325769037,0.1611264027101418,0.0158797374550074,0.6322252805420284,0.1736184628414143,4723
06037430801,-0.9045761483916666,-0.4973100299308514,-0.9208807960600215,-0.41957064731831456,-0.7219245243647299,-0.7897260679268068,6,-0.7089980356653984,2,1,0.0561570665511765,90408.0,0.0093617021276595,0.4830508474576271,0.0485106382978723,45.5244578920827,0.0700773860705073,0.0151905990255087,0.6913155631986242,0.1676698194325021,6978
06037430802,0.3232517238770712,-0.8476402533509457,-0.9521520393561461,1.2383392705264227,-0.8009140403425878,-1.1619908670515786,6,-0.3668510342829608,4,2,0.1864369821194941,102500.0,0.0066568047337278,0.6996996996996997,0.0399408284023668,35.7539082198689,0.1013955516790231,0.0032708242477104,0.7442215438290449,0.1308329699084169,4586
06037430803,-0.8243875855839898,-0.610503892228429,-0.8193739113467697,-0.1585307246242839,-1.0626454187988963,-1.2273173350270232,6,-0.7837931446015652,2,1,0.0646655549379284,94315.0,0.0181418361737218,0.517162471395881,0.0115448048378229,34.0393343419062,0.134704465443765,0.0,0.5992217898832685,0.2427274411710209,5397
06037430901,-0.48927311280131297,0.2508935773982866,0.4887729899948763,0.06455043036059911,-0.27024837834075177,0.1796034348264703,6,0.03738315690636126,6,3,0.1002232142857142,64583.0,0.1312938177182919,0.5463137996219282,0.0975143403441682,70.9657085224407,0.4872703121540845,0.0863404914766437,0.1883993801195483,0.2140801416869603,4517
06037430902,-0.5653072014648576,-0.3073981365700576,-0.7656775641590249,-0.8247205262955335,-0.6229858560194923,-0.18641692250652933,6,-0.5454177011692493,3,1,0.0921555405709148,83853.0,0.0227864583333333,0.4301075268817204,0.0592447916666666,61.3590519415028,0.3881912315487993,0.0429610046265697,0.292355144304913,0.2401410002203128,4539
06037431001,-0.8073332652923212,0.06306767279751982,-0.6799689429561776,-0.6896896322673083,-0.37573098750973927,-0.09467166233513301,6,-0.43072113626052655,4,2,0.0664751208044926,71066.0,0.0302000755001887,0.447752808988764,0.0860702151755379,63.767019667171,0.5299256747946277,0.0451167036119441,0.0941452601382188,0.297692006780545,7669
06037431002,-0.819512508720237,0.5918947955304823,0.015105661418412101,0.5391562220652121,-0.7825289335632641,-0.7873243595453553,6,-0.207201520469125,5,2,0.0651828298887122,52813.0,0.0903225806451612,0.6083333333333333,0.0419354838709677,45.5874936964196,0.2701421800947867,0.0391785150078988,0.1124802527646129,0.4619273301737757,3165
06037431100,-0.6592683766625453,-0.15019570584913206,-0.44437992546328825,-0.4424566735533407,-0.5696726483567236,0.3145794458639712,6,-0.3252323140035098,4,2,0.082185695246557,78427.0,0.0505780346820809,0.4800601956358164,0.065028901734104,74.5083207261725,0.58227286179343,0.0899674459899378,0.1464930452796685,0.1614382953536549,6758
06037431200,-0.15098788748267794,0.2750273084691548,-0.292002213941019,-0.31206957198843516,-0.09268685469589205,0.3318717462104117,6,-0.0401412455714096,5,2,0.1361173095313994,63750.0,0.0637583892617449,0.4970986460348162,0.1167785234899328,74.9621785173979,0.6827629317080793,0.0934521018909204,0.1065791529926551,0.0995468041881544,6399
06037431300,-0.6452396416108497,-0.5470550674442737,-1.0291111731370455,0.021360036097314645,-1.0497748043112647,-0.9914695719686181,6,-0.7068817037291227,2,1,0.0836742283376719,92125.0,0.0,0.5406698564593302,0.0129411764705882,40.2294503277862,0.3726292301970993,0.0081814801041279,0.1944960952026775,0.3339531424321309,2689
06037431400,-0.38416765032312283,-0.3851881340793988,-0.35942071630650946,-0.10372449381654152,-0.6000072941500214,-0.21571776476022353,6,-0.3413710089059696,4,2,0.111375535459305,86538.0,0.0579268292682926,0.5243243243243243,0.0617378048780487,60.590015128593,0.3012851023322228,0.007377439314612,0.4521656354117087,0.1918134221799143,4202
06037431501,-0.0793046425149987,0.2607151078100805,-0.41844758098576607,0.46421364903322504,-0.49408814374669857,-0.6494662984501189,6,-0.1527296514757128,5,2,0.1437233325847743,64244.0,0.0528211284513805,0.5985401459854015,0.0732292917166866,49.2057488653555,0.3359375,0.0321428571428571,0.4470982142857143,0.1700892857142857,4480
06037431502,0.058743223418301176,0.3103442570590568,-0.8729928576854359,-0.6120783151515705,-0.3174327415708295,-0.49047320359811775,6,-0.3206482729214326,4,2,0.1583710407239819,62531.0,0.013503909026297,0.4578947368421052,0.0923951670220327,53.3787191124559,0.2564942663234261,0.0098291598408612,0.455183711677978,0.2480692721741165,4273
06037431600,-0.9309129550588903,-0.9891977683716686,-0.7532142254828625,-0.8586353612594592,-0.9632836164952032,-1.9526332662249657,6,-1.0746461988155083,1,1,0.0533625730994152,107386.0,0.0238645111624326,0.4256756756756756,0.0223248652809853,15.0025214321735,0.0835322195704057,0.0116945107398568,0.6620525059665872,0.2028639618138424,4190
06037431700,-0.6818895681975947,-1.010057655971939,-0.4019030095241892,-1.3333925070361379,-0.9888569073102832,-1.533775324500063,6,-0.9916458287567012,2,1,0.0797854508883674,108106.0,0.0542521994134897,0.3636363636363636,0.0195503421309872,25.9959657085224,0.0811666666666666,0.0141666666666666,0.736,0.1526666666666666,6000
06037431800,-0.44772091105381184,-0.008840995291189589,-0.4114445581399948,-0.3624026447198534,-0.8954752616887252,-1.3113771283777773,6,-0.5728769165452253,3,1,0.1046321525885558,73548.0,0.0534268753372908,0.490521327014218,0.029681597409606,31.833081190116,0.137577365163572,0.0196286472148541,0.594341290893015,0.2166224580017683,5655
06037431900,0.16834077928320104,0.35047056862346554,-0.2520362310981755,1.4574886260333264,-0.40411823137494807,-0.5389877129034131,6,0.13019296642724273,6,3,0.17,61146.0,0.0672153635116598,0.7283372365339579,0.0829903978052126,52.1053958648512,0.1936363636363636,0.0268181818181818,0.5736363636363636,0.1806818181818182,4400
06037432000,-0.5978039022559679,-0.14022931510678072,-0.1590338552441626,-0.21989678335724452,-0.21476126901260958,-0.7301637000668435,6,-0.34364813750726814,4,2,0.0887074453362856,78083.0,0.0752598752598752,0.5091434071222329,0.1035343035343035,47.0877458396369,0.1935271674779634,0.0039468490988027,0.614655966320221,0.1606367583212735,7601
06037432101,-0.8581807935652835,-0.5320475371985237,-0.9440414741167075,-0.38096834141625596,-0.8163749396098338,-0.499599695447629,6,-0.6718687968923721,3,1,0.0610798924993892,91607.0,0.0073583517292126,0.4880952380952381,0.0382634289919058,53.1391830559758,0.1464781866926639,0.0002437241043139,0.6356324640506946,0.1852303192785766,4103
06037432102,-0.8824456841077414,-0.5660897148795203,-0.9818684383571,-0.5171695070722723,-0.5287495811232273,-0.8257516936485572,6,-0.717012436531403,2,1,0.0585052417991207,92782.0,0.0040863981319322,0.4702970297029702,0.0694687682428488,44.5789208270298,0.1986220803226348,0.0067215594017812,0.623592673500252,0.1409847084523609,5951
06037432201,-0.3477872985060846,0.10374445361804682,-0.0029336824544918707,0.2252066375719162,0.1444677895317157,0.325146962742352,6,0.07464081041724237,6,3,0.1152357094056023,69662.0,0.0887622149837133,0.5673076923076923,0.1425081433224755,74.7856782652547,0.1315965263861055,0.0022266755733689,0.7421509686038744,0.1057670897350256,4491
06037432202,-0.12756351199200672,0.20537846153714134,-0.3139994970423656,-0.36892186975624175,0.3513042619248424,0.683001511578422,6,0.07153322604163194,6,3,0.138602776533811,66154.0,0.0618556701030927,0.4896694214876033,0.1649484536082474,84.1780131114473,0.3372847237754417,0.0046969358085439,0.5817490494296578,0.0684410646387832,4471
06037432300,0.1521335304791093,0.5530142828088674,-0.24176910791958384,0.9365928196853698,1.174969269707981,0.9640013922080889,6,0.5898236978283053,8,4,0.1682803135085293,54155.0,0.068103448275862,0.6602687140115163,0.2543103448275862,91.5532022188603,0.4652873563218391,0.0,0.384367816091954,0.0767816091954022,4350
06037432401,0.10694441853204348,0.6009630522233775,-0.2492043253327283,0.34677141234485914,0.6140302093886193,0.5187246582872305,6,0.3230382375739003,7,3,0.1634854771784232,52500.0,0.0674603174603174,0.5831932773109244,0.1934523809523809,79.8663640948058,0.5449392712550607,0.0016194331983805,0.3991902834008097,0.0520917678812415,3705
06037432402,0.723295457875359,0.444832587948577,-0.26399522987160784,0.5312190578113244,0.47627012224654036,0.6642681862031122,6,0.4293150303688842,7,3,0.2288840262582057,57889.0,0.066180935033394,0.6072961373390557,0.1785063752276867,83.6863338376198,0.5291150187373883,0.0118189680023061,0.3712885557797636,0.0840299798212741,6938
06037432500,-0.7057850186661172,0.6341940120532525,0.2491521635623203,0.7229667784275556,-0.5598418808418142,0.9082817577584462,6,0.20816130204894057,6,3,0.07725,51353.0,0.1105671154630763,0.6323529411764706,0.0660954712362301,90.0907715582451,0.5974327628361858,0.0017114914425427,0.319559902200489,0.0690709046454767,8180
06037432601,-0.12190334469190159,0.15884932336209406,-0.5765227433231414,-0.28533878048028294,0.5608242621183047,0.8271040144654307,6,0.09383545524175059,6,3,0.1392033542976939,67760.0,0.0391479562464018,0.5005917159763313,0.1876799078871617,87.9601613716591,0.5518723994452149,0.0138696255201109,0.3846047156726768,0.0378640776699029,7210
06037432602,-0.4190598129711786,0.22951219260800956,-0.5008417978849122,1.0141501526960806,0.2807471205233737,0.7026955203063138,6,0.21786722921294777,6,3,0.1076732673267326,65321.0,0.0456942003514938,0.6704035874439462,0.1572934973637961,84.6949067070096,0.544517724649629,0.0,0.4225061830173124,0.016075845012366,4852
06037432700,0.7202067966461906,0.5898957229687897,-0.09397169787174037,1.4257118846620256,0.7707093014280015,1.2205038473469636,6,0.7721759758633718,9,4,0.2285563007412636,52882.0,0.0808876163206871,0.7241847826086957,0.2104509663564781,98.2854261220373,0.8148468593182211,0.0,0.1655995847032358,0.019553555978543,5779
06037432801,0.7833111870602281,1.4421380197042757,3.289288222703298,0.8071728417817904,0.5819138710947571,1.1494132792560414,6,1.3422062369333985,10,4,0.2352520557740436,23466.0,0.3735325506937033,0.6433566433566433,0.1899679829242262,96.4195663136662,0.4948158741508759,0.0017876296031462,0.4755094744368967,0.0278870218090811,2797
06037432802,1.5734079900079971,0.9783531853916002,0.41186958965259357,1.2522516065528708,1.2144708370146886,1.1931243717984341,6,1.1039129300696975,10,4,0.3190860744534173,39474.0,0.1246418338108882,0.7015177065767285,0.2585959885386819,97.5668179525971,0.7252314358873351,0.0,0.2430569233799487,0.0173330707110498,5077
06037432901,-0.21498778241420285,0.40056327093022565,-0.18124005300465618,-0.022245650418502114,0.5089645728001615,0.6729143363763325,6,0.19399478237822643,6,3,0.1293265360880064,59417.0,0.0733390854184641,0.5349716446124764,0.182053494391717,83.9132627332325,0.2691172524818889,0.0120740541990877,0.6632680440032197,0.0359538502817279,3727
06037432902,-0.7502156043826164,0.02282547296866512,-0.5725803353979327,0.18057497276818196,-0.15206124365725715,0.15462566765939137,6,-0.18613851167359463,5,2,0.0725356478611283,72455.0,0.0394889663182346,0.5614754098360656,0.1103368176538908,70.3101361573374,0.2955917874396135,0.0021135265700483,0.5748792270531401,0.0821256038647343,3312
06037433101,0.18301141130338633,0.818253548059526,-0.26761001705618276,1.7428340235502522,0.36254195481056506,1.2776645068254795,6,0.686115904582171,9,4,0.1715566422167889,45000.0,0.0658682634730539,0.765625,0.1661676646706587,99.7856782652547,0.4829545454545454,0.0016233766233766,0.4841720779220779,0.0243506493506493,2464
06037433102,0.435921497995336,0.7661038290588504,-0.3937945950586058,0.5427423668452969,2.1554082429292913,1.2238662390809936,6,0.7883745968085271,9,4,0.1983919222139117,46800.0,0.054953560371517,0.60880195599022,0.3606811145510836,98.3736762481089,0.5669409124906507,0.0,0.4147344801795063,0.0071054599850411,5348
06037433200,0.22806515416001663,0.6568791398185464,0.6039867098808236,0.5591210061474937,1.0986208439981902,1.1964867635324639,6,0.7238599362562558,9,4,0.1763371150729335,50570.0,0.1412595644496762,0.6109422492401215,0.2460270747498528,97.6550680786687,0.6208773615113673,0.0073647134165866,0.2788984950368235,0.0661223182837015,6246
06037433302,1.1517168010931162,1.122460242230134,0.29846457004350946,-0.36489161636998735,1.1903667271517342,1.0538252856743247,6,0.7419903349704718,9,4,0.2743421052631579,34500.0,0.1148325358851674,0.4901960784313725,0.2559808612440191,93.910741301059,0.7875816993464052,0.0385620915032679,0.149673202614379,0.0202614379084967,1530
06037433304,0.9416639143240211,1.0717591265350326,0.08742377462092266,0.8443460525268879,1.2561498578282966,0.7723450633683666,6,0.8289479648672545,9,4,0.2520542317173377,36250.0,0.0965779467680608,0.6482142857142857,0.2631178707224335,86.5229450327786,0.6908947264467706,0.0104681019158601,0.2563697412601224,0.0369346237408651,5063
06037433305,1.0767533576120227,0.8359265083875328,0.02763393259193,0.6164524999991029,0.49435769190353845,0.9154868829027971,6,0.6611018122328206,8,4,0.2663880334359876,44390.0,0.09140625,0.6184340931615461,0.18046875,90.2798789712557,0.6431689218681799,0.0039284155390659,0.3319511130510694,0.0122217372326494,4582
06037433306,0.025513381830075062,0.4473241856341648,-0.6651007166866684,0.40987724980274326,-0.13589557050244797,0.8981945825563565,6,0.16331885210570388,6,3,0.1548451548451548,57803.0,0.0314861460957178,0.5914396887159533,0.1120906801007556,89.8260211800303,0.6823979591836735,0.0012755102040816,0.265625,0.03125,3136
06037433307,0.5679197920569741,0.36417435589419866,-0.7926367438830095,0.9906044565740598,0.5382178721852546,0.9788919841730814,6,0.44119528616675985,8,3,0.2123977344241661,60673.0,0.0204545454545454,0.6673267326732674,0.1852272727272727,91.9440242057489,0.6251174444096461,0.0018791105543376,0.3138114625743815,0.0112746633260256,3193
06037433401,0.8479580041158499,0.6990334960107593,-0.0594812553355491,0.6964580451290414,1.6734046508892384,1.096575694864138,6,0.8256581059455796,9,4,0.2421114715423179,49115.0,0.0838709677419354,0.6288888888888889,0.3083870967741935,95.0327786182552,0.6980910425844347,0.0035242290748898,0.2657856093979442,0.0226138032305433,3405
06037433402,0.49456224429980034,0.7154896295620835,0.1395418124273193,-0.6867396704434346,0.7098019119152617,1.0158782932474137,6,0.3980890368347407,7,3,0.2046140577835273,48547.0,0.1010860484544695,0.4481382978723404,0.2038429406850459,92.9147755925366,0.7627837895183535,0.0025461489497135,0.1576490558030978,0.034373010821133,4713
06037433403,0.46781604739985316,0.7902375601297187,0.3409528207853897,1.1037571973409015,1.9730126181698495,0.8780202321521736,6,0.9256327459963143,9,4,0.2017761255679471,45967.0,0.1185076810534016,0.6821130676552364,0.3408924652523775,89.2965204236006,0.8017206063088897,0.0,0.1872183531339614,0.0057353543629659,4882
06037433501,0.9453199529258847,1.0586347805865293,-0.6450928692202342,0.43131310154105085,1.3769494023485944,1.2800662152069269,6,0.741198430564792,9,4,0.2524421593830334,36703.0,0.0332167832167832,0.5942408376963351,0.2762237762237762,99.8487140695915,0.9389430477167778,0.0,0.0538737814263724,0.0071831708568496,1949
06037433503,-0.2950442977308602,0.3813547910983101,-0.19761663781626046,-0.1900514065914309,1.546379984770851,1.064873144228996,6,0.3849825963266009,7,3,0.1208320587335576,60080.0,0.0719225449515905,0.5130434782608696,0.2946058091286307,94.2007060010086,0.7568063628020801,0.0,0.22973386356684,0.0134597736310798,3269
06037433504,1.5449607682352562,1.0555057974464888,0.5837854218400791,0.9049325424468315,2.409909153449317,1.2406781977511472,6,1.2899619801948532,10,4,0.3160676532769556,36811.0,0.1395121951219512,0.6561314791403287,0.3882926829268293,98.814926878467,0.7215743440233237,0.0031236984589754,0.2280299875052061,0.0085381091211995,4802
06037433601,-0.34552530518789526,0.20479902021491161,-0.741658875468322,-0.15539767849336442,0.5354426904758871,0.8107723974715687,6,0.05140537483546428,6,3,0.1154757204895381,66174.0,0.0248640248640248,0.5175718849840255,0.1849261849261849,87.5315179021684,0.3221476510067114,0.0,0.6537702329253849,0.0240821160679036,5066
06037433602,0.3527961493736217,0.6020060466033911,1.03483265938674,0.6151736547566697,0.764136171244927,0.8948321908223267,6,0.7106294786979461,9,4,0.1895718232044199,52464.0,0.1785268414481897,0.6182669789227166,0.2097378277153558,89.7377710539587,0.3263121546961326,0.0,0.6395027624309392,0.0321132596685082,2896
06037433700,-0.21370102335991636,0.36269678052251286,-0.6259726635726096,0.062242968090397734,-0.10114828555640605,1.1883209550355343,6,0.1120731218599188,6,3,0.1294630689561188,60724.0,0.0348706411698537,0.5460122699386503,0.1158605174353205,97.4407463439234,0.8498914223669924,0.0,0.1264929424538545,0.01628664495114,3684
06037433801,0.6337327833863374,0.68150539601331,-0.5797447665451587,0.11860100354003214,1.0847572169203268,1.2253072641098635,6,0.5273598162374519,8,3,0.2193808882907133,49720.0,0.03886925795053,0.5533769063180828,0.2445229681978798,98.411497730711,0.8980484522207268,0.001850605652759,0.082436069986541,0.017664872139973,5944
06037433802,-0.4639049237445804,0.04629284651896916,-0.30424682274918563,-0.018056039961951393,-0.22872691553212715,0.9856167676411411,6,0.002829152028710961,6,3,0.1029149315883402,71645.0,0.0626992561105207,0.5355191256830601,0.1020191285866099,92.1205244578921,0.7129684711481261,0.0124925639500297,0.1856038072575847,0.085960737656157,3362
06037433901,1.5208299373709682,0.9115725730046239,0.06631621213432445,0.9505760443862432,2.3915180429194454,1.1522953293137808,6,1.1655180231882312,10,4,0.3135072271141386,41779.0,0.0947521865889212,0.6620959843290891,0.3862973760932944,96.4952092788704,0.7803381962864722,0.0071286472148541,0.2004310344827586,0.0087864721485411,6032
06037433902,0.05455673616048306,0.5805377456147796,0.11322297452927887,0.9345364800364575,0.3013043184247395,0.6512989609432801,6,0.43924286928483647,8,3,0.1579268292682926,53205.0,0.0988095238095238,0.66,0.1595238095238095,83.3459404942007,0.833130328867235,0.0,0.131851400730816,0.0289281364190012,3284
06037434001,-0.3756217220137976,0.6028172644545127,-0.6539072105613377,0.1409041570503821,0.5603345251104545,1.1695876296602208,6,0.24068577395007243,7,3,0.112282309807516,52436.0,0.0324543610547667,0.5562913907284768,0.1876267748478702,96.9490670700958,0.8011337868480726,0.001360544217687,0.1625850340136054,0.0310657596371882,4410
06037434003,0.7225804352646302,0.5828555109036985,0.23677046150019485,-0.3867342554623862,1.242416587600415,1.1758320714519934,6,0.5956201352097575,8,4,0.2288081580624601,53125.0,0.1094961240310077,0.4873417721518987,0.2616279069767442,97.1129601613717,0.8195887216451134,0.0010599957600169,0.141191435234259,0.030315878736485,4717
06037434004,-0.07860751744408585,0.2549496666538947,-0.6886056836080925,-0.4181214434319358,0.7183337317432704,1.253167081334688,6,0.17351930587462316,6,3,0.1437973017439947,64443.0,0.0294530154277699,0.4832402234636871,0.2047685834502103,99.1427130610187,0.9230009871668312,0.0016452780519907,0.0621915103652517,0.0131622244159262,3039
06037460000,-0.9439941461360808,-1.6267860272871513,-0.463970111069463,-1.4618746388964934,-1.1189928502515007,-1.9411050659940068,6,-1.2594538066057828,1,1,0.0519745801180208,129393.0,0.0488835244417622,0.3468468468468468,0.0054315027157513,15.3050932929904,0.1612757294729699,0.0104048857724496,0.2341099298801176,0.5623162180502149,4421
06037460100,-1.2239231200048712,-1.6871638130634892,-0.8142958132291003,-0.19103360086346988,-1.1690560110194688,-1.5299325910897421,6,-1.1025674915450236,1,1,0.0222724338282763,131477.0,0.018581081081081,0.5129151291512916,0.0,26.0968229954614,0.1457391865719819,0.1162040025823111,0.0876371852808263,0.5614912846998064,6196
06037460200,-1.1063180606428946,-0.8295327120312667,-0.7538499327355217,-0.02779425832218876,-1.0959037558232398,-1.8916298733361332,6,-0.9508380988152073,2,1,0.0347510373443983,101875.0,0.0238095238095238,0.5342465753424658,0.0079365079365079,16.6036308623298,0.1916055280668827,0.3281010066541546,0.0810441904111926,0.344139225388159,5861
06037460301,-0.5040206616358157,-1.0856168043906955,-0.6043930201389288,-1.6841821886697537,-0.8993127636520535,-0.9530422378654164,6,-0.9550946127254439,2,1,0.0986584107327141,110714.0,0.0367372353673723,0.3177966101694915,0.0292652552926525,41.238023197176,0.1624355005159958,0.3589267285861713,0.0608875128998968,0.3797729618163055,4845
06037460302,-0.3290402832211379,0.14303057526522248,-0.635653035155432,0.3026511401443895,-0.6951819523768427,-0.48566978683521833,6,-0.2833105570298365,4,2,0.1172248803827751,68306.0,0.0340333091962346,0.5774278215223098,0.0514120202751629,53.5047907211296,0.4769012082444918,0.2762378583274105,0.033167495854063,0.1923714759535655,4221
06037460401,0.4702130019799979,-0.7872914396407195,-0.8832313990441248,0.2898695491507916,-0.44214874329668613,-0.8992439701209346,6,-0.3753055001619459,4,2,0.2020304568527919,100417.0,0.0126182965299684,0.5757575757575758,0.0788643533123028,42.6500252143217,0.4050761421319797,0.2873096446700507,0.0456852791878172,0.182741116751269,985
06037460501,-1.0989826381109553,-3.356823983068454,-0.6402301276895114,-0.013745003331889242,-1.0219173814115465,-2.2158605048319027,6,-1.39125993974071,1,1,0.0355293697554008,189107.0,0.0336374002280501,0.5360824742268041,0.0159635119726339,8.09379727685325,0.0700035625222657,0.0,0.3669397933737086,0.5178126113288208,5614
06037460502,-1.2237082214141854,-2.6131400180527082,-0.968627761568998,0.9032681141615199,-0.9555039117694903,-2.2792656061021863,6,-1.1894962341243414,1,1,0.0222952358601267,163438.0,0.0052316890881913,0.6559139784946236,0.023168908819133,6.42965204236006,0.1246200607902735,0.0030395136778115,0.3675473462707505,0.4687865326163198,4277
06037460600,-0.8431860896394207,-2.8220286147165257,-0.8903141917481417,-3.0339527563748248,-1.1690560110194688,-2.2850297062176668,6,-1.8405945616193415,1,1,0.0626709206927985,170648.0,0.0120056497175141,0.1414141414141414,0.0,6.27836611195159,0.0701992753623188,0.0,0.223731884057971,0.6598731884057971,4416
06037460700,-1.1532400788472252,-3.96816355008693,-0.7769796456877988,-0.9700909992228727,-1.1690560110194688,-2.0976964524645565,6,-1.6892044562214756,1,1,0.0297723292469352,210208.0,0.0218088518280949,0.4111111111111111,0.0,11.1951588502269,0.1196730881494454,0.0274372446001167,0.2584160342479081,0.5524421093597977,5139
06037460800,-1.0511390185808984,-4.038594642803954,-0.8356221003861842,-3.6659791592039093,-1.1690560110194688,-1.8320675054761701,6,-2.098743072911764,1,1,0.0406058652916532,212639.0,0.0167364016736401,0.0588235294117647,0.0,18.166918809884,0.1092491137608765,0.0676764421527554,0.1440541411537222,0.6632291330970029,3103
06037460900,-0.21712079482875765,-0.16972287840827394,-0.601782534192023,-0.023338714009580718,-0.3725660715752103,-0.003406743840027904,6,-0.23132295614231224,5,2,0.1291002106530243,79101.0,0.0369630369630369,0.5348288075560803,0.0864135864135864,66.1623802319718,0.5904026147674937,0.1502005645520725,0.1004308423711187,0.1347496657257465,6731
06037461000,-0.6348566492084466,-0.12533767312547667,-0.40381821116723815,0.9265743193314612,-0.27170995749457005,-0.2872886745274369,6,-0.13273947436528455,5,2,0.0847759262255298,77569.0,0.0540865384615384,0.6589595375722543,0.0973557692307692,58.7115481593545,0.4970395263242119,0.3502960473675788,0.0372859657545207,0.0897743638982237,6249
06037461100,-0.595552807141084,-0.4983530243108649,-0.6011601102155694,-0.8567203159336272,0.14553421681826684,-0.8954012367106138,6,-0.5502755462489154,3,1,0.0889463000553607,90444.0,0.0370168753402286,0.4259259259259259,0.1426238432226456,42.7508825012607,0.4404871747554899,0.2159069939103155,0.0297102786491972,0.2817863074367964,5419
06037461200,-0.9518583836538429,-1.6436187976979248,-0.952640521864945,-0.2142491018389378,-1.0083233949719512,-1.5063958489515292,6,-1.0461810081631884,1,1,0.0511401372592428,129974.0,0.0066145520144317,0.5098814229249012,0.0174383644016837,26.7145738779627,0.1711135611907387,0.1124586549062844,0.0502756339581036,0.6282249173098126,4535
06037461300,-0.547642696045605,-0.27825223806190225,-0.04380105124522718,0.9568921597187745,-0.7687967965082831,-0.81854656850421,6,-0.2500245317744088,4,2,0.0940298507462686,82847.0,0.0852272727272727,0.6629213483146067,0.0434253246753246,44.7680282400403,0.1761695906432748,0.0366959064327485,0.1144736842105263,0.6108187134502924,6840
06037461400,-0.3302762218822667,0.3710697076287324,0.2534341688588051,0.3847762110127957,-0.8882199313051948,-0.8315157937640385,6,-0.17345530990852778,5,2,0.117093739863769,60435.0,0.1109375,0.5881595881595881,0.03046875,44.4276348966213,0.3093940365501763,0.0509778775248477,0.0801538954793203,0.4738698300737415,3119
06037461501,-0.8215085299628008,-0.2938971537621049,0.41601033897095524,0.4636121032965133,-0.5822477030323254,-0.9857054718531367,6,-0.30062273605714984,4,2,0.0649710400402921,83387.0,0.125,0.5984615384615385,0.0636645962732919,40.3807362581947,0.4835054142533367,0.1576429111055149,0.1017375975824729,0.2359607151850919,3971
06037461502,0.9272123446637296,0.303448905324523,1.9663884627071206,0.7354708979079871,-0.25559179031240525,-0.4198629771834828,6,0.5428443071845787,8,3,0.2505208333333333,62769.0,0.2591044776119403,0.6339869281045751,0.0991044776119403,55.2319717599597,0.535575276350615,0.1497742487933987,0.0765997197571228,0.213607348591001,6423
06037461600,0.14988996916523248,0.05773681263300631,0.2007794754655077,-0.23328633666282036,-0.028519785826747968,0.2823965535525381,6,0.0714994480544527,6,3,0.1680422581710135,71250.0,0.1063829787234042,0.5073937153419593,0.1237402015677491,73.6636409480585,0.5675140310333443,0.1384945526576428,0.1158798283261802,0.1297457906899967,6058
06037461700,-1.0469551572968359,-1.4663097530956277,-0.7659630980946175,-2.5050703821785834,-1.0991228990716324,-0.36126129267610174,6,-1.2074470970689,1,1,0.0410497981157469,123854.0,0.0227617602427921,0.2105263157894736,0.007587253414264,56.7700453857791,0.1612057667103538,0.1022280471821756,0.0982961992136304,0.6140235910878112,1526
06037461901,0.4469719604434988,0.6154490852791208,1.476919904147247,-0.1992729864829338,0.38737867858078173,0.0907402247128164,6,0.4696978111134218,8,3,0.1995644426846169,52000.0,0.2167664670658682,0.5118384401114207,0.1688622754491018,68.6333837619768,0.5727578697287666,0.1340328647792516,0.0829538705206889,0.1785784993070679,5051
06037461902,2.553674847832944,1.2191110547780528,2.6401142278827643,0.21257135599903257,-1.1148828044005992,-0.7090286663100822,6,0.800260002630352,9,4,0.4230982787340366,31164.0,0.3173803526448362,0.5656565656565656,0.0058774139378673,47.6424609178013,0.1238200999444752,0.1288173237090505,0.300388672959467,0.3803442531926707,1801
06037462001,1.1939798865076885,0.3267714185442696,0.34337858186327375,0.15464173060739592,0.9555288981285551,-0.543310787990021,6,0.40516495461019364,7,3,0.2788264725949511,61964.0,0.1187175043327556,0.5580865603644647,0.2305025996533795,51.9919314170449,0.741255605381166,0.0867713004484305,0.0410313901345291,0.0910313901345291,4460
06037462002,1.8576476429406386,1.2243839708103432,1.8064112430473278,1.6877976995123003,0.5125645060215602,-0.03414861112259168,6,1.1757760752015964,10,4,0.3492456096957704,30982.0,0.2452667814113597,0.7584330794341676,0.1824440619621342,65.3555219364599,0.7148157308929013,0.1419737818451645,0.0165718525847143,0.1014098441751174,4043
06037462100,0.7213866649443518,0.34261913870725275,0.4237714641702456,0.6754594535406205,-0.3126796099628599,-0.48278773677747966,6,0.22796156243702184,7,3,0.2286814918578182,61417.0,0.1256713211600429,0.6261448792672772,0.0929108485499463,53.5804336863338,0.610125260960334,0.080375782881002,0.0786360473208072,0.2040709812108559,5748
06037462201,1.2979193329830894,0.9620129401047219,2.46606643754277,-0.09445655782121397,-0.24019249155106934,0.1920923184100111,6,0.7639069966113846,9,4,0.2898550724637681,40038.0,0.3023255813953488,0.5255354200988468,0.1007751937984496,71.2934947049924,0.3377315402182187,0.0916011164679015,0.1631565592489215,0.372748033494037,3941
06037462202,1.524285413289234,0.25654313029002646,0.28016249882460653,-0.43998174277034613,-0.6641917419967882,-0.19650409770862273,6,0.12671890998801835,6,3,0.3138738738738739,64388.0,0.1132494448556624,0.4803836094158675,0.0547742413027387,61.0943015632879,0.1545945945945946,0.08,0.3059459459459459,0.4201801801801801,2775
06037462301,0.6533508978854076,0.4445718393535736,0.4727856733911224,0.4106479759504143,-0.10200640484126058,-0.19170068094571974,6,0.28127488346558954,7,3,0.2214624881291547,57898.0,0.1299109481403876,0.5915404040404041,0.1157674174960712,61.2203731719617,0.6157644824311491,0.0866096866096866,0.0725546058879392,0.2018993352326685,5265
06037462302,0.05039473852545676,0.1489408767519657,-0.08149050945966914,-0.5803503543234143,-0.6915756515288033,-0.4184219521546132,6,-0.2620838086981796,4,2,0.1574852163087457,68102.0,0.081967213114754,0.4620408163265306,0.0518032786885245,55.2697932425618,0.3193277310924369,0.0510426392779333,0.2679738562091503,0.3246187363834422,3213
06037462400,-0.17417478250475055,-0.5178222527377838,-0.6833624749130759,0.377193867774117,-1.0197433705067915,-1.2782335527137663,6,-0.5493570942670085,3,1,0.1336570406337848,91116.0,0.0299065420560747,0.5871687587168759,0.0161993769470405,32.7029752899647,0.2966531440162271,0.0233265720081135,0.0841784989858012,0.5278904665314401,3944
06037462500,-0.4660296388042978,-0.5649598043011723,0.09081154177562677,-0.1505968790674186,-0.8845994061586926,-1.4357856225368943,6,-0.5685266348488082,3,1,0.1026894865525672,92743.0,0.0968709815687955,0.5181992337164751,0.0308615516502357,28.5678265254665,0.2009437032216075,0.0411649853563293,0.1819069313374552,0.53123983078425,6146
06037462600,-1.2092270449783142,-2.177255283405394,-0.7417970736883548,0.2789015622846635,-1.027253177869856,-2.0626315100953847,6,-1.1565437546254398,1,1,0.0238317757009345,148393.0,0.0248520710059171,0.5743243243243243,0.0153846153846153,12.1154815935451,0.2481412639405204,0.0734200743494423,0.1380111524163568,0.5157992565055762,2152
06037462700,-0.010732397885026697,-0.20428655327927728,0.07349334223903,-1.1500773029849964,-0.5206327631186156,-1.1187601161854777,6,-0.48849929853572727,3,2,0.1509992598075499,80294.0,0.0953729933899905,0.3875912408759124,0.0703493862134088,36.8885526979324,0.413818584888232,0.0485867356364308,0.204692407167929,0.2909661924995381,5413
06037462800,-1.0571157191076148,-0.237024987985257,0.0956232497571138,-0.5013687395433399,-0.737943562248427,-0.6557107402418877,6,-0.5155900832282355,3,2,0.0399717014503006,81424.0,0.0972871842843779,0.4723618090452261,0.0467726847521047,49.0418557740797,0.328970640254687,0.0870180403254333,0.1492748496639547,0.3834453484258932,2827
06037462900,-1.029248056995026,-1.8938505327028334,-0.9102759239769171,-1.8403777150609066,-1.006638669085991,-1.6293633180817766,6,-1.3849590359839083,1,1,0.0429286278641032,138611.0,0.0102790014684287,0.2973856209150327,0.0176211453744493,23.4871406959153,0.3373716091651303,0.0297603371082433,0.1390571503818804,0.4590466157492757,3797
06037463000,-1.07665292332294,-1.244007089822192,-0.7756294207749176,-1.835292474269422,-1.0811896225092226,-1.3200232785509978,6,-1.2221324682082821,1,1,0.0378986866791744,116181.0,0.0219256434699714,0.298050139275766,0.0095328884652049,31.6061522945033,0.1530956848030018,0.0540337711069418,0.2975609756097561,0.4318949343339587,2665
06037463101,-0.680188241008364,-0.6772265604831824,-0.36052483500515137,-1.5334015818163127,-0.6804342004075478,-0.7777175260195566,6,-0.7849154907900191,2,1,0.0799659719268396,96618.0,0.0578313253012048,0.3375,0.053012048192771,45.839636913767,0.314369995785925,0.0446691951116729,0.3173198482932996,0.2831858407079646,2373
06037463102,-0.9733801468311226,-0.3169299463207367,-0.7125121139473068,-0.0183258274155747,-0.5909464041418477,-0.10668020424238693,6,-0.4531291071498293,3,2,0.0488565488565488,84182.0,0.0273851590106007,0.535483870967742,0.0627208480565371,63.4518406454866,0.3852501289324394,0.0237235688499226,0.3285198555956679,0.241619391438886,3878
06037463200,-0.7367021294986901,-1.0528493976186044,-0.7621328112080666,-1.5610916253499525,-0.8659015986527306,-0.7820406011061648,6,-0.9601196939057016,2,1,0.0739695087521174,109583.0,0.0230930720783764,0.3338815789473684,0.0328901329601119,45.7261724659607,0.2298624754420432,0.0572551220881279,0.2739264664608476,0.4007858546168958,3563
06037463300,-0.6970900461660946,-0.832111225915189,-0.28689424852880213,0.7353512412622419,-0.9383756676476815,-1.7038162779067323,6,-0.6204893708170429,3,1,0.0781725888324873,101964.0,0.0642002176278563,0.6339712918660287,0.0250272034820457,21.5330307614725,0.2050761421319797,0.0472081218274111,0.2639593908629442,0.4644670050761421,1970
06037463400,-0.9237774998948344,-0.5849505299180979,-0.46046359677404053,-0.963203255196222,-0.810752144631909,-1.3709394962377406,6,-0.852347753775474,2,1,0.054119687771032,93433.0,0.0491868306227687,0.4120111731843575,0.038873462911543,30.2697932425618,0.2163469846207015,0.0654916191463625,0.2757905650596163,0.3932953170900293,5787
06037463500,-0.644075312051741,-0.6401712879265912,0.33947742399950287,-0.7783256945102124,-0.8675593330611788,-1.7648196707955648,6,-0.7259123123909642,2,1,0.0837977707006369,95339.0,0.1183800623052959,0.4361702127659574,0.0327102803738317,19.9319213313162,0.1451019725844199,0.0536609829488465,0.2678034102306921,0.4958207957204948,5982
06037463601,0.017431583596399125,-0.24739698765316914,-0.3022775710310617,-1.1216626736204511,-0.8678408425644072,-0.9660114631252488,6,-0.5812929923996565,3,1,0.1539876274870423,81782.0,0.0628695922813569,0.391304347826087,0.0326797385620915,40.8976298537569,0.2062458249832999,0.0242150968603874,0.3074482297929192,0.428690714762859,5988
06037463602,-0.1725250567446527,-0.2845681484742063,0.30038059553591945,-0.5844331501325714,-0.6422685549995151,-1.2426882686683032,6,-0.4376837639138882,3,2,0.1338320864505403,83065.0,0.114998268098372,0.4615072933549433,0.0571527537235885,33.6359051941503,0.1733531451213472,0.0932805018986296,0.3197952781905233,0.3792306422321281,6057
06037463700,-0.6379406667164451,-1.8294746018031105,-0.48269706905640836,-1.5756143754550083,-0.7391500336535693,-1.0121242640490884,6,-1.0461668351222717,1,1,0.0844486934353091,136389.0,0.0472636815920398,0.3319838056680162,0.0466417910447761,39.6873424104892,0.1252390057361376,0.0605481198215423,0.1379859783301465,0.6147227533460803,3138
06037463800,-0.9422376604893173,-2.4682796874952757,-1.0291111731370455,-1.4131727522615765,-1.0768265260441106,-2.2989596148300775,6,-1.538097902376234,1,1,0.052160953800298,158438.0,0.0,0.3532110091743119,0.0100062539086929,5.91275844679778,0.11706837186424,0.0233644859813084,0.1674864731923266,0.6214953271028038,4066
06037463900,-0.6750110980391535,-0.898631089707162,-0.5981266018347251,-0.8113801753785667,-1.1690560110194688,-0.9799413717376592,6,-0.855357724619456,2,1,0.0805152979066022,104260.0,0.0372792674950948,0.4318507890961262,0.0,40.5320221886031,0.1468085106382978,0.0905775075987841,0.11580547112462,0.6042553191489362,3290
06037464000,-0.5134589778284854,-0.9907043158094659,-0.9694948949699568,-0.7369893849003877,-0.942373973100809,-1.2004182011547804,6,-0.8922399579606474,2,1,0.0976569486675013,107438.0,0.0051566838556128,0.4415718717683557,0.0245934153113843,34.7453353504791,0.1582784990218744,0.0899875511292904,0.2425751378267828,0.4559843499911079,5623
06037464100,-0.5748887095252306,-2.7580003486101403,-0.8889488860095147,-3.062337666646946,-1.1690560110194688,-2.1932844460462713,6,-1.7744193446429286,1,1,0.0911388849880634,168438.0,0.0121237458193979,0.1377049180327869,0.0,8.68633383761977,0.0667041145906473,0.00786406403595,0.5844684735289988,0.3074006459766886,7121
06037464200,-1.070808987082194,-2.570869773596049,-0.8414868049779172,-1.05029092265383,-1.0414673043430867,-2.143328911712108,6,-1.4530421173941974,1,1,0.0385187634319722,161979.0,0.0162291169451073,0.4006309148264984,0.0138424821002386,9.99747856782653,0.0576321422690597,0.0312860200889181,0.6285196772600032,0.2547340688292442,6073
06037480002,-0.9628712398161371,-1.0540662243952867,-0.37316949388235093,0.9201471240805145,-0.6215814202689663,-1.8219803302740805,6,-0.6522535974260512,3,1,0.0499716070414537,109625.0,0.0567375886524822,0.6581196581196581,0.0593971631205673,18.4316691880988,0.2023185205630693,0.0190449903394976,0.503174165056583,0.2564173337013524,3623
06037480011,0.6156626703066166,0.2838348165670467,-0.47828369372967555,0.5143330110740413,0.03607166793625046,-0.935269595842685,6,0.006058146051932427,6,3,0.2174635407051873,63446.0,0.0476454293628808,0.6050895381715363,0.1307479224376731,41.7044881492688,0.3616904500548847,0.0051225759238931,0.4582875960482985,0.1487376509330406,5466
06037480012,-0.8200516087053821,-0.31843649375853395,-0.5663918533110758,-0.12253772043439297,-0.6548165069353638,-1.54098044964441,6,-0.6705357721315264,3,1,0.0651256281407035,84234.0,0.0400242571255306,0.521865889212828,0.0557913887204366,25.8068582955119,0.1939698492462311,0.010251256281407,0.6064321608040201,0.1813065326633166,4975
06037480101,-0.33577706725208906,-0.047895340409473346,-0.8676185472975326,0.7850943190287565,-0.744929213431471,-0.6811688490852611,6,-0.3153824497411784,4,2,0.1165100671140939,74896.0,0.0139687756778964,0.6404715127701375,0.0460147904683648,48.3736762481089,0.1047976413830072,0.0008040739748056,0.7359957116054677,0.1187349236129723,3731
06037480102,-0.2899102542915422,-0.057166401565149016,-0.36871152823703734,-0.6929789793176824,-0.6996330052041618,-0.3598202676472324,6,-0.4113700727104675,4,2,0.1213768115942029,75216.0,0.05712319339298,0.4473229706390328,0.050929112181693,56.8078668683812,0.2135056830844662,0.0200579451749498,0.579228883441052,0.157566302652106,4487
06037480201,-1.2451868021386632,-1.1632329695033679,-0.7319616895228704,-0.7933222364626668,-0.9247451057135083,-1.780670946113136,6,-1.1065199582423688,1,1,0.020016229375169,113393.0,0.0257028112449799,0.4342105263157895,0.0265060240963855,19.5158850226929,0.2400316873514655,0.0129390018484288,0.3876419329284394,0.331132822814893,3787
06037480202,-1.0019186975245438,-0.8005606459197803,-0.45380213514144385,-1.0026017098719946,-0.8305101475165405,-1.018368705840861,6,-0.8512936736358606,2,1,0.0458284371327849,100875.0,0.0497630331753554,0.4068627450980392,0.0367298578199052,39.5234493192133,0.2867215041128084,0.008225616921269,0.4351743047395221,0.2142577359968664,2553
06037480302,-0.4393320583230756,-0.060353328837412526,0.5208213497392271,-0.6581700550928359,-0.43978429767859867,-0.5663671884519429,6,-0.2738642631074397,4,2,0.1055222602739726,75326.0,0.134065934065934,0.4518716577540106,0.0791208791208791,51.386787695411,0.3555222602739726,0.0087756849315068,0.4178082191780822,0.1588184931506849,4672
06037480303,-0.2164274822268252,0.6250967832942458,-0.3733417474745919,0.3371553153525655,-0.18150056587037408,0.1013077415911972,6,0.048715007444369546,6,3,0.1291737752863758,51667.0,0.0567226890756302,0.5819366852886406,0.1071428571428571,68.910741301059,0.4430904216427004,0.0475262003412137,0.4408969047038752,0.0563002680965147,4103
06037480304,0.49814608323855025,0.6652810389908775,0.8743311984838353,0.023232641004562782,-0.3421846092763392,0.08497612459733477,6,0.30063041283980363,7,3,0.204994324631101,50280.0,0.1646437994722955,0.5409145607701564,0.0897097625329815,68.4820978315683,0.3435419440745672,0.0168664003550821,0.5426098535286284,0.0807811806480248,4506
06037480400,-0.42875132798973414,0.19857002600094203,-0.4609660159872825,-0.6254005179146085,-0.2215726984508152,-0.9765789800036293,6,-0.4191165857241879,4,2,0.1066449393445591,66389.0,0.0491433724075743,0.4561538461538461,0.102795311091073,40.6202723146747,0.286926688335139,0.030155290718671,0.4851932105453232,0.1412062116287468,5538
06037480500,-0.7190948915528375,-1.3697458567460434,-0.84145151785101,-1.1831773948383881,-1.0829141030313865,-2.1332417365100156,6,-1.2216042500882802,1,1,0.0758377425044091,120521.0,0.0162321692080668,0.3832658569500675,0.0093457943925233,10.2622289460414,0.1566170712607674,0.0005873140172278,0.2813234142521534,0.5135082223962412,5108
06037480600,-0.5752165330098584,-0.5676831785156521,-0.5183854981751821,-1.0739796296993602,-0.9013960448334517,-1.1903310259526907,6,-0.8044986516976991,2,1,0.0911041009463722,92837.0,0.0441767068273092,0.3975353719762665,0.0290392338585109,35.0100857286939,0.1939537198308036,0.0587210748942523,0.2160985319731276,0.4773575516297586,8038
06037480702,-1.1984370658169836,-2.3248389881773064,-0.9699379314384462,-1.289379862364014,-1.0452166845644324,-2.260051939050585,6,-1.5146437452352945,1,1,0.0249766573295985,153487.0,0.0051183621241202,0.3693877551020408,0.0134357005758157,6.93393847705497,0.1669000933706816,0.049953314659197,0.4255368814192343,0.334267040149393,4284
06037480703,-1.0633199075080468,-1.4180422909538912,-0.8377043503412848,-2.5309623709373112,-0.24581157168030446,-1.902677731890805,6,-1.3330863705519407,1,1,0.039313399778516,122188.0,0.0165562913907284,0.2071428571428571,0.1001655629139072,16.3136661623802,0.2012735326688815,0.0171650055370985,0.3560354374307862,0.386766334440753,3612
06037480704,-0.24020544814935268,-0.25831945657719957,-0.35590787074406965,-1.3286998679915114,-0.7716746112916881,-1.4069651219594947,6,-0.7269620627855526,2,1,0.1266507902143321,82159.0,0.0582306830907054,0.3642495784148398,0.0431131019036954,29.3242561775088,0.204373240961247,0.0097423684780255,0.3243126217796059,0.3609006278415241,4619
06037480802,-0.5707221983273411,0.14769507790917177,-0.5398180627382746,-0.919800040629625,0.2824690527167338,-0.2104340063210334,6,-0.30176836289839476,4,2,0.0915809768637532,68145.0,0.0423228346456692,0.4176829268292683,0.1574803149606299,60.7286938981341,0.532258064516129,0.0015812776723592,0.3709677419354839,0.0600885515496521,3162
06037480803,0.03203803055777441,-0.0844001437099463,-0.5432804391054068,0.1008428056863676,-0.014218151944988903,0.20506154366984367,6,-0.05065939247439272,5,2,0.1555374592833876,76156.0,0.0420233463035019,0.551056338028169,0.1252918287937743,71.6338880484115,0.6004325493376588,0.0078399567450662,0.230602865639362,0.110029737766964,3699
06037480804,-0.1490176528680943,0.1917326183986312,-0.1835163737760158,-0.5551700200506369,0.055227665471197424,-0.21763913146538028,6,-0.14306381571504978,5,2,0.1363263632636326,66625.0,0.0731421884142773,0.4653312788906009,0.1328262141603276,60.5395864851236,0.3871627146361406,0.0320932134096484,0.4585036794766966,0.0932134096484055,4892
06037480901,0.3050009642845262,0.4473531577002763,-0.4976515603259842,-0.6253957821505619,0.4102465874318996,0.13060858384488733,6,0.028360325130840552,6,3,0.184500466853408,57802.0,0.0459701492537313,0.4561544650040225,0.1713432835820895,69.6797781139687,0.3917144442389495,0.0364342518956907,0.4969484002219345,0.0654706861475864,5407
06037480902,0.12583976471718428,0.6697137651059349,-0.6717395472679886,0.40058613407868593,0.6330673206230324,0.45051614025404696,6,0.26799726291848264,7,3,0.1654903869554636,50127.0,0.0309119010819165,0.5902255639097744,0.1955177743431221,78.0761472516389,0.4397663665125335,0.0172791433438792,0.4755414942808469,0.0459965928449744,4109
06037480903,0.5370802650384193,0.17973818302847583,0.33100319119989624,-0.145479708505811,-0.12143986581644133,0.3040119289855904,6,0.18081899898835493,6,3,0.2091254752851711,67039.0,0.1176470588235294,0.5188679245283019,0.1136590229312063,74.2309631870903,0.2632389162561576,0.0086206896551724,0.6440886699507389,0.0600369458128078,3248
06037481001,-0.29498386486833217,0.6272986603187187,1.5058041282032242,0.2708128658886247,-0.6959305886286481,0.4365862316416363,6,0.3082645720925372,7,3,0.1208384710234278,51591.0,0.2192648922686945,0.5732673267326732,0.0513307984790874,77.7105395864851,0.2714579995422293,0.004119935912108,0.59487296864271,0.121538109407187,4369
06037481002,-0.20359958791437102,0.37570523820657026,-0.3451286969878049,0.6793773074258159,-0.2779285386290402,0.1863282182945338,6,0.06912565673261732,6,3,0.1305348919589089,60275.0,0.0591630591630591,0.6266568483063328,0.0966810966810966,71.142208774584,0.3600779312787814,0.0024796315975912,0.5249734325185972,0.0977683315621679,5646
06037481101,-0.46703633946345025,0.3018554416883913,-0.09194790370460931,-0.5431962745501046,-0.32770541378981355,-0.07545799528353193,6,-0.20058141418385309,5,2,0.1025826695631185,62824.0,0.0810626702997275,0.466895958727429,0.0912806539509536,64.2713061018659,0.4001772656769333,0.0159539109239973,0.4608907600265898,0.1112342122756481,4513
06037481102,-0.4686814680548557,0.5857816895809587,-0.23813934342762225,0.247205360067822,-0.14987877207269476,-0.08506482880933464,6,-0.018129560452621114,5,2,0.1024081115335868,53024.0,0.068417415342087,0.5701823949246629,0.110573600552868,64.0191628845184,0.19475,0.012,0.65275,0.1205,4000
06037481103,-0.17722557390431054,0.07604715841546576,0.10725741522364775,0.011659068635834156,-0.35744047794130474,0.28816065366801974,6,-0.008590292650441311,6,3,0.1333333333333333,70618.0,0.0982935153583617,0.5394021739130435,0.0880546075085324,73.814926878467,0.4220462850182704,0.001624035728786,0.5131952902963866,0.0609013398294762,4926
06037481201,-0.4351398554640129,-0.05316825644176388,-0.19372531563939815,0.031255964096828036,0.12471817681151638,0.13493165893149964,6,-0.06518793795088847,5,2,0.1059670781893004,75078.0,0.0722591362126245,0.5419630156472262,0.1403654485049834,69.7932425617751,0.288235294117647,0.0033248081841432,0.629923273657289,0.070076726342711,3910
06037481202,-0.37105057139120806,0.0017627809056144578,-0.6230439713876906,-0.0869591424640317,-0.4120661966593155,0.23148033586579514,6,-0.2099794608551394,5,2,0.1127673363577446,73182.0,0.0351239669421487,0.5265151515151515,0.0821280991735537,72.327281896117,0.3269230769230769,0.001131221719457,0.5733678086619263,0.0825791855203619,6188
06037481300,-0.374250228742305,0.19535412666256702,-0.5073570880054166,-0.584194634949863,0.19929080529954585,0.5129605581717527,6,-0.09303274359395315,5,2,0.1124278334852628,66500.0,0.0451306413301662,0.4615384615384615,0.1484560570071258,79.7150781643974,0.2846317065777508,0.0003031221582297,0.672628069111852,0.0381933919369505,3299
06037481401,0.5080673671618319,0.7543121981514754,0.04940831871442374,0.7939517028626214,-0.32427317523453714,0.24300853609675405,6,0.3374124912920949,7,3,0.206047032474804,47207.0,0.0932896890343698,0.6416289592760182,0.0916530278232405,72.6298537569339,0.1712142971118557,0.0004786979415988,0.7584171054731131,0.0548906973033349,6267
06037481402,-0.08133431002539905,0.35913321639080004,-0.6588734303655748,-0.6799628785927472,-0.1026049517951023,0.2016991519358138,6,-0.16032386707536825,5,2,0.143507972665148,60847.0,0.0320247933884297,0.4490238611713666,0.1157024793388429,71.5456379223399,0.2002121855107608,0.0007578053955744,0.7011215519854501,0.0774477114277053,6598
06037481500,-0.6786729426598824,0.10982858750145898,-0.5835871014747496,-0.41545532052718054,-0.45263216097880177,0.5912562514070258,6,-0.23821044778868825,4,2,0.0801267541874151,69452.0,0.0385369039843239,0.4835886214442013,0.077726975832789,81.7700453857791,0.1644018712408108,0.0129204722655379,0.7574069948763644,0.0521274225885497,4489
06037481603,-0.11179993044368067,0.49495426232144857,-0.07837333622388783,0.036137363558471906,-0.47170326247120425,0.43418452326018886,6,0.05056660333355611,6,3,0.140275387263339,56159.0,0.0822368421052631,0.5426008968609866,0.0756578947368421,77.6475037821483,0.185025817555938,0.0481927710843373,0.663798049340218,0.0404475043029259,3486
06037481604,-0.7972095201796617,0.43764751555292836,-0.06855562799700941,-0.04163075570809224,-0.3348598189746353,0.34195892141250134,6,-0.07710821431566152,5,2,0.0675493109970278,58137.0,0.0830860534124629,0.5324384787472036,0.0905044510385756,75.2269288956127,0.3182923534179951,0.0099972980275601,0.5709267765468792,0.0970008105917319,3701
06037481605,-0.498367806371045,0.5010673682709722,-0.34146971012654725,0.5086570436803335,-0.27817575814643136,-0.005808452221479121,6,-0.019016219152366173,5,2,0.0992582126457082,55948.0,0.0594795539033457,0.6043478260869565,0.0966542750929368,66.0993444276349,0.3157894736842105,0.0,0.6255740021193924,0.046979865771812,2831
06037481606,-0.31428915149070297,0.5354282386791952,-0.2467897530485041,0.3289440803206468,0.2227618970561561,0.09794534985716734,6,0.10400011022899307,6,3,0.1187900641025641,54762.0,0.0676691729323308,0.5808636748518204,0.1510025062656641,68.8224911749874,0.2399760622381807,0.0556552962298025,0.6772391781368442,0.0271294633951725,5013
06037481711,0.5629918110058453,0.8022030234337626,0.5257267227535577,0.7158930194071976,0.17053474465638185,-0.8502491191393521,6,0.32118336701956546,7,3,0.2118748460211874,45554.0,0.1344902386117136,0.6314285714285715,0.1453362255965292,43.9359556227937,0.0963259538389072,0.0035327366933584,0.8502119642016015,0.0287329251059821,4246
06037481712,-0.011926258948787715,0.678115664278266,0.54395038965669,0.6895994319687244,-0.0956346834341581,-0.7388098502400637,6,0.17754911554677846,6,3,0.1508725839744792,49837.0,0.1360665478312537,0.6279926335174953,0.1164587046939988,46.8608169440242,0.1900919497091386,0.0,0.7843873146931882,0.0050666166260086,5329
06037481713,-0.2006491305398279,0.28044508483200276,0.009929550016829596,-0.8383190878280794,0.3933563200999945,-1.3853497465264426,6,-0.2900978349909205,4,2,0.1308479532163742,63563.0,0.0898748577929465,0.4283305227655986,0.1695108077360637,29.8915784165406,0.2061403508771929,0.0,0.7708333333333334,0.0197368421052631,2736
06037481714,0.8437946820433444,0.8876706184626476,1.0844586154966824,0.14044203898508173,-0.03213461748512198,-0.3521348008265905,6,0.428682756112674,7,3,0.2416697180519956,42604.0,0.1828193832599119,0.5562310030395137,0.1233480176211453,57.0095814422592,0.0657174151150054,0.0040160642570281,0.8707557502738226,0.0372398685651697,2739
06037481800,-0.8722743951830649,-0.6167618585085101,-0.21804074763322367,-0.7889443639672303,-0.9124528886718944,-1.4333839141554465,6,-0.8069763613532283,2,1,0.0595844766758134,94531.0,0.0701559020044543,0.4347826086956521,0.0278396436525612,28.6308623298033,0.2146207974980453,0.0023455824863174,0.6141516810007819,0.1450351837372947,2558
06037481901,-0.8618495313877651,-0.6286983497464426,-0.4942619302216293,-0.6789781429801479,-0.48491321153302624,-0.12589387129398774,6,-0.5457658395271665,3,1,0.0606906173700732,94943.0,0.0462633451957295,0.4491525423728814,0.0742247076766649,62.9475542107917,0.5049350649350649,0.0081385281385281,0.3400865800865801,0.1411255411255411,5775
06037481902,0.17637805958779532,0.47534017356397223,-0.014100453482612416,0.2355702902290451,0.020519116938878746,-0.42562707729896415,6,0.0780133515896858,6,3,0.1708528037383177,56836.0,0.0877963125548726,0.5686619718309859,0.1290605794556628,55.0806858295512,0.5445832123148417,0.0360151031077548,0.3177461516119663,0.0926517571884984,3443
06037482001,-0.9786075799240621,-0.490675426791321,0.3528126052052992,-1.1992472121942968,-0.9630353739362113,-0.6513876651552795,6,-0.6550234421326453,3,1,0.0483018867924528,90179.0,0.119533527696793,0.3811659192825112,0.0223517978620019,49.155320221886,0.1418867924528302,0.0,0.8037735849056604,0.0411320754716981,2650
06037482002,-0.37580339534500146,0.20685603690882715,-0.40944306874513475,-0.8725461727379635,-0.0076908075241328725,-0.24069553192730217,6,-0.2832204898951179,4,2,0.1122630331753554,66103.0,0.0536,0.4238578680203045,0.126,59.9344427634897,0.3167159763313609,0.0143491124260355,0.6105029585798817,0.0405325443786982,6760
06037482101,-0.2132724562524932,0.3353761221793811,0.09270822170690068,0.04457661621587744,0.004830650195493121,0.0494308405518756,6,0.05227499909950579,6,3,0.1295085425015819,61667.0,0.0970350404312668,0.5437037037037037,0.1273584905660377,67.5491679273828,0.2473684210526315,0.0029473684210526,0.6728421052631579,0.0536842105263157,4750
06037482102,-0.4829965729005972,-0.3985732286229055,-0.7002432579089668,-0.31124265681148744,-0.43289141222853145,-0.19506307267974962,6,-0.42016836685870634,4,2,0.1008891928864569,87000.0,0.0284463894967177,0.4972067039106145,0.0798687089715536,61.1321230458901,0.3126061841658172,0.0050968399592252,0.582059123343527,0.0645599728168535,2943
06037482201,0.669280450249602,0.767030935174418,0.7073194184867969,0.5751122166988359,0.11333482789877654,-0.5538783048684018,6,0.3796999239400047,7,3,0.2231527093596059,46768.0,0.150197628458498,0.613031914893617,0.1391304347826087,51.7145738779627,0.2600588812561334,0.0002453385672227,0.7014229636898921,0.0282139352306182,4076
06037482202,0.020814172613558,0.46012983885544184,0.03268652105149102,0.5247563167280703,-0.36987819413580825,-0.6629158653862387,6,0.0009321316210857226,6,3,0.1543465405085748,57361.0,0.0918432883750802,0.6064516129032258,0.0867052023121387,48.8527483610691,0.2449380774523294,0.0062905445252604,0.7188912915274228,0.0180853155101238,5087
06037482301,0.3079918119662659,0.9264352429198165,-0.04464256202504008,1.2509091653496685,0.7757906832706355,0.7271929457971053,6,0.6572795478797419,8,4,0.1848178137651822,41266.0,0.0851544837980406,0.7013422818791947,0.2110022607385079,85.3378719112456,0.1908520542400323,0.0050597045132564,0.7812183768467922,0.0186197126087836,4941
06037482303,0.06650189121819419,0.5523768973544148,-0.01603629866958159,0.6648189379360405,0.9808284374408459,0.31121705412994133,6,0.42661781990164255,7,3,0.1591942820012995,54177.0,0.0876288659793814,0.6247544204322201,0.2332474226804123,74.4200706001009,0.3081546458739441,0.0,0.6639051332033788,0.0258284600389863,6156
06037482304,2.3723471233235416,1.1386845992525663,1.3322207899768534,0.961025976228079,1.4535430223792303,0.10082739991490598,6,1.2264414851791963,10,4,0.4038583175205566,33940.0,0.204250295159386,0.6634615384615384,0.2845336481700118,68.8981341401916,0.4458955223880597,0.0161691542288557,0.4950248756218905,0.0248756218905472,3216
06037482401,-0.3450011627691912,0.6938185241106917,-0.5538399666883713,0.9633334236315304,0.810791356233873,0.29392475378349703,6,0.31050448805033826,7,3,0.1155313351498637,49295.0,0.0411099691675231,0.6637630662020906,0.2147995889003083,73.9662128088754,0.4234332425068119,0.0,0.5465940054495912,0.0256130790190735,3670
06037482402,0.04135834288007039,0.560373187601185,-0.25459316754097616,0.3637292105787167,1.0580527999256693,0.81125273914786,6,0.43002885209875424,7,3,0.1565264004288394,53901.0,0.0669941938365341,0.5854092526690391,0.2416257257704332,87.5441250630358,0.4546656093047845,0.0011895321173671,0.5017182130584192,0.0413692836373248,7566
06037482502,-0.08217225161370133,0.4692850117466716,-0.4876136510356868,-0.15463523724788683,0.40671551894520686,0.28719997031543726,6,0.07312989351834012,6,3,0.1434190620272314,57045.0,0.0468384074941452,0.5176715176715176,0.1709601873536299,73.7897125567322,0.2054380664652568,0.004833836858006,0.7734138972809668,0.009667673716012,3310
06037482503,-0.47008213648110975,0.3061722795390028,-0.6093310283048892,-0.11042048891043321,1.4631329870423002,0.29776748719381807,6,0.1462065166797815,6,3,0.1022594921965991,62675.0,0.0363101079489695,0.5234493192133132,0.2855740922473013,74.0670700958144,0.3137665967854647,0.0097833682739343,0.59958071278826,0.0197996738877242,4293
06037482521,-0.648877177448502,0.17232133410393527,-0.8060186723016273,-0.32299469655243757,0.21574491643058274,-0.314668150075967,6,-0.28408207430733595,4,2,0.0832882639264467,67295.0,0.0192970365265334,0.4956709956709956,0.1502412129565816,57.9929399899143,0.3810338925025676,0.0051352276617596,0.547586442998973,0.0540910647038685,5842
06037482522,-0.7903283138616819,0.21604018186616836,-0.7622021867318743,-0.6366217628291142,0.14421033292550217,0.3189025209505792,6,-0.2516665379467368,4,2,0.0682794483382319,65786.0,0.0230870712401055,0.4546875,0.1424802110817942,74.6217851739788,0.4615899955337204,0.0037963376507369,0.4441715051362215,0.0685573916927199,4478
06037482600,-0.4028806734422778,0.08187054370387453,-0.20332745193247398,0.1855309747999859,-0.9837661670194398,-0.5010407204764983,6,-0.30393558239447155,4,2,0.10938997125519,70417.0,0.0714285714285714,0.5621230398069964,0.0201026518391787,53.1013615733737,0.2890450335356116,0.0,0.6058767167039285,0.0731395720217183,6262
06037482701,-0.6169644916863748,-0.026224234958081467,0.0528213098902269,0.3808720036382204,0.14569704954128823,-0.06104774499483438,6,-0.020807684761592515,5,2,0.0866743916570104,74148.0,0.0935849056603773,0.5876494023904383,0.1426415094339622,64.649520927887,0.6097617395327319,0.0002313208420078,0.3573907009021513,0.0303030303030303,4323
06037482702,-0.9113529937101957,-0.2802802826897063,-0.06329430220202349,0.7910946042962744,-0.697853329792885,-1.0226917809274692,6,-0.3640630141710009,4,2,0.0554380025391451,82917.0,0.0835411471321695,0.6412556053811659,0.0511221945137157,39.409984871407,0.4252001685630004,0.011378002528445,0.4597555836493889,0.0750105351875263,2373
06037482800,-0.9234389071076299,0.05336203065017185,-0.3135551074847623,-0.40317302088411,-0.15867117079235624,-0.12829557967543545,6,-0.31229529254902033,4,2,0.054155614500442,71401.0,0.0618941088739746,0.4851936218678815,0.1096196868008948,62.8845184064549,0.4005305039787798,0.0019893899204244,0.5156940760389036,0.0479664014146772,4524
06037500100,-0.9916579098745752,-1.4421760220247595,-0.6651689838854667,-0.5915222964136587,-0.4714392598581077,-1.6178351178508177,6,-0.963299931651231,2,1,0.046917168362051,123021.0,0.0314802411252511,0.4605809128630705,0.0756865371734762,23.7897125567322,0.3869834710743802,0.0010330578512396,0.1642561983471074,0.4330578512396694,4840
06037500201,-0.9206592087385214,-1.2048948005716853,-0.9610746691717982,-2.359811137411948,-0.8811493986717926,-1.764339329119274,6,-1.3486547572808367,1,1,0.0544505572012977,114831.0,0.0058850158442734,0.2295081967213114,0.0312358533272974,19.9445284921836,0.3042520985275905,0.0038530342644832,0.07554699325719,0.5738268886748314,7267
06037500202,-1.302723025543254,-1.7349097780152187,-0.5935951009949086,-0.4044255989188965,-1.1690560110194688,-1.2359634852002432,6,-1.073445499948665,1,1,0.0139112903225806,133125.0,0.0376712328767123,0.4850299401197604,0.0,33.8124054462935,0.4572975140336808,0.0066158781074578,0.2082999198075381,0.3023255813953488,4988
06037500300,-0.8917531953011095,-0.8585047781427532,-1.0291111731370455,1.3841220959553728,-1.1690560110194688,0.3256273044186394,6,-0.37311262620439417,4,2,0.0575176589303733,102875.0,0.0,0.71875,0.0,74.798285426122,0.5412041708711739,0.0,0.1577531113353515,0.2818701648166835,2973
06037500402,-0.5203365070828591,0.5466404282643404,-0.3879144013782024,0.18123425066723875,0.9454744715350638,1.0350919602990147,6,0.3000317003840994,7,3,0.0969272014848422,54375.0,0.0554621848739495,0.5615615615615616,0.2294117647058823,93.4190620272315,0.9759060955518946,0.0,0.0,0.0185337726523887,4856
06037500403,-0.32129701819246326,-0.2586091772383144,-0.5848751319267141,-1.0686632968615313,-0.5557288554567072,0.5878938596729959,6,-0.3668799366671223,4,2,0.1180464873335074,82169.0,0.0384254920337394,0.3982300884955752,0.0665417057169634,81.6817952597075,0.8605379994776704,0.0,0.0778271089057195,0.053016453382084,3829
06037500404,-0.41580563339758575,0.04603209792396578,-0.9258113479975314,-0.20429557703664913,-0.05036575247877152,0.6186357269555597,6,-0.15526841433850205,5,2,0.1080185553346587,71654.0,0.0089352196574832,0.5111821086261981,0.1213700670141474,82.4886535552194,0.8213579433091628,0.005273566249176,0.062843331136014,0.0927268732146781,4551
06037500500,-0.609139834739343,0.571990986111891,-0.292002213941019,-2.6071796336214548,0.439311693831854,0.23628375262869433,6,-0.3767892082882296,4,2,0.0875046347793845,53500.0,0.0637583892617449,0.1971830985915492,0.174496644295302,72.4533535047907,0.8608953015168331,0.003699593044765,0.0836108028116907,0.051794302626711,2703
06037500600,-0.865902374896893,0.47290652001060735,-0.12731927790584374,1.3243367746895596,0.2616925434191056,0.8852253572965245,6,0.32515659043551004,7,3,0.0602605863192182,56920.0,0.078003120124805,0.7109375,0.1552262090483619,89.4856278366112,0.9639657980456026,0.0,0.020358306188925,0.0156758957654723,4912
06037500700,-0.4267406801666231,-0.19206034138023,-0.4491292953679489,-0.4086948672206908,-0.4600418452714007,0.7440049044672545,6,-0.1987770208232732,5,2,0.10685828116107,79872.0,0.0501672240802675,0.484472049689441,0.0769230769230769,85.7791225416036,0.9324475524475524,0.0037762237762237,0.0109090909090909,0.044055944055944,7150
06037500800,-1.0769480684505441,0.20647940004937781,-0.18612362440737912,-1.0322756650568996,0.38771541987528524,0.30161022060413917,6,-0.23325705289767015,5,2,0.0378673700075357,66116.0,0.0729166666666666,0.4029850746268656,0.1688988095238095,74.1679273827534,0.9106676613204028,0.010816859380828,0.0115628496829541,0.0585602387168966,5362
06037500900,-0.32435398541818566,0.5156113454589384,0.4429165052624552,0.2567417520857516,0.38651681028845464,0.21610940222451513,6,0.2489236383169882,7,3,0.117722124740788,55446.0,0.1273273273273273,0.5714285714285714,0.1687687687687687,71.9238527483611,0.9027188433129028,0.0163444915920163,0.0413327046990413,0.033003300330033,6363
06037501001,-0.5102816627137738,-0.08182162982602399,-0.6683006005431109,-0.31589588289564285,0.19734059969397375,0.5518682339512455,6,-0.13784849038888872,5,2,0.0979940808944426,76067.0,0.0312093628088426,0.4965986394557823,0.1482444733420026,80.7362581946546,0.9238345370978333,0.0,0.005252790544977,0.0617202889034799,3046
06037501002,-1.1179872470180185,-0.7814970264184221,-0.8696494890423703,-1.383084202633697,-0.7685852511934915,0.08257441621588735,6,-0.8063714666816852,2,1,0.0335128665469778,100217.0,0.0137931034482758,0.3571428571428571,0.0434482758620689,68.4190620272315,0.8491921005385996,0.0051865150608418,0.0131657690005984,0.1236784360662278,5013
06037501200,-0.8021695095805892,-0.6613788403201992,-0.8954128563705914,0.2828271974970519,-0.6423597736066183,0.27278972002673596,6,-0.40761734372570174,4,2,0.0670230263157894,96071.0,0.0115646258503401,0.5748373101952278,0.0571428571428571,73.411497730711,0.7300575657894737,0.0024671052631578,0.0900493421052631,0.1515213815789473,4864
06037501300,-0.9240044137531958,-0.08066274718156453,-0.5691897538731927,-0.17885353698221218,-0.520610894606663,-0.3045809748738774,6,-0.4296503868784509,4,2,0.0540956108470785,76027.0,0.0397822445561139,0.5145067698259188,0.0703517587939698,58.2576903681291,0.7370701705339671,0.0132792843164663,0.0239027117696393,0.2102320380206877,7154
06037501400,-0.0687021645204711,0.8492826308649281,0.5516366297513177,1.025554403152449,-0.0802947759144255,0.7007741536011538,6,0.4963751461558254,8,3,0.1448483192128997,43929.0,0.1367313915857605,0.6718938480096501,0.1181229773462783,84.6444780635401,0.8228400109021532,0.0160806759334968,0.0228945216680294,0.1128372853638593,3669
06037501501,-0.22672651598222723,-0.8416140635997565,-0.9196581828708782,-1.9523111432374591,-0.8418187037511301,-1.2988882447942363,6,-1.0135028090392812,1,1,0.1280809859154929,102292.0,0.0094674556213017,0.2827586206896552,0.0355029585798816,32.1608673726677,0.5567781690140845,0.0,0.0977112676056338,0.3279049295774648,2272
06037501503,-0.4021292955036209,0.20830464021440148,-0.2910448214595687,-0.8842108806896989,-0.3383226751858958,-0.464054411402166,6,-0.36190957400442486,4,2,0.1094696969696969,66053.0,0.0638412017167382,0.4223335719398711,0.0901287553648068,54.0721129601614,0.7299242424242425,0.0064393939393939,0.0200757575757575,0.2077651515151515,5280
06037501504,0.4808800162678269,1.0905619974413874,1.4420564500183648,0.06310916702662912,0.3242658602021262,-0.012533235689538848,6,0.5647233758777993,8,4,0.2031622911694511,35601.0,0.2137508509189925,0.5461254612546126,0.1620149761742682,65.9228441754917,0.7753042445829623,0.0092015434847135,0.0599584446423271,0.130602552686257,3369
06037501600,-0.1695633487782018,-0.6473563603222399,-0.642898478912138,-1.7934414307941842,-0.6950293973479034,0.09025988303652517,6,-0.6430048555196903,3,1,0.1341463414634146,95587.0,0.0334065934065934,0.3035190615835777,0.0514285714285714,68.6207766011094,0.5565709872570472,0.016347020208521,0.0751705496202857,0.2973355644227056,7769
06037501700,-1.1944334987482383,-0.8209569804622667,-0.478128389256404,-1.6246089556543908,-0.930149063865229,-0.3684664178204524,6,-0.9027905509678301,2,1,0.0254014598540146,101579.0,0.0476588628762541,0.3255813953488372,0.0259197324414715,56.5809379727685,0.5766423357664233,0.0026277372262773,0.0402919708029197,0.3804379562043795,3425
06037501802,-0.21469315181454937,0.12921089973004343,0.08270997319966264,1.1582664378400787,-0.7846798207373251,-0.4506048444660466,6,-0.013298417708022712,5,2,0.1293577981651376,68783.0,0.0961702127659574,0.6892361111111112,0.0417021276595744,54.4251134644478,0.7629115070975536,0.0392630625188764,0.0111748716399879,0.1760797342192691,3311
06037501803,0.40276824656279575,0.9664456662197793,0.45286578693075596,0.8606460312530261,0.37126536785737463,0.7262322624445233,6,0.6300372268780425,8,4,0.194874163010852,39885.0,0.1281879194630872,0.6503442999234889,0.1671140939597315,85.3126575895108,0.8730517280325276,0.0049695053083352,0.0101648972215947,0.0822227241924553,4427
06037501804,0.40693385643608476,0.6695109606431545,0.971510948589775,0.8941080665616128,0.34753031798490935,0.6940493701330941,6,0.6639405867247717,8,4,0.1953161592505854,50134.0,0.1730496453900709,0.6547169811320754,0.1645390070921985,84.4679778113969,0.8027586206896552,0.0156321839080459,0.0317241379310344,0.135632183908046,2175
06037501900,-0.43305496481124856,-0.6764443146981722,-0.6848189006599051,-0.7760768050303654,-0.7717635905571898,-0.2920920912903361,6,-0.6057084445078694,3,1,0.106188297616181,96591.0,0.0297805642633228,0.43646408839779,0.043103448275862,58.5854765506808,0.7563207320009632,0.0190223934505176,0.0163737057548759,0.1849265591138935,4153
06037502003,-0.038397923213945535,0.13167352534951976,-1.0291111731370455,0.27951711256796613,0.3276450695853838,0.2718290366741573,6,-0.009474058695660667,6,3,0.1480637813211845,68698.0,0.0,0.5744047619047619,0.162381596752368,73.3862834089763,0.829916476841306,0.0060744115413819,0.0132877752467729,0.1165527714502657,2634
06037502004,-0.25465304486526896,0.19352888649754338,-0.7843728525381107,0.8990841222960063,0.5405829854214377,0.6676305779371421,6,0.21030011245812497,6,3,0.1251178133836003,66563.0,0.0211693548387096,0.655367231638418,0.1854838709677419,83.7745839636914,0.8602681721947777,0.0131733709715361,0.0458715596330275,0.053399200188191,4251
06037502005,-0.6038999459072848,0.3176452177191514,-0.45687434854362297,1.0682832455925537,-0.007106268389804621,0.35300677996717283,6,0.11184244673969425,6,3,0.0880606184722506,62279.0,0.0494972931167826,0.6774774774774774,0.1260634184068058,75.5168935955623,0.7073022312373225,0.0137931034482758,0.0182555780933062,0.2042596348884381,4930
06037502100,-0.589103949984227,0.1864307303002292,-0.3904636247854874,0.0034115392354509017,-0.16806865460553008,0.8799415988573341,6,-0.012975393497038393,5,2,0.0896305625524769,66808.0,0.0552416823603264,0.5383244206773619,0.108600125549278,89.3469490670701,0.8115567911040509,0.0099285146942017,0.0135027799841143,0.1578633836378077,5036
06037502200,-0.12210495048662867,0.12634266518500625,-0.4680186607025794,0.5688091689623437,0.2319559804987142,1.0888902280434964,6,0.23764573858339208,7,3,0.1391819627113744,68882.0,0.0485333333333333,0.6122082585278277,0.152,94.8310640443772,0.9117774254000288,0.0014415453366008,0.0278218249963961,0.0556436499927922,6937
06037502301,-0.7555371066965403,0.17397274187229,-0.7337279258076599,0.02270086465161421,0.03460749818519999,1.1638235295447397,6,-0.015693399708392713,5,2,0.0719710044874007,67238.0,0.0255500354861604,0.5408450704225352,0.1305890702625975,96.7977811396873,0.9200897480151882,0.0094925785295132,0.0048325854332067,0.0421125302036589,5794
06037502302,-0.3423331625343688,0.47783177124956006,-0.08250808869583255,0.0443043285485889,1.6765176206405639,1.0072321430741897,6,0.46350743538045025,8,3,0.11581442600745,56750.0,0.0818791946308724,0.5436681222707423,0.3087248322147651,92.6878466969238,0.8942760942760942,0.0215488215488215,0.0175084175084175,0.0579124579124579,2970
06037502401,-0.08212760234957729,0.06037327064915158,-0.02420287027729261,0.8355038537514399,0.043541434551228865,0.7761877967786877,6,0.26821264718393967,7,3,0.1434237995824634,71159.0,0.0869224745497259,0.6470588235294118,0.1315583398590446,86.6238023197176,0.864635868468832,0.0074641920516441,0.0338914666128706,0.0849304014524914,4957
06037502402,-0.8118061024789915,-0.20179495559368946,-0.6787786853532877,-2.2161911819279454,-0.2380273085220055,0.8338287979334904,6,-0.5521282393237382,3,1,0.0660005259006047,80208.0,0.0303030303030303,0.2482758620689655,0.101010101010101,88.1366616238023,0.9148167268972638,0.0005162622612287,0.0028394424367578,0.0787299948373773,3874
06037502500,-0.8303113307086514,0.293917095573844,-0.5840603224968026,-0.37914631257767906,0.5885628116809793,0.949591141919387,6,0.006425513898512869,6,3,0.0640370099829559,63098.0,0.0384959713518352,0.4883333333333333,0.1906893464637421,91.1749873928391,0.9417407580720636,0.00280767430978,0.0039775386055217,0.0446888160973327,4274
06037502601,-1.1187285257165296,-0.11377781874699357,-0.7786025686546187,-1.2464320397404092,-0.010666669797272748,0.9347005499543982,6,-0.3889178454502376,4,2,0.0334342124225392,77170.0,0.0216684723726977,0.375,0.1256771397616468,90.7841654059506,0.9122351923908344,0.0227698515636258,0.0125378296584522,0.0514483354950281,6939
06037502602,-0.24784980925835107,0.4796280393484722,-0.29521824689847986,-0.21561863504343798,0.26273958583099916,0.6287229021576493,6,0.10206730602280863,6,3,0.1258396775638155,56688.0,0.063480209111277,0.5097024579560155,0.1553398058252427,82.7534039334342,0.8751396024123297,0.0122850122850122,0.0156354701809247,0.0880053607326334,4477
06037502700,-0.5915210826880681,-0.1107357518052875,-0.688353689038697,-1.4119913909380462,-0.1910268241837094,0.9985859929009732,6,-0.33250712429213913,4,2,0.0893740902474526,77065.0,0.0294748124330117,0.3533653846153846,0.1061093247588424,92.4609178013112,0.785518138459315,0.0468275762393409,0.0257262610203786,0.1101315218962277,6919
06037502801,-0.2966380768222658,-0.34526462697777044,-0.8446275758466629,-0.7002962330215617,0.03484333779506957,0.3827879638971547,6,-0.2948658684960061,4,2,0.1206629491945477,85160.0,0.0159574468085106,0.4463667820069204,0.1306146572104018,76.2985375693394,0.8257575757575758,0.0043290043290043,0.0258194186765615,0.1371366728509585,6468
06037502802,0.22215280388337813,0.7501691926975328,0.6405061866754768,0.3067247237419137,-0.1832993918178222,0.37174010534248264,6,0.35133227008716034,7,3,0.1757097791798107,47350.0,0.1444184231069477,0.5779601406799532,0.1069476971116315,76.0085728693898,0.5194039118286247,0.0720273207078547,0.2511642347097175,0.1375349270412915,3221
06037502901,-0.578232921357118,-0.6122422161951182,-0.6768377851439598,-2.6585043896377125,-0.5115975844705335,0.037902640320912895,6,-0.8332520427472548,2,1,0.0907840440165062,94375.0,0.0304709141274238,0.1904761904761904,0.0713296398891966,67.2465960665658,0.7579092159559835,0.0106602475928473,0.0283700137551581,0.1521664374140302,5816
06037502902,0.4506167039705492,0.7096083001414518,-0.7326759911661741,0.25469452867161985,0.16389062058689943,1.0389346937093353,6,0.3141781426522803,7,3,0.199951171875,48750.0,0.0256410256410256,0.5711610486891385,0.1446153846153846,93.5199193141705,0.8845969289827256,0.0040786948176583,0.0407869481765834,0.0441458733205374,4168
06037503000,0.3465295294485009,0.3932043661379081,-0.719442277685332,0.17088699005855548,1.6439807115264387,1.0932133031301081,6,0.48806210376936326,8,3,0.1889068971726994,59671.0,0.0267857142857142,0.5602094240837696,0.3051948051948052,94.9445284921836,0.8913663931501962,0.0,0.0231894398858366,0.0486978237602568,5606
06037503103,-0.7420216748794969,-0.13188536006667262,-0.6399907659795326,-0.15095975040775197,1.3454636698089328,0.4111281227982667,6,0.015289040212290883,6,3,0.0734050730207532,77795.0,0.0336581045172719,0.5181518151815182,0.2728077945084145,77.0423600605144,0.8524212144504227,0.001152959262106,0.0622598001537279,0.0841660261337432,5204
06037503104,0.1789443101835252,0.2975096317716683,-0.825638064232239,1.152821508763046,0.5416533680974703,0.6988527868959933,6,0.34069059024657733,7,3,0.1711250983477576,62974.0,0.0176,0.6885245901639344,0.1856,84.5940494200706,0.8524783634933124,0.0,0.034618410700236,0.0444531864673485,2542
06037503105,-0.44001084463932033,-0.010666235456213237,-0.38318564878574235,-0.8191914830266135,1.1963387862631496,0.2982478288701093,6,-0.026411266129105094,5,2,0.1054502369668246,73611.0,0.0558712121212121,0.4308300395256917,0.2566287878787879,74.0796772566818,0.8176442762535477,0.0009460737937559,0.0416272469252601,0.1310312204351939,4228
06037503106,-0.8981880247217812,0.14450815063690828,0.6560474714905884,1.0678384608717153,-0.04424709722253375,-0.03462895279888236,6,0.14855500137600244,6,3,0.0568348848603625,68255.0,0.1457627118644067,0.6774193548387096,0.1220338983050847,65.3429147755925,0.725250549987778,0.0,0.0679540454656563,0.1525299437790271,4091
06037503201,-1.033862343003285,-0.696319152050652,-0.7862779692759756,-1.7615055767997232,-0.14211859834692464,0.02877614847140141,6,-0.7318845818341932,2,1,0.0424390243902439,97277.0,0.0210045662100456,0.3076923076923077,0.1114155251141552,67.0070600100857,0.6616795366795367,0.0388513513513513,0.116554054054054,0.1698841698841698,4144
06037503202,-0.33889554631357394,0.14879601642140827,-0.009814329330010673,-1.8465584585303216,0.2780347727463099,-0.03847168620919965,6,-0.301151538535898,4,2,0.1161791777459603,68107.0,0.0881670533642691,0.2965779467680608,0.156999226604795,65.2420574886536,0.7680986475735879,0.0061654733492442,0.1004375497215592,0.1227128082736674,5028
06037503301,-0.9582676350226883,-0.7441810052668276,-0.5569997628069426,-2.202997179993421,-1.0588904633534348,-0.9088508036467332,6,-1.0716978083483413,1,1,0.0504600771742356,98929.0,0.0408366533864541,0.25,0.0119521912350597,42.3978819969743,0.6378186129223473,0.0074096028452874,0.0406046235921754,0.2984588026081802,3374
06037503302,-0.898867867599658,-0.1557003984103145,-0.9353228651581603,-0.6892096279425387,0.5607238168277648,-0.790206409603098,6,-0.48476389198100084,3,2,0.0567627494456762,78617.0,0.0081124932395889,0.4478155339805825,0.1876690102758247,45.5118507312153,0.7535377358490566,0.000442216981132,0.0375884433962264,0.1743808962264151,6784
06037503401,-0.8699068788097039,-0.7896381769957499,-0.6313593038017516,-0.7844949363492821,-0.9353926734619351,-0.590864613942734,6,-0.766942763893526,2,1,0.059835684390017,100498.0,0.0344047080126754,0.4353640416047548,0.0253508374830239,50.743822491175,0.5839494762784966,0.0143253234750462,0.0606900800985828,0.3308687615526802,6492
06037503402,-0.8152667984646206,-0.893097425079868,-0.8137428404830963,-1.3420885537657106,-1.1553195219662276,-0.6878936325533208,6,-0.951234795385474,2,1,0.0656333252603535,104069.0,0.018628912071535,0.3625,0.0014903129657228,48.1971759959657,0.6577863889561637,0.0026640833131508,0.0377815451683216,0.2899007023492371,4129
06037503501,-0.6743547452319343,0.3392004349060973,-0.5507658670354945,0.5260641605429859,-0.41091274804359323,-0.12541352961769678,6,-0.14936371574660592,5,2,0.0805849408836341,61535.0,0.0413758723828514,0.6066225165562914,0.0822532402791625,62.9601613716591,0.6990999379267536,0.0094661700806952,0.0675046554934823,0.1854438237119801,6444
06037503502,-0.9414582001720229,-0.4891109352213007,-0.9527381122163917,-1.1241643150464158,-0.49926888829792443,-0.6859722658481603,6,-0.7821187861337027,2,1,0.0522436592239323,90125.0,0.0066061106523534,0.3909774436090225,0.0726672171758877,48.2476046394352,0.7112781954887218,0.0006444683136412,0.0268528464017185,0.235875402792696,4655
06037503601,-1.1974410459907099,-0.5941346748754391,-0.8958983259303828,0.41689460541291656,-0.5621632271692708,-0.5802970970643535,6,-0.5688399609362067,3,1,0.025082341018495,93750.0,0.0115226337448559,0.5923566878980892,0.0658436213991769,51.0211800302572,0.4194170079498916,0.0621536979041194,0.1153938809925319,0.345458925560106,4151
06037503602,-0.8443767000451553,-1.0729849835660874,-0.9802068918474347,0.5541611654417307,-0.9429152830270655,-1.4742129566400999,6,-0.7934226082806854,2,1,0.0625445897740784,110278.0,0.0042301184433164,0.6102941176470589,0.0245346869712351,27.5592536560766,0.4805318138651472,0.0045109211775878,0.1196581196581196,0.3594491927825261,4212
06037503701,-0.9651423766360356,0.09450236452848264,-0.08770805570055125,1.0309015608323164,-0.4833018296193165,-0.8848337198322329,6,-0.21593034273788955,5,2,0.049730625777041,69981.0,0.0814294083186877,0.6725925925925926,0.0743995313415348,43.0282400403429,0.5359504132231405,0.0,0.0363636363636363,0.4237603305785124,4840
06037503702,-0.4120986111093502,-0.1924659503057908,-0.8444521778648311,0.4446072484216786,-0.15952985146032575,-0.6369774148665779,6,-0.30015279286419955,4,2,0.108411892675852,79886.0,0.0159726183685111,0.5959780621572212,0.1095265259555048,49.5335350479072,0.5476794778825236,0.0067077592458303,0.0654459753444525,0.3451776649746192,5516
06037503703,-1.0641195873926415,-0.3768441790392907,0.5941760048472842,1.0155631742696531,-0.4051660913470639,-1.0591977483255144,6,-0.21593140449792883,5,2,0.0392285489372868,86250.0,0.1404109589041096,0.6705882352941176,0.0828767123287671,38.4518406454866,0.1853844135397533,0.0028863815271582,0.5253214379427972,0.2761742324849121,7622
06037503801,-0.910109150079708,-0.5657999942184054,-0.8309796890434042,-0.46378783407885416,0.44217412399670686,-0.6854919241718693,6,-0.5023324112659225,3,2,0.0555699818229031,92772.0,0.0171379605826906,0.4772727272727273,0.1748071979434447,48.2602118003026,0.4603998961308751,0.0,0.1573617242274733,0.3191378862633082,3851
06037503802,-0.9674219197318599,-0.8537533593004694,-0.7226242433188264,-1.4241338642142891,-0.3393957850084747,-0.6345757064851264,6,-0.823650813009841,2,1,0.0494887525562372,102711.0,0.0265104808877928,0.3517786561264822,0.0900123304562268,49.5965708522441,0.4010204081632653,0.0195918367346938,0.2740816326530612,0.2846938775510204,4900
06037503901,-0.7776511332744818,-0.9884734667188815,-0.77748179255234,-1.373974058440811,-0.6452257144389739,-1.0952233740472646,6,-0.9430049232454586,2,1,0.0696245733788396,107361.0,0.0217654171704957,0.3583333333333333,0.05683192261185,37.5063035804337,0.451393609789259,0.0071380013596193,0.1889870836165873,0.3269884432358939,2942
06037503902,-1.1260515003217992,-0.9526639930050842,-0.8277589740624911,1.4350866321163938,-0.4801082839246482,0.19017095170485054,6,-0.2935541945821298,4,2,0.032657200811359,106125.0,0.0174165457184325,0.7254098360655737,0.0747460087082728,71.2430660615229,0.4778295201457785,0.0046568131200647,0.1285685361409192,0.3496659242761692,4939
06037504001,-0.35416341873929985,-0.6404030644554831,0.5981461689238496,0.06042456032356477,-0.7790003798167605,-0.4971979870661775,6,-0.2686990201383844,4,2,0.1145591647331786,95347.0,0.140754369825207,0.545774647887324,0.0423183072677092,53.2022188603127,0.3474402730375426,0.0192832764505119,0.162457337883959,0.4284982935153583,5860
06037504002,-0.7320616034549395,-0.9442041497005301,-0.7092732136421579,-0.9341513238502511,-0.17394840996954855,-0.7104696913389515,6,-0.7006847319927298,2,1,0.0744618964514252,105833.0,0.0276653171390013,0.415807560137457,0.1079622132253711,47.6046394351992,0.4847097601171946,0.0375389122871269,0.1219556857718366,0.340780076908991,5461
06037504101,-0.6626430510524427,0.24973469475382712,-0.3200612763959473,0.15397932559000016,0.02359384594942091,0.285758945286568,6,-0.04493958597809563,5,2,0.0818276220145379,64623.0,0.0613313388182498,0.558,0.1293941660433807,73.7518910741301,0.6639038541234977,0.0232076253626191,0.1493990882718607,0.1520928305014504,4826
06037504102,-1.4338304945861693,,-1.0291111731370455,3.5363936615246487,-1.1690560110194688,,4,-0.0239010043045087,5,2,0.0,,0.0,1.0,0.0,,0.0,0.0,0.0,0.0,9
06037530003,-0.9503639910121423,-0.820493427404483,-0.7283574765484925,-1.777857117658749,-1.0155961291510012,0.42313666470551686,6,-0.8115885795115586,2,1,0.0512987012987013,101563.0,0.0260145681581685,0.3055555555555556,0.0166493236212278,77.3575390821987,0.5665584415584416,0.0194805194805194,0.1866883116883116,0.2227272727272727,3080
06037530004,-0.20419134473439357,0.43573535918957024,-0.6032352917611036,0.5449535865515946,-0.3409172729489489,0.922692008047148,6,0.12583950739064448,6,3,0.1304721030042918,58203.0,0.0368373764600179,0.6090909090909091,0.0898472596585804,90.4689863842663,0.6446351931330472,0.0223175965665236,0.1444921316165951,0.1444921316165951,3495
06037530005,-1.0478344524281065,-0.44927434431800684,-0.2623999088889864,-0.3047550728765495,-1.07290058764678,0.5230477333738422,6,-0.43568610546409786,3,2,0.0409564996184177,88750.0,0.0663189269746646,0.4980544747081712,0.0104321907600596,79.9798285426122,0.3857970284563082,0.004532863258625,0.5139763283807605,0.0906572651725006,3971
06037530006,0.1757581399229707,0.22287758946847916,-0.25143135802206085,0.24854944923119976,0.2499556965734057,0.6594647694402092,6,0.21752904776903392,6,3,0.1707870265366296,65550.0,0.0672676837725381,0.5703580349708576,0.1539528432732316,83.560262228946,0.6167042889390519,0.0047404063205417,0.227313769751693,0.1349887133182844,4430
06037530101,0.3472865095071435,0.9035473106917422,0.7695673835009408,0.5482113200696217,-0.11269226882118968,1.0802440778702762,6,0.5893607221364224,8,4,0.1889872173058013,42056.0,0.1555819477434679,0.6095166163141994,0.1146080760095011,94.6041351487645,0.780321665089877,0.0408703878902554,0.053926206244087,0.0832544938505203,5285
06037530102,0.2881690112569689,0.8356367877264179,1.0889835921585036,-0.4829531687866669,-0.7285288271539413,0.7973228305354493,6,0.2997717042894552,7,3,0.1827144954898258,44400.0,0.1832107843137254,0.4747682801235839,0.0477941176470588,87.178517397882,0.7863019333607569,0.0053475935828877,0.0841217605923488,0.1201151789387083,4862
06037530202,-0.976350056718328,0.03470402007437457,0.0828894597288119,-2.109553798683358,0.19900034362046062,0.6695519446423026,6,-0.3499596812226227,4,2,0.0485414235705951,72045.0,0.0961857379767827,0.2622107969151671,0.148424543946932,83.8250126071609,0.8886844526218951,0.0,0.077736890524379,0.0335786568537258,4348
06037530203,0.26590270091091933,0.7781272364951173,-0.2662043850191166,0.6032947876652707,-0.7760390216809461,0.8881074073542632,6,0.248864787620918,7,3,0.1803519061583577,46385.0,0.065989847715736,0.6167146974063401,0.0426395939086294,89.5612708018154,0.8262463343108505,0.0073313782991202,0.0711143695014662,0.0846774193548387,2728
06037530204,-0.41992027426141165,0.38541088035391824,-0.019419286948049536,-0.04663273179470044,0.37653294767675644,0.612871626840078,6,0.14814052697776517,6,3,0.1075819672131147,59940.0,0.0873362445414847,0.5317848410757946,0.1676855895196506,82.3373676248109,0.8655225409836066,0.0,0.1157786885245901,0.0186987704918032,3904
06037530301,0.48954438400851263,0.7018437864235735,0.6353793322017469,0.5234445241093661,0.25895843548720365,0.8069296640612514,6,0.5693500210486091,8,4,0.2040816326530612,49018.0,0.1439749608763693,0.606280193236715,0.1549295774647887,87.4306606152295,0.9063772048846676,0.0,0.0488466757123473,0.039348710990502,2211
06037530302,0.2992907869399081,0.589200393382114,-0.2916954516185722,-0.5813203406582371,0.3177433307548141,0.8059689807086696,6,0.18986461658478274,6,3,0.1838945827232796,52906.0,0.0637849235635213,0.4619140625,0.1613073273589878,87.4054462934947,0.929624762739086,0.0067163089502117,0.0277412760987005,0.0359176522120017,6849
06037530400,0.32823570028021903,0.9142669751529922,0.6142190251703067,-0.5069939174515118,-0.1423704942005702,0.870334765331532,6,0.3462820090471613,7,3,0.1869658119658119,41686.0,0.14214463840399,0.4716267339218158,0.1113881961762261,89.0948058497226,0.7329059829059829,0.0400641025641025,0.2163461538461538,0.0074786324786324,3744
06037530500,0.09001849114788486,0.8254965645873976,1.1838119294827192,-0.9035628053679909,-0.35286528533273903,1.2017705219716543,6,0.3407782360814877,7,3,0.1616895345708905,44750.0,0.1914132379248658,0.4198047419804742,0.0885509838998211,97.7937468482098,0.9155687012637804,0.0005377789728421,0.0527023393385318,0.0311911804248453,3719
06037530601,-0.024857357548810886,0.6235902358564485,-0.36343827919305527,0.00027608144242540714,0.29312948943630035,1.173910704746833,6,0.28376847912335684,7,3,0.149500516706855,51719.0,0.0575793184488836,0.5379146919431279,0.1586368977673325,97.0625315179022,0.9163822525597268,0.0,0.0177474402730375,0.0610921501706484,2930
06037530602,0.29148518598388823,-0.333386079872061,-0.8891478305599998,-0.008842112520410771,0.21463749404818933,1.0461398188536826,6,0.05348107932221476,6,3,0.183066361556064,84750.0,0.0121065375302663,0.536723163841808,0.1501210653753026,93.709026727181,0.8637648388920294,0.0028264556246466,0.0288298473713962,0.1045788581119276,1769
06037530700,0.061217708892364324,0.5037617704193404,-0.6064065260853455,-0.6466564694853053,0.48228593991844493,1.1936047134747247,6,0.16463452285570393,6,3,0.1586335985025737,55855.0,0.036563071297989,0.4533762057877814,0.1791590493601462,97.5794251134645,0.9490032452480296,0.0,0.0180806675938803,0.0310616597125637,2157
06037530801,0.4556087517876997,0.7346691373278876,-0.22473248699780396,0.2978128993862759,-0.012192515474189897,1.0807244195465673,6,0.38864836759607274,7,3,0.2004808581468466,47885.0,0.0695770804911323,0.5767955801104973,0.1255115961800818,94.6167423096319,0.9267616053264288,0.0,0.0166450896985389,0.0551137414462733,5407
06037530802,0.15040211513905327,0.3711276517609554,-0.38402410865119874,1.256919284751515,-0.4631447519048719,0.8256629894365614,6,0.2928238634220024,7,3,0.1680965999364474,60433.0,0.0557986870897155,0.7021276595744681,0.0765864332603938,87.922339889057,0.9421800947867298,0.0107424960505529,0.0135860979462875,0.0322274881516587,3165
06037530901,-0.0587108241035254,0.6051350297434316,-0.4657858439432301,0.29967777909753984,0.7805366507218975,0.6892459533701943,6,0.30834979081438463,7,3,0.1459084604715672,52356.0,0.0487264673311184,0.5770392749244713,0.2115171650055371,84.3419062027232,0.988056460369164,0.003528773072747,0.001085776330076,0.007328990228013,3684
06037530902,0.03275540500858533,0.8263077824385193,0.9776990776393473,-0.3015323280270689,0.46568985793173745,0.8924304824408755,6,0.4822250462386661,8,3,0.1556135770234987,44722.0,0.1735849056603773,0.4984756097560975,0.1773584905660377,89.6747352496218,0.94375,0.0,0.0442708333333333,0.0119791666666666,3840
06037531000,0.11213873863142991,0.9163239918469077,0.1593999770078523,-0.06717448588352212,0.2594639631162415,1.1287585871755674,6,0.4181517953157461,7,3,0.1640366257549191,41615.0,0.102803738317757,0.5291005291005291,0.1549844236760124,95.8774583963691,0.9807130333138516,0.0,0.0,0.0163646990064289,5133
06037531101,0.17599919235700776,0.8269741399590834,0.3589507466314773,-0.42924889407185535,0.4872147919649387,1.142208154111691,6,0.4270163551587238,7,3,0.1708126036484245,44699.0,0.1200644641418211,0.481786133960047,0.1796937953263497,96.2304589006556,0.9888682745825604,0.0008245722531436,0.0,0.0084518655947227,4851
06037531102,0.6890523483890574,1.1510846435482827,0.6335035431343663,0.517407727546936,0.1462166442812956,1.0639124608764143,6,0.7001962279627255,9,4,0.225250626566416,33512.0,0.1438127090301003,0.6054913294797688,0.1426978818283166,94.1754916792738,0.9878504672897196,0.0,0.0046728971962616,0.0043613707165109,3210
06037531201,0.8669154044922797,0.6602109274213673,-0.09296327535639096,-0.85329427880126,1.4178423720283184,0.8520817816325128,6,0.4751321552361379,8,3,0.244122965641953,50455.0,0.0809748427672956,0.4263736263736263,0.2806603773584906,88.6157337367625,0.9880650994575044,0.0025316455696202,0.0,0.0083182640144665,5530
06037531202,-0.39355683210936426,0.7213709589827153,-0.3324237716666387,-0.6490277781806436,0.9641787496810513,0.8804219405336253,6,0.1984938778734576,6,3,0.110379286849875,48344.0,0.0602620087336244,0.4530663329161452,0.2314410480349345,89.3595562279375,0.9733694425637552,0.0072218460844053,0.0103814037463326,0.0090273076055066,4431
06037531301,1.2531565880992035,0.9519596331640361,0.6693757988859941,-0.19923456899998554,1.3222770437884759,1.2310713642253444,6,0.8714343098605113,9,4,0.2851054762412103,40385.0,0.1469155844155844,0.5118434603501545,0.2702922077922078,98.5627836611195,0.9782338308457712,0.0055970149253731,0.0084991708126036,0.0070480928689883,4824
06037531302,0.2646978322000744,0.9322586282082252,0.45286578693075596,0.10569085234684969,1.0455425979681217,1.268538014975968,6,0.6782656187716659,9,4,0.1802240623477837,41065.0,0.1281879194630872,0.55168986083499,0.2402684563758389,99.5461422087746,0.9950120675784392,0.0,0.0,0.0049879324215607,6215
06037531502,0.501764407616605,0.8065488333504856,0.07398034044229546,0.9654362498667122,0.5327537028021027,0.9332595249255289,6,0.6356238431672883,8,4,0.2053782505910165,45404.0,0.0954151177199504,0.6640378548895899,0.184634448574969,90.7463439233485,0.9870473947600824,0.0,0.0047100382690609,0.0082425669708566,3397
06037531503,0.8229434691246496,0.8259021735129585,0.31993034698548384,0.3142795048829257,0.9820371702731773,1.0298082018598245,6,0.7158168111065032,9,4,0.2394572790612394,44736.0,0.1166892808683853,0.5789473684210527,0.2333785617367706,93.2803832576904,0.9920087177624408,0.0,0.0,0.0047221213221939,2753
06037531504,0.27810891500158685,0.7264990146844484,0.7511906136423921,-0.5290081845506506,0.5744987863096687,1.1335620039384708,6,0.4891418581709861,8,3,0.1816470588235294,48167.0,0.1539923954372623,0.46875,0.1891634980988593,96.0035300050429,0.9967058823529412,0.0,0.0,0.0018823529411764,4250
06037531602,1.7034221294212517,1.2041324965984144,1.4572234117115308,0.5804842152492479,0.9906189373679523,1.072078269373347,6,1.1679932432869575,10,4,0.3328813559322034,31681.0,0.2150627615062761,0.6137339055793991,0.2343096234309623,94.3898134140192,0.9726985559566786,0.0015794223826714,0.0,0.0106046931407942,4432
06037531603,0.4572587532199375,0.7900926997991612,-0.20993372170211086,-0.35125075875497036,0.5269058734499106,0.7377604626754861,6,0.3251388847812357,7,3,0.2006559332140727,45972.0,0.0708571428571428,0.4919786096256685,0.184,85.6152294503278,0.9510120269873864,0.0,0.0093869169844529,0.0046934584922264,3409
06037531604,1.116131013127619,0.9152520254007828,0.8810710415715862,0.1454561583522959,0.9112803694745931,0.7742664300735271,6,0.7905761730000673,9,4,0.2705662393162393,41652.0,0.1652267818574514,0.5568862275449101,0.2257019438444924,86.5733736762481,0.9835761589403974,0.0,0.0,0.0164238410596026,3775
06037531701,-0.038122331521853944,0.8791238589597591,0.03582730299265262,0.21389202864584642,0.780341079920872,0.5667588259162347,6,0.40630346081891844,7,3,0.1480930232558139,42899.0,0.0921149594694178,0.5658291457286432,0.2114959469417833,81.1270801815431,0.9572093023255814,0.0,0.0,0.0401860465116279,5375
06037531702,0.07212397892128797,0.5438880819837492,0.46650900891078817,0.15705287915540328,1.0787033962294252,1.1412474707591087,6,0.5765874693266272,8,4,0.1597908192911098,54470.0,0.1293680297397769,0.5584016393442623,0.2438661710037174,96.2052445789208,0.969010265349603,0.0,0.0052295177222545,0.0160759248498934,5163
06037531800,-0.12655602065100982,0.7064503449352998,0.23734899396855702,0.5502781421400909,0.691690085943771,0.26510425320609754,6,0.38738596659046776,7,3,0.1387096774193548,48859.0,0.109546165884194,0.6097867001254705,0.2018779342723004,73.2097831568331,0.9681451612903226,0.0,0.0,0.0151209677419354,4960
06037531901,0.6130042579723608,0.8488480498732558,0.0699463426899779,0.27798802476173984,0.8773585215277528,0.8885877490305544,6,0.5959554909759402,8,4,0.2171814671814672,43944.0,0.0950661853188929,0.5742049469964664,0.2220216606498194,89.5738779626828,0.9724226390893056,0.0035273368606701,0.0125060125060125,0.0115440115440115,6237
06037531902,0.3131568341666583,0.2899479225165703,-0.3990581955397865,0.18319804260136413,1.1511867130505509,0.9073210744058643,6,0.4076253985335369,7,3,0.1853658536585365,63235.0,0.0544982698961937,0.5618181818181818,0.2517301038062284,90.0655572365103,0.9494016376233466,0.0,0.003779130799916,0.0468192315767373,4763
06037532001,1.4096727350200131,1.0657329367838435,0.1625053759946251,0.7069746677236357,0.4661035169247879,1.157579087752971,6,0.8280947200333126,9,4,0.3017127799736495,36458.0,0.1030723488602576,0.6302631578947369,0.1774033696729435,96.6338880484115,0.9403820816864296,0.0085638998682476,0.0023056653491436,0.0385375494071146,3036
06037532002,0.5772983628443948,0.7397971930296207,-0.15215709313988335,0.40581683887842923,0.7118010120066564,1.1354833706436276,6,0.5696732807104742,8,4,0.2133928571428571,47708.0,0.0758547008547008,0.5909090909090909,0.204059829059829,96.0539586485123,0.9023809523809524,0.0,0.0586309523809523,0.0342261904761904,3360
06037532101,0.027273048136400618,0.6643249608091985,-0.23404995790739078,0.2694931203184074,0.6910070822113705,0.8592869067768637,6,0.37955586005747494,7,3,0.1550318660145249,50313.0,0.068771138669673,0.573094867807154,0.201803833145434,88.8048411497731,0.9426411738550466,0.0,0.031866014524974,0.0151178301467318,6747
06037532102,-0.883314769448989,-0.03424949727096322,-0.8350968339004337,0.7021265792935035,-0.5048364223769057,0.12148209199538017,6,-0.23898147528473468,4,2,0.0584130266218661,74425.0,0.016781836130306,0.6296296296296297,0.0720631786771964,69.4402420574887,0.8615345528455285,0.0010162601626016,0.1105182926829268,0.026930894308943,3936
06037532200,0.027467536385404792,0.5985004266039012,-0.09316018239891086,0.32495103681197435,1.3480655454874981,0.9116441494924761,6,0.5195780853970573,8,3,0.1550525023864721,52585.0,0.080957810718358,0.5803418803418804,0.2730900798175598,90.1790216843167,0.8791253565122912,0.0161618905337498,0.0749694418036126,0.0249898139345375,7363
06037532302,-0.059997075308936935,0.6960204011351646,-0.5380256327392834,-0.6500654958171289,0.6417536193778097,1.2699790400048372,6,0.22661080944207704,7,3,0.1457719814892722,49219.0,0.0424778761061946,0.452930728241563,0.1964601769911504,99.5839636913767,0.97480024585126,0.0071706617496414,0.0014341323499282,0.0147510755992624,4881
06037532303,-0.13731150742043963,0.5050655133943573,-0.17434176492977482,1.1351271287817484,0.11129966693335341,1.1484525959034597,6,0.4313819387771174,7,3,0.1375684556407448,55810.0,0.0739357729648991,0.6862123613312203,0.1389096340552651,96.3943519919314,0.9623831267666884,0.0039138943248532,0.0080452272233094,0.0145683844313981,4599
06037532304,1.0181963356582069,0.8439517707004145,0.8270082002126801,-1.8583623635051019,-0.01902202474186864,1.2507653729532366,6,0.3437562152129279,7,3,0.2601747815230961,44113.0,0.1605504587155963,0.2950354609929078,0.1247706422018348,99.0796772566818,0.8146025417393471,0.1021679541490157,0.00323947171692,0.0383752803388985,4013
06037532400,-1.4338304945861693,0.899722997965026,1.1729787500751454,-2.76568255661284,-1.1690560110194688,,5,-0.6591734628356613,3,1,0.0,42188.0,0.1904761904761904,0.1764705882352941,0.0,,0.8,0.0222222222222222,0.0,0.1777777777777777,45
06037532500,0.4825294529852713,0.5221880044662458,-0.10010448678190287,0.31981198111342335,1.31629185927242,1.2152200889077738,6,0.6259894833272052,8,4,0.2033373063170441,55219.0,0.0803571428571428,0.5796703296703297,0.2696428571428571,98.1467473524962,0.9389749702026222,0.0216924910607866,0.0231227651966626,0.0162097735399284,4195
06037532603,0.3087871177591649,0.840764843428151,-0.03904109896555664,0.46421364903322504,2.935566181730218,1.2435602478088859,6,0.9589751567990148,9,4,0.1849022004889975,44223.0,0.0856389986824769,0.5985401459854015,0.4453227931488801,98.8905698436712,0.9771967163271512,0.0112496199452721,0.0,0.0115536637275767,3289
06037532604,0.5743368106915996,0.7005400434485566,0.8893034106220465,0.494654150792051,2.4400015401027946,1.0696765609918952,6,1.0280854194414906,10,4,0.213078618662748,49063.0,0.1659388646288209,0.6025179856115108,0.3915574963609898,94.3267776096823,0.977729098211026,0.0080321285140562,0.0025556772544724,0.0102227090178897,2739
06037532605,1.9979457429015488,1.328046023357242,2.3032958958284184,1.3562131587969608,0.5935584961807198,0.9630407088555102,6,1.4236833376534,10,4,0.3641320811875189,27404.0,0.2882462686567164,0.7151029748283753,0.1912313432835821,91.5279878971256,0.9406240533171766,0.0242350802787034,0.0048470160557406,0.023326264768252,3301
06037532606,1.3784879434422794,1.074163808022286,0.7710714929630612,0.13829369614982956,1.4994558334626977,1.0202013683340216,6,0.9802790237290292,9,4,0.2984038861901457,36167.0,0.1557120500782472,0.5559502664298401,0.2895148669796557,93.0282400403429,0.966855845629966,0.0056753688989784,0.0020431328036322,0.0254256526674233,4405
06037532700,1.216734318353397,0.7856599736841038,-0.15911037858288019,-0.38833684039579636,2.8192769300264664,1.1888012967118218,6,0.9105042166328521,9,4,0.2812408545507755,46125.0,0.0752532561505065,0.4871323529411764,0.4327062228654124,97.4533535047907,0.9350307287093942,0.0517998244073748,0.0032191981270119,0.0099502487562189,3417
06037532800,1.1430309032173156,0.9542484263868435,0.6453947059722247,0.3669242834264816,2.4154044935957657,1.2075346220871355,6,1.1220895724476276,10,4,0.2734204793028322,40306.0,0.1448412698412698,0.5858267716535434,0.3888888888888889,97.9450327786183,0.9424836601307188,0.0516339869281045,0.0004357298474945,0.0054466230936819,4590
06037532900,0.9919167883778165,1.0012990617518975,0.8172872742749915,-0.06809996084914828,2.633799157475615,1.2243465807572846,6,1.1000914836314095,10,4,0.2573863636363636,38682.0,0.1597096188747731,0.5289795918367347,0.4125831820931639,98.3862834089763,0.9359591952394446,0.0539812978180787,0.0036837631056956,0.0063757438367809,7058
06037533001,1.55301655952816,1.0143364915020665,0.5987268519961044,0.9337069384514138,1.3029857163013823,1.2286696558438932,6,1.10524036893717,10,4,0.31692242114237,38232.0,0.1408045977011494,0.6598915989159891,0.2681992337164751,98.4997478567826,0.9373540029730304,0.0524527500530898,0.0,0.0101932469738798,4709
06037533002,1.7994302255416452,1.0191748265426848,-0.23514156514471057,1.3346906571434154,2.5209054847581656,1.245001272837755,6,1.2806768169464926,10,4,0.3430683918669131,38065.0,0.0686767169179229,0.7122905027932961,0.4003350083752093,98.9283913262733,0.9611829944547134,0.0036968576709796,0.0,0.0070240295748613,2705
06037533103,0.963211331722128,1.0850283328140935,1.7511962268449726,1.0705812999835524,2.9815042157094074,1.060069727466093,6,1.4852651890900412,10,4,0.254340542187024,35792.0,0.2404907975460122,0.6777777777777778,0.4503067484662577,94.0746343923348,0.9695400548279012,0.0042643923240938,0.0,0.0261955528480048,3283
06037533104,1.2430368392785835,1.0014728941485664,1.8109064588729904,-0.13843178493546965,2.179999842987994,0.5595537007718838,6,1.1094229918540914,10,4,0.2840317100792752,38676.0,0.2456556082148499,0.5197889182058048,0.3633491311216429,80.9379727685325,0.9691959229898076,0.012004530011325,0.0006795016987542,0.0167610419026047,4415
06037533105,1.1344496819468735,1.0898666678547118,-0.20715643363821395,0.8937964395307177,1.4949523922781416,1.0096338514556413,6,0.9025904332379785,9,4,0.2725099601593626,35625.0,0.071097372488408,0.6546762589928058,0.2890262751159196,92.7508825012607,0.994422310756972,0.0,0.0,0.0055776892430278,2510
06037533106,0.027115955750641893,0.9195398911852827,-0.13089028340575717,0.6801709892198822,1.7647344342187787,0.49951099123562936,6,0.6266969963674097,8,4,0.155015197568389,41504.0,0.0776942355889724,0.6267605633802817,0.3182957393483709,79.3620776601109,0.96797583081571,0.0,0.0,0.0042296072507552,1655
06037533107,1.9018811012146535,0.985480313655026,0.1702624026873476,1.099345423160099,2.4783858470000055,0.8030869306509304,6,1.239740336394677,10,4,0.3539390454284071,39228.0,0.1037433155080213,0.6815365551425031,0.3957219251336898,87.3298033282905,0.9882957465029976,0.0,0.0017128175849272,0.0099914359120753,3503
06037533201,0.7735664204207907,0.9666484706825598,-0.22531577586987353,1.0168519424124218,1.8987937446212113,0.9865774509937193,6,0.9028537088768048,9,4,0.2342180774748924,39878.0,0.0695266272189349,0.6707566462167689,0.3328402366863905,92.1457387796268,0.9802725968436156,0.0,0.0,0.0197274031563845,2788
06037533202,-0.2485638719102122,0.5515656795032932,-0.583086015079021,0.3524980122153544,1.6473058140353585,0.8578458817479945,6,0.4295942500854612,7,3,0.1257639112254744,54205.0,0.0385802469135802,0.583941605839416,0.3055555555555556,88.767019667171,0.9932778489116516,0.0,0.0,0.0041613316261203,3124
06037533203,0.47450401079940846,0.7705944993061308,-0.2490937786498364,-0.0035480819966999463,1.6960446057504361,0.8026065889746397,6,0.5818513073640131,8,4,0.202485758674262,46645.0,0.0674698795180722,0.5374149659863946,0.3108433734939759,87.3171961674231,0.9813568099430346,0.0005178663904712,0.0046607975142413,0.0025893319523562,1931
06037533300,0.7547125942582815,1.0256645693516577,0.22288350094730494,0.47751683419747,2.4944561242110455,1.067274852610444,6,1.0070847459293673,9,4,0.2322175732217573,37841.0,0.108294930875576,0.6002785515320335,0.3974654377880184,94.2637418053454,0.979976090854752,0.0035863717872086,0.0,0.0125523012552301,3346
06037533401,0.8856846870580446,0.4354166664623439,-0.5735063614379724,-0.3568135849425212,1.5703698215013926,1.0543056273506153,6,0.5025761426653171,8,3,0.2461144993114302,58214.0,0.0394088669950738,0.4912516823687752,0.2972085385878489,93.9233484619264,0.996076892899176,0.0,0.0,0.0039231071008238,5098
06037533402,2.0114601193116157,1.170409011644644,0.3534156218739979,1.3177266040336346,2.4154044935957657,0.9246133747523048,6,1.3655048708686603,10,4,0.365566037735849,32845.0,0.1195856873822975,0.7100737100737101,0.3888888888888889,90.5194150277357,0.9863207547169812,0.0,0.0,0.0136792452830188,4240
06037533403,0.022246556757024635,0.8119666097133335,0.6536179191288737,0.7889659654596078,0.32159371750746696,1.1623825045158702,6,0.6267955455136961,8,4,0.1544985250737463,45217.0,0.1455525606469002,0.6409774436090225,0.1617250673854447,96.7599596570852,0.9469803370786516,0.0161516853932584,0.0147471910112359,0.0221207865168539,2848
06037533501,0.913808983580529,0.9182361482102659,0.02624727553933675,0.08889424695621899,2.05632101684415,0.9880184760225924,6,0.8319210245255156,9,4,0.2490986561783022,41549.0,0.0912863070539419,0.5494949494949495,0.3499308437067773,92.183560262229,0.9973779088823336,0.0,0.0,0.0026220911176663,3051
06037533502,-0.29322446193118346,0.5681956454512863,-0.119552291810271,-0.7586972449078463,1.1209276299059692,0.5437024254543126,6,0.1768919503603779,6,3,0.1210251542477456,53631.0,0.0786749482401656,0.4387351778656126,0.2484472049689441,80.5219364599092,0.9701353243117126,0.0,0.0,0.0298646756882874,2143
06037533503,0.5206274156756658,0.5707741593352087,0.08252075925372375,0.3541571553364119,2.4350993315332117,0.7267126041208141,6,0.7816485708758393,9,4,0.207379729098552,53542.0,0.0961538461538461,0.5841584158415841,0.391025641025641,85.3252647503782,0.942550210182158,0.0513778608127043,0.0,0.0032695002335357,2141
06037533601,0.7129027375476584,0.7652056950093943,-0.42988295006455907,0.17815209617287386,1.7221250777280162,1.0153979515711224,6,0.6606501013274176,8,4,0.2277812961790162,46831.0,0.0518319928507596,0.5611587982832618,0.3136729222520107,92.9021684316692,0.9479210415791685,0.0,0.0039899202015959,0.0371692566148677,4762
06037533602,0.3595368818337793,0.7768524655862119,-0.3384129824282438,0.2210362878139229,0.6599584834102921,1.12299448706009,6,0.4669942705460088,8,3,0.190287055425167,46429.0,0.0597439544807965,0.5667627281460135,0.1984352773826458,95.7261724659607,0.9040750090155066,0.0,0.0144248106743599,0.0526505589614136,5546
06037533603,1.6352822250150643,0.8834406968103706,0.3649488385431341,0.33992132949905735,1.389836953977065,1.1734303630705418,6,0.9644767344858721,9,4,0.3256513026052104,42750.0,0.1205832865956253,0.5822981366459627,0.2776219854178351,97.0499243570348,0.9141139421700544,0.006727741196679,0.0,0.0694245634125393,6986
06037533701,0.7837076007347581,1.0545207471986981,0.8334898869132664,0.5847069430296419,1.186446606299113,0.8895484323831363,6,0.8887367027597689,9,4,0.2352941176470588,36845.0,0.1611111111111111,0.6142857142857143,0.2555555555555555,89.5990922844176,0.956971314209473,0.0046697798532354,0.0026684456304202,0.0313542361574382,2998
06037533702,1.1437524184974917,0.8699976581346409,-0.38979474381737705,1.2068762023202557,1.6343271881134462,1.0230834183917608,6,0.9147070236067031,9,4,0.2734970364098222,43214.0,0.0552995391705069,0.6955882352941176,0.304147465437788,93.1038830055471,0.9932260795935648,0.0,0.0047981936212249,0.0019757267852102,3543
06037533703,0.07689105152735967,0.43165029786785064,-0.9176263891750015,-0.5563475955894192,2.0662911754027675,1.1940850551510123,6,0.38249059919742817,7,3,0.1602966343411294,58344.0,0.0096432015429122,0.4651773981603154,0.3510125361620058,97.5920322743318,1.0,0.0,0.0,0.0,5259
06037533803,0.5306909012404185,0.8450527092126511,-0.5738978968230253,0.42151367413036545,0.8241600624397882,0.8775398904758824,6,0.48750989011268014,8,3,0.2084475253909398,44075.0,0.039375,0.5929602888086642,0.21625,89.2839132627332,0.8779253636938646,0.0101201771030993,0.0031625553447185,0.1064199873497786,6324
06037533804,0.011100882594361169,0.9721531632437421,-0.24416671391995923,0.7487664173555352,0.0748389168185087,0.7113416704795341,6,0.37900572276195366,7,3,0.1533159020679819,39688.0,0.0678960603520536,0.6357243319268636,0.134953897736798,84.9218356026223,0.9828856667458996,0.0,0.0052293796054195,0.0118849536486807,4207
06037533805,0.012977896873216078,0.6113060798251783,-0.003137458913184045,0.31992243685602834,1.1950918728223046,1.0221227350391822,6,0.5263805937504542,8,3,0.1535150645624103,52143.0,0.0887445887445887,0.5796847635726795,0.2564935064935065,93.0786686838124,0.9741750358680056,0.0163558106169297,0.0068866571018651,0.0025824964131994,3485
06037533806,1.4385039800544097,0.9193660587886138,0.31376837348918496,1.016804011853623,1.283668811568358,1.2618132315079083,6,1.0389874112103497,10,4,0.3047719483258634,41510.0,0.116156282998944,0.6707503828483921,0.26610348468849,99.3696419566314,0.948866631523458,0.0353189246178176,0.0063257775434897,0.0094886663152345,3794
06037533901,1.1504610333509293,0.7364654054267997,-0.6790197951177639,0.8761039194549771,1.3112736548424937,1.13836542070137,6,0.755608273109801,9,4,0.2742088607594937,47823.0,0.0302821748107364,0.6523642732049036,0.2690984170681349,96.1296016137166,0.95,0.0204113924050632,0.0,0.0227848101265822,6320
06037533902,0.8634592205464994,0.8638555801190058,-0.7515513002478266,1.0949727137475254,0.9187612766374212,1.1724696797179637,6,0.6936611950867647,9,4,0.2437562437562437,43426.0,0.0240083507306889,0.6809651474530831,0.2265135699373695,97.0247100353001,0.9824648061249692,0.0,0.0,0.0153124228204494,4049
06037534001,0.34993551477198154,0.7912226103775092,-0.20788979293360454,0.5767333811256957,1.1807075895931112,0.9798526675256596,6,0.6117603284100587,8,4,0.1892682926829268,45933.0,0.0710339384372533,0.6132437619961613,0.2549329123914759,91.9692385274836,0.9742439024390244,0.0,0.0081951219512195,0.0144390243902439,5125
06037534002,1.068445033545377,0.6733932175020937,-0.19185823358241036,0.9083720356555578,1.4004169527480845,0.5124802164954614,6,0.728541537060694,9,4,0.2655064703257474,50000.0,0.0724206349206349,0.6565809379727685,0.2787698412698413,79.70247100353,0.933448573898012,0.0084269662921348,0.0092912705272255,0.0481849611063094,4628
06037534101,1.707681807118478,1.1140003989255798,-0.9375391169242615,1.1865705995987728,2.408306552002468,1.1801551465386015,6,1.109862564543273,10,4,0.3333333333333333,34792.0,0.0079207920792079,0.6929347826086957,0.3881188118811881,97.226424609178,0.910941475826972,0.0190839694656488,0.0568278201865988,0.0131467345207803,2358
06037534102,1.4061087496948284,0.980960671341634,0.013984053647676485,0.4964311073210367,2.497657029342722,1.2608525481553263,6,1.109332359917204,10,4,0.3013346197137803,39384.0,0.0902255639097744,0.6027501909854851,0.3978127136021873,99.3444276348966,0.984885029747548,0.0125422093584177,0.0,0.0025727608940344,6219
06037534201,1.3113575425761907,0.8592200495411679,0.04030688840344106,0.954696347508456,2.1516432462816106,1.2642149398893563,6,1.0969065023667037,10,4,0.291280947255113,43586.0,0.0925024342745861,0.6626344086021505,0.3602726387536514,99.4326777609682,0.9614093959731544,0.0098573825503355,0.0041946308724832,0.0205536912751677,4768
06037534202,2.0638673568187937,1.1924857260215966,0.31771043939832344,0.7885771968596275,1.4108907656744405,1.2690183566522593,6,1.1737583069041735,10,4,0.3711267605633803,32083.0,0.1164972634870993,0.640926640926641,0.2799061767005473,99.558749369642,0.9323242867084204,0.0024356297842727,0.0024356297842727,0.0628044537230341,5748
06037534203,1.2849584761369581,1.1208378065278908,1.0741015953538564,1.5047508857660403,0.5932097891307121,1.223385897404703,6,1.1335407417200267,10,4,0.2884798476674072,34556.0,0.1819235225955967,0.7345132743362832,0.1911935110081112,98.3610690872415,0.9791016843418592,0.0021834061135371,0.0,0.0171553337492202,3206
06037534301,1.0095679622952225,0.646072559158962,-0.0012430553700877689,0.2712140789094813,0.19404868791871835,1.2584508397738783,6,0.5630185121143624,8,4,0.2592592592592592,50943.0,0.0889084507042253,0.5733197556008147,0.1478873239436619,99.2813918305598,0.9215277777777776,0.0173611111111111,0.0159722222222222,0.0361111111111111,4320
06037534302,1.5024701164426097,0.678231552542712,-0.6409730212039619,0.30357085369763165,1.173921256128824,1.2546081063635572,6,0.7119714773285621,9,4,0.3115591397849462,49833.0,0.0335731414868105,0.5775480059084195,0.2541966426858513,99.1805345436208,0.9653225806451612,0.0139784946236559,0.003763440860215,0.0153225806451612,3720
06037534403,0.5543687307405176,0.8380124971475598,-0.6405070690407771,-0.671262646726541,1.3998790685187,0.6657092112319815,6,0.3576999653119068,7,3,0.2109598853868194,44318.0,0.0336134453781512,0.45016077170418,0.2787114845938375,83.7241553202219,0.9416815742397138,0.0,0.0,0.0583184257602862,2795
06037534404,0.7635067400034098,0.8808042387942253,-0.3065504170830451,0.300301824576157,0.5497221817673444,0.9020373159666739,6,0.5149703140041275,8,3,0.2331506849315068,42841.0,0.0625,0.577120822622108,0.1864754098360656,89.9268784669692,0.9034539026380202,0.0032635300516725,0.002175686701115,0.0783247212401414,3677
06037534405,1.3583838232963454,0.7929029902119754,-0.055682129638101055,1.0359768763051485,1.5807691993818231,1.1873602716829526,6,0.9832851718733573,9,4,0.2962707182320442,45875.0,0.0841995841995842,0.6732558139534883,0.2983367983367983,97.4155320221886,0.9754079521948976,0.0025281544472535,0.0073546311192829,0.0071247988968053,4351
06037534406,0.8794820391436156,0.8037675150037829,-0.9425121312129711,0.7049608463757345,2.1104664410362024,1.1076235534188061,6,0.7772980439608617,9,4,0.2454563610944677,45500.0,0.0074906367041198,0.63,0.3558052434456928,95.3227433182047,0.9884623035607718,0.0017903322060871,0.0,0.009747364233141,5027
06037534501,0.24512929467159547,0.5050365413282458,0.08126467797418677,-0.5995368214348751,1.151978255545636,0.6969314201908328,6,0.34680056137927034,7,3,0.1781477229238423,55811.0,0.096045197740113,0.4595336076817558,0.2518159806295399,84.5436207766011,0.9720627631075393,0.0007654037504783,0.0,0.017412935323383,5226
06037534502,0.8200392036071736,0.7052624902247289,-0.23341673732049545,1.2429775454440335,1.2658479002995555,1.130679953880728,6,0.8218983926892873,9,4,0.2391491190373872,48900.0,0.068825910931174,0.7003058103975535,0.26417004048583,95.9278870398386,0.9686291362269016,0.0038676407391491,0.0034379028792436,0.0225612376450365,4654
06037534700,-0.5184135374596741,0.0637630023841955,-0.19185823358241036,-1.1241643150464158,0.9066392301735369,0.061919724135413155,6,-0.13368568823255914,5,2,0.097131240117461,71042.0,0.0724206349206349,0.3909774436090225,0.2251984126984127,67.8769541099344,0.970913190529876,0.0,0.0040586245772266,0.0200676437429537,4435
06037534802,0.01771648410325445,0.3364770606916176,0.15158384952140516,0.014206787480446988,1.0927494624094753,0.7089399620980829,6,0.38694560105071374,7,3,0.1540178571428571,61629.0,0.102127659574468,0.5397350993377483,0.2453900709219858,84.8587997982854,0.9757653061224488,0.0019132653061224,0.0,0.0130739795918367,3136
06037534803,0.36865381633005706,0.9795700121682827,0.07099832121195086,0.8402280488175092,0.8748565330614112,0.848719389898483,6,0.6638376869146156,8,4,0.1912544169611307,39432.0,0.0951571792693288,0.6476761619190404,0.221750212404418,88.5274836106909,0.9707997385051208,0.0,0.0183046415341032,0.0078448463717585,4589
06037534804,0.4367078674688435,0.6306594199876512,-0.08855751101929622,0.45178712995987114,1.4554981211733808,0.9692851506472787,6,0.6425633630362881,8,4,0.198475360740539,51475.0,0.0813559322033898,0.5969162995594713,0.2847457627118644,91.6918809884014,0.9850107066381156,0.0,0.0088329764453961,0.005085653104925,3736
06037534900,-0.3748937636744909,0.40299692448359054,-0.4964918624414143,-1.170699111462156,1.1789529606448654,1.0667945109341566,6,0.10110994308075853,6,3,0.1123595505617977,59333.0,0.046070460704607,0.3848964677222899,0.2547425474254742,94.2511346444781,0.9928786200348156,0.0,0.0030068048741889,0.0041145750909954,6319
06037535001,0.7990662145376789,0.9060678804434416,-0.405113660548704,0.635359913237824,2.2319854435208235,1.1753517297757023,6,0.8904529201611276,9,4,0.2369237588652482,41969.0,0.0539744847890088,0.6209048361934477,0.3689892051030422,97.1003530005043,0.9195478723404256,0.0729166666666666,0.0,0.0,4512
06037535002,0.9507220173162885,0.9642727612614178,0.06931847977164785,0.8252147497218272,1.742786014107396,1.1503739626086202,6,0.9504479974645329,9,4,0.2530153508771929,39960.0,0.0950118764845605,0.6457142857142857,0.3159144893111639,96.4447806354009,0.9731359649122808,0.0233004385964912,0.0,0.0,3648
06037535101,1.4330574371362121,0.9727036324998604,-0.011488002493863577,0.6141746972908231,2.0762143988892383,1.1897619800644041,6,1.0457373572311124,10,4,0.3041940373926225,39669.0,0.0880222841225626,0.6181364392678869,0.3520891364902507,97.4785678265255,0.8948295383067052,0.0839099257768272,0.0,0.0067933073342558,7949
06037535102,0.08592707993977987,0.4923178043053033,0.3564319832464636,-0.00989661453529641,0.792799101491485,1.1542166960189413,6,0.47863267507777946,8,3,0.1612554112554112,56250.0,0.1198465963566634,0.5365853658536586,0.2128475551294343,96.5456379223399,0.8840077905215321,0.0988963427829474,0.0012984202553559,0.0082233282839212,4621
06037535200,0.40179418476499884,0.6151303925518944,0.2066221863852349,1.1019967853315356,1.399787078816763,1.153256012666359,6,0.8130977734194641,9,4,0.1947708092007281,52011.0,0.1068883610451306,0.68188302425107,0.278701504354711,96.5204236006051,0.8813614792996236,0.1096383570610374,0.0,0.0014727540500736,6111
06037535300,1.605828842204575,0.876197680282499,-0.2923825591212023,1.6206172810455883,2.045340143779547,1.1839978799489226,6,1.1732665446899881,10,4,0.3225261216963737,43000.0,0.0637254901960784,0.7496542185338866,0.3487394957983193,97.327281896117,0.9580012262415696,0.0419987737584304,0.0,0.0,6524
06037535400,0.62277247931639,0.8412863406181578,-0.27937238605118253,-0.07354121405915487,1.7359709015591924,1.271900406709998,6,0.6865027546822334,9,4,0.2182179341657207,44205.0,0.0648508430609598,0.5282685512367491,0.3151750972762646,99.6343923348462,0.8936110329299184,0.0945679707289614,0.0016887137630171,0.0064734027582324,3553
06037535501,0.6623958934116599,0.9167875449046915,0.6192083490313713,0.9330541514898183,1.7402027044836665,1.0341312769464324,6,0.9842966533779401,9,4,0.2224222165080997,41599.0,0.1425762045231071,0.6598062953995157,0.3156342182890855,93.3938477054967,0.9663930220625964,0.0071831708568496,0.0015392508978963,0.0182144689584402,3898
06037535502,-0.13760395542846943,0.613739733378543,-0.11054276415667993,0.16134307233006082,1.6493606526644657,0.6388100773597388,6,0.4691844693579432,8,3,0.1375374251497006,52059.0,0.0794542536115569,0.5589622641509434,0.3057784911717496,83.018154311649,0.94104601737202,0.0036961744594344,0.0299390131214193,0.0232858990944372,5411
06037535503,-0.0995702136374546,0.9417035217605699,0.9306803642784697,1.4932448182657891,0.09239376443277086,0.4630050238375883,6,0.6369095464896223,8,4,0.1415730337078651,40739.0,0.1695178849144634,0.7330097087378641,0.1368584758942457,78.4039334341906,0.9852678571428573,0.0,0.0,0.0035714285714285,2240
06037535603,1.516500367270186,0.8740827194563605,-0.1441692461935792,1.344882194691124,1.1555920044508905,1.1719893380416724,6,0.9864795629527757,9,4,0.3130478337089907,43073.0,0.0765456329735034,0.7136222910216719,0.2522080471050049,97.0121028744327,0.9637318659329664,0.0315157578789394,0.0015007503751875,0.0032516258129064,3998
06037535604,0.475204378176637,0.6394379560194315,-0.48506542740226943,-0.10822206427855657,1.5328440500224347,1.1561380627241011,6,0.5350561592102964,8,3,0.2025600718616663,51172.0,0.0470588235294117,0.5237366003062787,0.2931372549019608,96.5960665658094,0.9941912421805184,0.0,0.0,0.0058087578194816,4476
06037535605,0.4880692036369311,0.7869347445930092,0.9389330964717106,-0.26769853007249556,2.0594229308761474,0.8371911896675203,6,0.8071421058621372,9,4,0.2039251071509136,46081.0,0.1702317290552584,0.5028968713789108,0.3502673796791444,88.2249117498739,0.9936936936936936,0.0,0.0,0.0063063063063063,4440
06037535606,0.021877746861424602,0.8122273583083368,1.7137358653650574,0.11026492388641145,2.9183870731157366,1.1393261040539482,6,1.1193031785984857,10,4,0.1544593921275535,45208.0,0.237250554323725,0.5522875816993464,0.4434589800443459,96.1548159354513,0.9730941704035876,0.007473841554559,0.0,0.0194319880418535,2007
06037535607,0.33255561763393277,0.7869347445930092,-0.4775785593416987,1.337592343657998,2.281045947813334,1.0177996599525705,6,0.8797249590515243,9,4,0.1874241811564901,46081.0,0.0477064220183486,0.7126696832579186,0.3743119266055046,92.965204236006,0.9896886372826528,0.0,0.0,0.0050545895673271,4946
06037535701,-0.4423432532294999,0.6009630522233775,-0.5324778647506344,0.1275433435320985,0.7198176432234482,0.38230762222086345,6,0.14263509053660892,6,3,0.1052027543993879,52500.0,0.0429577464788732,0.5545454545454546,0.2049295774647887,76.285930408472,0.9721214435745656,0.0,0.0175673095283559,0.0068741645980523,5237
06037535702,0.5377739227862729,0.5529563386766445,-0.36228651431862186,0.07605406892539644,1.4314837852406452,0.9289364498389165,6,0.527486341858209,8,3,0.2091990765405789,54157.0,0.0576789437109103,0.5478170478170478,0.2821403752605976,90.6328794755421,0.9510464703795672,0.0,0.0015963107484923,0.0420361830436324,5638
06037535802,-0.15114184950147092,0.5706872431368742,-0.0806659793607569,-0.1720570026958623,0.8015539014885245,0.18921026835227245,6,0.1929310969032635,6,3,0.1361009732360097,53545.0,0.0820385332504661,0.5153949129852744,0.2137973896830329,71.2178517397882,0.9556060606060606,0.0,0.0,0.0359090909090909,6600
06037535803,-0.07985792932015313,0.6788109938649417,-0.018428509896481968,0.12176015353101345,0.557624339107406,0.45964263210355844,6,0.28659194656504744,7,3,0.1436646255299105,49813.0,0.087421944692239,0.5537897310513448,0.1873327386262266,78.315683308119,0.9894017899199248,0.0,0.0014130946773433,0.0091851154027319,4246
06037535804,1.315660986712907,0.7968431912031375,-0.6340110866171764,1.3524549851479104,1.5906209684412511,0.6767570697866535,6,0.849721019112447,9,4,0.2917375685384761,45739.0,0.0341753343239227,0.7146118721461188,0.2994056463595839,84.0141200201715,0.9772897897897898,0.0097597597597597,0.0,0.0108858858858858,5328
06037535901,0.31658546699469187,0.6163761913946884,-0.1029559499076093,0.3539498570166814,0.24407581380713672,1.0999380865981678,6,0.4213282443172928,7,3,0.1857296522050914,51968.0,0.080110497237569,0.5841313269493844,0.1533149171270718,95.1210287443268,0.9931875224094656,0.0,0.0,0.0068124775905342,5578
06037535902,-0.6699980925841765,0.016046009498577287,-0.4063718650043203,-0.10916054855664355,0.49564454924453183,0.2401264860390154,6,-0.07228557689383598,5,2,0.0810472079097618,72689.0,0.0538656527249683,0.5236139630390144,0.1806083650190114,72.5542107917297,0.9568594812040504,0.0,0.0054099042863087,0.0262172284644194,7209
06037536000,0.13266655607403827,0.6799698765094011,0.610987050922034,-0.2751316213320243,1.2906885699537398,1.216661113936643,6,0.609306924343972,8,4,0.1662147505422993,49773.0,0.1418650793650793,0.5019255455712451,0.2668650793650793,98.1845688350983,0.978114023236963,0.0,0.0037827614158335,0.0105376925155363,3701
06037536102,-0.5645625898672609,0.424407281339979,-0.48230843882591,0.12412194809751229,-1.0089118847790757,1.1849585633015007,6,-0.05371585345554245,5,2,0.0922345483359746,58594.0,0.0472972972972973,0.5540983606557377,0.0173745173745173,97.3524962178517,0.7645007923930269,0.0038034865293185,0.0,0.2259904912836767,3155
06037536103,0.0026628385306677865,0.38561368481669867,-0.2484918553204346,0.6097920992774747,1.0341061704610242,1.2185824806418037,6,0.5003775697345391,8,3,0.1524205748865355,59933.0,0.0675219446320054,0.6175637393767706,0.2390276839972991,98.2349974785678,0.9652531290864936,0.0016813002054922,0.0014944890715486,0.0222305249392863,5353
06037536104,0.26741924418311663,0.6895016862600802,-0.2897466785701617,0.3720068384141917,0.42966100806556434,1.2733414317388672,6,0.4570305883486097,8,3,0.1805128205128205,49444.0,0.063953488372093,0.586490939044481,0.1734496124031007,99.6722138174483,0.9374358974358974,0.0151282051282051,0.0079487179487179,0.0325641025641025,3900
06037536200,0.07285278484696181,0.3996361648146581,-0.3931091091964551,0.42922151221092186,0.3663515294077104,1.064392802552705,6,0.32322428077275034,7,3,0.1598681499793984,59449.0,0.055012853470437,0.5939675174013921,0.1665809768637532,94.1880988401412,0.8747424804285125,0.0206015657189946,0.0188160966900151,0.0778739184177997,7281
06037540000,0.4693153676160569,0.403083840681925,-0.031094048202975802,-0.4526864978283356,1.2586585300485855,1.2387568310459867,6,0.4810056705602071,8,3,0.2019352124526714,59330.0,0.0863264020163831,0.4787234042553192,0.2633900441083805,98.7644982349975,0.950833450063034,0.0263342204790586,0.0068637064014567,0.0138674884437596,7139
06037540101,-0.7811890666669717,-0.23905303261306105,-0.07288161665066731,0.5561404607363717,0.14946999348693887,0.8741774987418526,6,0.08111070617241051,6,3,0.0692491773855818,81494.0,0.0827118644067796,0.6105527638190955,0.1430508474576271,89.1956631366616,0.8890701468189234,0.0759305946907904,0.0,0.025063028325671,6743
06037540102,0.09620656126216197,0.3566126466391007,-0.7034499873098908,0.24340983375469932,0.7251284407517788,0.9500714835956782,6,0.2779964964489214,7,3,0.1623461259956553,60934.0,0.028169014084507,0.5696864111498258,0.20550576184379,91.1875945537065,0.8653149891383056,0.1065894279507603,0.0,0.0123099203475742,6905
06037540201,1.3057333835142113,1.1121751587605562,0.7118812407731008,0.5098842833470878,2.1216814790768956,0.3683777136084528,6,1.0216222098467174,10,4,0.2906841901816776,34855.0,0.1505922165820643,0.6045081967213115,0.3570219966159052,75.9203227433182,0.9802860456126788,0.0077309625048318,0.0057982218786238,0.0030923850019327,2587
06037540202,1.1792857694132657,0.9716026939876239,-0.1409165648208236,0.585224238283496,1.5943720928330893,0.7968424888591581,6,0.831068453092635,9,4,0.277267338470658,39707.0,0.0768269831355402,0.6143533123028391,0.2998126171143035,87.1659102370146,0.9026138279932546,0.0300730747611017,0.017566048341765,0.0451096121416526,7116
06037540203,0.8693615064371472,0.7121288698931512,-0.3527672517136447,1.1207360723142783,1.0381791960792368,1.2041722303531017,6,0.7653017705605452,9,4,0.2443825117575335,48663.0,0.0585023400936037,0.684331797235023,0.2394695787831513,97.8567826525466,0.8844498019631479,0.0888582744962975,0.0049939727914585,0.0096435336662648,5807
06037540300,-0.2697167990306405,0.40685020927641824,-0.38793098005158466,0.9026387820517293,0.6555060400864815,1.024524443420634,6,0.3886452826255063,7,3,0.1235194585448392,59200.0,0.0554607508532423,0.655831739961759,0.1979522184300341,93.1417044881493,0.9710236886632826,0.002326565143824,0.0167089678510998,0.0099407783417935,4728
06037540400,0.8452182591398194,0.6141453423041039,0.3048471457318772,0.29741960522607963,0.7911596236957783,1.2555687897161358,6,0.6847264609689656,9,4,0.2418207681365576,52045.0,0.1153846153846153,0.5767441860465117,0.2126696832579185,99.2057488653555,0.8421052631578947,0.1559981033665244,0.0,0.0018966334755808,2109
06037540501,-0.1184548834627924,0.4594055372026547,-0.3593872434991503,0.2836441913130659,0.9929995314468629,1.1282782454992804,6,0.3977475630833202,7,3,0.1395692567567567,57386.0,0.0579297245963912,0.5749440715883669,0.2345679012345679,95.8648512355018,0.7980038730820795,0.1045732161477729,0.0096827051988678,0.0779085356770445,6713
06037540502,1.17347689194949,1.101803159092644,0.4736561764553174,1.0202447166031272,1.45536918846891,1.1835175382726313,6,1.0680112784736866,10,4,0.2766509816647736,35213.0,0.1299862448418156,0.6712,0.2847317744154057,97.3146747352496,0.8346584455622262,0.1293201362972578,0.0030829141651792,0.0319649521337011,6163
06037540600,1.2361350522597556,1.198511915772786,0.9556928859705798,1.7171896738600065,0.9761824249917219,1.1580594294292619,6,1.206961897047352,10,4,0.2832993890020366,31875.0,0.1716814159292035,0.7622739018087855,0.2327433628318584,96.6464952092789,0.7633005420598273,0.2314796225657498,0.0,0.0052198353744228,4981
06037540700,-0.03883030690466199,0.8291760169835565,0.027076401144357186,1.7616194362173156,0.3898998274957282,1.2627739148604868,6,0.705285881632797,9,4,0.1480179028132992,44623.0,0.091358024691358,0.7680798004987531,0.1691358024691358,99.3948562783661,0.7071207430340557,0.2504643962848297,0.0068111455108359,0.0343653250773993,3230
06037540800,-0.6780136518079757,0.1819110879868373,-0.18151018056643525,0.2250542940235403,-0.5906990131998756,0.883303990591364,6,-0.026658912162090858,5,2,0.0801967089086438,66964.0,0.0733157199471598,0.567287784679089,0.0627476882430647,89.4351991931417,0.442216758085871,0.5133345942878759,0.0,0.0001891431813883,5287
06037540901,0.9333559604723008,0.9621578004352793,-0.08575125182757652,1.8446172977713888,0.3198147017337598,1.2622935731841958,6,0.8727480136282247,9,4,0.2511727078891258,40033.0,0.0815986677768526,0.7789256198347108,0.1615320566194837,99.3822491174987,0.7402120717781403,0.2128874388254486,0.0073409461663947,0.030179445350734,4904
06037540902,0.7165737195825949,0.38636695853559727,-0.01840076789674936,-0.3372718975884324,-0.6359841634698123,1.0917722781012351,6,0.20050935454407223,6,3,0.2281708094327597,59907.0,0.0874243443174176,0.4938053097345132,0.0578345662407531,94.9067070095814,0.3851710218823029,0.5829615466326747,0.0,0.011472275334608,4707
06037541001,-0.4723122175472802,0.6716548935354045,-0.17391597693066727,-0.41740891818779957,-0.8155201804272817,0.9683244672947006,6,-0.03986298871048727,5,2,0.1020228671943711,50060.0,0.073972602739726,0.4833333333333333,0.0383561643835616,91.6666666666667,0.3977272727272727,0.4868881118881119,0.0786713286713286,0.0367132867132867,1144
06037541002,0.10605084249018655,0.2535879795466548,-0.8054263769655431,-0.08848476469729014,-0.8029967625120652,0.9913808677566223,6,-0.05764803573023913,5,2,0.1633906633906633,64490.0,0.0193482688391038,0.5263157894736842,0.0397148676171079,92.2718103883006,0.2887281494876431,0.5509342977697408,0.0102471368294153,0.146172393007836,3318
06037541100,1.0261432910130934,0.4017800977069081,0.5576889185893865,0.4009857018064442,0.0458451684159467,1.1205927786786383,6,0.5921726593684029,8,4,0.2610180012414649,59375.0,0.1372549019607843,0.5902777777777778,0.1318082788671024,95.6631366616238,0.5521378037526915,0.3848046754844663,0.018455859735466,0.0193786527222393,3251
06037541200,-0.5392786144314481,-0.257334406329409,0.23741734044276655,0.46345145657930176,-0.044887841042229946,1.1028201366559072,6,0.16036467864581475,6,3,0.0949173300673606,82125.0,0.1095520777118186,0.5984405458089669,0.1219643820831084,95.196671709531,0.4802933088909257,0.471280171096853,0.007485487320501,0.0100824931255728,6546
06037541300,0.1426250617482015,0.7110279313809146,-0.644530295508848,1.8978128290183511,0.03862663790239324,1.016838976599992,6,0.5270668568568341,8,3,0.1672714078374455,48701.0,0.0332654446707399,0.785876993166287,0.1310251188051595,92.9399899142713,0.6906748911465893,0.2792089985486212,0.0059869375907111,0.0076197387518142,5512
06037541400,1.15558726817827,0.7729702087272727,0.15016251363033167,1.2514389291070314,0.7765524367349587,1.0446987938248131,6,0.858568358367113,9,4,0.2747527850794843,46563.0,0.102004716981132,0.7014115092290988,0.2110849056603773,93.6712052445789,0.8471648516710477,0.0838653148078608,0.0321692326949555,0.0076354988108649,7989
06037541500,-0.02800246894063465,0.6437258218039316,0.49635438152699646,-0.23538564286838712,2.0354357373615337,1.1008987699507464,6,0.6688377664723645,8,4,0.1491668014884322,51024.0,0.1319495922905856,0.5071193866374589,0.3476649369903632,95.1462430660615,0.8275147457356926,0.1672246134226048,0.0,0.0041447473298262,6273
06037541603,1.591369021491506,1.0492478311664077,-0.05429547857898628,0.7452567305448472,1.394302895915855,1.2132987222026133,6,0.9898632871237072,9,4,0.320991847826087,37027.0,0.0843195266272189,0.6352657004830918,0.2781065088757396,98.0963187090267,0.8378555083360575,0.1265119320039228,0.0078457012095456,0.0186335403726708,3059
06037541604,0.2866861495650298,0.899722997965026,-0.07431650581173266,1.0939387974794095,0.9496910692820533,1.2113773554974527,6,0.7278499773295398,9,4,0.1825571549534293,42188.0,0.0825877494838265,0.6808300395256917,0.2298692360633172,98.0458900655572,0.8522900118303194,0.118303194186243,0.0018590501943552,0.0221395977691397,5917
06037541605,0.5373785771390149,0.6501576204806816,-0.0694338927922445,0.5669039131565212,0.23962147422552915,1.2060935970582622,6,0.5217868815446275,8,3,0.2091571279916753,50802.0,0.0830100853374709,0.6119592875318066,0.1528316524437548,97.9072112960161,0.7311134235171696,0.237044745057232,0.0262226847034339,0.0056191467221644,4805
06037541606,0.5610565760448483,0.9483670969662118,-0.31009817856939925,0.4931817734639051,1.2144384185165904,1.1431688374642692,6,0.6750190873144044,9,4,0.2116695059625213,40509.0,0.0621931260229132,0.6023255813953489,0.2585924713584288,96.2556732223903,0.8168654173764907,0.1750425894378194,0.0,0.0080919931856899,2348
06037541700,-0.61177462413408,0.04956668998956713,-0.9462961867698254,0.15459771113521373,0.613637199421591,1.1806354882148926,6,0.07339437964289315,6,3,0.0872250677915034,71532.0,0.0071633237822349,0.5580808080808081,0.1934097421203438,97.2390317700454,0.9032841217234108,0.0726122326001807,0.0049713769207592,0.0085869237722205,6638
06037541801,-0.009474917017168826,0.6527071622984923,-0.5393876955089189,0.48558857421104423,2.0939108455699773,0.8789809155047522,6,0.5937208141763631,8,4,0.1511326860841424,50714.0,0.0423600605143721,0.6013333333333334,0.3540090771558245,89.3217347453353,0.7766990291262136,0.1932038834951456,0.0001618122977346,0.01084142394822,6180
06037541802,-0.23311678409671888,0.483423380009077,0.30794038241331256,1.2786002234339893,1.5239647507088465,0.9313381582203684,6,0.7153583517814792,9,4,0.1274029400678477,56557.0,0.1156521739130434,0.7049608355091384,0.2921739130434783,90.695915279879,0.8580851865812288,0.1098756125141349,0.0201658499811534,0.0098002261590652,5306
06037542000,-0.5210036405649384,0.5145973231450364,0.2880898545512282,1.38126838133648,0.8585629397569962,0.917888591284245,6,0.5732339082515079,8,4,0.0968564146134239,55481.0,0.1139351446099912,0.7183770883054893,0.2199824715162138,90.3429147755925,0.6463466440101954,0.3243415463041631,0.0121070518266779,0.0172047578589634,4708
06037542103,-0.006957144178866742,0.4969823069492526,-0.414891876373315,0.9088362837870527,1.0509033367537037,0.6762767281103623,6,0.45185827250803157,8,3,0.1513998369122044,56089.0,0.0531286894923258,0.656641604010025,0.2408500590318772,84.0015128593041,0.8700135685210312,0.1237449118046132,0.001899592944369,0.0043419267299864,3685
06037542104,0.42773782098763347,0.19857002600094203,-0.6197283085172158,0.00021061596838917152,1.5725993324539391,1.0086731681030627,6,0.4313437758327918,7,3,0.1975235849056603,66389.0,0.0354107648725212,0.5379061371841155,0.2974504249291784,92.725668179526,0.8589116038007486,0.0912755542758422,0.0040310970342643,0.0331125827814569,3473
06037542105,0.6640228261497361,0.7277158414611309,0.34342432694726566,0.5847069430296419,0.5565355430614463,0.9827347175833981,6,0.6431900330387698,8,4,0.2225948438482498,48125.0,0.1187214611872146,0.6142857142857143,0.1872146118721461,92.0448814926878,0.8379000209161264,0.1323990796904413,0.0,0.0106672244300355,4781
06037542106,1.2004070284779726,0.63005100659931,0.6522142412073978,-0.16016315165648115,1.9745138744401136,1.2094559887922922,6,0.9177464979767676,9,4,0.27950843098028,51496.0,0.1454311454311454,0.5169491525423728,0.3410553410553411,97.9954614220877,0.8515469770082317,0.0857223956854953,0.0340618790803292,0.0119216576781152,3523
06037542200,1.0490838403040867,0.6391772074244282,-0.5156162195961319,1.5239659616151986,1.0299676198032195,1.2694986983285466,6,0.8326795179798913,9,4,0.2634521313766597,51181.0,0.0444162436548223,0.7370242214532872,0.2385786802030456,99.5713565305093,0.7144654088050314,0.2624737945492662,0.0,0.010482180293501,7155
06037542401,0.7338129935900376,0.7041615517124924,-0.641539745523453,0.8033504036589018,0.7000050440678349,1.2661363065945168,6,0.5943210923500551,8,4,0.23,48938.0,0.0335241210139002,0.6428571428571429,0.2027800490596893,99.4831064044377,0.5991552270327349,0.3461457233368532,0.0118268215417106,0.0069693769799366,4735
06037542402,-0.3448489163183155,0.14601469807470557,-0.29701795328286035,-0.7420613294251849,0.3022886891411002,1.2834286069409568,6,0.05796729918840032,6,3,0.1155474894131881,68203.0,0.0633245382585752,0.4409090909090909,0.1596306068601583,99.9369641956631,0.6533575317604355,0.3354506957047792,0.0057471264367816,0.0054446460980036,3306
06037542501,1.1867726930963003,0.41455677886207365,-0.13751949471565766,-0.5290081845506506,0.8370834708143965,0.9102031244636067,6,0.4470147313283448,8,3,0.2780617460641995,58934.0,0.0771208226221079,0.46875,0.2176520994001713,90.1412002017146,0.4293600490697199,0.4645266816601922,0.0024534859946841,0.0,4891
06037542502,1.9135180106660459,1.0195804354682454,0.3195210284925234,1.4139175973446185,1.1653037518809244,1.2147397472314825,6,1.1744300951806401,10,4,0.3551737914502597,38051.0,0.1166538756715272,0.7226435536294691,0.2532617037605525,98.1341401916288,0.6266480223731522,0.3455852976428286,0.0007990411506192,0.0065920894926088,5006
06037542601,1.5578587720736328,1.0329655300117522,-0.02158184711787865,1.2100272404293242,2.370778376319483,1.1979277885613333,6,1.2246626433796077,10,4,0.3174362089914945,37589.0,0.087149187592319,0.696,0.3840472673559822,97.6928895612708,0.8033383915022762,0.1641881638846737,0.0145675265553869,0.0139605462822458,3295
06037542602,0.02574979119066151,0.3821949810155432,-0.7687655664518608,-0.430906230511623,1.457938769180094,1.127317562146698,6,0.2989215510949188,7,3,0.1548702392989552,60051.0,0.0225193525686136,0.4815695600475624,0.2850105559465165,95.839636913767,0.7696326255476913,0.2180653859116953,0.0,0.0075834175935288,5934
06037542700,-0.3051618555987928,0.33809949639386083,-0.6079307770431158,0.38801390856591733,0.7429100701465116,0.8564048567191214,6,0.2353892831972504,7,3,0.1197585250448686,61573.0,0.0364312267657992,0.5885826771653543,0.2074349442379182,88.7291981845688,0.7829988578887257,0.1910589003100016,0.0,0.0207211616903246,6129
06037542800,1.3745549992867103,0.4627662968715871,0.1539916443395819,-0.720321212601253,-0.24631232478449702,0.8343091396097816,6,0.3098314237869852,7,3,0.2979865771812081,57270.0,0.1023359288097886,0.44375,0.100111234705228,88.1492687846697,0.5295302013422819,0.4268456375838926,0.0,0.0258389261744966,2980
06037542900,1.3578606061779546,0.5705423828063168,-0.13497900282327574,-0.4939341294080406,0.39423845212925646,0.9841757426122718,6,0.4463173419157472,8,3,0.2962152017516422,53550.0,0.0773405698778833,0.4733333333333333,0.1696065128900949,92.08270297529,0.847879532882606,0.1309157959434542,0.0039950829748002,0.009219422249539,3254
06037543000,-0.26486343639282695,0.6058013872639958,-0.12838475120671616,-0.13448575995391387,-0.17473648747894172,1.2104166721448741,6,0.1856246040627452,6,3,0.1240344294857647,52333.0,0.0779109589041096,0.5203045685279187,0.1078767123287671,98.0206757438225,0.4751710439196645,0.4952549106157581,0.0026484219819024,0.0156698300595894,4531
06037543100,-0.11611408840002542,0.45769618530207695,0.136811225300231,-1.2389000307620395,0.3297155767459939,1.161902162839583,6,0.1218518385043033,6,3,0.1398176291793313,57445.0,0.1008498583569405,0.3759842519685039,0.1626062322946175,96.7473524962179,0.456575682382134,0.4746346843121036,0.0162668872346291,0.010339123242349,7254
06037543201,0.1216755965491417,0.44726624150194183,-0.6598730775323584,0.23238036371480347,0.3637576534777314,1.1052218450373583,6,0.26840477045810307,7,3,0.1650485436893204,57805.0,0.0319383259911894,0.5682451253481894,0.1662995594713656,95.2597075138679,0.6061026352288488,0.3445214979195561,0.0102635228848821,0.0319001386962552,3605
06037543202,0.7880353487740259,0.782038465420168,-0.012542937033486547,0.3603473134950419,1.5086949028962957,1.2824679235883787,6,0.7848401695234039,9,4,0.2357533177205308,46250.0,0.0879310344827586,0.5849673202614379,0.2905172413793103,99.9117498739284,0.7814207650273224,0.1567135050741608,0.0165886026541764,0.0109289617486338,5124
06037543304,-0.8494896196241348,-0.38220401126991566,-0.9281160417667028,-3.197824925856553,-0.8801309167552259,0.06960519095605477,6,-1.028026720719413,1,1,0.0620020782819535,86435.0,0.0087358684480986,0.12,0.0313463514902363,68.0786686838124,0.0619891008174386,0.8063692098092643,0.0321866485013624,0.0785081743869209,5872
06037543305,-0.8575465820981418,0.043250779577263074,-0.7714850539868738,0.02898814726360597,-0.37314317314628914,1.032690251917563,6,-0.14954093841214544,5,2,0.0611471861471861,71750.0,0.022284122562674,0.5416666666666666,0.0863509749303621,93.3560262228946,0.5010593220338984,0.251853813559322,0.0272775423728813,0.1888241525423729,3776
06037543306,-0.6763827987842271,-0.1211946676715341,-0.5335631463755646,-0.30032116331529984,-0.15746679384994533,0.4975896245304726,6,-0.21522315757768298,5,2,0.0803697522146617,77426.0,0.0428638718794159,0.4986338797814207,0.1097503532736693,79.3116490166415,0.2884395268981304,0.1432023400737632,0.379880452753402,0.0757980414600025,7863
06037543321,-0.4503246043954097,-0.48612681241181765,-0.4355932173177038,0.10751921219041106,-1.0633428120848856,0.062400065811704375,6,-0.3775780280346168,4,2,0.1043558850787766,90022.0,0.0513380666302566,0.5519287833827893,0.0114691425450573,67.8895612708018,0.1180683070143224,0.5848329048843187,0.1615864854939405,0.0697759823723834,5446
06037543322,-1.007762146905033,-1.1920601752842968,-0.8036883188806446,-0.06143343315832041,-0.8566816176606409,0.2564581030328773,6,-0.6108612648093431,3,1,0.045208412038786,114388.0,0.0194986072423398,0.5298507462686567,0.0338904363974001,72.9828542612204,0.1045357456966955,0.7208191983917578,0.0689785148888051,0.0223646186706872,7959
06037543400,-0.979149003586301,-0.19214725757856446,-0.6655585914746558,0.33060778608212305,-0.3091719546562457,1.0288475185072419,6,-0.13109525045106699,5,2,0.0482444384883409,79875.0,0.0314465408805031,0.581081081081081,0.0932914046121593,93.2551689359556,0.5789332618600911,0.2093272581077459,0.1377646743500402,0.0412757973733583,3731
06037543501,-0.6395995262002925,0.020131070820296876,-0.11032109425414402,-1.0922671724763315,0.646518049686945,0.9596783171214803,6,-0.03597672588367431,5,2,0.084272678475577,72548.0,0.0794734275962944,0.3951456310679612,0.196977084349098,91.439737771054,0.2739707657234813,0.0612846989405927,0.5243395467346118,0.0612846989405927,7457
06037543502,0.16102162789955515,-0.2575372107921894,-0.5071131732046228,0.030200523867222426,-0.636901781509076,0.8669723735975021,6,-0.057226273356934754,5,2,0.1692233940556088,82132.0,0.0451517394522575,0.5418250950570342,0.0577350111028867,89.006555723651,0.560692271218587,0.0324798482693219,0.2840208629682313,0.1000474158368895,4218
06037543503,-0.13153084951587982,-0.0328008939653889,-0.5854621310451988,-1.2044892966741534,-0.18075748427131486,0.5850118096152572,6,-0.25833814097611313,4,2,0.1381818181818181,74375.0,0.0383747178329571,0.3804809052333804,0.1072234762979684,81.6061522945033,0.3307584269662921,0.0844452247191011,0.3987008426966292,0.1567766853932584,5696
06037543601,-0.5316141533647077,-0.18128273278675702,-0.7418820527180641,-0.36206049497819137,-0.2721457516570059,0.08113339118701424,6,-0.3346419657196187,4,2,0.0957305754441792,79500.0,0.0248447204968944,0.490566037735849,0.0973084886128364,68.3812405446293,0.4258132769108701,0.092832583972494,0.3485850304152341,0.0603015075376884,3781
06037543602,-0.9337831888522099,0.048118086683992804,-0.7372493249693709,-0.5519395406526065,-0.7618452103549057,-0.14895027175590964,6,-0.514274908316835,3,2,0.053058024046001,71582.0,0.0252454417952314,0.4657534246575342,0.0441795231416549,62.3424104891578,0.3032807731434384,0.0531536113936927,0.4034842319430315,0.1888351983723296,7864
06037543603,-0.9119650066446188,0.0748882757710063,-0.8067847866588919,-0.49319475538658897,-1.0590365715068377,-0.07017423684434153,6,-0.5443778468783788,3,1,0.0553730642890661,70658.0,0.0192307692307692,0.4734299516908212,0.0119363395225464,64.409984871407,0.2185538246919321,0.2750523134154847,0.2727272727272727,0.184375726575215,4301
06037543604,-1.0987277985557873,-0.7376622903917431,-0.7000032083358076,-1.5288465097198698,-0.4357180016289488,0.2847982619339899,6,-0.7026932577830278,2,1,0.0355564097635979,98704.0,0.0284671532846715,0.3380952380952381,0.0795620437956204,73.7266767523954,0.3138155376961347,0.0773057787983161,0.4810562571756601,0.0820895522388059,5226
06037543701,-0.8480725580563533,-0.5081166105904359,-0.6759625077987561,0.4659376557742412,0.26835052114823804,0.19689573517291406,6,-0.18349462739169198,5,2,0.0621524370297677,90781.0,0.0305466237942122,0.5987654320987654,0.1559485530546623,71.4195663136662,0.5557736342819758,0.0,0.3153418384036637,0.0382728164867517,3057
06037543702,-0.39865083452468697,-0.1642181858470915,-0.7782052678628693,0.8617260848948691,0.31328467941764415,0.4754939074211291,6,0.051571730583165803,6,3,0.109838782582492,78911.0,0.021702838063439,0.6504854368932039,0.1608235948803561,78.7317196167423,0.5540153683893325,0.0762392647280397,0.2713575410577068,0.0681030586108181,6637
06037543703,-1.1335251197061242,-0.9260966083808511,-0.825168997227648,-1.1538612197159244,-0.3763984982647381,0.04654879049413316,6,-0.7280836088001922,2,1,0.0318642048838594,105208.0,0.0176405733186328,0.3870967741935484,0.0859977949283351,67.4735249621785,0.5658753709198813,0.0252225519287833,0.2350148367952522,0.0890207715133531,3370
06037543801,-0.9797241894631357,-0.23024552451516916,-0.4510625682938451,-2.1492144010233725,-0.6133140252198801,1.0567073357320633,6,-0.5611422287972233,3,1,0.0481834078103749,81190.0,0.05,0.2570281124497992,0.0602941176470588,93.9863842662632,0.3797247528590812,0.1011823996898623,0.3570459391354914,0.122698197325063,5159
06037543802,-0.19042642893387435,-0.11867409791983478,-0.6598271597390205,-0.3193320523224737,-0.6419527440568399,0.7435245627909671,6,-0.19778132003017937,5,2,0.1319326432875019,77339.0,0.031942297784647,0.4961496149614962,0.0571870170015456,85.7665153807363,0.3706390861376968,0.0759493670886076,0.4606359987650509,0.0435319543068848,6478
06037543903,-0.8887356573714713,0.045655461064516456,-0.5238239311412412,-1.0087400957987522,0.24897232047666742,0.9793723258493683,6,-0.1912165961534854,5,2,0.0578378378378378,71667.0,0.0437062937062937,0.406060606060606,0.1538461538461538,91.9566313666162,0.4320855614973262,0.0403743315508021,0.3393048128342246,0.1299465240641711,3740
06037543905,0.4250163825728346,0.20259714319043864,-0.4809091242868036,-0.2610980230888106,0.4529352996644677,1.0336509352701417,6,0.22869876888704477,7,3,0.1972348239360553,66250.0,0.0474183350895679,0.5037593984962406,0.1759747102212855,93.3812405446293,0.7532355478861087,0.0386108714408973,0.1412855910267472,0.0284728213977566,4636
06037544001,-0.8280557131905643,-0.15552656601364556,-0.3924492482223326,1.1621499287940968,-0.0007940333664022165,1.0427774271196526,6,0.13801696585346745,6,3,0.0642763445561871,78611.0,0.05506993006993,0.6897435897435897,0.1267482517482517,93.6207766011094,0.6943594228246611,0.0629645824223874,0.1132487975513773,0.0701792741582859,4574
06037544002,0.16896178736292236,-0.2138763071621793,-0.8001810326050849,-0.14578177375891035,0.5876845333216609,0.6215177770132982,6,0.03638749736195116,6,3,0.1700658926890492,80625.0,0.0198019801980198,0.5188284518828452,0.1905940594059406,82.5642965204236,0.6058989645434578,0.0705993096956385,0.1430812676498274,0.1164104173203639,3187
06037550000,4.1975663361654725,-0.3929526477972772,0.6002875787699616,-2.785254221886559,-0.3648721585938074,,5,0.250954977331558,7,3,0.5975250441956393,86806.0,0.1409395973154362,0.1739130434782608,0.087248322147651,,0.450050454086781,0.1548940464177598,0.0716448032290615,0.3037336024217961,1982
06037550100,-0.4555317303041238,0.03962927131332727,-0.5166788964111817,-1.5318991234808368,0.23594178986291928,0.6954903951619634,6,-0.255508048976322,4,2,0.1038033777289578,71875.0,0.0443243243243243,0.337696335078534,0.1524324324324324,84.505799293999,0.750443443853186,0.0547141492700231,0.0982398690135079,0.0948287624505389,7329
06037550201,-0.3631562398270232,0.15913904402320894,-0.4578277665299815,-1.7710000198791576,0.4130874329645172,0.1767213847687311,6,-0.3071726940799509,4,2,0.1136049723756906,67750.0,0.0494148244473342,0.3064516129032258,0.1716514954486346,70.8900655572365,0.8041909996564754,0.0360700790106492,0.0597732737890759,0.0834764685675025,2911
06037550202,-0.2702257977779945,-0.25397364666047656,-0.5278439727912563,-0.4660762674287418,0.39145830560979605,0.5715622426791339,6,-0.09251652272825651,5,2,0.1234654507190459,82009.0,0.0433585684790089,0.4769736842105263,0.1693048864418444,81.2531517902168,0.7180385288966725,0.0656742556917688,0.0800350262697022,0.1063047285464098,5710
06037550300,-0.7873944407152941,-0.18638181642237867,-0.5829378484412688,0.5781036170374824,-0.020847921398146778,0.9615996838266371,6,-0.006309787685494801,6,3,0.0685907499094312,79676.0,0.0385930630190522,0.6134228187919463,0.1245725451880801,91.4901664145234,0.6818667616672605,0.0206626291414321,0.125044531528322,0.1511696948105925,8421
06037550400,-0.6112975020517558,-0.14921065560134153,-1.0291111731370455,-2.202997179993421,-0.5976402817508107,0.06336074916428627,6,-0.7544826738950147,2,1,0.0872756933115823,78393.0,0.0,0.25,0.0619946091644204,67.9147755925366,0.8034257748776509,0.0008156606851549,0.0725938009787928,0.1158238172920065,1226
06037550500,-1.0535141119634186,-0.38912833507056094,-0.8658625299207384,0.2068111541055122,-0.38025120530916623,-4.4352105998040496e-05,6,-0.41366489671072837,4,2,0.0403538536112457,86674.0,0.0141206675224646,0.5649038461538461,0.0855798031664527,66.2506303580434,0.7302789802789803,0.0102212602212602,0.098003848003848,0.1468253968253968,8316
06037550601,-0.362824007492365,-0.11731241081259491,-0.5521622952303965,-0.6691944551049712,0.1859396840098144,0.14934190922020096,6,-0.22770192923505203,5,2,0.1136402242228639,77292.0,0.041255084253341,0.4504310344827586,0.147007553747821,70.1714573877963,0.7333892617449664,0.0253355704697986,0.0667785234899328,0.161241610738255,5960
06037550602,-0.8589511639599954,-0.41305926167864876,-0.8389636057544142,0.5300460778723263,-0.3580044447731184,-0.4270681023278335,6,-0.3943334167702806,4,2,0.0609981515711645,87500.0,0.0164473684210526,0.6071428571428571,0.0879934210526315,55.0428643469491,0.7014787430683919,0.0060073937153419,0.0739371534195933,0.1975508317929759,4328
06037550700,-1.1555012668715665,-0.7996625118703242,-0.8168061763665886,-1.4607948302067468,-0.08166422426283282,0.3193828626268704,6,-0.6658410244918648,3,1,0.0295324036095159,100844.0,0.018363939899833,0.3469879518072289,0.1179744017807456,74.6343923348462,0.7518020969855832,0.0096657929226736,0.0242463958060288,0.2046199213630406,6104
06037550800,-0.8915026921306057,-0.26759051773287523,-0.6895737162719981,-0.8534246565356837,0.2776469424905523,0.3851896722786059,6,-0.3398758279836674,4,2,0.0575442388220991,82479.0,0.0293692826191622,0.4263565891472868,0.156957149735195,76.3615733736763,0.7902201810076995,0.0074294205052005,0.059165203295961,0.1322436849925705,7403
06037550901,0.06516522297848455,0.14065486584408057,0.2488149982185926,-0.4864454237228789,-0.25888454695673135,0.27999484517108636,6,-0.0017833397445610282,6,3,0.1590524534686971,68388.0,0.1105379513633014,0.4743119266055046,0.0987472365512159,73.6006051437216,0.7285679787490944,0.0301859454238106,0.0847621347500603,0.1470659261048056,4141
06037550902,0.29419074736475775,0.29081708449991495,-0.4952446272627532,-0.40565099809648847,-0.12698582792159155,-0.5442714713426031,6,-0.1645241821264606,5,2,0.1833534378769601,63205.0,0.0461783439490445,0.4848698099929627,0.1130573248407643,51.9667170953101,0.7775288643804928,0.0080992590039634,0.070480785800448,0.1297604687230742,5803
06037551000,-1.2254318622934428,-0.6742134656075878,-0.6052441851676963,-1.449956537666582,-0.7001708409120161,0.20025812690694395,6,-0.7424597941233969,2,1,0.0221123472050542,96514.0,0.0366636113657195,0.3484042553191489,0.0508707607699358,71.5078164397378,0.6646065100947672,0.0236231286911138,0.1149567367119901,0.1800576843840131,7281
06037551101,-0.41624679241947743,0.5415992887609418,-0.3047149536891742,-0.14029050933434162,0.9615885903690952,0.5119998748191708,6,0.1923225830843691,6,3,0.1079717457114026,54549.0,0.0626587637595258,0.519546027742749,0.231160033869602,79.6898638426626,0.7767406659939455,0.0554994954591321,0.1041876892028254,0.0522199798183652,3964
06037551102,-0.08970085306079834,0.4008529915913405,-0.321296554961699,-0.016193741952123433,0.5183636571624577,0.8818629655624947,6,0.22898141072361203,7,3,0.1426202321724709,59407.0,0.0612244897959183,0.5357624831309041,0.1830732292917166,89.3973777105396,0.8181315644002212,0.0469872857932559,0.0626497143910079,0.0646766169154228,5427
06037551201,-0.8549777649202208,0.3546135740774081,-0.1177502195312921,0.7080560083358277,-0.7445267142562325,-0.6283312646933576,6,-0.2138193968313112,5,2,0.0614197530864197,61003.0,0.078830823737821,0.6304044630404463,0.0460584588131089,49.7604639435199,0.7493887530562348,0.0452322738386308,0.0742665036674816,0.1311124694376528,3272
06037551202,0.01432413289978236,0.002573998756736079,-0.8889128174847778,-0.17615473823643682,-0.38232807243987244,0.23244101921837323,6,-0.1996760795476992,5,2,0.1536579082946934,73154.0,0.0121268656716417,0.5148594377510041,0.0853544776119403,72.3524962178517,0.772704081632653,0.0533163265306122,0.0377551020408163,0.1315051020408163,7840
06037551300,-0.040591305987704045,0.43799518034626617,-0.4592040979395243,0.07769513865706705,-0.2657286906913846,0.478856299155159,6,0.038170420589979874,6,3,0.1478310502283105,58125.0,0.0492957746478873,0.5480314960629922,0.0980046948356807,78.8199697428139,0.7926224995412002,0.0297302257294916,0.0486327766562672,0.1170857037988621,5449
06037551401,-0.57724342092481,0.21331680765168864,-0.5090379445908036,-0.18215087390199095,-0.04749599219232562,0.6945297118093847,6,-0.06801361869147615,5,2,0.0908890359585263,65880.0,0.0449852507374631,0.5140758873929009,0.1216814159292035,84.4805849722643,0.7915757311217809,0.0419030990833697,0.0615451767786992,0.099519860323003,4582
06037551402,-0.9337694863559053,-0.17702383906836852,-0.6587987856593703,-1.3598502778464714,-0.10331909312940354,0.12484448372941004,6,-0.5179861663883516,3,2,0.0530594779632006,79353.0,0.03203125,0.3601789709172259,0.115625,69.5284921835603,0.7256788539662177,0.0429762668377164,0.055805003207184,0.1731879409878127,4677
06037551501,-0.8945180341093583,0.04597415379174281,-0.956094507262115,0.33397993111239277,-0.24410349584356825,0.18392650991308204,6,-0.25513924039963726,4,2,0.0572242929182196,71656.0,0.0063157894736842,0.5815217391304348,0.1003508771929824,71.0791729702471,0.6623150565709313,0.0648389904264577,0.0748476936466492,0.1829852045256745,4596
06037551502,-0.966742404558565,-0.3628216990413312,-0.8120480235632728,1.09320343174081,1.0581166500405859,-0.550515913134372,6,-0.0901346597526909,5,2,0.0495608531994981,85766.0,0.0187755102040816,0.6807339449541284,0.2416326530612245,51.8028240040343,0.6917109024091466,0.0592078399346672,0.0894242547978766,0.1445487954267048,4898
06037551600,,,,,,,0,,,,,,,,,,0.3870967741935484,0.0,0.0,0.6129032258064516,31
06037551700,-0.3344517888122522,-0.028628916445334846,-0.8708359599061702,0.8072491814875262,0.3945734437999314,0.5023930412933718,6,0.07838316690284537,6,3,0.1166506871204857,74231.0,0.0136904761904761,0.6433666191155493,0.1696428571428571,79.4377206253152,0.7957521558607473,0.0317789843500479,0.0341743851804535,0.1058767167039284,6262
06037551800,-0.7711170834793549,-0.17062101245773,-0.4936556233875548,0.8274149354891662,-0.000899198146967779,0.6229588020421676,6,0.002346803343287703,6,3,0.0703178753268198,79132.0,0.0463157894736842,0.6460017969451932,0.1267368421052631,82.6021180030257,0.7051052704004404,0.0595844227329021,0.0663272326957479,0.1534333287463878,7267
06037551900,-1.0581264122615157,0.050146131311796856,-0.44942966263044637,0.1884156706391082,0.022147873383535722,0.7142237205372732,6,-0.08877044650337469,5,2,0.0398644608331672,71512.0,0.0501412429378531,0.5625,0.1292372881355932,84.9974785678265,0.6569286949836632,0.0709206227176628,0.1372285220065346,0.1289640591966173,5203
06037552001,-0.9183002707166886,-0.393300312590615,-0.5817415807940396,-1.2274274343049194,0.1168444260450013,0.34772302152798296,6,-0.44270035847221295,3,2,0.0547008547008547,86818.0,0.0386965376782077,0.3774834437086092,0.1395112016293279,75.3782148260212,0.7218242597898759,0.0642311365807067,0.1186723973256924,0.0764087870105062,4188
06037552002,-0.19990519774041648,0.13451278782844545,-0.4120222485767673,0.14947408350981012,0.6281944940957322,0.6210374353370076,6,0.15354855907563528,6,3,0.1309268889568675,68600.0,0.0533769063180827,0.55741127348643,0.1949891067538126,82.5516893595562,0.618363156350836,0.0894690525080668,0.2012320328542094,0.0777354062775007,3409
06037552100,-0.31827306500125374,0.3456032615167358,0.46584211525054126,1.1083982913640298,0.09731357920404725,0.733917729265165,6,0.40546698526654423,7,3,0.1183673469387755,61314.0,0.1293103448275862,0.6827195467422096,0.1373922413793103,85.5143721633888,0.7048611111111112,0.0397041062801932,0.1502113526570048,0.0926932367149758,6624
06037552200,0.11924567145177697,0.7291065006344822,0.06658241563013835,0.9755812766721769,1.9948012474371297,0.7872356553333597,6,0.7787587945265106,9,4,0.1647907140344706,48077.0,0.094775212636695,0.6653635652853792,0.3432563791008505,86.9137670196672,0.8102356665494196,0.0379880408019697,0.070172353148083,0.0680619064368624,5686
06037552301,-0.8095741402455958,-0.43348456828724674,-0.651301627487895,-0.7967646661171985,0.6005831036540188,0.7675416466054674,6,-0.22050004197974168,5,2,0.0662373505059797,88205.0,0.0326797385620915,0.4337606837606838,0.1919934640522876,86.3968734241049,0.6213743864346274,0.107095046854083,0.1575189647478804,0.0647032574743418,4482
06037552302,-0.4750522829656487,0.20178592533931702,-0.4989620102076427,0.9688538415329316,0.6402705648074597,0.529772516841902,6,0.22777809255805317,7,3,0.1017321297877531,66278.0,0.0458567980691874,0.6644844517184942,0.1962992759452936,80.1563287947554,0.5661066471877283,0.0762113464816167,0.2067202337472607,0.139517896274653,4107
06037552400,-0.7398060195652265,0.22748414798020553,-0.31797932183609695,1.8677988304066133,0.30504549702967787,1.0264458101257945,6,0.3948314906901613,7,3,0.0736401673640167,65391.0,0.0615114235500878,0.7819548872180451,0.1599297012302284,93.1921331316188,0.7841518778373917,0.0375567478332645,0.0916219562525794,0.0557160544779199,2423
06037552601,-0.38566431787672895,0.007557194127911751,-0.7445032013127201,0.3974852971015931,0.9122436368216347,0.502873382969663,6,0.11499866530522557,6,3,0.1112167300380228,72982.0,0.0246179966044142,0.5898203592814372,0.2258064516129032,79.4503277861826,0.870342205323194,0.0332699619771863,0.0477186311787072,0.0387832699619771,5260
06037552602,0.6588382431308243,0.4574354367070736,-0.3045815866850782,2.1790055961784733,0.2373808082301052,0.8290253811705912,6,0.676183979788665,9,4,0.2220447284345048,57454.0,0.0626702997275204,0.8226221079691517,0.1525885558583106,88.0105900151286,0.5432518115942029,0.0520833333333333,0.3061594202898551,0.0837862318840579,4416
06037552700,-0.28381674710517574,0.044206857758942134,-0.7981634344217833,1.8502449397227303,-0.11303314957919074,0.5321742252233537,6,0.20526878193314604,6,3,0.1220233693240644,71717.0,0.0199764982373678,0.7796610169491526,0.1145710928319624,80.2193645990923,0.7401378501246517,0.006745857163807,0.1290511805250036,0.1176125531602874,6819
06037552800,-0.8679018862403447,-0.13541995213227395,-0.5814521429573085,-0.15276961554234053,0.47949997485941365,0.17143762632954068,6,-0.1811009992805522,5,2,0.060048426150121,77917.0,0.0387215734480639,0.5179153094462541,0.1788567916410571,70.7513867876954,0.7381413359148112,0.0,0.1177799290093578,0.1293965795417876,6198
06037552900,-0.18118546336024102,0.3037965701178609,-0.42854119407917557,0.7875158540768289,0.07586236831999602,0.3722204470187739,6,0.15494476368234053,6,3,0.1329131652661064,62757.0,0.0519480519480519,0.6407879490150638,0.135064935064935,76.0211800302572,0.6096981553940749,0.0549189491335941,0.1637786472889882,0.1062045835662381,7156
06037553000,-1.0438755162166249,-0.40451250217576024,-0.7977066075472946,-1.835376067268734,0.7275143074467404,0.25165468626997434,6,-0.5170502832486165,3,2,0.0413765665406803,87205.0,0.0200160128102481,0.2980392156862745,0.2057646116893514,72.8567826525466,0.779256904430757,0.0164911583548579,0.0631829922511424,0.1200079475461951,5033
06037553100,-0.4412610982277881,0.12028750336770559,-0.6144771527853837,0.5491263208721758,-0.12385844073157308,0.37942557216312484,6,-0.02179288255695643,5,2,0.1053175775480059,69091.0,0.0358649789029535,0.6096361848574238,0.1133966244725738,76.2102874432678,0.4679468242245199,0.1299852289512555,0.158493353028065,0.1741506646971935,6770
06037553200,-0.7806570399576782,-0.3786983912704258,-0.7510325198347895,-0.23520603433008286,0.0809715227584709,0.08689749130249531,6,-0.329620828555335,4,2,0.0693056286165176,86314.0,0.0240532241555783,0.5071428571428571,0.1356192425793244,68.5325264750378,0.6345423595652743,0.0777792326829907,0.1170616734319759,0.1568678800576142,7637
06037553300,-0.8825508000742157,0.6748418208076681,-0.8070095858363214,-0.4645094977078647,-0.041372206447465414,0.1435778091047199,6,-0.22950374335891321,5,2,0.05849408836341,49950.0,0.019211324570273,0.4771784232365145,0.1223458038422649,70.0201714573878,0.6614810205351587,0.0588052271313005,0.1067205973864343,0.1453018046048537,3214
06037553400,-0.8046278874539203,0.07477238750656036,-0.3019284932703329,0.04615031691875985,0.09855247081369733,0.3289896961526693,6,-0.09301525155542774,5,2,0.0667621776504298,70662.0,0.0628997867803838,0.5439093484419264,0.1375266524520255,74.8865355521936,0.7982832618025751,0.034620886981402,0.0658082975679542,0.09241773962804,3495
06037553502,-0.12976218684789037,0.2052336012065839,-0.9130177294865282,-2.073246641488684,0.5972495717688151,0.6805998031969703,6,-0.27215726360845555,4,2,0.1383694839192221,66159.0,0.0100418410041841,0.2669552669552669,0.1916317991631799,84.1149773071104,0.6928184948352188,0.1337924249877029,0.0678799803246433,0.0917363502213477,4066
06037553503,-0.2672327413801322,0.5686591985090701,-0.30558828558363904,0.46008017047096333,0.38964224151057175,0.0960239831520068,6,0.1569307611131401,6,3,0.1237830319888734,53615.0,0.0625832223701731,0.598,0.1691078561917443,68.7720625315179,0.8189951823812801,0.1393668272539573,0.0068823124569855,0.0233998623537508,2906
06037553504,-0.07366052170565675,0.34745747374787095,-0.12935857235320972,-0.28986689948739763,1.1995302255104212,0.9169279079316665,6,0.32850493560728244,7,3,0.1443222077195599,61250.0,0.0778267254038179,0.5,0.2569750367107195,90.3177004538578,0.7958232332649636,0.0777549878799179,0.0397165765429796,0.0788737646839455,5363
06037553601,-0.06591478583964246,0.7216896517099417,-0.0399856169689322,0.6634035273089444,0.08257103667865183,1.0956150115115562,6,0.40956313740008654,7,3,0.1451440768409818,48333.0,0.0855572998430141,0.6245694603903559,0.1357927786499215,95.0075642965204,0.8574164715896999,0.0493722068525218,0.0480953394339221,0.0380932113215577,4699
06037553602,-0.10167021474938868,0.2078410871566177,-0.2219451212832679,0.43041936499038735,0.30569345373651335,0.81317410585302,6,0.2389187792839803,7,3,0.1413502109704641,66069.0,0.0698181818181818,0.5941240478781284,0.16,87.5945537065053,0.7276936026936027,0.1864478114478114,0.0153619528619528,0.0496632996632996,4752
06037553701,0.09786389818165757,0.6261977218064823,-0.8490737878688637,-0.6429493241382267,1.1480559121927938,1.1686269463076426,6,0.2581202277469143,7,3,0.1625219794021602,51629.0,0.0155728587319243,0.4538606403013183,0.2513904338153503,96.9238527483611,0.9309218789248932,0.0183371012308465,0.0130620447123838,0.0336598844511429,3981
06037553702,-0.17669345240497464,0.5523189532221918,-0.5518233342756883,0.593116306899998,0.987257713251032,1.1239551704126682,6,0.42135522618420457,7,3,0.1333897946220622,54179.0,0.0412844036697247,0.6153846153846154,0.2339449541284403,95.7513867876954,0.907897522760957,0.0647893288164302,0.0146093584586068,0.0078340038111369,4723
06037553801,1.2799702455475674,0.47516634116730333,-0.9113605314097278,0.5705840400703351,2.0910961622258157,1.131160295557019,6,0.7727694255263855,9,4,0.2879505664263646,56842.0,0.0101851851851851,0.6124401913875598,0.3537037037037037,95.940494200706,0.8536536132418248,0.0944691158659669,0.0078724263221639,0.0098909971740008,4954
06037553802,0.7618452308340027,0.906270684906222,-0.16618147139385986,0.8001538618368363,0.4939554652408291,1.197447446885042,6,0.6655818697181788,8,4,0.2329743888242142,41962.0,0.0746416213544241,0.6424394319131161,0.1804251112209589,97.6802824004034,0.7661677081819503,0.1132102892021508,0.02470571137916,0.0746984449934602,6881
06037553901,-0.434798229277705,-0.08324126106548684,-0.6363665991237532,-0.6780382607494894,1.256219127901348,0.670992969671172,6,0.015794624559347603,6,3,0.1060033267805837,76116.0,0.0339715873996294,0.4492753623188406,0.2631253860407659,83.862834089763,0.8474826517053005,0.045327033810719,0.0315960431123578,0.0532998671194448,6773
06037553902,0.3240240343455166,0.5615900143778675,-0.5633670080911926,0.5027443839188834,0.4240375465873019,0.6719536530237505,6,0.3201637706936879,7,3,0.1865189289012003,53859.0,0.0402858999350227,0.6035751840168244,0.1728395061728395,83.8880484114977,0.7307479224376732,0.0714681440443213,0.0374884579870729,0.1163434903047091,5415
06037554001,-0.7864581512636467,0.4090231142347797,-1.0291111731370455,0.9207014136011594,-0.2560330522967205,0.37462215540022187,6,-0.06120928224354197,5,2,0.0686900958466453,59125.0,0.0,0.6581920903954802,0.0990566037735849,76.084215834594,0.5780085197018104,0.0665601703940362,0.1285942492012779,0.2161874334398296,3756
06037554002,-0.32449236101587176,0.5267076467796378,0.2363372895773957,0.6259933411803792,0.1140023424639474,0.6580237444113399,6,0.30609533389947136,7,3,0.1177074422583404,55063.0,0.1094586555621653,0.6196808510638298,0.1392028554431885,83.5224407463439,0.5990437158469946,0.1028005464480874,0.1289275956284153,0.1530054644808743,5856
06037554101,0.704487489804113,0.7424046789796545,-0.020280107513004922,1.3988839036753264,1.4934806354808,0.5581126757430145,6,0.812848212694984,9,4,0.2268883878241262,47618.0,0.0872617853560682,0.720679012345679,0.2888665997993982,80.9001512859304,0.7908680947012401,0.0653889515219842,0.0450958286358511,0.0825817361894024,3548
06037554103,-0.4616719599612361,-0.2599708643455543,-0.7608751616088792,-0.39055796688245137,-0.1853194190998756,-0.5466731797240508,6,-0.4341780919370079,3,2,0.1031518624641833,82216.0,0.0232018561484918,0.4868421052631579,0.1067285382830626,51.9036812909733,0.6769340974212035,0.1181948424068767,0.0730659025787965,0.1196275071633237,1396
06037554104,0.5564932424704475,0.17626153509509745,0.31993034698548384,-0.510878339834664,0.5193020091811544,0.5067161163799804,6,0.2613041517129166,7,3,0.2111853088480801,67159.0,0.1166892808683853,0.4711191335740072,0.1831750339213025,79.5511850731215,0.5753935376967688,0.1673570836785418,0.1309030654515327,0.1126760563380281,2414
06037554105,0.8686356452518507,0.7857758619485498,-0.14042148979085142,0.05080824980065043,0.6948067127891645,0.800204880593188,6,0.5099683100987586,8,3,0.2443054935238946,46121.0,0.0768698060941828,0.5445180279617365,0.2022160664819944,87.2541603630862,0.4598034836980795,0.2407324698526127,0.0911121036176864,0.1741849039749888,4478
06037554201,-1.0203781713417346,-0.28931956731649006,-0.5556242613200897,0.1979432118766884,0.4588937500966163,0.21274701049048528,6,-0.1659563379190874,5,2,0.0438697760332486,83229.0,0.0409556313993174,0.5637450199203188,0.1766211604095563,71.8356026222895,0.6825068870523416,0.0286960514233241,0.1078971533516988,0.1542699724517906,4356
06037554203,-0.4706635361514477,0.7877459624441308,0.27646505384104963,0.32137220900131913,0.24142961658573092,0.4841400575943494,6,0.2734148938858554,7,3,0.1021978021978022,46053.0,0.1129296235679214,0.579874213836478,0.1530278232405892,78.958648512355,0.585254691689008,0.0273458445040214,0.0863270777479892,0.257372654155496,3730
06037554204,-0.1835027592655237,0.9666484706825598,-0.012077721168758646,0.8819935287427879,-0.07137818529220841,0.20217949361210447,6,0.2973104712184936,7,3,0.1326672862453531,39878.0,0.0879712746858168,0.6531339031339032,0.1190903650508677,71.5582450832073,0.5926269418038488,0.143055877579411,0.0922791560398794,0.1303037329005332,4313
06037554301,-0.7396184038397429,0.28589183326096224,-0.6777482956833366,0.00345801575202653,-0.5003583370492322,0.6551416943536007,6,-0.16220558220095369,5,2,0.0736600745199197,63375.0,0.030392156862745,0.5383304940374787,0.0725490196078431,83.4467977811397,0.6616176050300085,0.1531866247499285,0.0774507002000571,0.1077450700200057,3499
06037554302,-0.2174151917863508,0.5263599819862999,-0.7360693620145734,0.7141216636802132,1.189879917377007,0.8991552659089352,6,0.39600537919192186,7,3,0.1290689733667197,55075.0,0.0253475061324611,0.6311970979443773,0.2559280457890433,89.851235501765,0.5775096744821306,0.1516048258593216,0.179603915319827,0.0493967675847939,4393
06037554403,0.6362424679691242,0.6903998203095363,-0.07750751542669894,-0.00556270919548097,0.3214051745373281,0.8616886151583117,6,0.40444430889202004,7,3,0.2196471809062608,49413.0,0.0823117338003502,0.5371517027863777,0.1617046117921774,88.8678769541099,0.490766073871409,0.2419630642954856,0.0957592339261285,0.1357729138166894,5848
06037554404,-0.04014140073901649,0.48985517868582695,-0.8240977897693725,1.3975362105914162,0.0035233147550928216,0.5792477094997756,6,0.26765387050395373,7,3,0.1478787878787879,56335.0,0.0177332305319969,0.7205029013539652,0.1272166538164996,81.4548663640948,0.4783642415596766,0.1880646695197337,0.1695197337137422,0.1405135520684736,4206
06037554405,-0.2428691145369448,0.4809897264557121,-0.5305247754286248,0.08406310988423395,-0.3740428224717695,0.23676409430498555,6,-0.05760329696540123,5,2,0.1263681592039801,56641.0,0.0431266846361186,0.5488636363636363,0.0862533692722372,72.4659606656581,0.4656716417910447,0.1897180762852404,0.0875621890547263,0.2129353233830845,3015
06037554406,0.010613229089962517,0.1275884640278002,-0.008605611500284483,1.5349650603798863,-0.6342317452514823,-0.20466990620555178,6,0.13760991509005507,6,3,0.153264159100735,68839.0,0.0882716049382716,0.7384615384615385,0.0580246913580246,60.8799798285426,0.268569030633655,0.1659672681493915,0.2077213596307175,0.2897608057070919,4766
06037554511,-1.203908217432424,-0.7490483123735573,-0.8543861540408649,1.538747585494263,-0.8362777417892671,0.03598127361575235,6,-0.34481526108768296,4,2,0.0243961352657004,99097.0,0.0151133501259445,0.7389558232931727,0.0361041141897565,67.1961674230963,0.1265700483091787,0.0516908212560386,0.633816425120773,0.1297101449275362,4140
06037554512,-0.9024985588049446,-1.3597504939375806,-0.9183403865306837,-0.7560103180878506,-0.8529851474182124,-0.12493318794140558,6,-0.8190863487867796,2,1,0.0563775112910761,120176.0,0.0095814422592032,0.4390862944162436,0.0342914775592536,62.9727685325265,0.0817970565453137,0.0632068164213787,0.7155693261037955,0.1147947327652982,6455
06037554513,-0.9075873171432592,-0.7057930176691081,-0.550337663644505,0.05205425702857256,-1.0006543516761401,-0.8416029689661281,6,-0.658986843678428,3,1,0.0558375634517766,97604.0,0.0414129110840438,0.5446808510638298,0.0182704019488428,44.1628845184065,0.1040609137055837,0.0562001450326323,0.6366932559825961,0.0978970268310369,2758
06037554514,-0.9096872744210861,-0.521704509596723,-0.5887694381456888,1.4089292832025981,-0.7541550622264516,-1.19849683444962,6,-0.4273139726061619,4,2,0.0556147453654378,91250.0,0.0380886426592797,0.7219917012448133,0.0450138504155124,34.7957639939486,0.1768085106382978,0.0934042553191489,0.5697872340425532,0.1289361702127659,4700
06037554515,-1.1044582755035537,-0.9641079591191214,-0.5159883173885536,-0.7757412564413083,-0.8935423542206279,-1.7340778035130051,6,-0.9979859943643618,2,1,0.0349483717235901,106520.0,0.0443840579710144,0.4365079365079365,0.029891304347826,20.738779626828,0.1360400738201951,0.1473767466385447,0.4471394674400211,0.1658317954126021,3793
06037554516,-1.3683317825042967,-1.383420671950665,-0.9195756924604702,-0.17391960975975995,-1.1690560110194688,-0.9256627623168863,6,-0.989994421668591,2,1,0.0069498069498069,120993.0,0.0094745908699397,0.5151515151515151,0.0,41.9566313666162,0.1603603603603603,0.1446589446589446,0.5848133848133849,0.1073359073359073,3885
06037554517,-0.6627320205313922,-0.9592985961446145,-0.7175162099181823,-1.1060359819733334,-0.6849468225197511,-0.9583259963046068,6,-0.8481426045653134,2,1,0.0818181818181818,106354.0,0.0269523151347615,0.3933463796477495,0.0525224602626123,41.0993444276349,0.1019955654101995,0.0246119733924611,0.7179600886917961,0.1070953436807095,4510
06037554518,-1.0749976781366544,-0.860996375828341,-1.0291111731370455,0.19468138116478279,-0.6806531537758826,-0.947758479426226,6,-0.7331392465232277,2,1,0.038074318140216,102961.0,0.0,0.5633187772925764,0.0529882932840419,41.3767019667171,0.1380874614407548,0.0874614407548539,0.6127744510978044,0.1397205588822355,5511
06037554519,-0.8195382091756557,-1.0551671629075232,-0.12725940790450094,-1.6371417449141745,-0.9013369691809873,-0.7969311930711577,6,-0.889562447859,2,1,0.0651801029159519,109663.0,0.0780082987551867,0.323943661971831,0.0290456431535269,45.3353504790721,0.1014865637507147,0.0277301315037164,0.6506575185820469,0.1592338479130932,3498
06037554521,-0.9428202258827116,-0.24771568038039551,-0.24541942300806152,0.2970521246206447,-0.098642086587414,-0.17200667221782773,6,-0.23492532724262763,5,2,0.0520991401112797,81793.0,0.0677877036258539,0.5766961651917404,0.116132422490804,61.737266767524,0.1919650361405278,0.125903513195495,0.4150277357539082,0.1948226592704656,5949
06037554522,-0.8678611450398671,-1.1916835384248476,-0.8822806451688538,0.054677890366767436,-0.7993828497337118,-0.6355363898377085,6,-0.7203444463063704,2,1,0.0600527490363156,114375.0,0.0127005347593582,0.5450236966824644,0.0401069518716577,49.5713565305093,0.1798139158576051,0.0938511326860841,0.5072815533980582,0.1737459546925566,4944
06037554600,-0.4037646065662701,-0.09002072453557466,-0.6132488674944557,-0.25834910244446446,-0.13755658523091246,-0.15663573857654772,6,-0.2765959374747042,4,2,0.1092961806389622,76350.0,0.0359712230215827,0.5041186161449753,0.1119104716227018,62.1406959152799,0.4615384615384615,0.0225257608435178,0.3733525041936257,0.1217349628564581,4173
06037554700,-0.2971372726662348,-0.1422283876684733,-0.638217649370128,0.03439247008989444,-0.07357100902347843,0.0931419330942676,6,-0.17060331925735875,5,2,0.1206099815157116,78152.0,0.033811475409836,0.5423728813559322,0.1188524590163934,68.6964195663137,0.7694085027726433,0.0071626617375231,0.1695933456561922,0.0462107208872458,4328
06037554801,0.14210966996533686,0.6184621801547153,-0.472530673288022,0.6222757110325023,0.49181211039588185,0.22619657742660473,6,0.2713875959478365,7,3,0.1672167216721672,51896.0,0.0481430536451169,0.6191950464396285,0.1801925722145804,72.1886031265759,0.7653061224489796,0.0269679300291545,0.1020408163265306,0.07033527696793,2744
06037554802,-0.5826327540742096,-0.010173710332317966,-0.283471080894588,0.1645583452883797,0.12746436455301174,0.14117610072326814,6,-0.07384645578940933,5,2,0.0903171953255425,73594.0,0.0644963144963145,0.5593824228028503,0.1406633906633906,69.9571356530509,0.2641894010661649,0.0429601756036375,0.4951395421762308,0.1591407964879272,6378
06037554900,-0.9182136106406809,0.1496072342725299,-0.46341990188906906,0.7774584149001732,-0.5034921195619,-0.09611268736400613,6,-0.17569544504715884,5,2,0.0547100498556809,68079.0,0.0489311163895486,0.6394736842105263,0.072209026128266,63.7291981845688,0.3809586170770037,0.0657412257726558,0.3407543216343635,0.1749607124148769,7636
06037555001,-0.2825527294435158,-0.08419733924716588,-0.5971455037569366,0.23862212827669713,-0.22354323427798936,0.5134408998480439,6,-0.07256262976681112,5,2,0.1221574891937605,76149.0,0.0373641304347826,0.569060773480663,0.1025815217391304,79.7276853252648,0.4735951888742717,0.0576959218192069,0.2993798158240932,0.1526028941928209,5321
06037555002,-0.616583269907028,-0.25403159079269955,-0.8117607577080902,-0.016562573700822994,-0.7647211644827466,-0.1330989964383387,6,-0.4327930588382877,4,2,0.0867148415786548,82011.0,0.018800358102059,0.5357142857142857,0.0438675022381378,62.7584467977811,0.3773793103448276,0.1473103448275862,0.1346206896551724,0.2874482758620689,3625
06037555102,-0.005051628195371598,0.43402600728899254,-0.24771497499881934,0.14403893732840162,-0.011389454066263552,0.2708683533215754,6,0.09746287344641917,6,3,0.1516020236087689,58262.0,0.0675891431612559,0.5567010309278351,0.1255987227248536,73.3610690872415,0.5094371137464506,0.0947051945882745,0.2553866711207616,0.1032236512443627,5987
06037555103,-0.6176690798605211,-0.397530234242892,-0.8229484334124483,-0.616498898598182,0.1711655533163857,-0.09995542077432341,6,-0.3972394189286635,4,2,0.0865996306176893,86964.0,0.017832647462277,0.4573170731707317,0.1454046639231824,63.6283408976299,0.3125384773240304,0.1005540734660373,0.3541965934742458,0.1992612353786168,4873
06037555104,-0.17722557390431054,0.3223386924292122,-0.4291226909605253,1.3652755848733305,0.0018333781167671438,-0.18017248071476055,6,0.1504878183066189,6,3,0.1333333333333333,62117.0,0.0518977536793183,0.7162872154115587,0.1270333075135553,61.5229450327786,0.5489311163895487,0.071021377672209,0.1790973871733966,0.1760095011876484,4210
06037555202,-0.8726316294359814,-1.4649480659883878,-0.8796618570187666,-1.649612388111514,-1.058415758007998,-1.5467445497598917,6,-1.2453357080537566,1,1,0.0595465719748702,123807.0,0.012927054478301,0.3223140495867768,0.0120036934441366,25.6555723651034,0.1677137394154602,0.0254028953837749,0.0947828462168806,0.6208686151324775,3661
06037555211,0.9907668807195434,0.7494448910447457,-0.0018434412962530745,0.8509442968037934,1.1201353923025896,0.9164475662553757,6,0.770982597638299,9,4,0.257264351523742,47375.0,0.088856518572469,0.6490765171503958,0.2483612527312454,90.3050932929904,0.901450813871196,0.0007077140835102,0.0789101203113942,0.0169851380042462,5652
06037555212,1.0964709571712108,0.5859844940437391,-0.5298000858970721,0.4291619307698995,1.747677513025533,0.3448409714702438,6,0.6123892967639257,8,4,0.2684801892371378,53017.0,0.0431893687707641,0.5939597315436241,0.3164451827242525,75.302571860817,0.8178082191780822,0.0299412915851272,0.0671232876712328,0.0559686888454011,5110
06037570001,-0.7300307214731552,-0.4032667033329663,-0.45264193606664166,0.86960599778898,-0.6087217283893361,-1.1168387494803171,6,-0.40698230682557274,4,2,0.0746773852337634,87162.0,0.049863387978142,0.6515151515151515,0.0607923497267759,36.9389813414019,0.29575986565911,0.0736775818639798,0.2054995801847187,0.3209487825356843,4764
06037570002,-0.9624277527850248,-0.5961337474371318,-0.8357376852564052,0.8558495396857011,-0.7395814805125748,-0.9223003705828564,6,-0.5333885828147154,3,2,0.0500186636804777,93819.0,0.016726403823178,0.6497175141242938,0.046594982078853,42.0448814926878,0.3023516237402016,0.1149682717431877,0.1280328480776409,0.3971631205673759,2679
06037570003,-1.1418997172814207,-0.8186681872394593,-0.6477897546497776,-0.6748994087716287,-0.7752183072568614,-0.8353585271743593,6,-0.8156389837289179,2,1,0.0309756097560975,101500.0,0.032983508245877,0.449685534591195,0.0427286356821589,44.3267776096823,0.4071376547705754,0.0694343287205632,0.1604758436513716,0.3478999757222626,4119
06037570100,0.05425427990550524,-0.18852574931462865,-0.7224540883395922,-2.087319535125615,-0.12998352673350735,1.0495022105877123,6,-0.3374210681700209,4,2,0.1578947368421052,79750.0,0.026525198938992,0.2651162790697674,0.1127320954907161,93.7972768532526,0.4548872180451128,0.2055137844611528,0.1685463659147869,0.1538220551378446,3192
06037570202,0.13330163086867042,0.42188671158827973,-0.6770368209019088,1.6717442653199475,0.22297366554867742,1.2353944393119567,6,0.5013773152892705,8,3,0.1662821357943309,58681.0,0.0304536979490366,0.7563352826510721,0.1510254816656308,98.6762481089259,0.6543109079033311,0.1466361854996734,0.098791639451339,0.0690725016329196,6124
06037570203,0.39437088821090277,0.8490508543360361,0.3620431455727302,1.0603579905667064,0.6743808199255089,1.2454816145140464,6,0.7642808855209885,9,4,0.1939831528279181,43937.0,0.1203319502074688,0.6764418377321603,0.2,98.9409984871407,0.6746698679471789,0.2391356542617047,0.0352941176470588,0.0319327731092436,4165
06037570204,0.0018656094980367965,0.7039008031174889,1.03603743181195,-0.055237714142319136,0.29276785325242427,1.1436491791405605,6,0.5204971937796903,8,3,0.1523359840954274,48947.0,0.1786310517529215,0.5306603773584906,0.1585976627712854,96.2682803832577,0.5365389193049274,0.1751963818138538,0.1244941680552249,0.1387764817900499,4201
06037570301,0.9751086098558517,0.9816270288621982,-0.485668582331022,0.9930823323041266,0.9850264943197845,1.2589311814501658,6,0.7846845107435175,9,4,0.2556029148906916,39361.0,0.0470066518847006,0.6676505312868949,0.2337028824833703,99.2939989914271,0.684861817681837,0.1176955864155094,0.0801594940189742,0.0797470094871442,7273
06037570303,0.7204698223510817,0.3112423911085129,-0.22317802215373814,1.3049136512989226,0.8176607659204311,0.8621689568346029,6,0.6322129275599688,8,4,0.2285842093491389,62500.0,0.0697115384615384,0.7083993660855784,0.2155448717948718,88.8804841149773,0.5958398568552896,0.1807201968239767,0.0827555356743457,0.0543502572131514,4471
06037570304,0.3863749956696103,0.6327164366815667,0.5375250734845529,0.24462182633024954,1.0151412070216612,0.8064493223849603,6,0.6038048102621002,8,4,0.193134740579996,51404.0,0.1355107713690062,0.5698447893569845,0.2369701181375955,87.4180534543621,0.6625441696113075,0.1725559481743227,0.0908912446014919,0.060855908912446,5094
06037570402,-0.057904038409297115,0.08187054370387453,-0.4468166708815667,0.24842831251809935,-0.12450628519545258,1.2565294730687178,6,0.15960022246739589,6,3,0.1459940652818991,70417.0,0.0503672612801678,0.5703422053231939,0.1133263378803777,99.2309631870903,0.5270588235294118,0.3644117647058824,0.0441176470588235,0.0352941176470588,3400
06037570403,1.1680594539697073,0.7117522330337018,-0.1754094969451311,1.0354300546061603,1.3730499391270745,1.2704593816811285,6,0.8972235942454402,9,4,0.2760761589403973,48676.0,0.0738434163701067,0.6731843575418994,0.2758007117437722,99.5965708522441,0.8425082781456954,0.0473923841059602,0.0670529801324503,0.0347682119205298,4832
06037570404,0.2276614339175693,0.5349936576875228,-0.8807206328039022,0.43947895525096925,1.7671065026793578,1.1326013205858885,6,0.5368535395529009,8,3,0.1762942779291553,54777.0,0.0128354725787631,0.5953079178885631,0.3185530921820303,95.9783156833081,0.7187159956474428,0.1819912948857453,0.0089771490750816,0.0130576713819368,3676
06037570501,1.433024770015091,0.3482107474667696,-0.46380956533257345,1.3920058745838315,1.3893091019171135,1.1844782216252139,6,0.8805365250459077,9,4,0.3041905712147668,61224.0,0.0488974113135187,0.7197802197802198,0.2775647171620326,97.3398890569844,0.5632927132554091,0.1914946530713752,0.0747326535687639,0.0819447898532703,8042
06037570502,-0.1096270464735434,0.19929432765372918,-0.2558443991143433,0.968141407830556,0.48336680619272243,1.245961956190337,6,0.42188217537990963,7,3,0.1405059433099664,66364.0,0.0668859649122807,0.664391353811149,0.1792763157894736,98.9536056480081,0.5836369156041287,0.0537340619307832,0.201578627808136,0.1023072252580449,6588
06037570601,0.3771589499259212,0.687705418161168,-0.24887684602876817,-0.08148422698732107,0.7389788659157934,0.7166254289187245,6,0.36501793165091967,7,3,0.192156862745098,49506.0,0.0674886437378325,0.5272305909617613,0.2070084360804672,85.0605143721634,0.5720142602495544,0.1636363636363636,0.1224598930481283,0.0853832442067736,5610
06037570602,-0.7192683454131735,0.3263658096187088,-0.2348459145738704,-0.419630089915854,0.6351801457669184,0.7348784126177474,6,0.053780003016746125,6,3,0.0758193380075004,61978.0,0.0687022900763358,0.4830430797433547,0.1957470010905125,85.5395864851236,0.4889104743402946,0.1058766391452161,0.2999838109114456,0.072041444066699,6177
06037570603,0.6840636779105876,0.6843156864261241,0.758866218783718,-0.18428020857904961,-0.18296036697185092,0.7680219882817586,6,0.4213378326418813,7,3,0.2247212986504987,49623.0,0.1546563192904656,0.5137976346911958,0.1069844789356984,86.4094805849723,0.3424207269914927,0.4474091260634184,0.0595514307811291,0.0964810518174787,5172
06037570701,-0.9224611562728794,-0.25130821657821983,-0.19632928480362177,-0.663233464769604,-0.7571941612705914,0.27375040337931783,6,-0.4194626467192664,4,2,0.054259359739555,81917.0,0.0720338983050847,0.4512099921935987,0.0446841294298921,73.4367120524458,0.326098752034726,0.2002170374389582,0.2726532826912642,0.1743081931633206,7372
06037570702,-0.38301104871980685,-0.9200704186296619,-0.5022820649255217,-1.8702788703401998,-1.1223867241601022,-0.12445284626511463,6,-0.8204136621734012,2,1,0.1114982578397212,105000.0,0.0455696202531645,0.2934782608695652,0.0050632911392405,62.9853756933939,0.3540940766550522,0.15897212543554,0.1228222996515679,0.272212543554007,2296
06037570800,-1.0387579118793822,-0.9499406187906044,-0.5069595671408715,0.24973394886045489,-0.704727683595575,-0.8233499852671095,6,-0.6290003029688479,3,1,0.0419195751138088,106031.0,0.0451650260567458,0.5705128205128205,0.0503763752171395,44.6419566313666,0.2973584905660377,0.0626415094339622,0.1432075471698113,0.470566037735849,5300
06037570901,-0.8738431998233446,-1.2253201071802833,-0.8158567968393864,-1.7753562937626626,-1.0093395723406142,-0.900204653473513,6,-1.0999867705699675,1,1,0.0594180170761456,115536.0,0.0184460592509782,0.3058823529411765,0.0173281162660704,42.624810892587,0.275904033379694,0.0566759388038943,0.1449930458970793,0.4664464534075104,5752
06037570902,-0.9209126334370714,-0.5842552003314223,-0.6636228705739576,-1.4117024566427625,-0.7549728626374855,-1.4646061231142975,6,-0.9666786911228328,2,1,0.05442366731789,93409.0,0.0316139767054908,0.3534031413612565,0.0449251247920133,27.8113968734241,0.2763047725369801,0.068657549539492,0.1292213229137594,0.4292492324867429,3583
06037571000,-1.0974801410846011,-0.9420312447421687,-0.8939669722172753,-0.9717747222420204,-1.1690560110194688,-0.8752268863064305,6,-0.9915893296019941,2,1,0.0356887937187723,105758.0,0.0116896918172157,0.4108910891089108,0.0,43.2803832576904,0.2574626865671642,0.0175906183368869,0.0881307746979388,0.582089552238806,5628
06037571101,-1.1533638124939556,-0.8910983525181755,-0.47858869233399776,-1.2027310942466174,-1.0624627248763923,-1.0909002989606562,6,-0.979857495904966,2,1,0.0297592003634711,104000.0,0.0476190476190476,0.3807106598984771,0.0115646258503401,37.61976802824,0.3262153566560654,0.0193094048159927,0.0904134484325306,0.5313493866424353,4402
06037571102,-1.07429241427786,-1.0069866169641213,-0.8872587547706164,-0.34828309125857443,-0.9287306572919798,-0.9059687535889943,6,-0.8585867146920244,2,1,0.0381491508737386,108000.0,0.0122699386503067,0.4923664122137404,0.0260736196319018,42.4735249621785,0.2872575497176528,0.0562239135772158,0.1129388657009575,0.4490547507979376,4073
06037571200,-0.5380671703936885,-0.5950328089248953,-0.36666634919890156,-2.147176402578126,-0.9959913684250882,-1.104830207573067,6,-0.957960717848961,2,1,0.095045871559633,93781.0,0.0573000971188086,0.2572944297082228,0.018776303010683,37.2541603630862,0.2702140672782874,0.0737614678899082,0.1248929663608562,0.4782874617737003,8175
06037571300,-1.1434562831760948,-0.766779216833787,-0.6638606810657935,-1.8589090000462944,-0.7828965100316825,-0.6461039067160891,6,-0.9770009329782902,2,1,0.0308104487608841,99709.0,0.0315934065934065,0.2949640287769784,0.0418956043956043,49.2939989914271,0.3146743978590544,0.1050401427297056,0.1643621766280107,0.3867082961641391,4484
06037571400,-0.7299801203536115,-0.43519392018782443,-0.49510106428369993,0.09722560863055293,-0.9755338482028098,0.05279323228590546,6,-0.4142983520185812,4,2,0.0746827543166216,88264.0,0.0461907618476304,0.5505836575875487,0.020995800839832,67.6374180534544,0.3156482246077622,0.0959950454170107,0.1909578860445912,0.3645747316267547,4844
06037571502,-0.6248145033671901,0.46676444199497225,-0.27357722201804613,0.3081382453721729,-0.6861274891099394,-0.3454100173585308,6,-0.19250442408109356,5,2,0.085841458245019,57132.0,0.0653521126760563,0.5781448538754765,0.0523943661971831,57.1860816944024,0.3538721249208694,0.1913905887317999,0.190546528803545,0.2359147499472462,4739
06037571503,-0.4884604955945954,-0.4697575950588278,-0.8741139131633177,-0.31334089065925097,-0.8346786678669886,-0.327637375335799,6,-0.5513314896131299,3,1,0.1003094378545642,89457.0,0.0134069400630914,0.4969325153374233,0.0362776025236593,57.6525466464952,0.3550799381124291,0.1805054151624548,0.2607013924703455,0.1830840639504899,3878
06037571504,-0.6902278487039527,0.1478978823719522,-0.6291839851135436,-0.21093955159208147,-0.22722559180330146,-0.27287842423873526,6,-0.31375958651327707,4,2,0.0789007092198581,68138.0,0.0345928685470995,0.5103139013452915,0.1021820117083555,59.0897629853757,0.3920656028368794,0.1735372340425532,0.0820035460992907,0.2974290780141844,4512
06037571600,3.580796518654291,1.5592141388607925,3.2974737671231167,-0.15425260112241382,-0.3962908753256449,0.5859724929678353,6,1.412152240192996,10,4,0.5320820602357049,19425.0,0.3742405832320777,0.5177215189873418,0.0838396111786148,81.631366616238,0.3343438718059766,0.5201385881333911,0.0259852750108272,0.0576006929406669,2309
06037571701,0.03251343275001219,0.620461252716408,-0.6337552602823474,-0.019389859829649178,0.406965548806629,1.0826457862517278,6,0.24824015006879674,7,3,0.1555879023127931,51827.0,0.0341974627688913,0.5353448275862069,0.1709873138444567,94.6671709531014,0.6579157995838002,0.1291820073635345,0.0989274851928925,0.0859612614054746,6247
06037571703,-0.6049089612771644,0.8163413916961679,1.0442650432958416,0.601180080474312,1.1417310024186018,0.7228698707104935,6,0.620246404553042,8,4,0.0879535558780841,45066.0,0.1793427230046948,0.6164383561643836,0.2507042253521127,85.2244074634392,0.6674163621028957,0.1439415237559741,0.099522069159404,0.0626932808546528,3557
06037571704,0.6936933118003974,0.6607034525452626,-0.44872229054144436,0.43842701411432744,0.30121546953178835,0.603745134990567,6,0.37484368207348306,7,3,0.2257430606730533,50438.0,0.0502024291497975,0.5951704545454546,0.1595141700404858,82.0978315683308,0.6425417075564279,0.1678115799803729,0.081207065750736,0.0912659470068694,4076
06037571800,-1.07169363668881,-0.9646294563091281,-0.4293314177358301,-1.4189273929007884,-0.8710568240621986,-1.4622044147328461,6,-1.0363071904049337,1,1,0.0384248967926325,106538.0,0.0518796992481203,0.3524590163934426,0.0323308270676691,27.874432677761,0.2157045313469894,0.0986964618249534,0.1312849162011173,0.5353817504655494,3222
06037571900,-1.0594954798809237,0.1810708980696042,-0.5779023749073149,-0.3111746353084671,-1.0651328592315912,-0.2267656233148915,6,-0.5099000124289307,3,2,0.0397191945316829,66993.0,0.039028620988725,0.4972155926809865,0.0112749349522983,60.3000504286435,0.310363938666174,0.1219286901902826,0.1016072418252355,0.3942360982819139,5413
06037572001,-0.8957430858999704,-0.7933176293919086,-0.5465102971084006,0.29016495625837746,-0.7201671723153348,-0.7037449078708917,6,-0.5615530227213548,3,1,0.0570943075615972,100625.0,0.0417439703153988,0.575796178343949,0.0487012987012987,47.7811396873424,0.2692630518717475,0.0579150579150579,0.1210340775558166,0.4841363102232667,5957
06037572002,-0.6064535915971119,-0.002206392151659188,1.441580444337923,0.15712615670559874,-0.941413862036849,0.4557998986932374,6,0.0840721089918565,6,3,0.087789661319073,73319.0,0.2137096774193548,0.5584112149532711,0.0246975806451612,78.21482602118,0.1973322041075587,0.2424306584797798,0.1439762862587338,0.3565530383230997,4723
06037572100,-1.0527845280721293,-0.8795964422719154,-0.5942156710606573,3.5363936615246487,-0.9956920457268384,0.6095092351060482,6,0.10393570158319276,6,3,0.0404312668463611,103603.0,0.0376175548589341,1.0,0.018808777429467,82.2491174987393,0.320754716981132,0.1311769991015274,0.2578616352201258,0.238095238095238,1113
06037572201,-0.1674621901512976,0.41000816448257027,0.6900131665794981,-0.0482545793316427,-0.6101699650640625,0.43706657331792753,6,0.11853352830549885,6,3,0.1343692870201097,59091.0,0.1487006737247353,0.5315729047072331,0.0606352261790182,77.7231467473525,0.309549356223176,0.1756080114449213,0.2689556509298998,0.226931330472103,5592
06037572202,-0.7546091662581315,-0.5892094236364864,-0.4267570510883732,-0.5081820666322298,-0.6045666706478352,0.23196067754208635,6,-0.4418939501201616,3,2,0.0720694645441389,93580.0,0.0521023765996343,0.4714714714714714,0.0612431444241316,72.3398890569844,0.3680132816823464,0.1211953514111787,0.2811289429994466,0.1729385722191477,3614
06037572301,0.15211195822108886,0.5075571110799452,-0.3688272008343251,-0.3093554931767635,0.6686380260596363,1.248363664571785,6,0.3164146776535612,7,3,0.1682780245623203,55724.0,0.0571131879543094,0.497453310696095,0.1993769470404984,99.0166414523449,0.6433220515490757,0.0773236136422806,0.1674043217912002,0.0760218693048685,3841
06037572302,-0.4589685240904681,-0.07263748486868278,-0.7660471374000211,-0.04373317918837689,0.6412651882318863,0.8688937403026626,6,0.02812876716450004,6,3,0.1034387132556849,75750.0,0.022754491017964,0.5321637426900585,0.1964071856287425,89.0569843671205,0.5537396121883656,0.1252077562326869,0.2371191135734072,0.0216066481994459,3610
06037572400,0.19314219219139545,-0.6347535115637432,-0.8501487567769217,0.8874440423624629,0.17214416010148928,0.8660116902449235,6,0.10563996942660105,6,3,0.1726315789473684,95152.0,0.0154798761609907,0.6538461538461539,0.1455108359133126,88.9813414019163,0.4056140350877193,0.2778947368421052,0.1642105263157894,0.031578947368421,1425
06037572500,0.7806640403513918,1.2650897236969818,1.9174352866156308,-1.1080907277384284,-0.01690799167885777,1.1057021867136456,6,0.6573154196600606,8,4,0.2349711776008784,29577.0,0.2548701298701298,0.3930778739184178,0.125,95.2723146747352,0.409552566566017,0.2055997804007686,0.212736755421356,0.09387867142465,3643
06037572600,-0.2445478834498942,0.22070468451011768,-0.8961172459750931,-2.0803606235507273,0.7395145781265225,1.0499825522640036,6,-0.20180398967917845,5,2,0.1261900317341796,65625.0,0.0115036976170912,0.266025641025641,0.2070665571076417,93.80988401412,0.5140937091655777,0.0892290461078962,0.3339555721485906,0.0194138510360276,5357
06037572700,-0.08158318113861664,0.1374099944395941,-0.5091274206544066,-2.1198176025801154,0.29574386964145766,0.8573655400717032,6,-0.23666813337006398,5,2,0.1434815659445077,68500.0,0.0449775112443778,0.2608695652173913,0.1589205397301349,88.7544125063036,0.3821184510250569,0.0671981776765375,0.4639331814730448,0.024677296886864,5268
06037572800,4.452692556180791,1.7308736305713497,4.955993850460692,0.7936759142505271,-0.31259199664237824,1.1249158537652506,6,2.124259968097705,10,4,0.6245954692556634,13500.0,0.5176991150442478,0.6415929203539823,0.0929203539823008,95.7766011094302,0.3083164300202839,0.3286004056795132,0.0720081135902637,0.1896551724137931,986
06037572900,0.5829500707432504,0.7527187345153437,0.11996875454822274,0.9257446034836044,1.530362110167031,1.1743910464231204,6,0.8476892199800954,9,4,0.2139925373134328,47262.0,0.0993930197268588,0.6588511137162955,0.2928679817905918,97.0751386787695,0.6871268656716418,0.0582089552238805,0.1593283582089552,0.0350746268656716,5360
06037573002,0.780451303972172,0.8522957257405226,0.0952981377869509,0.4768668237744546,1.357316303715027,0.9678441256184094,6,0.7550120701012561,9,4,0.2349486049926578,43825.0,0.0972590627763041,0.6001936108422071,0.2740937223695844,91.6540595057993,0.7373959862946647,0.1443954968184043,0.0523739598629466,0.0570239843367596,4086
06037573003,-0.05149656466487701,0.12182302287161437,0.011748051017913125,-0.4085106378133528,0.17943877689044233,0.4106477811219755,6,0.04394173823728592,6,3,0.1466739367502726,69038.0,0.090032154340836,0.4844961240310077,0.1463022508038585,77.029752899647,0.4546934346174715,0.054259359739555,0.2078133478024959,0.2495930548019533,1843
06037573004,0.8167744512931268,0.9077482602779078,1.723168588895836,0.25297722969199715,0.0728968992546397,0.5485058422172155,6,0.7203452119384538,9,4,0.2388027091981647,41911.0,0.2380664652567976,0.5709366391184573,0.1347432024169184,80.648008068583,0.4826305440244702,0.2807515840069914,0.0736290146384094,0.0952589032117107,4577
06037573100,0.2342742783352151,0.36582576366255337,0.6766847929422233,-0.09460208349407355,0.6123199789834705,0.768502329958046,6,0.42716751006457243,7,3,0.1769959404600811,60616.0,0.1475477971737323,0.5255164034021871,0.1932668329177057,86.4220877458396,0.5599575990459785,0.1896117662647409,0.1095799655492248,0.0904995362395653,7547
06037573201,1.452033405290791,1.029083273152813,0.35680202208640804,0.9368111147648718,0.9079574138312829,1.16910728798393,6,0.9752990861850162,9,4,0.3062075016450976,37723.0,0.1198786039453717,0.6602972399150743,0.2253414264036418,96.9364599092284,0.628670872308027,0.0826626060474222,0.2271046334566021,0.0526430280617794,4597
06037573202,0.11536771571967186,0.5396291882653607,0.19715575522802292,0.9560506853261336,0.8677407232302848,1.0812047612228548,6,0.6261914714987215,8,4,0.1643792396277015,54617.0,0.1060695344725987,0.6628113879003559,0.2209781968179139,94.6293494704992,0.5983696504154257,0.1547264461514343,0.1766734597899357,0.0451481423420598,6379
06037573300,2.01140666168444,0.943499789859482,0.3024084650758102,0.7468962901914434,0.9288222837945137,0.9207706413419875,6,0.9756340219912795,9,4,0.3655603655603656,40677.0,0.1151736745886654,0.6354799513973268,0.2276051188299817,90.4185577407968,0.4045214045214045,0.1782106782106782,0.385040885040885,0.0322270322270322,4158
06037573401,-0.2055412755274709,-0.052067317929527394,0.13594803042289294,-0.42883520073480913,-0.9261224751585029,0.16567352621405962,6,-0.2184907854522263,5,2,0.1303288672350791,75040.0,0.1007751937984496,0.4818401937046004,0.0263565891472868,70.6001008572869,0.3721071863580998,0.1699147381242387,0.1814859926918392,0.256394640682095,1642
06037573402,0.22520939319438688,0.19512235013367513,-0.12245498344419112,0.4081326968623365,-0.6260390409247357,0.4980699662067601,6,0.09634006367137198,6,3,0.176034101673508,66508.0,0.0784238714613619,0.5912117177097204,0.0589135424636572,79.3242561775088,0.3640350877192982,0.0729949874686716,0.2583020050125313,0.2645676691729323,6384
06037573403,0.0954137716315237,-0.8143513493888478,-1.0291111731370455,0.8393733233900834,-0.6908058897837444,-0.3838373514617324,6,-0.3305531114582938,4,2,0.1622620062517761,101351.0,0.0,0.6475644699140402,0.0518867924528301,56.1775088250126,0.2091503267973856,0.1537368570616652,0.2608695652173913,0.3515203182722364,3519
06037573601,-0.5934353372425197,-1.3262587855127022,-0.6876921879956732,-2.678515110986248,-1.0853014980278757,-1.4281001557162563,6,-1.299883845913546,1,1,0.0891709763359974,119020.0,0.0295320308950477,0.1878612716763005,0.0090867787369377,28.7695410993444,0.2528897219618869,0.0690409247110278,0.0965323336457357,0.5338956576069979,6402
06037573700,-0.9711027307078299,-0.9905015113466855,-0.833276949533626,-1.3654516654861761,-0.824488379067137,-1.827744430389558,6,-1.1354276110885022,1,1,0.0490981963927855,107431.0,0.0169392523364485,0.3594470046082949,0.0373831775700934,18.2803832576904,0.2864843282092233,0.0203633459772409,0.0778598522659213,0.5408265122778998,5009
06037573800,-0.9395289534964153,-1.24299306750829,-1.0291111731370455,0.20576270686131312,-1.0390621444988362,-2.0189204175529927,6,-1.010642174888711,2,1,0.0524483638895335,116146.0,0.0,0.5647668393782384,0.0141034251175285,13.262733232476,0.1923880250638199,0.0132281271756788,0.0640519842190763,0.6133673706196333,4309
06037573902,-1.2157343672890966,-1.4995117408593912,-0.8400298537958129,-0.8906846735306116,-1.0398431490373448,-1.2249156266455714,6,-1.1184532351929715,1,1,0.0231413096996553,125000.0,0.0163551401869158,0.4214876033057851,0.014018691588785,34.1023701462431,0.2358444116198916,0.0413589364844904,0.104874446085672,0.5598227474150664,2031
06037574000,-1.1309315350026432,-1.87351214229257,-0.7857879611685102,-2.41116161465988,-1.0198301477481546,-1.699012861143833,6,-1.4867060436692652,1,1,0.0321393998063891,137909.0,0.0210469508904479,0.2227979274611398,0.0161899622234214,21.6591023701462,0.1866408518877057,0.0487899322362052,0.1024201355275895,0.6050338818973863,5165
06037574100,-1.0248873815268367,-1.004581935476868,-0.8107507347912412,-0.912271950745357,-1.0771743221738386,-1.7571342039749231,6,-1.097800088114844,1,1,0.0433913217356528,107917.0,0.0188877229800629,0.4186666666666667,0.0099685204616998,20.1336359051942,0.213203031511767,0.0259274032708416,0.1037096130833665,0.6154766653370563,5014
06037574201,-1.3335047791446344,-1.0113324268808443,-0.6290046706954866,-0.3831903278047647,-0.9927710681695401,-0.6609944986810782,6,-0.8351329618960581,2,1,0.0106451612903225,108150.0,0.0346083788706739,0.4878048780487805,0.0191256830601092,48.9031770045386,0.2767741935483871,0.0406451612903225,0.1109677419354838,0.5287096774193548,3100
06037574202,-0.4313232287287261,-0.12003578502707464,-0.4016500009870327,-0.19699649752108586,-1.0189797425571914,-0.7219978915699145,6,-0.48183052439850416,3,2,0.106372045220966,77386.0,0.0542740841248303,0.5121359223300971,0.0162822252374491,47.3020675743822,0.3936028431808085,0.0568636161705908,0.0541981341625944,0.4593513993780542,2251
06037574300,-1.118325613109037,-0.9038460616072295,-0.8646153496156372,-1.9148946504417523,-1.037908882094971,-1.6601051853643403,6,-1.2499492903721612,1,1,0.0334769638713954,104440.0,0.0142285460204535,0.2876480541455161,0.0142285460204535,22.6802824004034,0.1437541308658294,0.0071050892267019,0.0826173165895571,0.7316589557171183,6052
06037574400,-1.094471370055472,-1.4201862238461413,-0.6858948140113953,-0.9703388943029512,-0.9674301076348618,-0.8622576610466023,6,-1.0000965118162373,2,1,0.0360080424054103,122262.0,0.0296875,0.4110787172011662,0.021875,43.6207766011094,0.2323712093533065,0.0447570332480818,0.0769090244793569,0.6026671538180489,5474
06037574500,-1.1509948975242374,-0.7779914064189323,-0.5395419974427602,-0.19729607946291272,-1.0877398737920771,-1.9521529245486786,6,-0.9509528631982663,2,1,0.0300105564771527,100096.0,0.0423467137185708,0.5120967741935484,0.0088222320247022,15.0151285930408,0.1679987935454682,0.052028351681496,0.0903332830643945,0.6463580153822953,6631
06037574601,,,,,,,0,,,,,,,,,,0.2231985940246045,0.0347100175746924,0.1528998242530755,0.5333919156414763,2276
06037574602,-0.6089097585072576,-0.6213104728880134,-0.7481903558300702,-2.6585043896377125,-1.1690560110194688,-1.980493083449787,6,-1.2977440118887182,1,1,0.0875290472501936,94688.0,0.0242990654205607,0.1904761904761904,0.0,14.2713061018659,0.1928737412858249,0.0147172734314484,0.1417505809450038,0.6026336173508908,1291
06037574700,,,,,,,0,,,,,,,,,,0.112781954887218,0.112781954887218,0.0300751879699248,0.7443609022556391,133
06037574800,-0.41755286290552107,0.07584435395268535,0.06052590283743607,0.25532566749618435,-0.8240277271527617,-0.6206457978727157,6,-0.24508841060744876,4,2,0.1078331637843336,70625.0,0.0942513368983957,0.5712435233160622,0.0374331550802139,49.9621785173979,0.1344140493076663,0.1205673758865248,0.0847686592367443,0.6231003039513677,2961
06037574901,-0.6384678994020881,-1.396052492775273,-0.8928994253094872,-0.582238968933501,-1.0197349127838669,-1.914686273798055,6,-1.074013328833712,1,1,0.0843927508790911,121429.0,0.0117820324005891,0.4617940199335548,0.01620029455081,15.9984871406959,0.2071950229916148,0.0094671355152826,0.104949959426562,0.6256424127671084,3697
06037574902,2.8022588499921266,0.6412921682505667,-0.019871303461172725,-0.9123721239998769,-0.3644221396500887,-0.7051859328997614,6,0.24028325303863227,7,3,0.4494745351657235,51108.0,0.0872971460548405,0.4186535764375876,0.0872971460548405,47.7433182047403,0.1715624436835466,0.127049918904307,0.2467111191205622,0.4020544242205803,5549
06037575001,-0.5240866935502247,-0.29664950004269613,-0.49059891154963103,-1.6415350324536098,-1.0657974621163013,-0.9828234217953981,6,-0.8335818369179769,2,1,0.096529284164859,83482.0,0.0465801886792452,0.3233695652173913,0.0112028301886792,40.4563792233989,0.2068872017353579,0.1496746203904555,0.2296637744034707,0.3787960954446854,3688
06037575002,-0.48172997057154326,-0.06968233412531116,-0.23777190661373462,-0.39899376040752743,-0.7895248987660919,-0.44051766926395697,6,-0.4030367566246942,4,2,0.1010235870048954,75648.0,0.0684491978609625,0.4857397504456328,0.0411764705882352,54.6898638426626,0.3252116456741689,0.0883749741895519,0.1596118108610365,0.3890150733016725,4843
06037575101,0.8924380063073613,0.782038465420168,0.3902399965053797,0.6286999709455463,-0.005844841973255287,0.592697276435895,6,0.5467114789401825,8,3,0.2468310670661442,46250.0,0.1227709190672153,0.6200345423143351,0.1262002743484225,81.8078668683812,0.5607282784051625,0.1488822309287854,0.1401244526388568,0.1355150956441576,4339
06037575102,0.7858568986221542,1.0630385346354752,0.5178439213760316,0.6649430753706544,1.4946591247482144,0.35444780499604267,6,0.8134648932914289,9,4,0.2355221710685728,36551.0,0.1338083927157561,0.6247706422018349,0.2889944576405384,75.5547150781644,0.6111780293905084,0.0905805829920501,0.1789930137316309,0.0874488075162611,4151
06037575103,-0.18738317114005243,0.5594460814856175,0.014154577634399533,0.12486763684607571,-0.5497552610453103,0.2540563946514261,6,0.03589770973869269,6,3,0.1322555512271133,53933.0,0.0902403138793526,0.5541958041958042,0.0671897989210397,72.9198184568835,0.4633533165731966,0.1456198027460839,0.1444594855927286,0.1792690001933861,5171
06037575201,0.19956930420001823,0.7878328786424652,1.6030329164949035,0.06164806229512444,1.5301033070174253,0.616714360250399,6,0.7998168048167226,9,4,0.173313534153585,46050.0,0.2276749798873692,0.545934530095037,0.2928399034593725,82.4382249117499,0.5509220452640402,0.1209136630343671,0.2803855825649622,0.0308046940486169,4772
06037575202,1.6294261713394882,1.0283010273678028,0.8415962859024373,0.9408017020077052,1.4335307770056003,0.7588954964322472,6,1.1054252433425469,10,4,0.3250299401197605,37750.0,0.1618122977346278,0.6608187134502924,0.2823624595469255,86.1699445284922,0.6641916167664671,0.0795209580838323,0.2304191616766467,0.0177245508982035,4175
06037575300,1.3078529687197047,1.0219561448893875,1.7858881582586315,-0.2194449259718389,1.286977745369705,1.1129073118579966,6,1.049356233853931,10,4,0.2909090909090909,37969.0,0.2434915773353752,0.50920245398773,0.2664624808575804,95.4614220877458,0.603440366972477,0.1029816513761467,0.1965596330275229,0.0763761467889908,4360
06037575401,1.414482777282369,1.1817950336264582,1.1272903601317543,0.7370098664594249,1.9816001996342318,1.2488440062480761,6,1.281837040563719,10,4,0.3022231543624161,32452.0,0.1865242399342646,0.6341880341880342,0.3418241577649959,99.0292486132123,0.8051378446115288,0.0941938178780284,0.0244360902255639,0.0664160401002506,4788
06037575402,0.9664776628886746,0.7835160407918538,0.7477015252687469,0.27039145734637543,2.4190288217096327,1.1988884719139115,6,1.0643339966531993,10,4,0.2546871195519844,46199.0,0.153690596562184,0.5732122587968218,0.3892821031344792,97.7181038830055,0.8270767740372972,0.0632114313393073,0.0462581738919835,0.0484378784209251,4129
06037575500,5.355889641356133,1.7085361675993938,5.738287127466275,2.789806234985714,-1.1690560110194688,,5,2.8846926320776096,10,4,0.7204301075268817,14271.0,0.5853658536585366,0.902439024390244,0.0,,0.8709677419354839,0.0,0.0,0.1290322580645161,93
06037575801,1.166906841252727,1.0624011491810226,1.3295929040967025,-0.22560908853910336,1.2146985117542088,1.2262679474624452,6,0.9623763775346671,9,4,0.2759538598047915,36573.0,0.2040229885057471,0.5083969465648855,0.2586206896551724,98.4367120524458,0.7448979591836735,0.1078083407275953,0.0266193433895297,0.1197870452528837,2254
06037575802,1.6378952356393448,0.9795700121682827,1.6044966774651646,0.4606384411102854,1.6079523197365906,1.2080149637634228,6,1.2497612749805151,10,4,0.3259285587346721,39432.0,0.2278015921616656,0.5980729525120441,0.3012859767299449,97.9576399394856,0.7243997175141242,0.0813912429378531,0.0513771186440678,0.1061087570621469,5664
06037575803,1.4790489824357307,1.332942302530083,3.3387657944135913,0.11039794643407559,0.2324708270923061,1.047100502206265,6,1.2567877258520086,10,4,0.3090740167234438,27235.0,0.3778122575640031,0.5523049645390071,0.152055857253685,93.7342410489158,0.611644471972747,0.0805202849179312,0.1049860637968411,0.1678538247135336,3229
06037575901,0.7014783172958236,0.5343562722330701,0.8447366920565406,-0.20959569890672505,0.658374132536695,0.8933911657934536,6,0.5704568135014763,8,4,0.2265690965381367,54799.0,0.1620839363241678,0.5104895104895105,0.1982633863965267,89.6999495713565,0.505769772023642,0.1987053194483535,0.075147762454264,0.1840698001688713,3553
06037575902,0.5076423547925782,0.8224544976456916,2.271799378425472,-0.6800012006294496,-0.20699301843875723,0.7483279795538669,6,0.5772049985582336,8,4,0.206001936108422,44855.0,0.2855218855218855,0.4490188534051558,0.1043771043771043,85.89258698941,0.3500384024577573,0.1539938556067588,0.0685483870967741,0.379800307219662,5208
06037576001,-0.7746683849161176,-0.20915386038600703,-0.1757843259627111,-0.3512894014111037,-0.514345586193427,0.4586819487509798,6,-0.2610932683530644,4,2,0.0699410609037328,80462.0,0.0738109944410129,0.4919735599622285,0.0710315009264978,78.2904689863843,0.1273676072671047,0.1372245844607653,0.1876691148047932,0.5092771550057982,5174
06037576200,1.9083043057247102,1.0827685116573975,3.0265524253596015,0.7396405845304623,0.09149303164619937,0.8698544236552446,6,1.2864355470956024,10,4,0.3546205860255447,35870.0,0.3508064516129032,0.6345318056104307,0.136760752688172,89.0821986888553,0.3506761833208114,0.2017280240420736,0.0569120961682945,0.2978963185574755,5324
06037576301,1.0005768475388335,0.9914195872078807,0.30558049280107386,0.4224811855524437,-0.4495177207660694,0.744965587819837,6,0.5025843300256665,8,3,0.2583052479537795,39023.0,0.1154480483782297,0.593086719223772,0.0780648708081363,85.8043368633384,0.4410564225690276,0.2165666266506602,0.1394957983193277,0.1327731092436974,4165
06037576302,0.7356090437524961,0.8842808867276037,0.5860246345130721,0.4849851496064396,0.7737818255156792,0.9582372920926072,6,0.7371531387013164,9,4,0.2301905717151454,42721.0,0.1397058823529411,0.6012544802867383,0.2107843137254902,91.4019162884518,0.5481972038263428,0.1145450085847436,0.2060338484179543,0.1120922246750061,4077
06037576401,1.6369805742778838,0.7579047343492997,1.080555267896532,-0.027703339799668224,1.5744205378726912,0.5268904667841633,6,0.9248413735634836,9,4,0.3258315076677953,47083.0,0.1824817518248175,0.5342584562012143,0.2976480129764801,80.0806858295512,0.6660027882891855,0.1135232025492929,0.0946026687910774,0.0601473809998008,5021
06037576402,1.304353802350494,0.8066647216149314,0.840541584367667,0.46809709736070304,1.456610691810173,0.29728714551753066,6,0.8622591738369164,9,4,0.2905378083299636,45400.0,0.1617210682492581,0.599047619047619,0.28486646884273,74.0544629349471,0.6729810568295115,0.1262213359920239,0.0903290129611166,0.0945164506480558,5015
06037576403,0.8746309769193661,0.9943747379512523,-0.009497661816401081,0.7564982335240598,1.0840334490243924,0.2838375785814074,6,0.6639795523640128,8,4,0.2449416342412451,38921.0,0.0881944444444444,0.636734693877551,0.2444444444444444,73.7014624306606,0.596692607003891,0.1717898832684825,0.1101167315175097,0.1140077821011673,5140
06037576501,1.053734348396286,1.0575048700081813,1.4707771249252197,1.0576549634817034,-0.18219164735753246,0.30641363736703836,6,0.7939822161368161,9,4,0.2639455782312925,36742.0,0.2162351294611616,0.6760886172650878,0.1070678796361091,74.2939989914271,0.4306764902880107,0.1205626255860683,0.080040187541862,0.2769591426657736,2986
06037576502,0.0978085000834854,0.552811478346087,0.8809624776491811,-0.4407753948962699,-0.16483083201363757,-0.1393434382301072,6,0.13110546515645652,6,3,0.1625161013310433,54162.0,0.1652173913043478,0.4802798982188295,0.1089514066496163,62.5945537065053,0.4849720910261915,0.1131386861313868,0.0513095749248604,0.3211678832116788,4658
06037576503,-0.3491820367344595,0.45091672183198916,0.45539520198438044,-0.14031372061440703,-0.29951033604542304,-0.5264988293198717,6,-0.06819883314963195,5,2,0.1150877192982456,57679.0,0.1284067085953878,0.5195429945880938,0.0943396226415094,52.4331820474029,0.3980756321324681,0.1640187961512642,0.0532557619154173,0.3275900648914746,4469
06037576601,-0.18908033730696933,0.5062823401710398,0.2434662502180099,0.24715212661955624,-0.9211934037751647,-0.029345194359691955,6,-0.023786369738870012,5,2,0.1320754716981132,55768.0,0.110075295804948,0.5701754385964912,0.0268913589100035,65.4815935451336,0.3065455392499417,0.1036571162357326,0.0242254833449802,0.5383181924062427,4293
06037576602,0.2675827035491172,0.31387884912465813,0.24152198301983385,-0.6654279458063642,-0.7124772293612708,-0.8862747448611022,6,-0.24019939738918802,4,2,0.1805301645338208,62409.0,0.109907120743034,0.4509232264334305,0.0495356037151702,42.9904185577408,0.2527696133845806,0.0694099027809179,0.0639837214560253,0.5620619489034592,4423
06037576700,-0.46358459413868347,0.00584784222733405,-0.25493893450775956,-0.7581935460059416,-1.0959037558232398,-1.8464777557648715,6,-0.7355417906688603,2,1,0.1029489204844655,73041.0,0.0669642857142857,0.4388009991673605,0.0079365079365079,17.7887039838628,0.154002541296061,0.0886912325285895,0.0975857687420584,0.6241423125794155,3935
06037576801,0.500179904964123,0.6739147146921005,0.32146967930033776,-0.16823742470026012,-0.3315652389131056,-1.0452678397131037,6,-0.00825103406165136,6,3,0.2052101253379208,49982.0,0.116822429906542,0.5158940397350993,0.0908618899273105,38.8174483106404,0.3923832923832924,0.1248157248157248,0.1113022113022113,0.3712530712530713,4070
06037576802,-0.430104201377728,0.3187751282974994,-0.39222656129511474,-0.2950726961690466,-0.7725139854751668,-1.1442182250288473,6,-0.452560090174734,3,2,0.106501391348343,62240.0,0.0550891920251836,0.4993197278911565,0.04302203567681,36.2203731719617,0.1908396946564885,0.2686530411228761,0.1036690470327505,0.4053188869736518,4061
06037576901,1.8773977221233438,1.2120998147790731,0.5470889662663841,0.8274106728849976,0.48744074692827144,0.5225673916975515,6,0.9123342191132703,9,4,0.3513412117801538,31406.0,0.136338028169014,0.6460012399256044,0.1797183098591549,79.9672213817448,0.5641217099122643,0.1239499719992533,0.1874183311554974,0.1151764047041254,5357
06037576903,1.2792153927531629,0.92319037151533,1.0823238505417094,0.9077698142284804,0.36254195481056506,0.2771127951133477,6,0.8053590298270992,9,4,0.2878704720087816,41378.0,0.1826347305389221,0.6565022421524663,0.1661676646706587,73.5249621785174,0.5441822173435785,0.1234906695938529,0.152854006586169,0.1679473106476399,3644
06037576904,0.446857394378045,0.6046425046195363,-0.47512900667302016,0.585052533325684,-0.821510968264721,-0.6792474823801006,6,-0.056555837499096116,5,2,0.1995522865366165,52373.0,0.0479183032207384,0.6143308746048473,0.03770620581304,48.4241048915784,0.4140006335128286,0.1377890402280646,0.1054798859676908,0.2971175166297117,3157
06037577000,-0.058129828872512876,0.0682536726314759,-0.6637291154576985,-0.9572016672596699,-0.8918899947067845,0.2353230692761162,6,-0.3778956440648456,4,2,0.1459701075569213,70887.0,0.0316047867444001,0.4127954360228199,0.0300705737956428,72.428139183056,0.242178924259056,0.118688254665203,0.178238199780461,0.4163007683863886,7288
06037577100,-0.7148286717059514,-0.17360513526721313,-0.5812536955107827,-0.6364909415571981,-0.9476221574525048,-1.4660471481431667,6,-0.7533079582728028,2,1,0.0762904140669313,79235.0,0.0387387387387387,0.4547045951859956,0.024024024024024,27.773575390822,0.2649965205288796,0.0663883089770354,0.0828114126652748,0.5404314544189284,7185
06037577200,-0.5232861458533757,-0.41908545142983794,-0.5885197955872681,-1.3919079616650392,-1.0093882540084873,-1.8892281649546818,6,-0.9702359622497817,2,1,0.0966142270861833,87708.0,0.0381102362204724,0.3559898045879354,0.0173228346456692,16.6666666666667,0.2265731874145007,0.0694254445964432,0.0557455540355677,0.6301299589603283,5848
06037577300,-0.9652933993218049,-0.3706151848253211,-0.8648409665191485,-1.225662702405952,-0.9624187912577181,-1.8368709222390693,6,-1.037616994428169,1,1,0.0497146013625483,86035.0,0.0142090306283549,0.3777140516181893,0.0224186927691821,18.0408472012103,0.1964647394586632,0.0189651997790462,0.0591051371754741,0.6864297551095563,5431
06037577400,-0.3017347821971855,-0.23198384848185835,-0.5399931228851068,-0.7077396103291691,-1.0922461430634283,-1.9266948157053052,6,-0.8000653871103421,2,1,0.1201221581269087,81250.0,0.0423076923076923,0.4453941120607787,0.0083333333333333,15.6833081190116,0.1964709874448592,0.014591109602986,0.0332541567695962,0.7434679334916865,2947
06037577501,-0.5193427889564187,-1.5031332491233271,0.032334803007778176,-1.1462862308330541,-1.136715013985347,-2.0890503022913367,6,-1.0603654636969508,1,1,0.0970326409495549,125125.0,0.091812865497076,0.388086642599278,0.0035087719298245,11.4220877458396,0.1142433234421365,0.0142433234421364,0.0572700296735905,0.7875370919881306,3370
06037577504,-0.49684823333754113,-0.6572648069323682,-0.3534699466969417,-0.8412494257467755,-1.1690560110194688,-2.1514947202090386,6,-0.9448971906570224,2,1,0.0994194484760522,95929.0,0.0584415584415584,0.4279475982532751,0.0,9.78315683308119,0.0653120464441219,0.0101596516690856,0.0522496371552975,0.809143686502177,1378
06037577602,-0.7108681667928329,-0.5023801415003616,-0.5855590258563727,0.43732649310281363,-1.1234263864911282,-0.6470645900686675,6,-0.5219953029344249,3,2,0.0767106474378643,90583.0,0.0383663366336633,0.5950266429840142,0.0049504950495049,49.2687846696924,0.100644369438478,0.0481742865909788,0.147591285670451,0.6692236882479288,3259
06037577603,-0.5467628137926619,-0.9588060710207194,-0.8169832447542198,-1.5791127795754678,-0.9949591705362688,-1.1197207995380558,6,-1.0027241465362324,2,1,0.0941232115407354,106337.0,0.018348623853211,0.3315266485998193,0.0188882892606583,36.8633383761977,0.1546647747428166,0.049426510582949,0.0948326829845098,0.65992668795081,8457
06037577604,-0.9856996249209126,-0.7462380219607431,-0.9245545779457691,-0.18358188390373004,-1.0976049710603615,-2.321055331939419,6,-1.043122401955156,1,1,0.0475493782004389,99000.0,0.0090439276485788,0.5138888888888888,0.0077519379844961,5.33282904689864,0.1799561082662765,0.0190197512801755,0.0797366495976591,0.6978785662033651,1367
06037599000,0.0002822932659111149,-0.022747587024703093,2.373948594328702,-0.9359521724537845,-0.0286566118624813,-1.3084950783200389,6,0.01306323965560093,6,3,0.152167984728661,74028.0,0.2943575798776343,0.4155722326454034,0.1237253569000679,31.9087241553202,0.5591748099891423,0.001085776330076,0.000542888165038,0.4256243213897937,3684
06037599100,-0.30579711984280245,,3.2005127647400293,-0.5290081845506506,-1.1690560110194688,,4,0.2991628623317769,7,3,0.1196911196911196,,0.3658536585365853,0.46875,0.0,,0.0973084886128364,0.0289855072463768,0.031055900621118,0.7204968944099379,483
06037600100,1.535631437653923,1.1079742091743907,1.2618704533974732,1.4202759460886294,0.7293456795637757,1.0038697513401635,6,1.1764945795363926,10,4,0.315077755240027,35000.0,0.1981651376146789,0.7234744365035733,0.2059633027522935,92.5995965708523,0.7488529014844805,0.2369770580296896,0.0028340080971659,0.0060728744939271,7410
06037600201,1.5260339670991199,1.1056274718193604,0.7862480817424259,0.8537531092093665,0.652797881822158,0.24252819442046664,6,0.8611647843521495,9,4,0.314059405940594,35081.0,0.1570247933884297,0.6494435612082671,0.1976584022038567,72.6172465960666,0.5634999012443216,0.4127987359273158,0.000395022713806,0.0128382381986964,5063
06037600202,1.139708724915738,1.1132181531405698,0.9931397388541584,0.9115930792634548,0.7572977877871858,0.6724339947000413,6,0.9312319131101914,9,4,0.2730679762212458,34819.0,0.1749204906860517,0.6570018507094386,0.2089959109495683,83.9006555723651,0.6411741985322519,0.3380970773786533,0.0001287498390627,0.0166087292390884,7767
06037600302,-0.2969706979248279,0.465142006292729,-0.4407110852664936,1.1435000599010166,-0.4567005909559054,0.6604254527927911,6,0.17911419080655164,6,3,0.1206276560967636,57188.0,0.0508953817153628,0.6873065015479877,0.0772855796418473,83.5854765506808,0.3713545042125729,0.6001296176279974,0.0038885288399222,0.0051847051198963,3086
06037600303,1.6389131886160588,1.5011541183733736,2.032829456477926,1.4845249255620816,0.3519314732585653,1.0115552181608019,6,1.3368180634081346,10,4,0.326036569662632,21429.0,0.2648514851485148,0.7318702290076335,0.165016501650165,92.8013111447302,0.6399690960597476,0.334020087561164,0.000515065670873,0.0187998969868658,3883
06037600304,1.2681914672124825,1.1583276600761543,1.7289323943659365,0.7761970581163906,0.8231784116609776,0.8736971570655656,6,1.1047540247495846,10,4,0.2867007672634271,33262.0,0.2385650224215246,0.6393088552915767,0.2161434977578475,89.1830559757943,0.6363171355498721,0.3340153452685422,0.0112531969309462,0.0012787723785166,3910
06037600400,-0.15053796939953798,0.24967675062160416,0.3878951344552353,-0.0641450534420827,-0.8163881348010724,0.38999308904150565,6,-0.0005843639207246676,6,3,0.1361650485436893,64625.0,0.122568093385214,0.5294964028776978,0.0382619974059662,76.48764498235,0.1567398119122257,0.7810465396672294,0.0,0.0243549553894381,4147
06037600501,-0.7249051521660939,0.18353352368908055,-0.5910950087323251,-0.22815301947107436,-0.8304223796174065,0.15942908442229056,6,-0.3386021586459214,4,2,0.0752212389380531,66908.0,0.0378874856486796,0.5080645161290323,0.0367393800229621,70.4362077660111,0.2352507374631268,0.7009587020648967,0.0180678466076696,0.0140117994100294,2712
06037600502,-0.5529486474701315,0.1941372998858846,-0.6831923229946588,-0.330571799072632,-0.5158697323381781,1.1018594533033284,6,-0.1310976247810646,5,2,0.0934668574153552,66542.0,0.0299212598425196,0.4946808510638298,0.0708661417322834,95.1714573877963,0.4754411063423939,0.4091559370529327,0.0405340963280877,0.0643776824034334,2097
06037600601,-0.44233914528250046,-0.21628098864943268,-0.815484514825428,-0.5088082394908116,-0.7182154817122738,0.12244277534795828,6,-0.4297809324354147,4,2,0.1052031902772502,80708.0,0.0184782608695652,0.4713896457765668,0.0489130434782608,69.4654563792234,0.1311722578213343,0.7957029777610253,0.0011307953260459,0.023369770071617,2653
06037600602,0.59047995002131,0.9010267409400429,2.193343692942864,0.7684604897287006,1.307400076528741,0.7545724213456354,6,1.0858805619178822,10,4,0.2147915027537372,42143.0,0.278735632183908,0.6382978723404256,0.2686781609195402,86.0564800806858,0.6239181746656176,0.3300550747442958,0.017309205350118,0.024390243902439,2542
06037600702,-0.34433985611905,-0.7338090055989154,-0.3776726598330112,-1.4191071223648783,-0.7811716564340428,-0.1460682216981669,6,-0.6336947536746774,3,1,0.1156015037593985,98571.0,0.0563480741797432,0.3524355300859599,0.0420827389443651,62.4180534543621,0.1908964235949837,0.7673014398513702,0.0,0.0322805387830933,4306
06037600703,-0.6726788881159463,0.021521729993648226,-0.5529155261266289,0.9383155028127659,-1.0846881926695842,-0.24549894869020514,6,-0.2659907204659917,4,2,0.0807627593942793,72500.0,0.0411899313501144,0.6604938271604939,0.0091533180778032,59.8083711548159,0.0802019068984856,0.8177229388670779,0.0179472798653954,0.0067302299495232,1783
06037600704,0.08896008154401058,0.09238740370234412,-0.36304693710372865,-0.1773298241635143,-0.9490573768737723,-0.02069904418647223,6,-0.2214642828468555,5,2,0.161577230951675,70054.0,0.0576131687242798,0.5147058823529411,0.0238683127572016,65.7085224407463,0.1153276015416543,0.7933590275718945,0.0183812629706492,0.0518825970945745,3373
06037600801,-0.538219610198974,-0.5760271335557602,-0.19394354600969485,1.811881859378374,-0.9745375142476774,-0.5735723135962938,6,-0.17406970970500435,5,2,0.0950296967802438,93125.0,0.0722402597402597,0.7746478873239436,0.0211038961038961,51.1976802824004,0.1172241325414192,0.8111909971866208,0.0162550797124101,0.0118787120975304,3199
06037600802,-0.7399527774620851,0.10788745907198938,-0.13664926326378152,-0.7688221595859522,-0.8173799518773487,0.21034530210903352,6,-0.35742856516802407,4,2,0.0736245954692556,69519.0,0.0771960958296362,0.4374120956399437,0.0381543921916592,71.7725668179526,0.0849094567404426,0.8470824949698189,0.0169014084507042,0.0112676056338028,2485
06037600902,0.9805852936153856,0.9203221369702929,0.7865699182862271,0.6972920085775438,0.11552839117587281,0.927015083133756,6,0.7378854719598463,9,4,0.256184023948322,41477.0,0.1570526315789473,0.6289978678038379,0.1393684210526315,90.5824508320726,0.525804960714836,0.3765213372361731,0.0129409952241565,0.0314281312586658,6491
06037600911,-0.3224181640720966,0.39271184101401285,-0.3502640571290168,0.7561126189550491,-0.7016365298634922,-0.19410238932717122,6,-0.06993278007045249,5,2,0.1179275270184361,59688.0,0.0587188612099644,0.63668430335097,0.0507117437722419,61.1573373676248,0.5292434837889384,0.3334392879847425,0.0,0.1010807374443738,3146
06037600912,0.4049404517822834,0.512076753393337,-0.5816927644125228,0.6592055634268177,0.9584764752819217,0.776668138454979,6,0.45494576965446937,8,3,0.1951046470379567,55568.0,0.0387007601935038,0.6240208877284595,0.2308223911541119,86.636409480585,0.7868881427814102,0.1390705071567414,0.0054779996465806,0.0494787064852447,5659
06037601001,-0.1464371185623655,1.1907474020549076,1.5591661619817612,-0.18645445189247767,-0.38662713221353173,0.4649263905427483,6,0.41588687531850715,7,3,0.1366001734605377,32143.0,0.2238805970149253,0.5135135135135135,0.0848880597014925,78.4543620776601,0.3359932801343973,0.6073078538429232,0.0071398572028559,0.0243595128097438,2381
06037601002,-0.47438083874269105,0.5862452426387424,0.4480563281518079,0.053778486019046036,-0.2930828600952454,0.7171057705950157,6,0.17295368809444592,6,3,0.1018033740546829,53008.0,0.1277719112988384,0.5449061662198391,0.0950369588173178,85.0731215330308,0.396942132765628,0.4580994774530675,0.0195471259918714,0.018772982388233,5167
06037601100,1.1934128894017024,1.112348991157225,0.5918426142084299,0.7592690607900989,0.7760151699205736,0.7425638794383853,6,0.862575434152736,9,4,0.2787663107947805,34849.0,0.1402091254752851,0.6370967741935484,0.2110266159695817,85.7413010590015,0.6184306303683215,0.2898529625855292,0.0481875090988499,0.0196535157956034,6869
06037601202,-0.7764690454544717,0.17846341211957042,-0.8163325455874014,-0.02779425832218876,0.32001872972340634,0.31505978754025865,6,-0.13450898666347108,5,2,0.06975,67083.0,0.0184049079754601,0.5342465753424658,0.1615541922290388,74.5209278870398,0.862,0.039,0.02275,0.0665,4000
06037601211,-0.17437563252802557,0.8201657044228842,0.7655921142808902,0.3160636212487292,-0.13322007744086303,0.6959707368382541,6,0.3816994111369782,7,3,0.133635729239358,44934.0,0.1552380952380952,0.5791805094130675,0.1123809523809523,84.5184064548664,0.5364583333333334,0.3739583333333333,0.003125,0.0347222222222222,2880
06037601212,0.7950015281467113,0.8202236485551071,0.2343219477001234,0.6312699022377245,0.6449642747508543,0.5936579597884775,6,0.6199065435298331,8,4,0.2364924712134632,44932.0,0.109284332688588,0.6203703703703703,0.1968085106382978,81.833081190116,0.5637732506643047,0.3163566578092707,0.0103336285798641,0.04162976085031,6774
06037601301,-0.9334126058190578,0.01633573015969215,-0.8240734688270432,0.6211475198011851,-0.7918179146460085,0.00043598957028938745,6,-0.3185641249601571,4,2,0.0530973451327433,72679.0,0.0177353342428376,0.6190476190476191,0.0409276944065484,66.2632375189107,0.2139510671525247,0.5762623633524206,0.034357105674128,0.1322228006246746,1921
06037601302,0.8482519590708277,0.6195920907330633,0.05873700628164213,0.39614216130166846,-0.7436475115706283,1.061030410818675,6,0.37335101943920806,7,3,0.2421426619294889,51857.0,0.0940966010733452,0.5896448438168592,0.0461538461538461,94.0998487140696,0.3038319923632892,0.5385244783853812,0.0325923905632074,0.1065048411291422,7333
06037601303,-0.2504222531989074,0.6711623684115092,0.3860632425754634,0.11460496309556077,-0.7248543650086312,0.4000802642435952,6,0.09943903668643167,6,3,0.1255667258032722,50077.0,0.1224096385542168,0.5528547201808932,0.0481927710843373,76.7523953605648,0.3391030684500393,0.504720692368214,0.037765538945712,0.0664830841856805,5084
06037601401,0.7725561878990919,0.670669843287614,0.2822027915535475,-0.46832490193776166,-0.006239954462740953,1.2032115470005236,6,0.4090125855567123,7,3,0.2341108857336037,50094.0,0.1134259259259259,0.4766798418972332,0.1261574074074074,97.8315683308119,0.5084888216506976,0.331652378551017,0.0411833921667507,0.0742982013783829,5949
06037601402,-0.2579754832658823,0.3165732512730264,-0.22065158594375878,-0.5599558802647184,0.41369278322621905,0.9760099341153384,6,0.11128216985670407,6,3,0.1247652827039432,62316.0,0.0699300699300699,0.4647058823529412,0.1717171717171717,91.8683812405446,0.9113290214896724,0.0123096181931984,0.0154391821406217,0.0481952847903192,4793
06037601501,0.9908589388887807,0.8821659259014651,-0.07991696961223352,0.28622176924924797,1.7049368342729778,1.076401344459955,6,0.8101113071933655,9,4,0.2572741194486983,42794.0,0.0821033210332103,0.5752808988764045,0.3118081180811808,94.5032778618255,0.8841245533435427,0.0513016845329249,0.0,0.0132720775906074,3918
06037601502,0.8160774288076241,0.40572029869807025,0.6148802718298542,0.5013659943021307,2.572782510508754,1.232032047577927,6,1.0238097586207267,10,4,0.2387287509238728,59239.0,0.1422018348623853,0.6033950617283951,0.4059633027522936,98.5879979828543,0.9376693766937668,0.0076373491007637,0.0288248337028824,0.0258684405025868,4059
06037601600,0.6362130923672196,0.5399189089264755,-0.34004661107230355,-0.5011328200340751,1.5777869489978822,1.1945653968273033,6,0.5178841526687503,8,3,0.2196440639783735,54607.0,0.0596026490066225,0.4723926380368098,0.2980132450331126,97.6046394351992,0.8607794548321694,0.0092363144852444,0.0716377562514079,0.0123901779680108,4439
06037601700,0.2190486856123151,0.9917093078689955,-0.6120999002647445,1.1251129432374223,1.7807258711910285,1.0442184521485258,6,0.7581192266322572,9,4,0.1753804135778384,39013.0,0.0360706062931696,0.684903748733536,0.3200306983883346,93.6585980837116,0.869879047990636,0.0793991416309012,0.0165821303160358,0.0021459227467811,5126
06037601801,0.5854743265166406,0.9379081810999651,-0.14978536527083094,0.914836920712435,0.6927692172416678,0.5177639749346518,6,0.5831612092057549,8,4,0.2142603760198652,40870.0,0.0760598503740648,0.6574257425742575,0.2019950124688279,79.8411497730711,0.9562455892731122,0.0222300635144671,0.0127028934368383,0.0017642907551164,2834
06037601802,-0.717921242043739,0.276707688303621,0.15247114538011672,-0.8692556800904212,1.010558678875394,0.4538785319880768,6,0.0510731870688414,6,3,0.0759622737700739,63692.0,0.1022044088176352,0.424287856071964,0.2364729458917835,78.1643973777105,0.9041825095057034,0.0357414448669201,0.0304182509505703,0.0276299112801013,3945
06037601900,0.8246833463020555,0.6463622798200769,0.20356113444457644,-0.15292704783012412,1.5335593752205423,0.7728254050446578,6,0.6380107488336308,8,4,0.2396418904851134,50933.0,0.1066235864297253,0.5178947368421053,0.2932148626817447,86.535552193646,0.8479471838250464,0.1272952341654631,0.0018568186507117,0.0068083350526098,4847
06037602002,-0.5983547009041681,0.7937431801292085,-0.08594163247817718,1.0500687055362765,1.3032912838820148,1.0783227111651157,6,0.5901882578883784,8,4,0.0886490022898266,45846.0,0.0815822002472188,0.6750972762645915,0.2682323856613102,94.553706505295,0.7631665031076218,0.1377167157343801,0.0438338240104677,0.037618580307491,3057
06037602003,-0.43395840696378685,0.7907880293858369,-0.3950038005745534,0.9201471240805145,0.4794864649845848,0.8035672723272178,6,0.36083778053996896,7,3,0.1060924369747899,45948.0,0.0548489666136724,0.6581196581196581,0.1788553259141494,87.3424104891578,0.8697478991596639,0.0955882352941176,0.0128151260504201,0.0157563025210084,4760
06037602004,0.5201918510683518,0.6190705935430566,-0.6664571054597532,0.8469677323922428,0.4868829673484057,0.9505518252719689,6,0.4595346440273788,8,3,0.2073335130763008,51875.0,0.0313688212927756,0.6485568760611206,0.1796577946768061,91.2002017145739,0.6694526826637908,0.2380695605284443,0.0207603127527635,0.0665947694796441,3709
06037602103,0.7664391853432843,1.1182592926439685,-0.0610871937345575,0.8979059286940673,0.8507862582934488,1.0374936686804621,6,0.7682995233201121,9,4,0.233461835003855,34645.0,0.0837320574162679,0.6552132701421801,0.2191387559808612,93.4820978315683,0.7075187969924812,0.1936842105263158,0.0445112781954887,0.0236090225563909,6650
06037602104,0.0005063484676189838,0.6226921018069924,-0.5703952014960931,0.3873226972539913,0.574735585820375,0.9860971093174286,6,0.33349310686171885,7,3,0.1521917583319652,51750.0,0.0396779758481886,0.5884923525127458,0.1891891891891892,92.1331316187594,0.7291085207683468,0.1888031521917583,0.0285667378098834,0.0436709899852241,6091
06037602105,0.27700041684790333,0.45926067687209726,-0.41771361032212306,0.0008346215751191067,0.7955040732408035,0.867933056950084,6,0.330469872527314,7,3,0.1815294405081847,57391.0,0.0528846153846153,0.5379876796714579,0.2131410256410256,89.0317700453858,0.673955296404276,0.1603498542274052,0.0476190476190476,0.1103012633624878,4116
06037602106,0.3750247285497099,0.7724487115372659,0.05129951257688159,0.029771574896900774,1.2123953672877608,0.6537006693247314,6,0.5157734273622084,8,3,0.1919304090320192,46581.0,0.0934532733633183,0.5417690417690417,0.2583708145927036,83.4089762985376,0.5669072737368129,0.1560244308717379,0.1343697945585785,0.1288173237090505,5403
06037602200,0.11443950150065144,-0.19799961493308474,-0.5625449728755567,0.2612622922779489,-0.5216713265005695,0.7017348369537318,6,-0.03412988059614647,5,2,0.1642807505211952,80077.0,0.0403570042685293,0.5720192970365265,0.0702367093519596,84.6696923852748,0.4615277777777777,0.1515277777777778,0.0898611111111111,0.2198611111111111,7200
06037602301,-1.0851075979376155,-0.7848577860873546,-0.5509797714639858,-0.6657802177622657,-0.19651112937034257,0.7805108718653,6,-0.4171209384593774,4,2,0.0370015948963317,100333.0,0.04135737009544,0.4508771929824561,0.1055143160127253,86.737266767524,0.6054508001901442,0.0461099667247662,0.0473775946759626,0.2703216605926161,6311
06037602302,-1.0668955786469014,-1.6972171200041748,-0.8535649590848812,-0.4985720209971457,-0.9641186192929395,-0.10716054591867409,6,-0.8645881406574528,2,1,0.0389339995835935,131824.0,0.0151843817787418,0.4727272727272727,0.022234273318872,63.4392334846193,0.1714048557792073,0.0195061216019921,0.2012865739780037,0.5351732724631666,4819
06037602402,-0.8301332696261847,0.00880299297070567,-0.3637314841089021,0.25350738136638434,-0.2716515105834245,0.5739639510605852,6,-0.10487365648680602,5,2,0.0640559033338186,72939.0,0.0575539568345323,0.5710059171597633,0.0973621103117506,81.3161875945537,0.6003785121560635,0.1201048187509098,0.1176299315766487,0.1327704178191876,6869
06037602403,-0.13952017524565094,0.5043991558737931,-0.39069014497888926,-0.7322866560164708,0.8779776848077865,0.25261536962255676,6,0.06208253901052088,6,3,0.13733410271206,55833.0,0.0552220888355342,0.4421864050455501,0.2220888355342136,72.8819969742814,0.6516637814964417,0.1711867666859011,0.0863627620696287,0.0605885747259088,5199
06037602404,0.6472702880164147,0.7446355280702389,-0.08795392872787453,0.49695541959323425,0.1389932254596407,0.10370944997264842,6,0.34060166373071704,7,3,0.2208172988821697,47541.0,0.0814081408140814,0.6028187059577194,0.1419141914191419,68.9737771053959,0.6505405900678028,0.1304746197544438,0.0863111599780099,0.0778816199376947,5457
06037602504,0.3942956341688859,0.8060563082265902,0.28042685614159996,0.4404076609528265,1.16687795954296,0.1282068754634399,6,0.5360452157493838,8,3,0.19397516792184,45421.0,0.1132723112128146,0.5954292773316863,0.2534324942791762,69.6167423096319,0.4525297319088893,0.3567829066720419,0.0822414835718605,0.0941342471275952,4961
06037602505,1.490096852185109,1.0431636972829954,0.990576723303052,0.5786411723690567,1.457286221019611,0.5835707845863879,6,1.0238892417910352,10,4,0.3102462620932278,37237.0,0.1746987951807229,0.6134930643127364,0.2849397590361446,81.5683308119012,0.5688453159041394,0.3200435729847494,0.0084967320261437,0.0703703703703703,4590
06037602506,0.5094182133335312,0.991622391670661,0.2942540233081658,0.8462078943349456,0.1966511124290183,0.22811794413176528,6,0.5110452632013479,8,3,0.2061903653711892,39016.0,0.1144683323649041,0.6484575835475579,0.1481696687972109,72.2390317700454,0.4756807074703281,0.3707237607633232,0.0414242494763788,0.0416569699790551,4297
06037602507,-0.5209924928378624,0.5873751532170904,0.07973410699813936,-0.3736536271008004,0.40313943335594754,0.27134869499786607,6,0.07449187810506343,6,3,0.0968575974542561,52969.0,0.0959128065395095,0.4890510948905109,0.1705722070844686,73.3736762481089,0.3307301835220617,0.5663803201874268,0.0532994923857868,0.0439281530652089,5122
06037602508,-0.04506602720445659,0.6701483460976072,-0.17525842909673325,-0.21326873763682302,0.5908343752162941,0.7992441972406098,6,0.2711056207694164,7,3,0.1473562554175093,50112.0,0.0738564834242551,0.5100095328884652,0.1909357952161141,87.2289460413515,0.5160358277954349,0.3104594047963016,0.0709332562843109,0.0820572088991621,6922
06037602509,0.07172711735933819,0.13016697791172246,-0.18812897853607122,-1.0792531124688578,0.3819513138772689,1.0735192944022165,6,0.06499710209093618,6,3,0.1597487098945479,68750.0,0.0727432077125328,0.3968462549277267,0.1682734443470639,94.4276348966213,0.6250841373120933,0.1752299753197218,0.1272156158851245,0.0316356293470944,4457
06037602600,-0.49305462091953123,0.5029795246343303,-0.07806973372129804,0.9855532875166176,-0.7499476721548526,0.909722782787316,6,0.17953059469043034,6,3,0.099821973550356,55882.0,0.0822631030892051,0.6666666666666666,0.0454703228045817,90.1285930408472,0.1701157920670115,0.6278640059127863,0.0343680709534368,0.0585119487558511,8118
06037602700,-0.8354074551806878,-0.6966378447778783,-0.7210601924996041,-1.7895367897009107,-0.8584455732035049,0.9111638078161853,6,-0.6649873412577334,3,1,0.0634962805526036,97288.0,0.0266457680250783,0.304029304029304,0.0336990595611285,90.1664145234493,0.2514588859416445,0.6212201591511937,0.0206896551724137,0.0570291777188328,3770
06037602801,0.5940418895158086,1.0083682458831003,1.0661411876418359,1.613976340821994,0.1688031164907188,1.2123380388500347,6,0.943944803200582,9,4,0.2151694459386767,38438.0,0.1812349639133921,0.7487864077669902,0.1451483560545308,98.071104387292,0.5758472296933835,0.3891877353415815,0.0080688542227003,0.0032275416890801,3718
06037602802,-1.0343899060447554,0.14908573708252315,-0.5828692194339318,-0.9431308977089667,-0.2730323905458559,0.9428663584513273,6,-0.2902450530332766,4,2,0.0423830467812874,68097.0,0.0385989992852037,0.4146341463414634,0.0972122944960686,90.9984871406959,0.3956963538553497,0.5811914724048616,0.0105598724845586,0.0065750149432157,5019
06037602900,0.4663805999496587,0.7500822764991983,0.3325534735300668,0.9814784626380112,-0.10445723327008972,1.2416388811037253,6,0.611279410075095,8,4,0.2016238159675236,47353.0,0.1177811550151975,0.6661341853035144,0.1155015197568389,98.8401412002017,0.7611973891514743,0.138419986495611,0.0524420436641908,0.0306099482331757,4443
06037603001,0.2167800987178263,0.5964434099099857,0.37004819257181526,-0.3649836712373274,0.376659299520929,1.0605500691423844,6,0.3759162331042689,7,3,0.1751397028758348,52656.0,0.121024370095002,0.4901840490797546,0.1676992978108219,94.0872415532022,0.425713523606295,0.3018138170178714,0.234729261136303,0.0284075753534275,7498
06037603004,-0.27914732825119654,0.5607208523945229,0.3202767372224757,-0.4442171132012598,0.5173688500973878,-0.05192125314532289,6,0.10384679085276784,6,3,0.1225188227241615,53889.0,0.1167192429022082,0.4798301486199575,0.1829652996845426,64.8890569843671,0.2956746287927695,0.2737249838605552,0.381536475145255,0.0445448676565526,1549
06037603005,0.3276906962377322,0.6543875421329586,-0.2941989511675929,1.0219938642881607,0.14065071182071293,0.8362305063149421,6,0.4477923949378189,8,3,0.1869079837618403,50656.0,0.063568376068376,0.6714285714285714,0.1420940170940171,88.1996974281392,0.4247638326585695,0.3053306342780027,0.1838731443994601,0.0580296896086369,5928
06037603006,-0.6045904191625512,0.41988763902658716,0.012803596086500103,-0.5664640484762203,-0.12216595887787705,0.31025637077735946,6,-0.09171213677103364,5,2,0.0879873551106427,58750.0,0.0901234567901234,0.463855421686747,0.1135802469135802,74.3948562783661,0.3856691253951528,0.0489989462592202,0.4214963119072708,0.1359325605900948,1898
06037603101,0.08029059269605536,0.465142006292729,-0.3265537871020964,0.03785508404756111,-0.8392040459955538,0.5211263666686817,6,-0.010223963898770505,6,3,0.1606573460878096,57188.0,0.0607697501688048,0.542825361512792,0.0357866306549628,79.9293998991427,0.4199081903841508,0.1374728195216235,0.2730128050253684,0.1336071514858661,4139
06037603102,0.1683149798391681,0.413861449275398,-0.4326422030408758,-0.671644560785717,-0.23894562211324033,0.9140458578739278,6,0.025498316841443474,6,3,0.1699972625239529,58958.0,0.0515933232169954,0.4501108647450111,0.1009104704097116,90.2420574886536,0.4593340611353712,0.1143558951965065,0.2868449781659388,0.1088973799126637,3664
06037603200,-0.9145646132496033,-0.308730851611186,-0.4923162520444778,-0.3015680021204621,-0.6301320879573086,0.6412117857411905,6,-0.3343500035403079,4,2,0.0550972304065998,83899.0,0.0464316423043852,0.4984709480122324,0.058469475494411,83.0811901159859,0.3435474366529169,0.1281673541543901,0.3685916322922805,0.1166764879198585,3394
06037603301,-0.27257820479205463,0.5799293322264384,-0.5073183563533396,-0.06657375102081904,-0.35653977735190145,0.749288662906445,6,0.02103465093579478,6,3,0.12321584619866,53226.0,0.0451339915373765,0.5291790306627102,0.0881523272214386,85.9178013111447,0.3162842134365496,0.0370472767486867,0.4708321813657727,0.1125241913187724,3617
06037603302,0.5508962825115695,0.5945312535466275,-0.36949742773314914,0.5293576538779021,-0.45656202114502975,1.0922526197775262,6,0.3234963934725745,7,3,0.2105914377629299,52722.0,0.0570552147239263,0.6070528967254408,0.0773006134969325,94.9193141704488,0.370800395256917,0.0600296442687747,0.429100790513834,0.1057312252964426,4048
06037603400,-1.0442921347832599,0.2843852858231649,-0.8094445674964212,0.4395540101369728,-0.21555420190999824,0.6753160447577804,6,-0.1116725939119602,5,2,0.0413323608071966,63427.0,0.0190007037297677,0.5953177257525084,0.1034482758620689,83.9762985375693,0.4001945052273279,0.1106248480427911,0.2528567955263798,0.1512278142475079,4113
06037603500,-0.6435063855394919,-0.24783156864484146,-0.7934401677649594,-0.3445277646447124,-0.29222309029818894,0.7521707129641875,6,-0.26155971065466777,4,2,0.0838581372224063,81797.0,0.0203850509626274,0.4928571428571429,0.0951302378255945,85.993444276349,0.4707429322813938,0.1140696909927679,0.2406311637080868,0.1275476660092044,3042
06037603600,-0.3344489553254653,-0.09283101494838886,-0.7748375932939956,-1.0514487377703712,-0.4527645737754533,-0.11100327932899517,6,-0.4695556924071116,3,2,0.1166509877704609,76447.0,0.0219941348973607,0.4004796163069544,0.0777126099706744,63.3383761976803,0.3522780648191639,0.0880695162047909,0.3109441052137153,0.2165335838421794,4258
06037603702,-1.0069909536996564,-0.23354834005187863,-0.7841104399584712,-1.7389613247217475,-0.9126840014178497,0.2439692194493365,6,-0.7387209734000444,2,1,0.0452902402721667,81304.0,0.0211920529801324,0.3106382978723404,0.0278145695364238,72.6550680786687,0.3652920242830228,0.0217709859744609,0.2687879422231526,0.3125392505756751,4777
06037603703,-1.1569728712166252,-0.5941346748754391,-0.9573929839505445,-0.050725614424144715,-0.8145489281454351,0.14838122586761907,6,-0.5708989744574283,3,1,0.0293762575452716,93750.0,0.0062034739454094,0.53125,0.0384615384615384,70.1462430660615,0.4142914492171818,0.018466479325572,0.1959052589321557,0.2669610598153352,2491
06037603704,0.619024766318279,0.5983555662733437,-0.07664472197495444,0.13431130750262582,1.7462276136757136,0.6930886867805116,6,0.6190605364292532,8,4,0.2178202792956891,52590.0,0.0823863636363636,0.5554298642533937,0.3162878787878788,84.4427634896621,0.6247541231653806,0.2546527462551067,0.0432743228930246,0.0408533817521561,6609
06037603801,0.02709182263452554,0.4101819968792392,-0.5127210861437873,0.3826669533867337,0.4593131896485943,0.38855206401263576,6,0.19251415673632355,6,3,0.1550126368997472,59085.0,0.0446666666666666,0.5878839590443686,0.1766666666666666,76.4498234997479,0.5825610783487785,0.170598146588037,0.0914069081718618,0.1149957877000842,4748
06037603802,-0.19264210898528475,0.42087268927437765,-0.377929902516457,0.16928436783404838,0.44435057412301565,0.683962194931004,6,0.19131630244345066,6,3,0.1316975463194792,58716.0,0.0563258232235701,0.56,0.1750433275563258,84.2032274331821,0.6205445544554455,0.0673267326732673,0.1232673267326732,0.1235148514851485,4040
06037603900,0.3444304868569946,0.6412342241183437,-0.0032717175754440574,-0.29511554223226993,0.35255920230696747,0.792999755448837,6,0.30547273482057147,7,3,0.1886841761400758,51110.0,0.0887329756500206,0.4993141289437586,0.1650846058605035,87.0650529500756,0.6703626402295851,0.0933994260370467,0.1094442995043047,0.106052700234803,7666
06037604001,-0.5012642533791396,0.1690764626994488,-0.4671194739839342,0.03407417868417424,0.08266035567156482,0.2886409953443066,6,-0.06565528916059656,5,2,0.0989508822126847,67407.0,0.0486111111111111,0.5423312883435583,0.1358024691358024,73.8275340393343,0.6180175897314001,0.0779652959353458,0.1326360827192774,0.1454718326598526,4207
06037604002,-0.6381014725316562,0.3371144461460703,-0.868435849487712,0.47827023481568015,-0.2662477682006185,0.1459795174861711,6,-0.13523681529534418,5,2,0.0844316309719934,61607.0,0.0138980807412309,0.6003770028275212,0.0979483785572468,70.0832072617247,0.549835255354201,0.0768121911037891,0.1472405271828665,0.1921334431630972,4856
06037604100,-0.2186397583687807,0.13045669857283734,-0.8457855501937118,0.7552690870853372,0.16921701045446114,0.7065382537166349,6,0.11617595687779636,6,3,0.1289390394936012,68740.0,0.0158572844400396,0.6365740740740741,0.1451932606541129,84.7957639939486,0.6180498493563408,0.0933990687482881,0.0751848808545603,0.1887154204327581,7302
06037609900,-0.056681208953234634,0.0629228124669624,-0.373592136716922,-0.20642819566470544,-0.31385335748829435,-0.9179772954962444,6,-0.30093489697540643,4,2,0.1461238148354712,71071.0,0.056701030927835,0.5109034267912772,0.0927835051546391,42.1583459404942,0.5955274671852212,0.0238210986874088,0.0636849781234808,0.258629071463296,2057
06037620001,-1.020785286209357,-1.4949920985459995,-0.7978917311997653,-0.8364755510605477,-0.675278288444922,-1.9665631748373764,6,-1.1319976883829945,1,1,0.0438265786993402,124844.0,0.02,0.4285714285714285,0.0535714285714285,14.6369137670197,0.176899553046342,0.0465772759350741,0.0778640319924723,0.6339684780051753,4251
06037620002,-0.8185386115085557,-1.1138355967832834,-0.33497413212450705,-1.2291099345849223,-1.073640025980909,-0.5159313124414912,6,-0.8476716022372782,2,1,0.0652861662352602,111688.0,0.0600414078674948,0.3772635814889336,0.010351966873706,52.7105395864851,0.145147437732608,0.0002862868594331,0.1774978528485542,0.6203836243916404,3493
06037620101,-0.9669544653733165,-1.011911868203074,-0.8596595726629164,-0.7250424568557208,-0.785551422075833,-1.1543054002309405,6,-0.9172375309003002,2,1,0.0495383522727272,108170.0,0.0146572104018912,0.4431330472103004,0.0416075650118203,35.9556227937468,0.1360085227272727,0.0690696022727272,0.103515625,0.5910866477272727,5632
06037620102,-0.5967181256669585,-0.6997668279179188,-0.6949330395731869,-1.041034616986695,-0.9660622787750119,-1.5232078076216824,6,-0.9202871160902423,2,1,0.0888226527570789,97396.0,0.0289057123193392,0.401840490797546,0.0220233998623537,26.2733232476046,0.2038748137108793,0.0113263785394932,0.0497764530551415,0.6509687034277198,3355
06037620201,-0.7939311529732918,-1.2064882642078172,-0.7297979796907288,-1.2019739897436426,-1.1690560110194688,-1.863289714435021,6,-1.1607561853449953,1,1,0.067897165458141,114886.0,0.0258899676375404,0.3808095952023988,0.0,17.3474533535048,0.0647482014388489,0.0124264224983649,0.0516677567037279,0.8371484630477436,1529
06037620301,-1.194688751153578,-3.740008529458974,-0.6470472237914792,-0.5686011125412559,-1.1013655521108405,-2.4449834844222464,6,-1.616115775579729,1,1,0.0253743760399334,202333.0,0.033047735618115,0.4635761589403973,0.00734394124847,2.08018154311649,0.0900601784602614,0.0033201909109773,0.0614235318530815,0.7804523760116207,4819
06037620303,-1.3354401714985737,-3.6552652360828763,-0.7387841211230752,-1.8126930090540647,-1.0562894308908322,-2.449786901185147,6,-1.8413764783057616,1,1,0.0104398045313194,199408.0,0.0251126851255634,0.3010033444816054,0.0122343850611719,1.95410993444276,0.0399822301199466,0.0002221235006663,0.1250555308751666,0.7749888938249667,4502
06037620305,-1.1274725797920468,-1.3124101379114117,-0.5581086062277716,-1.5190850206132887,-1.1690560110194688,-2.1961664961040115,6,-1.3137164752779997,1,1,0.0325064157399486,118542.0,0.0407407407407407,0.3393708293612965,0.0,8.61069087241553,0.0852010265183917,0.0095808383233532,0.1117194183062446,0.7750213857998289,5845
06037620400,-1.0856992772159824,-1.902397292205722,-0.711906647206432,-0.36098698426457343,-0.9387393074962117,-1.8930708983650029,6,-1.1488000677923205,1,1,0.0369388141693502,138906.0,0.0274375306222439,0.4907063197026022,0.0249877511024007,16.5658093797277,0.0943360484940329,0.0,0.167077097935215,0.6832733472248532,5279
06037620501,-1.0355178974786647,-1.256204329655128,-0.8516765893962077,-0.25673910242235853,-0.9391789961294484,-1.4305018640977039,6,-0.9616364631965854,2,1,0.0422633601117708,116602.0,0.0153477218225419,0.5043290043290043,0.0249400479616306,28.7065052950076,0.150716032134125,0.0656653859587844,0.1351728955640936,0.5564093608103388,5726
06037620521,-0.8528332725427634,-1.4430162119419927,-0.8348091210889113,-1.535417761268837,-0.9486062283919187,-1.400240338491435,6,-1.169153822287643,1,1,0.0616472966144517,123050.0,0.0168067226890756,0.3372365339578454,0.0239172592113768,29.500756429652,0.1361798888327438,0.0146538655886811,0.1498231430015159,0.6068721576553815,3958
06037620522,-1.0242314026175012,-1.3836234764134454,-0.24865037845303262,-0.6871289249476652,-1.0729382838296928,-2.124595586336796,6,-1.090194675433022,1,1,0.0434609250398724,121000.0,0.0675082327113062,0.448087431693989,0.0104281009879253,10.4891578416541,0.1624203821656051,0.019108280254777,0.1532643312101911,0.5398089171974523,5024
06037620601,-1.108846463375344,-0.5632504524005946,-0.8820383795376857,0.15174868337582903,-0.968045179839644,-1.1663139421381907,6,-0.7561242889859384,2,1,0.0344827586206896,92684.0,0.0127214902317128,0.5577085088458298,0.0218082689686506,35.6404437720625,0.2478211443728685,0.0259568018188707,0.1957180750284198,0.4825691549829481,5278
06037620602,-1.2337460801323614,-1.627481356873827,-0.8674611231032151,-2.0203364999451074,-1.092683692803209,-1.977130691715757,6,-1.4698065740955795,1,1,0.0212301587301587,129417.0,0.0139823925427239,0.2738693467336683,0.0082858622475401,14.3595562279375,0.1938492063492063,0.0,0.1632936507936508,0.591468253968254,5040
06037620701,-1.0892380844589675,-0.9989323825851281,-0.8569264823326891,-1.0928230391158384,-0.865085044214712,-2.2000092295143316,6,-1.183835710370278,1,1,0.0365633254553037,107722.0,0.0148936170212765,0.3950729927007299,0.0329787234042553,8.50983358547655,0.14810705866038,0.0668423242268756,0.114408542504507,0.5903480793232562,7211
06037620702,-1.2133279796027714,-2.3706727967656778,-0.9339404894701921,-1.2951155475662157,-0.9558792704750673,-1.8522418558803495,6,-1.4368629899600458,1,1,0.0233966418937517,155069.0,0.0082320658565268,0.3686382393397524,0.0231281850254802,17.6374180534544,0.1475254237288135,0.0283389830508474,0.1538983050847457,0.6067796610169491,7375
06037620800,-1.1870833597779504,-2.4090607843633975,-0.7738081456023235,-1.6045912525007822,-0.9960429849278358,-2.1087443110192248,6,-1.5132218063652523,1,1,0.0261813537675606,156394.0,0.0220831799779168,0.3281972265023112,0.0187707029812292,10.9051941502774,0.0967618561958184,0.0050994390617032,0.2270525242223355,0.6305456399796022,7844
06037620901,-0.7231831875578296,-3.839006079361923,-0.8021912662771117,-1.4423550202741586,-1.1690560110194688,-2.4670792015315874,6,-1.74047846100368,1,1,0.0754039497307001,205750.0,0.0196280991735537,0.3493975903614458,0.0,1.50025214321735,0.0868940754039497,0.0082585278276481,0.1583482944344703,0.6901256732495512,2785
06037620904,-1.1800929625254093,-3.174995296152765,-0.8392594273804206,-2.8005608753572884,-1.0575256928119077,-2.4968603854615696,6,-1.9248824399482267,1,1,0.0269230769230769,182831.0,0.0164217804667242,0.171912832929782,0.0121002592912705,0.718608169440242,0.0441836382464618,0.0,0.0234725578184328,0.8570935450466,2897
06037621001,-1.2328947008732865,-1.826461506927516,-0.40286626932391356,-1.8420737115379073,-0.7285108310273074,-2.385421116562283,6,-1.4030380227087023,1,1,0.0213204951856946,136285.0,0.0541688794476898,0.2971639950678175,0.0477960701009028,3.6434694906707,0.1093071118225474,0.0064029270523667,0.0633432426252001,0.7349645552252458,4373
06037621002,-0.7154642003397143,-1.817943719490739,-0.95700531806305,-3.2538715594263072,-1.0924058309385967,-2.309046790032168,6,-1.6909562363817627,1,1,0.0762229806598407,135991.0,0.0062370062370062,0.1126760563380281,0.0083160083160083,5.64800806858296,0.0329920364050056,0.0068259385665529,0.0625711035267349,0.8896473265073948,879
06037621004,-1.0689501145303,-1.4971360314382494,-0.26132563970938416,-1.4979883191771586,-1.1690560110194688,-1.9660828331610893,6,-1.2434231581726085,1,1,0.0387160009801519,124918.0,0.0664118490205446,0.3421276595744681,0.0,14.649520927887,0.0947136563876652,0.000734214390602,0.0479686735193343,0.8166911404796867,4086
06037621102,-0.8810717318228889,-3.06808837220138,-0.6337818520599611,-2.8708353094089096,-1.084494688499057,-2.2557288639639754,6,-1.7990001363260284,1,1,0.0586510263929618,179141.0,0.0341951626355296,0.1627296587926509,0.0091743119266055,7.04740292486132,0.1058976865428478,0.0058651026392961,0.0550667970022808,0.7204301075268817,3069
06037621104,-0.9330033090788522,-1.9127982639397456,-0.17079657806683954,-1.9578193188023576,-0.9372298640976009,-2.047260576454101,6,-1.3264846517399163,1,1,0.0531407739764442,139265.0,0.0742424242424242,0.2820388349514563,0.0251515151515151,12.5189107413011,0.0858104318564217,0.019209197980931,0.0443073471676949,0.7979528883903534,7132
06037621201,-0.9859878386439127,-1.3552887957564117,-0.7271974783615694,-1.4481444638799852,-0.8394740946793673,-1.7316760951315537,6,-1.1812947944088,1,1,0.0475187969924812,120022.0,0.0261149055845721,0.3486410496719775,0.0357573322619525,20.8018154311649,0.2546103509815586,0.0062462819750148,0.1029149315883402,0.5682629387269482,6724
06037621204,-0.8440249412189468,-1.0553989394364152,-0.31570683437739394,-1.7756446193359505,-0.915139092156525,-1.1715977005773808,6,-1.0129186878504353,1,1,0.0625819134993447,109671.0,0.0617079889807162,0.3058446757405925,0.0275482093663911,35.5017650025214,0.1120576671035386,0.0520969855832241,0.1451507208387942,0.6467889908256881,3052
06037621301,-1.0336493263300044,-1.1663329805772968,-0.5036124414614095,-0.9032369130847487,-0.7165760616057025,-1.746086345420255,6,-1.0115823447465695,2,1,0.0424616267393487,113500.0,0.0454545454545454,0.4198473282442748,0.049090909090909,20.4236006051437,0.1074143123476265,0.0326975476839237,0.1402552703284096,0.6598307758497061,6973
06037621324,-1.093275761665832,-0.5640037261194932,-0.6680071154507136,-0.6777193359379361,-1.1690560110194688,-1.9915409420044587,6,-1.0272671486996503,1,1,0.0361349036402569,92710.0,0.0312347486578818,0.4493170381020848,0.0,13.9813414019163,0.1117647058823529,0.0254010695187165,0.1176470588235294,0.6767379679144385,3740
06037621326,-0.9402684027704574,-0.8348056280635573,-0.9755261344493797,-1.1183533101732506,-1.142355014047497,-2.1620622370874196,6,-1.1955617877652602,1,1,0.0523699038780245,102057.0,0.0046349942062572,0.3917368018362662,0.0028968713789107,9.50579929399899,0.1448458733841564,0.0172356645674511,0.0606562810739144,0.7278753728869738,3017
06037621400,-1.190828497729573,-0.996006203907868,-0.8443327166075207,-1.6529448313026855,-1.1690560110194688,-2.2312314384731837,6,-1.3473999498400502,1,1,0.0257839721254355,107621.0,0.0159829515183803,0.3218785796105384,0.0,7.69036812909733,0.105458768873403,0.0411149825783972,0.0957026713124274,0.6959349593495935,4305
06037650001,-0.22268414984628956,-0.6665648401541553,-0.3003392931055037,-0.04516418919011599,-0.8433293503462876,-0.42082366053606496,6,-0.4164842471964028,4,2,0.1285099052540913,96250.0,0.0630372492836676,0.5319767441860465,0.0353390639923591,55.2067574382249,0.2883720930232558,0.0198105081826012,0.4315245478036176,0.2134366925064599,5805
06037650003,-0.5655486747833548,0.27050766615576294,0.27311354284677536,-1.439677522619806,-0.17838703480226312,-0.015415285747281824,6,-0.27590121815836127,4,2,0.0921299188007495,63906.0,0.112639724849527,0.3497474747474747,0.1074806534823731,65.8472012102874,0.3785134291068082,0.0580886945658963,0.2573391630231105,0.2320424734540911,3202
06037650004,-0.5861933571807701,-0.07970666899988549,-0.6132488674944557,0.3526380067477081,-0.22262179761737108,-0.8776285946878822,6,-0.3377935465387761,4,2,0.0899393939393939,75994.0,0.0359712230215827,0.5839598997493735,0.1026814911706998,43.2173474533535,0.1966060606060606,0.0627878787878787,0.408969696969697,0.2724848484848485,4125
06037650101,-0.7238163222900417,-1.1405768138041854,-0.9408173528268675,0.6623698917146954,-0.6631007948889857,-0.13069728805688693,6,-0.48943978002537863,3,2,0.0753367703309496,112611.0,0.0076372315035799,0.6244343891402715,0.0548926014319809,62.821482602118,0.2294782319707544,0.0131272848122299,0.5043203722166832,0.1781322698570953,6018
06037650102,-0.8242833315688504,-0.514084856209402,-0.35535915689596476,0.08342681378207066,-1.083598674485596,-0.37471085961222117,6,-0.5114350108316607,3,2,0.0646766169154228,90987.0,0.0582781456953642,0.5487804878048781,0.0092715231788079,56.4170448814927,0.2609678878335594,0.0189959294436906,0.3360470375395749,0.3242876526458616,2211
06037650200,-0.7657620557426502,-0.6898583813077904,-0.6020567948887715,0.2407823753974845,-0.5513344344231315,-0.1086015709475472,6,-0.4128051436520677,4,2,0.070886075949367,97054.0,0.0369393139841688,0.5693430656934306,0.067018469656992,63.4014120020171,0.2807757166947723,0.0139966273187183,0.2745362563237774,0.3772344013490725,5930
06037650300,-0.5886053207981082,0.05773681263300631,-0.4694133176539469,0.09075587883317221,-0.3168322379833984,-0.04999988644016235,6,-0.21272634523490622,5,2,0.0896834701055099,71250.0,0.0484126984126984,0.5497382198952879,0.0924603174603174,64.9394856278366,0.2470691676436107,0.0444021101992966,0.3163833528722157,0.3147713950762016,6824
06037650401,-0.9802325645165831,-1.8478718637839044,-0.3439581946444241,0.3706185544968249,-0.7860531272059694,-0.4438800609979868,6,-0.6718962094420072,3,1,0.048129466162253,137024.0,0.0592643051771117,0.5863095238095238,0.0415531335149863,54.601613716591,0.1561580496006725,0.0084068936527952,0.3373266078184111,0.4453551912568306,4758
06037650501,-1.2940927151034258,-1.2148322192479253,-0.7852555776135486,-0.8877201121455299,-0.8332429737428191,-1.48285910681332,6,-1.0830004507777613,1,1,0.014827018121911,115174.0,0.0210930009587727,0.421875,0.0364333652924257,27.3323247604639,0.1507884362680683,0.0,0.2795663600525624,0.5137976346911958,3044
06037650502,-0.771254304924973,-1.3128736909691954,-0.7553398447268695,-0.9553035187938409,-0.6452106328077704,-2.1284383197471164,6,-1.0947367186616275,1,1,0.0703033153068422,118558.0,0.023680649526387,0.4130434782608695,0.0568335588633288,10.3883005547151,0.2197698990373327,0.0490725522423104,0.2718948109884949,0.4266259685372153,4259
06037650602,-0.4696130386405751,-0.20674917889875363,-0.3081407929217554,-0.8723933800857154,-0.4049020788962759,-0.21427673973135042,6,-0.412679201529071,4,2,0.1023092662964045,80379.0,0.0623624358033749,0.4238778343359555,0.0829053558327219,60.6278366111952,0.1119617224880382,0.0571428571428571,0.5607655502392345,0.2423786739576213,7315
06037650603,-0.8192400131147226,-0.41595646828979743,-0.19225796505305634,-1.2370844976532462,-0.6130596477987993,-1.2085840096517133,6,-0.7476971002602225,2,1,0.0652117433099506,87600.0,0.0723860589812332,0.3762214983713355,0.0603217158176943,34.5310136157337,0.0795011691348402,0.0579371265263704,0.3962068069628475,0.434658352818914,3849
06037650604,-0.25447774982109245,0.42965122530615807,0.5384782637258699,-0.4518692017214305,0.03500773139188469,-0.5039227705342411,6,-0.03452208360880855,5,2,0.1251364132411786,58413.0,0.135593220338983,0.4788302051505892,0.1306324927656056,53.0257186081694,0.1381354409915574,0.0215555954733249,0.4382971079576073,0.3157894736842105,5567
06037650605,-0.5756562790095408,-0.2138763071621793,-0.5852524229895887,-0.7816741695403601,-0.18973019457994944,-0.8713841528961135,6,-0.5362622543629553,3,2,0.0910574412532637,80625.0,0.0383928571428571,0.43573264781491,0.10625,43.3812405446293,0.1530678851174934,0.0124020887728459,0.4324412532637076,0.352154046997389,3064
06037650701,-0.7518651906574024,-0.992500583908378,-0.5771390129715804,-0.13323635020620253,-0.9035404180850072,-1.0154866557831221,6,-0.7289613686019488,2,1,0.0723606168446026,107500.0,0.0390946502057613,0.52046783625731,0.0288065843621399,39.5990922844175,0.1712139185448794,0.0118623962040332,0.2870699881376038,0.5172004744958482,2529
06037650702,-1.1923292312403866,-1.569884889444192,-0.947065564707689,0.05797496969551539,-0.984712327924971,-2.271580139281546,6,-1.1512661971505447,1,1,0.0256247352816603,127429.0,0.0070967741935483,0.5454545454545454,0.02,6.63136661623802,0.1614880574931304,0.0029592052420207,0.2189811879095328,0.5603466497569224,4731
06037650800,-0.7368578914522564,-0.4686856286127028,-0.40034184227062114,-0.3304279655051935,-0.818147984824359,-0.9112525120281847,6,-0.6109523041155529,3,1,0.073952981472832,89420.0,0.0543872371283538,0.4946996466431095,0.0380710659898477,42.3348461926374,0.0604079090767554,0.0180600965281021,0.6218278063210337,0.2498832321345165,6423
06037650901,-0.8593992610405486,-0.34135339805271975,-0.1603105373351397,-0.32097470892652014,-0.9998250466073559,-0.0019657188111585813,6,-0.44730477846224037,3,2,0.0609506057781919,85025.0,0.0751494449188727,0.4959349593495935,0.0183603757472245,66.2002017145739,0.311591502049944,0.0262765560939247,0.233693626537458,0.377189713007827,5366
06037650902,-0.48427603022101856,-0.5103184876149088,-0.5629784069645143,-1.6008453895773658,-0.5940776156695711,-0.33436215880385906,6,-0.6811430148085397,3,1,0.1007534347761855,90857.0,0.0403195131228604,0.3286867204695524,0.0623811335108406,57.476046394352,0.2998965873836608,0.0103412616339193,0.3777515142561678,0.250406263849904,6769
06037651001,-0.6253700363407227,-0.6622480023035439,-0.572841568424792,0.3106672692813093,-0.42614789404609027,-0.8617773193703111,6,-0.4729529252006918,3,2,0.0857825128581925,96101.0,0.0394663702056698,0.57847533632287,0.0806003335186214,43.6333837619768,0.3502939015429831,0.0135929463629684,0.24834680382072,0.3265980896399706,5444
06037651002,-0.913592843600553,-0.4712061983644021,-0.6353728398322243,-1.1247965980441867,-0.8713783078427995,-0.49383559533214766,6,-0.7516970638360522,2,1,0.0552003410059676,89507.0,0.0340575455079271,0.390894819466248,0.0322959483264826,53.2904689863843,0.2077839217354317,0.0512547851977881,0.3475116971501488,0.3315610378562313,4702
06037651101,-1.1439620992852149,-0.767967071544358,-0.2917086285803152,-0.5322759536633163,-0.8452090001777838,-0.6955790993739589,6,-0.7127836421041578,2,1,0.0307567786321327,99750.0,0.0637837837837837,0.4683229813664596,0.0351351351351351,47.9954614220878,0.0744638602065131,0.0093328038125496,0.4900714853057982,0.3747021445591739,5036
06037651102,-0.8231290369542813,-0.11899279064706113,-0.2700929442851846,-0.5044235664600357,-0.7824385601525898,-0.9266234456694646,6,-0.5709500573614362,3,1,0.0647990945104697,77350.0,0.0656534954407294,0.4719626168224299,0.0419452887537993,41.9314170448815,0.1516694963214487,0.0178268251273344,0.3463497453310696,0.4530277306168647,3534
06037651201,-1.232547969866171,-1.9237497049298875,-0.9371328149612618,-1.86538595402177,-0.8531672027792042,-1.7225496032820422,6,-1.4224222083067228,1,1,0.0213572854291417,139643.0,0.0079559363525091,0.2941176470588235,0.0342717258261933,21.041351487645,0.1452770027899561,0.0107612594659226,0.1929055400557991,0.5922678357911518,5018
06037651221,-1.07873351379064,-0.5458382406675912,-0.18379278325881787,-1.2016234893823257,-0.01938572935485926,-0.755141467233926,6,-0.63075253728136,3,1,0.03767792352777,92083.0,0.0731182795698924,0.3808553971486761,0.1247311827956989,46.4321734745335,0.1460643765215039,0.0522044901271301,0.4747092236948877,0.2859074925615363,3697
06037651222,-0.8458000916196242,-0.4625145785309562,-0.7958068843639204,-0.6776320112871536,-0.09655411925027833,-1.0572763816203539,6,-0.6559306777787144,3,1,0.0623935593745161,89207.0,0.0201803349076857,0.4493284493284493,0.1163589523400601,38.5022692889561,0.1571450688961139,0.0413376683697166,0.4461991020281777,0.3221860969190277,6459
06037651302,-0.9279680204722199,-1.4949920985459995,-0.5185479104421339,-0.34338103320784574,-1.003815717908966,-1.8575256143195398,6,-1.0243717324827841,1,1,0.0536750483558994,124844.0,0.0441626585045911,0.493006993006993,0.0179274158285964,17.4987392839133,0.1166989039329464,0.0283687943262411,0.135880077369439,0.6216956802063185,6204
06037651304,-1.0628316180658144,-0.3895918881283447,-0.7061789916603979,-0.41035340225969236,-1.1136023891173854,-1.6149530677930748,6,-0.8829185595041182,2,1,0.0393652102225886,86690.0,0.0279329608938547,0.4842553191489361,0.0060163300386764,23.8653555219365,0.1112943116240725,0.0414262159934047,0.0570898598516075,0.6908491343775762,4852
06037651401,-1.125076189264818,-0.5126652249699393,-0.7829147842064909,-1.4092516380813471,-0.8909865689070947,-1.4718112482586485,6,-1.0321176089480566,1,1,0.0327606871753895,90938.0,0.0212954747116237,0.3537234042553192,0.0301685891748003,27.6222894604135,0.0920269734232447,0.0075366917889726,0.2816342721142403,0.5934153113843713,2521
06037651402,-1.0328514966745335,-0.8140616287277329,-0.6005535507064136,-0.19219321147044166,-0.642474622328252,-0.9381516459004235,6,-0.7033810259679663,2,1,0.0425462812601494,101341.0,0.0370693414740514,0.5127635960044395,0.0571303968600087,41.6288451840646,0.1122514432328415,0.0049711353431686,0.3943232841565106,0.3896728672225786,6236
06037670001,-0.7535631691042611,0.10073135874245223,-0.7952937599420442,1.2243553650833272,-0.8583644102984054,-0.5212150708806813,6,-0.26722494773326877,4,2,0.0721804511278195,69766.0,0.0202247191011235,0.6978723404255319,0.0337078651685393,52.571860816944,0.3438050499119201,0.0807398708162066,0.150029359953024,0.375807398708162,3406
06037670002,-0.3869265224512192,-0.07008794305087197,0.22734444094455178,-1.5412791770889849,-0.5201360055945452,-0.6413004899531861,6,-0.48873094953237595,3,2,0.1110828025477707,75662.0,0.1086807928913192,0.3364705882352941,0.0704032809295967,49.4200706001009,0.3853769992383853,0.0505204366590505,0.1924346280781924,0.3208936278243209,3939
06037670003,-1.0619622073313657,-0.09920486949291588,-0.569937524100082,-0.38552341351269886,-0.6402678644553759,-0.8516901441682214,6,-0.6014310038434433,3,1,0.0394574599260172,76667.0,0.0397175639894086,0.4875,0.057369814651368,43.8981341401916,0.302435605396881,0.0229542666900297,0.1606798668302085,0.4759067811459611,5707
06037670100,0.07478114279450691,0.3186592400330534,-0.7556529539608596,-0.11779837721703304,-0.9443284497507037,-0.33292113377498944,6,-0.29287675531267093,4,2,0.1600727603456116,62244.0,0.0236535662299854,0.5224852071005918,0.0243813682678311,57.5138678769541,0.3038241493526046,0.0975609756097561,0.1568804576934658,0.3697681421258657,6642
06037670201,-1.0144139307460203,-2.130262592172563,-0.6199442217560157,-0.9347422749388661,-1.0986958266322564,-2.437298017601606,6,-1.372559477307888,1,1,0.0445026178010471,146771.0,0.0353920888272033,0.4157303370786517,0.0076335877862595,2.28189611699445,0.1052356020942408,0.006806282722513,0.2154450261780104,0.6400523560209425,3820
06037670202,-1.2472060014155961,-3.4460869187579437,-0.7560173440772667,-2.692402600587986,-0.837278853594051,-1.889708506630973,6,-1.8114500375106362,1,1,0.0198019801980198,192188.0,0.0236220472440944,0.1860465116279069,0.0359955005624297,16.6540595057993,0.1824042472506636,0.0094804702313234,0.2025028441410694,0.558589306029579,2637
06037670324,-0.8969780682488995,-4.097755601803609,-0.7294747473003976,-0.10766401562968092,-1.0894259103307016,-2.1971271794565914,6,-1.5197375871283134,1,1,0.0569632685130622,214681.0,0.0259179265658747,0.5238095238095238,0.0086393088552915,8.58547655068079,0.0777843252799057,0.0056963268513062,0.1459438224317422,0.7417010410528383,5091
06037670326,-0.5912826339850614,-2.4592114308023802,-1.0291111731370455,-0.1541839008699494,-1.1690560110194688,-2.3412296823436,6,-1.2906791386929175,1,1,0.0893993910877387,158125.0,0.0,0.5177304964539007,0.0,4.80332829046899,0.0730694713534459,0.0,0.3119291447550512,0.5942430113479104,3613
06037670328,-1.0692025339866233,-3.4772029177616806,-0.760094952151264,-1.3137957820117485,-1.0725409936925072,-2.308566448355878,6,-1.6669006046599504,1,1,0.0386892177589852,193262.0,0.0232693426410703,0.3661971830985915,0.0104712041884816,5.66061522945033,0.0813953488372093,0.0046511627906976,0.2564482029598308,0.6044397463002115,4730
06037670403,-0.9062219521483968,-2.330053960077374,-0.9242233214517884,-1.2081694341302889,-1.1225984295944447,-1.886826456573234,6,-1.3963489256625878,1,1,0.0559824368825466,153667.0,0.0090725806451612,0.38,0.0050403225806451,16.7297024710035,0.0424442005122575,0.0095133552872301,0.3838272960117087,0.5203073545554336,2733
06037670405,-1.1718535714672391,-0.7327080670866789,0.18135440577151848,0.8485246723839547,-1.1690560110194688,-2.401752733556144,6,-0.7409152174956762,2,1,0.0277973258268824,98533.0,0.1047027506654835,0.6487603305785123,0.0,3.21482602118003,0.0181564245810055,0.020949720670391,0.3488128491620111,0.568086592178771,2864
06037670406,-1.0587778604997702,-3.2861321417564273,-0.9240114268019192,-2.8818498601729776,-1.085263427794698,-2.4728433016470683,6,-1.9514796697788104,1,1,0.0397953382603752,186667.0,0.009090909090909,0.1612903225806451,0.009090909090909,1.34896621280888,0.0119386014781125,0.053439454235361,0.458214894826606,0.427515633882888,1759
06037670407,-0.907655998368291,-0.6292777910686722,-0.8516292987288991,0.7554517073870272,-0.5873318085037836,-2.0808844937944033,6,-0.7168879471795039,2,1,0.0558302759610783,94963.0,0.0153518123667377,0.6365979381443299,0.0631130063965884,11.636409480585,0.0901260169085978,0.0307864093156803,0.5222523528473441,0.3041952464507896,6269
06037670411,-1.230033285227828,-2.5892670355768432,-0.7211190639938209,-2.8482541385072873,-1.1690560110194688,-2.4243287923417753,6,-1.8303430544445038,1,1,0.0216241085806303,162614.0,0.0266406757634827,0.165680473372781,0.0,2.62228946041351,0.0491276400367309,0.0181359044995408,0.2380624426078971,0.6150137741046832,4356
06037670413,-1.095797251204009,-2.0418977905325293,-0.8668519156372002,-1.7179014678423217,-1.0828133522618093,-2.2576502306691353,6,-1.5104853346911675,1,1,0.0358673584480036,143721.0,0.0140350877192982,0.3133903133903133,0.0093567251461988,6.99697428139183,0.0780509812767877,0.0083464922174599,0.4701105346266636,0.4254455222197157,4433
06037670416,-0.7196289387366311,-0.7111238778336215,-0.6462975275455227,0.5772571262253166,-0.3033842902867286,-1.4055240969306255,6,-0.5347836008513022,3,2,0.0757810768889873,97788.0,0.0331125827814569,0.6133122028526149,0.0939193257074051,29.3620776601109,0.1608686018169731,0.0527365388876578,0.3472191446931087,0.3689341901174385,4513
06037670500,-1.2781045047462167,-5.121048976861311,-0.9088930924070913,-2.132140502937643,-1.0732100752684308,-2.413761275463395,6,-2.1545264046140145,1,1,0.0165234633179114,250001.0,0.0103986135181975,0.2592592592592592,0.0103986135181975,2.89964699949571,0.0581625908790482,0.014540647719762,0.1559814937210839,0.7131526768010575,1513
06037670602,-0.8313615987910706,-2.388606505688688,-0.7556643728622477,-1.0587372249862725,-1.1154469523452257,-2.110665677724385,6,-1.3767470553996481,1,1,0.0639255702280912,155688.0,0.0236525785188057,0.3995271867612293,0.0058162078324932,10.8547655068079,0.080734479743515,0.0116584086272223,0.2263188574759545,0.5915185077236957,6862
06037670701,-1.0124828140093483,-1.71758448248055,-0.7466845420162194,-0.7207520977995648,-0.7999256884433824,-2.0972161107882656,6,-1.1824409559228883,1,1,0.0447075208913649,132527.0,0.0244293151782138,0.4436936936936937,0.040048057669203,11.2077660110943,0.2562282533054976,0.004036186499652,0.1809324982602644,0.4999304105775922,7185
06037670702,-1.263658293431696,-3.6808765425254304,-0.8746597893590511,1.6546261725023306,-1.1097668502023375,-2.485332185230609,6,-1.293277914707799,1,1,0.0180562931492299,200292.0,0.0133597229094507,0.7540983606557377,0.0064324591786244,1.02118003025719,0.0842627013630731,0.0111524163568773,0.1506461320587714,0.6852540272614622,5649
06037700101,-0.06364782145806527,0.463056017532702,1.5693046889076876,-0.7089335323601458,-0.8982716505127194,-0.3170698584574185,6,0.007406307275340113,6,3,0.1453846153846154,57260.0,0.2247575584711922,0.4452380952380952,0.0293782087849401,57.9299041855774,0.1046153846153846,0.0344230769230769,0.0232692307692307,0.8111538461538461,5200
06037700102,0.22493910529719224,0.8703453229279787,0.8389094529271565,0.3947127554523972,-1.0234344301189682,0.06047869910654383,6,0.2276584842653834,7,3,0.176005422503389,43202.0,0.1615798922800718,0.5894580549368968,0.0157989228007181,67.8391326273323,0.1311584553928096,0.0554815801154016,0.0648024855747891,0.6990679094540613,4506
06037700200,-0.35164152683537475,0.07714809692770225,0.5137095911658804,-0.6529566314290145,-1.0411805206544242,-0.9938712803500698,6,-0.4081320451958834,4,2,0.1148267526188557,70580.0,0.1334507817661308,0.4525529265255292,0.0138735961242017,40.1664145234493,0.0991136180499597,0.0484824066612946,0.0486167069567553,0.7328767123287672,7446
06037700300,-0.48577327096390904,-0.610503892228429,0.10032671582016109,-1.2779740179204795,-1.1690560110194688,-1.284958336181826,6,-0.7879898020823252,2,1,0.1005945685360758,94315.0,0.0976940242995288,0.3708782239634345,0.0,32.5264750378215,0.0774546038887996,0.0258717660292463,0.0435481279125823,0.7904547645829986,6223
06037700400,-0.603112886715801,-0.9008909108638579,-0.19109554682796245,-0.5649795909055557,-1.0760998518794764,-1.1226028495957985,6,-0.7431302727980754,2,1,0.0881441301820999,104338.0,0.0724866057358966,0.4640494044993383,0.0100850929719508,36.7876954109934,0.0747772181325067,0.0149166989538938,0.0683843471522665,0.7721813250678031,5162
06037700501,-0.5491107794435962,-0.09833570750957128,0.16091657992169087,-0.9245047489050877,-0.9259826730386339,-1.5678795835166528,6,-0.6508161520819752,3,1,0.0938740782756664,76637.0,0.1029349213100808,0.4170681348933241,0.0263717566992769,25.100857286939,0.1366988088485536,0.0643788996029495,0.0964265456608054,0.653998865570051,3526
06037700502,-0.4434699946414402,-0.007450336117838238,0.2705283075506863,-0.4877125675202158,-1.1133817443130771,-0.6681996238254289,6,-0.40828099314455235,4,2,0.1050832003647139,73500.0,0.1124161073825503,0.4741463414634146,0.0060402684563758,48.714069591528,0.1192158650558468,0.0111693640300889,0.069523592432186,0.7850467289719626,4387
06037700600,-0.9270340467907578,-3.413580260580856,-0.821709474640064,0.19243485190067547,-1.1690560110194688,-1.4799770567555774,6,-1.2698203329810083,1,1,0.0537741485759808,191066.0,0.0179398148148148,0.5630252100840336,0.0,27.4079677256682,0.0290778729336785,0.0065723959370643,0.014937263493328,0.8962358095996813,5021
06037700700,-1.0779388911762728,-3.220249663418907,-1.0291111731370455,-3.2465227875421614,-1.063111365562861,-1.3594112960067817,6,-1.8327241961406715,1,1,0.0377622377622377,184393.0,0.0,0.1136363636363636,0.0114942528735632,30.5723651033787,0.0467132867132867,0.0008391608391608,0.0327272727272727,0.8618181818181818,3575
06037700801,-0.47093312315261915,-0.29233266219208465,0.8945665224572509,-0.4148156423916729,-0.7017907472476432,-0.8440046773475796,6,-0.3048850549790581,4,2,0.1021691973969631,83333.0,0.1663941128372853,0.4836722119531731,0.0506950122649223,44.0998487140696,0.0674620390455531,0.0164859002169197,0.1418655097613883,0.7264642082429501,4610
06037700802,-0.7111749210191277,-0.34288891755662854,0.4490588558798695,-0.3272084143964286,-0.6420860229634728,-0.6028731558499842,6,-0.3628620959842954,4,2,0.0766780989710926,85078.0,0.1278586278586278,0.4951203643461288,0.0571725571725571,50.4286434694907,0.1077712609970674,0.0777126099706744,0.1089931573802541,0.6862170087976539,4092
06037700901,-0.6458344922419204,-0.37374416796536164,-0.13637201507804905,0.4090753107208918,-1.0682245241273693,-1.2705480858931244,6,-0.5142746624308222,3,2,0.0836111111111111,86143.0,0.0772200772200772,0.5913348946135831,0.0109395109395109,32.9046898638427,0.0672222222222222,0.0116666666666666,0.1277777777777777,0.7394444444444445,3600
06037700902,-0.34934216192479906,-0.4983530243108649,-0.26277199095139914,-0.18521458740276722,-0.6741921946740121,-1.1009874741627461,6,-0.5118102389044314,3,2,0.1150707290533188,90444.0,0.0662867426514697,0.5136755339078306,0.0536892621475704,37.3550176500252,0.0685527747551686,0.0172742110990206,0.1273122959738846,0.7440152339499456,7352
06037701000,-0.6651341964630273,-0.7865381659218208,-0.23571112727383012,-0.7159781555681229,-1.1169226164791701,-1.0601584316780928,6,-0.7634071155640108,2,1,0.0815632965165675,100391.0,0.0686274509803921,0.444317532838378,0.005656108597285,38.4266263237519,0.0347035040431266,0.0111185983827493,0.0689016172506738,0.7970013477088949,5936
06037701100,4.618997086715457,0.8027245206237693,4.028814119240957,-0.4132946595200442,-1.1690560110194688,0.26222220314835515,6,1.3550678765315043,10,4,0.6422413793103449,45536.0,0.4375,0.4838709677419355,0.0,73.1341401916288,0.2652134423251589,0.2243415077202543,0.0962761126248864,0.3678474114441417,1101
06037701201,-1.0078627248635057,-4.672503449323277,-0.8842973264122356,-1.0982318067434644,-1.1690560110194688,-1.8378316055916513,6,-1.778297153992267,1,1,0.0451977401129943,234519.0,0.0125260960334029,0.3943661971830985,0.0,18.0156328794755,0.0831702544031311,0.0,0.1083659491193737,0.7800880626223092,4088
06037701202,-1.0482431560431145,-1.5538343648184283,-0.4661659760213408,-1.2592775877294833,-1.1690560110194688,-1.6557821102777284,6,-1.1920598676515939,1,1,0.0409131337088645,126875.0,0.0486935866983372,0.3733213965980304,0.0,22.7937468482098,0.0520556048506359,0.0328305235137533,0.0964211771665187,0.7894114167406093,3381
06037701302,-0.9808022210042752,-0.5440999167009021,-0.529177244624008,-0.9774112916869132,-1.0063021286477505,-1.2570985189570048,6,-0.8824818869368088,2,1,0.0480690221857025,92023.0,0.0432432432432432,0.4101545253863135,0.0176576576576576,33.2576903681291,0.0815529991783073,0.0006162695152013,0.1062037797863599,0.7752670501232539,4868
06037701304,-0.7662844163102305,-1.5491408901083676,-0.2115523893946716,-1.3180922461236249,-0.8691609090397087,-1.6360881015498363,6,-1.05838649208774,1,1,0.0708306503541532,126713.0,0.0707171314741035,0.3656357388316151,0.0325365205843293,23.3106404437721,0.0948164842240824,0.0144880875724404,0.0877334191886671,0.7570830650354153,6212
06037701402,-0.0033356700099181754,-0.879219805412466,1.1609099604453992,-1.4267430406187724,-1.0213945447970636,-0.9703345382118567,6,-0.5233529397674462,3,2,0.1517840970838616,103590.0,0.1894322653175941,0.3514376996805112,0.0160202360876897,40.7841654059506,0.0937780168549399,0.0618612157073695,0.0667025282409897,0.7297830374753451,5577
06037701501,-0.5946226327106358,-0.996006203907868,-0.12814369612404025,-1.4471379260463915,-1.0101985845985828,-1.7422436120099343,6,-0.9863921092329088,2,1,0.0890449971520789,107621.0,0.0779318096665417,0.3487725798981009,0.0172349194454852,20.5244578920827,0.0662616290108221,0.0195557243212454,0.0926523637744446,0.7288779191190431,5267
06037701502,-0.7730581572625128,-0.6424311090832872,0.01945764211867221,-1.208280420658527,-0.9347659458502637,-1.030857589424402,6,-0.7616559300267199,2,1,0.0701119157340355,95417.0,0.0906990179087232,0.3799854967367658,0.0254188330444829,39.1956631366616,0.1116147308781869,0.0280453257790368,0.1254957507082153,0.6926345609065155,3530
06037701601,-1.2046214425304658,-1.8326905011414856,-0.7751707455758714,-1.8014144222861594,-1.07315467299343,-1.2402865602868554,6,-1.3212230574690447,1,1,0.0243204577968526,136500.0,0.0219653179190751,0.302477183833116,0.0104046242774566,33.6989409984871,0.0636623748211731,0.0066762041010968,0.1332856461611826,0.7205531711969481,4194
06037701602,-0.7139174819632724,-0.9757837017620504,-0.2764758498620148,-1.106095361749286,-0.7362319952159524,-0.6773261156749403,6,-0.7476384177045862,2,1,0.0763870967741935,106923.0,0.0651013874066168,0.3933386201427438,0.0469583778014941,48.4745335350479,0.1773263105091547,0.0644594933533985,0.1156257837973413,0.5919237521946326,3987
06037701701,-0.50135740291529,-0.0629897868535578,-0.14644223577601678,-0.8202099842948624,-0.851586981580036,0.23724443598127676,6,-0.35755699257308104,4,2,0.0989409984871406,75417.0,0.0763490241102181,0.4306969459671104,0.0344431687715269,72.4785678265255,0.2030257186081694,0.0656580937972768,0.0931921331316187,0.5645990922844175,3305
06037701702,-0.08746807956989237,0.16293438468381366,0.927557776885291,-0.3090702147245975,-0.4910219996376054,0.1065915000303876,6,0.051587227944566154,6,3,0.1428571428571428,67619.0,0.1692477876106194,0.4974905897114178,0.0735619469026548,69.0494200706001,0.2129764329356997,0.0724469013674716,0.1224905440791387,0.5452429444282805,3437
06037701801,-0.02439039464983224,0.21308503112279675,0.6355686776925235,-0.33681488183110386,-0.18779678126709046,0.7123023538321127,6,0.16865900081656773,6,3,0.1495500642765319,65888.0,0.143991338866835,0.4938650306748466,0.1064597618188379,84.947049924357,0.3788030281388373,0.0789887158977288,0.208541636909013,0.3150978431652621,7001
06037701802,0.14969042182326744,0.12790715675502654,0.36872128227967854,-0.543914009906897,-0.1670770346877568,0.5600340424481745,6,0.08256030978524886,6,3,0.1680210849989018,68828.0,0.1209095951192457,0.4668021680216802,0.1087077093732667,80.9505799293999,0.3840688912809472,0.0893433799784714,0.0706135629709364,0.3928955866523143,4645
06037701902,0.25324050323847663,0.1686418817077765,2.3929971358233546,-0.02868870419647331,-0.9849537734823974,0.569160534297686,6,0.3950662628980705,7,3,0.1790083708950418,67422.0,0.2960052390307793,0.5341296928327645,0.0199738048461034,81.19011598588,0.0839235887529512,0.1317879373256063,0.0620304786434857,0.6621592616441296,4659
06037702002,-0.5823834502896058,-0.5393484978586183,0.3622092783470205,-0.6134376636533766,-0.9748700244985699,-0.4712595365465167,6,-0.46984831574994446,3,2,0.0903436479552169,91859.0,0.1203463203463203,0.4577171027682973,0.021067821067821,53.8830055471508,0.2030110197113146,0.0684463759118423,0.0488902685084587,0.6285891665373273,6443
06037702102,-0.3423057041196306,-0.2458035240170374,0.1719471192214122,-0.9199043036554175,-0.7930490425101595,-0.6091175976417568,6,-0.456372175453765,3,2,0.1158173395102581,81727.0,0.1038890399782431,0.4176693021656927,0.0407941256459069,50.2647503782148,0.1073371805441055,0.0278647980214344,0.0585325638911789,0.72959604286892,6065
06037702201,-0.5830997909858596,-0.507768945797098,-0.2372637692422506,-0.3791360517555791,-1.029265057596538,-0.6710816738831715,6,-0.5679358815434162,3,1,0.0902676399026764,90769.0,0.0684931506849315,0.4883346741753821,0.0151663405088062,48.6384266263237,0.1294403892944038,0.0255474452554744,0.0980535279805352,0.6666666666666666,4110
06037702202,-0.7618365555216077,-1.4044543919476042,-0.4015553898332093,-1.3144929488140393,-1.046753205588862,-1.3430796790129198,6,-1.0453620284530405,1,1,0.0713025951121189,121719.0,0.0542822677925211,0.3661060802069857,0.0132689987937273,31.0010085728694,0.1632653061224489,0.019904257999496,0.0773494583018392,0.6681783824640968,3969
06037702300,-0.4570070917528623,-1.1957106556143442,-0.35605493462597093,-1.0217261922482477,-0.7633297649470919,-0.8089397349784079,6,-0.7671280623611542,2,1,0.1036468330134357,114514.0,0.058217962371317,0.4043636363636363,0.0440184593539226,45.0201714573878,0.1441731247258371,0.0171077642930252,0.0991373007749671,0.6442462348296535,6839
06037702400,-0.675584655014053,-0.15503404088975029,0.024025725254128546,-0.5149410501351656,-0.7609669415736345,0.07825134112927504,6,-0.33404160353819995,4,2,0.08045444006492,78594.0,0.0910941475826972,0.4705882352941176,0.0442748091603053,68.3055975794251,0.283718800091596,0.0686970460270208,0.1470116784978246,0.4485917105564461,4367
06037702501,-1.259196578116787,-1.0978430162897428,-0.6873790319972783,-2.262516788720275,-0.4209679183013166,-1.3301104537530872,6,-1.1763356311964146,1,1,0.0185297079556898,111136.0,0.0295591182364729,0.2422222222222222,0.0811623246492986,31.3414019162885,0.1836858006042296,0.0265861027190332,0.1278952668680765,0.6183282980866063,4965
06037702502,-0.48059013686902896,-0.3973853739123346,-0.1746544060573155,-0.9083032319505797,-1.1416239153208836,-0.514970629088909,6,-0.6029212821998419,3,1,0.1011445302102741,86959.0,0.0739087301587301,0.4191852825229961,0.0029761904761904,52.7357539082199,0.1602342294383817,0.1652914559488953,0.1392068139472983,0.5089166888474846,3757
06037702600,-1.2963550870595357,-1.3740916666627663,-0.696242616845732,-0.5789009706429842,-1.1175633621103915,-0.2037092228529696,6,-0.8778104876957299,2,1,0.0145869668622165,120671.0,0.0287924366136656,0.4622302158273381,0.0055865921787709,60.9051941502774,0.1951792142745343,0.0738769760525903,0.1809359837220222,0.4637658475504774,6389
06037702700,-0.9498157600369858,-1.801690390402195,-0.6379846584516389,-0.8739378262462459,-0.9079870656456721,-0.6100782809943351,6,-0.9635823302961789,2,1,0.0513568718996206,135430.0,0.033831628638867,0.4236760124610592,0.028324154209284,50.2395360564801,0.2055312954876273,0.024745269286754,0.1595342066957787,0.5138282387190685,3435
06037702801,-0.46297629747889935,0.32396112813145544,0.41601033897095524,0.8396242043353807,-0.41295887332719283,-0.0634494533762818,6,0.1067018412092362,6,3,0.1030134644154733,62061.0,0.125,0.6475972540045767,0.08203125,64.5864851235502,0.3453729429365249,0.0380423167343449,0.1904253045522547,0.3808506091045095,4679
06037702802,-0.74165671382545,-0.498179191914196,-0.33832028121619756,-0.6214164094579965,-0.25461158529704475,-0.43235186076702387,6,-0.4810893404129848,3,2,0.0734437975817286,90438.0,0.0597519729425028,0.4566744730679157,0.0992108229988726,54.904185577408,0.3789795028347143,0.0204971652856519,0.0641081552551243,0.5093763628434366,2293
06037702803,-0.19141851552361064,0.28270490598869874,0.22916156735633644,0.7970385254652165,-0.6335240347629493,0.5552306256852754,6,0.1731988457014945,6,3,0.1318273769386378,63485.0,0.1088379705400982,0.6420323325635104,0.05810147299509,80.8245083207262,0.4084231145935357,0.0349330721514854,0.1230819458047665,0.3685928827946457,3063
06037702901,0.08182264628316402,-1.3014007527890468,-0.6699839922339198,-0.13376778064128295,-0.8943882513066997,-1.0884985905792048,6,-0.6677027868778317,3,1,0.1608199061798898,118162.0,0.0310637529348022,0.5203983911128136,0.0297995304316416,37.6828038325769,0.1084043848964677,0.0740966301258627,0.1053593179049939,0.6658546488022736,9852
06037703001,-1.0932544262020738,-1.047228816792976,-0.48730500773620006,-1.2183727956263215,-0.7166609685931368,-0.6950987576976718,6,-0.8763201287747299,2,1,0.0361371674611717,109389.0,0.0468651044965167,0.3786666666666666,0.0490816972767574,48.0080685829551,0.1305551284022758,0.2389666307857911,0.2266646163309242,0.3459941565431339,6503
06037703002,-0.9217654000559555,-0.8196532374872498,-0.28911190985404084,0.6975551807737757,-1.1690560110194688,-0.7354474585060339,6,-0.5395798060248288,3,2,0.0543331836551414,101534.0,0.0640083945435466,0.6290322580645161,0.0,46.9490670700958,0.0540098199672667,0.7251897039131082,0.0421068293408718,0.1190299062639488,6721
06037703100,-0.5405686702737965,-0.5863701611575608,-0.36822193854061264,0.2793288864482785,-1.1434425576319844,-0.2968955080532355,6,-0.44269499153481856,3,2,0.0947804473902236,93482.0,0.057165541881699,0.5743801652892562,0.0027788805081381,58.4594049420071,0.082399472643375,0.7523071852340145,0.0196110744891232,0.0654251812788398,6068
06037703200,-0.6210229639241688,-0.5156783198455338,-0.29999587026786845,-0.5904436314564968,-1.045629354951879,-0.11580669609189814,6,-0.5314294727563075,3,2,0.0862437633642195,91042.0,0.0630669546436285,0.4607218683651805,0.0133909287257019,63.2123045890065,0.0782348804500703,0.8088959212376934,0.0276019690576652,0.0597749648382559,5688
06037800101,-1.1889305994236339,-1.9966434232663874,-0.7129442375674938,-0.06996686724532583,-1.1262517502390128,-2.2643750141371957,6,-1.2265186486465083,1,1,0.0259853505406348,142159.0,0.0273477812177502,0.5287356321839081,0.0046439628482972,6.82047402924861,0.0369466713140467,0.0108051585918438,0.0639595677936563,0.8037643778319972,5738
06037800102,-0.9653670572473587,-1.6647394338931985,-0.857072897886094,-0.4342540904689843,-1.1244788555092669,-2.1173904611924486,6,-1.1938837993662252,1,1,0.0497067858140184,130703.0,0.0148809523809523,0.4811320754716981,0.0048363095238095,10.6782652546646,0.1073062525994731,0.0124774712324968,0.0496326077914875,0.7867738804935533,7213
06037800202,-0.5512028009168012,-2.572868846157742,-1.0291111731370455,0.6956850631975234,-1.1105770485932012,-1.8210196469214983,6,-1.0648490754214608,1,1,0.0936521022258862,162048.0,0.0,0.6287878787878788,0.0063445583211322,18.4568835098336,0.0995877988458367,0.0042868920032976,0.0667765869744435,0.7958779884583677,6065
06037800203,-0.871730877978976,-2.1236569610991443,-0.8988800486460029,-1.7635856314673028,-0.8292519868821457,-1.532814641147481,6,-1.3366533578701756,1,1,0.0596421471172962,146543.0,0.0112647209421402,0.3074204946996466,0.0368663594470046,26.0211800302572,0.0910898246882342,0.0108440267485993,0.0668714982830291,0.810229531899512,5533
06037800204,-1.0752997246697105,-1.8850140525388301,-1.0291111731370455,1.8636063810821963,-1.1690560110194688,-0.6787671407038096,6,-0.6622736201644447,3,1,0.0380422691879866,138306.0,0.0,0.7814070351758794,0.0,48.4367120524458,0.1032258064516129,0.0062291434927697,0.0865406006674082,0.7635150166852058,4495
06037800324,-1.0774461371390143,-2.0427379804497625,-0.7686222483818139,-1.8830074177735523,-1.1690560110194688,-1.806609396632797,6,-1.4579131985660683,1,1,0.0378145219266714,143750.0,0.0225317492830807,0.2918149466192171,0.0,18.8350983358548,0.0970427792133218,0.0282802182026988,0.0841228825724949,0.7632787826586276,6966
06037800325,-1.259741651670547,-1.7512210512359856,-0.4997766842958933,-0.9184668487965199,-1.1140097884630493,-2.3758142830364823,6,-1.3198383845830794,1,1,0.0184718723761544,133688.0,0.0457863304578633,0.4178571428571428,0.0059721300597213,3.89561270801815,0.066890568150014,0.0148334732717604,0.0442205429610971,0.8354324097397146,3573
06037800326,-1.1089839063997509,-1.7585799560283033,-0.8965891130747405,-0.4708386827785082,-1.1187438704369104,-2.4834108185254484,6,-1.3061910578739435,1,1,0.034468175089871,133942.0,0.0114628820960698,0.4763513513513513,0.0054585152838427,1.07160867372668,0.0978696477536384,0.0434507487871757,0.0710820502003796,0.7774731069394643,4741
06037800327,-0.8956127126416309,-0.5648728881028379,-0.18447394231593092,-0.655028695766556,-0.7355537425552392,-1.3036916615571397,6,-0.7232056071565557,2,1,0.0571081409477521,92740.0,0.0730593607305936,0.4522821576763485,0.0470319634703196,32.0347957639939,0.1494765745666723,0.0367255877810193,0.0832332246438991,0.6869744293804703,5827
06037800328,-0.7038094641239668,-0.938177959949341,-0.9342519149063665,-0.8273081103633035,-0.6207517228409634,-0.9275841290220469,6,-0.8253138835343313,2,1,0.0774596182085168,105625.0,0.0082051282051282,0.429769392033543,0.0594871794871794,41.9062027231467,0.1306256860592755,0.0193926088547383,0.1511159897548481,0.6688620563483352,2733
06037800329,-0.7655970088798634,-0.6086207079311824,-0.7970885760560236,-0.14285584989503458,-1.1156952382209848,-1.4084061469883642,6,-0.8063772546619089,2,1,0.070903588413316,94250.0,0.0200694712466229,0.5192107995846313,0.0057892705519104,29.2864346949067,0.0940601179347044,0.0250251689918021,0.0690349489429023,0.7706026175751474,6953
06037800330,-0.5301077776574351,-1.7675033523906412,-0.4280820427190397,-2.12647196877318,-1.1690560110194688,-2.4416210926882163,6,-1.41047370754133,1,1,0.0958904109589041,134250.0,0.0519877675840978,0.26,0.0,2.1684316691881,0.0442176870748299,0.0090702947845804,0.0,0.919501133786848,882
06037800331,-0.9619482573342892,-1.6842086623201176,-1.0291111731370455,0.6829112092444786,-1.1690560110194688,-2.114988752810997,6,-1.0460669412295733,1,1,0.0500695410292072,131375.0,0.0,0.6271186440677966,0.0,10.7413010590015,0.1857923497267759,0.0095628415300546,0.2199453551912568,0.5532786885245902,732
06037800332,-0.8203478502802387,-1.9093216160063673,-0.7892146218996918,1.4981053252845868,-1.0998762623968097,-2.087128935586176,6,-0.8679639934807829,2,1,0.0650941951294225,139145.0,0.0207505518763796,0.7336448598130841,0.0075055187637969,11.4725163893091,0.0803912578327984,0.0058077334556014,0.0878801772887054,0.7701360232309338,6543
06037800406,-0.5995813908030772,-2.086485800278107,-0.5459308918206089,-2.5856232360946256,-1.1314732010103972,-2.2634143307846157,6,-1.535418141798572,1,1,0.0885188431200701,145260.0,0.0417940876656473,0.2,0.0040774719673802,6.84568835098336,0.140371688414393,0.0375642546461051,0.0347963621984974,0.6982997232107553,2529
06037800408,-1.0004886269776816,-2.195594601253965,-0.7080755611270978,-1.5026548451653234,-0.8954530341955261,-2.4445031427459565,6,-1.457794968577592,1,1,0.0459801762114537,149026.0,0.0277689115863389,0.3415178571428571,0.0296840089371209,2.09278870398386,0.1149298872697278,0.0028869947759142,0.0107231234533956,0.8271927412702778,7274
06037800410,-0.9564149290363079,-1.2442678384171955,-0.8728818204767212,-0.9751672984746301,-0.9043733579277069,-1.3872711132316031,6,-1.0567293929273607,1,1,0.0506566604127579,116190.0,0.0135135135135135,0.4104477611940298,0.0287162162162162,29.8411497730711,0.1508310592904986,0.0439096998263458,0.1466137434879682,0.5981146117588688,4031
06037800504,-0.3960815723007016,-2.7521190191895086,-1.0291111731370455,-1.6879236429341071,-1.0568468126141228,-1.9021973902145137,6,-1.470713268398333,1,1,0.1101113967437874,168235.0,0.0,0.3173076923076923,0.0121739130434782,16.3262733232476,0.040274207369323,0.0257069408740359,0.0454155955441302,0.8586118251928021,2334
06037800506,-0.7709425777127121,-2.7779041580287314,-0.4026134077723053,-1.6581984908426992,-1.1690560110194688,-2.3955082917643735,6,-1.5290371561900484,1,1,0.0703363914373088,169125.0,0.0541907514450867,0.3211920529801324,0.0,3.37871911245587,0.0553516819571865,0.0143730886850152,0.0743119266055045,0.8165137614678899,3270
06037900102,1.707681807118478,1.1441892918137488,0.7430086373311595,0.6763605149095842,-0.6308262793567018,0.2987281705464,6,0.6565236903937782,8,4,0.3333333333333333,33750.0,0.1532846715328467,0.6262626262626263,0.0583941605839416,74.0922844175492,0.4450704225352113,0.0070422535211267,0.0169014084507042,0.4577464788732394,710
06037900103,1.7969383717534142,1.0156112624109719,-0.7248750653248349,-2.1028915257808967,-0.9485492130595438,-1.226836993350732,6,-0.36510052722527014,4,2,0.3428039912058176,38188.0,0.0263157894736842,0.2630813953488372,0.0239234449760765,34.0519415027736,0.5117023067856542,0.1033844081495201,0.0042094628725374,0.3667284054554638,5939
06037900104,-0.13718774965379826,0.7184737523715666,-0.5726673720233822,-0.21698574594431128,-0.9789549824894918,-0.2848869661459854,6,-0.2453681773142337,4,2,0.1375815870834764,48444.0,0.0394814378314672,0.5095238095238095,0.0206246317030053,58.7745839636914,0.6174854002061148,0.0716248711782892,0.0066987289591205,0.2918241154242528,5822
06037900201,0.39431262518349663,0.6842577422939011,-1.0291111731370455,-2.2244930258418036,-0.6873979316751755,0.7012544952774444,6,-0.3601962113165304,4,2,0.1939769707705934,49625.0,0.0,0.247191011235955,0.0522565320665083,84.6570852244075,0.4171833480956599,0.0203720106288751,0.0469441984056687,0.4800708591674048,1129
06037900300,0.5427015500439677,0.4776289667867797,-0.7273565996463048,-1.6319757237203818,-0.4322827262209052,0.8770595487995955,6,-0.14903749732620813,5,2,0.2097219274039482,56757.0,0.0261011419249592,0.3246187363834422,0.0799347471451876,89.2713061018659,0.4541243541778015,0.1136647069303402,0.0874755032959201,0.2998396579369321,5613
06037900501,0.6862248013144263,0.5237235239701546,-0.48893370593974317,-1.5433679425686808,-0.7758394193501498,0.6882852700176124,6,-0.15165124542606342,5,2,0.2249506068303697,55166.0,0.0467242254951752,0.3361976369495166,0.0426612493651599,84.3166918809884,0.4793079584775087,0.2442906574394463,0.0441522491349481,0.1987543252595155,7225
06037900504,0.0990603791466885,0.41412219787040133,-0.6316487542613024,-1.0611288450317105,-1.040465499643138,-0.1177280627970549,6,-0.3896314307860193,4,2,0.1626489332224993,58949.0,0.0343796711509716,0.3992146596858639,0.0139511709018435,63.1618759455371,0.5138410687233164,0.1963916815865583,0.0581187164302437,0.2173254372675939,7261
06037900505,1.2997527221291092,0.9470054098589719,0.4995287450997881,1.4595090146287568,-1.0237764008749437,-0.0893879038959426,6,0.51543859782429,8,3,0.2900496060694485,40556.0,0.1322241681260945,0.7286012526096033,0.0157618213660245,63.9056984367121,0.4277793988911584,0.2378173329442661,0.0230522322731251,0.284213597899037,3427
06037900506,1.0199351619069694,0.49115892166084385,-0.7315198477107494,-0.10944160474048824,-0.910227126799426,-0.48999286192183034,6,-0.12168122626744678,5,2,0.2603592814371257,56290.0,0.0257410296411856,0.5235772357723577,0.0280811232449297,53.3913262733232,0.4469914040114613,0.3498089780324737,0.0028653295128939,0.1626074498567335,4188
06037900507,0.8691675912756941,0.8125750231016747,-0.39647192335278436,-0.19376547144337417,-0.9168647411196711,-0.5380270295508308,6,-0.06056442518154861,5,2,0.2443619361936193,45196.0,0.0547219770520741,0.5125581395348837,0.027360988526037,52.130610186586,0.4573844265648438,0.1655529796808945,0.0724123823810173,0.2915587072139642,7333
06037900508,1.0554919095659874,0.051710622881817124,-0.2245821330311624,0.23065064699872823,-0.8878835677866798,-0.9727362465933085,6,-0.12455812799410299,5,2,0.2641320660330165,71458.0,0.0695900857959961,0.568019093078759,0.0305052430886558,40.7211296016137,0.4758466135458167,0.210906374501992,0.0154382470119521,0.2532370517928287,4016
06037900602,0.850029675671503,1.0790021430629042,-0.3901371369350512,0.36729181644886055,-0.6773938742314454,0.8597672484531512,6,0.34809331207832034,7,3,0.2423312883435582,36000.0,0.0552699228791773,0.5858747993579454,0.0533419023136246,88.8174483106404,0.6813424756405629,0.1100685673042223,0.0120894983760375,0.1699747383616023,5542
06037900605,2.376333185790474,0.9930999670423468,-0.08439968350617301,-1.7276416757795623,-0.6197700929952323,-0.13790241320123786,6,0.13328654789176927,6,3,0.404281262701531,38965.0,0.0817155756207674,0.3121175030599755,0.0595936794582392,62.6323751891074,0.6125480833001724,0.1642127603130388,0.0045098819472078,0.2105053720652606,7539
06037900606,2.0243234773922194,1.1941661058560629,0.266961931892551,-0.20571886645090992,-0.697863637190484,0.5292921751656112,6,0.5185268644441752,8,3,0.3669309173272933,32025.0,0.1121076233183856,0.5109961190168176,0.0511210762331838,80.143721633888,0.32361268403171,0.4238391845979615,0.0161381653454133,0.218573046432616,3532
06037900607,1.3596855549130737,0.9770494424165833,0.3562122074354512,0.3952405658289481,-0.557225683507559,0.6123912851637874,6,0.5238922287083808,8,3,0.2964088397790055,39519.0,0.1198275862068965,0.589527027027027,0.0663793103448275,82.3247604639435,0.4724732949876746,0.1448918104628868,0.035058887975897,0.3311421528348398,3651
06037900608,0.9477123491135651,0.5115842282694418,-0.6531446008813058,0.617583649212281,-0.6726019864255477,-0.29977755811097795,6,0.07522601352957609,6,3,0.2526960069950452,55585.0,0.032520325203252,0.6185819070904646,0.0538617886178861,58.3837619768028,0.4986937590711175,0.2490566037735849,0.0449927431059506,0.1872278664731494,3445
06037900609,2.216331649459568,1.1280808230557624,-0.018315798547843255,-0.5461937336599468,-0.7535272171589211,-0.41505956042058334,6,0.268552693788006,7,3,0.3873041382081157,34306.0,0.087431693989071,0.466504263093788,0.0450819672131147,55.3580433686334,0.4813177983125753,0.301727601446364,0.0186822016874246,0.1305745279228606,4978
06037900701,1.8775441043574965,0.982206470184428,0.4202235212219982,-0.6160284321859503,-0.8250911212804649,0.8501604149273528,6,0.44816915953747666,8,3,0.3513567438148444,39341.0,0.1253644314868804,0.457378551787351,0.0373177842565597,88.565305093293,0.3627294493216281,0.290901835594573,0.0245411013567438,0.2938946528332003,5012
06037900703,1.307205734663211,0.9359380806043841,0.8668882507486516,0.08438048385246709,-0.7582329458374459,0.3895127473652144,6,0.47094872523274706,8,3,0.2908404154863078,40938.0,0.164,0.5489051094890511,0.0445714285714285,76.4750378214826,0.3745688664060703,0.3062773051276155,0.04368820418487,0.2423545642676477,4349
06037900704,0.39971169737114814,0.8956089645771949,-0.05418731394963803,-0.8908213680036988,-0.4824632349120636,-0.006288793897770339,6,-0.023073341469137962,5,2,0.19454984477406,42330.0,0.084328882642305,0.4214697406340058,0.0744905130007027,66.0867372667675,0.1821305841924398,0.4395189003436426,0.1041237113402061,0.2381443298969072,2910
06037900705,0.10550257803943026,0.7447224442685734,-0.08072409182295642,0.09556227790392607,-0.5300831060125447,-0.16095881366315976,6,0.029003548118878144,6,3,0.1633324892377817,47538.0,0.0820335066435586,0.5503663003663004,0.0693240901213171,62.0272314674735,0.3015075376884422,0.1615577889447236,0.0190954773869346,0.4477386934673367,3980
06037900803,1.0863401320524626,0.4953888433131209,-0.40535197021728325,0.20254985526629773,-0.7362887154516617,0.014846239858991276,6,0.10958073080365456,6,3,0.2674052478134111,56144.0,0.0539538714991762,0.5643469971401335,0.0469522240527182,66.6414523449319,0.4549194377785396,0.1566678093932122,0.0349674322934521,0.3259056107873386,8751
06037900804,0.8046027398321585,0.954393286717401,0.28782495741142106,-0.0049326023907556625,-0.308441244005007,0.7636989131951469,6,0.4161910084600608,7,3,0.2375112174693389,40301.0,0.1139122315592903,0.5372340425531915,0.0933706816059757,86.2960161371659,0.5715986900863352,0.231914260196487,0.0285799345043167,0.1574873474248288,3359
06037900805,-0.05329948755923816,0.2801263921047764,-0.4315591336724307,-0.1469077136913428,-0.6463298457479211,0.09746500818087613,6,-0.15008413006421337,5,2,0.1464826357969724,63574.0,0.0516870064608758,0.5186813186813187,0.0567121320890165,68.80988401412,0.4788445890968267,0.1287632221318145,0.0154597233523189,0.3500813669650122,4916
06037900806,2.353619388735295,1.4960840068038634,2.7599703667419897,0.2892314242761206,-0.5376175696657185,0.746886954524997,6,1.184695761902758,10,4,0.4018711923411662,21604.0,0.3277476589452932,0.5756741882223445,0.0685066535239034,85.8547655068079,0.3236944324557617,0.3923176521363832,0.0511437203280103,0.2080276219249029,4634
06037900900,-0.2891878839103097,0.5555927966927897,-0.7411154269518218,-0.8308548965456564,-0.6245533171816284,-0.7647483007597246,6,-0.4491445047760585,3,2,0.1214534594325535,54066.0,0.0249110320284697,0.429305912596401,0.0590747330960854,46.1800302571861,0.2093081134892981,0.0975609756097561,0.0156794425087108,0.6416127426580388,4018
06037901003,,,,,,,0,,,,,,,,,,0.4073544433094995,0.2958120531154239,0.0163432073544433,0.1180796731358529,4895
06037901004,-0.9030854758986296,-0.7373725697306283,-0.8191923206439212,-0.12842130619575037,-1.0090781818987435,-1.3277087453716399,6,-0.8208097666232188,2,1,0.0563152358605065,98694.0,0.0181575433911882,0.5210970464135021,0.0173564753004005,31.4044377206253,0.3731846264944234,0.1283800048142502,0.085693653213512,0.3958116023429351,12463
06037901007,-1.0279222219401734,-0.45379398663139875,-0.7024275032099621,-1.8161894183610556,-0.7204960286074257,-1.5111992657144286,6,-1.0386714040774072,1,1,0.043069306930693,88906.0,0.0282574568288854,0.3005464480874317,0.0486656200941915,26.588502269289,0.2984718242597898,0.0262655205348615,0.0444126074498567,0.5463228271251194,2094
06037901008,0.41803249115207075,0.3794136626688405,-0.8763229956454508,-0.951195885341332,-0.8645234948941973,-0.6216064812252978,6,-0.41936711721422776,4,2,0.1964937910883857,60147.0,0.013215859030837,0.4135802469135802,0.0330396475770925,49.9369641956631,0.3673469387755102,0.1330174927113702,0.0925655976676384,0.3669825072886297,2744
06037901009,-0.0974633461995603,-0.10705629940912871,-0.4761674829626816,-0.5416753794255903,-0.8498242343577495,-0.4621330446970055,6,-0.42238663117528596,4,2,0.1417965850037119,76938.0,0.0478284771852666,0.4670947030497592,0.0346344145134689,54.1225416036309,0.2702301410541945,0.1958054936896807,0.0478841870824053,0.4550853749072012,5388
06037901010,0.45471826002131344,0.38659873506448916,-0.6212268213182494,-1.0209390166038435,-0.940404805417143,-0.7815602594298777,6,-0.42046898461388515,4,2,0.2003863716192483,59899.0,0.0352811466372657,0.4044665012406948,0.0248070562293274,45.738779626828,0.3396819849729163,0.1637253188886947,0.0213174908264896,0.4574523851127031,5723
06037901011,0.17971583517700088,0.009440378425158371,-0.3254503966176578,-0.7776338265285939,-0.7749611150679527,-1.0683242401750217,6,-0.45953556079784447,3,2,0.1712069617858494,72917.0,0.0608651911468812,0.4362606232294617,0.0427565392354124,38.2123045890066,0.2446368084305608,0.1098983816334211,0.0730146782085058,0.4969890854347008,5314
06037901101,-0.16935468251659713,-0.04346261429441592,-0.7092687174312977,0.8033504036589018,-0.7759311536997914,-1.0630404817358314,6,-0.326284541003172,4,2,0.1341684822076979,74743.0,0.0276657060518732,0.6428571428571429,0.0426512968299711,38.3509833585477,0.2922630911396992,0.1092589237180648,0.0655915926798333,0.4861387932596485,5519
06037901102,-0.4956252805158487,-0.3536665261501015,-0.58032548758355,-1.4868706554640416,-1.0682666818261952,-0.9996353804655511,6,-0.830731668667548,2,1,0.099549211119459,85450.0,0.0388190267905959,0.3435804701627486,0.0109349371241115,40.0151285930408,0.2960464680532134,0.0766348135656736,0.0348510399100618,0.5321341577665355,5337
06037901205,-0.45221864171286197,-0.10801237759080776,0.018213449616494043,1.1055276900567932,-1.0451691272194037,-1.6985325194675418,6,-0.36336525438622136,4,2,0.1041549163376574,76971.0,0.0905913978494623,0.6823444283646889,0.0134408602150537,21.6717095310136,0.2597607344894742,0.1983678011685059,0.0526755077436705,0.465825836965594,10783
06037901209,-0.5440605507493256,0.2861815539220771,-1.0291111731370455,-0.016562573700822994,-1.0713473450683217,-1.0644815067647049,6,-0.5732302659163572,3,1,0.0944099378881987,63365.0,0.0,0.5357142857142857,0.0106007067137809,38.3131618759455,0.3304773561811505,0.0336597307221542,0.0275397796817625,0.5642594859241126,1634
06037901210,-0.8675493071544306,0.290643252103246,-0.9205574445279943,0.9677152429431355,-0.808446302305663,-1.9118042237403163,6,-0.5416664637803371,3,2,0.0600858369098712,63211.0,0.0093896713615023,0.6643356643356644,0.0391236306729264,16.0741301059001,0.331698344573881,0.0055180870631514,0.0374003678724708,0.5444512568976089,1631
06037901213,-0.9475461126303167,-1.260260418910736,-0.7263238086953702,0.2092105649924342,-1.1251646579017318,-1.9593580496930254,6,-0.9682404138064576,2,1,0.0515976951283394,116742.0,0.0261904761904761,0.5652173913043478,0.0047619047619047,14.8260211800303,0.1170516480664417,0.0752660264728782,0.0487931481962107,0.7264469244744355,3853
06037910001,0.8417235698164399,0.7725935718678234,-0.7150733966587435,0.6589212884058337,0.12938496592535126,-0.20178785614781314,6,0.2476270238681486,7,3,0.2414499605988967,46576.0,0.0271636133922931,0.6239837398373984,0.1408717624763108,60.9556227937468,0.6742316784869976,0.0992907801418439,0.0274231678486997,0.1760441292356186,6345
06037910002,0.445463411133819,0.7639309241004889,-0.551288737681981,1.3202789474543235,-0.19344680109395226,0.5144015832006219,6,0.38322322118555335,7,3,0.1994043765376149,46875.0,0.0413306451612903,0.7104072398190046,0.1058467741935483,79.7528996469995,0.6467693901333679,0.0157969700893435,0.0,0.2994950148905865,7723
06037910101,1.506370732135718,0.8445891561548673,-0.3033102343204719,0.49382502264760025,1.7655631593189482,0.8376715313438114,6,0.8574515612134123,9,4,0.311973018549747,44091.0,0.0627802690582959,0.6024096385542169,0.3183856502242152,88.2375189107413,0.7273215244229737,0.1626409017713365,0.0187869028448738,0.0708534621578099,1863
06037910201,0.5007163375243464,0.453408319517577,-0.05439578373868839,-0.4440385704439273,-0.10813378793163424,0.005239406333192364,6,0.05879932021014431,6,3,0.2052670440561161,57593.0,0.0843108504398826,0.4798534798534798,0.1151026392961876,66.3893091275845,0.539010583312823,0.0625153827221265,0.0376569037656903,0.3150381491508737,4063
06037910202,-0.7006491073258886,-1.084979418936243,-0.5649316159229326,-0.7313585026810955,-1.0823196482083823,-1.01116358069651,6,-0.8625669789618421,2,1,0.0777949510561566,110692.0,0.0401505646173149,0.4423076923076923,0.0094102885821831,39.7125567322239,0.2902284046024386,0.0458526532715095,0.1037266014082088,0.5220676627168126,5823
06037910205,0.04332141217454653,0.22632526533574607,-1.0014533451541179,-1.3501559706112178,0.043731377760121176,-0.27768184100163446,6,-0.3859855169160928,4,2,0.156734693877551,65431.0,0.0023923444976076,0.3614457831325301,0.131578947368421,58.963691376702,0.5183673469387755,0.0187755102040816,0.0832653061224489,0.3118367346938775,1225
06037910206,-0.6682588744733831,-0.9879809415949862,-1.0291111731370455,-1.3453870542493416,-0.9336123287322677,-0.9487191627788082,6,-0.9855115891609719,2,1,0.0812317494027077,107344.0,0.0,0.3620689655172414,0.0255439924314096,41.3514876449823,0.4518008474576271,0.1488347457627118,0.0775953389830508,0.2857521186440678,3776
06037910207,-0.5777644869610347,-0.6541358237923276,-0.7699271379271161,-2.1932858587725783,-0.8754112060901804,-1.2326010934662133,6,-1.050520934501575,1,1,0.0908337477208685,95821.0,0.0224188790560471,0.2512690355329949,0.031858407079646,33.9006555723651,0.4160450853638323,0.1508370628211503,0.1040941488480026,0.2894082545997016,6033
06037910208,-0.4932121569287411,0.01807405412638134,-0.5152901910542013,0.5618256506382074,-0.8959542582868798,-0.23685279851698487,6,-0.26023495000370306,4,2,0.0998052580331061,72619.0,0.0444444444444444,0.6112956810631229,0.0296296296296296,60.0353000504286,0.5565217391304348,0.0893719806763285,0.0903381642512077,0.2190016103059581,6210
06037910209,-0.42512216074498516,-0.9171732120185133,-0.6966053384927273,-0.0703273591014607,-0.8631760058847934,-1.755693178946054,6,-0.7880162091980889,2,1,0.1070300157977883,104900.0,0.0287610619469026,0.5286885245901639,0.0331858407079646,20.1714573877963,0.3034670821971172,0.1571873782625633,0.1207635372029606,0.4063108687183482,5134
06037910210,-0.9300690564509037,-1.1035505133137058,-0.7625287577270056,-0.5707822318148645,-1.0042310708408597,-1.5188847325350703,6,-0.9816743937804017,2,1,0.0534521158129175,111333.0,0.0230588235294117,0.4632911392405063,0.0178823529411764,26.386787695411,0.3349910208592347,0.1270893769857715,0.0888244232628816,0.4369388037021688,7239
06037910301,-1.0206666198872703,-0.7735586803038749,-0.5054719557277777,-3.051085861042483,-1.1690560110194688,-1.7749068459976545,6,-1.3824576623297549,1,1,0.0438391699092088,99943.0,0.0452937013446567,0.1391752577319587,0.0,19.6671709531014,0.3076923076923077,0.0588538977800722,0.0123902942694889,0.5856995353639649,3874
06037910302,-0.9749322586540231,-0.46491926001820955,-0.6798549756383386,-2.01645613223433,-0.9944344986155675,-1.7696230875584642,6,-1.1500367021198221,1,1,0.0486918604651162,89290.0,0.0302099334357398,0.2743764172335601,0.0189452124935995,19.8058497226425,0.4172557549392786,0.0614464382816748,0.0480333514591263,0.432300163132137,5517
06037910401,-0.9982047849140239,-0.21749781542611513,-0.8477207479901263,-0.8364755510605477,-0.994665355577051,-0.07209560354950208,6,-0.6611099764195609,3,1,0.0462225055785782,80750.0,0.0156898938624826,0.4285714285714285,0.0189201661282879,64.3595562279375,0.4346595376631545,0.0553546155055826,0.1072495675420663,0.3434502280232741,6359
06037910402,2.0781556755153954,1.327582470299458,-0.2139880163571603,1.0990816490858213,0.6249540131375102,0.5105588497903014,6,0.9043907735785545,9,4,0.3726428370391219,27420.0,0.070506454816286,0.6815020862308763,0.1946375372393247,79.6520423600605,0.6932737929109685,0.120569355288864,0.010884733463578,0.0948925481440133,3583
06037910403,3.1851462376166166,1.3955509373970054,-0.062268310943793016,0.8720729614002065,1.9634745469030468,0.4625246821612971,6,1.30275017575573,10,4,0.4901011878574571,25074.0,0.0836298932384341,0.6518375241779497,0.3398576512455516,78.3913262733232,0.863476733977173,0.0575065847234416,0.0144863915715539,0.0403863037752414,2278
06037910404,0.030346507050624173,0.4140352816720669,-0.6742162157449416,0.030392795046650264,-0.345940030690549,0.17431967638727988,6,-0.06184366437981157,5,2,0.1553579784744969,58952.0,0.0306976744186046,0.5418502202643172,0.0893023255813953,70.8270297528996,0.6993464052287581,0.1008403361344537,0.0469187675070028,0.130718954248366,4284
06037910501,2.971390952629796,1.5249401846509039,1.8380560584704446,0.9490754885011815,-0.06980101452283867,0.4313024732024459,6,1.2741606904886555,10,4,0.4674204676121119,20608.0,0.248003992015968,0.6618998978549541,0.1192614770459081,77.571860816944,0.5965887313146799,0.286508240705251,0.0183978535837485,0.0917976236105787,5218
06037910502,1.4643901567493893,0.9983439110085259,0.517572646765166,0.6929381822688142,1.1176797699580012,0.3510854132620128,6,0.8570016800019848,9,4,0.3075186272296229,38784.0,0.1337849280270956,0.628428927680798,0.2480948348856901,75.4664649520928,0.7407978840643598,0.1423848357945779,0.0383513334802733,0.0632576592461979,4537
06037910504,1.0053832178093285,0.6420454419694653,-0.015332844238347586,0.4685678219604246,-0.11211077911172496,-0.15807676360541706,6,0.30507934913062157,7,3,0.2588152327221438,51082.0,0.087689713322091,0.5991091314031181,0.1146711635750421,62.1028744326778,0.7433004231311706,0.0806299952985425,0.0223319228960977,0.1457451810061119,4254
06037910505,-0.28835522884182657,0.12686416237501302,-1.0291111731370455,-0.19539133007969237,-0.0027538391071061214,-0.484228761806349,6,-0.31216269509950106,4,2,0.1215418091389493,68864.0,0.0,0.5123456790123457,0.1265356265356265,53.5426122037317,0.7435498912029841,0.0242461921044451,0.018029219769972,0.1414361206092632,3217
06037910601,0.8104418798027131,0.917830539284705,-0.36383784275484665,1.4807502901457166,-0.23201491089078782,0.04462742378897262,6,0.4429662298960788,8,3,0.2381307853090474,41563.0,0.057544757033248,0.7313769751693002,0.1016624040920716,67.423096318709,0.6978887897710377,0.1616116562592923,0.003716919417187,0.1199821587867975,6726
06037910602,0.9579141519857202,0.9185548409374922,0.24029549040955436,-0.031594311619084894,-0.12303805978318882,-0.3031399498450078,6,0.2764986936809142,7,3,0.2537784795849312,41538.0,0.109801031687546,0.53375,0.1134856300663227,58.2955118507312,0.6205729754116851,0.1538461538461538,0.0320324836453868,0.1658019399954884,4433
06037910603,-0.018145326500988927,0.4467157722458236,0.2802175163693133,0.3338356890706353,-0.6493928094177696,-0.44772279440830764,6,-0.00908199210688232,6,3,0.1502127035352794,57824.0,0.1132542037586548,0.5815028901734104,0.0563798219584569,54.500756429652,0.6903868360277137,0.1195150115473441,0.0157332563510392,0.1654157043879907,6928
06037910605,-0.12704167132116917,0.827959190206874,-0.596397815565244,0.06244403011328343,0.35339181925648877,-0.8737858612775612,6,-0.05890505143122136,5,2,0.1386581469648562,44665.0,0.0374288039056143,0.5460385438972163,0.1651749389747762,43.3182047402925,0.6979851537645811,0.0907741251325556,0.0460233297985153,0.1365853658536585,4715
06037910606,0.8459580284988196,0.5597647742128438,-0.418342835944231,-0.3736536271008004,-0.1951648550485378,-0.5096868706497186,6,-0.015187564338604085,5,2,0.2418992621110041,53922.0,0.0528301886792452,0.4890510948905109,0.1056603773584905,52.874432677761,0.7292534444088433,0.087151553989106,0.0602371034924703,0.1054149311118231,3121
06037910705,-0.5168881769996273,-0.08622538387496995,-0.23767178777940692,0.22584648047509603,-0.6025231608762759,-1.2215532349115417,6,-0.40650254399445424,4,2,0.0972930900285393,76219.0,0.0684578579315421,0.5673913043478261,0.0614648509385351,34.1906202723147,0.7020580384052355,0.1358822009816584,0.0339274950486523,0.1234823043141307,11613
06037910706,-0.22081593598538019,0.3809491821727493,-0.7073190102236553,-0.22624736521878858,-0.06149213092014447,-0.1076408875949653,6,-0.1570943579616974,5,2,0.1287081339712918,60094.0,0.0278343516632722,0.5083135391923991,0.120162932790224,63.4266263237519,0.7021107760672909,0.1418822409141406,0.0420568163783526,0.1033169338200285,6301
06037910707,0.3293345388872632,0.567761064459614,-0.8843132365250376,0.8191099854189766,-0.1908314566946785,-0.20226819782410027,6,0.07313211628700626,6,3,0.1870824053452116,53646.0,0.012524719841793,0.644916540212443,0.1061305207646671,60.9430156328795,0.6105166051660517,0.168450184501845,0.0197416974169741,0.1568265682656826,5420
06037910709,-0.7466246785882782,-0.404019977051865,-0.8769931192309401,-1.5110138870444338,-1.1690560110194688,-1.0688045818513128,6,-0.9627520424643831,2,1,0.0729166666666666,87188.0,0.0131578947368421,0.3404255319148936,0.0,38.1996974281392,0.6120647376164786,0.0461010299166258,0.0127513487003433,0.3207454634624816,2039
06037910711,-0.21990581941407963,0.2993638440028034,-0.3771964209719092,1.125922112651785,-0.5445173848011847,-0.22340323158086162,6,0.01004384998109222,6,3,0.1288047028086218,62910.0,0.0563892678490222,0.6850094876660342,0.0677580718508412,60.3883005547151,0.6698889614630961,0.0975832789026779,0.0587851077726975,0.173481384715872,7655
06037910712,-0.6809430956041717,0.06834058882981035,-0.8262871012622385,0.30118147985592686,-0.12532383400915476,-0.050960569792741,6,-0.21899875533042812,5,2,0.0798858773181169,70884.0,0.0175438596491228,0.5772357723577236,0.113237639553429,64.9142713061019,0.6776859504132231,0.1535812672176308,0.0192837465564738,0.1305096418732782,2904
06037910713,-0.6516153846187374,0.25410947673666157,-0.8903141917481417,0.3223347902745295,-0.2968083579593454,-0.5639654800704914,6,-0.3043765245642542,4,2,0.0829977236911223,64472.0,0.0120056497175141,0.58,0.0946327683615819,51.4498234997479,0.7456367720753413,0.1145671332296526,0.0298945913253844,0.0991878348021427,5787
06037910714,0.12757349694189718,0.48067103372848574,-0.5928480751421782,1.4025175794217768,-0.36089003074947307,-0.22388357325715286,6,0.13885673849055927,6,3,0.1656743463629303,56652.0,0.0377358490566037,0.7211538461538461,0.0876803551609323,60.3756933938477,0.7739018087855297,0.1374677002583979,0.013953488372093,0.0653746770025839,3870
06037910715,-0.42370400407869946,0.525114183143506,-0.17433717235827126,0.7940226109699398,-0.5513085623517378,-0.3401262589193404,6,-0.02838986726576719,5,2,0.1071804907421345,55118.0,0.0739361702127659,0.6416382252559727,0.0670212765957446,57.3247604639435,0.6503832857357583,0.1889373215090936,0.0303622425973245,0.1205471215992785,6653
06037910716,0.04754648646001535,-0.006465285870047698,-0.7409445095950355,1.17686631556722,-0.9010192017722763,-0.5625244550416221,6,-0.16442344170862436,5,2,0.157182999648753,73466.0,0.0249258160237388,0.6916666666666667,0.029080118694362,51.48764498235,0.6407279029462738,0.1072790294627383,0.029636048526863,0.2077989601386481,5770
06037910804,-0.7724594837009806,-0.6977387832901147,-0.8344455999438257,1.3599885717746778,-0.8155438030272141,-1.9723272749528578,6,-0.6220877288567191,3,1,0.0701754385964912,97326.0,0.0168381665107577,0.7155963302752294,0.0383536014967259,14.4856278366112,0.2931848852901484,0.0111336032388663,0.0192307692307692,0.6727395411605938,2964
06037910805,-0.4483517442905597,-0.9276900720169828,-0.7017734818487469,-0.5209833092129575,-0.955530509365611,-1.6207171679085564,6,-0.8625077141072358,2,1,0.1045652173913043,105263.0,0.0283140283140283,0.4697986577181208,0.0231660231660231,23.714069591528,0.1800084709868699,0.0101651842439644,0.0379076662431173,0.7416349004659043,4722
06037910807,-0.9330596464931246,-1.2296369450308948,-0.8195648119820795,-0.28986689948739763,-0.9065261671510748,-1.36373437109339,6,-0.9237314735396601,2,1,0.0531347962382445,115685.0,0.018125323666494,0.5,0.0284826514759192,30.4589006555724,0.3555417185554171,0.047011207970112,0.0800124533001245,0.4922166874221669,6424
06037910808,-1.3572304849074492,-1.291289501716138,-0.9109227966821166,2.701573175485657,-0.8007112910815783,-2.1486126701512984,6,-0.6345322615088206,3,1,0.0081277213352685,117813.0,0.0102230483271375,0.8909090909090909,0.0399628252788104,9.85879979828543,0.2542815674891147,0.0545718432510885,0.0055152394775036,0.6403483309143686,3445
06037910809,-1.0513855187264733,-2.1554103455573332,-0.6388673892766579,-2.350161047724654,-1.0912738662538584,-1.9800127417734996,6,-1.5445184848854128,1,1,0.0405797101449275,147639.0,0.0337552742616033,0.2307692307692307,0.0084388185654008,14.2839132627332,0.1275362318840579,0.0067632850241545,0.0415458937198067,0.7922705314009661,2070
06037910810,-1.0265974184392712,-2.163464579936327,-0.8514984733248891,0.19515204486624227,-1.1690560110194688,-1.80805042166167,6,-1.1372524765858973,1,1,0.0432098765432098,147917.0,0.0153631284916201,0.5633802816901409,0.0,18.7972768532526,0.1823778376298576,0.067333589842247,0.101192766448634,0.550596383224317,2599
06037910811,-1.4338304945861693,-1.4059609393854013,-1.0291111731370455,,-1.1690560110194688,,4,-1.2594896545320213,1,1,0.0,121771.0,0.0,,0.0,,0.1564245810055866,0.0893854748603352,0.0,0.7206703910614525,179
06037910812,-0.08375909220070142,-0.24105210517475362,-0.6964213286229743,0.6211475198011851,-0.3733278825540114,,5,-0.15468257775025113,5,2,0.1432506887052341,81563.0,0.0287769784172661,0.6190476190476191,0.0863309352517985,,0.2066115702479339,0.0,0.0110192837465564,0.7741046831955923,363
06037910813,-0.6853364153258297,-0.9404377811060369,-0.9559983061213054,-2.202997179993421,-0.8994624823832468,-2.0069118756457387,6,-1.2818573400959297,1,1,0.0794197196951069,105703.0,0.0063241106719367,0.25,0.0292490118577075,13.5779122541604,0.209313725490196,0.0012254901960784,0.0272058823529411,0.7431372549019608,4080
06037911001,0.39298371447947206,0.5624302042951006,-0.6096827659289187,0.22379547719641138,-0.9562582238061637,-0.6071962309365962,6,-0.16565463745011574,5,2,0.1938359653591441,53830.0,0.0362796833773087,0.5671232876712329,0.0230870712401055,50.3151790216843,0.4281711665817626,0.0445746306673459,0.0129903209373408,0.4872643912379011,3926
06037920011,-0.07250849718082242,0.17542134517786434,-0.04519865425500244,-1.5652870864914132,-1.1690560110194688,,5,-0.5353257807537685,3,2,0.1444444444444444,67188.0,0.0851063829787234,0.3333333333333333,0.0,,0.313953488372093,0.0930232558139534,0.0,0.4476744186046512,172
06037920012,-0.616176607841124,0.047857338088989426,-1.0291111731370455,-1.0435242827170434,-0.7518989695340758,-2.205773329629812,6,-0.933104504128352,2,1,0.0867579908675799,71591.0,0.0,0.4015151515151515,0.0452586206896551,8.35854765506808,0.1926192619261926,0.0,0.0081008100810081,0.7362736273627363,1111
06037920013,-0.7204873750605392,-1.681977813229533,-0.7745099898802659,-1.9734215463326978,-0.9909261599393924,-1.1696763338722205,6,-1.218499869719108,1,1,0.075689991636465,131298.0,0.0220224719101123,0.28,0.0193258426966292,35.5521936459909,0.3300808475048787,0.0415388904376916,0.1565374965151937,0.4237524393643713,7174
06037920015,-1.2172898566263088,-2.1030867941599887,-0.6556205238844817,0.10056785163628018,-1.1232449565725264,-2.2264280217102836,6,-1.2041837168862182,1,1,0.0229762629336579,145833.0,0.0323061630218687,0.5510204081632653,0.0049701789264413,7.81643973777105,0.2310732745515354,0.0273639404074186,0.0726664639708117,0.6433566433566433,6578
06037920016,-1.3121553058027728,-1.879770108572651,-1.0291111731370455,-0.17391960975975995,-1.129699972784094,-2.472362959970778,6,-1.3328365216711835,1,1,0.0129104687061465,138125.0,0.0,0.5151515151515151,0.0042698548249359,1.36157337367625,0.2119000841987089,0.0471512770137524,0.1389278697726635,0.5728318832444569,3563
06037920017,-0.9491149590892693,-1.1605095952888882,-0.8627662508800105,-2.8667362569036743,-0.3217529112645835,-1.258059202309583,6,-1.2364898626226684,1,1,0.0514312310914591,113299.0,0.014388489208633,0.1632653061224489,0.0919264588329336,33.2324760463944,0.3383615688094685,0.0016245068461359,0.0496634950104432,0.5532606173126016,4309
06037920018,-1.1870417317546287,-1.1735759971051685,-0.9294476205778731,0.4753852127150115,-1.0101390428345571,-1.9713665916002794,6,-0.9660309618595826,2,1,0.0261857707509881,113750.0,0.0086206896551724,0.6,0.0172413793103448,14.5108421583459,0.2198616600790514,0.0301383399209486,0.0543478260869565,0.6793478260869565,2024
06037920020,-0.9853194975616494,-1.1509488134720975,-0.9296493686599773,0.10919095043410441,-0.4880292465509301,-2.0184400758767014,6,-0.9105326752812086,2,1,0.0475897119975358,112969.0,0.0086032388663967,0.5521472392638037,0.0738866396761133,13.2753403933434,0.3141055222273496,0.0119981541301338,0.073065682202738,0.5629903091832026,6501
06037920023,-0.8031253479724259,-0.21257256418716242,-0.6821242889201186,-0.645798114465263,-0.43972902469744485,-0.1369417298486557,6,-0.48671517834851175,3,2,0.0669216061185468,80580.0,0.0300136425648021,0.4534883720930232,0.0791268758526603,62.6575895108422,0.4783938814531548,0.0497131931166348,0.0,0.4233269598470363,2615
06037920026,1.6829454897822207,-0.33158981177314883,-0.22785568127518377,1.349959055232051,-1.1690560110194688,-1.5597137750197236,6,-0.04255178901220887,5,2,0.3307086614173228,84688.0,0.0693069306930693,0.7142857142857143,0.0,25.3151790216843,0.2072538860103626,0.0,0.0647668393782383,0.6062176165803109,386
06037920028,-1.0550414637079477,-1.3472345613774184,-0.7939542194165387,1.3359882270768269,-0.6894485100640584,-1.7907581213152257,6,-0.7234081081340603,2,1,0.0401917924129177,119744.0,0.0203405865657521,0.7124600638977636,0.0520340586565752,19.2511346444781,0.3237907206317867,0.0468199125652235,0.1610492173177267,0.4202510224227894,7091
06037920029,-0.4621939709875242,-0.07906928354543279,-0.7860503042541905,0.3294400169122934,-0.5877026168939642,-0.8963619200631922,6,-0.4136563464720017,4,2,0.1030964739574011,75972.0,0.0210242587601078,0.5809284818067754,0.0630727762803234,42.725668179526,0.4243607954545454,0.0500710227272727,0.0921519886363636,0.4034090909090909,5632
06037920030,-0.9355599703181563,-0.3884040334177738,-1.0291111731370455,1.1229062307324351,-0.9399898959316318,-0.4313911774144455,6,-0.43359166991443626,3,2,0.0528694968553459,86649.0,0.0,0.6846153846153846,0.0248520710059171,54.9293998991427,0.4074292452830189,0.0615172955974842,0.1161556603773584,0.3803066037735849,5088
06037920031,-0.9365226138050639,0.21931402533676633,-0.04926950595047842,1.1602683816267572,-1.0118923895246617,-1.199937859478493,6,-0.3030066602991956,4,2,0.0527673545966228,65673.0,0.084754262788365,0.6894977168949772,0.0170511534603811,34.7579425113464,0.3186737278379,0.0504259728298411,0.0755238314529127,0.509555606723463,4343
06037920032,-0.9971099629418734,-1.9200123084015057,-0.9169775931480646,-1.0551190116898068,-1.124355796884043,-2.466598859855298,6,-1.413362255486765,1,1,0.0463386727688787,139514.0,0.0096993210475266,0.4,0.0048496605237633,1.51285930408472,0.245362563237774,0.0323215289488476,0.1056773468240584,0.5775716694772344,3558
06037920033,0.5677015906136141,0.34745747374787095,-0.6585671956734561,-1.0551190116898068,-0.6372953867084185,-1.3613326627119422,6,-0.46619253207035644,3,2,0.2123745819397993,61250.0,0.032051282051282,0.4,0.0576923076923076,30.5219364599092,0.3812709030100334,0.0618729096989966,0.0133779264214046,0.5066889632107023,598
06037920034,-0.42011566240671444,-0.3590843025129495,-0.869134621981179,-1.1571526266501286,-0.29325345757236276,-0.8449653607001617,6,-0.6572843386372492,3,1,0.1075612353567625,85637.0,0.0138376383763837,0.3866666666666666,0.0950184501845018,44.0746343923348,0.4445910290237467,0.0097625329815303,0.1116094986807387,0.3759894459102902,3790
06037920035,-0.5678364085099827,-0.10862079097914898,-0.8388742086846525,1.3999918837513323,-0.9610518552005723,-0.22244254822828324,6,-0.21647232130855124,5,2,0.0918871765047979,76992.0,0.0164551010813352,0.7208237986270023,0.0225669957686882,60.4135148764498,0.5139956490210297,0.0137781000725163,0.1109499637418419,0.3318346627991298,6895
06037920036,0.34319665477235756,-0.12774235461273004,-0.5058775222013908,1.5310643313556844,-0.20562189139844078,-0.06296911169999113,6,0.1620083510359149,6,3,0.1885532591414944,77652.0,0.0452586206896551,0.7379518072289156,0.1045258620689655,64.5990922844176,0.6235294117647059,0.0143084260731319,0.054054054054054,0.2724960254372019,3145
06037920037,0.8764288441090126,0.4164689352254317,-0.7980408088541422,1.1870301012605529,0.9762718289906439,-0.5937466640004768,6,0.34406870612183704,7,3,0.2451323987538941,58868.0,0.019987105093488,0.692994828396803,0.2327530625402966,50.6681795259707,0.6866640821864702,0.0504942818375654,0.0534018220585384,0.1747431672804807,10318
06037920038,-0.33705690153489815,0.5109758148811006,-0.06883498919557304,0.9005252750496835,-0.17828377288943228,-0.33003908371725077,6,0.0828810570989383,6,3,0.1163742690058479,55606.0,0.0830618892508143,0.6555555555555556,0.1074918566775244,57.5895108421583,0.5497076023391813,0.0538011695906432,0.0,0.323391812865497,1710
06037920039,-1.0596019638947447,-1.5374651474654386,-0.8841460057782499,0.6782231219734818,-0.8801160688650839,-1.383428379821282,6,-0.8444224073085529,2,1,0.0397078959379278,126310.0,0.012539184952978,0.6265060240963856,0.0313479623824451,29.9420070600101,0.3633044272021908,0.1122774988589685,0.0264719306252852,0.4272021907804655,2191
06037920040,-1.0473652076594844,-0.7642007029498648,-0.8800575441686135,0.46379048374224807,-0.41147923117906704,-1.4607633897039765,6,-0.6833459319864597,3,1,0.0410062893081761,99620.0,0.0128928283642224,0.5984848484848485,0.0821917808219178,27.9122541603631,0.3194269917064589,0.050515204825333,0.1211359638100025,0.4692133701935159,3979
06037920041,-0.34928378612075023,-0.3448879901183211,-0.9034484329537411,0.4533635691983952,0.37382046705404515,-0.7018235411657315,6,-0.24537661901768393,4,2,0.115076923076923,85147.0,0.0108695652173913,0.5971223021582733,0.1673913043478261,47.8315683308119,0.6288968824940048,0.0251798561151079,0.0749400479616307,0.25,1668
06037920042,-0.7186418526689017,-0.6218319700780203,-0.6133912860922787,0.27541983666212044,-0.5298506030291303,-0.8819516697744942,6,-0.5150412574967841,3,2,0.0758858126524171,94706.0,0.035958904109589,0.5738693467336683,0.0693493150684931,43.1038830055471,0.3218884120171674,0.0466380543633762,0.134620886981402,0.4311874105865522,6990
06037920043,-1.009792797444936,-2.116906469695168,-0.9718219159672546,-1.4152376527262351,-0.8219271726849342,-1.2638233024250647,6,-1.2665848851572654,1,1,0.0449929478138222,146310.0,0.0049554013875123,0.3529411764705882,0.0376610505450941,33.0811901159859,0.2565217391304348,0.0462833099579242,0.261851332398317,0.3872370266479663,7130
06037920044,-1.139190949824375,-0.7309407710538782,-0.5844584001807382,-1.00466282846767,-1.0361158549417062,-1.8339888721813304,6,-1.0548929461082832,1,1,0.031263026260942,98472.0,0.0384615384615384,0.4065934065934066,0.0144230769230769,18.1164901664145,0.3343059608170071,0.0100041684035014,0.1154647769904126,0.496040016673614,2399
06037920045,-1.1763174591124816,-1.9639049885604078,-0.7017513075030427,-0.9530853967294861,-1.0591640985935387,-2.284549364541377,6,-1.3564621025067225,1,1,0.02732368052312,141029.0,0.0283159463487332,0.4133333333333333,0.0119225037257824,6.29097327281896,0.1975712283979449,0.0238206445586174,0.1298458664175618,0.634049509574965,4282
06037920102,-0.9365784050774058,-0.49168944910522305,-0.6450257214139893,-0.11043516215223197,-0.658691439882986,-1.2763121860086057,6,-0.6864553939400736,3,1,0.0527614348073638,90214.0,0.0332225913621262,0.523447401774398,0.0553709856035437,32.7534039334342,0.3651664837175265,0.0236004390779363,0.0482985729967069,0.4924990852542993,5466
06037920104,-1.2213195838456439,-1.5755634144020432,-0.8930997367033517,-1.6173450533079041,-1.1256810267619406,-1.5227274659453913,6,-1.3259560468277125,1,1,0.0225486846600614,127625.0,0.0117647058823529,0.3265306122448979,0.0047058823529411,26.285930408472,0.2560518240709171,0.0105693828844186,0.034435731333106,0.6307534947153085,2933
06037920106,-1.0491555188672332,-0.4590379305975778,-0.9659364622252207,-0.9947043712527751,-0.020685526168499325,-0.7171944748070115,6,-0.7011190473197195,2,1,0.0408163265306122,89087.0,0.0054644808743169,0.4078947368421052,0.1245901639344262,47.428139183056,0.6196391600118308,0.0192250813368825,0.0280981958000591,0.323868677905945,3381
06037920107,-1.1164354471065578,-3.10746141004689,-0.8078485492736199,-0.7180765651602266,-0.6949663954056297,-1.8263034053606886,6,-1.378515295392269,1,1,0.0336775218427323,180500.0,0.0191387559808612,0.4440433212996389,0.0514354066985645,18.3182047402925,0.1756949960285941,0.039078633836378,0.253693407466243,0.4956314535345512,6295
06037920108,-0.5421067568700432,-1.334052271296692,-0.9762307976225169,1.0386957953084524,-1.0741964828404826,-1.8272640887132707,6,-0.7858591003390921,2,1,0.09461724715962,119289.0,0.0045740423098913,0.6736111111111112,0.0102915951972555,18.2929904185577,0.1550315633122911,0.0306349795766802,0.2965094689936873,0.4073523950984032,5386
06037920109,-1.2418982121084279,-1.1506590928109828,-0.6231703539590405,0.6266026959645892,-0.9429490404129423,-2.1000981608460045,6,-0.9053620273621349,2,1,0.0203651685393258,112959.0,0.0351130351130351,0.6197604790419161,0.0245310245310245,11.1321230458901,0.1910112359550561,0.0714536516853932,0.1255266853932584,0.5753160112359551,5696
06037920110,-1.347901796004864,-2.075650247552411,-1.0291111731370455,-1.2060137943776064,-0.8589978284446259,-2.324898065349739,6,-1.4737621508110486,1,1,0.0091175512862259,144886.0,0.0,0.380281690140845,0.0336391437308868,5.23197175995966,0.1735751295336787,0.0362694300518134,0.1444300518134715,0.6272668393782384,3088
06037920111,-1.1483439684615508,-0.981838863579351,-1.0291111731370455,0.39035720024807746,-0.6226233933456219,-2.2610126224031655,6,-0.9420954701131095,2,1,0.0302918359807905,107132.0,0.0,0.5888888888888889,0.0592841163310962,6.90872415532022,0.2443389335281227,0.0449233016800584,0.0547845142439737,0.6274653031409788,2738
06037920112,-1.013714069972032,-0.9072937374744964,0.10508433027654056,1.4626888970433,-1.0131496484564633,-1.3584506126541995,6,-0.4541391402062251,3,2,0.0445768772348033,104559.0,0.098105548037889,0.7290167865707434,0.016914749661705,30.5975794251135,0.1804796960341961,0.0398955117549275,0.112562336737117,0.6288292567086203,4211
06037920114,-0.790850795459429,-1.3701804377377156,-1.0291111731370455,0.18359338991372634,-0.7567727516628646,-1.4746932983163872,6,-0.8730025110666193,2,1,0.0682240099009901,120536.0,0.0,0.5618698441796517,0.0447298494242692,27.5466464952093,0.194538201902424,0.0254679349493709,0.1684565817735501,0.5773243326173673,6518
06037920115,-1.2694905788791035,-1.295403535103969,-0.8539449292451672,0.23756250115336086,-0.8836754739495946,-1.0923413239895259,6,-0.8595488900023333,2,1,0.0174374526156178,117955.0,0.0151515151515151,0.568922305764411,0.030961791831357,37.5819465456379,0.1582006570634319,0.0232499368208238,0.1956027293404094,0.5660854182461461,3957
06037920116,-0.8180618864006499,-1.172706835121824,-0.9515680676092995,-0.6377087686703115,-1.0791322631684943,-1.5472248914361826,6,-1.0344004520677936,1,1,0.0653367496339678,113720.0,0.0067073170731707,0.4545454545454545,0.0097560975609756,25.642965204236,0.2200328407224959,0.0795475278233898,0.1196861886517059,0.5426017150155081,5481
06037920118,-1.2394131636538572,-1.5407969350682595,-0.7341557008931506,-0.7508621478021023,-1.0361404325264865,-1.6456949350756387,6,-1.1578438858365825,1,1,0.020628847113625,126425.0,0.0255130338325013,0.4397590361445783,0.014420410427066,23.0584972264246,0.2611433305716653,0.0351284175642087,0.1367025683512841,0.5426677713338857,6035
06037920119,-0.699263940086713,-2.0013368979764485,-1.0291111731370455,-0.8000349742890042,-1.0660707132013136,-1.6327257098158063,6,-1.2047572347510551,1,1,0.0779419256240448,142321.0,0.0,0.4333333333333333,0.0111731843575419,23.3988905698437,0.2573454913880446,0.0253292806484295,0.1099290780141844,0.5754812563323202,1974
06037920200,,,,,,,0,,,,,,,,,,0.5944743185610977,0.1785648062302985,0.012423511959948,0.1340626738364546,5393
06037920303,-0.3260957464104635,-0.6510358127183986,-0.9175905419775863,0.6722921889542283,-0.961595274417944,-1.2037805928888101,6,-0.5646342965764957,3,1,0.1175373134328358,95714.0,0.0096463022508038,0.6257309941520468,0.022508038585209,34.6570852244075,0.267412935323383,0.0049751243781094,0.1517412935323383,0.4278606965174129,1608
06037920312,0.13528088542756525,-0.17377896766388204,-0.192715286072159,0.8399890270433339,-0.38816177991950246,-0.22580493996231313,6,-0.0008651768578262544,6,3,0.1664921465968586,79241.0,0.0723465016658733,0.6476449275362319,0.0847215611613517,60.3252647503782,0.3158256093374528,0.0518365945760384,0.0588740130449708,0.5369035358736698,5826
06037920313,-0.3702463924416492,-0.9772612771337362,-0.19037398179593173,-0.317393953883168,-0.8678408425644072,-0.6758850906460707,6,-0.5665002564108271,3,1,0.1128526645768025,106974.0,0.0725490196078431,0.4964028776978417,0.0326797385620915,48.51235501765,0.3607135449076954,0.0089193113461937,0.0811035054967849,0.533084422319021,4821
06037920314,-0.962603649330472,-0.8029073832748107,-0.9301937648216317,-0.5993438566280784,-0.8240277271527617,-1.494387307044279,6,-0.935577281375339,2,1,0.05,100956.0,0.0085561497326203,0.4595588235294117,0.0374331550802139,27.029752899647,0.2797945205479452,0.0167808219178082,0.0616438356164383,0.6123287671232877,2920
06037920322,-0.8372128149705873,-1.0875579328201652,-0.1817708487684994,-0.6945675357482874,-0.7803795707599863,-1.0212507558985997,6,-0.7671232431610209,2,1,0.0633047210300429,110781.0,0.073293172690763,0.4471153846153846,0.0421686746987951,39.4478063540091,0.2063770147161878,0.0550105115627189,0.028030833917309,0.6643307638402243,2854
06037920326,-1.0061198538891896,-1.1320590263674084,-0.5517366098568891,0.230903690316198,-0.5736696265360138,-1.0231721226037602,6,-0.6759755914895106,3,1,0.0453826691967109,112317.0,0.0412919051512673,0.5680521597392013,0.0645952575633687,39.3973777105396,0.1845351043643263,0.055977229601518,0.2560088551549652,0.4818153067678684,6324
06037920328,-0.49878311991376467,-1.0951196420752631,-0.6137469061838482,-0.8567203159336272,-0.6612829917172598,-0.762826934054564,6,-0.7480799849797212,2,1,0.0992141453831041,111042.0,0.0359281437125748,0.4259259259259259,0.0550898203592814,46.2304589006556,0.1193516699410609,0.0206286836935167,0.1915520628683693,0.5913555992141454,2036
06037920329,-0.6997253503940497,-0.5182278616633447,-0.5929222191085266,-0.35439068635100773,-0.8494935420249283,-1.6581838186591797,6,-0.7788239130335061,2,1,0.077892967217708,91130.0,0.0377294357579877,0.4915682967959527,0.0346702923181509,22.7307110438729,0.1810682326621923,0.0332774049217002,0.0789988814317673,0.6607941834451901,7152
06037920330,-0.533734273311243,-0.44408834448405077,1.9099916161177184,0.7311568081681085,-1.1690560110194688,-1.347883095775819,6,-0.1422688833841258,5,2,0.095505617977528,88571.0,0.2542262678803641,0.633423180592992,0.0,30.8749369641957,0.2303875968992248,0.01984496124031,0.1444961240310077,0.5792248062015504,3225
06037920331,-1.0764891531766394,-0.839672935170287,-0.7509803287858673,-0.08163503222143567,-1.0212262731730393,-2.1399665199780795,6,-0.9849950404175581,2,1,0.0379160636758321,102225.0,0.0240577385725741,0.5272108843537415,0.0160384923817161,10.0857286938981,0.2808730614589316,0.028719126938541,0.0482481332567489,0.5763928776565193,3482
06037920332,-1.017711323357988,-0.5337858611652129,-0.9496543202376374,-0.9935470026620273,-0.6305950810183594,-0.7474560004132841,6,-0.8121249314757515,2,1,0.0441527446300716,91667.0,0.0068728522336769,0.4080459770114942,0.0584192439862542,46.6338880484115,0.2510254306808859,0.0049220672682526,0.0434782608695652,0.6493027071369976,2438
06037920334,-0.500953243116412,-0.40648260267134134,0.35778199965524754,0.14782342298999518,-0.949599245430781,-1.4598027063513983,6,-0.468538729154115,3,2,0.0989838822704975,87273.0,0.1199633699633699,0.5571955719557196,0.0238095238095238,27.9374684820978,0.2279234357407109,0.0249316390542062,0.0810680392472253,0.6232909763551552,6217
06037920336,0.6020891310924872,0.47313829653949924,-0.4243401267074205,-0.0024937434282646166,1.6230107219811363,0.20938461875645542,6,0.4134648163723155,7,3,0.2160233066278223,56912.0,0.0523114355231143,0.5375527426160338,0.3029197080291971,71.7473524962179,0.7655863973259701,0.0037785205638715,0.0354599622147943,0.1525940996948118,6881
06037920337,0.49098490674633316,0.4909561171980634,-0.9264811336348592,0.8916911958323399,0.9342909736357664,0.07152655766121532,6,0.3254947695731432,7,3,0.2042344807720005,56297.0,0.0088772845953002,0.6544011544011544,0.2281984334203655,68.1290973272819,0.6801094627682558,0.0603485524989197,0.0985164914302174,0.1407172691919919,6943
06037920338,-0.8134686656555523,-2.4201281136179853,-0.843179399034695,-0.24872431280984877,-1.1690560110194688,-2.2365151969123738,6,-1.288511949841654,1,1,0.0658241179568193,156776.0,0.016082711085583,0.5053763440860215,0.0,7.55168935955623,0.1434074592890912,0.0428996673087025,0.2001400805463141,0.531955874627911,5711
06037920339,-0.9499021171133376,-2.0223706179733876,-0.9320824522233737,0.49351301232725114,-0.8054742608960372,-1.545303524731022,6,-0.9602699934349844,2,1,0.0513477088948787,143047.0,0.0083927822073017,0.6023688663282571,0.039446076374318,25.6933938477055,0.1191374663072776,0.0181940700808625,0.2630727762803234,0.5149595687331536,7420
06037930101,-1.4338304945861693,-2.19666656770009,-1.0291111731370455,-4.1161274604994444,-1.1690560110194688,,5,-1.9889583413884435,1,1,0.0,149063.0,0.0,0.0,0.0,,0.0,0.0,0.1666666666666666,0.7111111111111111,90
06037930200,1.4896158772821462,-0.36878994466029746,-0.16400441758939893,1.7704272487498585,-1.1690560110194688,,5,0.31163855055256784,7,3,0.3101952277657266,85972.0,0.0748299319727891,0.7692307692307693,0.0,,0.3796095444685466,0.0520607375271149,0.0281995661605206,0.5292841648590022,461
06037930301,0.18574257503121705,-0.3180019127668617,-0.4955278455894766,-4.1161274604994444,-1.1690560110194688,,5,-1.1825941309688068,1,1,0.1718464351005484,84219.0,0.0461538461538461,0.0,0.0,,0.2324120603015075,0.0816582914572864,0.0175879396984924,0.5603015075376885,796
06037980001,,,,,,,0,,,,,,,,,,,,,,0
06037980002,,,,,,,0,,,,,,,,,,,,,,0
06037980003,,,,,,,0,,,,,,,,,,,,,,0
06037980004,,,,,,,0,,,,,,,,,,,,,,0
06037980005,,,,,,,0,,,,,,,,,,,,,,0
06037980006,,,,,,,0,,,,,,,,,,,,,,0
06037980007,,,,,,,0,,,,,,,,,,,,,,0
06037980008,-1.4338304945861693,,-1.0291111731370455,3.5363936615246487,-1.1690560110194688,,4,-0.0239010043045087,5,2,0.0,,0.0,1.0,0.0,,1.0,0.0,0.0,0.0,68
06037980009,,,,,,,0,,,,,,,,,,0.8,0.0,0.2,0.0,5
06037980010,2.1375729641938506,1.5666889319175559,1.2417940601755266,1.1449808108921198,-0.34609314006189024,0.8136544475293112,6,1.0930996791077456,10,4,0.3789473684210526,19167.0,0.1964285714285714,0.6875,0.0892857142857142,87.6071608673727,0.3473684210526316,0.0105263157894736,0.3894736842105263,0.2526315789473684,95
06037980013,,,,,,,0,,,,,,,,,,,,,,0
06037980014,-1.4338304945861693,,-1.0291111731370455,-4.1161274604994444,-1.1690560110194688,,4,-1.9370312848105322,1,1,0.0,,0.0,0.0,0.0,,0.5555555555555556,0.0,0.0,0.4444444444444444,9
06037980015,-0.3513798546419955,0.20984015971831027,-0.40151554502157183,-0.35545993767617595,-0.010324288711197312,-0.5750133386251631,6,-0.2473088008262989,4,2,0.114854517611026,66000.0,0.0542857142857142,0.4914285714285714,0.1257142857142857,51.1598587997983,0.2846497764530551,0.3546944858420268,0.1967213114754098,0.0938897168405365,671
06037980018,,,,,,,0,,,,,,,,,,,,,,0
06037980019,-1.0240680204507806,-4.577793765204828,-1.0291111731370455,-1.5652870864914132,-1.1690560110194688,,5,-1.8730632112607073,1,1,0.0434782608695652,231250.0,0.0,0.3333333333333333,0.0,,0.0,0.0,0.144927536231884,0.8260869565217391,138
06037980020,,,,,,,0,,,,,,,,,,,,,,0
06037980021,-1.4338304945861693,,-1.0291111731370455,,-1.1690560110194688,,3,-1.2106658929142278,1,1,0.0,,0.0,,0.0,,0.4545454545454545,0.0,0.4242424242424242,0.1212121212121212,33
06037980022,,,,,,,0,,,,,,,,,,,,,,0
06037980023,,,,,,,0,,,,,,,,,,,,,,0
06037980024,-1.0957305159273731,-2.2310564101744244,-0.4125259946376322,-2.840707273495429,-1.1690560110194688,,5,-1.5498152410508657,1,1,0.0358744394618834,150250.0,0.0533333333333333,0.1666666666666666,0.0,,0.242152466367713,0.0717488789237668,0.0493273542600896,0.6098654708520179,223
06037980025,,,,,,,0,,,,,,,,,,,,,,0
06037980026,-1.4338304945861693,,-1.0291111731370455,,-1.1690560110194688,,3,-1.2106658929142278,1,1,0.0,,0.0,,0.0,,0.2692307692307692,0.4230769230769231,0.0,0.2692307692307692,26
06037980028,,,,,,,0,,,,,,,,,,,,,,0
06037980030,,,,,,,0,,,,,,,,,,,,,,0
06037980031,-1.4338304945861693,,-1.0291111731370455,1.9421184277696293,-1.1690560110194688,,4,-0.42246981274326356,4,2,0.0,,0.0,0.7916666666666666,0.0,,0.3293617021276596,0.1974468085106383,0.0306382978723404,0.334468085106383,1175
06037980033,7.990706410527773,,-1.0291111731370455,3.5363936615246487,-1.1690560110194688,,4,2.332233221973977,10,4,1.0,,0.0,1.0,0.0,,0.0,0.0,0.0,0.0,16
06037990100,,,,,,,0,,,,,,,,,,,,,,0
06037990200,,,,,,,0,,,,,,,,,,,,,,0
06037990300,,,,,,,0,,,,,,,,,,,,,,0
