geoid10,hpi_score,hpi_percentile,hpi_quartile,hpi_least_healthy_25,disadvantage_pctile,leb,pop_hpi
06037101110,-0.426857507,0.251219512,2,No,0.748780488,79.2,4283
06037101122,0.298980347,0.664955071,3,No,0.33504492900000005,80.0,3405
06037101210,-0.591275956,0.172015404,1,Yes,0.827984596,82.5,6347
06037101220,-0.469489391,0.229268293,1,Yes,0.7707317069999999,78.5,3702
06037101300,-0.050795693,0.460462131,2,No,0.539537869,80.0,3884
06037101400,-0.229028394,0.355584082,2,No,0.644415918,81.4,3458
06037102103,0.002022741,0.490757381,2,No,0.509242619,82.9,1763
06037102104,-0.014523543,0.480744544,2,No,0.519255456,85.4,3721
06037102105,-0.252465165,0.344415918,2,No,0.6555840820000001,78.7,1905
06037102107,-0.222268359,0.360077022,2,No,0.639922978,79.6,4349
06037103101,0.207426231,0.608472401,3,No,0.391527599,80.7,2428
06037103102,-0.080207517,0.441078306,2,No,0.558921694,80.6,4734
06037103200,-0.317088276,0.308985879,2,No,0.691014121,81.5,6349
06037103300,0.19602466,0.601412067,3,No,0.39858793299999995,81.0,3781
06037103400,0.091378103,0.544544288,3,No,0.455455712,79.6,6416
06037104103,-0.235222898,0.352503209,2,No,0.647496791,83.9,3431
06037104105,-0.374388826,0.27830552,2,No,0.72169448,75.9,6054
06037104108,-0.586063314,0.174454429,1,Yes,0.825545571,81.0,6001
06037104124,-0.073723667,0.445057766,2,No,0.554942234,79.2,3875
06037104201,-0.777355907,0.096919127,1,Yes,0.903080873,84.3,4569
06037104203,-0.634932682,0.150320924,1,Yes,0.849679076,82.1,5441
06037104204,-0.628678719,0.153530167,1,Yes,0.846469833,73.6,3679
06037104310,-0.478260644,0.224390244,1,Yes,0.775609756,77.4,4962
06037104320,-0.476141867,0.22593068,1,Yes,0.77406932,79.7,5292
06037104401,-0.709425105,0.120025674,1,Yes,0.879974326,79.1,3270
06037104403,-0.643316645,0.146469833,1,Yes,0.853530167,80.5,3341
06037104404,-0.717563979,0.116944801,1,Yes,0.883055199,78.9,3084
06037104500,-0.51951077,0.202952503,1,Yes,0.797047497,81.3,3025
06037104610,-0.771501811,0.098716303,1,Yes,0.901283697,78.7,3386
06037104620,-0.676923606,0.133504493,1,Yes,0.866495507,81.2,3528
06037104701,-1.310358519,0.007060334,1,Yes,0.992939666,80.3,4402
06037104703,-0.92343565,0.059948652,1,Yes,0.940051348,77.5,2174
06037104704,-0.670551382,0.136200257,1,Yes,0.863799743,78.1,4321
06037104810,-0.544436981,0.192554557,1,Yes,0.807445443,78.7,5631
06037104821,-0.587324851,0.173684211,1,Yes,0.826315789,77.7,3551
06037104822,-0.945858986,0.053530167,1,Yes,0.946469833,81.48333333,2839
06037106010,0.161870831,0.584852375,3,No,0.415147625,79.0,3093
06037106020,-0.140703071,0.407317073,2,No,0.592682927,81.7,5420
06037106111,0.149461422,0.579589217,3,No,0.420410783,79.5,4191
06037106112,0.119893834,0.561360719,3,No,0.43863928100000005,78.2,5611
06037106113,0.08385184,0.539409499,3,No,0.460590501,80.4,3697
06037106114,-0.556168704,0.188575096,1,Yes,0.811424904,78.1,6324
06037106403,-0.429967749,0.249293967,1,Yes,0.7507060329999999,79.9,3667
06037106405,-0.569386017,0.183568678,1,Yes,0.816431322,78.5,4758
06037106406,0.017826007,0.500385109,3,No,0.499614891,81.6,5839
06037106407,-0.948680128,0.052888318,1,Yes,0.947111682,77.8,3119
06037106408,-0.553040711,0.190115533,1,Yes,0.809884467,76.2,3667
06037106510,-0.020542947,0.477792041,2,No,0.5222079589999999,86.9,5618
06037106520,-0.417604328,0.255840822,2,No,0.744159178,83.5,5920
06037106603,0.425513256,0.745314506,3,No,0.25468549399999996,82.9,3156
06037106604,-0.529932735,0.197817715,1,Yes,0.802182285,77.7,5068
06037106641,0.408205213,0.733247754,3,No,0.266752246,81.0,2372
06037106642,0.408222472,0.733376123,3,No,0.266623877,84.0,2961
06037106643,0.466561656,0.769961489,4,No,0.23003851099999995,81.7,4577
06037106645,0.117713653,0.560462131,3,No,0.439537869,80.8,3650
06037106646,0.172288622,0.589216945,3,No,0.410783055,83.5,3161
06037106648,-0.461053343,0.232734275,1,Yes,0.767265725,79.1,4546
06037106649,-0.067902609,0.448652118,2,No,0.551347882,82.4,2661
06037107010,-0.500702113,0.214249037,1,Yes,0.785750963,75.1,3141
06037107020,-0.07716045,0.443003851,2,No,0.5569961489999999,79.1,5317
06037108101,0.371410291,0.711168164,3,No,0.28883183599999995,81.6,2327
06037108102,0.394191953,0.725417202,3,No,0.27458279799999996,86.6,3552
06037108103,0.560043269,0.819255456,4,No,0.18074454399999995,85.2,3099
06037108104,0.370908372,0.710783055,3,No,0.28921694499999995,83.3,1836
06037108201,0.487042519,0.782926829,4,No,0.217073171,86.8,5460
06037108202,0.411129749,0.735558408,3,No,0.26444159199999995,81.3,7487
06037109100,-0.30755465,0.312580231,2,No,0.687419769,77.3,2797
06037109200,0.351981546,0.696405648,3,No,0.30359435199999996,79.6,2846
06037109300,0.051480117,0.518870347,3,No,0.481129653,81.7,2962
06037109400,-0.097488573,0.431065469,2,No,0.568934531,80.86,3903
06037109500,-0.913783939,0.062002567,1,Yes,0.937997433,82.3,4832
06037109601,-0.101877509,0.428498074,2,No,0.571501926,83.7,4945
06037109603,-0.300361088,0.317971759,2,No,0.682028241,82.6,4297
06037109604,0.016282828,0.498973042,2,No,0.501026958,80.5,3195
06037109700,0.041774297,0.513607189,3,No,0.486392811,82.3,4616
06037109800,0.005979806,0.493709884,2,No,0.506290116,82.5,5534
06037111100,0.051575043,0.518998716,3,No,0.481001284,81.6,3179
06037111201,0.168341101,0.587676508,3,No,0.41232349199999996,83.8,3628
06037111202,0.033424914,0.510397946,3,No,0.489602054,79.4,5169
06037111204,0.672684048,0.872528883,4,No,0.12747111700000002,86.8,6114
06037111205,0.200815528,0.60436457,3,No,0.39563543,81.4,3869
06037111206,0.547724656,0.813735558,4,No,0.18626444200000003,84.4,4379
06037111301,-0.105102661,0.427086008,2,No,0.5729139919999999,84.4,7552
06037111302,-0.13101165,0.41296534,2,No,0.58703466,83.3,5163
06037111400,-0.043943256,0.464056483,2,No,0.535943517,81.9,8735
06037113101,0.214304214,0.61296534,3,No,0.38703466,80.2,3719
06037113102,0.446233271,0.758664955,4,No,0.24133504500000003,83.2,3021
06037113211,0.422127579,0.742747112,3,No,0.257252888,80.6,4109
06037113212,0.182070144,0.593581515,3,No,0.406418485,80.525,3494
06037113213,0.269918844,0.647368421,3,No,0.352631579,80.4,5248
06037113231,0.295757424,0.662901155,3,No,0.337098845,84.2,2303
06037113232,0.531040886,0.803979461,4,No,0.19602053900000005,84.1,4315
06037113233,-0.272462408,0.33465982,2,No,0.6653401800000001,77.2,7345
06037113234,-0.131350766,0.412708601,2,No,0.5872913989999999,82.4,4823
06037113235,0.331887716,0.684210526,3,No,0.315789474,78.8,1824
06037113237,0.064326212,0.526444159,3,No,0.47355584100000003,87.5,4194
06037113301,-0.101377534,0.428626444,2,No,0.571373556,83.4,3509
06037113303,0.2087765,0.60885751,3,No,0.39114249,79.8,4191
06037113321,-0.095576862,0.432734275,2,No,0.5672657249999999,80.9,6180
06037113322,0.460499742,0.767265725,4,No,0.232734275,80.3,4572
06037113401,0.030349988,0.508344031,3,No,0.49165596899999997,81.2,6550
06037113421,-0.222528294,0.359948652,2,No,0.6400513480000001,77.1,6879
06037113422,-0.177384134,0.387676508,2,No,0.612323492,82.2,6306
06037115101,0.237433707,0.626700899,3,No,0.37329910099999997,84.8,5083
06037115103,,,,,,,3381
06037115104,-0.125976069,0.415532734,2,No,0.584467266,80.4,4377
06037115201,-0.088860486,0.436456996,2,No,0.563543004,82.5,6647
06037115202,0.171748386,0.588960205,3,No,0.411039795,82.0,5684
06037115301,0.038306929,0.512323492,3,No,0.48767650799999995,81.3,4524
06037115302,-0.46971027,0.229139923,1,Yes,0.770860077,82.4,3957
06037115401,-0.210238901,0.366880616,2,No,0.633119384,80.4,6373
06037115403,-0.46287953,0.232092426,1,Yes,0.767907574,81.5,3583
06037115404,-0.154485373,0.398844673,2,No,0.6011553270000001,81.6,2800
06037117101,0.032175985,0.509627728,3,No,0.490372272,84.5,5224
06037117102,-0.202224823,0.372015404,2,No,0.627984596,78.5,2861
06037117201,-0.534045478,0.1957638,1,Yes,0.8042362000000001,79.6,5191
06037117202,-0.025903186,0.475353017,2,No,0.524646983,77.5,2633
06037117301,0.164462458,0.585879332,3,No,0.414120668,80.2,3910
06037117302,0.154222856,0.581386393,3,No,0.41861360700000005,81.2,5229
06037117303,0.059907543,0.524133504,3,No,0.47586649599999997,79.4,3754
06037117404,-0.016727332,0.479974326,2,No,0.520025674,78.7,5324
06037117405,-0.902155204,0.064955071,1,Yes,0.935044929,78.64285714,3574
06037117407,-0.985975528,0.046341463,1,Yes,0.953658537,76.2,3836
06037117408,-0.868759437,0.072272144,1,Yes,0.927727856,78.57142857,3073
06037117510,-0.768824191,0.10012837,1,Yes,0.89987163,78.1,3687
06037117520,-0.901906197,0.06508344,1,Yes,0.93491656,75.9,4168
06037117530,-0.493371924,0.217715019,1,Yes,0.782284981,81.2,6742
06037119001,-0.057433788,0.45661104,2,No,0.5433889599999999,82.9,4435
06037119002,-0.392771753,0.26957638,2,No,0.73042362,85.4,7976
06037119201,-0.42678225,0.251476252,2,No,0.748523748,82.0,4547
06037119202,-0.346005672,0.292939666,2,No,0.707060334,84.0,4759
06037119310,-0.66209905,0.140179718,1,Yes,0.859820282,79.8,4087
06037119320,-0.218893584,0.362130937,2,No,0.637869063,80.1,4906
06037119340,-0.971018768,0.049550706,1,Yes,0.950449294,76.2,4264
06037119341,-0.343972994,0.294223363,2,No,0.705776637,82.4,2890
06037119342,-0.52145839,0.202439024,1,Yes,0.797560976,76.2,2911
06037119400,-0.649106098,0.144159178,1,Yes,0.855840822,81.6,5499
06037119700,0.066501289,0.528241335,3,No,0.47175866499999997,80.4,4913
06037119800,-0.141520218,0.406675225,2,No,0.593324775,85.9,6054
06037119900,-0.155613938,0.397817715,2,No,0.602182285,82.7,5245
06037120010,-0.669302628,0.136970475,1,Yes,0.863029525,81.8,2704
06037120020,-0.869493439,0.071758665,1,Yes,0.9282413350000001,77.4,3872
06037120030,-1.101150263,0.025032092,1,Yes,0.974967908,82.35,2666
06037120103,-1.205824869,0.013350449,1,Yes,0.986649551,80.66,3452
06037120104,-0.613055106,0.16084724,1,Yes,0.8391527599999999,81.8,2228
06037120105,-0.610081972,0.162387677,1,Yes,0.837612323,82.8,2832
06037120106,-0.81690958,0.084980745,1,Yes,0.915019255,77.6,4763
06037120107,-0.914705291,0.061617458,1,Yes,0.938382542,79.5,3893
06037120108,-0.648048393,0.144929397,1,Yes,0.855070603,83.0,4732
06037120300,-0.249340937,0.345314506,2,No,0.654685494,87.3,5238
06037120400,-0.338275136,0.297304236,2,No,0.702695764,77.4,6769
06037121010,-0.265961275,0.337740693,2,No,0.662259307,79.6,4934
06037121020,-0.20518661,0.370089859,2,No,0.629910141,79.0,3610
06037121101,-0.404893629,0.263157895,2,No,0.736842105,76.2,2862
06037121102,-0.456619162,0.235686778,1,Yes,0.764313222,79.7,2479
06037121210,-0.744236904,0.107445443,1,Yes,0.892554557,81.1,2926
06037121221,-0.245106511,0.34762516,2,No,0.65237484,78.0,2420
06037121222,-0.891436201,0.067008986,1,Yes,0.932991014,80.4,5139
06037121600,-0.07420245,0.444929397,2,No,0.555070603,79.5,2735
06037121801,-0.687491366,0.128241335,1,Yes,0.871758665,77.1,3127
06037121802,-0.736279011,0.110911425,1,Yes,0.889088575,81.0,3216
06037121900,-0.552273573,0.190372272,1,Yes,0.8096277279999999,78.7,3761
06037122000,-0.327659212,0.303851091,2,No,0.6961489089999999,80.3,5892
06037122120,-0.401275654,0.264569961,2,No,0.7354300389999999,77.3,5011
06037122121,-0.459521841,0.234017972,1,Yes,0.765982028,80.8,2829
06037122122,-1.20717402,0.01322208,1,Yes,0.98677792,75.9,2728
06037122200,-0.571183557,0.18241335,1,Yes,0.81758665,78.7,3469
06037122410,-0.796602559,0.091912709,1,Yes,0.908087291,77.5,3457
06037122420,-0.509459535,0.20885751,1,Yes,0.79114249,78.4,4503
06037123010,-0.792645561,0.092554557,1,Yes,0.907445443,77.3,4027
06037123020,-0.507244571,0.210526316,1,Yes,0.7894736840000001,78.7,3250
06037123103,-0.398291156,0.267008986,2,No,0.732991014,87.3,3808
06037123104,-0.359427782,0.285879332,2,No,0.7141206680000001,83.4,4416
06037123203,-0.797589849,0.09139923,1,Yes,0.9086007700000001,75.9,4094
06037123204,-0.638129964,0.148908858,1,Yes,0.851091142,81.4,3129
06037123205,-0.646609645,0.145186136,1,Yes,0.854813864,78.3,2492
06037123206,-0.504855261,0.211938383,1,Yes,0.788061617,76.2,2572
06037123301,0.005667655,0.493196406,2,No,0.506803594,80.1,4530
06037123303,-0.594197609,0.170089859,1,Yes,0.829910141,84.2,3087
06037123304,-0.614310851,0.160462131,1,Yes,0.8395378689999999,81.4,4362
06037123410,-0.493944672,0.217073171,1,Yes,0.782926829,80.1,4181
06037123420,-0.623658953,0.155840822,1,Yes,0.844159178,83.0,4408
06037123510,-0.628073538,0.154043646,1,Yes,0.845956354,80.1,4795
06037123520,-0.584858772,0.175609756,1,Yes,0.8243902439999999,78.8,2816
06037123601,-0.205037649,0.370474968,2,No,0.629525032,81.0,4803
06037123602,-0.07953895,0.441591784,2,No,0.558408216,81.2,3659
06037123700,-0.087426827,0.437355584,2,No,0.5626444159999999,79.6,4435
06037123800,-0.153423528,0.399229782,2,No,0.6007702180000001,77.2,6018
06037123901,-0.279682303,0.332092426,2,No,0.667907574,78.8,4696
06037123902,0.020446449,0.501797176,3,No,0.49820282400000004,79.3,2668
06037124000,0.485520414,0.781514763,4,No,0.218485237,83.1,5219
06037124102,-0.344359202,0.294094994,2,No,0.7059050060000001,83.0,3551
06037124103,-0.474620884,0.226700899,1,Yes,0.773299101,77.4,1950
06037124104,-0.425448348,0.2521181,2,No,0.7478819,81.6,2492
06037124105,-0.505863881,0.211296534,1,Yes,0.788703466,76.0,2538
06037124201,-0.161001378,0.394865212,2,No,0.605134788,81.1,3348
06037124203,-0.618547485,0.158279846,1,Yes,0.841720154,76.2,2384
06037124204,-0.499905456,0.214505777,1,Yes,0.7854942229999999,77.1,2192
06037124300,-0.504006561,0.21283697,1,Yes,0.78716303,78.6,2988
06037124400,0.266252717,0.645442875,3,No,0.35455712500000003,84.5,4858
06037124500,0.261927169,0.64338896,3,No,0.35661104,83.0,2925
06037124600,-0.165085077,0.393453145,2,No,0.6065468549999999,82.0,2691
06037124700,0.372942235,0.712195122,3,No,0.287804878,77.7,5539
06037124902,-0.294168943,0.322464698,2,No,0.677535302,77.6,2706
06037124903,-0.13075066,0.41322208,2,No,0.5867779200000001,77.2,3499
06037125100,0.228437615,0.62182285,3,No,0.37817714999999996,82.2,5892
06037125200,0.027699643,0.506161746,3,No,0.49383825400000003,77.8,3907
06037125310,-0.25514373,0.342618742,2,No,0.657381258,79.7,4313
06037125320,-0.316537676,0.309499358,2,No,0.6905006419999999,79.9,5106
06037125401,0.209935466,0.610012837,3,No,0.389987163,75.1,4966
06037125402,0.064283665,0.526315789,3,No,0.473684211,77.6,4889
06037125501,-0.110935877,0.424261874,2,No,0.5757381260000001,78.9,3052
06037125502,0.086397727,0.541463415,3,No,0.45853658500000005,81.5,3488
06037125600,0.389212547,0.72182285,3,No,0.27817715,82.0,2811
06037127102,-0.466764782,0.23055199,1,Yes,0.76944801,82.7,5779
06037127103,-0.405013802,0.263029525,2,No,0.736970475,77.4,3109
06037127104,-0.522863064,0.201540436,1,Yes,0.7984595640000001,78.7,3821
06037127210,-0.663957041,0.139666239,1,Yes,0.860333761,78.6,5838
06037127220,-0.678298543,0.132991014,1,Yes,0.867008986,83.3,5045
06037127300,-0.243526734,0.349037227,2,No,0.650962773,80.5,3809
06037127400,-0.486831705,0.220667522,1,Yes,0.7793324779999999,78.8,6558
06037127520,-1.230089733,0.012195122,1,Yes,0.987804878,77.4,4870
06037127603,-0.684828379,0.130808729,1,Yes,0.869191271,76.8,3068
06037127604,-0.399340252,0.266238768,2,No,0.733761232,83.3,3157
06037127605,-0.639975349,0.148138639,1,Yes,0.851861361,78.6,4329
06037127606,-0.244113525,0.348780488,2,No,0.651219512,78.5,3322
06037127711,-0.177588414,0.38716303,2,No,0.61283697,78.1,3588
06037127712,-0.508975855,0.209242619,1,Yes,0.790757381,77.8,3560
06037127803,-0.504388928,0.212580231,1,Yes,0.787419769,81.1,4790
06037127804,-0.261815524,0.339794608,2,No,0.660205392,80.5,4352
06037127805,-0.679858852,0.132605905,1,Yes,0.867394095,72.2,3627
06037127806,-0.573504756,0.181386393,1,Yes,0.818613607,76.95,3293
06037127910,-0.668832897,0.137098845,1,Yes,0.862901155,77.6,5097
06037127920,-0.371576739,0.279845956,2,No,0.720154044,79.3,4716
06037128101,-0.368939306,0.281514763,2,No,0.718485237,78.7125,3735
06037128102,-0.63094426,0.1521181,1,Yes,0.8478819,80.0,4625
06037128210,-1.125207967,0.02182285,1,Yes,0.97817715,75.9,5008
06037128220,-0.299998055,0.318356868,2,No,0.681643132,76.8,2912
06037128302,-0.568089916,0.184338896,1,Yes,0.815661104,78.4,5000
06037128303,-0.892899353,0.066752246,1,Yes,0.933247754,77.1,4176
06037128400,0.210204078,0.610269576,3,No,0.389730424,81.7,4502
06037128500,0.319803788,0.677535302,3,No,0.322464698,78.9,4108
06037128601,-0.290140499,0.32593068,2,No,0.6740693200000001,81.4,4369
06037128602,0.22451539,0.618870347,3,No,0.381129653,83.4,3472
06037128702,0.408418429,0.733632863,3,No,0.26636713700000003,80.6,5810
06037128801,0.296895853,0.663157895,3,No,0.336842105,83.9,3419
06037128802,0.469515292,0.772400513,4,No,0.227599487,82.2,4670
06037128910,0.480721322,0.778947368,4,No,0.22105263200000003,79.9,4657
06037131010,-0.313188631,0.310397946,2,No,0.6896020540000001,86.9,6686
06037131020,-0.390225697,0.270860077,2,No,0.729139923,79.1,6704
06037131100,0.128413148,0.566495507,3,No,0.43350449300000005,80.8,3197
06037131200,-0.001798437,0.489088575,2,No,0.510911425,80.9,3417
06037131300,-0.201777879,0.372143774,2,No,0.627856226,82.9,5102
06037131400,-0.260234631,0.340436457,2,No,0.659563543,82.5,6367
06037131600,-0.041574031,0.465982028,2,No,0.534017972,83.3,5336
06037131701,-0.223504551,0.358921694,2,No,0.641078306,80.1,5587
06037131702,-0.219779502,0.361489089,2,No,0.638510911,85.8,3770
06037131800,-0.306942945,0.31296534,2,No,0.68703466,80.5,6157
06037131900,0.174480521,0.589987163,3,No,0.410012837,82.0,4597
06037132001,0.335758483,0.686264442,3,No,0.31373555799999997,80.3,3463
06037132002,0.420015254,0.741078306,3,No,0.258921694,81.3,3354
06037132101,-0.016707584,0.480102696,2,No,0.519897304,80.4,4645
06037132102,-0.144480189,0.404621309,2,No,0.5953786910000001,80.8,5401
06037132300,-0.26918993,0.336200257,2,No,0.663799743,82.5,7912
06037132501,-0.576095701,0.180487805,1,Yes,0.8195121949999999,79.5,4566
06037132502,-0.612472199,0.16097561,1,Yes,0.8390243900000001,79.0,3922
06037132700,-0.126912157,0.415147625,2,No,0.584852375,84.8,4873
06037132900,-0.03283834,0.471630295,2,No,0.528369705,82.1,3885
06037133000,-0.244760844,0.34801027,2,No,0.6519897299999999,81.0,4778
06037133100,-0.217594313,0.363029525,2,No,0.636970475,82.4,5609
06037134001,-0.409430792,0.26084724,2,No,0.7391527600000001,80.2,3864
06037134002,-0.354947981,0.288703466,2,No,0.7112965339999999,85.7,3665
06037134101,-0.271571162,0.335173299,2,No,0.664826701,84.6,5579
06037134103,-0.065856322,0.450706033,2,No,0.549293967,81.0,4659
06037134104,-0.243661468,0.348908858,2,No,0.6510911420000001,79.6,4618
06037134201,0.009614057,0.49563543,2,No,0.50436457,85.8,4735
06037134302,0.147600434,0.57804878,3,No,0.42195121999999996,81.2,4112
06037134303,0.042777416,0.514249037,3,No,0.485750963,80.6,5942
06037134304,-0.062664424,0.45224647,2,No,0.54775353,81.3,3042
06037134305,-0.815137112,0.085879332,1,Yes,0.914120668,76.2,4183
06037134306,-0.254273878,0.34338896,2,No,0.65661104,83.0,4305
06037134421,0.614549608,0.848908858,4,No,0.15109114199999996,83.6,4234
06037134422,0.469830185,0.772657253,4,No,0.227342747,81.5,4924
06037134423,0.140431507,0.573427471,3,No,0.426572529,83.2,3539
06037134424,0.408913423,0.734146341,3,No,0.265853659,86.5,2916
06037134520,-0.666069233,0.138639281,1,Yes,0.861360719,81.1,6065
06037134521,-0.956197648,0.051604621,1,Yes,0.948395379,81.2,3691
06037134522,-1.022474706,0.036071887,1,Yes,0.963928113,75.9,4167
06037134710,-0.650342223,0.143774069,1,Yes,0.856225931,77.4,5836
06037134720,-0.188536229,0.380487805,2,No,0.619512195,78.4,5074
06037134800,-0.004190116,0.487291399,2,No,0.5127086009999999,82.3,6399
06037134901,0.215952098,0.614120668,3,No,0.385879332,82.7,3140
06037134903,-0.140734641,0.407188703,2,No,0.592811297,83.38333333,6919
06037134904,-0.186013442,0.382284981,2,No,0.617715019,84.6,4043
06037134905,0.087401183,0.542105263,3,No,0.45789473700000005,82.5,4552
06037135102,0.480699513,0.778818999,4,No,0.22118100100000004,82.6,3726
06037135111,0.329799194,0.68267009,3,No,0.31732991,79.3,3313
06037135113,0.415153634,0.737997433,3,No,0.262002567,80.4,3485
06037135114,-0.060426623,0.453658537,2,No,0.5463414630000001,86.2,5106
06037135201,0.247897865,0.634146341,3,No,0.365853659,83.8,2788
06037135202,0.238339119,0.628241335,3,No,0.371758665,80.2,4708
06037135203,0.471968541,0.773684211,4,No,0.22631578900000004,82.2,7515
06037137000,0.554972681,0.817073171,4,No,0.182926829,83.08,5067
06037137103,0.239308028,0.629139923,3,No,0.370860077,84.0,5382
06037137104,0.270406877,0.64762516,3,No,0.35237483999999997,82.3,2754
06037137201,0.187449628,0.59550706,3,No,0.40449294,81.7,6029
06037137301,0.527382596,0.801668806,4,No,0.198331194,82.1,2271
06037137302,0.563118204,0.820924262,4,No,0.17907573799999998,85.0,4449
06037137401,0.547752157,0.813863928,4,No,0.18613607200000004,85.3,4299
06037137402,0.204761576,0.606418485,3,No,0.39358151500000005,83.4,5365
06037137501,0.119604753,0.561232349,3,No,0.43876765100000004,82.0,4915
06037137502,0.183313194,0.593966624,3,No,0.406033376,81.7,4549
06037137504,0.741983997,0.902182285,4,No,0.09781771500000003,84.6,2155
06037138000,0.510380899,0.792426187,4,No,0.207573813,82.7,4780
06037139001,0.405575617,0.731578947,3,No,0.26842105299999997,80.4,5639
06037139200,-0.05024631,0.460590501,2,No,0.539409499,80.5,5662
06037139301,0.428499514,0.74762516,3,No,0.25237484,84.9,4445
06037139302,-0.46305828,0.231964056,1,Yes,0.768035944,81.9,5000
06037139303,-0.020288474,0.477920411,2,No,0.5220795890000001,80.6,4260
06037139401,-0.134323124,0.410654685,2,No,0.589345315,80.1,2706
06037139402,0.308529712,0.670988447,3,No,0.32901155299999996,83.7,2899
06037139502,0.304699412,0.668421053,3,No,0.331578947,81.2,2917
06037139503,-0.061609111,0.452503209,2,No,0.5474967909999999,82.0,5946
06037139504,-0.205058767,0.370346598,2,No,0.629653402,79.8,3998
06037139600,0.147760464,0.57817715,3,No,0.42182284999999997,81.2,5060
06037139701,0.605561933,0.843774069,4,No,0.15622593100000004,83.7,5320
06037139702,0.750268528,0.906803594,4,No,0.09319640600000001,84.9,6447
06037139703,0.341297927,0.689730424,3,No,0.31026957600000005,87.0,2861
06037139801,0.477976383,0.777021823,4,No,0.222978177,88.3,3488
06037139802,0.559392471,0.818356868,4,No,0.18164313200000004,81.1,4126
06037141101,0.314566543,0.674967908,3,No,0.32503209200000005,83.4,4674
06037141102,0.551674261,0.815019255,4,No,0.18498074499999995,81.1,3074
06037141201,0.433857339,0.750706033,4,No,0.24929396699999995,79.7,4583
06037141202,0.703081919,0.886649551,4,No,0.11335044900000002,86.1,2674
06037141302,0.555368068,0.81732991,4,No,0.18267009,81.3,6037
06037141303,-0.010347596,0.483825417,2,No,0.516174583,87.3,3477
06037141304,0.559629825,0.818870347,4,No,0.18112965299999995,84.2,2995
06037141400,0.410665357,0.735173299,3,No,0.26482670100000005,84.2,5099
06037141500,1.024946808,0.973042362,4,No,0.02695763799999995,86.3,2982
06037141600,0.750399177,0.906931964,4,No,0.09306803600000002,88.6,4178
06037141700,1.146687595,0.986007702,4,No,0.013992298000000014,86.5,3161
06037143100,0.505207939,0.789858793,4,No,0.21014120700000005,81.4,4389
06037143200,0.217038418,0.614890886,3,No,0.38510911400000003,76.3,4085
06037143300,0.364967745,0.706418485,3,No,0.29358151499999996,81.4,6643
06037143400,0.536450846,0.806418485,4,No,0.19358151499999998,83.2,7056
06037143500,0.583829792,0.831707317,4,No,0.168292683,77.1,5482
06037143602,0.565323602,0.822336329,4,No,0.17766367100000002,79.8,4769
06037143603,0.328437971,0.682284981,3,No,0.317715019,81.3,2392
06037143604,0.303198639,0.667008986,3,No,0.332991014,77.0,3720
06037143700,0.6502458,0.864698331,4,No,0.13530166899999996,84.5,3811
06037143800,0.940711291,0.957894737,4,No,0.04210526299999995,84.1,5770
06037143901,0.804258555,0.923620026,4,No,0.07637997399999996,83.4,4069
06037143902,0.864069329,0.941206675,4,No,0.05879332500000001,83.6,2766
06037181000,0.330142581,0.683183569,3,No,0.316816431,82.8,6458
06037181300,0.391018042,0.723491656,3,No,0.276508344,85.8,4059
06037181400,0.165858679,0.58677792,3,No,0.41322208000000005,81.8,4943
06037181500,0.319555695,0.677278562,3,No,0.32272143799999997,82.4,3956
06037181600,0.19415398,0.60012837,3,No,0.39987163000000003,84.5,4631
06037183101,0.008548641,0.495121951,2,No,0.504878049,80.2,3323
06037183103,-0.157429819,0.396534018,2,No,0.603465982,79.4,4355
06037183104,0.263262555,0.644287548,3,No,0.355712452,86.1,2146
06037183220,-0.218058656,0.362644416,2,No,0.637355584,85.4,4155
06037183221,-0.248998945,0.345442875,2,No,0.654557125,81.6,3522
06037183222,0.230524,0.623363286,3,No,0.376636714,80.8,3493
06037183300,-0.096076065,0.432349166,2,No,0.5676508339999999,85.4,3487
06037183401,-0.150533173,0.401155327,2,No,0.598844673,79.7,2531
06037183402,-0.224373522,0.357509628,2,No,0.6424903719999999,81.1,3006
06037183510,0.071758724,0.531964056,3,No,0.46803594400000004,82.9,2577
06037183520,-0.532902306,0.196277279,1,Yes,0.803722721,81.0,3758
06037183610,-0.34710796,0.292554557,2,No,0.707445443,81.5,3215
06037183620,-0.160704666,0.395250321,2,No,0.604749679,80.8,3111
06037183701,0.008205955,0.494865212,2,No,0.505134788,82.5,3720
06037183702,0.020741855,0.502310655,3,No,0.49768934499999995,83.7,2775
06037183810,-0.38232471,0.274326059,2,No,0.7256739409999999,83.2,4163
06037183820,-0.611391745,0.162002567,1,Yes,0.837997433,81.7,3445
06037185100,0.254595099,0.637227214,3,No,0.36277278599999996,83.5,6070
06037185202,-0.034738778,0.469833119,2,No,0.530166881,86.1,3627
06037185203,-0.483079624,0.222849807,1,Yes,0.777150193,82.9,3566
06037185204,0.338906129,0.688189987,3,No,0.311810013,86.7,1921
06037185310,-0.411610985,0.259948652,2,No,0.7400513479999999,82.1,3131
06037185320,-0.824481461,0.08267009,1,Yes,0.91732991,80.9,2991
06037186100,0.373732304,0.712708601,3,No,0.287291399,80.8,4985
06037186201,-0.098592663,0.43029525,2,No,0.56970475,81.1,3201
06037186202,0.163553761,0.585622593,3,No,0.41437740700000003,85.0,2007
06037186203,0.452493979,0.762644416,4,No,0.237355584,87.1,3416
06037186301,-0.316359868,0.309756098,2,No,0.690243902,82.58571429,2906
06037186302,-0.059968875,0.453915276,2,No,0.546084724,84.4,5096
06037186401,-0.600881313,0.166495507,1,Yes,0.833504493,84.4,3489
06037186403,-0.278868189,0.332349166,2,No,0.667650834,82.2,2698
06037186404,-0.156826078,0.397304236,2,No,0.602695764,77.8,2631
06037187101,0.041882237,0.513863928,3,No,0.486136072,82.6,3438
06037187102,-0.094082989,0.433376123,2,No,0.566623877,82.4,3739
06037187200,-0.301378796,0.317073171,2,No,0.682926829,79.0,2963
06037187300,0.638565061,0.859435173,4,No,0.14056482699999995,80.3,3597
06037188100,0.063286587,0.52593068,3,No,0.47406932,79.6,3918
06037188201,0.472850792,0.77406932,4,No,0.22593068000000005,84.1,3473
06037188202,0.914691808,0.953145058,4,No,0.046854941999999955,79.1,2426
06037188300,0.451821896,0.762130937,4,No,0.237869063,80.6,3800
06037189101,0.471086391,0.773170732,4,No,0.22682926800000003,81.4,2521
06037189102,0.795160277,0.921309371,4,No,0.07869062900000001,82.0,3356
06037189201,-0.044896347,0.463543004,2,No,0.5364569960000001,81.7,3216
06037189202,0.703406906,0.88703466,4,No,0.11296534000000003,83.9,2396
06037189300,0.907535583,0.951347882,4,No,0.04865211800000002,84.6,3117
06037189400,0.901588526,0.949935815,4,No,0.05006418499999998,87.3,3164
06037189500,0.092444626,0.545571245,3,No,0.454428755,80.0,4180
06037189600,0.439994658,0.755198973,4,No,0.24480102699999995,83.1,3939
06037189701,0.571283321,0.825545571,4,No,0.17445442899999997,81.1,3228
06037189702,0.435133662,0.751604621,4,No,0.24839537899999997,79.8,2201
06037189800,0.363385221,0.705006418,3,No,0.29499358200000003,83.9,3833
06037189902,0.205298499,0.606675225,3,No,0.39332477499999996,81.06,5371
06037189903,0.114788695,0.558793325,3,No,0.441206675,81.5,2089
06037189904,0.134861077,0.569961489,3,No,0.430038511,78.6,2435
06037189905,0.365429237,0.706931964,3,No,0.293068036,81.5,2432
06037190100,-0.216446212,0.363928113,2,No,0.636071887,79.8,4453
06037190201,-0.909212987,0.063414634,1,Yes,0.936585366,78.2,2632
06037190202,-0.450652795,0.23902439,1,Yes,0.76097561,80.9,3225
06037190301,-0.536443413,0.195121951,1,Yes,0.804878049,81.03333333,5569
06037190401,-0.0616006,0.452631579,2,No,0.547368421,80.5,2977
06037190402,-0.403033776,0.263928113,2,No,0.736071887,81.2,2372
06037190510,-0.591988616,0.171630295,1,Yes,0.8283697050000001,79.0,4051
06037190520,-0.588108624,0.173170732,1,Yes,0.826829268,79.8,3979
06037190700,-0.063531104,0.451861361,2,No,0.548138639,80.9,2685
06037190801,-0.706381021,0.12169448,1,Yes,0.8783055200000001,82.2,2682
06037190802,-0.470824863,0.228626444,1,Yes,0.771373556,79.9,2982
06037190901,-0.894209074,0.066367137,1,Yes,0.933632863,77.1,4587
06037190902,-0.601284769,0.166238768,1,Yes,0.833761232,78.7,3518
06037191000,0.07840036,0.535686778,3,No,0.464313222,78.3,4454
06037191110,-0.838196341,0.079974326,1,Yes,0.920025674,79.9,3478
06037191120,-0.710451531,0.118998716,1,Yes,0.881001284,77.7,3900
06037191201,-0.321281996,0.306931964,2,No,0.693068036,79.4,4414
06037191203,-0.838362193,0.079717587,1,Yes,0.920282413,77.3,2383
06037191204,-0.295786474,0.320795892,2,No,0.679204108,78.6,2033
06037191301,-0.288361245,0.327086008,2,No,0.672913992,84.1,2224
06037191302,-0.290136803,0.32618742,2,No,0.67381258,78.4,1947
06037191410,-0.396158742,0.267650834,2,No,0.732349166,77.1,4646
06037191420,-0.245913474,0.347368421,2,No,0.652631579,79.18333333,3096
06037191500,-0.30483803,0.314249037,2,No,0.685750963,77.4,5931
06037191610,-0.572883851,0.181771502,1,Yes,0.818228498,79.1,4237
06037191620,-0.914205186,0.061874198,1,Yes,0.938125802,79.4,2532
06037191710,-0.592397121,0.171116816,1,Yes,0.8288831839999999,80.6,2937
06037191720,-0.668692603,0.137355584,1,Yes,0.862644416,79.8,3224
06037191810,-0.605259507,0.16508344,1,Yes,0.83491656,77.1,3367
06037191820,0.056316496,0.52195122,3,No,0.47804877999999995,84.3,3176
06037191901,0.006059814,0.493838254,2,No,0.5061617460000001,81.7,3060
06037191902,0.785485859,0.917843389,4,No,0.08215661100000005,80.2,2788
06037192001,0.283308876,0.654942234,3,No,0.34505776600000004,73.8,2370
06037192002,0.520270419,0.797946085,4,No,0.20205391500000003,80.6,2597
06037192300,-0.359822541,0.285365854,2,No,0.7146341460000001,82.7,2463
06037192410,0.378046388,0.714762516,3,No,0.28523748400000004,85.2,3700
06037192420,-0.278683729,0.332605905,2,No,0.667394095,81.6,4280
06037192510,-0.638359652,0.148780488,1,Yes,0.851219512,83.0,3840
06037192520,-0.597020929,0.168549422,1,Yes,0.831450578,78.4,5269
06037192610,-0.595706313,0.168934531,1,Yes,0.831065469,76.2,3703
06037192620,-0.758717145,0.104107831,1,Yes,0.895892169,79.95714286,3542
06037192700,-0.675577325,0.134146341,1,Yes,0.865853659,82.5,3449
06037194101,0.509705533,0.791527599,4,No,0.20847240099999997,80.8,3277
06037194102,0.518146949,0.796148909,4,No,0.20385109099999998,83.1,3189
06037194200,0.707551991,0.889730424,4,No,0.11026957599999998,83.5,3524
06037194300,0.951453901,0.959948652,4,No,0.04005134799999999,83.8,3262
06037194401,0.414518321,0.737227214,3,No,0.262772786,74.0,2391
06037194402,0.615697874,0.849550706,4,No,0.15044929399999996,79.5,3579
06037194500,0.530360935,0.803465982,4,No,0.19653401800000003,77.6,2019
06037195100,0.691825064,0.881386393,4,No,0.11861360700000001,83.9,4978
06037195201,0.593827209,0.836842105,4,No,0.163157895,83.9,3128
06037195202,0.753922438,0.907830552,4,No,0.09216944800000004,84.9,3304
06037195300,0.22679246,0.620795892,3,No,0.37920410800000004,81.8,3089
06037195400,0.528117324,0.802182285,4,No,0.197817715,83.2,4451
06037195500,0.586888477,0.833376123,4,No,0.16662387700000003,84.7,5548
06037195600,-0.104585561,0.427342747,2,No,0.572657253,80.8,2948
06037195710,-0.564490483,0.185879332,1,Yes,0.8141206679999999,83.2,4487
06037195720,-0.287894492,0.327727856,2,No,0.672272144,78.4,2000
06037195802,-0.378245338,0.276765083,2,No,0.723234917,85.8,2691
06037195803,0.16178543,0.584724005,3,No,0.415275995,81.6,2634
06037195804,0.063470493,0.52618742,3,No,0.47381258000000004,79.2,2533
06037195901,0.11508967,0.558921694,3,No,0.441078306,79.7,2237
06037195902,0.458152795,0.765853659,4,No,0.23414634099999998,81.6,1864
06037195903,0.05613441,0.52182285,3,No,0.47817715000000005,82.2,2008
06037197200,-0.118183108,0.419897304,2,No,0.580102696,85.0,3909
06037197300,0.081757221,0.537612323,3,No,0.46238767700000005,83.8,4052
06037197410,0.368278351,0.70872914,3,No,0.29127086,84.6,4331
06037197420,-0.090983706,0.435430039,2,No,0.564569961,84.2,3564
06037197500,0.21074973,0.610397946,3,No,0.38960205400000003,79.2,3914
06037197600,0.285788394,0.6563543,3,No,0.34364570000000005,78.4,2166
06037197700,-0.170949155,0.390757381,2,No,0.609242619,80.3,5332
06037199000,-0.420044247,0.254428755,2,No,0.745571245,86.5,5391
06037199110,-0.827631418,0.081771502,1,Yes,0.918228498,81.6,2705
06037199120,-0.643947538,0.145956354,1,Yes,0.854043646,78.5,4511
06037199201,-0.874978625,0.070346598,1,Yes,0.929653402,81.5,3660
06037199202,-0.324272808,0.305519897,2,No,0.6944801030000001,82.0,3155
06037199300,-0.029591715,0.473299101,2,No,0.526700899,83.6,4202
06037199400,-0.509087222,0.209114249,1,Yes,0.790885751,83.0,4759
06037199700,-0.483552913,0.222336329,1,Yes,0.777663671,79.2,3063
06037199800,-0.576625092,0.180102696,1,Yes,0.8198973039999999,83.4,5828
06037199900,-0.737796223,0.110526316,1,Yes,0.889473684,79.9,2692
06037201110,-0.131641456,0.412195122,2,No,0.587804878,78.5,2147
06037201120,-0.107028126,0.42605905,2,No,0.57394095,79.2,4144
06037201200,-0.368442739,0.281771502,2,No,0.718228498,75.1,2893
06037201301,-0.382033179,0.274582798,2,No,0.725417202,75.6,4498
06037201302,0.195367424,0.600641849,3,No,0.39935815100000005,80.9,4341
06037201401,-0.504707055,0.212195122,1,Yes,0.787804878,84.5,4693
06037201402,-0.355724188,0.288061617,2,No,0.711938383,82.0,4995
06037201501,-0.382752583,0.27406932,2,No,0.72593068,82.7,5367
06037201503,-0.511160196,0.207188703,1,Yes,0.792811297,81.6,3364
06037201504,-0.508048425,0.210141207,1,Yes,0.7898587930000001,81.4,2302
06037201601,-0.429226301,0.249807445,1,Yes,0.750192555,83.8,2323
06037201602,-0.482314868,0.223234917,1,Yes,0.776765083,80.1,2960
06037201700,-0.209059803,0.367907574,2,No,0.632092426,83.4,5514
06037203100,-0.974661543,0.048523748,1,Yes,0.951476252,76.2,4498
06037203200,-0.546671147,0.192041078,1,Yes,0.807958922,77.3,5695
06037203300,-1.202050035,0.013607189,1,Yes,0.986392811,70.5,2000
06037203500,-0.708463998,0.120924262,1,Yes,0.879075738,78.2,2907
06037203600,-0.70009119,0.124518614,1,Yes,0.875481386,80.6,5276
06037203710,-0.637742319,0.149165597,1,Yes,0.850834403,82.9,3270
06037203720,-0.903802658,0.064313222,1,Yes,0.935686778,79.3,4072
06037203800,-0.86754273,0.072785623,1,Yes,0.927214377,83.7,4829
06037203900,-0.518846333,0.203337612,1,Yes,0.796662388,78.4,3353
06037204110,-0.512784521,0.206546855,1,Yes,0.793453145,77.3,3286
06037204120,-0.535431682,0.195378691,1,Yes,0.8046213090000001,83.5,2971
06037204200,-1.006099341,0.040179718,1,Yes,0.959820282,79.2,3657
06037204300,-0.997063865,0.042875481,1,Yes,0.957124519,82.4,5445
06037204410,-0.762189592,0.102952503,1,Yes,0.897047497,80.1,2575
06037204420,-1.103753801,0.024390244,1,Yes,0.975609756,80.2,3154
06037204600,-0.895688163,0.066238768,1,Yes,0.9337612319999999,78.9,4080
06037204700,-0.580278219,0.17843389,1,Yes,0.82156611,81.1,5510
06037204810,-0.736987794,0.110783055,1,Yes,0.889216945,81.1,5277
06037204820,-0.611014132,0.162130937,1,Yes,0.837869063,86.4,2241
06037204910,-0.817194493,0.084724005,1,Yes,0.915275995,80.7,3341
06037204920,-0.903626954,0.064569961,1,Yes,0.935430039,78.1,2751
06037205110,-0.769681305,0.099486521,1,Yes,0.900513479,77.3,3904
06037205120,-1.095187732,0.02618742,1,Yes,0.97381258,76.2,3548
06037206010,-0.664349805,0.139409499,1,Yes,0.860590501,81.1,4121
06037206020,,,,,,,8947
06037206031,0.238056658,0.627342747,3,No,0.37265725299999997,81.3,4131
06037206032,-1.157962235,0.018485237,1,Yes,0.981514763,82.9,5687
06037206050,-0.929603087,0.058279846,1,Yes,0.941720154,77.9,2031
06037206200,-0.973110391,0.048908858,1,Yes,0.951091142,76.7,4001
06037206300,,,,,,,6103
06037207101,-0.680943195,0.132220796,1,Yes,0.867779204,85.2,3717
06037207102,-0.672684464,0.135044929,1,Yes,0.864955071,82.625,2926
06037207103,-0.66852918,0.137483954,1,Yes,0.862516046,82.9,2393
06037207301,-0.091654384,0.43491656,2,No,0.56508344,74.0,4911
06037207302,-0.354161372,0.289602054,2,No,0.7103979460000001,79.3,4806
06037207400,,,,,,,1539
06037207501,0.053613951,0.520282413,3,No,0.479717587,80.4,2193
06037207502,-0.212603748,0.365982028,2,No,0.634017972,84.3,2888
06037207710,0.428638646,0.74801027,3,No,0.25198973,80.8,4667
06037207900,0.156856379,0.58267009,3,No,0.41732990999999997,82.3,7162
06037208000,-0.773003191,0.098587933,1,Yes,0.901412067,82.6,7508
06037208301,-1.06212479,0.029910141,1,Yes,0.970089859,78.775,2148
06037208302,-0.648214421,0.144672657,1,Yes,0.855327343,79.6,5269
06037208401,-0.799168472,0.090885751,1,Yes,0.909114249,82.5,4765
06037208402,-0.584998663,0.175096277,1,Yes,0.824903723,77.4,2896
06037208501,-0.149986947,0.401283697,2,No,0.598716303,80.3,2267
06037208502,-0.660248061,0.140949936,1,Yes,0.8590500640000001,76.2,4364
06037208610,-0.552105937,0.190500642,1,Yes,0.8094993580000001,84.3,4351
06037208620,-0.415727833,0.257252888,2,No,0.742747112,82.2,4446
06037208710,0.073328007,0.532349166,3,No,0.46765083399999996,82.8,4858
06037208720,-0.853091295,0.076508344,1,Yes,0.9234916559999999,80.5,4319
06037208801,-1.023752019,0.035686778,1,Yes,0.964313222,79.1,3027
06037208802,-0.584530411,0.175994865,1,Yes,0.8240051349999999,84.2,3069
06037208902,-1.010378915,0.03902439,1,Yes,0.96097561,77.3,2692
06037208903,-1.069105581,0.028626444,1,Yes,0.971373556,69.0,4345
06037208904,-1.115739513,0.022721438,1,Yes,0.977278562,76.2,3978
06037209102,-1.129064286,0.021309371,1,Yes,0.978690629,75.9,5950
06037209103,-1.39395853,0.004878049,1,Yes,0.995121951,76.8,3679
06037209104,-0.786997914,0.094608472,1,Yes,0.905391528,78.2,2560
06037209200,-0.230781735,0.354557125,2,No,0.6454428750000001,78.2,4545
06037209300,-1.043334136,0.032734275,1,Yes,0.967265725,75.9,4885
06037209401,-1.04580821,0.032477535,1,Yes,0.967522465,77.1,4472
06037209402,-1.497866205,0.002824134,1,Yes,0.997175866,76.2,3963
06037209403,-1.097930725,0.025802311,1,Yes,0.974197689,77.1,4148
06037209510,-1.164558604,0.01758665,1,Yes,0.98241335,77.1,3076
06037209520,-1.218791479,0.012580231,1,Yes,0.987419769,76.2,2797
06037209810,-1.269891075,0.009370988,1,Yes,0.990629012,74.3,2594
06037209820,-1.061363323,0.030166881,1,Yes,0.969833119,82.5,3073
06037210010,-0.757508176,0.104621309,1,Yes,0.895378691,80.9,3561
06037211000,0.664823176,0.86970475,4,No,0.13029524999999997,83.8,5124
06037211120,-0.306283854,0.313607189,2,No,0.6863928109999999,79.9,5635
06037211121,-0.510223947,0.208344031,1,Yes,0.791655969,82.25,2253
06037211122,-0.626901566,0.154685494,1,Yes,0.845314506,78.2,3163
06037211201,-0.691602152,0.126700899,1,Yes,0.873299101,77.4,2562
06037211202,-0.470835209,0.228498074,1,Yes,0.771501926,85.3,2239
06037211310,-0.667747558,0.137869063,1,Yes,0.862130937,77.4,3873
06037211320,-0.85044798,0.077150193,1,Yes,0.922849807,78.2,3337
06037211410,-0.376325366,0.277278562,2,No,0.722721438,78.4,2736
06037211420,-0.447569409,0.240564827,1,Yes,0.759435173,81.7,3573
06037211500,0.310113302,0.672785623,3,No,0.327214377,86.2,4175
06037211701,0.572906368,0.82593068,4,No,0.17406931999999997,83.4,2596
06037211703,-0.129299901,0.413735558,2,No,0.586264442,78.2,4841
06037211704,-0.262099598,0.339666239,2,No,0.660333761,80.2,2796
06037211802,-0.182028717,0.384210526,2,No,0.6157894740000001,84.3,4682
06037211803,-0.314352855,0.310269576,2,No,0.689730424,78.6,3701
06037211804,-0.751941409,0.105905006,1,Yes,0.894094994,79.9,3221
06037211910,-0.632954236,0.151219512,1,Yes,0.848780488,83.5,4371
06037211921,-0.812424825,0.086521181,1,Yes,0.913478819,78.2,2521
06037211922,-0.43065515,0.249165597,1,Yes,0.750834403,78.2,3269
06037212101,-0.310049138,0.311424904,2,No,0.688575096,78.2,3187
06037212102,-0.69087726,0.126957638,1,Yes,0.873042362,79.98333333,2291
06037212202,-0.632782144,0.151347882,1,Yes,0.848652118,83.0,3424
06037212203,-0.773681903,0.098202824,1,Yes,0.901797176,83.5,2914
06037212204,-0.797093395,0.091784339,1,Yes,0.908215661,80.1,3584
06037212303,-1.005339029,0.040436457,1,Yes,0.959563543,80.01666667,3837
06037212304,-1.241331498,0.011553273,1,Yes,0.988446727,77.1,1832
06037212305,-0.858098189,0.075353017,1,Yes,0.924646983,75.9,3025
06037212306,-0.762270781,0.102824134,1,Yes,0.897175866,78.4,3413
06037212410,-0.48235418,0.223106547,1,Yes,0.776893453,80.6,4318
06037212420,-0.47632937,0.225673941,1,Yes,0.7743260590000001,77.1,3517
06037212501,-0.220558295,0.36097561,2,No,0.63902439,78.2,1940
06037212502,-0.087011025,0.437740693,2,No,0.5622593069999999,80.9,2810
06037212610,-0.40900646,0.26097561,2,No,0.73902439,82.7,4447
06037212620,-0.356757232,0.287676508,2,No,0.712323492,78.2,4087
06037212701,-0.175930866,0.388189987,2,No,0.6118100129999999,83.6,2276
06037212702,0.219235719,0.616302953,3,No,0.38369704699999996,81.0,3632
06037212800,0.288082292,0.658151476,3,No,0.341848524,81.6,3543
06037212900,-0.576449021,0.180231065,1,Yes,0.819768935,84.8,4067
06037213100,-0.510311989,0.207958922,1,Yes,0.792041078,77.7,3014
06037213201,-0.65590051,0.142362003,1,Yes,0.857637997,78.4,3932
06037213202,-0.609209916,0.162901155,1,Yes,0.837098845,81.4,3942
06037213310,-0.52771255,0.199358151,1,Yes,0.800641849,79.8,3015
06037213320,-0.677868405,0.133247754,1,Yes,0.866752246,82.7,2469
06037213401,-0.689732621,0.127214377,1,Yes,0.872785623,83.9,4859
06037213402,-0.670098764,0.136585366,1,Yes,0.863414634,85.9,4857
06037214000,0.448294224,0.760077022,4,No,0.23992297799999995,87.2,4277
06037214100,0.67428266,0.87381258,4,No,0.12618742000000005,91.8,3668
06037214400,0.625367078,0.854043646,4,No,0.14595635399999995,79.2,2916
06037214501,0.253698396,0.636970475,3,No,0.36302952499999996,81.3,2702
06037214502,0.08517603,0.540564827,3,No,0.45943517300000003,80.7,5285
06037214503,0.351493706,0.696020539,3,No,0.30397946099999995,85.1,3422
06037214600,0.77345548,0.914249037,4,No,0.08575096299999996,82.9,2383
06037214700,0.566994345,0.823234917,4,No,0.17676508300000005,82.8,2414
06037214800,0.732270735,0.898716303,4,No,0.10128369699999995,84.4,2813
06037214901,0.38780597,0.721052632,3,No,0.278947368,85.8,3250
06037214902,0.45254244,0.762772786,4,No,0.23722721400000002,82.0,2550
06037215101,0.484133877,0.780359435,4,No,0.21964056499999995,79.8,3015
06037215102,0.485199903,0.781386393,4,No,0.218613607,78.9,3059
06037216100,0.701787703,0.886007702,4,No,0.11399229799999999,83.4,2151
06037216200,0.355458294,0.698716303,3,No,0.301283697,80.9,5778
06037216300,0.632462453,0.8563543,4,No,0.1436457,80.5,4367
06037216401,-0.089591038,0.436200257,2,No,0.563799743,85.6,3772
06037216402,0.280980421,0.653530167,3,No,0.346469833,85.5,2521
06037216700,0.319923081,0.677792041,3,No,0.322207959,79.6,3835
06037216800,0.417978381,0.740051348,3,No,0.25994865199999995,82.2,3203
06037216900,0.507952367,0.790500642,4,No,0.20949935799999997,81.0,4886
06037217001,0.238324834,0.628112965,3,No,0.371887035,86.2,2724
06037217002,0.33071712,0.683568678,3,No,0.316431322,81.4,4639
06037217100,0.009165821,0.495378691,2,No,0.504621309,80.5,6219
06037217200,-0.00280019,0.488446727,2,No,0.511553273,79.7,4156
06037218110,-0.394899693,0.268421053,2,No,0.731578947,81.3,3195
06037218120,-0.759791311,0.103594352,1,Yes,0.896405648,77.1,4638
06037218210,-0.588359343,0.172913992,1,Yes,0.827086008,75.3,3721
06037218220,-0.26154722,0.340051348,2,No,0.659948652,83.6,3859
06037218300,-0.329685919,0.302310655,2,No,0.697689345,79.6,5290
06037218400,-0.412378029,0.258921694,2,No,0.741078306,76.3,4737
06037218500,-0.501505021,0.213607189,1,Yes,0.786392811,80.2,2641
06037218600,-0.333626076,0.300385109,2,No,0.699614891,81.3,3148
06037218701,-0.401095715,0.264698331,2,No,0.735301669,78.8,2324
06037218702,-0.549590819,0.191014121,1,Yes,0.808985879,78.0,2056
06037218800,-0.330201338,0.301797176,2,No,0.698202824,77.475,2752
06037218900,-0.582607347,0.176508344,1,Yes,0.823491656,77.3,6149
06037219010,-0.3912003,0.270346598,2,No,0.7296534020000001,77.2,3027
06037219020,-0.599026394,0.167522465,1,Yes,0.832477535,79.4,5411
06037219300,-0.703180029,0.123363286,1,Yes,0.876636714,75.3,4239
06037219500,0.081251672,0.537227214,3,No,0.46277278600000005,79.6,2084
06037219700,-0.578891036,0.179204108,1,Yes,0.820795892,76.9,4507
06037219800,-0.618721985,0.158023107,1,Yes,0.841976893,75.3,2861
06037219901,-0.66473159,0.13915276,1,Yes,0.86084724,75.5,4150
06037219902,-0.548046996,0.191527599,1,Yes,0.808472401,79.3,3809
06037220000,-0.581283997,0.177535302,1,Yes,0.822464698,76.8,4711
06037220100,-0.391522246,0.270089859,2,No,0.729910141,76.4,2415
06037221110,-1.335082952,0.006290116,1,Yes,0.993709884,76.2,3705
06037221120,-0.785679492,0.094865212,1,Yes,0.905134788,76.2,3197
06037221210,-0.589993734,0.172400513,1,Yes,0.827599487,79.1,3165
06037221220,-0.58102702,0.177920411,1,Yes,0.822079589,81.1,3376
06037221302,-0.733615051,0.112323492,1,Yes,0.887676508,78.7,4373
06037221303,-1.046771661,0.032092426,1,Yes,0.967907574,75.9,2806
06037221304,-0.766604415,0.101412067,1,Yes,0.898587933,76.8,3656
06037221401,-0.877929775,0.06957638,1,Yes,0.93042362,72.0,3628
06037221402,-0.573906219,0.181258023,1,Yes,0.818741977,76.6,2851
06037221500,-0.845555692,0.07843389,1,Yes,0.92156611,80.1,3875
06037221601,-0.740782317,0.108985879,1,Yes,0.891014121,82.2,3141
06037221602,-1.133360011,0.020795892,1,Yes,0.979204108,75.9,3030
06037221710,-0.867959785,0.072528883,1,Yes,0.927471117,86.8,2833
06037221810,-1.208512238,0.01309371,1,Yes,0.98690629,80.4,2892
06037221820,-0.705481548,0.122079589,1,Yes,0.877920411,81.03333333,2363
06037221900,-2.379992233,0.00012837,1,Yes,0.99987163,78.1,4248
06037222001,-0.161738332,0.394608472,2,No,0.605391528,77.5,3142
06037222002,-0.538405458,0.194736842,1,Yes,0.805263158,75.3,5243
06037222100,-0.581911165,0.177278562,1,Yes,0.822721438,76.5,4331
06037222200,-0.72412485,0.114762516,1,Yes,0.885237484,78.4,4016
06037222500,-0.41406356,0.258023107,2,No,0.741976893,78.2,5120
06037222600,-0.987787247,0.045699615,1,Yes,0.954300385,76.5,5549
06037222700,,,,,,,4071
06037224010,-0.970519959,0.049679076,1,Yes,0.950320924,75.3,2845
06037224020,-1.18974392,0.014634146,1,Yes,0.985365854,75.9,2733
06037224200,-1.036262499,0.033761232,1,Yes,0.966238768,78.5,2557
06037224310,-1.038735745,0.033504493,1,Yes,0.966495507,76.2,2422
06037224320,-0.921778071,0.060333761,1,Yes,0.939666239,75.9,2972
06037224410,-0.821244651,0.083568678,1,Yes,0.916431322,78.2,3194
06037224420,-0.980113163,0.04762516,1,Yes,0.9523748400000001,76.66666667,2637
06037224600,-1.099396558,0.025417202,1,Yes,0.974582798,75.9,3385
06037224700,,,,,,,6238
06037226001,-1.008740465,0.039666239,1,Yes,0.960333761,75.6,2615
06037226002,-1.164685977,0.01745828,1,Yes,0.98254172,77.4,1820
06037226410,-1.033911008,0.034274711,1,Yes,0.965725289,82.3,3665
06037226420,-0.974408956,0.048652118,1,Yes,0.951347882,76.3,5531
06037226700,-1.128085295,0.02156611,1,Yes,0.97843389,74.2,7661
06037227010,-1.074717388,0.027856226,1,Yes,0.972143774,81.9,5705
06037227020,-0.857891003,0.075481386,1,Yes,0.924518614,78.1,3623
06037228100,-0.807626294,0.087933248,1,Yes,0.912066752,77.4,5505
06037228210,-1.004432154,0.041206675,1,Yes,0.958793325,75.9,4233
06037228220,-1.062314648,0.029781772,1,Yes,0.970218228,78.2,4375
06037228310,-0.888920888,0.067522465,1,Yes,0.932477535,75.9,4523
06037228320,-0.917986571,0.06097561,1,Yes,0.93902439,75.9,3122
06037228410,-1.014657852,0.038254172,1,Yes,0.961745828,75.9,3600
06037228420,-1.174998776,0.016431322,1,Yes,0.983568678,75.9,3304
06037228500,-0.980971527,0.047496791,1,Yes,0.952503209,77.7,4869
06037228600,-0.885968326,0.068421053,1,Yes,0.931578947,75.5,5301
06037228710,-1.173809265,0.016559692,1,Yes,0.983440308,78.4,3982
06037228720,-1.045838016,0.032349166,1,Yes,0.967650834,80.2,4825
06037228800,-1.005027507,0.041078306,1,Yes,0.958921694,75.9,5353
06037228900,-1.354908624,0.005648267,1,Yes,0.994351733,76.3,2918
06037229100,-0.929894715,0.058023107,1,Yes,0.941976893,77.4,5146
06037229200,-0.939005475,0.055712452,1,Yes,0.944287548,75.1,5072
06037229300,-1.079785926,0.027342747,1,Yes,0.9726572529999999,77.2,5715
06037229410,-1.166500424,0.01720154,1,Yes,0.98279846,80.2,3697
06037229420,-0.90890996,0.063543004,1,Yes,0.936456996,75.4,4759
06037231100,-1.663197574,0.000770218,1,Yes,0.999229782,75.3,3474
06037231210,-0.890491432,0.067137356,1,Yes,0.932862644,74.0,4040
06037231220,-1.128970993,0.021437741,1,Yes,0.978562259,79.7,4653
06037231300,-0.524468804,0.200641849,1,Yes,0.799358151,75.3,5754
06037231400,-0.509955005,0.20860077,1,Yes,0.79139923,77.5,4745
06037231500,-0.30036379,0.317843389,2,No,0.682156611,77.0,5396
06037231600,-0.72636447,0.113992298,1,Yes,0.886007702,75.9,7420
06037231710,-1.843919751,0.000385109,1,Yes,0.999614891,76.4,4165
06037231720,-0.815651758,0.085365854,1,Yes,0.914634146,81.4,4934
06037231800,-1.042123335,0.032862644,1,Yes,0.967137356,81.2,5436
06037231900,-1.040491998,0.033119384,1,Yes,0.966880616,77.4,6162
06037232110,-1.106593477,0.023876765,1,Yes,0.976123235,75.3,3038
06037232120,-1.173691442,0.016688062,1,Yes,0.983311938,81.1,5567
06037232200,-0.702202076,0.123620026,1,Yes,0.876379974,75.4,3487
06037232300,-0.686595792,0.129396662,1,Yes,0.870603338,76.7,6006
06037232400,-0.709871419,0.119640565,1,Yes,0.880359435,77.4,7361
06037232500,-0.578527271,0.179332478,1,Yes,0.820667522,80.0,4940
06037232600,-0.834250572,0.080616175,1,Yes,0.919383825,77.7,6833
06037232700,-0.990243155,0.044929397,1,Yes,0.955070603,80.1,6568
06037232800,-1.186846927,0.014762516,1,Yes,0.985237484,75.8,4489
06037234000,-0.264473108,0.338510911,2,No,0.661489089,77.8,5417
06037234200,-0.142016623,0.406033376,2,No,0.593966624,82.3,2424
06037234300,-0.21481492,0.364698331,2,No,0.635301669,77.3,3805
06037234501,-0.287149748,0.328241335,2,No,0.671758665,78.3,2845
06037234502,-1.063301488,0.029525032,1,Yes,0.970474968,78.11666667,3017
06037234600,-0.214188245,0.36521181,2,No,0.63478819,79.4,4908
06037234700,-0.554702982,0.189473684,1,Yes,0.810526316,76.6,3690
06037234800,-0.141259655,0.406803594,2,No,0.593196406,76.8,3317
06037234901,-1.2606756,0.010269576,1,Yes,0.989730424,73.0,3321
06037234902,-1.241764693,0.011424904,1,Yes,0.988575096,75.3,4088
06037235100,0.127030759,0.565982028,3,No,0.43401797200000003,78.7,4401
06037235201,-0.504351133,0.212708601,1,Yes,0.787291399,74.3,2682
06037235202,-0.859794089,0.075096277,1,Yes,0.924903723,72.8,4331
06037236000,0.343592998,0.69114249,3,No,0.30885750999999995,82.1,4181
06037236100,-0.528790686,0.198331194,1,Yes,0.801668806,76.3,6170
06037236202,-0.934222554,0.056867779,1,Yes,0.943132221,73.0,5764
06037236203,-0.692526479,0.126444159,1,Yes,0.8735558409999999,74.2,3118
06037236204,-1.136958827,0.020410783,1,Yes,0.979589217,76.2,3109
06037236400,0.214352639,0.61309371,3,No,0.38690629,80.8,4282
06037237101,-0.942262826,0.054942234,1,Yes,0.945057766,76.1,4409
06037237102,-1.222209294,0.012451861,1,Yes,0.987548139,85.3,3407
06037237201,-0.717237194,0.117073171,1,Yes,0.882926829,79.7,3814
06037237202,-0.907833602,0.063799743,1,Yes,0.936200257,78.6,4556
06037237300,-0.416259776,0.256867779,2,No,0.743132221,76.0,5311
06037237401,-0.684986743,0.13029525,1,Yes,0.86970475,74.1,4217
06037237402,-0.675786146,0.134017972,1,Yes,0.865982028,78.5,3335
06037237500,-1.142210517,0.020025674,1,Yes,0.979974326,80.0,2922
06037237600,-0.987399744,0.045956354,1,Yes,0.954043646,77.4,4101
06037237710,-1.005104218,0.040949936,1,Yes,0.959050064,73.7,4410
06037237720,-1.253148257,0.010654685,1,Yes,0.989345315,74.2,3707
06037237800,-0.241599145,0.349807445,2,No,0.6501925550000001,78.8,3796
06037237900,-0.511912371,0.206931964,1,Yes,0.793068036,74.2,4405
06037238000,-0.799188812,0.090757381,1,Yes,0.909242619,74.3,6174
06037238100,-0.454475565,0.236842105,1,Yes,0.763157895,73.6,5163
06037238200,-0.598740724,0.167779204,1,Yes,0.832220796,74.1,5565
06037238310,-1.411767657,0.003722721,1,Yes,0.996277279,75.3,5002
06037238320,-1.150735025,0.019383825,1,Yes,0.980616175,75.1,3804
06037238400,-0.293543772,0.322978177,2,No,0.677021823,76.8,4694
06037239201,-0.914299187,0.061745828,1,Yes,0.9382541719999999,75.3,3753
06037239202,-1.114899289,0.022849807,1,Yes,0.977150193,76.7,5999
06037239310,-1.153526897,0.019255456,1,Yes,0.980744544,77.3,4501
06037239320,-1.082602532,0.027214377,1,Yes,0.972785623,75.9,4086
06037239330,-1.044766648,0.032605905,1,Yes,0.967394095,78.5,2458
06037239501,-0.988373587,0.045571245,1,Yes,0.954428755,79.1,3729
06037239502,-0.977299035,0.04801027,1,Yes,0.95198973,74.3,4016
06037239601,-1.063641019,0.029268293,1,Yes,0.970731707,78.5,3682
06037239602,-1.268061028,0.009627728,1,Yes,0.990372272,72.2,4016
06037239701,-1.10584514,0.024133504,1,Yes,0.975866496,75.2,5134
06037239702,-1.290334987,0.008215661,1,Yes,0.991784339,77.6,4334
06037239801,-0.960067194,0.050706033,1,Yes,0.949293967,75.3,3705
06037239802,-1.025770476,0.035301669,1,Yes,0.964698331,75.3,5461
06037240010,-1.280277839,0.00885751,1,Yes,0.99114249,73.1,3737
06037240020,-0.738501674,0.109884467,1,Yes,0.890115533,79.6,5223
06037240200,-1.10334892,0.024775353,1,Yes,0.975224647,78.2,5159
06037240300,-0.94722698,0.053273427,1,Yes,0.946726573,76.3,5637
06037240401,-0.928982208,0.058793325,1,Yes,0.941206675,74.2,6379
06037240402,-0.634601278,0.150577664,1,Yes,0.849422336,79.4,3763
06037240500,-1.105836164,0.024261874,1,Yes,0.975738126,73.7,7326
06037240600,-1.045843836,0.032220796,1,Yes,0.967779204,74.6,6167
06037240700,-0.753227283,0.105776637,1,Yes,0.894223363,77.5,6596
06037240800,-0.931186624,0.057637997,1,Yes,0.942362003,76.7,4341
06037240900,-0.99148391,0.044287548,1,Yes,0.955712452,77.3,6736
06037241001,-1.099136363,0.025545571,1,Yes,0.974454429,75.1,4197
06037241002,-0.828087398,0.081643132,1,Yes,0.918356868,68.8,4144
06037241110,-1.096846766,0.02605905,1,Yes,0.97394095,75.45,3356
06037241120,-1.248496406,0.010911425,1,Yes,0.989088575,75.3,5146
06037241201,-0.729489551,0.113350449,1,Yes,0.886649551,78.3,3015
06037241202,-0.953988556,0.0521181,1,Yes,0.9478819,77.1,5776
06037241300,-0.640787844,0.14762516,1,Yes,0.85237484,76.1,2480
06037241400,-1.056437745,0.030808729,1,Yes,0.969191271,74.2,3785
06037242000,-1.166224276,0.01732991,1,Yes,0.98267009,75.3,4189
06037242100,-1.519404151,0.002439024,1,Yes,0.997560976,75.3,2852
06037242200,-1.424018171,0.003465982,1,Yes,0.996534018,74.1,6402
06037242300,-1.149915742,0.019512195,1,Yes,0.980487805,77.9,4952
06037242600,-1.772186501,0.000641849,1,Yes,0.999358151,75.3,4756
06037242700,-1.015976817,0.038125802,1,Yes,0.961874198,76.0,6035
06037243000,-0.85011972,0.077406932,1,Yes,0.922593068,77.7,6829
06037243100,-1.252932906,0.010783055,1,Yes,0.989216945,77.2,6772
06037261101,0.875868617,0.943902439,4,No,0.05609756099999996,87.5,3389
06037261102,0.669164843,0.871373556,4,No,0.128626444,90.2,3520
06037261200,0.676810132,0.874967908,4,No,0.12503209199999998,86.4,4182
06037262100,0.783859969,0.91745828,4,No,0.08254172000000004,85.8,2678
06037262200,0.756626321,0.90872914,4,No,0.09127085999999995,86.6,4405
06037262301,0.952052128,0.960077022,4,No,0.039922978,86.5,2748
06037262302,0.890152906,0.947240051,4,No,0.05275994900000003,85.72857143,2845
06037262303,1.015871728,0.971887035,4,No,0.028112965000000045,84.2,3038
06037262400,0.992822994,0.967522465,4,No,0.032477534999999946,86.4,3059
06037262501,0.909455069,0.951732991,4,No,0.04826700900000003,86.2,3785
06037262601,1.144693385,0.985750963,4,No,0.01424903700000002,83.0,3539
06037262604,0.995312298,0.968164313,4,No,0.031835686999999946,86.8,5523
06037262704,0.722798929,0.894993582,4,No,0.10500641799999999,81.9,3561
06037262706,1.04737822,0.975738126,4,No,0.024261874000000017,85.3,3571
06037262802,1.034512626,0.974326059,4,No,0.025673940999999978,81.8,3424
06037264000,1.002581152,0.969319641,4,No,0.03068035899999999,85.2,3069
06037264102,0.722123955,0.894865212,4,No,0.10513478799999998,86.4,2998
06037264103,0.829747662,0.93042362,4,No,0.06957638,85.1,2658
06037264301,0.46896586,0.771630295,4,No,0.22836970499999998,81.5,5552
06037264302,0.539958605,0.80860077,4,No,0.19139923000000003,87.1,5882
06037265100,0.535114144,0.805519897,4,No,0.19448010299999996,80.8,2454
06037265201,-0.018121259,0.478947368,2,No,0.521052632,84.23333333,2567
06037265202,-0.204338662,0.370860077,2,No,0.629139923,86.9,3981
06037265301,,,,,,,11977
06037265303,-1.227168194,0.012323492,1,Yes,0.987676508,78.85,5156
06037265304,-1.190933124,0.014505777,1,Yes,0.985494223,69.7,2878
06037265305,-0.501024458,0.214120668,1,Yes,0.785879332,69.7,3990
06037265410,,,,,,,1495
06037265420,1.063078203,0.977792041,4,No,0.022207959000000055,88.0,1838
06037265510,0.021122255,0.502567394,3,No,0.49743260600000005,83.275,4663
06037265520,0.437268517,0.752888318,4,No,0.247111682,86.7,5059
06037265601,0.619068144,0.851732991,4,No,0.148267009,89.8,3615
06037265602,0.608007064,0.845699615,4,No,0.15430038499999998,86.9,3044
06037265700,0.533750393,0.805134788,4,No,0.19486521199999995,85.0,4636
06037267100,0.620287949,0.85198973,4,No,0.14801027,87.6,6649
06037267200,0.2449804,0.632220796,3,No,0.36777920399999997,85.74285714,7004
06037267300,-0.011418277,0.483183569,2,No,0.5168164310000001,79.9,4235
06037267402,0.306195723,0.668934531,3,No,0.331065469,79.7,4872
06037267403,0.388714795,0.72169448,3,No,0.27830552,86.4,3000
06037267404,-0.038333302,0.468035944,2,No,0.5319640560000001,87.5,3475
06037267501,0.124660528,0.56508344,3,No,0.43491656,84.5,5993
06037267502,0.361824694,0.703594352,3,No,0.296405648,77.2,3632
06037267600,0.247048104,0.633504493,3,No,0.366495507,83.0,2916
06037267700,0.505936662,0.790372272,4,No,0.20962772799999996,84.4,3276
06037267800,0.372632907,0.712066752,3,No,0.287933248,82.2,2666
06037267901,0.693445076,0.88279846,4,No,0.11720154000000005,83.3,2428
06037267902,0.742043983,0.902310655,4,No,0.09768934500000004,89.6,3365
06037269000,0.736579984,0.900256739,4,No,0.09974326099999997,83.8,4813
06037269100,0.450408051,0.761232349,4,No,0.23876765099999997,85.9,4274
06037269300,1.017738705,0.972143774,4,No,0.02785622600000004,87.1,3840
06037269500,1.072369543,0.978562259,4,No,0.021437740999999955,86.3,3797
06037269601,-0.511142496,0.207317073,1,Yes,0.792682927,76.5,3393
06037269602,-0.047437507,0.462130937,2,No,0.537869063,79.4,2865
06037269700,0.424464692,0.744544288,3,No,0.25545571199999995,79.6,3546
06037269800,0.566425887,0.823106547,4,No,0.17689345300000003,81.6,3046
06037269903,0.350126259,0.695250321,3,No,0.30474967900000005,80.9,3421
06037269904,0.36869112,0.709242619,3,No,0.29075738100000004,76.8,3927
06037269905,0.433672994,0.750577664,4,No,0.24942233599999997,78.4,2459
06037269906,0.599676746,0.840436457,4,No,0.15956354299999997,81.4,3158
06037269907,0.227872251,0.62156611,3,No,0.37843389000000005,81.84285714,2692
06037270100,0.444250524,0.757381258,4,No,0.242618742,81.3,4202
06037270200,0.075708653,0.533761232,3,No,0.46623876799999997,83.2,3226
06037270300,0.056383419,0.522079589,3,No,0.47792041100000004,79.6,2542
06037271100,0.435001927,0.751347882,4,No,0.24865211799999998,81.1,2445
06037271200,0.270542104,0.6478819,3,No,0.3521181,79.2,2770
06037271300,0.598838666,0.839922978,4,No,0.16007702199999996,82.4,4395
06037271400,0.307226369,0.669833119,3,No,0.330166881,84.2,3743
06037271500,0.698650925,0.884595635,4,No,0.11540436499999995,85.2,3187
06037271600,0.288374436,0.658408216,3,No,0.341591784,84.7,4811
06037271701,0.477926774,0.776893453,4,No,0.223106547,85.0,5694
06037271702,0.318626526,0.676636714,3,No,0.32336328599999997,80.2,3918
06037271801,-0.094220996,0.433247754,2,No,0.5667522460000001,81.4,3071
06037271802,0.233586428,0.625032092,3,No,0.374967908,80.9,5644
06037271901,0.461681735,0.767779204,4,No,0.232220796,82.4,3245
06037271902,0.274313785,0.649935815,3,No,0.350064185,86.2,4207
06037272100,0.530275261,0.802952503,4,No,0.19704749700000002,83.7,4578
06037272201,0.005676223,0.493324775,2,No,0.506675225,81.4,2390
06037272202,0.060890001,0.525160462,3,No,0.474839538,79.2,3359
06037272301,0.224442099,0.618741977,3,No,0.381258023,82.4,3045
06037272302,-0.034555539,0.470089859,2,No,0.529910141,80.9,4457
06037273100,0.654024256,0.865596919,4,No,0.13440308099999998,82.4,2742
06037273200,0.406873996,0.732349166,3,No,0.267650834,79.9,3229
06037273300,0.321879627,0.679332478,3,No,0.32066752200000004,81.3,2915
06037273402,0.531223048,0.804107831,4,No,0.19589216899999995,81.5,2641
06037273502,0.304413997,0.668164313,3,No,0.331835687,80.6,2861
06037273600,0.646928876,0.864056483,4,No,0.13594351699999996,81.5,2375
06037273700,0.734672198,0.899358151,4,No,0.10064184899999995,81.8,2895
06037273800,0.553704223,0.815789474,4,No,0.18421052599999999,81.7,2872
06037273902,0.492155112,0.784724005,4,No,0.21527599500000005,83.5,4221
06037274100,0.479539224,0.777920411,4,No,0.22207958900000002,82.8,4838
06037274202,0.560975252,0.819897304,4,No,0.18010269599999995,81.2,4284
06037275101,,,,,,,1161
06037275102,-0.419889942,0.254685494,2,No,0.7453145059999999,81.3,4338
06037275200,0.022460759,0.503465982,3,No,0.49653401799999997,80.3,3751
06037275302,0.544857419,0.811810013,4,No,0.188189987,82.3,5059
06037275311,0.355199747,0.698202824,3,No,0.301797176,81.8,5462
06037275400,0.898991943,0.949293967,4,No,0.050706032999999984,82.6,4069
06037275500,-0.530501898,0.197304236,1,Yes,0.802695764,80.9,5449
06037275602,0.6946842,0.883055199,4,No,0.11694480100000004,81.0,12100
06037275603,0.470465,0.772913992,4,No,0.227086008,81.8,2537
06037276000,0.644347784,0.863286264,4,No,0.13671373600000003,87.0,5657
06037276100,0.335319501,0.685879332,3,No,0.31412066800000005,80.0,5739
06037276400,0.598169512,0.839794608,4,No,0.16020539199999995,82.9,4071
06037276500,,,,,,,5674
06037276601,0.655212977,0.866367137,4,No,0.133632863,85.3,4115
06037276603,0.59280367,0.836071887,4,No,0.163928113,82.4,5489
06037276604,0.453692017,0.763799743,4,No,0.23620025700000002,83.3,4624
06037277000,0.664446754,0.869319641,4,No,0.13068035899999997,81.5,5566
06037277100,0.622093012,0.852631579,4,No,0.14736842100000003,82.0,3100
06037277200,-0.416493653,0.25648267,2,No,0.74351733,78.9,2196
06037277400,,,,,,,909
06037278001,0.47215103,0.77394095,4,No,0.22605905000000004,80.6,2508
06037278102,0.912703078,0.952631579,4,No,0.04736842100000005,81.6,3088
06037291110,-0.721242594,0.115789474,1,Yes,0.8842105259999999,78.1,4391
06037291120,-0.716459882,0.11732991,1,Yes,0.88267009,75.3,2407
06037291130,-0.280523179,0.331578947,2,No,0.668421053,77.32857143,3626
06037291210,-0.463311445,0.231707317,1,Yes,0.768292683,84.0,5768
06037291220,-0.721881501,0.115661104,1,Yes,0.884338896,83.7,3640
06037291300,0.221186744,0.616816431,3,No,0.38318356899999995,79.0,3037
06037292000,-0.493374673,0.21758665,1,Yes,0.78241335,80.3,6567
06037293201,-0.223139263,0.359178434,2,No,0.6408215660000001,78.2,6289
06037293202,-0.684143974,0.131322208,1,Yes,0.868677792,78.8,6740
06037293301,0.238061899,0.627471117,3,No,0.372528883,79.7,3108
06037293302,-0.076544477,0.443132221,2,No,0.5568677790000001,85.0,5082
06037293304,-0.320207462,0.307445443,2,No,0.692554557,81.4,4832
06037293306,0.199139298,0.602824134,3,No,0.397175866,80.1,2436
06037293307,-0.36977549,0.280359435,2,No,0.719640565,78.5,2284
06037294110,-0.60647167,0.164569961,1,Yes,0.835430039,82.0,4129
06037294120,-0.76254183,0.102695764,1,Yes,0.897304236,77.0,2687
06037294200,-0.299078838,0.319255456,2,No,0.680744544,78.6,4874
06037294301,-0.078131401,0.442362003,2,No,0.557637997,81.6,2471
06037294302,-0.574512551,0.181001284,1,Yes,0.818998716,80.0,4382
06037294410,-0.557166702,0.187933248,1,Yes,0.812066752,79.6,5079
06037294421,-0.580201374,0.178690629,1,Yes,0.821309371,81.2,2891
06037294510,-0.80346772,0.089473684,1,Yes,0.910526316,76.2,5082
06037294520,-0.488619123,0.219512195,1,Yes,0.780487805,81.3,3710
06037294610,-0.521984405,0.202053915,1,Yes,0.797946085,80.0,4334
06037294620,-0.688118991,0.127856226,1,Yes,0.872143774,81.8,4683
06037294701,-1.161098057,0.017971759,1,Yes,0.982028241,75.6,3099
06037294810,-1.034853797,0.034017972,1,Yes,0.965982028,80.2,4278
06037294820,-1.171049059,0.016944801,1,Yes,0.983055199,76.2,3473
06037294830,-1.02581639,0.035173299,1,Yes,0.964826701,77.4,4134
06037294900,-0.788442406,0.093966624,1,Yes,0.906033376,79.5,3853
06037295103,0.466650148,0.770089859,4,No,0.22991014099999996,80.3,5188
06037296210,-0.816468765,0.085237484,1,Yes,0.914762516,80.2,3132
06037296220,-0.94099915,0.055198973,1,Yes,0.944801027,76.6,4447
06037296300,0.209510173,0.609370988,3,No,0.390629012,81.1,5027
06037296401,0.236704363,0.62618742,3,No,0.37381257999999995,84.1,3229
06037296402,0.14570327,0.576893453,3,No,0.42310654700000006,79.0,3312
06037296500,-0.472629653,0.227471117,1,Yes,0.772528883,77.1,3447
06037296600,-0.696149406,0.125545571,1,Yes,0.874454429,76.9,5358
06037296901,-0.354640291,0.288831836,2,No,0.711168164,78.5,4466
06037296902,-0.623266673,0.156097561,1,Yes,0.8439024390000001,80.3,4219
06037297000,0.492362402,0.784852375,4,No,0.21514762499999995,82.6,5597
06037297110,-1.365528254,0.005263158,1,Yes,0.994736842,77.8,4649
06037297120,-0.591841694,0.171758665,1,Yes,0.828241335,76.2,3053
06037297201,-0.131394169,0.412580231,2,No,0.587419769,79.8,4505
06037297202,0.064706646,0.526829268,3,No,0.47317073200000004,79.4,3786
06037297300,0.191008577,0.597432606,3,No,0.40256739399999997,79.8,2193
06037297400,0.387124136,0.720282413,3,No,0.27971758700000005,82.8,3356
06037297500,0.360676582,0.702695764,3,No,0.297304236,78.3,4707
06037297601,-0.444163194,0.241591784,1,Yes,0.758408216,79.6,2816
06037297602,0.103978796,0.5521181,3,No,0.44788190000000005,81.3,3687
06037300100,0.526410068,0.801155327,4,No,0.19884467299999997,85.4,6014
06037300200,0.237088917,0.626444159,3,No,0.37355584100000006,81.6,5352
06037300301,0.459446943,0.766880616,4,No,0.23311938399999999,84.0,6024
06037300400,0.345521088,0.692041078,3,No,0.30795892199999997,82.2,5986
06037300501,0.4273276,0.746726573,3,No,0.253273427,82.3,3264
06037300502,0.273204498,0.649037227,3,No,0.350962773,79.8,5874
06037300600,0.076227257,0.534146341,3,No,0.465853659,82.7,9609
06037300701,0.439826234,0.754685494,4,No,0.24531450600000004,82.2,5835
06037300702,0.41586628,0.738382542,3,No,0.261617458,87.5,5430
06037300800,0.377490197,0.714505777,3,No,0.28549422300000005,83.2,7280
06037300901,0.537253007,0.807060334,4,No,0.192939666,86.3,6540
06037300902,0.590770775,0.835044929,4,No,0.16495507099999995,87.3,1981
06037301000,0.016141714,0.498844673,2,No,0.501155327,82.8,5230
06037301100,0.063320041,0.52605905,3,No,0.47394095,84.5,7114
06037301203,-0.070013665,0.447111682,2,No,0.5528883179999999,84.1,4711
06037301204,0.057686452,0.522849807,3,No,0.47715019299999994,83.3,5284
06037301205,0.420759231,0.741976893,3,No,0.258023107,84.5,2106
06037301206,-0.253289045,0.343774069,2,No,0.656225931,83.2,5281
06037301300,0.573657804,0.826572529,4,No,0.173427471,84.4,1894
06037301400,0.409774145,0.73465982,3,No,0.26534018000000004,80.5,4190
06037301501,0.083025329,0.538767651,3,No,0.461232349,81.6,1790
06037301502,-0.593328193,0.170603338,1,Yes,0.829396662,81.9,6750
06037301601,-0.477874755,0.224903723,1,Yes,0.7750962770000001,85.9,6112
06037301602,0.079582233,0.536200257,3,No,0.46379974300000004,80.1,4446
06037301701,0.301422091,0.666110398,3,No,0.33388960199999995,79.1,2962
06037301702,-0.419592241,0.254813864,2,No,0.745186136,82.3,5835
06037301801,-0.1382757,0.40860077,2,No,0.5913992299999999,81.6,5258
06037301802,-0.177433698,0.387548139,2,No,0.612451861,78.4,4516
06037301900,-0.226886885,0.3563543,2,No,0.6436457,80.0,8192
06037302002,-0.244114402,0.348652118,2,No,0.651347882,82.7,3949
06037302003,-0.267531503,0.336842105,2,No,0.663157895,77.0,3665
06037302004,-0.426843555,0.251347882,2,No,0.748652118,80.6,4151
06037302102,0.152299537,0.580744544,3,No,0.419255456,81.5,5946
06037302103,-0.415011675,0.257381258,2,No,0.742618742,85.2,5430
06037302104,-0.098699448,0.430166881,2,No,0.569833119,80.5,4288
06037302201,-0.722795728,0.115275995,1,Yes,0.884724005,83.2,4019
06037302202,-0.516404022,0.205006418,1,Yes,0.794993582,78.4,5510
06037302301,-0.301250456,0.31720154,2,No,0.68279846,79.2,3985
06037302302,-0.434085744,0.246983312,1,Yes,0.753016688,81.7,5337
06037302401,-0.5846317,0.175866496,1,Yes,0.824133504,81.6,7395
06037302503,-0.448212227,0.240308087,1,Yes,0.7596919129999999,85.3,4290
06037302504,-0.546854264,0.191912709,1,Yes,0.808087291,82.9,4273
06037302505,-1.009954995,0.039409499,1,Yes,0.960590501,77.4,4376
06037302506,-0.238801325,0.350834403,2,No,0.649165597,79.8,3262
06037310100,0.338936376,0.688318357,3,No,0.311681643,83.6,5644
06037310201,0.051153166,0.518741977,3,No,0.481258023,84.0,5732
06037310202,0.035323489,0.511168164,3,No,0.488831836,81.5,5104
06037310300,0.605341092,0.84338896,4,No,0.15661104000000003,82.3,2881
06037310400,0.244476997,0.631835687,3,No,0.36816431299999997,79.7,3247
06037310501,-0.400109336,0.265596919,2,No,0.734403081,80.1,4066
06037310601,-0.009632537,0.484467266,2,No,0.515532734,80.0,6383
06037310602,0.343596598,0.69127086,3,No,0.30872913999999996,82.1,2853
06037310701,-0.244922345,0.3478819,2,No,0.6521181,83.6,2181
06037310702,-0.052294608,0.459435173,2,No,0.5405648270000001,82.6,6567
06037310703,-0.698908531,0.124903723,1,Yes,0.875096277,82.9,4793
06037310800,0.117096069,0.560077022,3,No,0.439922978,82.4,5314
06037310900,0.311320623,0.673299101,3,No,0.326700899,80.1,6071
06037311000,0.386822053,0.719897304,3,No,0.28010269600000004,79.9,3641
06037311100,0.281389149,0.653915276,3,No,0.346084724,81.2,4183
06037311200,0.358495527,0.70012837,3,No,0.29987162999999994,80.7,3171
06037311300,0.394544056,0.725545571,3,No,0.27445442900000006,80.1,3896
06037311400,0.649852848,0.864569961,4,No,0.13543003899999995,81.2,2300
06037311500,0.444086588,0.757252888,4,No,0.242747112,81.7,5828
06037311600,0.372473215,0.711810013,3,No,0.288189987,79.1,6707
06037311700,0.508016731,0.790629012,4,No,0.20937098799999998,80.8,6200
06037311801,0.195819497,0.601283697,3,No,0.39871630300000005,79.4,2873
06037311802,-0.113153731,0.422464698,2,No,0.577535302,78.2,4068
06037320000,,,,,,,0
06037320100,-0.113216871,0.422336329,2,No,0.577663671,84.8,7601
06037320201,-0.615074419,0.159820282,1,Yes,0.840179718,76.2,4049
06037320202,-0.200489612,0.372913992,2,No,0.627086008,79.4,6151
06037320300,-0.455700088,0.236200257,1,Yes,0.763799743,80.8,6734
06037400204,0.50881311,0.791014121,4,No,0.20898587899999999,83.3,5637
06037400205,0.723737021,0.89550706,4,No,0.10449293999999998,85.1,2846
06037400206,0.570685702,0.824646983,4,No,0.17535301700000006,82.0,5365
06037400207,0.57514039,0.827599487,4,No,0.17240051300000003,80.5,4608
06037400302,-0.013449896,0.481643132,2,No,0.518356868,84.7,3154
06037400304,0.039839316,0.51296534,3,No,0.48703465999999995,79.2,7788
06037400402,0.342914243,0.691014121,3,No,0.30898587899999996,80.6,4305
06037400403,0.23459452,0.625545571,3,No,0.37445442900000003,83.9,3906
06037400404,0.630710288,0.855840822,4,No,0.144159178,80.6,4268
06037400501,0.651672184,0.864955071,4,No,0.13504492899999998,82.2,2049
06037400602,-0.033535674,0.470988447,2,No,0.529011553,79.7,4250
06037400603,0.36463584,0.705519897,3,No,0.29448010300000005,81.4,5201
06037400604,0.230035552,0.622978177,3,No,0.377021823,77.9,3501
06037400800,,,,,,,6967
06037400900,0.36965407,0.710012837,3,No,0.28998716300000005,84.2,4424
06037401001,0.516745744,0.795121951,4,No,0.20487804899999995,82.3,3062
06037401002,0.248861454,0.634531451,3,No,0.36546854900000003,80.9,3678
06037401101,0.172789776,0.589602054,3,No,0.410397946,80.3,5582
06037401102,0.019169512,0.501155327,3,No,0.498844673,81.9,3896
06037401201,0.425827455,0.745827985,3,No,0.254172015,79.7,3377
06037401202,0.001478385,0.489987163,2,No,0.510012837,78.3,4706
06037401203,-0.130323048,0.413607189,2,No,0.5863928110000001,79.7,5224
06037401303,0.510075578,0.791912709,4,No,0.208087291,84.8,2074
06037401304,0.659258955,0.868164313,4,No,0.13183568700000003,81.5,5449
06037401311,0.100654698,0.549935815,3,No,0.450064185,84.4,6120
06037401312,0.09875519,0.549037227,3,No,0.450962773,80.6,5401
06037401500,-0.065898561,0.450577664,2,No,0.549422336,79.9,6213
06037401601,-0.095791293,0.432477535,2,No,0.5675224649999999,80.1,5368
06037401602,-0.043741296,0.464184852,2,No,0.535815148,81.1,6294
06037401603,0.223336341,0.618100128,3,No,0.381899872,76.7,2951
06037401701,0.259363697,0.640821566,3,No,0.35917843400000005,81.6,4488
06037401703,-0.187308207,0.381386393,2,No,0.618613607,77.4,4107
06037401704,-0.334522424,0.299614891,2,No,0.700385109,79.6,7108
06037401800,0.418365309,0.740308087,3,No,0.25969191300000005,83.1,7927
06037401901,,,,,,,3945
06037401902,0.57949743,0.829268293,4,No,0.17073170699999995,80.8,6223
06037402001,0.143754771,0.576123235,3,No,0.42387676500000004,82.7,3294
06037402002,-0.05409848,0.458279846,2,No,0.5417201540000001,78.6,4125
06037402101,-0.412915976,0.258536585,2,No,0.741463415,79.2,5558
06037402102,-0.292244679,0.323748395,2,No,0.676251605,80.7,4858
06037402200,-0.083868941,0.439409499,2,No,0.5605905010000001,77.9,6782
06037402301,-0.524891337,0.200256739,1,Yes,0.799743261,85.1,5464
06037402303,-0.709054847,0.120539153,1,Yes,0.879460847,80.6,4080
06037402304,-1.131589246,0.021052632,1,Yes,0.978947368,76.2,4057
06037402402,-0.576635698,0.179974326,1,Yes,0.820025674,77.0,6635
06037402403,-0.361731477,0.284467266,2,No,0.715532734,78.1,5231
06037402404,,,,,,,1862
06037402405,-0.46314776,0.231835687,1,Yes,0.768164313,79.8,2875
06037402406,-0.735132879,0.111424904,1,Yes,0.888575096,76.3,5329
06037402501,-1.063191422,0.029653402,1,Yes,0.970346598,75.8,5591
06037402502,-0.627974275,0.154172015,1,Yes,0.845827985,81.7,6839
06037402600,-0.435861954,0.245699615,1,Yes,0.754300385,82.2,7493
06037402702,-1.017497338,0.037740693,1,Yes,0.962259307,75.7,6365
06037402703,-0.203224548,0.371373556,2,No,0.628626444,79.6,4661
06037402705,-0.085602179,0.438510911,2,No,0.5614890889999999,80.1,3254
06037402706,-0.235470039,0.3521181,2,No,0.6478819,77.5,3834
06037402801,-0.864805304,0.073684211,1,Yes,0.926315789,76.2,4976
06037402803,-0.630599261,0.15224647,1,Yes,0.84775353,78.4,3270
06037402804,-0.719284343,0.116688062,1,Yes,0.883311938,76.2,4238
06037402902,-0.759222335,0.103979461,1,Yes,0.896020539,78.3,6903
06037402903,-0.682959401,0.131707317,1,Yes,0.868292683,83.0,4363
06037402904,-0.395399681,0.268164313,2,No,0.731835687,77.3,3705
06037403000,-0.497146385,0.215789474,1,Yes,0.784210526,79.4,6950
06037403200,,,,,,,399
06037403303,-0.075411129,0.444030809,2,No,0.555969191,83.8,2741
06037403304,0.328457856,0.68241335,3,No,0.31758664999999997,83.1,4863
06037403305,0.592948039,0.836328626,4,No,0.16367137399999998,82.3,2294
06037403312,0.031681137,0.509370988,3,No,0.490629012,86.0,5096
06037403316,0.291106919,0.660077022,3,No,0.33992297800000004,87.2,6757
06037403317,0.388482531,0.72156611,3,No,0.27843388999999996,85.3,4710
06037403318,0.235613046,0.62605905,3,No,0.37394095000000005,82.4,6367
06037403319,0.111335795,0.556996149,3,No,0.44300385099999995,83.6,4046
06037403320,0.416183171,0.73902439,3,No,0.26097561,87.7,4992
06037403321,0.279208971,0.65198973,3,No,0.34801026999999995,85.1,6303
06037403322,0.245486857,0.632734275,3,No,0.367265725,81.1,3703
06037403323,0.369345415,0.709756098,3,No,0.29024390200000005,82.6,5494
06037403324,0.3825769,0.717971759,3,No,0.282028241,86.8,7193
06037403325,0.378104412,0.714890886,3,No,0.28510911400000005,80.8,5348
06037403401,0.283239764,0.654813864,3,No,0.34518613600000003,84.1,5136
06037403402,0.192835881,0.598973042,3,No,0.401026958,81.7,3745
06037403403,0.418879555,0.740564827,3,No,0.25943517299999996,83.0125,4898
06037403404,0.302727082,0.666623877,3,No,0.33337612299999997,85.0,2645
06037403405,0.376156153,0.713992298,3,No,0.28600770200000003,84.7,1698
06037403406,0.124031713,0.564313222,3,No,0.435686778,83.4,2955
06037403407,0.308572638,0.671116816,3,No,0.32888318400000005,81.4,2314
06037403408,0.372330245,0.711553273,3,No,0.28844672699999996,87.7,6512
06037403500,-0.032143086,0.472015404,2,No,0.527984596,80.1,1835
06037403600,0.234870855,0.62593068,3,No,0.37406932000000004,83.0,6690
06037403702,0.242056458,0.63055199,3,No,0.36944801000000005,79.7,3786
06037403703,0.014501239,0.498459564,2,No,0.501540436,80.3,4542
06037403721,0.137131209,0.571116816,3,No,0.42888318400000003,80.7,4897
06037403722,-0.20842395,0.368421053,2,No,0.631578947,82.8,5628
06037403801,-0.041349386,0.466110398,2,No,0.533889602,78.9,6224
06037403802,-0.177690702,0.38703466,2,No,0.61296534,78.2,6687
06037403901,0.026607684,0.505905006,3,No,0.494094994,80.1,3174
06037403902,0.056770418,0.522464698,3,No,0.47753530200000005,77.4,5140
06037404000,-0.061091165,0.453016688,2,No,0.546983312,79.4,4614
06037404100,-0.369329868,0.280744544,2,No,0.719255456,79.4,6277
06037404201,-0.354126747,0.289730424,2,No,0.710269576,76.2,3519
06037404202,-0.377045753,0.277150193,2,No,0.722849807,79.6,4252
06037404301,-0.557237472,0.187804878,1,Yes,0.812195122,77.4,5503
06037404302,0.016641191,0.499358151,2,No,0.500641849,75.6,2176
06037404401,-0.250718436,0.344929397,2,No,0.655070603,78.1,3715
06037404402,-0.291176897,0.324646983,2,No,0.6753530169999999,80.3,5156
06037404501,-0.316782502,0.309242619,2,No,0.6907573810000001,77.7,2789
06037404503,-0.066944278,0.449422336,2,No,0.550577664,81.7,2638
06037404504,-0.408771547,0.261360719,2,No,0.738639281,76.2,5073
06037404600,,,,,,,1394
06037404701,-0.26262399,0.33928113,2,No,0.66071887,83.1,5665
06037404702,-0.411825103,0.259178434,2,No,0.7408215659999999,82.3,5629
06037404703,-0.528350039,0.198587933,1,Yes,0.801412067,77.3,3110
06037404801,-0.398617516,0.266623877,2,No,0.733376123,84.6,7911
06037404802,-0.40440498,0.263414634,2,No,0.736585366,85.1,4196
06037404803,-0.338934069,0.296662388,2,No,0.703337612,75.2,1719
06037404901,-0.238320575,0.351091142,2,No,0.648908858,83.5,5700
06037404902,-0.106115434,0.426572529,2,No,0.573427471,82.0,3968
06037404903,-0.266003011,0.337612323,2,No,0.662387677,83.3,2738
06037405001,-0.422057446,0.253145058,2,No,0.746854942,77.7,6029
06037405002,-0.50874245,0.209499358,1,Yes,0.790500642,79.3,3169
06037405101,-0.145520542,0.404107831,2,No,0.5958921690000001,79.3,5617
06037405102,-0.400579297,0.264955071,2,No,0.7350449290000001,77.7,5639
06037405201,-0.335303074,0.298844673,2,No,0.7011553269999999,81.9,4933
06037405202,-0.290928014,0.324775353,2,No,0.6752246470000001,83.4,4850
06037405203,-0.196523876,0.375353017,2,No,0.624646983,81.6,3638
06037405301,-0.17480156,0.388703466,2,No,0.6112965340000001,79.4,3469
06037405302,-0.115183661,0.421437741,2,No,0.578562259,78.4,5433
06037405400,0.104793881,0.552759949,3,No,0.44724005099999997,79.4,4950
06037405500,-0.064004078,0.451732991,2,No,0.548267009,80.3,6596
06037405600,0.195379293,0.600770218,3,No,0.39922978200000003,83.1,5553
06037405701,0.123501022,0.563671374,3,No,0.436328626,79.4,3862
06037405702,0.008683608,0.495250321,2,No,0.504749679,78.4,4957
06037405800,0.099991782,0.549422336,3,No,0.450577664,78.4,5825
06037405900,-0.141568083,0.406546855,2,No,0.593453145,77.7,3951
06037406000,0.126646295,0.565725289,3,No,0.43427471100000004,79.6,5206
06037406101,0.238891363,0.629011553,3,No,0.370988447,79.7,3105
06037406102,-0.158225162,0.395892169,2,No,0.604107831,77.8,6167
06037406200,-0.486364864,0.220924262,1,Yes,0.779075738,80.6,5811
06037406300,0.10812964,0.554428755,3,No,0.445571245,85.6,5829
06037406402,0.259953935,0.641591784,3,No,0.35840821599999995,83.6,2043
06037406411,-0.177739639,0.38690629,2,No,0.61309371,80.7,2002
06037406412,0.220502575,0.616688062,3,No,0.38331193799999996,84.2,2123
06037406500,0.100845408,0.550706033,3,No,0.449293967,83.9,6655
06037406601,0.08979653,0.544159178,3,No,0.455840822,81.2,5550
06037406602,-0.042726148,0.46508344,2,No,0.53491656,85.8,5198
06037406701,0.051965152,0.519255456,3,No,0.480744544,79.6,3082
06037406702,-0.163188522,0.393966624,2,No,0.6060333760000001,79.9,6375
06037406800,0.107285359,0.554043646,3,No,0.445956354,80.6,4866
06037406901,-0.193299072,0.377150193,2,No,0.6228498069999999,79.4,4773
06037406902,-0.401701835,0.264313222,2,No,0.735686778,81.7,3584
06037407001,-0.462657883,0.232220796,1,Yes,0.767779204,79.8,6284
06037407002,-0.344958302,0.293453145,2,No,0.706546855,81.3,3436
06037407101,-0.342420783,0.2957638,2,No,0.7042362,82.9,4883
06037407102,-0.219435747,0.361745828,2,No,0.638254172,83.6,5710
06037407200,-0.299599576,0.318613607,2,No,0.6813863929999999,86.2,6910
06037407301,-0.28689052,0.328754814,2,No,0.6712451859999999,80.2,4949
06037407302,-0.228737887,0.355840822,2,No,0.644159178,83.0,3503
06037407400,-0.220775324,0.36084724,2,No,0.63915276,85.4,1977
06037407501,-0.445072371,0.241206675,1,Yes,0.758793325,82.1,4257
06037407502,-0.329407537,0.302695764,2,No,0.697304236,78.7,4170
06037407601,-0.767456942,0.101155327,1,Yes,0.898844673,81.2,4608
06037407602,-0.484983549,0.22169448,1,Yes,0.77830552,79.6,3993
06037407701,-0.659114418,0.141206675,1,Yes,0.8587933249999999,82.7,4903
06037407702,-0.223655737,0.358793325,2,No,0.6412066750000001,79.4,6744
06037407801,-0.059048554,0.455070603,2,No,0.544929397,78.4,5727
06037407802,-0.188060094,0.380744544,2,No,0.619255456,80.4,3476
06037407900,-0.135959148,0.409756098,2,No,0.590243902,80.5,6082
06037408003,-0.017339598,0.479717587,2,No,0.520282413,82.0,4577
06037408004,0.142227057,0.574711168,3,No,0.425288832,80.1,2493
06037408005,0.308477094,0.670860077,3,No,0.32913992299999995,83.1,5161
06037408006,-0.059331281,0.454557125,2,No,0.545442875,84.4,3344
06037408133,-0.039240884,0.467265725,2,No,0.5327342749999999,80.1,5203
06037408134,0.319925807,0.677920411,3,No,0.322079589,83.7,2760
06037408135,0.174516131,0.590243902,3,No,0.409756098,83.5,3882
06037408136,0.088232507,0.542747112,3,No,0.45725288799999997,78.7,4224
06037408137,-0.286443552,0.329011553,2,No,0.670988447,80.1,4277
06037408138,-0.676537098,0.133632863,1,Yes,0.866367137,81.7,5432
06037408139,-0.637528057,0.149293967,1,Yes,0.850706033,78.7,4536
06037408140,-0.789012662,0.093838254,1,Yes,0.906161746,78.7,3793
06037408141,-0.569786674,0.183183569,1,Yes,0.816816431,77.7,5366
06037408202,-0.607317297,0.164056483,1,Yes,0.835943517,73.4,2015
06037408211,-0.435806333,0.245827985,1,Yes,0.754172015,87.7,6381
06037408212,0.095667021,0.54775353,3,No,0.45224646999999996,86.7,5042
06037408301,-0.628878289,0.153273427,1,Yes,0.846726573,82.6,5569
06037408302,-0.00654614,0.486136072,2,No,0.513863928,84.0,3836
06037408303,-0.128861551,0.413863928,2,No,0.586136072,84.0,4183
06037408401,-0.008612708,0.484980745,2,No,0.515019255,81.4,4389
06037408402,0.04869362,0.517073171,3,No,0.48292682899999995,84.0,6646
06037408501,-0.559904108,0.18690629,1,Yes,0.81309371,82.6,3050
06037408503,0.372587645,0.711938383,3,No,0.288061617,85.7,6673
06037408504,-0.151457152,0.400385109,2,No,0.599614891,82.1,5193
06037408505,0.245890215,0.632991014,3,No,0.367008986,83.3,2653
06037408623,-0.059792331,0.454172015,2,No,0.5458279850000001,87.5,3268
06037408624,0.3468472,0.692939666,3,No,0.307060334,81.1,2958
06037408625,0.116371839,0.559563543,3,No,0.440436457,87.9,4214
06037408626,-0.177578343,0.387291399,2,No,0.612708601,88.7,4037
06037408627,0.259830447,0.641335045,3,No,0.35866495499999995,85.2,3076
06037408628,0.255818085,0.637869063,3,No,0.362130937,86.2,5177
06037408629,0.16769908,0.587419769,3,No,0.41258023099999996,84.9,3012
06037408630,-0.148714629,0.402182285,2,No,0.597817715,80.0,2510
06037408631,-0.046506169,0.462772786,2,No,0.5372272140000001,83.7,5214
06037408703,0.212236762,0.611424904,3,No,0.38857509599999995,85.3,6545
06037408704,-0.35561693,0.288318357,2,No,0.7116816429999999,86.1,3311
06037408705,-0.053342704,0.458921694,2,No,0.541078306,84.0,5625
06037408706,0.191091812,0.597560976,3,No,0.402439024,82.1,1835
06037408722,0.053032263,0.520154044,3,No,0.479845956,80.3,4313
06037408723,-0.153250591,0.399358151,2,No,0.6006418490000001,85.0,2975
06037408724,-0.751293475,0.106033376,1,Yes,0.893966624,80.7,5542
06037408800,-0.640362113,0.14801027,1,Yes,0.85198973,76.8,4387
06037430002,0.13481303,0.569833119,3,No,0.430166881,81.4,6522
06037430003,0.557245221,0.817843389,4,No,0.18215661100000002,80.8,4971
06037430101,-0.319826838,0.307702182,2,No,0.692297818,79.7,5382
06037430102,-0.251617639,0.344672657,2,No,0.655327343,80.7,4684
06037430200,,,,,,,1026
06037430301,0.677714746,0.875481386,4,No,0.12451861399999997,83.2,4319
06037430302,0.523709961,0.8,4,No,0.19999999999999996,79.9,5339
06037430400,0.565248441,0.822207959,4,No,0.177792041,87.1,4642
06037430501,0.803945861,0.923491656,4,No,0.07650834399999995,82.0,4030
06037430502,0.503604563,0.789088575,4,No,0.21091142500000004,81.2,6902
06037430600,0.448966837,0.76071887,4,No,0.23928112999999995,86.1,4553
06037430701,0.257394483,0.638896021,3,No,0.361103979,85.2,5846
06037430721,0.150413971,0.580231065,3,No,0.419768935,82.4,3963
06037430723,-0.003132719,0.488189987,2,No,0.5118100130000001,87.2,4365
06037430724,0.011114271,0.496020539,2,No,0.503979461,83.3,4723
06037430801,0.14011178,0.572913992,3,No,0.42708600799999996,82.4,6978
06037430802,0.242936348,0.631065469,3,No,0.36893453099999995,87.0,4586
06037430803,0.37818616,0.715275995,3,No,0.28472400499999995,84.8,5397
06037430901,-0.027900585,0.473684211,2,No,0.526315789,80.9,4517
06037430902,0.149304346,0.579460847,3,No,0.420539153,80.1,4539
06037431001,0.216512998,0.614249037,3,No,0.385750963,76.7,7669
06037431002,-0.109985937,0.424390244,2,No,0.575609756,79.6,3165
06037431100,-0.021408659,0.477406932,2,No,0.5225930679999999,81.9,6758
06037431200,-0.278903391,0.332220796,2,No,0.667779204,81.2,6399
06037431300,0.257724793,0.63928113,3,No,0.36071887,82.3,2689
06037431400,0.088868868,0.54338896,3,No,0.45661103999999997,79.4,4202
06037431501,-0.189219864,0.379845956,2,No,0.620154044,86.5,4480
06037431502,0.008270171,0.494993582,2,No,0.505006418,79.8,4273
06037431600,0.458865021,0.766367137,4,No,0.23363286299999997,84.2,4190
06037431700,0.386876488,0.720025674,3,No,0.27997432600000005,86.6,6000
06037431800,0.046300598,0.515789474,3,No,0.48421052600000003,80.4,5655
06037431900,-0.004025417,0.487419769,2,No,0.512580231,84.7,4400
06037432000,0.194313137,0.600385109,3,No,0.399614891,89.2,7601
06037432101,0.287458982,0.657509628,3,No,0.342490372,83.4,4103
06037432102,0.289445483,0.658793325,3,No,0.341206675,81.9,5951
06037432201,-0.224202316,0.357766367,2,No,0.642233633,81.8,4491
06037432202,-0.196885252,0.374711168,2,No,0.6252888320000001,86.2,4471
06037432300,-0.478149781,0.224518614,1,Yes,0.775481386,83.7,4350
06037432401,-0.386604018,0.272272144,2,No,0.727727856,82.6,3705
06037432402,-0.408614616,0.261489089,2,No,0.738510911,77.3,6938
06037432500,-0.286610525,0.328883184,2,No,0.6711168160000001,81.6,8180
06037432601,-0.429285735,0.249679076,1,Yes,0.750320924,84.6,7210
06037432602,-0.171608109,0.390372272,2,No,0.609627728,79.7,4852
06037432700,-0.565991844,0.185237484,1,Yes,0.814762516,83.0,5779
06037432801,-0.833903148,0.080872914,1,Yes,0.919127086,88.3,2797
06037432802,-0.944318121,0.054428755,1,Yes,0.945571245,77.3,5077
06037432901,-0.181694845,0.384338896,2,No,0.615661104,80.5,3727
06037432902,-0.026206756,0.475224647,2,No,0.524775353,84.5,3312
06037433101,-0.437762386,0.244544288,1,Yes,0.7554557120000001,83.0,2464
06037433102,-0.634158094,0.150706033,1,Yes,0.849293967,77.3,5348
06037433200,-0.621533776,0.156867779,1,Yes,0.843132221,84.6,6246
06037433302,-0.975016442,0.048395379,1,Yes,0.951604621,77.0,1530
06037433304,-0.631302371,0.151604621,1,Yes,0.8483953790000001,83.5,5063
06037433305,-0.876176376,0.069833119,1,Yes,0.930166881,77.3,4582
06037433306,-0.327122414,0.304107831,2,No,0.695892169,81.7,3136
06037433307,-0.458486813,0.23465982,1,Yes,0.76534018,84.3,3193
06037433401,-0.768232234,0.100385109,1,Yes,0.899614891,83.0,3405
06037433402,-0.784329507,0.095378691,1,Yes,0.904621309,77.3,4713
06037433403,-0.813327932,0.086264442,1,Yes,0.913735558,81.3,4882
06037433501,-0.888582745,0.067650834,1,Yes,0.932349166,77.0,1949
06037433503,-0.570328769,0.18279846,1,Yes,0.81720154,78.7,3269
06037433504,-1.041831948,0.032991014,1,Yes,0.967008986,81.6,4802
06037433601,-0.187066237,0.381643132,2,No,0.618356868,84.8,5066
06037433602,-0.493423137,0.21745828,1,Yes,0.78254172,81.1,2896
06037433700,-0.334262173,0.299743261,2,No,0.7002567390000001,88.7,3684
06037433801,-0.622527117,0.15648267,1,Yes,0.8435173300000001,84.5,5944
06037433802,-0.299728142,0.318485237,2,No,0.681514763,81.4,3362
06037433901,-0.929693291,0.058151476,1,Yes,0.941848524,79.54,6032
06037433902,-0.771453814,0.098844673,1,Yes,0.901155327,80.9,3284
06037434001,-0.670643249,0.136071887,1,Yes,0.863928113,81.2,4410
06037434003,-0.787066503,0.094480103,1,Yes,0.905519897,77.3,4717
06037434004,-0.428332486,0.250320924,2,No,0.749679076,78.7,3039
06037460000,0.680861991,0.877021823,4,No,0.12297817700000002,83.1,4421
06037460100,0.68920471,0.879717587,4,No,0.12028241299999998,84.9,6196
06037460200,0.692225381,0.881899872,4,No,0.11810012800000003,83.1,5861
06037460301,0.437172109,0.752759949,4,No,0.24724005100000002,81.2,4845
06037460302,0.104629721,0.552631579,3,No,0.44736842099999996,81.6,4221
06037460401,,,,,,,985
06037460501,0.781955679,0.916688062,4,No,0.08331193800000003,85.6,5614
06037460502,0.819790184,0.928241335,4,No,0.07175866500000005,81.9,4277
06037460600,0.711451205,0.890885751,4,No,0.109114249,82.8,4416
06037460700,0.808490972,0.924390244,4,No,0.07560975599999997,84.3,5139
06037460800,1.0255346,0.973170732,4,No,0.02682926799999996,85.0,3103
06037460900,0.024323922,0.504878049,3,No,0.495121951,81.5,6731
06037461000,-0.188588968,0.380359435,2,No,0.619640565,79.5,6249
06037461100,0.097436324,0.548267009,3,No,0.451732991,81.8,5419
06037461200,0.562555301,0.820410783,4,No,0.17958921699999997,82.0,4535
06037461300,0.092007795,0.545442875,3,No,0.454557125,81.8,6840
06037461400,-0.023042077,0.476508344,2,No,0.523491656,77.7,3119
06037461501,-0.08007755,0.441206675,2,No,0.558793325,81.0,3971
06037461502,-0.714220056,0.117971759,1,Yes,0.882028241,71.1,6423
06037461600,-0.33035759,0.301668806,2,No,0.698331194,85.3,6058
06037461700,0.594402887,0.837227214,4,No,0.162772786,83.1,1526
06037461901,-0.438593529,0.244287548,1,Yes,0.755712452,79.4,5051
06037461902,-0.380927426,0.275353017,2,No,0.724646983,80.2,1801
06037462001,-0.458305938,0.23491656,1,Yes,0.76508344,79.1,4460
06037462002,-0.776037603,0.097560976,1,Yes,0.902439024,75.3,4043
06037462100,-0.134958849,0.410269576,2,No,0.589730424,82.1,5748
06037462201,-0.14684009,0.403209243,2,No,0.596790757,82.6,3941
06037462202,0.114548173,0.558536585,3,No,0.44146341499999997,85.7,2775
06037462301,-0.188872312,0.380231065,2,No,0.619768935,80.9,5265
06037462302,0.275500203,0.650449294,3,No,0.34955070600000004,81.4,3213
06037462400,0.364187006,0.705263158,3,No,0.29473684200000005,84.0,3944
06037462500,0.428090792,0.747240051,3,No,0.252759949,82.1,6146
06037462600,0.775897829,0.914890886,4,No,0.08510911399999999,84.4,2152
06037462700,0.087653082,0.542490372,3,No,0.45750962799999995,83.5,5413
06037462800,0.324701452,0.680744544,3,No,0.31925545600000005,81.8,2827
06037462900,0.764390027,0.911938383,4,No,0.08806161700000004,81.0,3797
06037463000,0.674582187,0.87406932,4,No,0.12593067999999996,86.1,2665
06037463101,0.149740323,0.579717587,3,No,0.420282413,82.7,2373
06037463102,0.106572675,0.553530167,3,No,0.446469833,80.9,3878
06037463200,0.464932374,0.76944801,4,No,0.23055199000000004,85.0,3563
06037463300,0.626886331,0.854813864,4,No,0.14518613599999997,84.6,1970
06037463400,0.403707322,0.730937099,3,No,0.26906290099999997,82.4,5787
06037463500,0.7888328,0.919255456,4,No,0.08074454399999997,84.6,5982
06037463601,0.43274164,0.749935815,3,No,0.25006418500000005,83.6,5988
06037463602,0.501377246,0.788061617,4,No,0.211938383,81.3,6057
06037463700,0.731799885,0.898459564,4,No,0.10154043599999996,82.4,3138
06037463800,0.973204036,0.964441592,4,No,0.035558407999999986,81.0,4066
06037463900,0.340140425,0.688446727,3,No,0.311553273,81.2,3290
06037464000,0.396844927,0.727471117,3,No,0.272528883,85.8,5623
06037464100,0.677450306,0.875224647,4,No,0.12477535299999998,84.9,7121
06037464200,0.635463651,0.857894737,4,No,0.14210526300000004,87.9,6073
06037480002,0.290985991,0.659948652,3,No,0.34005134800000003,86.5,3623
06037480011,-0.115370964,0.421052632,2,No,0.578947368,89.5,5466
06037480012,0.197958036,0.602310655,3,No,0.39768934499999997,83.9,4975
06037480101,-0.018174287,0.478818999,2,No,0.521181001,82.4,3731
06037480102,-0.050957505,0.460333761,2,No,0.539666239,84.4,4487
06037480201,0.563401428,0.821052632,4,No,0.178947368,87.7,3787
06037480202,0.503286749,0.788960205,4,No,0.21103979500000003,81.8,2553
06037480302,-0.026889429,0.474326059,2,No,0.525673941,84.4,4672
06037480303,-0.127020699,0.414890886,2,No,0.585109114,84.7,4103
06037480304,-0.294418012,0.322336329,2,No,0.677663671,82.7,4506
06037480400,0.274006118,0.649422336,3,No,0.350577664,82.5,5538
06037480500,0.898232763,0.948908858,4,No,0.05109114199999998,82.6,5108
06037480600,0.613910362,0.848652118,4,No,0.15134788200000004,84.1,8038
06037480702,0.902483518,0.950064185,4,No,0.049935814999999995,88.3,4284
06037480703,0.639194403,0.859820282,4,No,0.14017971799999995,83.5,3612
06037480704,0.427397178,0.746854942,3,No,0.253145058,83.9,4619
06037480802,-0.229277368,0.355198973,2,No,0.644801027,80.5,3162
06037480803,0.144080639,0.576379974,3,No,0.42362002600000004,80.3,3699
06037480804,0.111915205,0.557124519,3,No,0.44287548099999996,85.2,4892
06037480901,-0.281451435,0.331193838,2,No,0.668806162,88.8,5407
06037480902,-0.263893526,0.338767651,2,No,0.661232349,80.3,4109
06037480903,-0.628638123,0.153658537,1,Yes,0.846341463,80.7,3248
06037481001,-0.201396917,0.372657253,2,No,0.6273427469999999,83.7,4369
06037481002,-0.084524342,0.438896021,2,No,0.561103979,81.0,5646
06037481101,-0.21182264,0.366238768,2,No,0.633761232,82.8,4513
06037481102,-0.191836557,0.37830552,2,No,0.6216944799999999,83.1,4000
06037481103,0.00574965,0.493453145,2,No,0.5065468550000001,80.9,4926
06037481201,-0.136210759,0.409499358,2,No,0.5905006420000001,80.5,3910
06037481202,-0.096911089,0.431578947,2,No,0.568421053,82.3,6188
06037481300,-0.161869967,0.394480103,2,No,0.605519897,84.3,3299
06037481401,-0.408155887,0.261745828,2,No,0.738254172,82.8,6267
06037481402,-0.123209451,0.417073171,2,No,0.582926829,84.2,6598
06037481500,0.183540608,0.594094994,3,No,0.405905006,83.2,4489
06037481603,-0.510170028,0.208472401,1,Yes,0.791527599,77.4,3486
06037481604,-0.104186323,0.427599487,2,No,0.572400513,83.8,3701
06037481605,-0.016832715,0.479845956,2,No,0.520154044,80.2,2831
06037481606,-0.282891745,0.33055199,2,No,0.66944801,84.2,5013
06037481711,-0.651693712,0.143260591,1,Yes,0.856739409,93.3,4246
06037481712,-0.337192627,0.297560976,2,No,0.702439024,82.3,5329
06037481713,-0.346685992,0.292811297,2,No,0.7071887029999999,85.1,2736
06037481714,-0.938830574,0.055840822,1,Yes,0.944159178,85.4,2739
06037481800,0.200011536,0.603979461,3,No,0.396020539,86.6,2558
06037481901,0.277944224,0.651347882,3,No,0.34865211799999996,83.2,5775
06037481902,-0.003250403,0.487933248,2,No,0.512066752,83.0,3443
06037482001,0.382036066,0.717715019,3,No,0.282284981,85.1,2650
06037482002,0.124087607,0.564441592,3,No,0.435558408,84.7,6760
06037482101,-0.247016098,0.346726573,2,No,0.653273427,84.0,4750
06037482102,0.122391416,0.563029525,3,No,0.43697047499999997,84.6,2943
06037482201,-0.647313117,0.145057766,1,Yes,0.854942234,85.0,4076
06037482202,-0.225355136,0.357252888,2,No,0.642747112,85.2,5087
06037482301,-0.580216376,0.178562259,1,Yes,0.821437741,81.7,4941
06037482303,-0.381129067,0.275096277,2,No,0.7249037229999999,83.7,6156
06037482304,-0.783179863,0.0957638,1,Yes,0.9042362,84.5,3216
06037482401,-0.226212798,0.35661104,2,No,0.64338896,81.9,3670
06037482402,-0.398393932,0.266880616,2,No,0.733119384,80.6,7566
06037482502,-0.375218,0.27804878,2,No,0.72195122,79.8,3310
06037482503,-0.235676011,0.35198973,2,No,0.64801027,85.9,4293
06037482521,-0.254875331,0.342875481,2,No,0.657124519,88.0,5842
06037482522,0.207399353,0.608344031,3,No,0.391655969,84.4,4478
06037482600,0.033202858,0.510269576,3,No,0.489730424,83.0,6262
06037482701,-0.162174596,0.394223363,2,No,0.605776637,81.4,4323
06037482702,0.122490056,0.563157895,3,No,0.436842105,82.2,2373
06037482800,-0.075029921,0.444159178,2,No,0.555840822,82.4,4524
06037500100,0.341180818,0.689345315,3,No,0.31065468500000004,85.7,4840
06037500201,0.421759169,0.742362003,3,No,0.257637997,83.025,7267
06037500202,0.448957554,0.760590501,4,No,0.23940949899999997,83.5,4988
06037500300,0.457119376,0.764826701,4,No,0.23517329899999995,82.6,2973
06037500402,-0.769752029,0.099229782,1,Yes,0.900770218,77.1,4856
06037500403,-0.261023721,0.340179718,2,No,0.659820282,84.8,3829
06037500404,-0.47585214,0.22605905,1,Yes,0.77394095,80.5,4551
06037500500,-0.608607835,0.163543004,1,Yes,0.836456996,77.2,2703
06037500600,-0.595417488,0.169319641,1,Yes,0.830680359,82.3,4912
06037500700,-0.20861491,0.368164313,2,No,0.6318356869999999,80.8,7150
06037500800,-0.613778138,0.16071887,1,Yes,0.83928113,80.6,5362
06037500900,-0.30352551,0.315275995,2,No,0.6847240050000001,83.1,6363
06037501001,-0.479909706,0.224133504,1,Yes,0.775866496,79.4,3046
06037501002,0.230827413,0.623748395,3,No,0.376251605,78.7,5013
06037501200,0.060781471,0.524903723,3,No,0.475096277,81.8,4864
06037501300,0.097888438,0.548652118,3,No,0.451347882,84.1,7154
06037501400,-0.495563149,0.216046213,1,Yes,0.783953787,79.8,3669
06037501501,0.215883098,0.613992298,3,No,0.386007702,83.4,2272
06037501503,-0.058314817,0.455712452,2,No,0.544287548,77.9,5280
06037501504,-0.572698833,0.182028241,1,Yes,0.817971759,82.4,3369
06037501600,0.084049911,0.539537869,3,No,0.460462131,83.6,7769
06037501700,0.338557915,0.688061617,3,No,0.311938383,82.2,3425
06037501802,-0.125637951,0.415789474,2,No,0.584210526,79.8,3311
06037501803,-0.760193839,0.103465982,1,Yes,0.896534018,77.9,4427
06037501804,-0.498358918,0.215147625,1,Yes,0.784852375,80.2,2175
06037501900,0.252614271,0.636713736,3,No,0.36328626399999997,80.7,4153
06037502003,-0.131898141,0.411938383,2,No,0.5880616169999999,78.7,2634
06037502004,-0.644785673,0.145571245,1,Yes,0.854428755,78.7,4251
06037502005,-0.369349822,0.280616175,2,No,0.719383825,81.7,4930
06037502100,-0.325322572,0.305006418,2,No,0.6949935819999999,83.1,5036
06037502200,-0.208801094,0.368035944,2,No,0.6319640559999999,80.1,6937
06037502301,-0.443151542,0.242362003,1,Yes,0.757637997,82.1,5794
06037502302,-1.103461985,0.024646983,1,Yes,0.975353017,80.8,2970
06037502401,-0.303821993,0.314890886,2,No,0.6851091140000001,79.0,4957
06037502402,-0.107505779,0.42593068,2,No,0.57406932,81.8,3874
06037502500,-0.231342569,0.353786906,2,No,0.6462130939999999,80.6,4274
06037502601,-0.175648198,0.388318357,2,No,0.611681643,81.2,6939
06037502602,-0.359641633,0.285750963,2,No,0.714249037,81.7,4477
06037502700,-0.280139444,0.331835687,2,No,0.668164313,82.4,6919
06037502801,-0.063335274,0.45198973,2,No,0.54801027,80.7,6468
06037502802,-0.643083199,0.146726573,1,Yes,0.853273427,80.6,3221
06037502901,-0.108411431,0.425417202,2,No,0.574582798,82.9,5816
06037502902,-0.864555825,0.07381258,1,Yes,0.92618742,83.4,4168
06037503000,-0.779684211,0.096534018,1,Yes,0.903465982,78.5,5606
06037503103,-0.504527218,0.212451861,1,Yes,0.787548139,78.4,5204
06037503104,-0.469353785,0.229396662,1,Yes,0.770603338,87.4,2542
06037503105,-0.372249811,0.279204108,2,No,0.7207958919999999,84.5,4228
06037503106,-0.530541314,0.197175866,1,Yes,0.802824134,80.8,4091
06037503201,-0.125936774,0.415661104,2,No,0.584338896,79.9,4144
06037503202,-0.377212483,0.277021823,2,No,0.722978177,82.1,5028
06037503301,0.259727146,0.641206675,3,No,0.35879332500000005,79.0,3374
06037503302,-0.428553454,0.250192555,2,No,0.7498074450000001,79.9,6784
06037503401,0.281297298,0.653786906,3,No,0.346213094,79.7,6492
06037503402,0.406534422,0.732220796,3,No,0.267779204,80.5,4129
06037503501,-0.13239628,0.411553273,2,No,0.588446727,81.8,6444
06037503502,0.202439476,0.605263158,3,No,0.39473684200000003,80.0,4655
06037503601,0.091517036,0.545057766,3,No,0.454942234,82.4,4151
06037503602,0.271010138,0.64801027,3,No,0.35198973,83.8,4212
06037503701,0.036831758,0.511681643,3,No,0.48831835700000004,81.9,4840
06037503702,-0.020206385,0.47804878,2,No,0.52195122,83.8,5516
06037503703,0.213375297,0.612066752,3,No,0.38793324799999995,85.9,7622
06037503801,0.156229462,0.58241335,3,No,0.41758664999999995,81.3,3851
06037503802,0.238106244,0.627727856,3,No,0.37227214399999997,80.2,4900
06037503901,-0.031776183,0.472400513,2,No,0.527599487,81.5,2942
06037503902,0.247532028,0.634017972,3,No,0.365982028,79.6,4939
06037504001,0.011056621,0.495892169,2,No,0.504107831,80.9,5860
06037504002,0.163177533,0.585365854,3,No,0.41463414600000004,83.1,5461
06037504101,-0.28229926,0.330937099,2,No,0.669062901,81.5,4826
06037504102,,,,,,,9
06037530003,0.292344827,0.66097561,3,No,0.33902438999999995,84.9,3080
06037530004,-0.088010854,0.436970475,2,No,0.5630295249999999,84.4,3495
06037530005,0.137212085,0.571373556,3,No,0.42862644400000005,81.0,3971
06037530006,-0.088502281,0.436585366,2,No,0.563414634,81.2,4430
06037530101,-0.7101733139999999,0.119383825,1,Yes,0.880616175,83.3,5285
06037530102,-0.457564018,0.235173299,1,Yes,0.764826701,80.9,4862
06037530202,-0.087134614,0.437483954,2,No,0.562516046,83.4,4348
06037530203,-0.31441237,0.310012837,2,No,0.6899871630000001,84.3,2728
06037530204,-0.282587844,0.330680359,2,No,0.669319641,79.1,3904
06037530301,-0.631158844,0.151861361,1,Yes,0.848138639,78.7,2211
06037530302,-0.495135806,0.216174583,1,Yes,0.783825417,82.2,6849
06037530400,-0.401813679,0.264184852,2,No,0.7358151479999999,80.9,3744
06037530500,-0.523144323,0.201155327,1,Yes,0.7988446730000001,84.2,3719
06037530601,-0.349077067,0.29127086,2,No,0.70872914,78.4,2930
06037530602,-0.432017055,0.248267009,1,Yes,0.751732991,78.3,1769
06037530700,-0.347571592,0.292169448,2,No,0.707830552,78.7,2157
06037530801,-0.641179387,0.147496791,1,Yes,0.852503209,78.1,5407
06037530802,-0.328574641,0.303209243,2,No,0.696790757,80.0,3165
06037530901,-0.476492423,0.225417202,1,Yes,0.774582798,79.0,3684
06037530902,-0.515602614,0.205519897,1,Yes,0.7944801029999999,79.1,3840
06037531000,-0.664388261,0.13928113,1,Yes,0.86071887,78.7,5133
06037531101,-0.611577176,0.161874198,1,Yes,0.838125802,79.6,4851
06037531102,-0.686700144,0.128754814,1,Yes,0.871245186,82.3,3210
06037531201,-0.848001911,0.077663671,1,Yes,0.922336329,77.3,5530
06037531202,-0.73160928,0.11283697,1,Yes,0.88716303,77.3,4431
06037531301,-0.866770331,0.073042362,1,Yes,0.926957638,80.7,4824
06037531302,-0.846977227,0.077792041,1,Yes,0.922207959,79.9,6215
06037531502,-0.809300788,0.087419769,1,Yes,0.912580231,81.4,3397
06037531503,-0.726898638,0.113735558,1,Yes,0.886264442,80.1,2753
06037531504,-0.781077694,0.095892169,1,Yes,0.904107831,77.3,4250
06037531602,-0.861760211,0.074582798,1,Yes,0.925417202,77.3,4432
06037531603,-0.609308781,0.162772786,1,Yes,0.837227214,78.1,3409
06037531604,-0.668330277,0.137740693,1,Yes,0.862259307,82.5,3775
06037531701,-0.556102981,0.188703466,1,Yes,0.811296534,80.5,5375
06037531702,-0.643068482,0.146854942,1,Yes,0.853145058,77.3,5163
06037531800,-0.587276196,0.17381258,1,Yes,0.82618742,77.3,4960
06037531901,-0.560296947,0.18677792,1,Yes,0.8132220800000001,82.4,6237
06037531902,-0.357748114,0.28703466,2,No,0.71296534,80.7,4763
06037532001,-0.617428014,0.158536585,1,Yes,0.841463415,81.7,3036
06037532002,-0.497924867,0.215404365,1,Yes,0.7845956350000001,79.2,3360
06037532101,-0.443327057,0.242233633,1,Yes,0.757766367,77.3,6747
06037532102,-0.059037565,0.455198973,2,No,0.544801027,84.0,3936
06037532200,-0.60912216,0.163029525,1,Yes,0.836970475,83.7,7363
06037532302,-0.59458768,0.169833119,1,Yes,0.830166881,81.2,4881
06037532303,-0.140893508,0.407060334,2,No,0.5929396659999999,84.9,4599
06037532304,-0.911648973,0.062387677,1,Yes,0.937612323,83.3,4013
06037532400,,,,,,,45
06037532500,-0.45700136,0.235558408,1,Yes,0.7644415920000001,77.3,4195
06037532603,-0.687517092,0.128112965,1,Yes,0.871887035,77.8,3289
06037532604,-0.629673926,0.152503209,1,Yes,0.847496791,80.3,2739
06037532605,-0.924737935,0.059820282,1,Yes,0.940179718,77.7,3301
06037532606,-0.791465755,0.092811297,1,Yes,0.907188703,78.5,4405
06037532700,-1.109306993,0.023491656,1,Yes,0.976508344,76.2,3417
06037532800,-0.953054509,0.05237484,1,Yes,0.94762516,78.2,4590
06037532900,-1.003622471,0.041591784,1,Yes,0.958408216,82.3,7058
06037533001,-0.822632141,0.083440308,1,Yes,0.916559692,82.0,4709
06037533002,-1.051781267,0.031450578,1,Yes,0.968549422,76.2,2705
06037533103,-1.00599949,0.040308087,1,Yes,0.959691913,77.3,3283
06037533104,-0.89329991,0.066495507,1,Yes,0.933504493,77.3,4415
06037533105,-0.998600865,0.042362003,1,Yes,0.957637997,77.3,2510
06037533106,-0.644321524,0.145827985,1,Yes,0.8541720150000001,77.3,1655
06037533107,-0.686314009,0.129525032,1,Yes,0.870474968,77.3,3503
06037533201,-0.791107971,0.093196406,1,Yes,0.906803594,77.3,2788
06037533202,-0.569585589,0.183311938,1,Yes,0.816688062,78.5,3124
06037533203,-0.875791069,0.070089859,1,Yes,0.929910141,77.3,1931
06037533300,-0.806007534,0.088446727,1,Yes,0.911553273,77.3,3346
06037533401,-0.41936178,0.254942234,2,No,0.745057766,79.1,5098
06037533402,-0.813428517,0.086136072,1,Yes,0.913863928,77.3,4240
06037533403,-0.628244847,0.153915276,1,Yes,0.846084724,78.4,2848
06037533501,-0.643544001,0.146341463,1,Yes,0.853658537,79.5,3051
06037533502,-0.426493168,0.251604621,2,No,0.748395379,78.2,2143
06037533503,-0.545042317,0.192426187,1,Yes,0.807573813,77.3,2141
06037533601,-0.594918417,0.16944801,1,Yes,0.83055199,78.7,4762
06037533602,-0.607667782,0.163799743,1,Yes,0.836200257,83.1,5546
06037533603,-0.594425707,0.169961489,1,Yes,0.830038511,88.1,6986
06037533701,-0.61889416,0.157766367,1,Yes,0.842233633,77.3,2998
06037533702,-0.738177026,0.110269576,1,Yes,0.889730424,81.2,3543
06037533703,-0.467095529,0.230166881,1,Yes,0.7698331190000001,78.3,5259
06037533803,-0.466009523,0.231065469,1,Yes,0.768934531,85.3,6324
06037533804,-0.492211526,0.218356868,1,Yes,0.781643132,79.8,4207
06037533805,-0.630953801,0.15198973,1,Yes,0.8480102700000001,79.5,3485
06037533806,-0.762806175,0.102567394,1,Yes,0.897432606,77.3,3794
06037533901,-0.580961994,0.17804878,1,Yes,0.82195122,78.5,6320
06037533902,-0.667075795,0.137997433,1,Yes,0.862002567,80.3,4049
06037534001,-0.628692055,0.153401797,1,Yes,0.846598203,78.8,5125
06037534002,-0.49326466,0.217843389,1,Yes,0.782156611,79.4,4628
06037534101,-0.648676508,0.144415918,1,Yes,0.855584082,78.85,2358
06037534102,-0.810274853,0.087291399,1,Yes,0.912708601,78.3,6219
06037534201,-0.94256943,0.054813864,1,Yes,0.945186136,78.4,4768
06037534202,-1.102228088,0.024903723,1,Yes,0.975096277,77.3,5748
06037534203,-0.756264987,0.104878049,1,Yes,0.895121951,83.5,3206
06037534301,-0.595530968,0.169191271,1,Yes,0.830808729,76.2,4320
06037534302,-0.57913387,0.179075738,1,Yes,0.820924262,80.3,3720
06037534403,-0.785547257,0.095121951,1,Yes,0.904878049,81.5,2795
06037534404,-0.466313095,0.230808729,1,Yes,0.769191271,78.7,3677
06037534405,-0.88083192,0.069191271,1,Yes,0.930808729,80.4,4351
06037534406,-0.774249486,0.098074454,1,Yes,0.901925546,78.55,5027
06037534501,-0.437155612,0.244672657,1,Yes,0.755327343,80.5,5226
06037534502,-0.601982524,0.165982028,1,Yes,0.834017972,81.3,4654
06037534700,-0.302265924,0.316174583,2,No,0.683825417,78.7,4435
06037534802,-0.672371929,0.135173299,1,Yes,0.864826701,77.3,3136
06037534803,-0.602045455,0.165853659,1,Yes,0.8341463410000001,77.3,4589
06037534804,-0.510255286,0.208215661,1,Yes,0.791784339,83.9,3736
06037534900,-0.481306021,0.223620026,1,Yes,0.776379974,82.8,6319
06037535001,-0.886779983,0.068164313,1,Yes,0.931835687,76.5,4512
06037535002,-0.758697838,0.1042362,1,Yes,0.8957638,76.4,3648
06037535101,-0.934520949,0.056739409,1,Yes,0.943260591,79.4,7949
06037535102,-0.859817661,0.074967908,1,Yes,0.925032092,78.3,4621
06037535200,-0.850375329,0.077278562,1,Yes,0.922721438,74.2,6111
06037535300,-0.743140292,0.107958922,1,Yes,0.892041078,78.6,6524
06037535400,-0.976326716,0.048267009,1,Yes,0.951732991,76.1,3553
06037535501,-0.815206211,0.085494223,1,Yes,0.914505777,82.7,3898
06037535502,-0.79199237,0.092682927,1,Yes,0.907317073,86.0,5411
06037535503,-0.523299934,0.201026958,1,Yes,0.798973042,78.6,2240
06037535603,-0.785585845,0.094993582,1,Yes,0.905006418,79.7,3998
06037535604,-0.597700818,0.168164313,1,Yes,0.831835687,77.3,4476
06037535605,-0.679624672,0.132734275,1,Yes,0.867265725,81.8,4440
06037535606,-0.816995444,0.084852375,1,Yes,0.915147625,77.3,2007
06037535607,-0.554262958,0.189602054,1,Yes,0.810397946,85.7,4946
06037535701,-0.671220742,0.135815148,1,Yes,0.864184852,78.7,5237
06037535702,-0.629584854,0.152631579,1,Yes,0.847368421,81.6,5638
06037535802,-0.583638123,0.176251605,1,Yes,0.823748395,81.6,6600
06037535803,-0.448782348,0.239794608,1,Yes,0.760205392,82.0,4246
06037535804,-0.635793264,0.149935815,1,Yes,0.850064185,78.7,5328
06037535901,-0.470872861,0.228369705,1,Yes,0.771630295,81.9,5578
06037535902,-0.214515024,0.364955071,2,No,0.635044929,83.1,7209
06037536000,-0.684973067,0.13042362,1,Yes,0.86957638,78.7,3701
06037536102,-0.111188676,0.423876765,2,No,0.5761232350000001,78.9,3155
06037536103,-0.334955783,0.299229782,2,No,0.700770218,79.2,5353
06037536104,-0.495051981,0.216302953,1,Yes,0.783697047,76.2,3900
06037536200,-0.322279133,0.306290116,2,No,0.693709884,85.0,7281
06037540000,-0.797326085,0.091655969,1,Yes,0.9083440309999999,82.1,7139
06037540101,-0.38244416,0.274197689,2,No,0.725802311,80.1,6743
06037540102,-0.400041307,0.265725289,2,No,0.7342747110000001,77.4,6905
06037540201,-1.033306666,0.034531451,1,Yes,0.965468549,77.3,2587
06037540202,-0.910748203,0.062772786,1,Yes,0.937227214,80.1,7116
06037540203,-0.890145553,0.067394095,1,Yes,0.932605905,78.9,5807
06037540300,-0.488329432,0.219897304,1,Yes,0.780102696,78.9,4728
06037540400,-0.887516395,0.067907574,1,Yes,0.932092426,76.5,2109
06037540501,-0.872365183,0.070860077,1,Yes,0.929139923,78.3,6713
06037540502,-0.929600874,0.058408216,1,Yes,0.941591784,78.875,6163
06037540600,-1.337404999,0.006161746,1,Yes,0.993838254,74.4,4981
06037540700,-0.8833302,0.068934531,1,Yes,0.931065469,77.9,3230
06037540800,-0.064329458,0.451476252,2,No,0.548523748,76.4,5287
06037540901,-0.76363981,0.101925546,1,Yes,0.898074454,84.7,4904
06037540902,-0.616158923,0.159178434,1,Yes,0.840821566,76.3,4707
06037541001,,,,,,,1144
06037541002,-0.333861271,0.3,2,No,0.7,74.2,3318
06037541100,-0.710266666,0.119127086,1,Yes,0.880872914,75.3,3251
06037541200,-0.244245893,0.348395379,2,No,0.6516046209999999,76.4,6546
06037541300,-0.480542601,0.223748395,1,Yes,0.776251605,76.3,5512
06037541400,-0.84561171,0.07830552,1,Yes,0.92169448,75.6,7989
06037541500,-1.116684071,0.022464698,1,Yes,0.977535302,75.9,6273
06037541603,-0.845976538,0.07804878,1,Yes,0.92195122,80.5,3059
06037541604,-0.909868278,0.063029525,1,Yes,0.936970475,78.1,5917
06037541605,-0.755013559,0.105134788,1,Yes,0.894865212,74.7,4805
06037541606,-0.948501261,0.053016688,1,Yes,0.946983312,75.3,2348
06037541700,-0.431494884,0.248652118,1,Yes,0.751347882,78.6,6638
06037541801,-0.764959251,0.101668806,1,Yes,0.898331194,78.4,6180
06037541802,-0.690517091,0.127086008,1,Yes,0.872913992,78.77142857,5306
06037542000,-0.600000918,0.167008986,1,Yes,0.832991014,76.8,4708
06037542103,-0.838249793,0.079845956,1,Yes,0.920154044,80.6,3685
06037542104,-0.65382387,0.142747112,1,Yes,0.857252888,77.4,3473
06037542105,-0.959700763,0.050834403,1,Yes,0.949165597,77.4,4781
06037542106,-0.922575965,0.060077022,1,Yes,0.939922978,77.375,3523
06037542200,-0.703800445,0.123106547,1,Yes,0.876893453,78.18333333,7155
06037542401,-0.862007092,0.074454429,1,Yes,0.925545571,77.5,4735
06037542402,-0.522739306,0.201668806,1,Yes,0.798331194,79.8,3306
06037542501,-0.554017844,0.189730424,1,Yes,0.810269576,76.9,4891
06037542502,-0.763067785,0.102310655,1,Yes,0.897689345,75.3,5006
06037542601,-0.996728041,0.043132221,1,Yes,0.956867779,78.4,3295
06037542602,-0.641185157,0.147368421,1,Yes,0.852631579,77.2,5934
06037542700,-0.607676999,0.163671374,1,Yes,0.836328626,77.4,6129
06037542800,-0.502984653,0.21296534,1,Yes,0.78703466,77.4,2980
06037542900,-0.921537572,0.060462131,1,Yes,0.939537869,78.0,3254
06037543000,-0.305125404,0.314120668,2,No,0.6858793320000001,76.4,4531
06037543100,-0.383642791,0.273684211,2,No,0.726315789,79.9,7254
06037543201,-0.584775971,0.175738126,1,Yes,0.8242618740000001,80.0,3605
06037543202,-0.896884205,0.065982028,1,Yes,0.934017972,77.4,5124
06037543304,0.189274139,0.596662388,3,No,0.40333761199999996,76.0,5872
06037543305,-0.078650225,0.442105263,2,No,0.557894737,77.6,3776
06037543306,0.105351571,0.552888318,3,No,0.44711168199999995,79.1,7863
06037543321,0.271516874,0.648267009,3,No,0.351732991,78.2,5446
06037543322,0.33712818,0.68716303,3,No,0.31283697,81.4,7959
06037543400,-0.057149104,0.456996149,2,No,0.5430038509999999,84.3,3731
06037543501,-0.092137544,0.43465982,2,No,0.56534018,80.1,7457
06037543502,-0.216090359,0.364441592,2,No,0.6355584080000001,80.8,4218
06037543503,0.194644886,0.600513479,3,No,0.39948652100000004,81.8,5696
06037543601,-0.02635939,0.475096277,2,No,0.524903723,86.2,3781
06037543602,0.068886558,0.530038511,3,No,0.469961489,83.8,7864
06037543603,0.259053684,0.640693196,3,No,0.35930680400000004,81.71666667,4301
06037543604,0.143266945,0.575481386,3,No,0.424518614,81.0,5226
06037543701,-0.154631012,0.398716303,2,No,0.601283697,78.0,3057
06037543702,0.059675132,0.524005135,3,No,0.475994865,79.3,6637
06037543703,0.058957502,0.523491656,3,No,0.476508344,79.3,3370
06037543801,-0.019895609,0.47817715,2,No,0.52182285,82.5,5159
06037543802,0.102980424,0.551604621,3,No,0.44839537900000004,77.2,6478
06037543903,0.15421335,0.581258023,3,No,0.41874197700000004,81.0,3740
06037543905,-0.496036038,0.215917843,1,Yes,0.7840821570000001,83.5,4636
06037544001,-0.166811361,0.392169448,2,No,0.607830552,79.1,4574
06037544002,-0.085302149,0.438767651,2,No,0.561232349,79.3,3187
06037550000,,,,,,,1982
06037550100,-0.077641411,0.442618742,2,No,0.5573812579999999,79.6,7329
06037550201,-0.507630333,0.210397946,1,Yes,0.7896020539999999,78.3,2911
06037550202,-0.205704588,0.369319641,2,No,0.6306803590000001,79.8,5710
06037550300,-0.204461583,0.370731707,2,No,0.629268293,77.6,8421
06037550400,,,,,,,1226
06037550500,0.20976482,0.609627728,3,No,0.390372272,81.3,8316
06037550601,-0.292579737,0.323491656,2,No,0.6765083439999999,82.7,5960
06037550602,0.178869403,0.592041078,3,No,0.40795892199999995,81.3,4328
06037550700,0.268046572,0.646469833,3,No,0.35353016699999995,82.8,6104
06037550800,0.057691128,0.522978177,3,No,0.47702182299999996,82.8,7403
06037550901,-0.303975273,0.314634146,2,No,0.685365854,77.1,4141
06037550902,-0.186850336,0.381899872,2,No,0.618100128,81.6,5803
06037551000,0.175737197,0.590885751,3,No,0.40911424900000004,82.5,7281
06037551101,-0.432843439,0.24801027,1,Yes,0.75198973,80.8,3964
06037551102,-0.427742578,0.250706033,2,No,0.7492939670000001,75.9,5427
06037551201,-0.179251904,0.386264442,2,No,0.613735558,81.3,3272
06037551202,-0.303586299,0.315019255,2,No,0.6849807450000001,76.7,7840
06037551300,-0.388541649,0.271501926,2,No,0.728498074,79.3,5449
06037551401,-0.248149343,0.345956354,2,No,0.654043646,81.1,4582
06037551402,-0.064981876,0.450962773,2,No,0.549037227,80.3,4677
06037551501,0.101689604,0.550962773,3,No,0.44903722700000004,81.4,4596
06037551502,-0.112084351,0.423363286,2,No,0.5766367139999999,84.0,4898
06037551600,,,,,,,31
06037551700,-0.155192368,0.398202824,2,No,0.601797176,81.1,6262
06037551800,0.096065874,0.5478819,3,No,0.45211809999999997,78.1,7267
06037551900,-0.131839962,0.412066752,2,No,0.587933248,77.3,5203
06037552001,-0.194139749,0.377021823,2,No,0.622978177,78.6,4188
06037552002,-0.33077594,0.301540436,2,No,0.698459564,83.5,3409
06037552100,-0.280387302,0.331707317,2,No,0.668292683,85.4,6624
06037552200,-0.616561266,0.159050064,1,Yes,0.840949936,77.4,5686
06037552301,0.105942915,0.553273427,3,No,0.44672657299999996,82.8,4482
06037552302,0.099638152,0.549293967,3,No,0.450706033,79.2,4107
06037552400,-0.352183916,0.290757381,2,No,0.7092426190000001,76.9,2423
06037552601,-0.197573624,0.37406932,2,No,0.62593068,82.8,5260
06037552602,-0.455026449,0.236328626,1,Yes,0.763671374,79.6,4416
06037552700,-0.202301338,0.371887035,2,No,0.628112965,80.0,6819
06037552800,-0.347202921,0.292426187,2,No,0.707573813,83.1,6198
06037552900,-0.201742292,0.372400513,2,No,0.627599487,78.9,7156
06037553000,-0.05462639,0.458023107,2,No,0.541976893,78.7,5033
06037553100,-0.066600431,0.449807445,2,No,0.550192555,80.3,6770
06037553200,0.055811503,0.521309371,3,No,0.47869062900000003,79.2,7637
06037553300,-0.21677777,0.363671374,2,No,0.6363286260000001,81.1,3214
06037553400,-0.163623586,0.393838254,2,No,0.606161746,79.2,3495
06037553502,-0.151440917,0.400513479,2,No,0.599486521,77.4,4066
06037553503,-0.494515672,0.216944801,1,Yes,0.783055199,78.6,2906
06037553504,-0.429675004,0.249422336,1,Yes,0.750577664,75.9,5363
06037553601,-0.687348039,0.128369705,1,Yes,0.871630295,79.4125,4699
06037553602,-0.29807326,0.319897304,2,No,0.6801026960000001,81.6,4752
06037553701,-0.615541102,0.159563543,1,Yes,0.840436457,79.6,3981
06037553702,-0.674275141,0.134531451,1,Yes,0.865468549,75.9,4723
06037553801,-0.644366041,0.145699615,1,Yes,0.8543003849999999,75.3,4954
06037553802,-0.709603398,0.119897304,1,Yes,0.880102696,75.6,6881
06037553901,-0.336469922,0.298331194,2,No,0.701668806,78.4,6773
06037553902,-0.236792041,0.351347882,2,No,0.648652118,78.5,5415
06037554001,-0.23940326,0.350577664,2,No,0.649422336,77.0,3756
06037554002,-0.444019987,0.241720154,1,Yes,0.758279846,80.6,5856
06037554101,-0.467241057,0.230038511,1,Yes,0.7699614889999999,75.9,3548
06037554103,,,,,,,1396
06037554104,-0.357420118,0.287548139,2,No,0.712451861,77.4,2414
06037554105,-0.578143143,0.179589217,1,Yes,0.820410783,78.1,4478
06037554201,-0.061416149,0.452888318,2,No,0.5471116819999999,77.7,4356
06037554203,-0.128132856,0.414505777,2,No,0.585494223,78.9,3730
06037554204,-0.422159172,0.253016688,2,No,0.746983312,77.7,4313
06037554301,-0.485678571,0.221309371,1,Yes,0.778690629,75.3,3499
06037554302,-0.387428761,0.271887035,2,No,0.728112965,78.0,4393
06037554403,-0.446387788,0.240949936,1,Yes,0.759050064,80.5,5848
06037554404,-0.230987127,0.354043646,2,No,0.645956354,74.6,4206
06037554405,-0.2104321,0.366623877,2,No,0.633376123,75.8,3015
06037554406,-0.016085701,0.480359435,2,No,0.519640565,80.4,4766
06037554511,0.241469994,0.630166881,3,No,0.36983311900000004,82.675,4140
06037554512,0.335432839,0.686007702,3,No,0.31399229799999995,86.4,6455
06037554513,0.237714659,0.626957638,3,No,0.37304236199999996,88.4,2758
06037554514,0.123346649,0.563543004,3,No,0.436456996,86.0,4700
06037554515,0.537204932,0.806931964,4,No,0.193068036,81.3,3793
06037554516,0.344971406,0.691784339,3,No,0.308215661,84.8,3885
06037554517,0.303791751,0.667522465,3,No,0.332477535,81.5,4510
06037554518,0.387413186,0.720410783,3,No,0.27958921699999995,84.2,5511
06037554519,0.445661143,0.758279846,4,No,0.24172015400000002,83.4,3498
06037554521,0.029519561,0.507702182,3,No,0.49229781800000005,85.6,5949
06037554522,0.466811116,0.770218228,4,No,0.22978177200000005,85.5,4944
06037554600,-0.070184909,0.446854942,2,No,0.553145058,80.4,4173
06037554700,-0.341602487,0.295892169,2,No,0.704107831,84.3,4328
06037554801,-0.395725015,0.268035944,2,No,0.731964056,79.2,2744
06037554802,-0.20548562,0.369833119,2,No,0.6301668810000001,80.6,6378
06037554900,0.004201024,0.492297818,2,No,0.5077021820000001,80.4,7636
06037555001,-0.067607918,0.448908858,2,No,0.551091142,79.3,5321
06037555002,-0.039886762,0.466880616,2,No,0.5331193839999999,79.36,3625
06037555102,-0.258979739,0.341078306,2,No,0.658921694,78.2,5987
06037555103,0.114269327,0.558279846,3,No,0.441720154,81.2,4873
06037555104,-0.051274147,0.460205392,2,No,0.539794608,78.1,4210
06037555202,0.532848785,0.804749679,4,No,0.19525032099999995,83.1,3661
06037555211,-0.714254226,0.117843389,1,Yes,0.882156611,81.0,5652
06037555212,-0.51397703,0.206161746,1,Yes,0.793838254,79.7,5110
06037570001,0.12410302,0.564569961,3,No,0.435430039,81.9,4764
06037570002,0.169593404,0.588061617,3,No,0.41193838299999996,80.3,2679
06037570003,0.258011859,0.640051348,3,No,0.35994865200000004,79.4,4119
06037570100,-0.255121148,0.342747112,2,No,0.6572528879999999,77.5,3192
06037570202,-0.534244261,0.19563543,1,Yes,0.80436457,81.7,6124
06037570203,-0.626524551,0.154942234,1,Yes,0.845057766,75.3,4165
06037570204,-0.958756402,0.051219512,1,Yes,0.948780488,76.8,4201
06037570301,-0.85623106,0.075738126,1,Yes,0.924261874,76.5,7273
06037570303,-0.498519204,0.214890886,1,Yes,0.7851091139999999,75.8,4471
06037570304,-0.628479208,0.153786906,1,Yes,0.846213094,77.6,5094
06037570402,-0.445517742,0.241078306,1,Yes,0.758921694,78.6,3400
06037570403,-0.824802295,0.08254172,1,Yes,0.91745828,78.46666667,4832
06037570404,-0.627484223,0.154428755,1,Yes,0.845571245,78.0,3676
06037570501,-0.662716951,0.140051348,1,Yes,0.859948652,77.3,8042
06037570502,-0.453640106,0.237483954,1,Yes,0.762516046,78.1,6588
06037570601,-0.585674984,0.174839538,1,Yes,0.825160462,79.5,5610
06037570602,-0.132247417,0.411810013,2,No,0.588189987,76.8,6177
06037570603,-0.579742686,0.178818999,1,Yes,0.821181001,76.2,5172
06037570701,0.087387836,0.541976893,3,No,0.45802310700000004,78.0,7372
06037570702,0.34653893,0.692682927,3,No,0.307317073,80.6,2296
06037570800,0.421723224,0.742233633,3,No,0.257766367,78.4,5300
06037570901,0.371869694,0.711424904,3,No,0.288575096,80.0,5752
06037570902,0.423488562,0.744030809,3,No,0.25596919100000004,77.5,3583
06037571000,0.53669453,0.806546855,4,No,0.193453145,80.2,5628
06037571101,0.487872295,0.783183569,4,No,0.21681643100000003,79.3,4402
06037571102,0.39803948,0.728369705,3,No,0.271630295,82.8,4073
06037571200,0.34078953,0.688960205,3,No,0.311039795,80.5,8175
06037571300,0.285868963,0.65661104,3,No,0.34338895999999997,79.3,4484
06037571400,0.23138873,0.624005135,3,No,0.375994865,78.0,4844
06037571502,-0.046796884,0.462387677,2,No,0.5376123230000001,77.5,4739
06037571503,0.122867907,0.563286264,3,No,0.43671373599999996,81.5,3878
06037571504,0.142382388,0.574839538,3,No,0.425160462,77.4,4512
06037571600,-1.408214561,0.003979461,1,Yes,0.996020539,75.3,2309
06037571701,-0.533351498,0.196020539,1,Yes,0.803979461,75.3,6247
06037571703,-0.410661266,0.260333761,2,No,0.739666239,79.1,3557
06037571704,-0.827140759,0.081899872,1,Yes,0.918100128,76.5,4076
06037571800,0.684265068,0.87817715,4,No,0.12182285000000004,79.9,3222
06037571900,0.273065036,0.648908858,3,No,0.351091142,79.7,5413
06037572001,0.524468232,0.800513479,4,No,0.19948652099999997,79.3,5957
06037572002,-0.095624989,0.432605905,2,No,0.567394095,75.7,4723
06037572100,,,,,,,1113
06037572201,-0.157216262,0.396919127,2,No,0.603080873,78.3,5592
06037572202,0.337985507,0.687676508,3,No,0.312323492,75.3,3614
06037572301,-0.516267405,0.205263158,1,Yes,0.794736842,78.5,3841
06037572302,-0.207282281,0.368677792,2,No,0.631322208,73.3,3610
06037572400,,,,,,,1425
06037572500,-0.746487494,0.106931964,1,Yes,0.893068036,79.6,3643
06037572600,-0.253221662,0.343902439,2,No,0.6560975609999999,80.5,5357
06037572700,-0.220108862,0.361232349,2,No,0.638767651,82.4,5268
06037572800,,,,,,,986
06037572900,-0.674016426,0.13465982,1,Yes,0.86534018,80.8,5360
06037573002,-0.906138099,0.064056483,1,Yes,0.935943517,79.38,4086
06037573003,-0.250954889,0.344801027,2,No,0.6551989730000001,75.1,1843
06037573004,-0.562383948,0.186264442,1,Yes,0.813735558,75.7,4577
06037573100,-0.375981026,0.277535302,2,No,0.722464698,80.1,7547
06037573201,-0.614576016,0.160333761,1,Yes,0.839666239,75.8,4597
06037573202,-0.638805843,0.148523748,1,Yes,0.851476252,81.8,6379
06037573300,-0.954277639,0.051861361,1,Yes,0.948138639,75.3,4158
06037573401,-0.037502703,0.468421053,2,No,0.5315789470000001,79.2,1642
06037573402,-0.094629024,0.432862644,2,No,0.5671373559999999,76.6,6384
06037573403,0.478366091,0.777150193,4,No,0.222849807,84.4,3519
06037573601,0.544350175,0.811039795,4,No,0.188960205,81.2,6402
06037573700,0.55007123,0.814505777,4,No,0.18549422299999996,81.4,5009
06037573800,0.375039081,0.713607189,3,No,0.286392811,78.1,4309
06037573902,0.84889898,0.936328626,4,No,0.063671374,84.3,2031
06037574000,0.808434349,0.924261874,4,No,0.07573812599999996,82.9,5165
06037574100,0.488275903,0.783568678,4,No,0.21643132200000004,81.1,5014
06037574201,0.479154754,0.777663671,4,No,0.222336329,79.8,3100
06037574202,0.092602101,0.545956354,3,No,0.454043646,76.3,2251
06037574300,0.621850671,0.852503209,4,No,0.14749679100000002,84.0,6052
06037574400,0.654793743,0.866110398,4,No,0.133889602,81.7,5474
06037574500,0.581679764,0.830937099,4,No,0.169062901,80.5,6631
06037574601,,,,,,,2276
06037574602,,,,,,,1291
06037574700,,,,,,,133
06037574800,0.581381435,0.83029525,4,No,0.16970474999999996,79.65,2961
06037574901,0.581574407,0.830808729,4,No,0.16919127099999998,80.8,3697
06037574902,-0.478699203,0.224261874,1,Yes,0.775738126,82.0,5549
06037575001,0.387505504,0.720667522,3,No,0.27933247800000005,81.6,3688
06037575002,0.198841367,0.602695764,3,No,0.397304236,74.3,4843
06037575101,-0.655833373,0.142490372,1,Yes,0.857509628,76.5,4339
06037575102,-0.640508244,0.1478819,1,Yes,0.8521181,76.4,4151
06037575103,-0.193222659,0.377278562,2,No,0.622721438,76.9,5171
06037575201,-0.856251149,0.075609756,1,Yes,0.924390244,72.5,4772
06037575202,-0.838955141,0.079589217,1,Yes,0.920410783,75.9,4175
06037575300,-0.846127051,0.077920411,1,Yes,0.922079589,83.5,4360
06037575401,-1.018927854,0.037355584,1,Yes,0.9626444160000001,77.04,4788
06037575402,-0.867632053,0.072657253,1,Yes,0.927342747,79.82,4129
06037575500,,,,,,,93
06037575801,-0.804921448,0.088831836,1,Yes,0.911168164,77.35,2254
06037575802,-0.971917536,0.049293967,1,Yes,0.950706033,77.1,5664
06037575803,-0.830085157,0.081386393,1,Yes,0.9186136069999999,76.5,3229
06037575901,-0.581259796,0.177663671,1,Yes,0.822336329,77.6,3553
06037575902,-0.329475315,0.302439024,2,No,0.697560976,73.7,5208
06037576001,0.418033704,0.740179718,3,No,0.25982028199999996,78.3,5174
06037576200,-0.572140351,0.182284981,1,Yes,0.817715019,73.1,5324
06037576301,-0.477549152,0.225032092,1,Yes,0.774967908,81.6,4165
06037576302,-0.813126865,0.086392811,1,Yes,0.913607189,70.4,4077
06037576401,-0.990559246,0.044672657,1,Yes,0.955327343,75.41428571,5021
06037576402,-0.811233588,0.08703466,1,Yes,0.91296534,75.6,5015
06037576403,-0.668424041,0.137612323,1,Yes,0.862387677,75.3,5140
06037576501,-0.527818638,0.198973042,1,Yes,0.801026958,77.6,2986
06037576502,-0.290889731,0.324903723,2,No,0.675096277,75.2,4658
06037576503,-0.071640542,0.446084724,2,No,0.553915276,70.9,4469
06037576601,0.209215554,0.609242619,3,No,0.390757381,79.1,4293
06037576602,0.273453534,0.649165597,3,No,0.350834403,76.7,4423
06037576700,0.315612193,0.675609756,3,No,0.32439024400000005,83.1,3935
06037576801,-0.071428637,0.446213094,2,No,0.553786906,78.8,4070
06037576802,0.323558512,0.680487805,3,No,0.31951219500000005,79.9,4061
06037576901,-0.816904396,0.085109114,1,Yes,0.914890886,75.0,5357
06037576903,-0.561957222,0.186521181,1,Yes,0.813478819,76.4,3644
06037576904,0.019388626,0.501283697,3,No,0.498716303,77.9,3157
06037577000,0.101591752,0.550834403,3,No,0.449165597,77.5,7288
06037577100,0.613586826,0.848395379,4,No,0.15160462100000005,79.1,7185
06037577200,0.563865643,0.821437741,4,No,0.178562259,78.5,5848
06037577300,0.593606398,0.836713736,4,No,0.16328626400000001,81.8,5431
06037577400,0.401978115,0.730038511,3,No,0.26996148900000005,83.6,2947
06037577501,0.827728508,0.930038511,4,No,0.06996148899999999,82.7,3370
06037577504,,,,,,,1378
06037577602,0.59475654,0.837740693,4,No,0.16225930700000002,82.4,3259
06037577603,0.791289725,0.920025674,4,No,0.07997432599999998,80.9,8457
06037577604,,,,,,,1367
06037599000,-0.03680867,0.468806162,2,No,0.531193838,79.5,3684
06037599100,,,,,,,483
06037600100,-0.929423181,0.058536585,1,Yes,0.941463415,76.8,7410
06037600201,-1.14297733,0.019897304,1,Yes,0.980102696,76.2,5063
06037600202,-1.024859096,0.035558408,1,Yes,0.964441592,78.7,7767
06037600302,-0.439001416,0.244159178,1,Yes,0.755840822,76.8,3086
06037600303,-1.211903732,0.01283697,1,Yes,0.98716303,72.0,3883
06037600304,-0.994589842,0.043774069,1,Yes,0.956225931,74.8,3910
06037600400,-0.135473798,0.410012837,2,No,0.589987163,73.1,4147
06037600501,-0.096529335,0.432092426,2,No,0.567907574,76.5,2712
06037600502,-0.405261764,0.262772786,2,No,0.737227214,78.8,2097
06037600601,0.040138804,0.51309371,3,No,0.48690628999999996,79.6,2653
06037600602,-0.958352182,0.051347882,1,Yes,0.948652118,75.3,2542
06037600702,0.249436484,0.635173299,3,No,0.36482670100000003,79.1,4306
06037600703,0.381638203,0.71732991,3,No,0.28267009,81.0,1783
06037600704,-0.066807026,0.449550706,2,No,0.550449294,78.8,3373
06037600801,0.364731862,0.705776637,3,No,0.29422336299999996,77.0,3199
06037600802,-0.103431726,0.427856226,2,No,0.5721437739999999,76.8,2485
06037600902,-0.527305267,0.199486521,1,Yes,0.800513479,76.5,6491
06037600911,-0.127866302,0.414634146,2,No,0.585365854,77.9,3146
06037600912,-0.30535494,0.313992298,2,No,0.6860077019999999,80.9,5659
06037601001,-0.181681373,0.384467266,2,No,0.6155327340000001,76.4,2381
06037601002,-0.146736006,0.403465982,2,No,0.596534018,76.8,5167
06037601100,-0.707937493,0.121181001,1,Yes,0.878818999,77.7,6869
06037601202,-0.187757929,0.381001284,2,No,0.618998716,78.6,4000
06037601211,-0.488456715,0.219768935,1,Yes,0.780231065,81.3,2880
06037601212,-0.711733958,0.118485237,1,Yes,0.881514763,78.4,6774
06037601301,0.282610021,0.654172015,3,No,0.345827985,75.7,1921
06037601302,-0.360556569,0.284980745,2,No,0.7150192550000001,76.2,7333
06037601303,-0.209385675,0.367650834,2,No,0.632349166,76.5,5084
06037601401,-0.452930549,0.237997433,1,Yes,0.762002567,79.7,5949
06037601402,-0.321704877,0.306803594,2,No,0.693196406,81.6,4793
06037601501,-0.742587333,0.108087291,1,Yes,0.891912709,78.84,3918
06037601502,-0.869054163,0.071887035,1,Yes,0.928112965,76.2,4059
06037601600,-0.471341825,0.227984596,1,Yes,0.772015404,76.2,4439
06037601700,-0.74611913,0.107188703,1,Yes,0.892811297,77.0,5126
06037601801,-0.433991484,0.247111682,1,Yes,0.752888318,79.7,2834
06037601802,-0.355479429,0.288446727,2,No,0.711553273,78.1,3945
06037601900,-0.968280445,0.049935815,1,Yes,0.950064185,75.8,4847
06037602002,-0.408150404,0.261874198,2,No,0.738125802,75.3,3057
06037602003,-0.660509345,0.140693196,1,Yes,0.859306804,83.5,4760
06037602004,-0.492234725,0.218228498,1,Yes,0.781771502,77.98,3709
06037602103,-0.569560555,0.183440308,1,Yes,0.816559692,75.9,6650
06037602104,-0.336487451,0.298202824,2,No,0.701797176,82.9,6091
06037602105,-0.369305947,0.280872914,2,No,0.7191270860000001,78.1,4116
06037602106,-0.36377701,0.283953787,2,No,0.716046213,79.0,5403
06037602200,-0.058268506,0.455969191,2,No,0.544030809,80.4,7200
06037602301,0.249356457,0.635044929,3,No,0.364955071,80.2,6311
06037602302,0.757434154,0.909114249,4,No,0.09088575099999996,85.2,4819
06037602402,-0.268670935,0.336328626,2,No,0.663671374,82.6,6869
06037602403,-0.144080851,0.404878049,2,No,0.595121951,78.9,5199
06037602404,-0.298075444,0.319768935,2,No,0.6802310650000001,78.3,5457
06037602504,-0.40393917,0.263671374,2,No,0.7363286259999999,76.5,4961
06037602505,-0.585806063,0.174582798,1,Yes,0.825417202,78.18,4590
06037602506,-0.537078595,0.194993582,1,Yes,0.8050064180000001,76.5,4297
06037602507,-0.204003271,0.371116816,2,No,0.628883184,76.5,5122
06037602508,-0.40636879,0.262644416,2,No,0.737355584,77.3,6922
06037602509,-0.178890637,0.386392811,2,No,0.613607189,77.5,4457
06037602600,-0.191516008,0.378562259,2,No,0.621437741,79.1,8118
06037602700,0.076304873,0.534274711,3,No,0.465725289,77.2,3770
06037602801,-0.726146732,0.114249037,1,Yes,0.885750963,76.1,3718
06037602802,-0.108170704,0.425545571,2,No,0.574454429,77.3,5019
06037602900,-0.43530315,0.246213094,1,Yes,0.753786906,76.6,4443
06037603001,-0.464661141,0.231450578,1,Yes,0.768549422,79.4,7498
06037603004,-0.185578006,0.38241335,2,No,0.61758665,74.7,1549
06037603005,-0.55515997,0.189088575,1,Yes,0.810911425,77.9,5928
06037603006,0.069009422,0.53029525,3,No,0.46970475,79.4,1898
06037603101,-0.18627678,0.382156611,2,No,0.617843389,85.0,4139
06037603102,-0.22127857,0.360462131,2,No,0.639537869,83.4,3664
06037603200,0.352241212,0.696662388,3,No,0.303337612,82.6,3394
06037603301,-0.242085753,0.349679076,2,No,0.6503209240000001,83.4,3617
06037603302,-0.036307265,0.469062901,2,No,0.530937099,87.0,4048
06037603400,-0.143828378,0.405006418,2,No,0.5949935820000001,80.7,4113
06037603500,0.206110738,0.606803594,3,No,0.39319640600000005,80.8,3042
06037603600,0.056111608,0.52169448,3,No,0.47830552000000004,83.5,4258
06037603702,0.289751035,0.659435173,3,No,0.340564827,81.8,4777
06037603703,0.278663843,0.651861361,3,No,0.34813863899999997,80.9,2491
06037603704,-0.291543561,0.324261874,2,No,0.6757381259999999,75.3,6609
06037603801,-0.244461998,0.348267009,2,No,0.651732991,77.9,4748
06037603802,-0.330080177,0.302053915,2,No,0.697946085,78.5,4040
06037603900,-0.175935935,0.388061617,2,No,0.611938383,78.8,7666
06037604001,-0.292210164,0.323876765,2,No,0.6761232349999999,75.9,4207
06037604002,-0.224185643,0.357894737,2,No,0.6421052629999999,80.7,4856
06037604100,-0.199404316,0.373170732,2,No,0.626829268,81.5,7302
06037609900,-0.198367407,0.373684211,2,No,0.626315789,76.4,2057
06037620001,0.698944104,0.884852375,4,No,0.11514762499999998,83.3,4251
06037620002,0.615072475,0.849293967,4,No,0.15070603299999996,82.5,3493
06037620101,0.610480153,0.846469833,4,No,0.153530167,81.1,5632
06037620102,0.652595228,0.86508344,4,No,0.13491655999999996,83.9,3355
06037620201,0.983458262,0.966238768,4,No,0.03376123200000003,85.9,1529
06037620301,0.959995459,0.961874198,4,No,0.03812580200000004,87.0,4819
06037620303,1.139640214,0.985237484,4,No,0.014762516000000003,82.5,4502
06037620305,0.849701293,0.936713736,4,No,0.06328626400000004,85.9,5845
06037620400,0.756256048,0.908472401,4,No,0.09152759899999996,83.3,5279
06037620501,0.604550017,0.843132221,4,No,0.15686777900000004,79.4,5726
06037620521,0.54269261,0.809884467,4,No,0.19011553299999995,78.8,3958
06037620522,0.611942083,0.847496791,4,No,0.15250320900000003,78.9,5024
06037620601,0.515192365,0.794480103,4,No,0.20551989699999995,81.7,5278
06037620602,0.852308036,0.937483954,4,No,0.06251604600000005,81.4,5040
06037620701,0.762380721,0.911296534,4,No,0.08870346600000001,81.5,7211
06037620702,0.864400278,0.941463415,4,No,0.05853658500000003,81.5,7375
06037620800,0.705432578,0.888189987,4,No,0.11181001300000004,87.2,7844
06037620901,0.953261215,0.960333761,4,No,0.03966623899999999,88.1,2785
06037620904,0.958376525,0.961489089,4,No,0.038510911000000037,82.5,2897
06037621001,0.910327461,0.95224647,4,No,0.047753530000000044,83.9,4373
06037621002,,,,,,,879
06037621004,1.033072742,0.973684211,4,No,0.02631578899999998,82.0,4086
06037621102,0.903888075,0.950577664,4,No,0.04942233600000001,88.4,3069
06037621104,0.827704312,0.929910141,4,No,0.07008985899999998,82.0,7132
06037621201,0.762405745,0.911424904,4,No,0.08857509600000002,81.0,6724
06037621204,0.925340906,0.955840822,4,No,0.04415917800000002,81.8,3052
06037621301,0.641049752,0.861232349,4,No,0.138767651,84.4,6973
06037621324,0.674253319,0.873684211,4,No,0.12631578899999996,81.5,3740
06037621326,0.913424206,0.953016688,4,No,0.046983312000000055,80.7,3017
06037621400,0.823655515,0.929011553,4,No,0.07098844699999995,81.4,4305
06037650001,0.230088676,0.623106547,3,No,0.376893453,81.7,5805
06037650003,0.069001277,0.530166881,3,No,0.469833119,83.5,3202
06037650004,0.283365057,0.655070603,3,No,0.344929397,82.2,4125
06037650101,0.359809072,0.701925546,3,No,0.298074454,83.0,6018
06037650102,0.405511117,0.731322208,3,No,0.26867779199999997,81.3,2211
06037650200,0.301234154,0.665982028,3,No,0.33401797200000005,81.8,5930
06037650300,0.21175477,0.611039795,3,No,0.38896020499999995,81.3,6824
06037650401,0.451874979,0.762259307,4,No,0.237740693,81.4,4758
06037650501,0.577350364,0.828112965,4,No,0.17188703500000002,81.8,3044
06037650502,0.541909244,0.809499358,4,No,0.19050064200000005,83.0,4259
06037650602,0.242799821,0.630937099,3,No,0.36906290100000005,81.2,7315
06037650603,0.304041358,0.667779204,3,No,0.332220796,84.2,3849
06037650604,0.164692628,0.586136072,3,No,0.41386392800000005,82.8,5567
06037650605,0.419135475,0.740821566,3,No,0.25917843399999996,80.4,3064
06037650701,0.574025984,0.826829268,4,No,0.173170732,80.7,2529
06037650702,0.671855797,0.872400513,4,No,0.127599487,82.9,4731
06037650800,0.360629615,0.702567394,3,No,0.297432606,84.5,6423
06037650901,0.432791997,0.750064185,4,No,0.24993581499999995,79.7,5366
06037650902,0.362379601,0.70436457,3,No,0.29563543000000003,80.4,6769
06037651001,0.244289281,0.631707317,3,No,0.36829268299999995,81.3,5444
06037651002,0.394994359,0.726315789,3,No,0.27368421099999996,82.8,4702
06037651101,0.459303951,0.766752246,4,No,0.23324775399999997,83.9,5036
06037651102,0.512270267,0.793453145,4,No,0.20654685500000003,84.6,3534
06037651201,0.736533359,0.90012837,4,No,0.09987162999999999,83.5,5018
06037651221,0.389729836,0.722079589,3,No,0.277920411,86.2,3697
06037651222,0.419999087,0.740949936,3,No,0.25905006399999997,83.5,6459
06037651302,0.65165258,0.864826701,4,No,0.13517329899999997,86.1,6204
06037651304,0.579413465,0.829011553,4,No,0.17098844700000004,86.9,4852
06037651401,0.525011591,0.800770218,4,No,0.19922978199999997,82.4,2521
06037651402,0.468866668,0.771501926,4,No,0.228498074,85.3,6236
06037670001,0.25945465,0.640949936,3,No,0.35905006399999995,81.0,3406
06037670002,0.020482234,0.501925546,3,No,0.49807445400000006,77.4,3939
06037670003,0.353492358,0.697432606,3,No,0.302567394,78.9,5707
06037670100,0.226195322,0.620025674,3,No,0.37997432600000003,80.9,6642
06037670201,0.684922465,0.878562259,4,No,0.12143774100000004,82.4,3820
06037670202,0.802429401,0.922978177,4,No,0.07702182300000004,83.0,2637
06037670324,1.009531793,0.970860077,4,No,0.029139923000000012,85.3,5091
06037670326,0.832890166,0.931578947,4,No,0.06842105300000001,86.4,3613
06037670328,0.702068748,0.886136072,4,No,0.113863928,83.9,4730
06037670403,0.583160887,0.831322208,4,No,0.168677792,81.0,2733
06037670405,0.594298805,0.837098845,4,No,0.16290115500000002,81.0,2864
06037670406,0.841819786,0.933889602,4,No,0.06611039799999996,85.2,1759
06037670407,0.410193291,0.73478819,3,No,0.26521181000000005,86.4,6269
06037670411,0.848445287,0.935686778,4,No,0.064313222,88.1,4356
06037670413,0.673774256,0.873170732,4,No,0.12682926800000005,85.7,4433
06037670416,0.460952239,0.767522465,4,No,0.232477535,87.0,4513
06037670500,1.015698865,0.971630295,4,No,0.028369705000000023,82.175,1513
06037670602,0.759291656,0.910141207,4,No,0.08985879299999999,84.06,6862
06037670701,0.541842769,0.809370988,4,No,0.19062901200000004,81.3,7185
06037670702,0.964735075,0.962387677,4,No,0.03761232299999995,84.3,5649
06037700101,0.244913259,0.632092426,3,No,0.36790757399999996,81.5,5200
06037700102,0.028336224,0.507060334,3,No,0.49293966600000005,78.32,4506
06037700200,0.240680231,0.629653402,3,No,0.370346598,80.71428571,7446
06037700300,0.643824717,0.862901155,4,No,0.13709884500000002,82.0,6223
06037700400,0.674954082,0.874326059,4,No,0.12567394099999996,81.8,5162
06037700501,0.670876772,0.872015404,4,No,0.127984596,83.7,3526
06037700502,0.393027208,0.724518614,3,No,0.27548138600000005,79.7,4387
06037700600,0.626453423,0.854557125,4,No,0.14544287499999997,87.7,5021
06037700700,0.765642268,0.912580231,4,No,0.08741976900000004,86.0,3575
06037700801,0.265781009,0.645186136,3,No,0.35481386400000003,84.77777778,4610
06037700802,0.411660505,0.736071887,3,No,0.26392811299999996,85.2,4092
06037700901,0.718991089,0.893709884,4,No,0.10629011600000005,84.2,3600
06037700902,0.429811603,0.748780488,3,No,0.25121951200000003,84.2,7352
06037701000,0.678529226,0.875609756,4,No,0.12439024399999998,84.4,5936
06037701100,,,,,,,1101
06037701201,1.003119859,0.96957638,4,No,0.030423619999999985,84.2,4088
06037701202,0.773294238,0.913992298,4,No,0.08600770199999996,82.1,3381
06037701302,0.842064398,0.934146341,4,No,0.06585365899999995,82.3,4868
06037701304,0.749505659,0.906418485,4,No,0.093581515,85.1,6212
06037701402,0.602672834,0.841848524,4,No,0.158151476,82.8,5577
06037701501,0.61076245,0.846726573,4,No,0.15327342700000002,81.5,5267
06037701502,0.656117742,0.866623877,4,No,0.133376123,75.3,3530
06037701601,0.927402777,0.956225931,4,No,0.04377406900000003,85.3,4194
06037701602,0.782317167,0.916816431,4,No,0.08318356900000001,82.3,3987
06037701701,0.407041556,0.732605905,3,No,0.267394095,83.7,3305
06037701702,0.393258909,0.724903723,3,No,0.27509627699999994,78.4,3437
06037701801,-0.08295213,0.440051348,2,No,0.559948652,80.9,7001
06037701802,-0.042543427,0.46534018,2,No,0.53465982,83.7,4645
06037701902,0.124606851,0.564955071,3,No,0.435044929,81.3,4659
06037702002,0.667647307,0.870731707,4,No,0.12926829299999998,85.3,6443
06037702102,0.493847808,0.785365854,4,No,0.21463414599999997,81.8,6065
06037702201,0.610835156,0.846983312,4,No,0.153016688,85.1,4110
06037702202,0.783775375,0.91732991,4,No,0.08267009000000003,82.9,3969
06037702300,0.674519658,0.87394095,4,No,0.12605904999999995,81.5,6839
06037702400,0.487646099,0.783055199,4,No,0.21694480100000002,80.6,4367
06037702501,0.817100342,0.927984596,4,No,0.07201540399999995,81.9,4965
06037702502,0.916659405,0.953915276,4,No,0.046084723999999966,85.8,3757
06037702600,0.918322305,0.954557125,4,No,0.045442874999999994,83.18571429,6389
06037702700,0.864267796,0.941335045,4,No,0.05866495500000002,84.3,3435
06037702801,0.308653042,0.671245186,3,No,0.32875481399999995,81.3,4679
06037702802,-0.021782924,0.477021823,2,No,0.5229781769999999,82.5,2293
06037702803,-0.008975502,0.484852375,2,No,0.515147625,78.0,3063
06037702901,0.468355546,0.771116816,4,No,0.22888318399999996,81.9,9852
06037703001,0.605784853,0.844030809,4,No,0.15596919099999995,83.5,6503
06037703002,0.367982654,0.708087291,3,No,0.291912709,83.9,6721
06037703100,0.355406269,0.698587933,3,No,0.301412067,78.8,6068
06037703200,0.224686167,0.618998716,3,No,0.381001284,80.9,5688
06037800101,0.787060337,0.918485237,4,No,0.08151476300000005,81.3,5738
06037800102,0.569814996,0.824261874,4,No,0.17573812600000005,82.5,7213
06037800202,0.652933715,0.86521181,4,No,0.13478818999999997,84.1,6065
06037800203,0.788800957,0.919127086,4,No,0.08087291399999996,83.2,5533
06037800204,0.571102329,0.825160462,4,No,0.17483953799999996,82.48333333,4495
06037800324,0.718391687,0.893324775,4,No,0.10667522500000004,80.6,6966
06037800325,0.868171686,0.942490372,4,No,0.057509628000000035,83.0,3573
06037800326,0.656681815,0.867008986,4,No,0.13299101400000002,84.6,4741
06037800327,0.436609987,0.752503209,4,No,0.247496791,81.6,5827
06037800328,0.624753499,0.853658537,4,No,0.14634146299999995,81.4,2733
06037800329,0.42888383,0.748395379,3,No,0.25160462100000003,81.5,6953
06037800330,,,,,,,882
06037800331,,,,,,,732
06037800332,0.799315758,0.922721438,4,No,0.07727856200000005,83.1,6543
06037800406,0.322823555,0.679717587,3,No,0.32028241300000004,86.4,2529
06037800408,0.760114578,0.910526316,4,No,0.089473684,86.8,7274
06037800410,,,,,,,4031
06037800504,0.855862785,0.938639281,4,No,0.06136071899999995,81.5,2334
06037800506,0.383840082,0.719127086,3,No,0.28087291400000003,84.7,3270
06037900102,,,,,,,710
06037900103,-1.006384077,0.040051348,1,Yes,0.959948652,75.4,5939
06037900104,-0.918630141,0.06084724,1,Yes,0.93915276,75.5,5822
06037900201,,,,,,,1129
06037900300,-0.800930927,0.090115533,1,Yes,0.909884467,77.8,5613
06037900501,-0.738353485,0.110141207,1,Yes,0.889858793,74.4,7225
06037900504,-0.439851219,0.244030809,1,Yes,0.755969191,73.6,7261
06037900505,-0.885535528,0.068806162,1,Yes,0.931193838,77.4,3427
06037900506,-0.543042891,0.193324775,1,Yes,0.806675225,77.8,4188
06037900507,-0.592553536,0.170988447,1,Yes,0.829011553,74.1,7333
06037900508,-0.57813282,0.179717587,1,Yes,0.8202824129999999,80.9,4016
06037900602,-1.093725705,0.026315789,1,Yes,0.973684211,74.1,5542
06037900605,-0.908264184,0.063671374,1,Yes,0.936328626,74.8,7539
06037900606,-1.201998599,0.013735558,1,Yes,0.986264442,74.4,3532
06037900607,-0.976452334,0.048138639,1,Yes,0.951861361,72.8,3651
06037900608,-0.686639834,0.129268293,1,Yes,0.870731707,76.9,3445
06037900609,-0.845889959,0.07817715,1,Yes,0.92182285,76.1,4978
06037900701,-1.034335834,0.034146341,1,Yes,0.965853659,73.1,5012
06037900703,-0.809152413,0.087548139,1,Yes,0.912451861,72.7,4349
06037900704,-1.52934006,0.002310655,1,Yes,0.997689345,75.87142857,2910
06037900705,-0.268575529,0.336456996,2,No,0.663543004,76.1,3980
06037900803,-0.587867676,0.173427471,1,Yes,0.826572529,77.9,8751
06037900804,-0.966490112,0.050192555,1,Yes,0.949807445,72.6,3359
06037900805,-0.457473121,0.235301669,1,Yes,0.764698331,73.6,4916
06037900806,-1.281692594,0.00872914,1,Yes,0.99127086,74.9,4634
06037900900,-0.505760297,0.211424904,1,Yes,0.788575096,75.6,4018
06037901003,,,,,,,4895
06037901004,0.071520163,0.531835687,3,No,0.46816431300000005,80.1,12463
06037901007,-0.060203095,0.453786906,2,No,0.5462130940000001,75.9,2094
06037901008,-0.494888858,0.216559692,1,Yes,0.783440308,78.4,2744
06037901009,-0.124771056,0.416302953,2,No,0.583697047,78.0,5388
06037901010,-0.367180064,0.282156611,2,No,0.717843389,77.7,5723
06037901011,-0.01379318,0.481129653,2,No,0.518870347,79.9,5314
06037901101,-0.201489661,0.372528883,2,No,0.627471117,79.7,5519
06037901102,-0.237960618,0.351219512,2,No,0.648780488,82.6,5337
06037901205,-0.156384472,0.397432606,2,No,0.602567394,77.5,10783
06037901209,-0.306638633,0.313350449,2,No,0.686649551,75.3,1634
06037901210,-0.332705709,0.300898588,2,No,0.699101412,79.5,1631
06037901213,0.269161605,0.647111682,3,No,0.352888318,78.0,3853
06037910001,-0.872668594,0.070731707,1,Yes,0.929268293,75.1,6345
06037910002,-0.678002036,0.133119384,1,Yes,0.866880616,78.5,7723
06037910101,-0.915946901,0.061360719,1,Yes,0.938639281,76.97,1863
06037910201,-0.359204422,0.286007702,2,No,0.713992298,81.2,4063
06037910202,-0.091075908,0.435301669,2,No,0.564698331,80.0,5823
06037910205,,,,,,,1225
06037910206,0.065489548,0.527471117,3,No,0.47252888299999996,81.9,3776
06037910207,0.005939525,0.493581515,2,No,0.506418485,81.6,6033
06037910208,-0.297409611,0.320282413,2,No,0.6797175870000001,79.9,6210
06037910209,0.211755106,0.611168164,3,No,0.38883183600000004,81.14,5134
06037910210,0.331914398,0.684338896,3,No,0.315661104,83.6,7239
06037910301,0.24749912,0.633889602,3,No,0.366110398,77.5,3874
06037910302,0.353346317,0.697175866,3,No,0.30282413399999997,78.6,5517
06037910401,-0.303902742,0.314762516,2,No,0.685237484,84.0,6359
06037910402,-1.073203464,0.028112965,1,Yes,0.971887035,74.0,3583
06037910403,-1.200743892,0.013863928,1,Yes,0.986136072,74.6,2278
06037910404,-0.488218824,0.220154044,1,Yes,0.779845956,77.5,4284
06037910501,-1.301952004,0.007188703,1,Yes,0.992811297,75.4,5218
06037910502,-0.985720337,0.046469833,1,Yes,0.953530167,78.5,4537
06037910504,-0.869621538,0.071630295,1,Yes,0.928369705,80.2,4254
06037910505,-0.448931953,0.239666239,1,Yes,0.760333761,81.2,3217
06037910601,-0.863436195,0.07406932,1,Yes,0.92593068,79.6,6726
06037910602,-0.794735904,0.092041078,1,Yes,0.907958922,78.2,4433
06037910603,-0.589242119,0.172528883,1,Yes,0.827471117,80.6,6928
06037910605,-0.606818471,0.164313222,1,Yes,0.835686778,76.8,4715
06037910606,-0.679893263,0.132477535,1,Yes,0.867522465,79.6,3121
06037910705,-0.356398394,0.287933248,2,No,0.712066752,77.3,11613
06037910706,-0.60670444,0.164441592,1,Yes,0.835558408,76.7,6301
06037910707,-0.424807824,0.252631579,2,No,0.747368421,76.6,5420
06037910709,-0.252616079,0.344159178,2,No,0.655840822,78.2,2039
06037910711,-0.337702331,0.297432606,2,No,0.702567394,76.0,7655
06037910712,-0.473698893,0.227214377,1,Yes,0.772785623,78.7,2904
06037910713,-0.398509449,0.266752246,2,No,0.733247754,77.9,5787
06037910714,-0.527263754,0.199743261,1,Yes,0.8002567389999999,77.0,3870
06037910715,-0.588180079,0.173042362,1,Yes,0.826957638,79.5,6653
06037910716,-0.404140341,0.263543004,2,No,0.736456996,83.9,5770
06037910804,0.109903415,0.555455712,3,No,0.444544288,76.5,2964
06037910805,-0.171471684,0.390500642,2,No,0.609499358,76.3,4722
06037910807,0.120233137,0.561745828,3,No,0.43825417200000005,80.0,6424
06037910808,0.348262251,0.693838254,3,No,0.306161746,80.8,3445
06037910809,0.397172651,0.727727856,3,No,0.272272144,82.0,2070
06037910810,0.311540135,0.673427471,3,No,0.326572529,81.9,2599
06037910811,,,,,,,179
06037910812,,,,,,,363
06037910813,0.069921126,0.530937099,3,No,0.46906290100000003,76.7,4080
06037911001,-0.704300998,0.122849807,1,Yes,0.877150193,83.8,3926
06037920011,,,,,,,172
06037920012,,,,,,,1111
06037920013,0.39059069,0.723234917,3,No,0.276765083,83.2,7174
06037920015,0.677499471,0.875353017,4,No,0.12464698299999999,86.9,6578
06037920016,0.684633434,0.87830552,4,No,0.12169448000000005,82.6,3563
06037920017,0.192554495,0.598587933,3,No,0.401412067,83.0,4309
06037920018,0.3617567,0.703080873,3,No,0.296919127,80.2,2024
06037920020,0.397381722,0.727856226,3,No,0.272143774,80.9,6501
06037920023,0.093510224,0.546854942,3,No,0.45314505800000004,80.0,2615
06037920026,,,,,,,386
06037920028,0.384274543,0.719255456,3,No,0.28074454400000004,80.8,7091
06037920029,0.09787446,0.548523748,3,No,0.45147625199999997,80.3,5632
06037920030,0.117316852,0.560205392,3,No,0.43979460800000003,81.1,5088
06037920031,0.155648571,0.582284981,3,No,0.41771501899999997,82.2,4343
06037920032,0.359333306,0.701668806,3,No,0.29833119399999997,79.3,3558
06037920033,,,,,,,598
06037920034,0.133027768,0.568934531,3,No,0.431065469,78.9,3790
06037920035,-0.2249667,0.357381258,2,No,0.642618742,80.2,6895
06037920036,-0.002536811,0.488831836,2,No,0.511168164,78.0,3145
06037920037,-0.420788439,0.254172015,2,No,0.745827985,80.08333333,10318
06037920038,-0.410696819,0.260205392,2,No,0.739794608,74.9,1710
06037920039,0.205186455,0.606546855,3,No,0.39345314499999995,81.1,2191
06037920040,0.164256844,0.585750963,3,No,0.41424903700000004,77.7,3979
06037920041,-0.136934054,0.409114249,2,No,0.5908857510000001,80.48333333,1668
06037920042,0.177001176,0.59114249,3,No,0.40885751000000004,79.9,6990
06037920043,0.541133434,0.808985879,4,No,0.19101412100000004,82.2,7130
06037920044,0.464222603,0.769319641,4,No,0.23068035899999995,83.6,2399
06037920045,0.538671951,0.807958922,4,No,0.19204107800000003,82.4,4282
06037920102,-0.042749077,0.464955071,2,No,0.535044929,81.6,5466
06037920104,0.377288397,0.714377407,3,No,0.28562259300000004,81.3,2933
06037920106,-0.062121545,0.45237484,2,No,0.5476251599999999,79.8,3381
06037920107,0.691101063,0.881001284,4,No,0.118998716,81.68,6295
06037920108,0.486670814,0.78267009,4,No,0.21732991000000002,82.8,5386
06037920109,0.424000165,0.744287548,3,No,0.25571245200000003,84.3,5696
06037920110,0.645768449,0.863928113,4,No,0.13607188699999995,81.8,3088
06037920111,0.358612054,0.700513479,3,No,0.29948652099999995,79.6,2738
06037920112,0.406333698,0.732092426,3,No,0.267907574,81.2,4211
06037920114,0.510183432,0.792041078,4,No,0.207958922,81.3,6518
06037920115,0.665125111,0.869833119,4,No,0.13016688099999996,82.6,3957
06037920116,0.38188322,0.71758665,3,No,0.28241335,84.9,5481
06037920118,0.47164409,0.773427471,4,No,0.22657252900000002,81.0,6035
06037920119,0.304588867,0.668292683,3,No,0.331707317,82.2,1974
06037920200,,,,,,,5393
06037920303,0.368134784,0.708344031,3,No,0.291655969,82.71,1608
06037920312,0.251944021,0.636071887,3,No,0.36392811300000005,81.2,5826
06037920313,0.182481082,0.593709884,3,No,0.406290116,81.2,4821
06037920314,0.436438809,0.75224647,4,No,0.24775353,83.3,2920
06037920322,0.346050833,0.692426187,3,No,0.307573813,86.6,2854
06037920326,0.287505702,0.657637997,3,No,0.34236200299999997,83.3,6324
06037920328,0.498216954,0.78716303,4,No,0.21283697000000001,81.2,2036
06037920329,0.396073981,0.727086008,3,No,0.272913992,79.4,7152
06037920330,0.110119071,0.555584082,3,No,0.444415918,89.1,3225
06037920331,0.351811942,0.696148909,3,No,0.30385109099999996,83.95,3482
06037920332,0.191428435,0.597946085,3,No,0.402053915,82.4,2438
06037920334,-0.006676917,0.486007702,2,No,0.513992298,82.9,6217
06037920336,-0.549522331,0.19114249,1,Yes,0.80885751,82.4,6881
06037920337,-0.460893886,0.233119384,1,Yes,0.766880616,77.7,6943
06037920338,0.519514394,0.797047497,4,No,0.202952503,81.3,5711
06037920339,0.550317337,0.814634146,4,No,0.18536585400000005,81.4,7420
06037930101,,,,,,,90
06037930200,,,,,,,461
06037930301,,,,,,,796
06037980001,,,,,,,0
06037980002,,,,,,,0
06037980003,,,,,,,0
06037980004,,,,,,,0
06037980005,,,,,,,0
06037980006,,,,,,,0
06037980007,,,,,,,0
06037980008,,,,,,,68
06037980009,,,,,,,5
06037980010,,,,,,,95
06037980013,,,,,,,0
06037980014,,,,,,,9
06037980015,,,,,,,671
06037980018,,,,,,,0
06037980019,,,,,,,138
06037980020,,,,,,,0
06037980021,,,,,,,33
06037980022,,,,,,,0
06037980023,,,,,,,0
06037980024,,,,,,,223
06037980025,,,,,,,0
06037980026,,,,,,,26
06037980028,,,,,,,0
06037980030,,,,,,,0
06037980031,,,,,,,1175
06037980033,,,,,,,16
06037990300,,,,,,,0
