stop_id,stop_name,stop_lat,stop_lon,location_type,feed
bus_1,Paramount / Slauson,33.973248,-118.113113,,bus
bus_3,Jefferson / 10th,34.025471,-118.328402,,bus
bus_6,120th / Augustus F Hawkins,33.924696,-118.242222,,bus
bus_7,120th / Martin Luther King Hospital,33.924505,-118.240369,,bus
bus_12,15054 Sherman Way,34.201075,-118.461953,,bus
bus_16,Riverside / Los Feliz,34.116932,-118.271486,,bus
bus_18,1st / Eastern,34.036881,-118.173232,,bus
bus_19,Indiana / Olympic,34.018999,-118.192361,,bus
bus_25,226th / Norwalk,33.823987,-118.072255,,bus
bus_29,2nd / Santa Monica,34.015028,-118.497346,,bus
bus_31,3rd / Gardner,34.07024,-118.353264,,bus
bus_33,Balboa / Foothill West Jog,34.322084,-118.495243,,bus
bus_38,5th / Colorado,34.013884,-118.490199,,bus
bus_40,Hill / 5th,34.048591,-118.251764,,bus
bus_42,6th / Burlington,34.057874,-118.270776,,bus
bus_47,7th / Maclay,34.29398,-118.427206,,bus
bus_49,7th / Patton,33.737857,-118.305722,,bus
bus_55,Adams / Fairfax,34.032361,-118.370491,,bus
bus_56,Adams / Vermont,34.032672,-118.291204,,bus
bus_57,California Yacht Club,33.983634,-118.445893,,bus
bus_59,Admiralty / Marina City,33.985213,-118.452716,,bus
bus_60,Admiralty / Bali,33.981822,-118.441618,,bus
bus_62,Admiralty / Palawan,33.983291,-118.45741,,bus
bus_63,Agoura / La Venta,34.14895,-118.822087,,bus
bus_65,Agoura / Lost Hills,34.13941,-118.708608,,bus
bus_68,Fletcher / Estara,34.118151,-118.240922,,bus
bus_69,Lankershim / San Fernando,34.23318,-118.387941,,bus
bus_70,El Monte Busway Layover,34.05449,-118.237358,,bus
bus_73,Alameda / Arcadia,34.054387,-118.237945,,bus
bus_77,Alamo / 60th,33.983122,-118.174562,,bus
bus_78,Alamo / Gage,33.977059,-118.175513,,bus
bus_79,Alamo / Randolph,33.980041,-118.175021,,bus
bus_85,Allen / Colorado,34.14627,-118.11301,,bus
bus_86,Allen / Washington,34.169413,-118.112873,,bus
bus_87,Allesandro / Baxter,34.092443,-118.25652,,bus
bus_88,Allesandro / Ewing,34.090867,-118.258365,,bus
bus_89,Allesandro / Oak Glen,34.093765,-118.25518,,bus
bus_90,Allesandro / Sunflower,34.098924,-118.250608,,bus
bus_91,Allesandro / Whitmore,34.095807,-118.253554,,bus
bus_92,Alondra / Clark,33.889437,-118.133777,,bus
bus_93,Alondra / Stevens,33.889199,-118.130334,,bus
bus_99,Olive / Olympic,34.042134,-118.259555,,bus
bus_102,Arbor Vitae / Bellanca,33.952556,-118.380024,,bus
bus_103,Arbor Vitae / Rental Car Driveway,33.952576,-118.372467,,bus
bus_104,Arleta / Branford,34.236151,-118.419952,,bus
bus_108,Arleta / Kagel Canyon,34.245095,-118.429421,,bus
bus_109,Arleta / Montague,34.238828,-118.422788,,bus
bus_110,Arleta / Osborne,34.24181,-118.425943,,bus
bus_112,Arleta / Terra Bella,34.247767,-118.432251,,bus
bus_115,Sherman Way / Oakdale,34.200887,-118.5668,,bus
bus_117,Arlington / Martin Luther King Jr,34.011005,-118.318354,,bus
bus_118,5112 Arlington,33.996478,-118.318035,,bus
bus_126,Arlington / 39th,34.014466,-118.318116,,bus
bus_127,Arlington / 42nd,34.007395,-118.318344,,bus
bus_128,Arlington / 48th,33.999897,-118.318018,,bus
bus_136,Temple / Hill,34.056449,-118.244214,,bus
bus_138,Woodward / Garfield,34.09767,-118.128291,,bus
bus_139,Van Nuys / Arleta,34.254079,-118.438336,,bus
bus_141,Artesia / Amie,33.872706,-118.348037,,bus
bus_144,Pacific Coast Highway / Artesia,33.872521,-118.395476,,bus
bus_147,Artesia / Hawthorne,33.872703,-118.352026,,bus
bus_148,Artesia / Prairie,33.872712,-118.344048,,bus
bus_149,Artesia / Susana,33.874144,-118.206787,,bus
bus_150,Artesia / Yukon,33.87272,-118.335298,,bus
bus_152,Chatsworth Station,34.253716,-118.598806,,bus
bus_157,Atlantic / 68th,33.878061,-118.185861,,bus
bus_158,Atlantic / Bell,33.974667,-118.187296,,bus
bus_159,Lankershim / Chandler,34.168609,-118.377003,,bus
bus_160,Woodman / Moorpark,34.150638,-118.431078,,bus
bus_161,Atlantic / Martin Luther King Jr,33.921381,-118.187199,,bus
bus_162,Atlantic / Patata,33.955836,-118.183883,,bus
bus_163,Atlantic / Abbott,33.933707,-118.182576,,bus
bus_164,Atlantic / Agnes,33.914194,-118.190169,,bus
bus_165,Atlantic / Arlington,33.906704,-118.193283,,bus
bus_166,Atlantic / Beechwood,33.925698,-118.185732,,bus
bus_167,Atlantic / Carlin,33.910166,-118.191828,,bus
bus_168,Atlantic / Cecelia,33.958259,-118.184687,,bus
bus_169,Atlantic / Clara,33.965883,-118.186841,,bus
bus_170,Atlantic / Cortland,33.919017,-118.188167,,bus
bus_172,Atlantic / Artesia,33.874656,-118.185962,,bus
bus_173,Atlantic / Elizabeth,33.963502,-118.186238,,bus
bus_176,Rayo / Southern,33.946568,-118.179775,,bus
bus_177,Atlantic / Firestone,33.951502,-118.182806,,bus
bus_178,Atlantic / Florence,33.970064,-118.187849,,bus
bus_179,Atlantic / Gage,33.978273,-118.186756,,bus
bus_180,Atlantic / Imperial,33.930958,-118.183258,,bus
bus_182,Atlantic / Michigan,33.939083,-118.181964,,bus
bus_183,Atlantic / Randolph,33.981187,-118.186311,,bus
bus_184,Atlantic / Santa Ana,33.961164,-118.185653,,bus
bus_185,Atlantic / Southern,33.946506,-118.180935,,bus
bus_186,Atlantic / Southern Pl,33.948813,-118.181801,,bus
bus_187,Atlantic / Tenaya,33.936417,-118.182262,,bus
bus_188,Atlantic / Tweedy,33.941403,-118.181349,,bus
bus_189,Atlantic / Tweedy,33.941034,-118.181721,,bus
bus_190,Atlantic / 52nd,33.992441,-118.183667,,bus
bus_191,Atlantic / 55th,33.990831,-118.184834,,bus
bus_192,Atlantic / 6th,34.025125,-118.155677,,bus
bus_193,Atlantic / Bandini,33.998246,-118.174802,,bus
bus_194,Atlantic / Slauson,33.987409,-118.185368,,bus
bus_196,Van Nuys / Laurel Canyon,34.259152,-118.431406,,bus
bus_198,Van Nuys / Burbank,34.171856,-118.448904,,bus
bus_199,Van Nuys / Victory,34.186398,-118.448807,,bus
bus_200,Van Nuys / Vanowen,34.193658,-118.448823,,bus
bus_201,Avalon / 169th,33.878977,-118.264779,,bus
bus_202,Del Amo / Tajauta,33.846675,-118.24337,,bus
bus_203,Avalon / 228th,33.819107,-118.263539,,bus
bus_204,Avalon / Albertoni,33.871717,-118.265968,,bus
bus_205,Avalon / Bayport,33.815007,-118.263708,,bus
bus_206,Avalon / Carson Mall,33.843495,-118.263017,,bus
bus_207,Van Nuys / Keswick,34.209983,-118.448917,,bus
bus_208,Olympic / Mirasol,34.01869,-118.19966,,bus
bus_209,7th / Butte,33.738001,-118.306304,,bus
bus_210,Van Nuys / Woodman,34.246982,-118.448521,,bus
bus_211,Van Nuys / Arleta,34.253906,-118.43903,,bus
bus_212,Avalon / Idabell,33.810786,-118.263866,,bus
bus_213,Avalon / Martin Luther King Jr,34.01087,-118.265404,,bus
bus_214,Van Nuys / Laurel Canyon,34.258694,-118.43248,,bus
bus_215,Avalon / Vernon,34.004085,-118.265376,,bus
bus_218,Hollywood Way / Oak,34.157505,-118.341766,,bus
bus_220,Hollywood Way / Burbank,34.174859,-118.34916,,bus
bus_221,Sherman Way / Laurel Canyon,34.200759,-118.396779,,bus
bus_222,Compton / Avalon,33.895323,-118.265035,,bus
bus_224,Avalon / 189th,33.859184,-118.265961,,bus
bus_225,Del Amo / Tillman,33.846657,-118.253127,,bus
bus_226,Del Amo / Tillman,33.846867,-118.253806,,bus
bus_228,Avalon / 103rd,33.94349,-118.265309,,bus
bus_229,Avalon / 104th,33.941703,-118.265313,,bus
bus_231,Avalon / 108th,33.938035,-118.265311,,bus
bus_232,Avalon / 110th,33.935485,-118.265313,,bus
bus_234,Sherman Way / Albertsons,34.201333,-118.453193,,bus
bus_236,Avalon / 120th,33.923859,-118.265349,,bus
bus_237,Avalon / 126th,33.918652,-118.265385,,bus
bus_238,Avalon / 130th,33.914744,-118.265393,,bus
bus_239,Avalon / 132nd,33.912931,-118.26541,,bus
bus_240,Avalon / 135th,33.909306,-118.265415,,bus
bus_241,Avalon / 138th,33.906561,-118.265429,,bus
bus_243,Del Amo / Central,33.846668,-118.248194,,bus
bus_244,Del Amo / Central,33.846919,-118.248853,,bus
bus_245,Avalon / 213th,33.835649,-118.263535,,bus
bus_246,Avalon / 220th,33.827722,-118.263514,,bus
bus_247,Avalon / 223rd,33.824488,-118.26352,,bus
bus_248,Avalon / 41st,34.009334,-118.265396,,bus
bus_249,Avalon / 42nd,34.006745,-118.265387,,bus
bus_250,Avalon / 48th,33.999925,-118.265359,,bus
bus_251,Avalon / 51st,33.996724,-118.265349,,bus
bus_252,Avalon / 54th,33.993525,-118.265339,,bus
bus_253,Avalon / 56th,33.991717,-118.26534,,bus
bus_254,Avalon / 59th,33.986254,-118.265355,,bus
bus_255,Avalon / 61st,33.984064,-118.265332,,bus
bus_256,Avalon / 67th,33.97897,-118.265319,,bus
bus_258,Avalon / 76th,33.971182,-118.265308,,bus
bus_259,Avalon / 79th,33.967586,-118.26529,,bus
bus_260,Avalon / 83rd,33.963903,-118.265278,,bus
bus_261,Avalon / 87th,33.958196,-118.265273,,bus
bus_262,Avalon / 88th,33.956286,-118.265277,,bus
bus_264,Avalon / 92nd,33.953044,-118.265286,,bus
bus_265,Avalon / 94th,33.950923,-118.265296,,bus
bus_267,Hill / 3rd,34.05182,-118.24911,,bus
bus_268,Avalon / Alondra,33.885824,-118.265143,,bus
bus_269,Avalon / San Pedro,33.888027,-118.265166,,bus
bus_270,Avalon / Carson,33.831945,-118.263527,,bus
bus_271,7th / Grand,33.737793,-118.290293,,bus
bus_272,Avalon / Century,33.945779,-118.26531,,bus
bus_273,Avalon / Colden,33.949384,-118.265301,,bus
bus_274,Avalon / Compton,33.895023,-118.265129,,bus
bus_275,Avalon / Del Amo,33.847817,-118.264634,,bus
bus_276,Van Nuys / Nordhoff,34.235696,-118.450091,,bus
bus_277,Avalon / El Segundo,33.916223,-118.265087,,bus
bus_278,Hill / 6th,34.047555,-118.253101,,bus
bus_279,Avalon / El Segundo,33.916566,-118.265392,,bus
bus_280,Avalon / Florence,33.974911,-118.265319,,bus
bus_281,Avalon / Gage,33.982196,-118.265323,,bus
bus_282,Avalon / Gardena,33.882179,-118.264407,,bus
bus_283,Avalon / Imperial,33.930867,-118.265002,,bus
bus_284,Avalon / Imperial,33.931223,-118.265313,,bus
bus_285,Avalon / Manchester,33.960307,-118.265263,,bus
bus_286,Avalon / Redondo Beach,33.893045,-118.265146,,bus
bus_287,Avalon / Rosecrans,33.902318,-118.265413,,bus
bus_288,Avalon / Sepulveda,33.808557,-118.263954,,bus
bus_289,Avalon / Slauson,33.988683,-118.265376,,bus
bus_291,Avalon / Elsmere,33.853627,-118.265387,,bus
bus_292,Avalon Station,33.92759,-118.265331,,bus
bus_293,Avalon / Realty,33.806057,-118.263884,,bus
bus_295,Avalon / Scottsdale,33.812523,-118.263802,,bus
bus_297,Avalon / Q,33.795245,-118.263478,,bus
bus_298,Avalon / Walnut,33.87611,-118.265234,,bus
bus_300,Ave 26 / Lacy,34.081798,-118.220131,,bus
bus_301,Avenue San Luis / Dunman,34.162298,-118.628553,,bus
bus_303,Avenue San Luis / Valley Circle,34.158817,-118.636354,,bus
bus_304,East LA College,34.039787,-118.149221,,bus
bus_306,Avenida Cesar Chavez / Schoolside,34.040063,-118.150602,,bus
bus_307,Avenida Cesar Chavez / Vancouver,34.040506,-118.156385,,bus
bus_308,Avenida Cesar Chavez / Westcott,34.040529,-118.153537,,bus
bus_309,East LA College,34.039619,-118.149488,,bus
bus_312,Imperial / Aviation,33.930793,-118.378211,,bus
bus_313,Aviation / 104th,33.941861,-118.378333,,bus
bus_314,Aviation / 111th,33.934161,-118.378325,,bus
bus_317,Avalon / 111th,33.934075,-118.265309,,bus
bus_320,Balboa / Citronia,34.246496,-118.502283,,bus
bus_321,Balboa / Roscoe,34.221484,-118.502513,,bus
bus_322,Balboa / Soccer Fields,34.178452,-118.501007,,bus
bus_323,Balboa / Tupper,34.239659,-118.502347,,bus
bus_324,Balboa / San Fernando Mission,34.271849,-118.502048,,bus
bus_325,Burbank / Laurel Canyon,34.172044,-118.396696,,bus
bus_326,Balboa / Burbank,34.172517,-118.500955,,bus
bus_327,Balboa / Chatsworth,34.265045,-118.502113,,bus
bus_328,Balboa / Devonshire,34.257799,-118.502182,,bus
bus_329,Balboa / Hart,34.197817,-118.500971,,bus
bus_330,Balboa / Haynes,34.189609,-118.500965,,bus
bus_331,Balboa / Haynes,34.189058,-118.501269,,bus
bus_332,Balboa / Index,34.275795,-118.502016,,bus
bus_333,Balboa / Lassen,34.250096,-118.502258,,bus
bus_334,Balboa / Lorillard,34.283954,-118.501939,,bus
bus_336,Balboa / Mayall,34.254152,-118.502223,,bus
bus_337,Balboa / Midwood,34.287433,-118.501907,,bus
bus_338,Burbank / Lankershim,34.172303,-118.379463,,bus
bus_339,Balboa / Moorpark,34.1603,-118.500935,,bus
bus_340,Balboa / Parthenia,34.228772,-118.502441,,bus
bus_341,Balboa / Plummer,34.242808,-118.502313,,bus
bus_342,Balboa / Rayen,34.231995,-118.502414,,bus
bus_344,Balboa / San Jose,34.261418,-118.502151,,bus
bus_345,Balboa / Saticoy,34.208152,-118.50098,,bus
bus_346,Balboa / Sherman Way,34.201447,-118.500973,,bus
bus_347,Balboa / Stagg,34.213304,-118.500978,,bus
bus_348,Balboa / Strathern,34.215818,-118.50098,,bus
bus_349,Balboa / Tulsa,34.268285,-118.502083,,bus
bus_350,Balboa / Valerio,34.204934,-118.500968,,bus
bus_351,Balboa / Vanowen,34.194179,-118.500959,,bus
bus_352,Balboa Blvd / Ventura Fwy,34.170302,-118.500949,,bus
bus_353,Balboa / Victory,34.186361,-118.500949,,bus
bus_354,Baldwin / Daines,34.100374,-118.050878,,bus
bus_355,Baldwin / Garibaldi,34.11159,-118.053141,,bus
bus_356,Baldwin / La Rosa,34.094727,-118.049742,,bus
bus_357,Baldwin / Las Tunas,34.107377,-118.052299,,bus
bus_358,Baldwin / Live Oak,34.104429,-118.0517,,bus
bus_359,Baldwin / Olive,34.099233,-118.050653,,bus
bus_360,Baldwin / Camino Real,34.12194,-118.055252,,bus
bus_361,Baldwin / Duarte,34.12582,-118.055024,,bus
bus_362,Baldwin / Lemon,34.11875,-118.05458,,bus
bus_363,Baldwin / Longden,34.115153,-118.053854,,bus
bus_364,Laurel Canyon / Paxton,34.264744,-118.43824,,bus
bus_369,Paramount / Montebello,34.034624,-118.091013,,bus
bus_370,Beach / 9th,33.8651,-117.99825,,bus
bus_371,Beach / 11th,33.863102,-117.99823,,bus
bus_375,Beach / Orangethorpe,33.859211,-117.998181,,bus
bus_376,Wax Museum,33.851251,-117.998059,,bus
bus_378,Harbor Beacon Park and Ride,33.746895,-118.280473,,bus
bus_383,Bellevue / Glendale,34.07045,-118.261138,,bus
bus_384,Bellevue / Laveta,34.069497,-118.258494,,bus
bus_386,Bellflower / Arthurdale,33.906448,-118.125167,,bus
bus_387,San Gabriel / Sierra Bonita,34.049254,-118.090642,,bus
bus_388,Bellflower / Somerset,33.896869,-118.125149,,bus
bus_389,Bellflower / Foster,33.910036,-118.125182,,bus
bus_390,Bellflower / Imperial,33.916843,-118.125229,,bus
bus_392,Bellflower / Jefferson,33.892868,-118.125127,,bus
bus_394,Bellflower / Linden,33.891016,-118.125131,,bus
bus_396,Bellflower / Rosecrans,33.901784,-118.125163,,bus
bus_397,Cesar E Chavez / Eastern,34.040431,-118.173266,,bus
bus_398,Bellflower / Stewart and Gray,33.927628,-118.125251,,bus
bus_399,Bellflower / Washburn,33.924171,-118.125243,,bus
bus_404,Beverly / Hobart,34.076396,-118.305879,,bus
bus_405,Van Nuys / Sherman Way,34.200503,-118.448865,,bus
bus_407,Beverly / Belmont,34.063647,-118.263253,,bus
bus_413,Beverly / Alvarado,34.066696,-118.270012,,bus
bus_415,Beverly / Benton,34.070078,-118.277796,,bus
bus_419,Beverly / Hoover,34.072841,-118.284152,,bus
bus_420,Beverly / Kenmore,34.076441,-118.296389,,bus
bus_421,Beverly / La Brea,34.076313,-118.343799,,bus
bus_422,Beverly / Madison,34.076219,-118.289572,,bus
bus_425,Beverly / Normandie,34.076421,-118.300229,,bus
bus_426,Beverly / Park View,34.068204,-118.274134,,bus
bus_427,Beverly / Reno,34.071491,-118.281053,,bus
bus_428,Beverly / Union,34.064629,-118.265436,,bus
bus_429,Beverly / Vermont,34.076215,-118.291352,,bus
bus_430,Van Nuys / Sherman Way,34.202386,-118.448598,,bus
bus_431,Van Nuys / Magnolia,34.165088,-118.448765,,bus
bus_432,Beverly / Vermont,34.076466,-118.291997,,bus
bus_433,Beverly / Virgil,34.075524,-118.286964,,bus
bus_434,Beverly / Western,34.076391,-118.308891,,bus
bus_440,Van Nuys / Magnolia,34.164622,-118.448525,,bus
bus_442,Beverly / Western,34.076134,-118.309385,,bus
bus_450,Bledsoe / Foothill,34.321591,-118.446865,,bus
bus_451,Bledsoe / Gladstone,34.323406,-118.444838,,bus
bus_454,7th / Hubbard,34.302118,-118.436039,,bus
bus_455,Borden / Polk,34.310178,-118.446466,,bus
bus_456,Borden / Sayre,34.304812,-118.439523,,bus
bus_457,Cesar E Chavez / Mednik,34.040732,-118.162202,,bus
bus_459,Brand / Magnolia,34.131082,-118.254752,,bus
bus_460,Brand / Maple,34.13863,-118.254808,,bus
bus_463,Brand / Monterey,34.157725,-118.254909,,bus
bus_464,Brand / Laurel Canyon,34.274615,-118.449185,,bus
bus_465,Branford / Beachy,34.233884,-118.423001,,bus
bus_466,Branford / Canterbury,34.231482,-118.426271,,bus
bus_467,Branford / Dorrington,34.22885,-118.42994,,bus
bus_469,Cesar E Chavez / Eastern,34.040688,-118.173926,,bus
bus_470,Pacific Coast Highway / Heathercliff,34.022151,-118.809037,,bus
bus_473,Lincoln Park / Altura,34.075522,-118.202893,,bus
bus_474,Lincoln Park / Altura,34.07555,-118.202619,,bus
bus_475,Spring / 1st,34.052758,-118.244738,,bus
bus_481,Temple / Hill,34.056213,-118.244365,,bus
bus_483,Broadway / Washington,34.031195,-118.265755,,bus
bus_484,Broadway / Avenue 22,34.073429,-118.217919,,bus
bus_485,Long Beach / Alondra,33.888339,-118.207102,,bus
bus_489,Fulton / Oxnard,34.179137,-118.422572,,bus
bus_491,Fulton / Hatteras,34.175932,-118.422579,,bus
bus_493,Fulton / Hatteras,34.176071,-118.422338,,bus
bus_496,Buckingham / Hannum,33.987356,-118.382336,,bus
bus_497,Buckingham / Slauson,33.988749,-118.380481,,bus
bus_498,Buckingham / Sumner,33.984199,-118.383967,,bus
bus_501,Raymond / Del Mar,34.141335,-118.14893,,bus
bus_504,Burbank / Woodman,34.172276,-118.431516,,bus
bus_509,Burbank / Bellaire,34.172281,-118.409713,,bus
bus_510,Burbank / Coldwater Canyon,34.172275,-118.413865,,bus
bus_513,Burbank / Ethel,34.172265,-118.418338,,bus
bus_516,Burbank / Hazeltine,34.172263,-118.439801,,bus
bus_520,Burbank / Ranchito,34.172278,-118.435811,,bus
bus_521,Burbank / Fulton,34.17227,-118.42175,,bus
bus_523,Burbank / Sunnyslope,34.172272,-118.42668,,bus
bus_524,Burbank / Tyrone,34.172259,-118.444655,,bus
bus_525,Burbank / Van Nuys,34.172262,-118.448361,,bus
bus_527,Burbank / Whitsett,34.172278,-118.405531,,bus
bus_533,Burton / Foothill,34.071962,-118.396244,,bus
bus_535,Burton / Doheny,34.071977,-118.389898,,bus
bus_537,Burton / La Peer,34.071992,-118.386896,,bus
bus_538,Burton / Palm,34.071972,-118.392398,,bus
bus_539,Burton / Rexford,34.071938,-118.398552,,bus
bus_546,Cahuenga / Franklin,34.105321,-118.330615,,bus
bus_548,Cahuenga / Universal Studios,34.132332,-118.353024,,bus
bus_549,Cahuenga / Wright,34.119376,-118.339502,,bus
bus_551,Cahuenga / Regal Pl,34.134975,-118.360751,,bus
bus_552,Cahuenga / Oakcrest,34.126449,-118.34537,,bus
bus_553,Santa Monica / Crescent,34.072897,-118.401651,,bus
bus_554,Cahuenga / Barham,34.128667,-118.347312,,bus
bus_555,Cahuenga / Barham,34.128427,-118.34745,,bus
bus_556,Cahuenga / Broadlawn,34.13297,-118.355664,,bus
bus_557,Van Nuys / Burbank,34.17241,-118.448375,,bus
bus_558,Cahuenga / Oakshire,34.130549,-118.350062,,bus
bus_559,Van Nuys / G Line,34.179975,-118.448475,,bus
bus_560,Van Nuys / Victory,34.186949,-118.448506,,bus
bus_561,California / Martin Luther King Jr,33.936586,-118.20824,,bus
bus_562,California / Duane,33.948682,-118.206724,,bus
bus_563,California / Michigan,33.941621,-118.207686,,bus
bus_565,California / Southern,33.950936,-118.206406,,bus
bus_566,California / Tenaya,33.938969,-118.207979,,bus
bus_567,California / Tweedy,33.94459,-118.20735,,bus
bus_571,Verdugo / Calle Vaquero,34.163902,-118.232955,,bus
bus_572,Canada / Verdugo Park,34.172005,-118.229159,,bus
bus_573,Canada / Colina,34.174273,-118.228792,,bus
bus_574,Canada / Del Valle,34.184041,-118.228895,,bus
bus_575,Canada / Glorietta,34.186943,-118.228926,,bus
bus_576,Canada / Hillside,34.177117,-118.228823,,bus
bus_578,Canada / Opechee,34.180565,-118.228862,,bus
bus_579,Canada / Santa Maria,34.19004,-118.228689,,bus
bus_580,Canada / Wabasso,34.17826,-118.228836,,bus
bus_581,Candlewood / Downey,33.853959,-118.151394,,bus
bus_582,Candlewood / Hayter,33.853888,-118.145917,,bus
bus_583,Candlewood / Lakewood,33.853908,-118.143035,,bus
bus_584,Candlewood / Obispo,33.853951,-118.154921,,bus
bus_585,Canoga / Burbank,34.17316,-118.597283,,bus
bus_586,Canoga / Erwin,34.182998,-118.597598,,bus
bus_587,Canoga / Trillium Driveway,34.184751,-118.597614,,bus
bus_588,Ventura / Canoga,34.168065,-118.597775,,bus
bus_597,Bloomfield / Park,33.867378,-118.063554,,bus
bus_599,Ventura / Winnetka,34.170958,-118.570571,,bus
bus_602,Carmenita / Mapledale,33.898548,-118.046725,,bus
bus_607,Carmenita / Rosecrans,33.902181,-118.046741,,bus
bus_613,Cecelia / Atlantic,33.958309,-118.184232,,bus
bus_614,Centinela / Acacia,33.976684,-118.364252,,bus
bus_615,Centinela / Sherbourne,33.976327,-118.38183,,bus
bus_616,Centinela / Braddock,33.989352,-118.419015,,bus
bus_617,Centinela / Edgewood,33.975842,-118.354594,,bus
bus_618,Centinela / Green Valley,33.976912,-118.386348,,bus
bus_620,Centinela / Lucille,33.983058,-118.4114,,bus
bus_621,Centinela / Marina Fwy,33.985111,-118.413795,,bus
bus_622,Centinela / Beach,33.97692,-118.36702,,bus
bus_623,Centinela / Inglewood,33.976453,-118.36149,,bus
bus_624,La Brea / Centinela,33.976061,-118.357448,,bus
bus_627,Central / Jefferson,34.012258,-118.256344,,bus
bus_629,Central / 91 Fwy Westbound Off-Ramp,33.874258,-118.248546,,bus
bus_630,La Brea / Exposition,34.024897,-118.355274,,bus
bus_631,Central / Victoria,33.867778,-118.248817,,bus
bus_633,Central / Mahalo,33.870817,-118.248532,,bus
bus_636,Century / Concourse,33.945278,-118.375131,,bus
bus_637,Century / Inglewood,33.945321,-118.360996,,bus
bus_639,Ventura Pl / Ventura,34.144293,-118.394281,,bus
bus_641,Gridley / 184th,33.86439,-118.091026,,bus
bus_643,Atlantic / Avenida Cesar Chavez,34.03743,-118.146824,,bus
bus_644,Broadway / Thomas,34.073907,-118.205399,,bus
bus_646,Riggin / Atlantic,34.036955,-118.146117,,bus
bus_648,Cesar E Chavez / Mission,34.054095,-118.225522,,bus
bus_650,Cesar E Chavez / Soto,34.04682,-118.208148,,bus
bus_652,Cesar E Chavez / Vignes,34.056569,-118.232191,,bus
bus_653,Hooper / 42nd,34.006787,-118.252236,,bus
bus_655,Alameda / Cesar E Chavez,34.057821,-118.237265,,bus
bus_656,Cesar E Chavez / Alameda,34.057838,-118.236635,,bus
bus_657,Hooper / Vernon,34.004039,-118.252234,,bus
bus_658,Belvedere County Park,34.040492,-118.158584,,bus
bus_659,Cesar E Chavez / Boyle,34.05095,-118.217385,,bus
bus_661,Cesar E Chavez / Dangler,34.04047,-118.164977,,bus
bus_664,Cesar E Chavez / Evergreen,34.043496,-118.200607,,bus
bus_665,Cesar E Chavez / Ford,34.040451,-118.168853,,bus
bus_666,Cesar E Chavez / Fresno,34.041714,-118.196592,,bus
bus_667,Hooper / 48th,33.99945,-118.25223,,bus
bus_669,Cesar E Chavez / Hazard,34.04041,-118.180019,,bus
bus_670,Cesar E Chavez / Humphreys,34.040444,-118.171536,,bus
bus_671,Cesar E Chavez / Indiana,34.040347,-118.19213,,bus
bus_674,Cesar E Chavez / Marianna,34.040425,-118.175395,,bus
bus_675,Cesar E Chavez / McDonnell,34.040462,-118.166667,,bus
bus_676,Mednik / Cesar E Chavez,34.040741,-118.161991,,bus
bus_677,Cesar E Chavez / Mott,34.045095,-118.204265,,bus
bus_679,Cesar E Chavez / Record,34.040404,-118.18193,,bus
bus_680,Cesar E Chavez / New High,34.058181,-118.239699,,bus
bus_681,Cesar E Chavez / Saint Louis,34.048404,-118.211694,,bus
bus_682,Cesar E Chavez / State,34.050041,-118.21535,,bus
bus_683,Cesar E Chavez / Vignes,34.056828,-118.232139,,bus
bus_684,Cesar E Chavez / Warren,34.052236,-118.220235,,bus
bus_692,Chase / Hazeltine,34.225297,-118.44064,,bus
bus_693,Chase / Katherine,34.224848,-118.443195,,bus
bus_694,Chase / Lennox,34.224714,-118.446125,,bus
bus_695,Chase / Ranchito,34.226576,-118.437216,,bus
bus_696,Van Nuys / Chase,34.224492,-118.448913,,bus
bus_697,Chase / Woodman,34.227801,-118.434543,,bus
bus_698,Lurline / Vintage,34.251948,-118.584265,,bus
bus_701,Buena Vista / Alameda,34.158369,-118.328339,,bus
bus_702,Riverside / Laurel Canyon,34.157535,-118.396713,,bus
bus_703,Chatsworth Station,34.253382,-118.599048,,bus
bus_705,Church / Farlin,34.068141,-118.463081,,bus
bus_706,Church / Homedale,34.069308,-118.464094,,bus
bus_707,Church / Joffre,34.070529,-118.465234,,bus
bus_708,Cal State La Transit Center,34.063181,-118.169085,,bus
bus_709,Western / Pacific Coast Highway,33.789291,-118.307453,,bus
bus_711,Western / Pacific Coast Highway,33.789208,-118.307755,,bus
bus_712,City Terrace / Lafler,34.057437,-118.173532,,bus
bus_713,City Terrace / Alma,34.048753,-118.192007,,bus
bus_714,City Terrace / Bonnie Beach,34.05573,-118.181145,,bus
bus_715,City Terrace / Ditman,34.048843,-118.189257,,bus
bus_717,City Terrace / Herbert,34.055362,-118.183396,,bus
bus_718,City Terrace / Rowan,34.054289,-118.187543,,bus
bus_719,City Terrace / Pomeroy,34.050902,-118.188694,,bus
bus_720,City Terrace / Van Pelt,34.055902,-118.176791,,bus
bus_721,Civic Center / Malibu Perf Arts Ctr,34.036573,-118.687438,,bus
bus_722,Civic Center / Webb,34.035938,-118.690354,,bus
bus_723,Civic Center / Winter Canyon,34.037038,-118.699341,,bus
bus_725,Norwalk / Civic Center,33.829986,-118.072099,,bus
bus_727,Clark / Ives,33.894424,-118.134112,,bus
bus_728,Clark / Linden,33.891619,-118.134104,,bus
bus_730,Clinton / Hoover,34.081702,-118.284611,,bus
bus_732,Vanowen / Clybourn,34.19385,-118.36384,,bus
bus_739,Rosemead / Huntington,34.13074,-118.073317,,bus
bus_744,Coliseum / Cherrywood,34.018156,-118.329212,,bus
bus_746,Coliseum / Grayburn,34.018146,-118.332096,,bus
bus_756,Hollywood Way / Magnolia,34.168185,-118.346947,,bus
bus_758,Colorado / Ellenwood,34.140099,-118.218791,,bus
bus_759,Hooper / 51st,33.997241,-118.25223,,bus
bus_760,Lake / Colorado,34.146144,-118.132179,,bus
bus_761,Paramount / 70th,33.882168,-118.159866,,bus
bus_765,Colorado / Eagle Rock,34.139316,-118.214482,,bus
bus_766,Hooper / 55th,33.99274,-118.252213,,bus
bus_767,Hooper / Slauson,33.989058,-118.252218,,bus
bus_768,Colorado / Broadway,34.142918,-118.225186,,bus
bus_769,Hooper / 60th,33.985368,-118.252211,,bus
bus_770,Colorado / El Rio,34.139607,-118.216112,,bus
bus_771,Hooper / Gage,33.982285,-118.252168,,bus
bus_772,Colorado / Genevieve,34.137636,-118.190222,,bus
bus_773,Colorado / Glengarry,34.140602,-118.182664,,bus
bus_774,Colorado / Highland View,34.139397,-118.208646,,bus
bus_775,Colorado / Loleta,34.13933,-118.197985,,bus
bus_776,Colorado / Maywood,34.139315,-118.211429,,bus
bus_778,Colorado / Mount Royal,34.139563,-118.203161,,bus
bus_781,Colorado / Mount Helena,34.139603,-118.195646,,bus
bus_782,Colorado / Mount Royal,34.139285,-118.203838,,bus
bus_786,Colorado / Sierra Villa,34.142178,-118.222725,,bus
bus_787,Colorado / Townsend,34.139628,-118.200795,,bus
bus_789,Compton / 105th,33.940428,-118.246108,,bus
bus_790,Somerset / Lakewood,33.896423,-118.142956,,bus
bus_791,Compton / Tajauta,33.89572,-118.246491,,bus
bus_792,Compton / White,33.896016,-118.195753,,bus
bus_793,Compton / 103rd,33.943033,-118.246112,,bus
bus_794,Hooper / Gage,33.982321,-118.251931,,bus
bus_795,Compton / 108th,33.938169,-118.246115,,bus
bus_796,Compton / 111th,33.934578,-118.246153,,bus
bus_797,Compton / 113th,33.93194,-118.246152,,bus
bus_799,Compton / 32nd,34.012612,-118.248455,,bus
bus_800,Compton / 42nd,34.006429,-118.247229,,bus
bus_801,Compton / 46th,34.002057,-118.247606,,bus
bus_802,Compton / 48th Pl,33.999158,-118.247607,,bus
bus_803,Compton / 51st,33.996459,-118.247606,,bus
bus_804,Compton / 53rd,33.994626,-118.247603,,bus
bus_805,Compton / 55th,33.993153,-118.247903,,bus
bus_806,Compton / 60th,33.985971,-118.247578,,bus
bus_807,Compton / 66th,33.979884,-118.247533,,bus
bus_808,Compton / 68th,33.978288,-118.247529,,bus
bus_809,Compton / 70th,33.976232,-118.247516,,bus
bus_811,Compton / 76th,33.970624,-118.247503,,bus
bus_813,Compton / 83rd,33.963089,-118.247494,,bus
bus_814,Compton / 95th,33.950439,-118.245979,,bus
bus_815,Compton / 96th,33.948872,-118.246037,,bus
bus_817,Compton / Century,33.945495,-118.24611,,bus
bus_818,Compton / Florence,33.974529,-118.247504,,bus
bus_819,Compton / Gage,33.981865,-118.247539,,bus
bus_820,Imperial / Compton,33.929612,-118.246574,,bus
bus_821,Hooper / 60th,33.985093,-118.251966,,bus
bus_822,Compton / Slauson,33.989114,-118.247584,,bus
bus_823,Compton / Vernon,34.004165,-118.247348,,bus
bus_824,Compton / Firestone,33.960446,-118.247427,,bus
bus_825,41st / Compton,34.008561,-118.247638,,bus
bus_826,Compton / Nadeau,33.967222,-118.247506,,bus
bus_827,Somerset / Touchwood,33.896456,-118.138151,,bus
bus_829,Hooper / Slauson,33.989127,-118.251978,,bus
bus_839,Corbin / Nordhoff,34.235763,-118.562183,,bus
bus_840,Nordhoff / Corbin,34.232126,-118.562628,,bus
bus_841,Hooper / 55th,33.992878,-118.251973,,bus
bus_842,Corbin / Prairie,34.238978,-118.562182,,bus
bus_843,Corbin / Nordhoff Way,34.232273,-118.562183,,bus
bus_847,Crenshaw / 132nd,33.912391,-118.326354,,bus
bus_848,144th / Crenshaw,33.900902,-118.326359,,bus
bus_849,Hooper / 51st,33.996516,-118.251977,,bus
bus_850,Crenshaw / 147th,33.898577,-118.326373,,bus
bus_852,Florence / Crenshaw,33.974405,-118.3303,,bus
bus_853,Hooper / 48th,34.000085,-118.251998,,bus
bus_855,Hooper / Vernon,34.003765,-118.251992,,bus
bus_858,Hooper / 42nd,34.006513,-118.251994,,bus
bus_859,Crenshaw / Northrop,33.919373,-118.326361,,bus
bus_860,Crenshaw / Saint Charles,34.041968,-118.329748,,bus
bus_862,Crenshaw Station,33.925047,-118.326344,,bus
bus_863,Park / Plaza Roadway,33.904788,-118.39351,,bus
bus_864,Crenshaw / Martin Luther King Jr,34.010754,-118.334947,,bus
bus_865,Crenshaw / 139th,33.90584,-118.326371,,bus
bus_868,Crenshaw / Coliseum,34.018517,-118.334952,,bus
bus_869,Crenshaw / Country Club,34.052896,-118.323772,,bus
bus_870,Crenshaw / Hyde Park,33.980421,-118.330696,,bus
bus_871,Santa Monica / Bronson,34.090635,-118.317726,,bus
bus_873,Crenshaw / Marine,33.894461,-118.326376,,bus
bus_876,Crenshaw / Stocker,34.008237,-118.33494,,bus
bus_878,Santa Monica / Bronson,34.090888,-118.31776,,bus
bus_880,Crenshaw / 104th,33.942125,-118.326321,,bus
bus_881,Crenshaw / 135th,33.909475,-118.326372,,bus
bus_882,Crenshaw / 154th,33.891298,-118.326377,,bus
bus_885,Crenshaw / 23rd,34.036613,-118.332707,,bus
bus_886,Crenshaw / 29th,34.02933,-118.334945,,bus
bus_887,Crenshaw / 30th,34.027912,-118.334946,,bus
bus_889,Pacific Coast Highway / Park,33.905843,-118.395858,,bus
bus_890,43rd / Crenshaw,34.005556,-118.3336,,bus
bus_891,43rd / Crenshaw,34.005441,-118.3335,,bus
bus_892,Crenshaw / 43rd,34.005688,-118.333805,,bus
bus_893,Crenshaw / 48th,34.000291,-118.330613,,bus
bus_894,Crenshaw / 50th,33.997964,-118.33063,,bus
bus_895,Crenshaw / 52nd,33.995257,-118.330639,,bus
bus_896,Crenshaw / 54th,33.993408,-118.330642,,bus
bus_898,Firestone / State,33.954636,-118.211968,,bus
bus_899,Crenshaw / 57th,33.991157,-118.330649,,bus
bus_901,Crenshaw / 60th,33.985274,-118.330676,,bus
bus_902,Crenshaw / 63rd,33.982785,-118.330695,,bus
bus_903,Crenshaw / 67th,33.978424,-118.330718,,bus
bus_904,Crenshaw / 76th,33.970752,-118.330691,,bus
bus_905,Crenshaw / 78th,33.968952,-118.33069,,bus
bus_908,Crenshaw / 8th,34.058956,-118.320448,,bus
bus_909,Crenshaw / 9th,34.05619,-118.321969,,bus
bus_915,Crenshaw / El Segundo,33.917235,-118.326363,,bus
bus_916,Crenshaw / Florence,33.97481,-118.330704,,bus
bus_918,Crenshaw / Olympic,34.054418,-118.322936,,bus
bus_921,Crenshaw / Redondo Beach,33.883189,-118.326362,,bus
bus_922,Compton / Willowbrook,33.895793,-118.223072,,bus
bus_924,Rosecrans / Crenshaw,33.901796,-118.32599,,bus
bus_925,Slauson / Crenshaw,33.989153,-118.331143,,bus
bus_926,Crenshaw / 43rd,34.004774,-118.333091,,bus
bus_928,Wilshire / Crenshaw,34.061618,-118.31957,,bus
bus_930,3835 Cross Creek,34.035875,-118.685577,,bus
bus_931,Cal State LA Busway Station,34.062495,-118.167989,,bus
bus_952,Culver / Vista Del Mar,33.958621,-118.448714,,bus
bus_954,Fair Oaks / Woodbury,34.183819,-118.15096,,bus
bus_955,Hill / 5th,34.049565,-118.251193,,bus
bus_956,6th / Oxford Terminal,34.063032,-118.308442,,bus
bus_957,Cypress / Alice,34.095248,-118.227733,,bus
bus_958,Cypress / Arvia,34.096432,-118.229553,,bus
bus_959,Broadway / Griffin,34.07357,-118.211471,,bus
bus_960,Cypress / Elm,34.09818,-118.232283,,bus
bus_961,Cypress / Idell,34.088209,-118.221706,,bus
bus_962,Cypress / Maceo,34.093346,-118.225264,,bus
bus_963,Cypress / Macon,34.10077,-118.234527,,bus
bus_964,Cypress / Figueroa,34.086672,-118.219225,,bus
bus_965,Cypress / Pepper,34.090888,-118.22317,,bus
bus_967,Obama / Hauser,34.021449,-118.366059,,bus
bus_968,Van Nuys / Huston,34.159264,-118.448572,,bus
bus_969,Van Nuys / Huston,34.159568,-118.448802,,bus
bus_970,Gardendale / Somerset Ranch,33.913628,-118.149333,,bus
bus_971,Gardendale / Brookshire,33.913527,-118.148664,,bus
bus_973,De Soto / Burbank,34.17175,-118.588356,,bus
bus_974,De Soto / Burbank,34.173577,-118.588409,,bus
bus_975,De Soto / Chase,34.224288,-118.588667,,bus
bus_976,De Soto / El Rancho,34.184921,-118.588743,,bus
bus_977,De Soto / Erwin,34.182833,-118.590415,,bus
bus_978,De Soto / Hart,34.197134,-118.588591,,bus
bus_979,De Soto / Ingomar,34.212088,-118.588644,,bus
bus_980,De Soto / Kittridge,34.190902,-118.588577,,bus
bus_981,De Soto / Lassen,34.249715,-118.588701,,bus
bus_982,De Soto / Nordhoff,34.235189,-118.588684,,bus
bus_983,De Soto / Osborne,34.232766,-118.58869,,bus
bus_984,De Soto / Oxnard,34.179397,-118.590612,,bus
bus_985,De Soto / Parthenia,34.22835,-118.588672,,bus
bus_986,De Soto / Plummer,34.24287,-118.588702,,bus
bus_987,De Soto / Roscoe,34.219666,-118.588661,,bus
bus_988,De Soto / Saticoy,34.208032,-118.588628,,bus
bus_989,De Soto / Sherman Way,34.200709,-118.588613,,bus
bus_990,De Soto / Strathern,34.215292,-118.588653,,bus
bus_991,De Soto / Superior,34.246502,-118.588698,,bus
bus_992,De Soto / Valerio,34.204416,-118.588616,,bus
bus_993,De Soto / Vanowen,34.193515,-118.588589,,bus
bus_997,Victory / De Soto,34.188228,-118.588667,,bus
bus_998,De Soto / Victory,34.188077,-118.58859,,bus
bus_999,Del Amo Station,33.848559,-118.211407,,bus
bus_1009,Del Mar / Madre,34.142314,-118.081876,,bus
bus_1010,Del Mar / Lotus,34.142362,-118.076248,,bus
bus_1011,Del Mar / Rosemead,34.142413,-118.073657,,bus
bus_1012,Devonshire / Melvin,34.257143,-118.560222,,bus
bus_1013,Devonshire / Amestoy,34.257424,-118.506376,,bus
bus_1014,Devonshire / Balboa,34.257642,-118.502151,,bus
bus_1015,Devonshire / Burnet,34.257144,-118.463163,,bus
bus_1016,Devonshire / Canoga,34.257113,-118.597467,,bus
bus_1017,Devonshire / Corbin,34.257149,-118.562476,,bus
bus_1018,Devonshire / De Soto,34.257112,-118.588743,,bus
bus_1020,Devonshire / Encino,34.257472,-118.515097,,bus
bus_1021,Devonshire / Etiwanda,34.257149,-118.531404,,bus
bus_1023,Devonshire / Gothic,34.257312,-118.488842,,bus
bus_1024,Devonshire / Haskell,34.257238,-118.476269,,bus
bus_1025,Devonshire / Hayvenhurst,34.257344,-118.493763,,bus
bus_1027,Devonshire / Lemona,34.257113,-118.458311,,bus
bus_1028,Devonshire / Lindley,34.25715,-118.527502,,bus
bus_1029,Devonshire / Louise,34.257459,-118.511235,,bus
bus_1030,Devonshire / Lurline,34.25713,-118.583845,,bus
bus_1031,Devonshire / Mason,34.257129,-118.579983,,bus
bus_1032,Devonshire / Montgomery,34.257271,-118.481293,,bus
bus_1033,Devonshire / Oakdale,34.257145,-118.566365,,bus
bus_1034,Devonshire / Oso,34.257136,-118.574628,,bus
bus_1035,Devonshire / Owensmouth,34.257352,-118.601916,,bus
bus_1036,Devonshire / Petit,34.257373,-118.498125,,bus
bus_1037,Devonshire / Reseda,34.257141,-118.535759,,bus
bus_1038,Devonshire / Sepulveda,34.257181,-118.467062,,bus
bus_1039,Devonshire / Tampa,34.257137,-118.55313,,bus
bus_1040,Devonshire / Topanga Canyon,34.257094,-118.605697,,bus
bus_1041,Devonshire / Tunney,34.257133,-118.558111,,bus
bus_1042,Devonshire / Vanalden,34.25714,-118.548881,,bus
bus_1043,Devonshire / Variel,34.257121,-118.592592,,bus
bus_1044,Devonshire / White Oak,34.257509,-118.519998,,bus
bus_1045,Devonshire / Wilbur,34.257141,-118.544992,,bus
bus_1046,Devonshire / Winnetka,34.257147,-118.570574,,bus
bus_1047,Devonshire / Woodley,34.257292,-118.485016,,bus
bus_1048,Devonshire / Woodman,34.257081,-118.454426,,bus
bus_1049,Devonshire / Zelzah,34.257293,-118.522956,,bus
bus_1054,Tyler / Mildred,34.066545,-118.036111,,bus
bus_1055,Tyler / Mildred,34.066591,-118.035801,,bus
bus_1060,Disneyland Employee's Entrance,33.810362,-117.915914,,bus
bus_1061,District / Cudahy,33.994901,-118.184794,,bus
bus_1062,District / Produce Plaza,34.000429,-118.203909,,bus
bus_1063,District / Corona,33.999386,-118.19355,,bus
bus_1064,District / 50th,33.996178,-118.186994,,bus
bus_1065,District / Gifford,33.998414,-118.19079,,bus
bus_1066,District / Loma Vista,33.999813,-118.197715,,bus
bus_1067,District / Maywood,34.000289,-118.202404,,bus
bus_1069,Woodlake / Medical Center,34.203999,-118.632015,,bus
bus_1086,Dorothy / Chesebro,34.142285,-118.740591,,bus
bus_1104,103rd / Avalon,33.943637,-118.26468,,bus
bus_1105,103rd / Clovis,33.943195,-118.256657,,bus
bus_1106,103rd / Compton,33.943126,-118.246498,,bus
bus_1107,103rd / Compton,33.943371,-118.246061,,bus
bus_1110,103rd / Graham,33.943356,-118.242806,,bus
bus_1114,103rd / McKinley,33.943213,-118.260976,,bus
bus_1118,103rd / Success,33.94314,-118.24879,,bus
bus_1120,103rd / Zamora Walk,33.94315,-118.251731,,bus
bus_1131,Main / 11th,34.038897,-118.258109,,bus
bus_1133,Avalon / 120th,33.923585,-118.265045,,bus
bus_1141,120th / Success,33.92383,-118.249145,,bus
bus_1149,1st / Mission,34.047592,-118.22761,,bus
bus_1150,1st / Boyle,34.04712,-118.219997,,bus
bus_1153,1st / Utah,34.047432,-118.225071,,bus
bus_1154,1st / Cummings,34.045378,-118.215146,,bus
bus_1155,1st / Dangler,34.036912,-118.164954,,bus
bus_1156,1st / Ditman,34.035933,-118.189331,,bus
bus_1157,1st / Evergreen,34.040407,-118.20258,,bus
bus_1158,1st / Ford,34.036894,-118.169331,,bus
bus_1159,1st / Rowan,34.035946,-118.186733,,bus
bus_1160,1st / Indiana,34.035926,-118.192195,,bus
bus_1161,Downtown Long Beach Station,33.768152,-118.190035,,bus
bus_1162,1st / Lorena,34.03693,-118.194772,,bus
bus_1166,1st / Main,34.051917,-118.243244,,bus
bus_1167,1st / Marianna,34.036864,-118.17548,,bus
bus_1169,1st / Mott,34.041861,-118.205852,,bus
bus_1172,1st / San Pedro,34.050438,-118.241133,,bus
bus_1173,1st / Soto,34.043686,-118.210045,,bus
bus_1175,1st / State,34.046495,-118.217638,,bus
bus_1176,1st / Sunol,34.036216,-118.178815,,bus
bus_1177,1st / Vignes,34.048333,-118.234053,,bus
bus_1178,1st / Fresno,34.038795,-118.198975,,bus
bus_1179,1st / Herbert,34.035978,-118.183198,,bus
bus_1185,Hooper / 41st,34.008631,-118.252231,,bus
bus_1188,41st / Central,34.009139,-118.256163,,bus
bus_1189,4th / Evergreen,34.037308,-118.204051,,bus
bus_1203,Argyle / Hollywood,34.101422,-118.325262,,bus
bus_1204,5th / Wall,34.044875,-118.245544,,bus
bus_1208,1st / Los Angeles,34.051781,-118.242517,,bus
bus_1210,6th / Central,34.039356,-118.240745,,bus
bus_1211,6th / Mateo,34.038132,-118.232839,,bus
bus_1213,Central / 6th,34.039201,-118.239787,,bus
bus_1214,6th / Main,34.045051,-118.249763,,bus
bus_1215,6th / San Pedro,34.042024,-118.245057,,bus
bus_1216,6th / Towne,34.041238,-118.243777,,bus
bus_1217,6th / Wall,34.043467,-118.247325,,bus
bus_1218,7th / Decatur,34.034867,-118.234847,,bus
bus_1219,7th / Gladys,34.038784,-118.243783,,bus
bus_1220,7th / Maple,34.042447,-118.249036,,bus
bus_1222,7th / Alameda,34.035096,-118.238333,,bus
bus_1223,7th / Anderson,34.034397,-118.223396,,bus
bus_1226,Pacific Coast Highway / Corral Canyon,34.032953,-118.743287,,bus
bus_1227,Pacific Coast Highway / Corral Canyon,34.033177,-118.743494,,bus
bus_1229,7th / Main,34.043894,-118.25109,,bus
bus_1231,7th / San Pedro,34.04097,-118.246909,,bus
bus_1234,Compton / 89th,33.956023,-118.247209,,bus
bus_1235,8th / Euclid,34.024483,-118.210934,,bus
bus_1236,8th / Marietta,34.025894,-118.214677,,bus
bus_1238,8th / Concord,34.022739,-118.207095,,bus
bus_1240,8th / Grande Vista,34.023225,-118.208693,,bus
bus_1241,Lorena / 8th,34.021754,-118.204885,,bus
bus_1242,8th / Soto,34.028159,-118.219902,,bus
bus_1244,92nd / Compton,33.953462,-118.247205,,bus
bus_1246,9th / Maple,34.039507,-118.252902,,bus
bus_1247,9th / Main,34.041319,-118.254855,,bus
bus_1248,Broadway / 8th,34.043042,-118.255203,,bus
bus_1249,Empire / Valpreda,34.191914,-118.332849,,bus
bus_1250,9th / San Pedro,34.037352,-118.250575,,bus
bus_1251,9th / Stanford,34.03503,-118.24804,,bus
bus_1252,Adams / Compton,34.015052,-118.247304,,bus
bus_1253,Adams / Griffith,34.0201,-118.257698,,bus
bus_1254,Adams / Hooper,34.016558,-118.249886,,bus
bus_1255,Adams / Maple,34.023636,-118.265675,,bus
bus_1256,Adams / Central,34.019009,-118.255229,,bus
bus_1257,Adams / Main,34.024844,-118.268385,,bus
bus_1258,Adams / San Pedro,34.021831,-118.261597,,bus
bus_1266,8th / Olive,34.045426,-118.257059,,bus
bus_1270,Marianna / Valley,34.066342,-118.177843,,bus
bus_1275,Altadena / Marengo,34.192836,-118.141502,,bus
bus_1278,Anaheim / Banning,33.780123,-118.257487,,bus
bus_1279,Anaheim / McFarland,33.78035,-118.253237,,bus
bus_1280,Arbor Vitae / Grevillea,33.952607,-118.355122,,bus
bus_1281,Artesia / Butler,33.874189,-118.196585,,bus
bus_1282,Atlantic / Pomona,34.033031,-118.152718,,bus
bus_1284,Avenue 43 / Mosher,34.092972,-118.205591,,bus
bus_1285,Wilshire / Westwood,34.058801,-118.443378,,bus
bus_1286,Broadway / Carr,34.146017,-118.229613,,bus
bus_1287,Broadway / Sinclair,34.146017,-118.232429,,bus
bus_1288,Broadway / Adams,34.14612,-118.241588,,bus
bus_1289,Broadway / Cedar,34.146146,-118.244086,,bus
bus_1290,Broadway / Chevy Chase,34.146102,-118.239796,,bus
bus_1291,Broadway / Glendale,34.146219,-118.246949,,bus
bus_1292,Broadway / Jackson,34.146213,-118.249884,,bus
bus_1293,Broadway / Louise,34.146189,-118.252395,,bus
bus_1294,Broadway / Verdugo,34.14604,-118.235169,,bus
bus_1296,Santa Monica / Canon,34.072617,-118.402531,,bus
bus_1297,Santa Monica / Wilshire,34.066771,-118.411082,,bus
bus_1298,Nebraska / Sepulveda,34.045729,-118.44332,,bus
bus_1303,Carson / Juan,33.831374,-118.075715,,bus
bus_1304,Carson / Pioneer,33.831626,-118.081274,,bus
bus_1306,Century / Avalon,33.945484,-118.265417,,bus
bus_1307,Century / Main,33.94545,-118.273545,,bus
bus_1308,Century / San Pedro,33.945468,-118.269186,,bus
bus_1311,Colorado / Bonnie,34.145881,-118.115511,,bus
bus_1316,Colorado / Arroyo Pkwy,34.145676,-118.147328,,bus
bus_1318,Colorado / Catalina,34.14579,-118.129184,,bus
bus_1319,Colorado / Chester,34.145822,-118.124339,,bus
bus_1323,Colorado / Fair Oaks,34.145656,-118.150207,,bus
bus_1324,Colorado / Garfield,34.145699,-118.144017,,bus
bus_1325,Colorado / Hill,34.145845,-118.121061,,bus
bus_1326,1st / Magnolia,34.182137,-118.313187,,bus
bus_1327,Burbank / Victory Bl,34.183607,-118.323908,,bus
bus_1330,San Fernando / Cerritos,34.125099,-118.256488,,bus
bus_1331,Colorado / Lake,34.145773,-118.132,,bus
bus_1332,San Fernando / Central,34.12711,-118.258014,,bus
bus_1336,Colorado / Oak Knoll,34.145767,-118.135001,,bus
bus_1340,Colorado / Sierra Bonita,34.145871,-118.117223,,bus
bus_1346,Saticoy / De Soto,34.208432,-118.58881,,bus
bus_1347,Valley / Marianna,34.066944,-118.178072,,bus
bus_1348,Colorado / Raymond,34.145669,-118.148663,,bus
bus_1349,Valley / Marianna,34.066849,-118.176939,,bus
bus_1350,Compton / Alameda,33.895879,-118.219514,,bus
bus_1351,Compton / Bradfield,33.895934,-118.203816,,bus
bus_1352,Compton / Holly,33.895949,-118.201272,,bus
bus_1353,Compton / Long Beach,33.895911,-118.207645,,bus
bus_1354,Compton / Mayo,33.895903,-118.212311,,bus
bus_1355,Compton / Santa Fe,33.895894,-118.215952,,bus
bus_1356,Compton / Sloan,33.895911,-118.210594,,bus
bus_1361,Compton / Aprilia,33.895619,-118.256389,,bus
bus_1362,Compton / Atlantic,33.896039,-118.193641,,bus
bus_1363,Compton / Central,33.895707,-118.251483,,bus
bus_1364,Compton / Gibson,33.896117,-118.189156,,bus
bus_1365,Compton / Harris,33.895981,-118.198491,,bus
bus_1367,Compton / Stanford,33.895229,-118.260553,,bus
bus_1370,Del Mar / Bonita,34.142214,-118.104191,,bus
bus_1371,Del Mar / Allen,34.142066,-118.113447,,bus
bus_1372,Del Mar / Altadena,34.142224,-118.099025,,bus
bus_1373,Del Mar / Berkeley,34.142083,-118.109792,,bus
bus_1374,Del Mar / Bonnie,34.142044,-118.115919,,bus
bus_1375,Del Mar / Chester,34.141063,-118.124841,,bus
bus_1376,Del Mar / Craig,34.142177,-118.105995,,bus
bus_1377,Del Mar / Eastern,34.142254,-118.092069,,bus
bus_1378,Del Mar / El Molino,34.1405,-118.13717,,bus
bus_1379,Del Mar / El Nido,34.14227,-118.089659,,bus
bus_1380,Del Mar / Hill,34.141855,-118.121613,,bus
bus_1381,Del Mar / Hudson,34.140498,-118.134153,,bus
bus_1382,Del Mar / Kinneloa,34.142295,-118.085356,,bus
bus_1383,Del Mar / Lake,34.140697,-118.132663,,bus
bus_1384,Del Mar / Mentor,34.14101,-118.130634,,bus
bus_1385,Del Mar / San Gabriel,34.142241,-118.094947,,bus
bus_1386,Del Mar / Sierra Bonita,34.142029,-118.117532,,bus
bus_1387,Del Mar / Sierra Madre,34.142219,-118.101963,,bus
bus_1388,Del Mar / Wilson,34.141018,-118.127822,,bus
bus_1404,El Segundo / Main,33.916299,-118.274155,,bus
bus_1409,Florence / Avalon,33.974621,-118.264837,,bus
bus_1410,Florence Station,33.974613,-118.242485,,bus
bus_1411,Florence / Centinela,33.969567,-118.347312,,bus
bus_1412,Florence / Compton,33.974627,-118.247924,,bus
bus_1415,Florence / Holmes,33.974612,-118.241502,,bus
bus_1416,Florence / Hooper,33.974636,-118.251651,,bus
bus_1417,Florence / Malabar,33.974582,-118.227534,,bus
bus_1419,Main / 3rd,34.093257,-118.13049,,bus
bus_1420,Florence / Miramonte,33.974623,-118.245681,,bus
bus_1421,Florence / Mountain View,33.973526,-118.217303,,bus
bus_1422,Florence / Hillcrest,33.968814,-118.348925,,bus
bus_1423,Florence / Market,33.966224,-118.351757,,bus
bus_1424,Florence / Prairie,33.971232,-118.343826,,bus
bus_1425,Pacific / Florence,33.973948,-118.225444,,bus
bus_1427,San Vicente / Beverly,34.076047,-118.379419,,bus
bus_1428,San Vicente / Gracie Allen,34.0749,-118.378767,,bus
bus_1429,Florence / Roseberry,33.974604,-118.233161,,bus
bus_1431,Florence / Main,33.974573,-118.274191,,bus
bus_1432,Florence / San Pedro,33.974603,-118.269224,,bus
bus_1433,Florence / Santa Fe,33.974606,-118.230608,,bus
bus_1435,Valley / El Monte,34.075659,-118.037076,,bus
bus_1436,Valley / El Monte,34.076,-118.037274,,bus
bus_1437,Florence / West,33.974373,-118.334963,,bus
bus_1438,Fairfax / Venice,34.040041,-118.369938,,bus
bus_1439,Sepulveda / Mountaingate,34.115227,-118.482497,,bus
bus_1441,Foothill / Rosemead,34.150315,-118.073701,,bus
bus_1443,Santa Monica / Sanborn,34.092441,-118.280777,,bus
bus_1444,Gage / Avalon,33.98184,-118.264847,,bus
bus_1445,Gage / Compton,33.981983,-118.247922,,bus
bus_1448,Gage / Hooper,33.982002,-118.251722,,bus
bus_1449,Gage / McKinley,33.981844,-118.261548,,bus
bus_1450,Gage / Central,33.981896,-118.256633,,bus
bus_1453,Gage / San Pedro,33.982346,-118.269707,,bus
bus_1454,Gage / Wilmington,33.981913,-118.239178,,bus
bus_1455,Garvey / Central,34.06262,-118.047144,,bus
bus_1456,Garvey / Lashbrook,34.062591,-118.063024,,bus
bus_1457,Garvey / Merced,34.062601,-118.051538,,bus
bus_1458,Garvey / Alhambra,34.062394,-118.116588,,bus
bus_1459,Garvey / Florence,34.062441,-118.110668,,bus
bus_1460,Garvey / Lincoln,34.062392,-118.120894,,bus
bus_1461,Garvey / New,34.062459,-118.108298,,bus
bus_1462,Garvey / Rural,34.062413,-118.114135,,bus
bus_1464,Garvey / Potrero,34.062599,-118.05585,,bus
bus_1465,Garvey / Rosemead,34.062578,-118.065062,,bus
bus_1478,Pacific Coast Highway / Grand,33.919747,-118.395943,,bus
bus_1484,Greenleaf / Tamarind,33.881315,-118.221347,,bus
bus_1487,Fair Oaks / Woodbury,34.183458,-118.150645,,bus
bus_1489,Sepulveda / Mountaingate,34.115226,-118.482791,,bus
bus_1490,Jefferson / Flower,34.021417,-118.278482,,bus
bus_1493,Huntington / Santa Anita,34.139928,-118.031136,,bus
bus_1494,Hyde Park / Marlborough,33.976495,-118.346414,,bus
bus_1495,Hyde Park / Gay,33.979067,-118.340447,,bus
bus_1496,Hyde Park / Long,33.980113,-118.338008,,bus
bus_1497,Hyde Park / Park,33.977338,-118.344448,,bus
bus_1498,Hyde Park / Centinela,33.975865,-118.352328,,bus
bus_1503,Imperial / Avalon,33.931187,-118.265488,,bus
bus_1505,Imperial / Compton,33.929354,-118.246408,,bus
bus_1508,Imperial / Main,33.930902,-118.273649,,bus
bus_1511,Hawthorne / 244th,33.801664,-118.350948,,bus
bus_1512,Hawthorne / 244th,33.801938,-118.351259,,bus
bus_1513,Jefferson / Griffith,34.013877,-118.262107,,bus
bus_1514,Jefferson / Main,34.018632,-118.272903,,bus
bus_1515,Jefferson / San Pedro,34.015299,-118.265563,,bus
bus_1516,Jefferson / Trinity,34.016163,-118.267456,,bus
bus_1520,La Brea / Market,33.957338,-118.352418,,bus
bus_1527,Channel / 7th,33.774501,-118.118978,,bus
bus_1529,Las Tunas / Country Club,34.103075,-118.096045,,bus
bus_1530,Las Tunas / Burton,34.10333,-118.081442,,bus
bus_1531,Las Tunas / California,34.103261,-118.093618,,bus
bus_1532,Las Tunas / Charlotte,34.103289,-118.088722,,bus
bus_1533,Las Tunas / Del Mar,34.102654,-118.099807,,bus
bus_1534,Las Tunas / Muscatel,34.103349,-118.077392,,bus
bus_1535,Las Tunas / San Gabriel,34.103274,-118.091233,,bus
bus_1536,Las Tunas / Willard,34.10333,-118.085178,,bus
bus_1537,Manchester / Harbor Transitway Station,33.959966,-118.28086,,bus
bus_1539,Slauson / Harbor Transitway Station,33.989055,-118.28078,,bus
bus_1544,Magnolia / San Fernando,34.182834,-118.311715,,bus
bus_1545,Main / Almansor,34.097881,-118.12077,,bus
bus_1546,Main / Chapel,34.096626,-118.123424,,bus
bus_1547,Main / Cordova,34.098917,-118.118588,,bus
bus_1548,Main / Garfield,34.095174,-118.126493,,bus
bus_1550,Main / Valencia,34.099938,-118.116439,,bus
bus_1551,Main / Vega,34.100808,-118.11462,,bus
bus_1552,Manchester / Avalon,33.96027,-118.265435,,bus
bus_1553,Manchester / McKinley,33.960032,-118.261183,,bus
bus_1554,Manchester / Central,33.960302,-118.257049,,bus
bus_1555,Manchester / Main,33.959979,-118.274097,,bus
bus_1556,San Pedro / Manchester,33.959846,-118.269651,,bus
bus_1557,Manchester / Hastings,33.95991,-118.428803,,bus
bus_1558,Manchester / Grevillea,33.961632,-118.354784,,bus
bus_1559,Manchester / Hillcrest,33.961673,-118.349083,,bus
bus_1560,Rosecrans / Shoemaker,33.902274,-118.054963,,bus
bus_1561,Manchester / Pershing,33.956592,-118.442257,,bus
bus_1562,Manchester / Market,33.961924,-118.351755,,bus
bus_1563,Manchester / Market,33.961669,-118.351615,,bus
bus_1564,Manchester / Tamarack,33.959996,-118.346576,,bus
bus_1565,Mariposa / El Molino,34.188312,-118.132881,,bus
bus_1566,Mariposa / Santa Anita,34.190221,-118.138796,,bus
bus_1567,Corbin / Nordhoff Pl,34.23521,-118.562414,,bus
bus_1568,Mariposa / Saint James,34.189974,-118.138038,,bus
bus_1573,Olive / Glenoaks,34.183072,-118.306544,,bus
bus_1574,Olive / San Fernando,34.180725,-118.309029,,bus
bus_1576,Olympic / Camulos,34.0224,-118.215813,,bus
bus_1577,Olympic / Southside,34.013397,-118.144469,,bus
bus_1579,Olympic / Goodrich,34.015584,-118.155765,,bus
bus_1580,Olympic / Hooper,34.029444,-118.2413,,bus
bus_1581,Olympic / Lawrence,34.02694,-118.237112,,bus
bus_1582,Olympic / Los Palos,34.018716,-118.195661,,bus
bus_1583,Olympic / Mateo,34.025807,-118.231841,,bus
bus_1585,Olympic / Orme,34.023322,-118.217928,,bus
bus_1586,Olympic / Alameda,34.027617,-118.239288,,bus
bus_1587,Olympic / Arizona,34.018167,-118.168035,,bus
bus_1588,Woodley / Raymer,34.217599,-118.483509,,bus
bus_1589,Olympic / Atlantic,34.016116,-118.15832,,bus
bus_1590,Woodley / Raymer,34.21746,-118.483822,,bus
bus_1591,Olympic / Dacotah,34.020902,-118.212479,,bus
bus_1592,Olympic / Ditman,34.018749,-118.188968,,bus
bus_1593,Olympic / Downey,34.018776,-118.179794,,bus
bus_1595,Olympic / Fetterly,34.017651,-118.165576,,bus
bus_1596,Olympic / Ford,34.018793,-118.172521,,bus
bus_1597,Olympic / Garfield,34.01139,-118.131095,,bus
bus_1598,Olympic / Gerhart,34.013817,-118.147284,,bus
bus_1599,Olympic / Grande Vista,34.019879,-118.210203,,bus
bus_1600,Olympic / Hendricks,34.012903,-118.141201,,bus
bus_1601,Olympic / Herbert,34.018765,-118.183471,,bus
bus_1602,Olympic / Indiana,34.018736,-118.192007,,bus
bus_1604,Main / Olympic,34.040394,-118.257054,,bus
bus_1606,Olympic / Augusta,34.019034,-118.176726,,bus
bus_1608,Olympic / Rowan,34.01876,-118.186962,,bus
bus_1609,Olympic / Santa Fe,34.025482,-118.229669,,bus
bus_1610,Olympic / Soto,34.024025,-118.21956,,bus
bus_1611,Olympic / Boyle,34.024778,-118.221301,,bus
bus_1613,Olympic / Vancouver,34.016714,-118.161169,,bus
bus_1614,Olympic / Spence,34.018668,-118.202973,,bus
bus_1620,Riggin / Garfield,34.036835,-118.130835,,bus
bus_1622,Rosecrans / Avalon,33.902227,-118.265603,,bus
bus_1623,Gage / Eastman,34.050965,-118.185344,,bus
bus_1624,Central / Glenoaks,34.159615,-118.257702,,bus
bus_1625,Rosecrans / San Pedro,33.902093,-118.2693,,bus
bus_1629,La Cienega Station Terminal,34.026183,-118.370916,,bus
bus_1635,Slauson / Alamo,33.986156,-118.174493,,bus
bus_1636,Slauson / Alcoa,33.989057,-118.208087,,bus
bus_1637,Slauson / Avalon,33.989126,-118.265407,,bus
bus_1638,Slauson / Boxford,33.984588,-118.151227,,bus
bus_1639,Slauson / Compton,33.989208,-118.247403,,bus
bus_1640,Slauson / Garfield,33.982283,-118.141832,,bus
bus_1641,Slauson / Hooper,33.989206,-118.252328,,bus
bus_1642,Slauson / Long Beach,33.989158,-118.243622,,bus
bus_1643,Slauson / Malt,33.983471,-118.145575,,bus
bus_1644,Slauson / McKinley,33.989171,-118.26099,,bus
bus_1645,Slauson / Regent,33.98909,-118.234976,,bus
bus_1646,Slauson / Central,33.989194,-118.256669,,bus
bus_1647,Slauson / Eastern,33.985739,-118.162313,,bus
bus_1648,Slauson / San Pedro,33.989118,-118.270257,,bus
bus_1649,Slauson / Santa Fe,33.989096,-118.230503,,bus
bus_1650,Slauson / Telegraph,33.975137,-118.123287,,bus
bus_1651,Slauson / Towne,33.989115,-118.267703,,bus
bus_1652,Slauson / Zambrano,33.984906,-118.154194,,bus
bus_1665,Valley / Almansor,34.078782,-118.116565,,bus
bus_1666,Valley / Chapel,34.078631,-118.119391,,bus
bus_1667,Valley / Del Mar,34.079617,-118.098915,,bus
bus_1669,Valley / Garfield,34.078457,-118.122664,,bus
bus_1670,Valley / Granada,34.078933,-118.113745,,bus
bus_1673,Valley / San Gabriel,34.08006,-118.09024,,bus
bus_1675,Valley / Vega,34.07907,-118.110958,,bus
bus_1679,Valley / Walnut,34.079845,-118.094823,,bus
bus_1682,Verdugo / Ikea,34.17722,-118.307422,,bus
bus_1684,Vernon / Compton,34.003773,-118.24797,,bus
bus_1685,Vernon / Hooper,34.003774,-118.251784,,bus
bus_1687,Vernon / Long Beach,34.003793,-118.243576,,bus
bus_1688,Vernon / McKinley,34.003781,-118.261019,,bus
bus_1689,Vernon / Morgan,34.003795,-118.245512,,bus
bus_1690,Vernon / Alameda,34.003809,-118.23858,,bus
bus_1692,Vernon / Central,34.003788,-118.256714,,bus
bus_1693,Vernon / Main,34.003735,-118.27423,,bus
bus_1694,Vernon / San Pedro,34.00374,-118.269806,,bus
bus_1696,Soto / Vernon,34.005672,-118.219799,,bus
bus_1697,Vernon / Saint Charles,34.003822,-118.234578,,bus
bus_1701,Victoria / Avalon,33.867114,-118.26647,,bus
bus_1702,Victoria / RR-Xing,33.865019,-118.211179,,bus
bus_1703,Victoria / Tamcliff,33.867123,-118.257175,,bus
bus_1705,Walnut / Fair Oaks,34.149768,-118.150859,,bus
bus_1709,Walnut / Raymond,34.149597,-118.149242,,bus
bus_1712,Telegraph / Colima,33.925566,-118.024929,,bus
bus_1725,Washington / Marengo,34.168768,-118.145818,,bus
bus_1728,Beverly / Whitworth,34.05673,-118.396248,,bus
bus_1731,Avalon Station Layover,33.928061,-118.265003,,bus
bus_1734,Oxnard / Canoga,34.179129,-118.597745,,bus
bus_1736,Eagle Rock / York,34.123951,-118.221263,,bus
bus_1737,Eagle Rock / York,34.123916,-118.220853,,bus
bus_1739,Eagle Rock / Colorado,34.138714,-118.214398,,bus
bus_1740,Eagle Rock / El Paso,34.122234,-118.224037,,bus
bus_1742,Eagle Rock / Merton,34.137989,-118.214261,,bus
bus_1743,Eagle Rock / Moss,34.110547,-118.237048,,bus
bus_1744,Eagle Rock / Avenue 45,34.125868,-118.219044,,bus
bus_1745,Eagle Rock / Norwalk,34.132223,-118.215971,,bus
bus_1746,Eagle Rock / Verdugo,34.104937,-118.237967,,bus
bus_1747,Eagle Rock / Avenue 31,34.107998,-118.238032,,bus
bus_1748,Eagle Rock / Avenue 33,34.112015,-118.236669,,bus
bus_1749,Eagle Rock / Avenue 34,34.113805,-118.236198,,bus
bus_1750,Eagle Rock / Avenue 35,34.115067,-118.235789,,bus
bus_1751,Eagle Rock / Avenue 36,34.117183,-118.234325,,bus
bus_1752,Eagle Rock / Avenue 40,34.119889,-118.228967,,bus
bus_1753,Eagle Rock / Avenue 41,34.120775,-118.227109,,bus
bus_1754,Eagle Rock / Westdale,34.129328,-118.216829,,bus
bus_1756,Crenshaw / Exposition,34.022201,-118.334942,,bus
bus_1757,Eagle Rock / Yosemite,34.135267,-118.215064,,bus
bus_1758,Eastern / Navarro,34.085085,-118.177929,,bus
bus_1759,Eastern / Cecilia,33.957115,-118.164193,,bus
bus_1760,Eastern / Clara,33.962986,-118.165224,,bus
bus_1761,Eastern / Florence,33.967658,-118.16459,,bus
bus_1762,Eastern / Gage,33.975689,-118.163491,,bus
bus_1763,Eastern / Garfield,33.95398,-118.163656,,bus
bus_1764,Eastern / Jaboneria,33.959815,-118.165201,,bus
bus_1765,Eastern / Live Oak,33.965926,-118.164831,,bus
bus_1766,Eastern / Lubec,33.971412,-118.164086,,bus
bus_1767,Alameda / Towne Center,33.87976,-118.218029,,bus
bus_1772,Crenshaw / Exposition,34.022825,-118.335243,,bus
bus_1780,Fairfax / 3rd,34.071224,-118.361616,,bus
bus_1791,Wilshire / Western,34.061581,-118.308579,,bus
bus_1799,Temescal Canyon / Sunset,34.049545,-118.529507,,bus
bus_1805,Tyler / Elliott,34.058738,-118.035451,,bus
bus_1813,Flower / 23rd,34.030324,-118.273023,,bus
bus_1815,Burbank Airport South,34.193455,-118.354413,,bus
bus_1816,Empire / Lincoln,34.191735,-118.335954,,bus
bus_1817,Empire / Buena Vista,34.191961,-118.337823,,bus
bus_1818,De Soto / Knapp,34.238109,-118.588331,,bus
bus_1819,De Soto / Knapp,34.237898,-118.588793,,bus
bus_1820,Empire / Niagara,34.192026,-118.342175,,bus
bus_1821,Empire / Ontario,34.192058,-118.344384,,bus
bus_1830,Exposition / University,34.018015,-118.286718,,bus
bus_1831,Exposition / Denker,34.018081,-118.304689,,bus
bus_1832,Exposition / Halldale,34.018075,-118.302657,,bus
bus_1833,Exposition / Raymond,34.018063,-118.297532,,bus
bus_1834,Exposition / Budlong,34.018058,-118.296007,,bus
bus_1835,Branford / Glenoaks,34.255672,-118.392857,,bus
bus_1836,Exposition / Harvard,34.018085,-118.306382,,bus
bus_1837,Exposition / Normandie,34.018065,-118.299848,,bus
bus_1838,Exposition / Vermont,34.018475,-118.291864,,bus
bus_1839,Exposition / Western,34.018123,-118.30857,,bus
bus_1841,Exposition / Vermont,34.018034,-118.291212,,bus
bus_1842,Branford / Glenoaks,34.25553,-118.393333,,bus
bus_1844,Fair Oaks / Glenarm,34.1278,-118.150145,,bus
bus_1846,Fair Oaks / Wapello,34.202872,-118.143391,,bus
bus_1849,Fair Oaks / Penn,34.174796,-118.150567,,bus
bus_1851,Fair Oaks / Washington,34.169117,-118.150513,,bus
bus_1852,8th / Soto,34.028347,-118.219805,,bus
bus_1853,Fair Oaks / Monterey,34.112036,-118.150137,,bus
bus_1854,Alvarado / Wilshire,34.057095,-118.276237,,bus
bus_1855,Fair Oaks / Rollin,34.10901,-118.150161,,bus
bus_1856,Fair Oaks / Spruce,34.105688,-118.150218,,bus
bus_1858,Fairfax / Adams,34.032632,-118.370832,,bus
bus_1859,Fairfax / Willoughby,34.087509,-118.361293,,bus
bus_1861,Fallbrook / Burbank,34.171803,-118.623163,,bus
bus_1862,Fallbrook / Criswell,34.190519,-118.623217,,bus
bus_1863,Fallbrook / Erwin,34.183089,-118.623204,,bus
bus_1864,Fallbrook / Hatteras,34.175714,-118.623179,,bus
bus_1865,Fallbrook / Ingomar,34.211747,-118.623282,,bus
bus_1866,Corson / Walnut Layover,34.150278,-118.152205,,bus
bus_1867,Fallbrook / Marlin Pl,34.197147,-118.62324,,bus
bus_1868,Fallbrook / Oxnard,34.17947,-118.62319,,bus
bus_1869,Fallbrook / Roscoe,34.219257,-118.623328,,bus
bus_1870,Fallbrook / Runnymede,34.205289,-118.623267,,bus
bus_1871,Fallbrook / Saticoy,34.20865,-118.623276,,bus
bus_1872,Fallbrook / Sherman Way,34.201269,-118.623247,,bus
bus_1873,Fallbrook / Strathern,34.215775,-118.623293,,bus
bus_1874,Fallbrook / Vanowen,34.194001,-118.623223,,bus
bus_1875,Fallbrook / Ventura,34.16683,-118.623139,,bus
bus_1876,Fallbrook / Victory,34.186821,-118.623153,,bus
bus_1879,Coldwater Canyon / Erwin,34.18335,-118.413626,,bus
bus_1881,Figueroa / Arroyo Glen,34.113431,-118.186219,,bus
bus_1883,Figueroa / Martin Luther King Jr,34.010707,-118.282575,,bus
bus_1884,Brand / Lexington,34.15202,-118.254872,,bus
bus_1886,Exposition / Figueroa,34.018438,-118.283,,bus
bus_1887,Figueroa / Harbor Fwy Station,33.928658,-118.282743,,bus
bus_1888,Venice / Flower,34.036983,-118.269064,,bus
bus_1890,Firestone / Patton,33.937081,-118.127428,,bus
bus_1891,Firestone / Ryerson,33.947601,-118.154646,,bus
bus_1892,Firestone / Stonewood Center,33.93381,-118.120711,,bus
bus_1894,Reagan / Eisenhower,34.32542,-118.444216,,bus
bus_1895,Olive View Medical Center,34.326016,-118.447256,,bus
bus_1896,Firestone / Atlantic,33.951798,-118.183304,,bus
bus_1898,USC Outpatient Layover,34.058748,-118.206595,,bus
bus_1899,Firestone / California,33.954371,-118.206372,,bus
bus_1901,Firestone / Compton,33.960024,-118.247006,,bus
bus_1903,Firestone / Downey,33.940361,-118.133344,,bus
bus_1904,Firestone / Elizabeth,33.954617,-118.208806,,bus
bus_1905,Firestone / Garden View,33.955063,-118.215903,,bus
bus_1906,Firestone / Garfield,33.948989,-118.16483,,bus
bus_1907,Firestone Station,33.960026,-118.243234,,bus
bus_1908,Firestone / Holmes,33.960025,-118.240968,,bus
bus_1909,Firestone / Hooper,33.960045,-118.254186,,bus
bus_1910,Firestone / Hoxie,33.923884,-118.10292,,bus
bus_1911,Firestone / Ivy,33.960022,-118.234113,,bus
bus_1912,Firestone / Lakewood,33.935831,-118.124163,,bus
bus_1913,Lakewood / Firestone,33.935796,-118.123684,,bus
bus_1915,Firestone / Long Beach,33.95546,-118.219878,,bus
bus_1918,Washington / Exposition Sta Dwy,34.027782,-118.38751,,bus
bus_1919,Firestone / Old River School,33.947191,-118.148526,,bus
bus_1920,Firestone / Otis,33.953088,-118.19615,,bus
bus_1921,Firestone / Pangborn,33.930508,-118.114081,,bus
bus_1922,Firestone / Paramount,33.942463,-118.137753,,bus
bus_1924,Firestone / Rheem,33.952823,-118.193548,,bus
bus_1926,Firestone / Brookshire,33.938013,-118.129388,,bus
bus_1927,Firestone / Alameda,33.957738,-118.23133,,bus
bus_1928,Firestone / Central,33.960049,-118.256059,,bus
bus_1929,Firestone / Fir,33.960015,-118.237542,,bus
bus_1930,Firestone / San Juan,33.953583,-118.201081,,bus
bus_1931,Firestone / Santa Fe,33.95603,-118.224997,,bus
bus_1932,Firestone / State,33.954949,-118.211897,,bus
bus_1933,Firestone / Stewart and Gray,33.929493,-118.112095,,bus
bus_1934,Firestone / Wiley Burke,33.946606,-118.145445,,bus
bus_1935,Firestone / Woodruff,33.932463,-118.118003,,bus
bus_1936,Firestone / Zamora,33.960039,-118.251547,,bus
bus_1938,Foothill / Roxford,34.322476,-118.459939,,bus
bus_1946,Fletcher / Ripple,34.107566,-118.254462,,bus
bus_1951,Floral / Eastern,34.044088,-118.173366,,bus
bus_1952,Floral / Humphreys,34.044102,-118.171567,,bus
bus_1955,Florence / Bell,33.974605,-118.238336,,bus
bus_1956,Florence / California,33.971846,-118.203684,,bus
bus_1957,Florence / McKinley,33.974633,-118.261664,,bus
bus_1958,Florence / Old River School,33.958574,-118.140289,,bus
bus_1959,Robertson / Venice,34.027547,-118.389833,,bus
bus_1961,Florence / Woodruff,33.944071,-118.110697,,bus
bus_1962,Florence / Atlantic,33.97013,-118.187592,,bus
bus_1963,Florence / Bear,33.971297,-118.19863,,bus
bus_1964,Florence / Birchdale,33.948372,-118.119173,,bus
bus_1965,Florence / Bissell,33.97203,-118.205479,,bus
bus_1966,Florence / Brookshire,33.949836,-118.122116,,bus
bus_1967,Florence / Casanes,33.942212,-118.107011,,bus
bus_1968,Florence / Downey,33.951385,-118.12594,,bus
bus_1969,Florence / Eastern,33.967691,-118.164405,,bus
bus_1970,Florence / El Selinda,33.96726,-118.160302,,bus
bus_1971,Florence / Emil,33.962873,-118.147983,,bus
bus_1974,Florence / Gard,33.935184,-118.088531,,bus
bus_1975,Florence Garfield Layover,33.966375,-118.152065,,bus
bus_1976,Florence / Garfield,33.965498,-118.151945,,bus
bus_1977,Florence / Haledon,33.945426,-118.113362,,bus
bus_1978,Florence / Jaboneria,33.967054,-118.157966,,bus
bus_1979,Florence / Lakewood,33.947242,-118.116929,,bus
bus_1980,Florence / Mission,33.972983,-118.212167,,bus
bus_1982,Florence / Newville,33.94095,-118.104524,,bus
bus_1984,Florence / Otis,33.970818,-118.194005,,bus
bus_1985,Florence / Paramount,33.953324,-118.129794,,bus
bus_1986,Florence / Pioneer,33.935175,-118.081496,,bus
bus_1987,Florence / Ringwood,33.935167,-118.084717,,bus
bus_1988,Florence / Rives,33.95544,-118.134044,,bus
bus_1989,Florence / Salt Lake,33.971687,-118.202289,,bus
bus_1990,Florence / Scout,33.961346,-118.145388,,bus
bus_1991,Florence / State,33.972411,-118.2092,,bus
bus_1992,Studebaker / Florence,33.936955,-118.096969,,bus
bus_1993,Florence / Walker,33.968719,-118.174239,,bus
bus_1994,Hawthorne / Lennox Station Layover,33.932292,-118.352435,,bus
bus_1995,Florence / Wilcox,33.969125,-118.178095,,bus
bus_1996,Florence / Wiley Burke,33.956976,-118.137097,,bus
bus_1998,Florence / Vinevale,33.969521,-118.181743,,bus
bus_2000,Cesar E Chavez / Grand,34.060624,-118.244081,,bus
bus_2002,Foothill / Osborne,34.273802,-118.393946,,bus
bus_2003,Foothill / Apperson,34.25628,-118.299556,,bus
bus_2004,Foothill / Arroyo,34.292758,-118.414205,,bus
bus_2005,Foothill / Astoria,34.312564,-118.437124,,bus
bus_2006,Foothill / Boston,34.237726,-118.261519,,bus
bus_2007,Foothill / Brainard,34.274369,-118.363651,,bus
bus_2008,Foothill / Christy,34.274239,-118.358593,,bus
bus_2009,Foothill / Clybourn,34.274663,-118.373626,,bus
bus_2010,Foothill / Cobalt,34.323026,-118.451768,,bus
bus_2011,Foothill / Commerce,34.248654,-118.28837,,bus
bus_2013,Foothill / Dronfield,34.322921,-118.455629,,bus
bus_2014,Foothill / Dunsmore,34.235262,-118.257558,,bus
bus_2015,Foothill / Esko,34.272629,-118.348007,,bus
bus_2016,San Fernando / Brand,34.123517,-118.254861,,bus
bus_2018,Foothill / Fenwick,34.261114,-118.324756,,bus
bus_2019,Foothill / Filmore,34.284136,-118.405075,,bus
bus_2021,Foothill / Haines Canyon,34.247628,-118.279217,,bus
bus_2022,Foothill / Harding,34.30121,-118.423184,,bus
bus_2023,Foothill / Hillhaven,34.24997,-118.290628,,bus
bus_2024,Foothill / Hillrose,34.262666,-118.327932,,bus
bus_2025,Foothill / Home Depot,34.295425,-118.416993,,bus
bus_2026,Foothill / Hubbard,34.307442,-118.430047,,bus
bus_2027,Foothill / Whitegate,34.259515,-118.304525,,bus
bus_2029,Foothill / Lowell,34.240423,-118.265859,,bus
bus_2030,Foothill / Maclay,34.298464,-118.420286,,bus
bus_2031,Foothill / Marcus,34.247903,-118.281614,,bus
bus_2032,Foothill / Marnice,34.245609,-118.274217,,bus
bus_2033,Foothill / McVine,34.259803,-118.311228,,bus
bus_2034,Foothill / McVine,34.259552,-118.311561,,bus
bus_2035,Summitrose / Tinker,34.259538,-118.301848,,bus
bus_2036,Foothill / Mt Gleason,34.259105,-118.302472,,bus
bus_2037,Foothill / Mountair,34.251366,-118.292956,,bus
bus_2038,Foothill / New York,34.232553,-118.253196,,bus
bus_2039,Foothill / Orcas,34.274625,-118.368091,,bus
bus_2040,Foothill / Oro Vista,34.259579,-118.315917,,bus
bus_2042,Foothill / Osborne,34.275892,-118.377984,,bus
bus_2043,Foothill / Pali,34.243164,-118.270275,,bus
bus_2044,Foothill / Paxton,34.287112,-118.408241,,bus
bus_2045,Foothill / Pennsylvania,34.229842,-118.248834,,bus
bus_2046,Foothill / Pierce,34.277573,-118.398548,,bus
bus_2047,Foothill / Pinewood,34.248149,-118.285721,,bus
bus_2048,Foothill / Plainview,34.254879,-118.298085,,bus
bus_2049,Foothill / Polk,34.315555,-118.440544,,bus
bus_2052,Foothill / Riderwood,34.264191,-118.331029,,bus
bus_2053,Foothill / Roxford,34.322238,-118.459845,,bus
bus_2055,Foothill / Saluda,34.241784,-118.26805,,bus
bus_2056,Foothill / Sayre,34.310432,-118.433913,,bus
bus_2057,Foothill / Sunland,34.259993,-118.322531,,bus
bus_2058,Sunland / Foothill,34.259614,-118.3228,,bus
bus_2060,Foothill / Tujunga Canyon,34.246775,-118.276445,,bus
bus_2061,Foothill / Tyler,34.318257,-118.444035,,bus
bus_2062,Foothill / Van Nuys,34.280839,-118.401603,,bus
bus_2063,Foothill / Vaughn,34.289757,-118.411015,,bus
bus_2065,Foothill / Wheatland,34.273228,-118.352951,,bus
bus_2066,Foothill / Woodward,34.25978,-118.307359,,bus
bus_2067,Foothill / Wyngate,34.257751,-118.301077,,bus
bus_2074,Fountain / Hoover,34.095762,-118.284761,,bus
bus_2079,Fountain / Vermont,34.095667,-118.291093,,bus
bus_2080,San Fernando / Future,34.098765,-118.234002,,bus
bus_2085,Hoover / 32nd,34.02505,-118.284029,,bus
bus_2086,Roscoe / Rhodes,34.221536,-118.40272,,bus
bus_2088,Franklin / Beachwood,34.105137,-118.321438,,bus
bus_2089,Franklin / Bronson,34.105145,-118.318167,,bus
bus_2095,Sepulveda / Ventura,34.153005,-118.466367,,bus
bus_2096,Fremont / Maple,34.101536,-118.151994,,bus
bus_2097,Fullerton Park & Ride Dock 14,33.858619,-117.98081,,bus
bus_2098,San Fernando / Future,34.098503,-118.234167,,bus
bus_2099,Saticoy / Kester,34.208365,-118.457627,,bus
bus_2100,San Fernando / Macon,34.100341,-118.235718,,bus
bus_2102,Gage / Salt Lake,33.979756,-118.204512,,bus
bus_2103,Wilcox / Gage,33.976709,-118.176564,,bus
bus_2104,Gage / Atlantic,33.977856,-118.186643,,bus
bus_2105,Gage / Bear,33.979015,-118.197458,,bus
bus_2106,Gage / Cesar E Chavez,34.040329,-118.184713,,bus
bus_2107,Gage / Colmar,33.97468,-118.157143,,bus
bus_2108,Gage / Darwell,33.974051,-118.150516,,bus
bus_2109,Gage / Eastern,33.975408,-118.163919,,bus
bus_2110,Gage / El Selinda,33.974946,-118.159776,,bus
bus_2111,Gage / Heliotrope,33.9772,-118.180457,,bus
bus_2112,Gage / Hollenbeck,33.980083,-118.207514,,bus
bus_2113,Gage / Walker,33.976452,-118.173513,,bus
bus_2114,Gage / Hood,33.980321,-118.209672,,bus
bus_2115,Gage / Jaboneria,33.974307,-118.152891,,bus
bus_2116,Gage / King,33.977604,-118.18434,,bus
bus_2117,Gage / Malabar,33.981517,-118.227902,,bus
bus_2118,Gage / Marconi,33.98097,-118.215809,,bus
bus_2119,Gage / Maywood,33.979529,-118.202443,,bus
bus_2121,Gage / Otis,33.978435,-118.192136,,bus
bus_2122,Gage / Pacific,33.981517,-118.224838,,bus
bus_2123,Venice / Culver City Station,34.028593,-118.389224,,bus
bus_2124,Gage / Santa Fe,33.981518,-118.229931,,bus
bus_2125,Gage / Seville,33.981512,-118.222796,,bus
bus_2126,Gage / State,33.980646,-118.21276,,bus
bus_2127,Gage / Wilcox,33.976807,-118.176901,,bus
bus_2128,Bloomfield / Artesia,33.872914,-118.063953,,bus
bus_2129,Bloomfield / Artesia,33.87292,-118.063643,,bus
bus_2140,Gardendale / Barlin,33.911723,-118.145276,,bus
bus_2141,Gardendale / Downey,33.914696,-118.15155,,bus
bus_2144,City Terrace / Rowan,34.054456,-118.187685,,bus
bus_2145,Atlantic / Firestone,33.953254,-118.183594,,bus
bus_2146,San Fernando / Arvia,34.094802,-118.231052,,bus
bus_2147,Via Campo / Vail,34.032765,-118.120418,,bus
bus_2150,Flower / Venice,34.037151,-118.268837,,bus
bus_2156,Marengo / Brittania,34.056997,-118.20858,,bus
bus_2157,Garfield / Ferguson,34.008174,-118.131526,,bus
bus_2158,Garfield / Florence,33.96557,-118.151305,,bus
bus_2159,Flotilla / Garfield,34.005609,-118.1304,,bus
bus_2160,Wilshire / La Jolla,34.063588,-118.367971,,bus
bus_2161,Wilshire / Crescent Heights,34.063245,-118.364962,,bus
bus_2162,Wilshire / Plymouth,34.061687,-118.322522,,bus
bus_2164,Crenshaw / Venice,34.044406,-118.328394,,bus
bus_2170,Garvanza / Avenue 63,34.115813,-118.182395,,bus
bus_2172,Garvey / Chico,34.062595,-118.060192,,bus
bus_2173,Garvey / Delta,34.062535,-118.086493,,bus
bus_2174,Garvey / Hitchcock,34.062031,-118.14029,,bus
bus_2175,Garvey / Kelburn,34.062517,-118.094843,,bus
bus_2176,Garvey / Lee,34.062585,-118.066967,,bus
bus_2177,Garvey / River,34.062574,-118.073372,,bus
bus_2178,Garvey / Del Mar,34.062497,-118.099188,,bus
bus_2179,Garvey / Jackson,34.062482,-118.10392,,bus
bus_2180,Garvey / Muscatel,34.062557,-118.077387,,bus
bus_2181,Garvey / San Gabriel,34.062515,-118.090162,,bus
bus_2182,Garvey / Walnut Grove,34.062546,-118.082142,,bus
bus_2187,Myrrh / Willowbrook,33.892205,-118.224295,,bus
bus_2189,Gayley / Landfair,34.065811,-118.4478,,bus
bus_2190,Gayley / Landfair,34.070368,-118.453299,,bus
bus_2191,Gayley / Strathmore,34.068274,-118.44891,,bus
bus_2192,San Vicente / Melrose,34.082049,-118.383647,,bus
bus_2193,Glendale / Locksley,34.106932,-118.263142,,bus
bus_2194,Glendale / Locksley,34.107056,-118.262881,,bus
bus_2195,Glendale / Reservoir,34.078311,-118.260238,,bus
bus_2196,Glendale / Deane,34.098145,-118.259074,,bus
bus_2198,Glendale / Berkeley,34.083895,-118.259839,,bus
bus_2199,Glendale / Clifford,34.088661,-118.25924,,bus
bus_2200,Glendale / Cove,34.094259,-118.259082,,bus
bus_2201,Grand / 7th,34.047102,-118.257012,,bus
bus_2203,Glendale / Effie,34.085602,-118.259752,,bus
bus_2204,Glendale / Fargo,34.09226,-118.258528,,bus
bus_2205,Glendale / Glenhurst,34.116307,-118.262345,,bus
bus_2206,Glendale / La Clede,34.120121,-118.258346,,bus
bus_2207,Glendale / Montana,34.079575,-118.260041,,bus
bus_2208,Glendale / Park,34.076503,-118.261355,,bus
bus_2209,Glendale / Riverside,34.111245,-118.264906,,bus
bus_2210,Glendale / Santa Ynez,34.074249,-118.26157,,bus
bus_2211,Glendale / Scott,34.081724,-118.259905,,bus
bus_2212,Spring / 7th,34.043972,-118.252932,,bus
bus_2213,Glendale / Waverly,34.108316,-118.263599,,bus
bus_2216,Glenoaks / Gain,34.269215,-118.406694,,bus
bus_2217,Glenoaks / Helen,34.228991,-118.365412,,bus
bus_2218,Glenoaks / La Tuna Canyon,34.234373,-118.371017,,bus
bus_2220,Tampa / Nordhoff,34.235225,-118.553719,,bus
bus_2221,Glenoaks / Roscoe South Jog,34.221262,-118.357585,,bus
bus_2222,Glenoaks / Shadyspring,34.210868,-118.346049,,bus
bus_2223,Glenoaks / Peoria,34.240497,-118.377844,,bus
bus_2224,Glenoaks / Arroyo,34.285897,-118.424414,,bus
bus_2228,Glenoaks / Branford,34.255096,-118.393295,,bus
bus_2229,Glenoaks / Cabrini,34.209269,-118.344045,,bus
bus_2230,Glenoaks / Cohasset,34.20686,-118.341538,,bus
bus_2231,Glenoaks / Filmore,34.276646,-118.414595,,bus
bus_2233,Glenoaks / Griswold,34.288566,-118.427248,,bus
bus_2234,Glenoaks / Harding,34.294011,-118.433014,,bus
bus_2236,Glenoaks / Roscoe South Jog,34.22154,-118.35749,,bus
bus_2238,Glenoaks / Lanark,34.218302,-118.354204,,bus
bus_2239,Glenoaks / Montague,34.258638,-118.3958,,bus
bus_2241,Glenoaks / Brand,34.290231,-118.429001,,bus
bus_2242,Glenoaks / Maclay,34.291282,-118.430112,,bus
bus_2243,Glenoaks / Nettleton,34.224911,-118.361471,,bus
bus_2244,Glenoaks / Orange Grove,34.296727,-118.435885,,bus
bus_2245,Tampa / Nordhoff,34.235776,-118.553415,,bus
bus_2246,Glenoaks / Osborne,34.264944,-118.402013,,bus
bus_2248,Glenoaks / Pendleton,34.237533,-118.374697,,bus
bus_2249,Glenoaks / Penrose,34.231584,-118.368421,,bus
bus_2250,Glenoaks / Peoria,34.240454,-118.377394,,bus
bus_2251,Glenoaks / Pierce,34.271,-118.408629,,bus
bus_2252,Glenoaks / Roscoe North Jog,34.222733,-118.359328,,bus
bus_2253,Glenoaks / Hollywood Way,34.213321,-118.348339,,bus
bus_2254,Glenoaks / Sheldon,34.246473,-118.384155,,bus
bus_2255,Glenoaks / Osborne,34.26525,-118.402342,,bus
bus_2256,Glenoaks / Truesdale,34.249452,-118.387315,,bus
bus_2257,Glenoaks / Tuxford,34.234219,-118.371192,,bus
bus_2258,Glenoaks / Van Nuys,34.273982,-118.411781,,bus
bus_2259,Glenoaks / Vaughn,34.282924,-118.421254,,bus
bus_2260,Foothill / Paxton,34.28618,-118.40766,,bus
bus_2261,Prairie / Grace,33.968293,-118.344091,,bus
bus_2264,Wilshire / La Jolla,34.063921,-118.368584,,bus
bus_2265,3rd / Hoover,34.06874,-118.284524,,bus
bus_2272,Grand / Adams,34.026297,-118.272212,,bus
bus_2276,Granger / Florence,33.965104,-118.150655,,bus
bus_2292,Gridley / 187th,33.860694,-118.091041,,bus
bus_2293,3628 Griffin,34.086935,-118.208377,,bus
bus_2295,Griffin / Avenue 28,34.079117,-118.211736,,bus
bus_2296,Griffin / Avenue 31,34.080813,-118.21176,,bus
bus_2297,Griffin / Avenue 33,34.083288,-118.211852,,bus
bus_2298,Griffin / Avenue 35,34.0851,-118.211394,,bus
bus_2299,Griffin / Avenue 39,34.088928,-118.20647,,bus
bus_2300,Griffin / Avenue 41,34.090112,-118.205297,,bus
bus_2301,Griffin / Avenue 43,34.09171,-118.204102,,bus
bus_2306,Saint George / Griffith Park,34.108733,-118.274911,,bus
bus_2315,Harbor Transitway / 37th St / USC,34.017657,-118.279922,,bus
bus_2318,Del Amo / Rr-Xing,33.846525,-118.210592,,bus
bus_2320,Harbor Transitway / Manchester,33.959799,-118.280559,,bus
bus_2321,Harbor Transitway / Rosecrans,33.901754,-118.286406,,bus
bus_2322,Harbor Transitway / Slauson,33.988691,-118.280198,,bus
bus_2323,Figueroa / Imperial,33.93078,-118.282437,,bus
bus_2324,Harbor Transitway / Harbor Fwy Station,33.928732,-118.280709,,bus
bus_2328,Douglas / Park,33.90404,-118.383228,,bus
bus_2330,Culver / Pacific,33.958295,-118.449016,,bus
bus_2333,Tuxford / Lankershim,34.223183,-118.387124,,bus
bus_2335,7th / Grand,33.737938,-118.290458,,bus
bus_2336,7th / Gaffey,33.737943,-118.292099,,bus
bus_2342,Pacific Coast Highway / Busch,34.016595,-118.818372,,bus
bus_2343,La Brea / Regent,33.964598,-118.353524,,bus
bus_2345,Terminal 25,34.063887,-118.251345,,bus
bus_2351,La Mirada / Alondra,33.888113,-117.999396,,bus
bus_2353,Hawthorne / El Segundo,33.916909,-118.35242,,bus
bus_2354,Hawthorne / Salvation Army,33.745271,-118.400975,,bus
bus_2359,Hawthorne / 118th,33.927137,-118.352436,,bus
bus_2360,Hawthorne / 120th,33.923279,-118.352437,,bus
bus_2361,Hawthorne / 132nd,33.91295,-118.352238,,bus
bus_2362,Hawthorne / 135th,33.909504,-118.35223,,bus
bus_2363,Hawthorne / 138th,33.906141,-118.352243,,bus
bus_2364,Hawthorne / 147th,33.898551,-118.35223,,bus
bus_2365,Hawthorne / 154th,33.890885,-118.352211,,bus
bus_2366,Hawthorne / 162nd,33.883433,-118.352177,,bus
bus_2367,Hawthorne / 166th,33.880418,-118.352227,,bus
bus_2368,Hawthorne / 169th,33.877431,-118.352221,,bus
bus_2369,Hawthorne / 182nd,33.865365,-118.352427,,bus
bus_2371,Hawthorne / 190th,33.858003,-118.353483,,bus
bus_2374,Hawthorne / Via Rivera,33.749392,-118.405192,,bus
bus_2375,Hawthorne / Blackhorse,33.780429,-118.370139,,bus
bus_2376,Hawthorne / Broadway,33.919827,-118.352429,,bus
bus_2377,Flower / Pico,34.039881,-118.267103,,bus
bus_2378,Flower / Washington,34.03364,-118.271067,,bus
bus_2379,Hawthorne / Carson,33.832334,-118.35258,,bus
bus_2381,Rosemead / Las Tunas,34.103896,-118.073369,,bus
bus_2382,Hawthorne / Crest,33.761148,-118.393202,,bus
bus_2383,Hawthorne / Del Amo,33.848875,-118.353576,,bus
bus_2385,Hawthorne / Dupre,33.752111,-118.395557,,bus
bus_2386,Rosemead / Beverly Bl,34.01092,-118.080639,,bus
bus_2389,Hawthorne / Blackhorse,33.780886,-118.369648,,bus
bus_2390,Hawthorne / Highdridge,33.778911,-118.384581,,bus
bus_2391,Hawthorne / Indian Peak,33.776541,-118.378082,,bus
bus_2392,Rosemead / Broadway,34.09862,-118.073599,,bus
bus_2393,Hawthorne / Lomita,33.8162,-118.35096,,bus
bus_2394,Hawthorne / Los Verdes,33.755179,-118.396009,,bus
bus_2395,Florence / Rugby,33.974232,-118.226679,,bus
bus_2396,Wilshire / Highland,34.061989,-118.337817,,bus
bus_2397,Grand / 2nd,34.054321,-118.250213,,bus
bus_2398,Hawthorne / Manhattan Beach,33.887667,-118.352214,,bus
bus_2399,Hawthorne / Marine,33.894435,-118.35222,,bus
bus_2400,Hawthorne / Palos Verdes Dr N,33.787987,-118.357674,,bus
bus_2401,Hawthorne / Newton,33.799699,-118.350976,,bus
bus_2402,Hawthorne / Ocean Crest,33.763261,-118.391721,,bus
bus_2403,Hawthorne / Pacific Coast Highway,33.805318,-118.350964,,bus
bus_2404,Pacific Coast Highway / Hawthorne,33.805101,-118.350903,,bus
bus_2406,Hawthorne / Redondo Beach,33.874854,-118.35222,,bus
bus_2407,Hawthorne / Granvia Altamira,33.779039,-118.391509,,bus
bus_2408,Hawthorne / Rolling Hills,33.794446,-118.348927,,bus
bus_2410,Vermont / 83rd,33.963505,-118.291484,,bus
bus_2411,Hawthorne / Seamount,33.772805,-118.392154,,bus
bus_2412,Hawthorne / Sepulveda,33.825862,-118.351382,,bus
bus_2415,Hawthorne / Skypark,33.811594,-118.35097,,bus
bus_2417,Hawthorne / Torrance,33.837867,-118.353497,,bus
bus_2418,Hawthorne / Vallon,33.748496,-118.393734,,bus
bus_2419,Hawthorne / Indian Valley,33.76564,-118.391032,,bus
bus_2420,Hawthorne / Via Rivera,33.749037,-118.40521,,bus
bus_2421,Sunset / Vin Scully - Dodger Stadium,34.072617,-118.251259,,bus
bus_2422,Sunset / Vin Scully - Dodger Stadium,34.072623,-118.250922,,bus
bus_2423,Hayvenhurst / Saticoy,34.208156,-118.494544,,bus
bus_2424,Hayvenhurst / Valerio,34.205013,-118.494525,,bus
bus_2439,Raymond / Union,34.146575,-118.148976,,bus
bus_2441,Hilgard / Charing Cross,34.077648,-118.438891,,bus
bus_2442,Hilgard / Le Conte,34.064259,-118.440904,,bus
bus_2443,Hilgard / Manning,34.066476,-118.439579,,bus
bus_2445,Wilshire / Wilton,34.061837,-118.314533,,bus
bus_2449,Wilshire / Curson,34.062328,-118.35461,,bus
bus_2451,Gage / Vermont,33.981999,-118.291126,,bus
bus_2452,Hilgard / Wyton,34.07439,-118.437923,,bus
bus_2455,San Gabriel / Celito,34.047374,-118.090644,,bus
bus_2456,Hill / 7th,34.045759,-118.254778,,bus
bus_2457,Mc Clintock / Jefferson,34.02553,-118.286862,,bus
bus_2458,Jefferson / Mc Clintock,34.025394,-118.287403,,bus
bus_2459,Hill / Martin Luther King Jr,34.011487,-118.280294,,bus
bus_2460,Hill / Venice,34.034893,-118.264529,,bus
bus_2464,Holloway / Hancock,34.090729,-118.381292,,bus
bus_2465,Holloway / La Cienega,34.090746,-118.376655,,bus
bus_2468,Hollywood / Genesee,34.101579,-118.358374,,bus
bus_2472,Atlantic / Hubbard,34.022466,-118.156487,,bus
bus_2473,Hollywood / Ivar,34.101494,-118.328324,,bus
bus_2475,Vernon / Arlington,34.003836,-118.318376,,bus
bus_2476,Hollywood / Argyle,34.101513,-118.325355,,bus
bus_2477,Hollywood / Bronson,34.101562,-118.318164,,bus
bus_2478,Hollywood / Cahuenga,34.101484,-118.329781,,bus
bus_2479,Hollywood / Curson,34.101547,-118.355193,,bus
bus_2480,Hollywood / Edgemont,34.101643,-118.295933,,bus
bus_2481,Hollywood / Fuller,34.101501,-118.349105,,bus
bus_2482,Hollywood / Gardner,34.101531,-118.353006,,bus
bus_2484,Hollywood / Harvard,34.10163,-118.304528,,bus
bus_2485,Hollywood / Highland,34.101439,-118.338353,,bus
bus_2487,Hollywood / Las Palmas,34.10145,-118.336291,,bus
bus_2488,Hollywood / Normandie,34.101637,-118.3007,,bus
bus_2490,Hollywood / Sycamore,34.101438,-118.343483,,bus
bus_2491,Hollywood / Vermont,34.101205,-118.291987,,bus
bus_2493,Hollywood / Western,34.101611,-118.308931,,bus
bus_2494,Hollywood / Wilcox,34.101475,-118.331195,,bus
bus_2495,Hollywood / Wilton,34.101582,-118.313794,,bus
bus_2497,Hollywood / Vine,34.101756,-118.326991,,bus
bus_2498,Hollywood / Whitley,34.10146,-118.333487,,bus
bus_2499,Hollywood Way / Tulare,34.202883,-118.348616,,bus
bus_2500,Admiralty / Palawan,33.983193,-118.45795,,bus
bus_2503,Hollywood Way / Clark,34.164521,-118.345494,,bus
bus_2504,Hollywood Way / Verdugo,34.160715,-118.343657,,bus
bus_2505,Vernon / Crenshaw,34.003796,-118.331376,,bus
bus_2508,Holmes / 66th,33.979452,-118.24108,,bus
bus_2509,Holmes / 68th,33.977839,-118.241076,,bus
bus_2510,Del Amo / Lakewood,33.847242,-118.142967,,bus
bus_2511,1st / Chicago,34.044338,-118.212763,,bus
bus_2512,Holmes / Gage,33.981832,-118.241091,,bus
bus_2513,Slauson / Holmes,33.989103,-118.240821,,bus
bus_2519,Main / 1st,34.05236,-118.243037,,bus
bus_2523,Hoover / Plata,34.078869,-118.284539,,bus
bus_2524,Hubbard / 4th,34.294309,-118.444868,,bus
bus_2525,Hubbard / 1st,34.291828,-118.447662,,bus
bus_2528,Hubbard / Glenoaks,34.29936,-118.439524,,bus
bus_2529,Hubbard / Herrick,34.296703,-118.442514,,bus
bus_2531,Huntington / Atlantic,34.106687,-118.134416,,bus
bus_2532,Huntington / Lifur,34.089571,-118.167152,,bus
bus_2533,Huntington / Muscatel,34.12942,-118.07966,,bus
bus_2534,Huntington / Poplar,34.090259,-118.164729,,bus
bus_2535,7th / Hope,34.047733,-118.257512,,bus
bus_2537,Huntington / Story,34.108868,-118.130875,,bus
bus_2539,Huntington / Sunnyslope,34.127795,-118.087807,,bus
bus_2540,Huntington / West,34.119411,-118.111996,,bus
bus_2541,Huntington / Alhambra,34.098776,-118.155021,,bus
bus_2544,Huntington / Bradbury,34.12522,-118.096074,,bus
bus_2545,Huntington / Monterey,34.086093,-118.187241,,bus
bus_2546,Huntington / Court,34.104669,-118.137815,,bus
bus_2547,Huntington / Del Mar,34.123802,-118.100114,,bus
bus_2549,Huntington / Fletcher,34.103999,-118.142201,,bus
bus_2551,Huntington / Fremont,34.103877,-118.152087,,bus
bus_2553,Huntington / Granada,34.111089,-118.127505,,bus
bus_2555,Huntington / La Presa,34.128691,-118.084811,,bus
bus_2557,Huntington / Maple,34.101219,-118.15496,,bus
bus_2559,Huntington / Marengo,34.104359,-118.146846,,bus
bus_2560,Huntington / Maycrest,34.093216,-118.160335,,bus
bus_2561,Huntington / Methodist Hospital,34.13394,-118.041048,,bus
bus_2562,Huntington / Eastern,34.085873,-118.17836,,bus
bus_2563,Huntington / Gainsborough,34.125585,-118.096759,,bus
bus_2565,Huntington / San Gabriel,34.12695,-118.090737,,bus
bus_2566,Huntington / Portola,34.088484,-118.172199,,bus
bus_2567,Huntington / Primrose,34.103958,-118.14885,,bus
bus_2568,Huntington / Pueblo,34.087343,-118.174899,,bus
bus_2569,Huntington / Rosemead,34.130152,-118.073399,,bus
bus_2571,Huntington / San Marino,34.121661,-118.105939,,bus
bus_2572,Huntington / Saint Albans,34.115269,-118.121165,,bus
bus_2573,Huntington / Van Horne,34.089067,-118.170427,,bus
bus_2574,Huntington / Virginia,34.117466,-118.117256,,bus
bus_2575,Huntington / Grand,34.096794,-118.155579,,bus
bus_2577,Huntington / Harriman,34.085312,-118.184356,,bus
bus_2578,La Palma / Stanton,33.846838,-117.994061,,bus
bus_2579,Huntington / Topaz,34.082919,-118.189041,,bus
bus_2582,Huntington / Main,34.096356,-118.15688,,bus
bus_2585,Huntington / Monterey,34.086198,-118.186878,,bus
bus_2587,Huntington / Esmeralda,34.080636,-118.191103,,bus
bus_2590,Hyde Park / West,33.980498,-118.334876,,bus
bus_2591,Hyde Park / 8th,33.980553,-118.326719,,bus
bus_2592,Hyde Park / Crenshaw,33.980522,-118.331089,,bus
bus_2593,Hyde Park / Hyde Park,33.975898,-118.348308,,bus
bus_2603,Beacon / 1st,33.74343,-118.280511,,bus
bus_2604,Hawthorne / Imperial,33.931275,-118.352441,,bus
bus_2605,Imperial / Hawthorne,33.93107,-118.352924,,bus
bus_2607,Imperial / Old River School,33.928785,-118.161778,,bus
bus_2608,Century / Aviation,33.945581,-118.378304,,bus
bus_2609,Imperial / Ardis,33.916904,-118.129652,,bus
bus_2610,Imperial / Atlantic,33.930861,-118.183746,,bus
bus_2613,Imperial / Barlin,33.91843,-118.14096,,bus
bus_2614,Imperial / Bellflower,33.916922,-118.125548,,bus
bus_2615,Imperial / Benwell,33.931933,-118.199236,,bus
bus_2617,Imperial / Brookshire,33.92005,-118.144001,,bus
bus_2618,Imperial / Bullis,33.931771,-118.197241,,bus
bus_2619,Imperial / California,33.930544,-118.20839,,bus
bus_2620,Imperial / Columbia,33.916888,-118.133788,,bus
bus_2621,Imperial / Cornish,33.931299,-118.191962,,bus
bus_2622,Sepulveda / Magnolia,34.164486,-118.466316,,bus
bus_2623,Imperial / Doty,33.930839,-118.339628,,bus
bus_2624,Imperial / Downey,33.921698,-118.146971,,bus
bus_2626,Imperial / Dunrobin,33.916935,-118.121171,,bus
bus_2628,Imperial / Fairford,33.916983,-118.094497,,bus
bus_2629,Imperial / Felton,33.930808,-118.365193,,bus
bus_2631,Imperial / Garfield,33.929725,-118.167828,,bus
bus_2632,Imperial / Garfield Pl.,33.929964,-118.170014,,bus
bus_2633,Imperial / Hughes,33.930713,-118.392989,,bus
bus_2635,Imperial / Inglewood,33.93081,-118.360983,,bus
bus_2636,Imperial / Jackson,33.931051,-118.189054,,bus
bus_2637,Imperial / Jersey,33.916976,-118.086327,,bus
bus_2638,Imperial / Martin Luther King Jr,33.931416,-118.2026,,bus
bus_2639,Lakewood / Imperial,33.91673,-118.138073,,bus
bus_2640,Imperial / Lakewood,33.916924,-118.138261,,bus
bus_2641,San Fernando / Arvia,34.095064,-118.230894,,bus
bus_2642,Imperial / Lewis,33.931547,-118.194765,,bus
bus_2643,Imperial / Long Beach,33.930432,-118.211218,,bus
bus_2645,Imperial / Douglas,33.930795,-118.382832,,bus
bus_2646,Pacific Coast Highway / Walnut,33.929357,-118.3961,,bus
bus_2647,Pacific Coast Highway / Walnut,33.929234,-118.396413,,bus
bus_2648,Imperial / Nash,33.930786,-118.387164,,bus
bus_2651,Imperial / Orr and Day,33.916972,-118.090674,,bus
bus_2654,Imperial / Pine,33.930835,-118.186532,,bus
bus_2656,Imperial / Prairie,33.930831,-118.343564,,bus
bus_2657,Imperial / Alameda,33.929843,-118.225009,,bus
bus_2659,Imperial / Smallwood,33.925431,-118.15504,,bus
bus_2660,Imperial / State,33.930297,-118.216037,,bus
bus_2661,Imperial / Studebaker,33.916977,-118.098897,,bus
bus_2663,Imperial / Woodruff,33.916945,-118.11633,,bus
bus_2666,Imperial / Atlantic,33.930679,-118.182572,,bus
bus_2675,Indiana / 3rd,34.032972,-118.192245,,bus
bus_2680,Inglewood / 118th,33.927047,-118.361455,,bus
bus_2681,Inglewood / 120th,33.923815,-118.361451,,bus
bus_2682,Inglewood / 138th,33.905712,-118.361425,,bus
bus_2683,Inglewood / 147th,33.897999,-118.361455,,bus
bus_2684,Inglewood / 124th,33.919765,-118.361433,,bus
bus_2685,Inglewood / El Segundo,33.916553,-118.361423,,bus
bus_2686,Inglewood / Imperial,33.93066,-118.361464,,bus
bus_2687,Inglewood / 130th,33.914258,-118.361419,,bus
bus_2688,Inglewood / 132nd,33.912796,-118.361423,,bus
bus_2689,Inglewood / 134th,33.910114,-118.361474,,bus
bus_2690,Inglewood / Rosecrans,33.90197,-118.361439,,bus
bus_2693,Irolo / San Marino,34.054769,-118.300759,,bus
bus_2694,Irolo / James M Wood,34.055772,-118.300753,,bus
bus_2696,Irolo / 8th,34.057522,-118.300762,,bus
bus_2697,Paramount / Harrison,33.883424,-118.159871,,bus
bus_2698,Jefferson / Central,34.011578,-118.256784,,bus
bus_2699,Jefferson / Maple,34.017153,-118.269624,,bus
bus_2702,Jefferson / McConnell,33.977052,-118.419217,,bus
bus_2703,Jefferson / Westlawn,33.979171,-118.41367,,bus
bus_2704,Jefferson / Campus Center,33.981331,-118.408779,,bus
bus_2705,Jefferson / Mesmer,33.986181,-118.401304,,bus
bus_2706,Jefferson / Slauson,33.988717,-118.397358,,bus
bus_2709,Slauson / La Tijera,33.987725,-118.365025,,bus
bus_2712,Firestone / Rives,33.944575,-118.141722,,bus
bus_2719,Kanan / Canwood,34.149156,-118.760358,,bus
bus_2720,Kanan / Hillrise,34.150407,-118.759358,,bus
bus_2721,Roadside / Kanan,34.145151,-118.760097,,bus
bus_2726,Kester / Magnolia,34.164588,-118.457546,,bus
bus_2729,Martin Luther King Jr / 4th,34.010653,-118.3216,,bus
bus_2730,Martin Luther King Jr / 9th,34.010776,-118.327213,,bus
bus_2731,Martin Luther King Jr / Arlington,34.01094,-118.31807,,bus
bus_2732,Martin Luther King Jr / Budlong,34.010745,-118.295572,,bus
bus_2734,Martin Luther King Jr / Coliseum,34.017796,-118.346202,,bus
bus_2735,Martin Luther King Jr / Degnan,34.010799,-118.331572,,bus
bus_2736,Martin Luther King Jr / Denker,34.010733,-118.304801,,bus
bus_2738,Martin Luther King Jr / Figueroa,34.010997,-118.281992,,bus
bus_2739,Martin Luther King Jr / Gramercy,34.01072,-118.314067,,bus
bus_2742,Martin Luther King Jr / Hillcrest,34.016565,-118.34425,,bus
bus_2743,Martin Luther King Jr / Hoover,34.010943,-118.287479,,bus
bus_2746,Martin Luther King Jr / Nicolet,34.019724,-118.349242,,bus
bus_2747,Martin Luther King Jr / Normandie,34.010738,-118.300429,,bus
bus_2748,Martin Luther King Jr / Norton,33.933024,-118.20413,,bus
bus_2751,Martin Luther King Jr / Vermont,34.010753,-118.291118,,bus
bus_2752,Sepulveda / Pico,34.036557,-118.434949,,bus
bus_2753,Sepulveda / Pico,34.03738,-118.435257,,bus
bus_2754,Martin Luther King Jr / Western,34.010734,-118.308533,,bus
bus_2755,Fairfax / Adams,34.032121,-118.371068,,bus
bus_2756,Martin Luther King Jr / Sutro,34.010758,-118.323708,,bus
bus_2759,Martin Luther King Jr / Crenshaw,34.011668,-118.336304,,bus
bus_2763,Arcadia Station (A Line),34.142357,-118.029709,,bus
bus_2765,Wilmington / Victoria,33.867482,-118.235785,,bus
bus_2766,La Brea / Don Lorenzo,34.000654,-118.358731,,bus
bus_2767,La Brea / Arbor Vitae,33.952975,-118.352469,,bus
bus_2773,Avenue 26 / Figueroa,34.084362,-118.222707,,bus
bus_2774,La Palma / Dale,33.84665,-117.985509,,bus
bus_2775,North Entry Buena Park Mall,33.846607,-117.989691,,bus
bus_2776,La Palma / Stanton,33.846588,-117.993238,,bus
bus_2777,La Palma / Tamarack,33.846696,-117.981939,,bus
bus_2778,La Palma / Woodland,33.846721,-117.977882,,bus
bus_2780,La Tijera / Airport,33.964917,-118.385548,,bus
bus_2781,La Tijera / Alvern,33.974878,-118.374346,,bus
bus_2782,La Tijera / Belford,33.966004,-118.384329,,bus
bus_2783,La Tijera / Centinela,33.97771,-118.371133,,bus
bus_2784,La Tijera / Thornburn,33.97284,-118.376636,,bus
bus_2785,La Tijera / 59th,33.985784,-118.364657,,bus
bus_2786,La Tijera / 62nd,33.984054,-118.365926,,bus
bus_2787,La Tijera / 74th,33.970628,-118.379133,,bus
bus_2788,La Tijera / Manchester,33.960088,-118.390967,,bus
bus_2789,La Tijera / Wiley Post,33.962667,-118.38807,,bus
bus_2793,USC Outpatient Clinic,34.058473,-118.206268,,bus
bus_2794,1640 Marengo,34.059355,-118.213013,,bus
bus_2796,Woodley / Rinaldi,34.27891,-118.484784,,bus
bus_2797,Lake / Boston,34.182216,-118.131499,,bus
bus_2798,Altadena / Lake,34.190034,-118.131508,,bus
bus_2800,Lake / Washington,34.169146,-118.132093,,bus
bus_2801,Lakewood Shopping Center,33.847548,-118.142322,,bus
bus_2802,Lakeview Canyon / Watergate,34.145587,-118.820306,,bus
bus_2803,Lakewood / Hardwick,33.850997,-118.142345,,bus
bus_2804,Lakewood Blvd Station,33.913221,-118.140427,,bus
bus_2805,Lakewood / Imperial,33.916716,-118.13773,,bus
bus_2807,Lankershim / Cantara,34.219238,-118.387625,,bus
bus_2808,Lankershim / Aqua Vista,34.145406,-118.362637,,bus
bus_2809,Wilshire / Cloverdale,34.062162,-118.346336,,bus
bus_2810,Lankershim / Valleyheart,34.141775,-118.361075,,bus
bus_2811,Lankershim / Burbank,34.17232,-118.379221,,bus
bus_2812,Lankershim / Califa,34.177668,-118.382466,,bus
bus_2817,Lankershim / Hart,34.197716,-118.387902,,bus
bus_2818,Lankershim / Hatteras,34.175858,-118.38136,,bus
bus_2819,Lankershim / Hesby,34.162103,-118.37307,,bus
bus_2820,Lankershim / Hortense,34.154604,-118.368564,,bus
bus_2822,Lankershim / Kittridge,34.190055,-118.387896,,bus
bus_2824,Lankershim / Magnolia,34.165165,-118.374577,,bus
bus_2825,Lankershim / Moorpark,34.150463,-118.366034,,bus
bus_2826,7th / Imperial,34.034696,-118.231008,,bus
bus_2827,Lankershim / Oxnard,34.179138,-118.383352,,bus
bus_2828,Lankershim / Pendleton,34.22791,-118.38791,,bus
bus_2829,Lankershim / Riverside,34.151982,-118.366966,,bus
bus_2830,Lankershim / Runnymede,34.205896,-118.38793,,bus
bus_2831,Ventura / Lankershim,34.137925,-118.363877,,bus
bus_2832,Lankershim / Saticoy,34.208199,-118.387931,,bus
bus_2834,Lankershim / Stagg,34.211967,-118.387628,,bus
bus_2835,Lankershim / Strathern,34.215603,-118.387644,,bus
bus_2837,Lankershim / Vanowen,34.193671,-118.387893,,bus
bus_2838,Lankershim / Victory,34.186842,-118.387918,,bus
bus_2839,Lankershim / La Maida,34.158847,-118.371118,,bus
bus_2840,Lankershim / Whipple,34.148142,-118.364626,,bus
bus_2841,Sherman Way / Lankershim,34.201315,-118.388111,,bus
bus_2842,Lankershim / Sherman Way,34.200939,-118.387934,,bus
bus_2843,Las Tunas / Baldwin,34.107608,-118.052478,,bus
bus_2844,Las Tunas / Bradford,34.107475,-118.047952,,bus
bus_2846,Las Tunas / Golden West,34.10715,-118.056713,,bus
bus_2847,Las Tunas / Holly,34.107501,-118.045253,,bus
bus_2848,Las Tunas / Loma,34.105341,-118.069139,,bus
bus_2850,Las Tunas / Oak,34.106,-118.064918,,bus
bus_2851,Las Tunas / Rosemead,34.103564,-118.073207,,bus
bus_2853,Las Tunas / Temple City,34.106538,-118.061073,,bus
bus_2854,Las Tunas / Warren,34.107532,-118.042363,,bus
bus_2855,Las Virgenes / Ventura Fwy On-Ramp,34.145961,-118.697823,,bus
bus_2863,Lassen / Etiwanda,34.249926,-118.531877,,bus
bus_2891,Zelzah / Lassen,34.250609,-118.523175,,bus
bus_2892,Laurel Canyon / Addison,34.161393,-118.396609,,bus
bus_2893,Laurel Canyon / Brand,34.274837,-118.449359,,bus
bus_2894,Laurel Canyon / Branford,34.240941,-118.413412,,bus
bus_2895,Laurel Canyon / Burbank,34.171888,-118.396622,,bus
bus_2896,Laurel Canyon / Cantara,34.219113,-118.396658,,bus
bus_2897,Laurel Canyon / Chamberlain,34.26947,-118.443683,,bus
bus_2898,Laurel Canyon / G Line,34.168126,-118.396624,,bus
bus_2899,Laurel Canyon / Emelita,34.176059,-118.396622,,bus
bus_2900,Laurel Canyon / Erwin,34.182756,-118.396615,,bus
bus_2901,Laurel Canyon / Filmore,34.26178,-118.435494,,bus
bus_2902,Laurel Canyon / Fox,34.271761,-118.446125,,bus
bus_2903,Vermont / Prospect,34.101635,-118.291612,,bus
bus_2904,Laurel Canyon / Hart,34.197317,-118.396618,,bus
bus_2905,Laurel Canyon / Kagel Canyon,34.249872,-118.42288,,bus
bus_2906,Laurel Canyon / Kittridge,34.190408,-118.396628,,bus
bus_2907,Laurel Canyon / Magnolia,34.165037,-118.39662,,bus
bus_2908,Laurel Canyon / Osborne,34.246589,-118.419393,,bus
bus_2909,Laurel Canyon / Moorpark,34.1501,-118.396622,,bus
bus_2910,Laurel Canyon / Oxnard,34.179568,-118.396619,,bus
bus_2911,Laurel Canyon / Paxton,34.264477,-118.438361,,bus
bus_2912,Laurel Canyon / Peoria,34.225738,-118.397338,,bus
bus_2913,Laurel Canyon / Pierce,34.255823,-118.429198,,bus
bus_2914,Riverside / Laurel Canyon,34.157735,-118.396813,,bus
bus_2915,Laurel Canyon / Runnymede,34.205783,-118.396654,,bus
bus_2916,San Fernando Mission / Laurel Canyon,34.27762,-118.451731,,bus
bus_2917,Laurel Canyon / Saticoy,34.208616,-118.396655,,bus
bus_2918,Laurel Canyon / Sheldon,34.232015,-118.403952,,bus
bus_2919,Laurel Canyon / Sherman Way,34.200334,-118.396629,,bus
bus_2920,Laurel Canyon / Stagg,34.212249,-118.396655,,bus
bus_2921,Laurel Canyon / Strathern,34.215477,-118.396654,,bus
bus_2922,Laurel Canyon / Terra Bella,34.252536,-118.425707,,bus
bus_2923,Laurel Canyon / Valleyheart,34.146464,-118.396499,,bus
bus_2924,Van Nuys / Laurel Canyon,34.258594,-118.432158,,bus
bus_2925,Laurel Canyon / Van Nuys,34.258493,-118.432028,,bus
bus_2926,Laurel Canyon / Vanowen,34.193676,-118.396617,,bus
bus_2927,Laurel Canyon / Ventura Freeway,34.154664,-118.396623,,bus
bus_2929,Laurel Canyon / Wicks,34.229063,-118.400765,,bus
bus_2936,Le Conte / Gayley,34.063582,-118.447907,,bus
bus_2937,Le Conte / Hilgard,34.064136,-118.441422,,bus
bus_2938,Le Conte / Tiverton,34.063664,-118.442602,,bus
bus_2939,Le Conte / Westwood,34.063623,-118.445005,,bus
bus_2940,Grand / Temple,34.057963,-118.246923,,bus
bus_2942,Manchester / Western,33.959844,-118.309305,,bus
bus_2943,Leffingwell / Stamy,33.928196,-118.005458,,bus
bus_2944,Leffingwell / Toerge,33.927291,-118.009364,,bus
bus_2945,Leffingwell / Arroyo,33.925862,-118.015538,,bus
bus_2947,Leffingwell / Kibbee,33.930136,-117.997306,,bus
bus_2948,Leffingwell / La Mirada,33.92678,-118.011566,,bus
bus_2952,Leffingwell / Scott,33.929237,-118.001008,,bus
bus_2953,Expo / Sepulveda Station,34.034975,-118.43603,,bus
bus_2954,Leffingwell / Telegraph,33.924215,-118.022575,,bus
bus_2957,Leimert / Stocker,34.007978,-118.326317,,bus
bus_2958,Leimert / Sutro,34.010385,-118.323242,,bus
bus_2960,Lennox / Hawthorne,33.938106,-118.352288,,bus
bus_2961,Prairie / 107th,33.938692,-118.343748,,bus
bus_2962,Leonis / Alcoa,34.000333,-118.208508,,bus
bus_2963,Leonis / Boyle,34.000254,-118.212882,,bus
bus_2964,Leonis / Downey,34.00038,-118.205063,,bus
bus_2965,Leonis / Soto,34.000152,-118.219352,,bus
bus_2967,Lincoln / Wyoming,34.178667,-118.159792,,bus
bus_2969,Olympic / 7th,34.013992,-118.487949,,bus
bus_2971,Lincoln / Altadena,34.198047,-118.158833,,bus
bus_2973,Lincoln / Harriet,34.193208,-118.158606,,bus
bus_2974,Lincoln / Howard,34.173392,-118.159444,,bus
bus_2975,Lincoln / Mariposa,34.195722,-118.158713,,bus
bus_2976,Lincoln / Montana,34.181122,-118.159509,,bus
bus_2978,Washington / Lincoln,34.169666,-118.159245,,bus
bus_2979,Lincoln / Wyoming,34.179217,-118.159492,,bus
bus_2981,Lincoln Park / Flora,34.080325,-118.202766,,bus
bus_2982,Lincoln Park / Broadway,34.074223,-118.202573,,bus
bus_2983,Lincoln Park / Pomona,34.078539,-118.202719,,bus
bus_2984,Foothill / Osborne,34.273235,-118.39338,,bus
bus_2985,Lindero Canyon / Baronsgate,34.143394,-118.808978,,bus
bus_2986,Lindero Canyon / Lakeview Canyon,34.139585,-118.819675,,bus
bus_2987,Lindero Canyon / Middlegate,34.140402,-118.815512,,bus
bus_2988,Lindero Canyon / Rustic Oak,34.14193,-118.811677,,bus
bus_2989,Lindley / Lassen,34.250298,-118.52724,,bus
bus_2994,Santa Anita / Huntington,34.140323,-118.031533,,bus
bus_2995,Long Beach / Martin Luther King Jr,33.937154,-118.213437,,bus
bus_2996,Long Beach / Marcelle,33.886131,-118.206112,,bus
bus_2997,Long Beach Memorial Hospital,33.807522,-118.18921,,bus
bus_3004,Long Beach / Ardmore,33.95874,-118.221987,,bus
bus_3005,Long Beach / Burton,33.915726,-118.209111,,bus
bus_3006,Long Beach / Cedar,33.918366,-118.209289,,bus
bus_3007,Long Beach / 10th,33.779533,-118.18919,,bus
bus_3008,Long Beach / 7th,33.775631,-118.189181,,bus
bus_3009,Long Beach / 8th,33.776972,-118.18921,,bus
bus_3010,Long Beach / Euclid,33.912553,-118.208896,,bus
bus_3011,Florence / Normandie,33.974721,-118.300782,,bus
bus_3012,Hellman / Fremont,34.069516,-118.151279,,bus
bus_3013,Long Beach / Firestone,33.955926,-118.220265,,bus
bus_3019,Long Beach / Imperial,33.930783,-118.211503,,bus
bus_3020,Long Beach / Josephine,33.921133,-118.209471,,bus
bus_3021,Long Beach / Kansas,33.948972,-118.217118,,bus
bus_3022,Long Beach / Liberty,33.961882,-118.223928,,bus
bus_3023,Long Beach / Michigan,33.942523,-118.21509,,bus
bus_3024,Long Beach / Norton,33.933065,-118.212168,,bus
bus_3025,Long Beach / Sanborn,33.928385,-118.210758,,bus
bus_3026,Los Angeles / Temple,34.054231,-118.240223,,bus
bus_3028,Long Beach / Southern,33.952177,-118.218115,,bus
bus_3029,Long Beach / Tenaya,33.939593,-118.214192,,bus
bus_3030,Long Beach / Tweedy,33.945141,-118.215921,,bus
bus_3031,8th / Spence,34.020532,-118.202717,,bus
bus_3032,8th / Spence,34.020456,-118.202017,,bus
bus_3033,5th / Colorado,34.014736,-118.491174,,bus
bus_3035,Empire / Burbank Airport Transit Center,34.192663,-118.351678,,bus
bus_3036,Empire / Burbank Airport Transit Center,34.192869,-118.351646,,bus
bus_3040,Lynwood Station,33.924996,-118.209794,,bus
bus_3042,Long Beach / 3rd,33.770369,-118.189186,,bus
bus_3043,Platt Layover,34.188003,-118.642562,,bus
bus_3045,Los Feliz / Arbolada,34.114911,-118.274605,,bus
bus_3046,Los Feliz / Brunswick,34.124831,-118.265689,,bus
bus_3047,Los Feliz / Glenfeliz,34.123523,-118.268193,,bus
bus_3048,Los Feliz / Griffith Park,34.113666,-118.277062,,bus
bus_3049,Los Feliz / Hillhurst,34.111745,-118.287554,,bus
bus_3051,Los Feliz / Commonwealth,34.112141,-118.285395,,bus
bus_3052,Los Feliz / Vermont,34.110997,-118.291526,,bus
bus_3053,Los Feliz / Revere,34.125985,-118.263502,,bus
bus_3054,Los Feliz / Wayne,34.112948,-118.281024,,bus
bus_3055,Colorado / Los Robles,34.145719,-118.141105,,bus
bus_3056,Los Robles / Maple,34.1523,-118.141291,,bus
bus_3062,Lower Azusa / Arden,34.091554,-118.042447,,bus
bus_3063,Baldwin / Lower Azusa,34.091188,-118.048729,,bus
bus_3064,Lower Azusa / Birchland,34.09103,-118.046043,,bus
bus_3065,Lower Azusa / Daleview,34.092604,-118.032314,,bus
bus_3066,Lower Azusa / El Monte,34.092652,-118.035019,,bus
bus_3067,Lower Azusa / Halifax,34.091953,-118.039749,,bus
bus_3068,Manchester / Loyola,33.959938,-118.417004,,bus
bus_3073,Wilshire / 17th,34.029103,-118.485793,,bus
bus_3075,Magnolia / Laurel Canyon,34.165027,-118.396302,,bus
bus_3076,Magnolia / Tujunga,34.165035,-118.379278,,bus
bus_3077,Magnolia / Bellaire,34.16477,-118.409048,,bus
bus_3078,Magnolia / Cedros,34.164761,-118.453223,,bus
bus_3079,Magnolia / Coldwater Canyon,34.164777,-118.413412,,bus
bus_3080,Magnolia / Colfax,34.16478,-118.387895,,bus
bus_3082,Magnolia / Ethel,34.164774,-118.417772,,bus
bus_3083,Magnolia / Fulton,34.164775,-118.422142,,bus
bus_3084,Magnolia / Hazeltine,34.164768,-118.440126,,bus
bus_3085,Magnolia / Laurelgrove,34.16477,-118.400992,,bus
bus_3086,Laurel Canyon / Magnolia,34.164763,-118.396314,,bus
bus_3087,Magnolia / Lemp,34.164783,-118.384119,,bus
bus_3088,Magnolia / Radford,34.164777,-118.392255,,bus
bus_3089,Magnolia / Ranchito,34.164775,-118.43523,,bus
bus_3090,Magnolia / Sunnyslope,34.164774,-118.427002,,bus
bus_3091,Lankershim / Magnolia,34.164687,-118.374628,,bus
bus_3092,Magnolia / Tyrone,34.164771,-118.444007,,bus
bus_3093,Magnolia / Van Nuys,34.165024,-118.448973,,bus
bus_3094,Magnolia / Whitsett,34.164766,-118.405309,,bus
bus_3095,Magnolia / Woodman,34.165032,-118.43096,,bus
bus_3096,Ventura / Winnetka,34.171189,-118.570691,,bus
bus_3097,Rosecrans / Firestone,33.902241,-118.059794,,bus
bus_3098,Valley / Del Mar,34.079889,-118.099225,,bus
bus_3099,Del Mar / Bencamp,34.078635,-118.099396,,bus
bus_3100,Downtown Inglewood Station,33.968274,-118.350296,,bus
bus_3102,Spring / 2nd,34.051034,-118.246348,,bus
bus_3103,Cesar Chavez Transit Pavilion,34.056416,-118.231639,,bus
bus_3104,Santa Monica / 3rd St Promenade,34.01547,-118.496125,,bus
bus_3105,Main / Brooks,33.992157,-118.474115,,bus
bus_3115,Main / Martin Luther King Jr,34.010864,-118.274154,,bus
bus_3116,Main / Ocean Park,34.002091,-118.483828,,bus
bus_3117,Main / Pico,34.008521,-118.490035,,bus
bus_3119,Main / Sunset,33.994287,-118.476264,,bus
bus_3120,5th / Santa Monica,34.017546,-118.49449,,bus
bus_3121,Main / 16th,34.033659,-118.262347,,bus
bus_3123,Main / Venice,33.987463,-118.470849,,bus
bus_3124,Harbor Beacon Park and Ride,33.745739,-118.280318,,bus
bus_3125,Malibu Canyon / Civic Center,34.038499,-118.702271,,bus
bus_3126,Malibu Canyon / Pacific Coast Highway,34.035465,-118.703275,,bus
bus_3128,Manchester / Kareem,33.959855,-118.34044,,bus
bus_3129,Manchester / Pershing,33.956339,-118.442143,,bus
bus_3130,Manchester / Tuscany,33.957914,-118.438989,,bus
bus_3135,Manchester / Crenshaw,33.959867,-118.326727,,bus
bus_3136,Manchester / Figueroa,33.959964,-118.282931,,bus
bus_3149,Maple / 30th,34.020477,-118.267408,,bus
bus_3150,Maple / 36th,34.015009,-118.270944,,bus
bus_3151,Maple / 38th,34.013344,-118.271998,,bus
bus_3153,Beacon / 1st,33.743645,-118.280311,,bus
bus_3154,Maple / Adams,34.02327,-118.265631,,bus
bus_3155,Maple / Jefferson,34.017351,-118.269407,,bus
bus_3157,Main / Pico,34.008607,-118.489795,,bus
bus_3160,2nd / Broadway,34.013207,-118.495194,,bus
bus_3161,Maple Lot,34.042894,-118.248198,,bus
bus_3162,Marengo / Cornwell,34.055791,-118.205156,,bus
bus_3167,Marengo / Mission,34.060326,-118.214313,,bus
bus_3168,Marengo / Soto,34.054863,-118.203058,,bus
bus_3170,Marengo / State,34.057871,-118.209939,,bus
bus_3173,Marine / Inglewood,33.894748,-118.361704,,bus
bus_3174,Marlton / Martin Luther King Jr,34.012216,-118.338048,,bus
bus_3176,Figueroa / Sycamore Grove Park,34.099583,-118.203807,,bus
bus_3177,Sherman Way / Hayvenhurst,34.201052,-118.492719,,bus
bus_3179,4th / Arizona,34.017923,-118.497015,,bus
bus_3186,Mason / Devonshire,34.257079,-118.579698,,bus
bus_3187,Mason / Lassen,34.249783,-118.579697,,bus
bus_3188,Mason / Marilla,34.24714,-118.579685,,bus
bus_3189,Mason / Mayall,34.253836,-118.579689,,bus
bus_3190,Mason / Plummer,34.243009,-118.579686,,bus
bus_3192,Rosecrans / Purche,33.902068,-118.321143,,bus
bus_3194,Rosecrans / Purche,33.901802,-118.320153,,bus
bus_3195,Sherman Way / Hayvenhurst,34.20144,-118.49275,,bus
bus_3196,Mednik / 1st,34.037468,-118.161704,,bus
bus_3197,Mednik / 3rd,34.033761,-118.161848,,bus
bus_3198,Mednik / Hammel,34.042824,-118.16178,,bus
bus_3200,Imperial / Erickson,33.927888,-118.158967,,bus
bus_3201,Hollywood / Gower,34.101532,-118.321862,,bus
bus_3202,Melrose / Arden,34.083366,-118.326189,,bus
bus_3203,Arden Layover,34.082935,-118.326108,,bus
bus_3205,Melrose / Heliotrope,34.083462,-118.295466,,bus
bus_3206,Melrose / Huntley,34.081861,-118.380525,,bus
bus_3209,Melrose / Crescent Heights,34.083634,-118.366042,,bus
bus_3210,Melrose / Gardner,34.083526,-118.353389,,bus
bus_3211,Melrose / Harper,34.083583,-118.369225,,bus
bus_3212,Melrose / Harvard,34.083422,-118.304756,,bus
bus_3213,Melrose / Highland,34.083344,-118.338243,,bus
bus_3214,Melrose / June,34.08336,-118.334333,,bus
bus_3215,Melrose / La Brea,34.083327,-118.344214,,bus
bus_3216,Melrose / La Cienega,34.081832,-118.376678,,bus
bus_3217,Melrose / Larchmont,34.08337,-118.323828,,bus
bus_3220,Melrose / Martel,34.08348,-118.351275,,bus
bus_3221,Melrose / Normandie,34.083441,-118.300611,,bus
bus_3222,Melrose / Ogden,34.083667,-118.359622,,bus
bus_3224,Melrose / Orlando,34.083279,-118.373421,,bus
bus_3225,Melrose / Poinsettia,34.083427,-118.348812,,bus
bus_3226,Melrose / Spaulding,34.083618,-118.357531,,bus
bus_3227,Melrose / Van Ness,34.083385,-118.315888,,bus
bus_3228,Melrose / Vermont,34.083476,-118.291873,,bus
bus_3229,Melrose / Virgil,34.083474,-118.286992,,bus
bus_3231,Melrose / Wilton,34.083391,-118.313676,,bus
bus_3232,Melrose / Windsor,34.083381,-118.319709,,bus
bus_3233,Melrose / Wilcox,34.083347,-118.331133,,bus
bus_3234,Vignes / Cesar E Chavez,34.056795,-118.23169,,bus
bus_3235,Mercury / Galena,34.085826,-118.19124,,bus
bus_3236,Mercury / Huntington,34.08583,-118.188836,,bus
bus_3237,Mercury / Reynolds,34.084876,-118.195977,,bus
bus_3239,Century Park West / Santa Monica,34.059077,-118.421112,,bus
bus_3247,Mindanao / Marina,33.983086,-118.437864,,bus
bus_3248,Mindanao / Lincoln,33.98067,-118.438742,,bus
bus_3249,Mindanao / Admiralty,33.979903,-118.439715,,bus
bus_3250,Mindanao / Alla,33.987878,-118.433364,,bus
bus_3251,Mindanao / Glencoe,33.985372,-118.43722,,bus
bus_3252,San Fernando / Lockheed,34.208176,-118.35276,,bus
bus_3253,San Fernando / Lockheed,34.20827,-118.353458,,bus
bus_3255,Fair Oaks / Mission,34.11613,-118.150177,,bus
bus_3257,Mission / Main,34.066061,-118.205756,,bus
bus_3263,8th / Main,34.042656,-118.252903,,bus
bus_3264,Mission / Cesar E Chavez,34.054467,-118.225087,,bus
bus_3265,Mission / Valley,34.065565,-118.206808,,bus
bus_3266,Mission / Adelaine,34.115586,-118.162628,,bus
bus_3267,Mission / Fremont,34.115662,-118.153278,,bus
bus_3269,Mission / Meridian,34.115618,-118.157543,,bus
bus_3270,Mission / Orange Grove,34.115594,-118.160728,,bus
bus_3273,Imperial / Mona,33.929175,-118.230892,,bus
bus_3274,Mona / Industry,33.926438,-118.229598,,bus
bus_3275,Montana / Veteran,34.070268,-118.455178,,bus
bus_3277,Montana / Bentley,34.068997,-118.459747,,bus
bus_3278,Montana / Sepulveda,34.067435,-118.460914,,bus
bus_3279,The Shops At Montebello Layover,34.034472,-118.084382,,bus
bus_3285,Chandler / Vineland,34.168023,-118.370591,,bus
bus_3286,Chandler / Vineland,34.168227,-118.37059,,bus
bus_3287,Centinela / La Tijera,33.977189,-118.372115,,bus
bus_3296,The Shops At Montebello,34.034557,-118.085039,,bus
bus_3299,The Shops At Montebello / Kaiser Permanente,34.036401,-118.088876,,bus
bus_3300,Union Station Patsaouras Bus Plaza,34.053972,-118.232222,,bus
bus_3301,Union Station Patsaouras Bus Plaza,34.053943,-118.232454,,bus
bus_3308,Montrose / Rosemont,34.213025,-118.235007,,bus
bus_3309,Montrose / Briggs,34.211198,-118.231949,,bus
bus_3310,Montrose / La Crescenta,34.215992,-118.239759,,bus
bus_3311,Montrose / Ocean View,34.209384,-118.227773,,bus
bus_3312,Montrose / Pennsylvania,34.221382,-118.248497,,bus
bus_3313,Montrose / Ramsdell,34.21869,-118.24411,,bus
bus_3314,Montrose / Florencita,34.206642,-118.224849,,bus
bus_3315,Marlton / Thrive,34.010983,-118.339173,,bus
bus_3316,Woodman / Moorpark,34.150637,-118.431385,,bus
bus_3318,Mulholland / Calabasas,34.158416,-118.636312,,bus
bus_3320,Mulholland / Flamingo,34.149739,-118.620278,,bus
bus_3321,Mulholland / Mulholland,34.149205,-118.61172,,bus
bus_3323,Mulholland / Topanga Canyon,34.151067,-118.604876,,bus
bus_3324,Mulholland / Valmar,34.15244,-118.630383,,bus
bus_3325,Mulholland / Willens,34.151338,-118.626765,,bus
bus_3326,1st / Cypress,34.183274,-118.314768,,bus
bus_3327,La Mission College Layover,34.30665,-118.412983,,bus
bus_3328,1st / Orange Grove,34.180111,-118.310418,,bus
bus_3329,Huntington / Soto,34.077569,-118.19383,,bus
bus_3330,Glendale / Cerritos,34.125898,-118.253012,,bus
bus_3331,Alameda / Arcadia,34.054888,-118.237544,,bus
bus_3332,Alameda / Los Angeles,34.056557,-118.237206,,bus
bus_3334,Allen / Brigden,34.166327,-118.112918,,bus
bus_3335,Allen / Casa Grande,34.163527,-118.112957,,bus
bus_3337,Allen / Mountain,34.162071,-118.112972,,bus
bus_3338,Allen / Orange Grove,34.158169,-118.11302,,bus
bus_3340,Allen / Walnut,34.14984,-118.113012,,bus
bus_3341,Allen / Layton,34.172752,-118.112653,,bus
bus_3342,Allen / Loma Vista,34.160702,-118.11299,,bus
bus_3345,Allen / Monte Vista,34.156215,-118.113014,,bus
bus_3346,Allen / Oakwood,34.175113,-118.112355,,bus
bus_3355,Canada / Glorietta,34.186345,-118.229224,,bus
bus_3357,Alvarado / Beverly,34.066451,-118.270275,,bus
bus_3358,Alvarado / Hollywood Fwy,34.071787,-118.266885,,bus
bus_3359,Alvarado / Kent,34.074489,-118.265213,,bus
bus_3360,Alvarado / Montana,34.080352,-118.261625,,bus
bus_3361,Alvarado / Temple,34.070045,-118.267999,,bus
bus_3362,Alvarado / Sunset,34.077928,-118.263113,,bus
bus_3363,Canada / Del Valle,34.18404,-118.229202,,bus
bus_3365,Atlantic / 2nd,34.102258,-118.134528,,bus
bus_3367,Canada / Opechee,34.180564,-118.229169,,bus
bus_3368,Canada / Wabasso,34.178258,-118.229142,,bus
bus_3369,Atlantic / Alhambra,34.098625,-118.134515,,bus
bus_3370,Atlantic / Emerson,34.066399,-118.13416,,bus
bus_3371,Atlantic / Hellman,34.068932,-118.134223,,bus
bus_3373,Atlantic / Woodward,34.094492,-118.134495,,bus
bus_3374,Avalon / 246th,33.802644,-118.263807,,bus
bus_3375,Avalon / Lomita,33.798985,-118.263756,,bus
bus_3376,Olympic / Mirasol,34.018945,-118.199661,,bus
bus_3378,Avalon / Pacific Coast Highway,33.791451,-118.263173,,bus
bus_3381,Anaheim / Avalon,33.779877,-118.262087,,bus
bus_3382,Anaheim / Avalon,33.780121,-118.262219,,bus
bus_3383,5th / Colorado,34.014681,-118.491359,,bus
bus_3386,Avalon / L,33.78699,-118.262833,,bus
bus_3387,Avalon / M,33.789124,-118.262994,,bus
bus_3388,Avalon / Opp,33.782745,-118.262504,,bus
bus_3389,Avalon / Sandison,33.7936,-118.263344,,bus
bus_3394,Baldwin / Arboretum,34.143029,-118.051139,,bus
bus_3395,Baldwin / Sierra Madre,34.161639,-118.052819,,bus
bus_3396,Baldwin / Colorado,34.14806,-118.050395,,bus
bus_3401,Brand / Harvard,34.1447,-118.254836,,bus
bus_3402,Brand / Broadway,34.146563,-118.254839,,bus
bus_3404,Century City Terminal,34.062083,-118.417161,,bus
bus_3407,Brand / Wilson,34.148363,-118.254838,,bus
bus_3408,Brand / Milford,34.153224,-118.254882,,bus
bus_3409,Firestone / Rayo,33.95045,-118.176143,,bus
bus_3411,Broadway / Alpine,34.062155,-118.238222,,bus
bus_3413,Broadway / Bernard,34.066674,-118.235752,,bus
bus_3414,Broadway / Bishops,34.068657,-118.233357,,bus
bus_3416,Broadway / Chinatown,34.065084,-118.236725,,bus
bus_3417,Broadway / Daly,34.073513,-118.21538,,bus
bus_3418,Broadway / Eastlake,34.073623,-118.207944,,bus
bus_3420,Broadway / Griffin,34.073566,-118.211874,,bus
bus_3421,Broadway / Ord,34.060169,-118.23923,,bus
bus_3423,Broadway / Avenue 18,34.071664,-118.222917,,bus
bus_3424,Broadway / Avenue 20,34.072455,-118.220205,,bus
bus_3425,Eldridge / Hubbard,34.315121,-118.4212,,bus
bus_3426,Broadway / Solano,34.070826,-118.230143,,bus
bus_3427,Broadway / Thomas,34.073638,-118.205372,,bus
bus_3429,Broadway / College,34.063852,-118.237371,,bus
bus_3432,Cahuenga / Iris,34.110363,-118.331524,,bus
bus_3433,Eldridge / Hubbard,34.315221,-118.421068,,bus
bus_3437,Central / 139th,33.906079,-118.254358,,bus
bus_3438,Central / Compton,33.896072,-118.251718,,bus
bus_3439,Eldridge / Pasha,34.313529,-118.419348,,bus
bus_3440,Central / Rosecrans,33.902061,-118.253136,,bus
bus_3441,Central / 131st,33.91315,-118.254297,,bus
bus_3442,Central / Brazil,33.898516,-118.252299,,bus
bus_3443,Eldridge / Pasha,34.313238,-118.418758,,bus
bus_3444,Central / Piru,33.908462,-118.254352,,bus
bus_3446,Eldridge / Harding,34.308742,-118.41379,,bus
bus_3451,Eastern / City Terrace,34.05786,-118.172021,,bus
bus_3452,Eastern / City Terrace,34.05781,-118.172321,,bus
bus_3453,Eastern / Converse,34.082692,-118.177917,,bus
bus_3454,Eldridge / Harding,34.308643,-118.413922,,bus
bus_3455,Eastern / Ramona,34.059367,-118.172638,,bus
bus_3465,Fair Oaks / Holly,34.147942,-118.150383,,bus
bus_3466,Fair Oaks / Villa,34.154385,-118.150384,,bus
bus_3467,Fair Oaks / Walnut,34.149401,-118.150379,,bus
bus_3469,Fair Oaks / Mariposa,34.19207,-118.148329,,bus
bus_3470,Fair Oaks / Orange Grove,34.158051,-118.150427,,bus
bus_3474,Fair Oaks / Harriet,34.190126,-118.149239,,bus
bus_3475,Fair Oaks / Howard,34.172804,-118.150547,,bus
bus_3476,Fair Oaks / Las Flores,34.199015,-118.145157,,bus
bus_3477,Fair Oaks / Loma Alta,34.202841,-118.143665,,bus
bus_3478,Avalon / Colony Cove,33.869628,-118.265977,,bus
bus_3480,Fair Oaks / Mendocino,34.190969,-118.149174,,bus
bus_3481,Fair Oaks / Montana,34.181182,-118.150631,,bus
bus_3482,Fair Oaks / Mountain,34.161622,-118.150464,,bus
bus_3483,Fair Oaks / Mountain View,34.186598,-118.150671,,bus
bus_3485,Fair Oaks / Tremont,34.178242,-118.150599,,bus
bus_3486,Fair Oaks / Holly,34.147798,-118.150683,,bus
bus_3488,Fair Oaks / Washington,34.168567,-118.150817,,bus
bus_3490,Raymond / Green,34.144371,-118.148961,,bus
bus_3491,Fairfax / Beverly,34.07635,-118.361298,,bus
bus_3492,Fairfax / Fountain,34.094744,-118.36138,,bus
bus_3493,Fairfax / Hollywood,34.10121,-118.361405,,bus
bus_3494,Fairfax / Melrose,34.08364,-118.361289,,bus
bus_3495,Fairfax / Oakwood,34.078493,-118.361277,,bus
bus_3496,Fairfax / Rosewood,34.080458,-118.361289,,bus
bus_3497,Fairfax / Santa Monica,34.091109,-118.361318,,bus
bus_3498,Fairfax / 1st,34.074176,-118.361262,,bus
bus_3499,Fairfax / Sunset,34.097918,-118.361384,,bus
bus_3501,Figueroa / Amabel,34.088335,-118.215686,,bus
bus_3502,Figueroa / Annan,34.129154,-118.187721,,bus
bus_3504,Figueroa / Buena Vista,34.132013,-118.189036,,bus
bus_3505,Figueroa / Burwood,34.126615,-118.186546,,bus
bus_3506,Figueroa / Cypress,34.086238,-118.219059,,bus
bus_3507,Figueroa / Diamond,34.058301,-118.251183,,bus
bus_3508,Figueroa / Avenue 41,34.092673,-118.209788,,bus
bus_3509,Del Mar / Los Robles,34.140485,-118.141027,,bus
bus_3510,Figueroa / Avenue 43,34.094266,-118.208491,,bus
bus_3511,Figueroa / Avenue 45,34.095769,-118.207282,,bus
bus_3512,Figueroa / Avenue 50,34.104972,-118.201855,,bus
bus_3515,Figueroa / Lanark,34.134461,-118.189227,,bus
bus_3517,Figueroa / Meridian,34.120032,-118.183537,,bus
bus_3521,Figueroa / Avenue 49,34.10216,-118.202915,,bus
bus_3523,Figueroa / Avenue 52,34.106103,-118.199565,,bus
bus_3524,Figueroa / Avenue 54,34.107241,-118.197265,,bus
bus_3526,Figueroa / Avenue 57,34.109469,-118.192741,,bus
bus_3527,Figueroa / Avenue 59,34.110299,-118.191055,,bus
bus_3528,Figueroa / Avenue 60,34.11141,-118.188794,,bus
bus_3530,Figueroa / Springvale,34.123462,-118.185095,,bus
bus_3531,Olympic / Main,34.040189,-118.256598,,bus
bus_3532,Figueroa / Avenue 28,34.084679,-118.221093,,bus
bus_3534,Figueroa / Avenue 26,34.084064,-118.222343,,bus
bus_3538,Figueroa / Temple,34.059586,-118.248657,,bus
bus_3539,Figueroa / Woodside,34.098194,-118.20496,,bus
bus_3540,Figueroa / York,34.115225,-118.184409,,bus
bus_3542,Fremont / Alhambra,34.098431,-118.151992,,bus
bus_3543,Fremont / Main,34.094939,-118.151916,,bus
bus_3548,Gaffey / Westmont,33.764209,-118.293296,,bus
bus_3549,Gage / Blanchard,34.045616,-118.184747,,bus
bus_3550,1st / Gage,34.036102,-118.184849,,bus
bus_3552,Gage / Harris,34.049045,-118.184765,,bus
bus_3554,Riverside / Gentry,34.157734,-118.392923,,bus
bus_3557,Brand / Glenoaks,34.159016,-118.255217,,bus
bus_3563,Atlantic / Garfield,34.105066,-118.134849,,bus
bus_3565,Wilshire / Veteran,34.057777,-118.4483,,bus
bus_3567,Burbank Airport North,34.205883,-118.349381,,bus
bus_3569,Glendale / Broadway,34.146563,-118.246913,,bus
bus_3570,Glendale / California,34.149797,-118.245601,,bus
bus_3571,Glendale / Doran,34.153349,-118.243579,,bus
bus_3572,Glendale / Glenoaks,34.158951,-118.239575,,bus
bus_3573,Glendale / Lexington,34.151979,-118.24445,,bus
bus_3575,Glendale / Monterey,34.156395,-118.241601,,bus
bus_3576,Glendale / Verdugo,34.16101,-118.236537,,bus
bus_3577,Glenoaks / Eton,34.19665,-118.324429,,bus
bus_3578,Glenoaks / Andover,34.194054,-118.320818,,bus
bus_3579,Glenoaks / Bethany,34.191617,-118.317534,,bus
bus_3580,Glenoaks / Cypress,34.187058,-118.311271,,bus
bus_3581,Glenoaks / Magnolia,34.185379,-118.309429,,bus
bus_3582,Glenoaks / Fairmount,34.189227,-118.314255,,bus
bus_3583,Glenoaks / Irving,34.199059,-118.327765,,bus
bus_3584,Glenoaks / Buena Vista,34.204965,-118.337433,,bus
bus_3585,Glenoaks / Keystone,34.202591,-118.333206,,bus
bus_3586,Glenoaks / Parish,34.201256,-118.331061,,bus
bus_3587,Temple / Grand,34.057114,-118.245438,,bus
bus_3588,Griffin / Avenue 26,34.076669,-118.2117,,bus
bus_3589,Foothill / Halstead,34.15001,-118.079058,,bus
bus_3592,Burbank / Canoga,34.173196,-118.596939,,bus
bus_3594,Warner Center / Burbank,34.173727,-118.591311,,bus
bus_3601,Highland / Fountain,34.094601,-118.338464,,bus
bus_3602,Highland / Franklin,34.103957,-118.33871,,bus
bus_3603,Owensmouth / Canyon Creek,34.190075,-118.601385,,bus
bus_3604,Owensmouth / Canyon Creek,34.190049,-118.601735,,bus
bus_3605,Burbank / Warner Ranch,34.173404,-118.595231,,bus
bus_3607,Highland / Milner,34.107993,-118.337041,,bus
bus_3610,Highland / Sunset,34.097783,-118.338496,,bus
bus_3611,Hill / Alpine,34.062537,-118.239514,,bus
bus_3612,Hill / Ord,34.060969,-118.240249,,bus
bus_3614,Owensmouth / Victory,34.188156,-118.601404,,bus
bus_3615,Canoga / Vanowen,34.193361,-118.597631,,bus
bus_3616,Hill / College,34.064267,-118.238644,,bus
bus_3617,Gage / Hoover,33.982236,-118.286564,,bus
bus_3619,Imperial / Smallwood,33.925771,-118.155014,,bus
bus_3620,Lankershim / Erwin,34.182757,-118.38554,,bus
bus_3621,Burbank Airport North,34.205204,-118.349208,,bus
bus_3622,Hollywood Way / Oak,34.157663,-118.342173,,bus
bus_3623,Hollywood Way / Pacific,34.188494,-118.349201,,bus
bus_3624,Riverside / Hollywood Way,34.152814,-118.339929,,bus
bus_3625,Hollywood Way / Thornton,34.196461,-118.348731,,bus
bus_3627,Hollywood Way / Valhalla,34.189939,-118.349174,,bus
bus_3629,Burbank / Hollywood Way,34.175236,-118.349013,,bus
bus_3630,Hollywood Way / Jeffries,34.181239,-118.349342,,bus
bus_3631,Hollywood Way / Winona,34.199478,-118.348982,,bus
bus_3632,Hoover / Bellevue,34.080836,-118.284552,,bus
bus_3634,Figueroa / Jefferson,34.022235,-118.279609,,bus
bus_3636,La Brea / Beverly,34.075934,-118.343896,,bus
bus_3637,Figueroa / Adams,34.027979,-118.276293,,bus
bus_3638,La Brea / Florence,33.965264,-118.353227,,bus
bus_3640,La Brea / Fountain,34.094152,-118.343935,,bus
bus_3641,La Brea / Hawthorn,34.100643,-118.344639,,bus
bus_3642,La Brea / Melrose,34.083246,-118.343893,,bus
bus_3643,La Brea / Oakwood,34.07808,-118.343895,,bus
bus_3644,La Brea / Rosewood,34.080072,-118.343897,,bus
bus_3645,La Brea / Santa Monica,34.090527,-118.343927,,bus
bus_3646,La Brea / 64th,33.980892,-118.358184,,bus
bus_3647,La Brea / Beach,33.966659,-118.353447,,bus
bus_3649,La Brea / Hazel,33.968791,-118.355418,,bus
bus_3650,La Brea / Hyde Park,33.971585,-118.35735,,bus
bus_3651,La Brea / Sunset,34.097784,-118.343963,,bus
bus_3652,La Brea / Willoughby,34.086884,-118.343912,,bus
bus_3653,La Cienega / Beverly,34.076345,-118.376448,,bus
bus_3654,La Cienega / Colgate,34.070582,-118.376528,,bus
bus_3655,La Cienega / Melrose,34.081808,-118.376371,,bus
bus_3656,La Cienega / Rosewood,34.080063,-118.376396,,bus
bus_3657,La Cienega / Santa Monica,34.089203,-118.376192,,bus
bus_3658,La Cienega / Waring,34.085196,-118.376323,,bus
bus_3660,Lake / Belvidere,34.164035,-118.132333,,bus
bus_3662,Lake / Calaveras,34.183645,-118.131438,,bus
bus_3663,Lake / Claremont,34.167094,-118.132189,,bus
bus_3664,Colorado / Lake,34.146022,-118.132628,,bus
bus_3665,Lake / Colorado,34.145649,-118.132482,,bus
bus_3667,Lake Station,34.152206,-118.132198,,bus
bus_3668,Lake / Mendocino,34.185623,-118.131355,,bus
bus_3669,Lake / Mountain,34.161298,-118.132329,,bus
bus_3670,Lake / Orange Grove,34.157962,-118.132327,,bus
bus_3671,Lake / Union,34.147933,-118.132185,,bus
bus_3672,Lake / Villa,34.154143,-118.132244,,bus
bus_3673,Lake / Walnut,34.149774,-118.132195,,bus
bus_3674,Flower / 7th,34.048546,-118.259061,,bus
bus_3675,Lake / Woodbury,34.177308,-118.131719,,bus
bus_3676,Lake / Elizabeth,34.173475,-118.131895,,bus
bus_3677,Lake / Morada,34.180119,-118.131598,,bus
bus_3679,Lake / Rio Grande,34.170801,-118.132016,,bus
bus_3681,Lincoln / Alberta,34.185807,-118.159547,,bus
bus_3682,Lincoln / Figueroa,34.187365,-118.159564,,bus
bus_3683,Lincoln / Mountain View,34.189555,-118.158979,,bus
bus_3684,Lincoln / Ventura,34.190861,-118.158565,,bus
bus_3685,Lincoln / Woodbury,34.182811,-118.159525,,bus
bus_3691,Central / Washington,34.0246,-118.250167,,bus
bus_3692,Figueroa / 30th,34.025233,-118.277688,,bus
bus_3696,Central / Vernon,34.003439,-118.256633,,bus
bus_3698,Long Beach / 3rd,33.770234,-118.189557,,bus
bus_3700,Central / Florence,33.975048,-118.256579,,bus
bus_3703,Imperial / Central,33.929343,-118.253901,,bus
bus_3705,Central / 103rd,33.943597,-118.253902,,bus
bus_3706,Long Beach / 67th,33.877137,-118.203434,,bus
bus_3707,Long Beach / 69th,33.879598,-118.204129,,bus
bus_3708,Division 13 Layover,34.056702,-118.230819,,bus
bus_3709,Long Beach / Anaheim,33.782883,-118.189174,,bus
bus_3710,Artesia / Long Beach,33.874417,-118.203049,,bus
bus_3711,Long Beach / Artesia,33.874588,-118.202654,,bus
bus_3712,Long Beach / Barclay,33.867505,-118.200532,,bus
bus_3713,Long Beach / Bixby,33.827007,-118.189165,,bus
bus_3714,Olive View UCC,34.323987,-118.453065,,bus
bus_3715,Olive View UCC,34.32419,-118.453089,,bus
bus_3716,Central / 6th,34.038656,-118.240145,,bus
bus_3718,Long Beach / Compton,33.896317,-118.20784,,bus
bus_3719,Long Beach / Dayman,33.790645,-118.189185,,bus
bus_3720,Long Beach / Del Amo,33.847031,-118.193781,,bus
bus_3723,Long Beach / Elm,33.899972,-118.208001,,bus
bus_3724,Long Beach / Ezmirlian,33.90631,-118.208501,,bus
bus_3726,Long Beach / Hill,33.797416,-118.189164,,bus
bus_3727,Long Beach / Market,33.854583,-118.196532,,bus
bus_3729,Long Beach / Palmer,33.898211,-118.207947,,bus
bus_3730,Long Beach / Pine,33.910464,-118.208759,,bus
bus_3731,Florence / Central,33.974646,-118.255839,,bus
bus_3733,Long Beach / Rosecrans,33.903744,-118.208317,,bus
bus_3735,Canoga / Victory,34.188071,-118.597326,,bus
bus_3736,Long Beach / San Antonio,33.83483,-118.189288,,bus
bus_3737,Canoga / Victory,34.188072,-118.597637,,bus
bus_3740,Long Beach / Wardlow,33.819198,-118.189148,,bus
bus_3741,Paramount / Alondra,33.889411,-118.159923,,bus
bus_3743,Long Beach / Willow,33.804645,-118.189062,,bus
bus_3744,Los Angeles / 1st,34.051697,-118.242117,,bus
bus_3745,Los Angeles / Temple,34.053599,-118.240594,,bus
bus_3748,Los Robles / Buckeye,34.160018,-118.141387,,bus
bus_3749,3rd / Lucas,34.058125,-118.261518,,bus
bus_3750,Los Robles / Claremont,34.167141,-118.141449,,bus
bus_3752,Los Robles / Colorado,34.146112,-118.141274,,bus
bus_3756,Los Robles / Mountain,34.161807,-118.141403,,bus
bus_3757,Los Robles / Villa,34.154067,-118.141327,,bus
bus_3758,Los Robles / Orange Grove,34.158089,-118.141377,,bus
bus_3759,Los Robles / Union,34.147499,-118.14127,,bus
bus_3760,Los Robles / Walnut,34.149813,-118.141281,,bus
bus_3764,Los Robles / Jackson,34.16389,-118.141427,,bus
bus_3766,Maclay / 4th,34.286598,-118.43656,,bus
bus_3767,Maclay / 5th,34.288725,-118.433655,,bus
bus_3768,Maclay / Glenoaks,34.291116,-118.430363,,bus
bus_3769,Magnolia / La Palma,33.847281,-117.975942,,bus
bus_3770,Magnolia / Woodland,33.849627,-117.975974,,bus
bus_3771,Main / Daly,34.065864,-118.215093,,bus
bus_3772,Broadway / San Fernando,34.146892,-118.27095,,bus
bus_3773,Main / Ann,34.064616,-118.231345,,bus
bus_3776,Main / Griffin,34.065893,-118.21122,,bus
bus_3778,Main / Lamar,34.066974,-118.222558,,bus
bus_3779,Main / Leroy,34.06559,-118.22962,,bus
bus_3780,Main / Vignes,34.061097,-118.235218,,bus
bus_3782,Main / Avenue 20,34.065822,-118.218276,,bus
bus_3784,Main / Temple,34.054147,-118.241375,,bus
bus_3785,Main / Wilhardt,34.067637,-118.225324,,bus
bus_3796,Fletcher / Estara,34.11799,-118.24153,,bus
bus_3798,Mission / Baldwin,34.070547,-118.198684,,bus
bus_3800,Mission / Zonal,34.062581,-118.211288,,bus
bus_3801,Mission / Lincoln Park,34.067669,-118.202346,,bus
bus_3802,Broadway / San Fernando,34.14663,-118.271446,,bus
bus_3803,Mission / Broadway,34.073617,-118.196529,,bus
bus_3804,740 Mission,34.056418,-118.220338,,bus
bus_3807,Normandie / Beverly,34.076075,-118.300274,,bus
bus_3808,Normandie / Fountain,34.095068,-118.300379,,bus
bus_3809,Normandie / Hollywood,34.101544,-118.300415,,bus
bus_3810,Normandie / Maplewood,34.080545,-118.30032,,bus
bus_3811,Normandie / Melrose,34.083348,-118.300327,,bus
bus_3812,Normandie / Romaine,34.088407,-118.300351,,bus
bus_3813,Normandie / Rosewood,34.078891,-118.300304,,bus
bus_3814,Normandie / Santa Monica,34.090611,-118.300359,,bus
bus_3815,Normandie / Sunset,34.097909,-118.300392,,bus
bus_3820,Pacific / Front,33.751154,-118.287415,,bus
bus_3821,Pacific / 1st,33.743138,-118.28773,,bus
bus_3825,Pacific / O'Farrell,33.745892,-118.287713,,bus
bus_3826,Pacific / Upland,33.749498,-118.28734,,bus
bus_3827,Paramount / 63rd,33.869039,-118.159781,,bus
bus_3828,Paramount / 68th,33.878461,-118.159839,,bus
bus_3830,Paramount / Artesia,33.874905,-118.159829,,bus
bus_3831,Paramount / South,33.860012,-118.159725,,bus
bus_3832,Pioneer / 207th,33.842265,-118.081745,,bus
bus_3833,Pioneer / Centralia,33.838547,-118.082008,,bus
bus_3834,Pioneer / 215th,33.834387,-118.081964,,bus
bus_3843,Robertson / Clifton,34.069543,-118.383583,,bus
bus_3845,Rosemead / Arcadia,34.126327,-118.072949,,bus
bus_3846,Rosemead / Ardendale,34.119872,-118.072663,,bus
bus_3848,Rosemead / Colorado,34.146573,-118.073225,,bus
bus_3849,Rosemead / Duarte,34.122859,-118.072765,,bus
bus_3850,Rosemead / Fairview,34.12758,-118.072964,,bus
bus_3851,Rosemead / Greenwood,34.124843,-118.072905,,bus
bus_3852,Rosemead / Fern,34.059201,-118.064445,,bus
bus_3854,Rosemead / Klingerman,34.055583,-118.064443,,bus
bus_3855,Rosemead / Longden,34.113818,-118.073467,,bus
bus_3857,Rossmore / Beverly,34.076445,-118.327004,,bus
bus_3859,Rossmore / Rosewood,34.07881,-118.327122,,bus
bus_3863,Ventura / Aura,34.172827,-118.554714,,bus
bus_3865,San Fernando / Amherst,34.189965,-118.320934,,bus
bus_3866,San Fernando / Delaware,34.188254,-118.3186,,bus
bus_3867,San Fernando / Burbank,34.186222,-118.315877,,bus
bus_3868,San Fernando / Grismer,34.191726,-118.325101,,bus
bus_3871,San Fernando / Division,34.102194,-118.236879,,bus
bus_3872,Ventura / Jumilla,34.17234,-118.56392,,bus
bus_3873,San Fernando / Edward,34.110793,-118.243187,,bus
bus_3875,Fletcher / San Fernando,34.115055,-118.24577,,bus
bus_3877,San Fernando / Glendale Fwy,34.11282,-118.243596,,bus
bus_3879,San Fernando / Hallett,34.108354,-118.241333,,bus
bus_3882,San Fernando / Macon,34.100263,-118.235272,,bus
bus_3885,San Fernando / Treadwell,34.119347,-118.250087,,bus
bus_3886,San Fernando / Verdugo,34.104659,-118.238221,,bus
bus_3887,San Gabriel / Duarte,34.119728,-118.091112,,bus
bus_3888,San Gabriel / Colorado,34.146407,-118.094433,,bus
bus_3890,San Gabriel / Hermosa,34.106107,-118.090882,,bus
bus_3891,San Gabriel / Las Tunas,34.103678,-118.090853,,bus
bus_3892,San Gabriel / Longden,34.113339,-118.091009,,bus
bus_3893,San Gabriel / Garibaldi,34.110344,-118.090953,,bus
bus_3894,San Gabriel / Walnut,34.147877,-118.094431,,bus
bus_3895,San Gabriel / Huntington,34.127287,-118.091031,,bus
bus_3897,San Gabriel / Sheffield,34.116966,-118.091063,,bus
bus_3902,San Vicente / Santa Monica,34.085273,-118.384174,,bus
bus_3913,Santa Fe / Elm,33.900908,-118.216228,,bus
bus_3916,Santa Fe / Palmer,33.898471,-118.216057,,bus
bus_3918,Santa Fe / Rosecrans,33.903112,-118.216396,,bus
bus_3928,Soto / Sheridan,34.049739,-118.205736,,bus
bus_3931,Spring / Cesar E Chavez,34.057507,-118.240081,,bus
bus_3934,Spring / Temple,34.055274,-118.242378,,bus
bus_3935,Spring / Temple,34.054699,-118.242704,,bus
bus_3937,Temple / Spring,34.054916,-118.242843,,bus
bus_3947,Temple / Rosemont,34.071082,-118.270888,,bus
bus_3950,Verdugo / Broadway,34.14598,-118.234795,,bus
bus_3956,Foothill / Fernglen,34.252231,-118.294276,,bus
bus_3958,Vermont / Ambrose,34.109809,-118.291638,,bus
bus_3960,Vermont / Clinton,34.082059,-118.291557,,bus
bus_3961,Vermont / Hollywood - South,34.09929,-118.291918,,bus
bus_3962,Vermont / Finley,34.107553,-118.291636,,bus
bus_3963,Vermont / Fountain,34.095433,-118.291597,,bus
bus_3964,Vermont / Franklin,34.105267,-118.291628,,bus
bus_3968,Vermont / Lexington,34.093317,-118.29159,,bus
bus_3969,Vermont / Lockwood,34.088887,-118.291882,,bus
bus_3970,Vermont / Melrose,34.083795,-118.291861,,bus
bus_3971,Vermont / Monroe,34.085518,-118.291563,,bus
bus_3974,Vermont / Rosewood,34.078913,-118.291543,,bus
bus_3976,Vermont / Sunset,34.098433,-118.291608,,bus
bus_3985,Western / Beverly,34.076055,-118.308982,,bus
bus_3986,Western / Elmwood,34.078438,-118.308998,,bus
bus_3987,Western / Fountain,34.09476,-118.309064,,bus
bus_3988,Western / Lemon Grove,34.086827,-118.308989,,bus
bus_3990,Western / Maplewood,34.079757,-118.308993,,bus
bus_3992,Western / Melrose,34.083906,-118.308978,,bus
bus_3993,Western / Romaine,34.088778,-118.308999,,bus
bus_3995,Western / Santa Monica,34.091388,-118.309012,,bus
bus_3997,Elm / Willowbrook,33.900746,-118.224002,,bus
bus_4000,Willowbrook / Rosecrans,33.903119,-118.224203,,bus
bus_4006,National / Venice,34.029728,-118.388401,,bus
bus_4007,New / Newby,34.081725,-118.108161,,bus
bus_4018,Nordhoff / Shirley,34.235591,-118.557785,,bus
bus_4019,Nordhoff / Amestoy,34.235913,-118.507228,,bus
bus_4020,Balboa / Nordhoff,34.236029,-118.502382,,bus
bus_4021,Nordhoff / Burnet,34.235634,-118.463537,,bus
bus_4022,Nordhoff / Canoga,34.235331,-118.597837,,bus
bus_4023,Nordhoff / Cedros,34.235566,-118.453392,,bus
bus_4024,Nordhoff / De Soto,34.235592,-118.588862,,bus
bus_4025,Nordhoff / Encino,34.235966,-118.51546,,bus
bus_4026,Nordhoff / Etiwanda,34.235614,-118.532034,,bus
bus_4027,Nordhoff / Eton,34.235591,-118.594285,,bus
bus_4028,Nordhoff / Gloria,34.235738,-118.480547,,bus
bus_4029,Nordhoff / Haskell,34.235721,-118.476659,,bus
bus_4030,Nordhoff / Hayvenhurst,34.235829,-118.493633,,bus
bus_4031,Nordhoff / Kester,34.235593,-118.457134,,bus
bus_4032,Nordhoff / Lindley,34.235377,-118.52702,,bus
bus_4033,Nordhoff / Louise,34.235941,-118.511589,,bus
bus_4034,Nordhoff / Lurline,34.235608,-118.584045,,bus
bus_4035,Nordhoff / Mason,34.231969,-118.580126,,bus
bus_4036,Nordhoff / Noble,34.23562,-118.460877,,bus
bus_4037,Nordhoff / Oakdale,34.231982,-118.566902,,bus
bus_4038,Nordhoff / Oso,34.23197,-118.575279,,bus
bus_4040,Nordhoff / Petit,34.235855,-118.497987,,bus
bus_4041,Nordhoff / Reseda,34.235372,-118.535755,,bus
bus_4042,Nordhoff / Gothic,34.2358,-118.489785,,bus
bus_4043,Nordhoff / Orion,34.235689,-118.472887,,bus
bus_4044,Nordhoff / Sepulveda,34.235442,-118.467205,,bus
bus_4045,Nordhoff / Sylmar,34.235521,-118.446117,,bus
bus_4046,Nordhoff / Van Nuys,34.235296,-118.450496,,bus
bus_4047,Nordhoff / Vanalden,34.235368,-118.548847,,bus
bus_4048,Nordhoff / White Oak,34.236005,-118.519861,,bus
bus_4049,Nordhoff / Wilbur,34.235382,-118.544496,,bus
bus_4050,Nordhoff / Winnetka,34.231717,-118.570715,,bus
bus_4051,Nordhoff / Woodley,34.235769,-118.485381,,bus
bus_4052,Nordhoff / Woodman,34.235444,-118.44023,,bus
bus_4053,Nordhoff / Yolanda,34.235628,-118.54061,,bus
bus_4054,Nordhoff / Zelzah,34.235805,-118.523489,,bus
bus_4055,Normandie / Imperial,33.93124,-118.300164,,bus
bus_4056,Normandie / 1st,34.073049,-118.30026,,bus
bus_4057,Normandie / Martin Luther King Jr,34.010646,-118.300046,,bus
bus_4058,Normandie / Monroe,34.085453,-118.300334,,bus
bus_4059,Normandie / 48th,33.999976,-118.300051,,bus
bus_4060,Normandie / 108th,33.938022,-118.300185,,bus
bus_4066,Norwalk / Civic Center,33.914405,-118.072406,,bus
bus_4067,Norwalk / Imperial,33.916853,-118.072741,,bus
bus_4071,Edgeware / Boston,34.067365,-118.254066,,bus
bus_4074,Norwalk / Florence,33.935065,-118.072822,,bus
bus_4077,Norwalk / Lakeland,33.931839,-118.072836,,bus
bus_4078,Norwalk / Telegraph,33.94171,-118.072841,,bus
bus_4079,Norwalk / Tina,33.925684,-118.072788,,bus
bus_4085,23rd / Flower,34.030002,-118.272902,,bus
bus_4092,Ocean / Colorado,34.011368,-118.494612,,bus
bus_4099,Chatsworth / Louise,34.264714,-118.510659,,bus
bus_4101,Odin / Fairfield,34.110219,-118.335151,,bus
bus_4105,Olive / General Thaddeus Kosciuszko,34.053042,-118.249358,,bus
bus_4107,Olive / San Fernando,34.181055,-118.308676,,bus
bus_4110,Olive View / Bledsoe,34.324614,-118.444583,,bus
bus_4112,Olive View Medical Center,34.324494,-118.446533,,bus
bus_4117,Olympic / Central,34.031755,-118.244017,,bus
bus_4120,Olympic / Muirfield,34.05617,-118.331567,,bus
bus_4123,Olympic / Century Park East,34.05852,-118.411658,,bus
bus_4127,Olympic / Doheny,34.059266,-118.389571,,bus
bus_4128,Olympic / La Peer,34.059265,-118.386481,,bus
bus_4130,Olympic / Rexford,34.05927,-118.393629,,bus
bus_4131,Olympic / Roxbury,34.059636,-118.405787,,bus
bus_4132,Olympic / Spalding,34.059592,-118.408412,,bus
bus_4133,Orangethorpe / East Entry Park & Ride,33.859017,-117.978801,,bus
bus_4136,12411 Osborne,34.260297,-118.402914,,bus
bus_4137,Olympic / Crenshaw,34.054367,-118.322527,,bus
bus_4138,Osborne / Arleta,34.242268,-118.426048,,bus
bus_4139,Osborne / Beachy,34.239604,-118.429694,,bus
bus_4140,Osborne / Bradley,34.257183,-118.405616,,bus
bus_4141,Osborne / Canterbury,34.237483,-118.432618,,bus
bus_4142,Glenoaks / Osborne Pl,34.261577,-118.398839,,bus
bus_4143,Osborne / Glenoaks,34.264293,-118.401831,,bus
bus_4144,Osborne / Golden State Fwy,34.244033,-118.423632,,bus
bus_4145,Osborne / Gullo,34.235678,-118.434637,,bus
bus_4146,Osborne / Haddon,34.249458,-118.416191,,bus
bus_4147,Osborne / Laurel Canyon,34.246964,-118.41915,,bus
bus_4148,Osborne / San Fernando,34.254096,-118.409827,,bus
bus_4149,Osborne / Telfair,34.251849,-118.41291,,bus
bus_4154,Olympic / Western,34.052518,-118.308803,,bus
bus_4155,Olympic / Normandie,34.052505,-118.299741,,bus
bus_4159,Olympic / Vermont,34.052366,-118.291408,,bus
bus_4161,Overhill / Slauson,33.989091,-118.353928,,bus
bus_4162,Overhill / Northridge,33.994055,-118.355288,,bus
bus_4163,Overhill / La Brea,33.996958,-118.357633,,bus
bus_4165,Olympic / Alvarado,34.05152,-118.279685,,bus
bus_4169,Olympic / Union,34.048996,-118.274045,,bus
bus_4170,Olympic / Figueroa,34.04479,-118.263831,,bus
bus_4171,Oxnard / Bellaire,34.179324,-118.409539,,bus
bus_4173,Canoga / Oxnard,34.178846,-118.597598,,bus
bus_4174,Oxnard / Cedros,34.179502,-118.452903,,bus
bus_4176,Oxnard / Coldwater Canyon,34.179326,-118.41394,,bus
bus_4177,Oxnard / Colfax,34.179338,-118.387909,,bus
bus_4178,Oxnard / Ethel,34.179321,-118.417765,,bus
bus_4180,Oxnard / Fulton,34.179314,-118.422123,,bus
bus_4181,Oxnard / Hazeltine,34.179315,-118.439637,,bus
bus_4182,Oxnard / Hillview Park,34.179318,-118.428094,,bus
bus_4184,Oxnard / Laurel Canyon,34.179333,-118.396135,,bus
bus_4185,Owensmouth / Oxnard,34.179778,-118.601384,,bus
bus_4187,Oxnard / Radford,34.179338,-118.392257,,bus
bus_4188,Oxnard / Ranchito,34.179318,-118.435702,,bus
bus_4189,Oxnard / St Clair,34.179326,-118.399938,,bus
bus_4190,Topanga Canyon / Oxnard,34.178917,-118.605405,,bus
bus_4192,Oxnard / Tyrone,34.179308,-118.444514,,bus
bus_4193,Oxnard / Van Nuys,34.179297,-118.449027,,bus
bus_4196,Oxnard / Whitsett,34.179321,-118.404867,,bus
bus_4197,Oxnard / Woodman,34.179319,-118.430865,,bus
bus_4198,Vernon / Santa Fe,34.004094,-118.23056,,bus
bus_4200,Pacific / San Fernando,34.137342,-118.264526,,bus
bus_4201,Pacific / RR-- Xing,34.004063,-118.227782,,bus
bus_4203,Pacific / Fort Mac Arthur,33.721617,-118.28782,,bus
bus_4206,Pacific / 55th,33.993077,-118.225064,,bus
bus_4207,Pacific / 57th,33.990964,-118.225058,,bus
bus_4208,Pacific / Belgrave,33.98701,-118.225044,,bus
bus_4209,Pacific / Broadway,33.966964,-118.225033,,bus
bus_4211,Pacific / 46th,34.002106,-118.225236,,bus
bus_4212,Pacific / Florence,33.975521,-118.225007,,bus
bus_4213,Pacific / Fruitland,33.996201,-118.225075,,bus
bus_4214,Pacific / Gage,33.982605,-118.225022,,bus
bus_4215,Pacific / Grand,33.969039,-118.225039,,bus
bus_4216,Pacific / Leonis,34.000293,-118.22509,,bus
bus_4217,Pacific / Live Oak,33.971943,-118.225056,,bus
bus_4218,Pacific / Randolph,33.985204,-118.225036,,bus
bus_4219,Olympic / Figueroa,34.045185,-118.264159,,bus
bus_4220,Pacific / Saturn,33.978093,-118.225007,,bus
bus_4222,Pacific / Slauson,33.989002,-118.225046,,bus
bus_4223,Pacific / Zoe,33.980459,-118.225013,,bus
bus_4224,16321 Pacific Coast Highway,34.038267,-118.54089,,bus
bus_4225,22726 Pacific Coast Highway,34.039313,-118.670246,,bus
bus_4226,Pacific Coast Highway / Bel Air Bay Club,34.039789,-118.546386,,bus
bus_4227,Pacific Coast Highway / Big Rock,34.037406,-118.607982,,bus
bus_4229,Pacific Coast Highway / Getty Villa,34.041745,-118.567835,,bus
bus_4230,Pacific Coast Highway / Corral Creek Bridge,34.03327,-118.733715,,bus
bus_4231,22506 Pacific Coast Highway,34.039506,-118.665151,,bus
bus_4232,Pacific Coast Highway / Heathercliff,34.022048,-118.808472,,bus
bus_4233,Pacific Coast Highway / John Tyler,34.03415,-118.709734,,bus
bus_4234,Pacific Coast Highway / Kanan Dume,34.021368,-118.802419,,bus
bus_4236,Pacific Coast Highway / Malibu Cove Colony,34.025692,-118.765464,,bus
bus_4237,Pacific Coast Highway / Malibu Pier,34.037729,-118.675868,,bus
bus_4238,Pacific Coast Highway / Moonshadows Rest,34.037653,-118.61948,,bus
bus_4239,Pacific Coast Highway / Morning View,34.020064,-118.827861,,bus
bus_4240,Pacific Coast Highway / Normandie,33.789935,-118.297115,,bus
bus_4241,Pacific Coast Highway / Paradise Cove,34.023903,-118.786856,,bus
bus_4242,Pacific Coast Highway / Porto Marina,34.03998,-118.560534,,bus
bus_4243,Pacific Coast Highway / Rambla Pacifico,34.036899,-118.637021,,bus
bus_4244,Pacific Coast Highway / Rambla Vista,34.038193,-118.64798,,bus
bus_4245,Pacific Coast Highway / Getty Villa,34.041993,-118.567783,,bus
bus_4246,Pacific Coast Highway / Temescal Canyon,34.035821,-118.535963,,bus
bus_4247,Pacific Coast Highway / Topanga Canyon,34.039995,-118.579412,,bus
bus_4248,Pacific Coast Highway / Tuna Canyon,34.039331,-118.589316,,bus
bus_4251,Pacific Coast Highway / Zumirez,34.02044,-118.795754,,bus
bus_4252,Olympic / Normandie,34.052762,-118.300237,,bus
bus_4253,Olympic / Western,34.052775,-118.309299,,bus
bus_4254,Olympic / Crenshaw,34.054883,-118.323595,,bus
bus_4255,Avenue 26 / Figueroa,34.084024,-118.222749,,bus
bus_4261,Palos Verdes / Barkentine,33.745592,-118.386616,,bus
bus_4262,Palos Verdes / Seacove,33.74478,-118.383895,,bus
bus_4264,Paramount / Somerset,33.896217,-118.160252,,bus
bus_4265,Paramount / 3rd,33.899281,-118.159971,,bus
bus_4266,Paramount / 5th,33.946456,-118.135019,,bus
bus_4267,Paramount / 7th,33.948244,-118.1337,,bus
bus_4268,Paramount / Adams,33.895044,-118.159943,,bus
bus_4269,Paramount / Alameda,33.930175,-118.147134,,bus
bus_4271,Paramount / Arroyo,34.041479,-118.092024,,bus
bus_4272,Paramount / Brookmill,33.938,-118.141223,,bus
bus_4273,Paramount / Candlewood,33.854019,-118.15968,,bus
bus_4274,Paramount / Carron,33.989031,-118.102443,,bus
bus_4275,Paramount / South Somerset Ranch,33.910366,-118.160058,,bus
bus_4276,Paramount / 70th,33.881824,-118.160168,,bus
bus_4277,Paramount / Farm,33.950895,-118.131769,,bus
bus_4279,Paramount / Firestone,33.942826,-118.137681,,bus
bus_4281,Paramount / Florence,33.953329,-118.129998,,bus
bus_4282,Paramount / Gallatin,33.962357,-118.123114,,bus
bus_4283,Paramount / Gardendale,33.917149,-118.157006,,bus
bus_4285,Paramount / Hill,34.044302,-118.090687,,bus
bus_4286,Paramount / Howe,33.907112,-118.160048,,bus
bus_4287,Paramount / Loch Lomond,33.9993,-118.090922,,bus
bus_4288,Paramount / Madison,33.890955,-118.159932,,bus
bus_4289,Paramount / Main,33.914753,-118.158613,,bus
bus_4290,Paramount / Maris,33.992745,-118.097143,,bus
bus_4291,Paramount / Maxine,33.969305,-118.113774,,bus
bus_4293,Paramount / Market Place,34.037329,-118.093157,,bus
bus_4294,Paramount / Phlox,33.940307,-118.139519,,bus
bus_4295,Paramount / Quill,33.92705,-118.149881,,bus
bus_4296,Paramount / Rex,33.98179,-118.108886,,bus
bus_4297,Paramount / Rosecrans,33.903436,-118.160015,,bus
bus_4298,Rosecrans / Paramount,33.903573,-118.160457,,bus
bus_4302,Paramount / Stewart and Gray,33.934906,-118.143509,,bus
bus_4303,Paramount / Stewart and Gray,33.934696,-118.14403,,bus
bus_4304,Paramount / Suva,33.960077,-118.125244,,bus
bus_4305,Paramount / Telegraph,33.967193,-118.115371,,bus
bus_4306,Paramount / Maris,33.992904,-118.097374,,bus
bus_4307,Paramount / Vista Del Rosa,33.965916,-118.117341,,bus
bus_4309,Paramount / Washington,33.987726,-118.104816,,bus
bus_4310,Paramount / Whittier,34.003097,-118.088567,,bus
bus_4311,Park Granada / Calabasas,34.155768,-118.642849,,bus
bus_4312,Park Granada / Parkway Calabasas,34.149497,-118.647055,,bus
bus_4314,Parkway Calabasas / Calabasas,34.151947,-118.651282,,bus
bus_4320,Paramount / Somerset,33.89663,-118.159949,,bus
bus_4321,Pasadena / Arroyo,34.112293,-118.17166,,bus
bus_4327,Pasadena / El Centro,34.113851,-118.167646,,bus
bus_4328,Pasadena / Hawthorne,34.112255,-118.169031,,bus
bus_4329,Pasadena / Mission,34.115491,-118.166229,,bus
bus_4330,Broadway / Pasadena,34.072113,-118.223843,,bus
bus_4331,Pasadena / Sycamore,34.11189,-118.17458,,bus
bus_4332,Paseo Del Mar / Meyler,33.711246,-118.301633,,bus
bus_4336,Balboa / Midwood,34.287028,-118.502222,,bus
bus_4348,Glenoaks / Paxton,34.279523,-118.417661,,bus
bus_4356,Pennsylvania / Altura,34.225347,-118.248575,,bus
bus_4360,Pershing / Rees,33.959291,-118.44423,,bus
bus_4371,Pioneer / 163rd,33.883532,-118.08252,,bus
bus_4372,Pioneer / 166th,33.880515,-118.082497,,bus
bus_4373,Pioneer / 168th,33.877868,-118.082468,,bus
bus_4374,Pioneer / 178th,33.869526,-118.082391,,bus
bus_4375,Pioneer / 183rd,33.865885,-118.082338,,bus
bus_4377,Pioneer / 195th,33.853506,-118.082168,,bus
bus_4378,Pioneer / Alondra,33.887354,-118.08257,,bus
bus_4379,Pioneer / Artesia,33.872785,-118.082414,,bus
bus_4380,Pioneer / Cheshire,33.890176,-118.082596,,bus
bus_4381,Pioneer / Del Amo,33.845851,-118.082084,,bus
bus_4382,Pioneer / Excelsior,33.894699,-118.082643,,bus
bus_4383,Pioneer / Firestone,33.912439,-118.081922,,bus
bus_4384,Pioneer / Foster,33.910169,-118.082302,,bus
bus_4385,Pioneer / Imperial,33.916838,-118.08193,,bus
bus_4387,Pioneer / Mapledale,33.898656,-118.082686,,bus
bus_4388,Pioneer / Orange,33.90527,-118.082772,,bus
bus_4389,Pioneer / South,33.858224,-118.082225,,bus
bus_4390,Corbin / Plummer,34.242472,-118.562447,,bus
bus_4391,Plummer / Oakdale,34.24287,-118.566724,,bus
bus_4392,Plummer / Oso,34.242877,-118.575222,,bus
bus_4395,Plummer / Winnetka,34.242867,-118.570973,,bus
bus_4399,Prairie / 161st,33.884449,-118.343668,,bus
bus_4400,Prairie / 164th,33.881776,-118.343657,,bus
bus_4402,Prairie / Arbor Vitae,33.953005,-118.343777,,bus
bus_4404,Prairie / Broadway,33.919984,-118.343685,,bus
bus_4405,Prairie / 118th,33.926854,-118.343736,,bus
bus_4406,Prairie / 132nd,33.912964,-118.343715,,bus
bus_4407,Prairie / 135th,33.908908,-118.343709,,bus
bus_4408,Prairie / 139th,33.905283,-118.343704,,bus
bus_4409,Prairie / 147th,33.898573,-118.343689,,bus
bus_4410,Prairie / Artesia,33.872982,-118.343966,,bus
bus_4411,Prairie / El Segundo,33.916714,-118.343721,,bus
bus_4412,Prairie / Imperial,33.930753,-118.343742,,bus
bus_4413,Prairie / Manhattan Beach,33.887681,-118.343678,,bus
bus_4415,Prairie / Marine,33.894935,-118.343684,,bus
bus_4416,Prairie / Redondo Beach,33.877835,-118.34367,,bus
bus_4417,Harding / Eldridge,34.308515,-118.413448,,bus
bus_4418,Prairie / Rosecrans,33.901642,-118.343692,,bus
bus_4419,Prairie / 154th,33.891313,-118.343676,,bus
bus_4422,Balboa / Chatsworth,34.265048,-118.50242,,bus
bus_4424,Beverly / Dayton,34.068832,-118.40062,,bus
bus_4427,Ramona / Centre Plaza,34.060619,-118.168041,,bus
bus_4438,Ramona / Lexington,34.072099,-118.040122,,bus
bus_4447,Ramona / Santa Anita,34.071882,-118.04139,,bus
bus_4453,Ramona / Central,34.087839,-118.107611,,bus
bus_4454,Ramona / Wells,34.08461,-118.107748,,bus
bus_4456,Marine / RR-Xing,33.894739,-118.369039,,bus
bus_4457,Marine / Redondo Beach Station,33.894536,-118.369892,,bus
bus_4459,Beverly / Brighton,34.070073,-118.402247,,bus
bus_4460,Reseda / Nordhoff,34.235222,-118.536237,,bus
bus_4461,Reseda / Sherman Way,34.201343,-118.536185,,bus
bus_4463,Reseda / Chase,34.224746,-118.536256,,bus
bus_4464,Reseda / Erwin,34.184034,-118.536176,,bus
bus_4465,Reseda / Hart,34.197809,-118.536202,,bus
bus_4466,Reseda / Hatteras,34.177213,-118.536155,,bus
bus_4467,Reseda / Ingomar,34.212167,-118.536215,,bus
bus_4468,Reseda / Kittridge,34.190502,-118.536171,,bus
bus_4469,Reseda / Lassen,34.250162,-118.536243,,bus
bus_4471,Reseda / G Line,34.180181,-118.536168,,bus
bus_4473,Reseda / Plummer,34.24249,-118.536237,,bus
bus_4474,Reseda / Prairie,34.238851,-118.53624,,bus
bus_4475,Reseda / Rayen,34.232034,-118.536216,,bus
bus_4477,Reseda / Saticoy,34.208127,-118.536198,,bus
bus_4478,Reseda / Strathern,34.215794,-118.536228,,bus
bus_4479,Reseda / Superior,34.246526,-118.536247,,bus
bus_4480,Reseda / Valerio,34.204907,-118.536201,,bus
bus_4481,Reseda / Vanowen,34.193583,-118.536198,,bus
bus_4482,Reseda / Ventura,34.169088,-118.535862,,bus
bus_4483,Reseda / Ventura Fwy,34.173831,-118.53615,,bus
bus_4484,Reseda / Victory,34.186331,-118.536184,,bus
bus_4485,Paul Revere Junior High,34.054814,-118.495549,,bus
bus_4486,Mission / Richmond,34.058802,-118.216415,,bus
bus_4487,Rinaldi / Gothic,34.279084,-118.488774,,bus
bus_4488,Rinaldi / Hayvenhurst,34.279114,-118.493561,,bus
bus_4489,Terra Bella / Eldridge,34.282047,-118.385947,,bus
bus_4491,Rinaldi / Ruffner,34.279131,-118.497434,,bus
bus_4494,Rinaldi / Woodley,34.279308,-118.484975,,bus
bus_4499,Riverside / Allesandro,34.099702,-118.250233,,bus
bus_4500,Riverside / Cahuenga,34.152318,-118.361289,,bus
bus_4502,Riverside / Fletcher,34.105883,-118.256324,,bus
bus_4503,Riverside / Forman,34.152101,-118.352896,,bus
bus_4504,Riverside / Gilroy,34.104332,-118.25323,,bus
bus_4505,Riverside / Lankershim,34.152181,-118.366458,,bus
bus_4506,Los Feliz / Riverside,34.117497,-118.271815,,bus
bus_4507,Riverside / Mariota,34.152106,-118.350301,,bus
bus_4508,Riverside / Ledge,34.152336,-118.356916,,bus
bus_4509,Riverside / Rose,34.152108,-118.346629,,bus
bus_4510,Riverside / Gleneden,34.102275,-118.251252,,bus
bus_4511,Rives / Imperial,33.926449,-118.156067,,bus
bus_4512,Roadside / Cornell,34.14492,-118.755768,,bus
bus_4513,Roadside / Lewis,34.142665,-118.743136,,bus
bus_4514,Robertson / Pico,34.055051,-118.383546,,bus
bus_4516,Pioneer / Rosecrans,33.90153,-118.082712,,bus
bus_4518,Obama / Cloverdale,34.021679,-118.360636,,bus
bus_4523,Obama / Hauser,34.021707,-118.366188,,bus
bus_4525,Obama / La Brea,34.02167,-118.356113,,bus
bus_4526,Obama / La Cienega,34.021827,-118.372102,,bus
bus_4527,Obama / Sutro,34.018597,-118.323367,,bus
bus_4528,119th / Willowbrook,33.924721,-118.2367,,bus
bus_4531,Roscoe / Canoga,34.219671,-118.597867,,bus
bus_4533,Roscoe / Noble,34.22134,-118.461311,,bus
bus_4534,Roscoe / Sparton,34.221549,-118.425327,,bus
bus_4536,Roscoe / Woodman,34.221546,-118.432423,,bus
bus_4537,Roscoe / Canterbury,34.221543,-118.417464,,bus
bus_4538,Roscoe / Coldwater Canyon,34.221545,-118.414576,,bus
bus_4539,Roscoe / Corbin,34.220217,-118.562442,,bus
bus_4540,Roscoe / De Soto,34.219812,-118.588668,,bus
bus_4541,Roscoe / Encino,34.220936,-118.513925,,bus
bus_4542,Roscoe / Etiwanda,34.220674,-118.531893,,bus
bus_4543,Roscoe / Farralone,34.21947,-118.610489,,bus
bus_4544,Roscoe / Haskell,34.221259,-118.476616,,bus
bus_4545,Roscoe / Gothic,34.221176,-118.489232,,bus
bus_4547,Roscoe / Hayvenhurst,34.221158,-118.492272,,bus
bus_4548,Roscoe / Hazeltine,34.221502,-118.440603,,bus
bus_4549,Roscoe / Irondale,34.219877,-118.584339,,bus
bus_4550,Roscoe / Laurel Canyon,34.221525,-118.39667,,bus
bus_4551,Laurel Canyon / Roscoe,34.221919,-118.396337,,bus
bus_4553,Laurel Canyon / Roscoe,34.221377,-118.396656,,bus
bus_4554,Roscoe / Lindley,34.220748,-118.527017,,bus
bus_4555,Roscoe / Louise,34.220998,-118.509539,,bus
bus_4556,Roscoe / Mason,34.219945,-118.579933,,bus
bus_4557,Roscoe / Nagle,34.221546,-118.42237,,bus
bus_4559,Roscoe / Oakdale,34.220153,-118.566828,,bus
bus_4560,Roscoe / Oso,34.220012,-118.575567,,bus
bus_4561,Roscoe / Owensmouth,34.219605,-118.60178,,bus
bus_4563,Roscoe / Reseda,34.220852,-118.536413,,bus
bus_4564,Roscoe / Reseda,34.22061,-118.535746,,bus
bus_4565,Roscoe / Sale,34.219332,-118.61924,,bus
bus_4566,Roscoe / Orion,34.221272,-118.471737,,bus
bus_4567,Roscoe / Sepulveda,34.22129,-118.467877,,bus
bus_4568,Roscoe / Shirley,34.220286,-118.5576,,bus
bus_4569,Roscoe / Shoup,34.219399,-118.614888,,bus
bus_4570,Roscoe / St Clair,34.221531,-118.399958,,bus
bus_4571,Roscoe / Tampa,34.220356,-118.55323,,bus
bus_4572,Roscoe / Tobias,34.22139,-118.451807,,bus
bus_4573,Roscoe / Topanga Canyon,34.219541,-118.605659,,bus
bus_4574,Adams / Normandie,34.032838,-118.300733,,bus
bus_4575,Roscoe / Van Nuys,34.221424,-118.44842,,bus
bus_4576,Roscoe / Vanalden,34.22042,-118.548844,,bus
bus_4577,Roscoe / Variel,34.219744,-118.593034,,bus
bus_4578,Roscoe / Ventura Canyon,34.221547,-118.429002,,bus
bus_4579,Roscoe / Wakefield,34.221497,-118.443571,,bus
bus_4580,Roscoe / Webb,34.221512,-118.393176,,bus
bus_4581,Roscoe / White Oak,34.220874,-118.518778,,bus
bus_4583,Roscoe / Whitsett,34.221536,-118.404917,,bus
bus_4584,Roscoe / Wilbur,34.220478,-118.544994,,bus
bus_4585,Roscoe / Willis,34.221376,-118.455449,,bus
bus_4586,Roscoe / Amestoy,34.221047,-118.505689,,bus
bus_4587,Roscoe / Winnetka,34.22009,-118.570705,,bus
bus_4588,Roscoe / Woodley,34.221216,-118.483338,,bus
bus_4589,Riverside / Allesandro,34.100076,-118.250132,,bus
bus_4590,Roscoe / Yolanda,34.220545,-118.540615,,bus
bus_4591,Roscoe / Zelzah,34.2208,-118.52315,,bus
bus_4593,Rosecrans / Bloomfield,33.902228,-118.064167,,bus
bus_4594,Rosecrans / Clarkdale,33.90209,-118.079543,,bus
bus_4595,Rosecrans / Dinard,33.902303,-118.051064,,bus
bus_4596,Rosecrans / Grayland,33.902114,-118.076063,,bus
bus_4597,Rosecrans / Greenstone,33.902264,-118.057411,,bus
bus_4598,Rosecrans / Helwig,33.902129,-118.069274,,bus
bus_4599,Rosecrans / Norwalk,33.90213,-118.072642,,bus
bus_4600,Rosecrans / Pioneer,33.902069,-118.082232,,bus
bus_4604,Rosemead / Sereno,34.095985,-118.073256,,bus
bus_4605,Rosemead / Broadway,34.09931,-118.073302,,bus
bus_4606,Rosemead / Garvey,34.062899,-118.06567,,bus
bus_4607,Rosemead / Emperor,34.117163,-118.072988,,bus
bus_4608,Rosemead / Garibaldi,34.109199,-118.07345,,bus
bus_4609,Rosemead / Hermosa,34.106188,-118.073404,,bus
bus_4611,Rosemead / Lower Azusa,34.08745,-118.073176,,bus
bus_4612,Rosemead / Marshall,34.075357,-118.073202,,bus
bus_4613,Century Park West / Solar,34.055544,-118.418064,,bus
bus_4614,Rosemead / Mission,34.084128,-118.073107,,bus
bus_4615,Rosemead / Pentland,34.093655,-118.073225,,bus
bus_4616,Rosemead / Ralph,34.077431,-118.07323,,bus
bus_4617,Rosemead / Valley,34.080973,-118.073336,,bus
bus_4621,Roxford / Borden,34.320888,-118.460752,,bus
bus_4622,Roxford / Bradley,34.313204,-118.469389,,bus
bus_4623,Roxford / Glenoaks,34.318534,-118.463385,,bus
bus_4624,Roxford / Herrick,34.315597,-118.4667,,bus
bus_4625,Rush / Angelus,34.051785,-118.086977,,bus
bus_4627,Rush / Central,34.051741,-118.046745,,bus
bus_4628,Rush / Chico,34.051719,-118.060155,,bus
bus_4632,Rush / Merced,34.051736,-118.051466,,bus
bus_4633,Rush / Rosemead,34.051708,-118.064024,,bus
bus_4634,Rush / Potrero,34.051729,-118.05582,,bus
bus_4635,Empire / Valpreda,34.191708,-118.33271,,bus
bus_4636,Rush / Santa Anita,34.051759,-118.042628,,bus
bus_4637,Tyler / Rush,34.051764,-118.036547,,bus
bus_4639,Ikea / Angeleno,34.178689,-118.30874,,bus
bus_4642,1st / Olive,34.179635,-118.309775,,bus
bus_4643,Ikea / Tujunga,34.178167,-118.307779,,bus
bus_4644,3rd / Angeleno,34.181673,-118.306764,,bus
bus_4645,3rd / Tujunga,34.180816,-118.305623,,bus
bus_4646,Oxnard / Kester,34.179503,-118.457092,,bus
bus_4654,Alvarado / Valley,34.064635,-118.271445,,bus
bus_4655,Alvarado / 11th,34.050094,-118.280707,,bus
bus_4656,Alvarado / 12th,34.04861,-118.28165,,bus
bus_4657,Alvarado / 3rd,34.062728,-118.272664,,bus
bus_4658,Alvarado / 6th,34.059302,-118.274841,,bus
bus_4659,Alvarado / 7th,34.056275,-118.276763,,bus
bus_4660,Alvarado / 8th,34.054654,-118.277794,,bus
bus_4661,Alvarado / James M Wood,34.053203,-118.27872,,bus
bus_4662,Alvarado / Maryland,34.061057,-118.273725,,bus
bus_4663,Alvarado / Olympic,34.051497,-118.279807,,bus
bus_4664,Alvarado / Pico,34.047031,-118.282658,,bus
bus_4666,Arizona / 6th,34.026741,-118.165363,,bus
bus_4667,Arizona / Olympic,34.018153,-118.16821,,bus
bus_4668,Arizona / Eagle,34.029023,-118.164664,,bus
bus_4669,Arizona / Hubbard,34.024465,-118.166081,,bus
bus_4670,Arizona / Verona,34.020514,-118.167538,,bus
bus_4671,Arizona / Whittier,34.022637,-118.16686,,bus
bus_4673,Raymond / Del Mar,34.141582,-118.148752,,bus
bus_4674,Artesia / Santa Fe,33.874118,-118.214054,,bus
bus_4675,Flower / Olympic,34.044218,-118.26308,,bus
bus_4676,Pioneer / 163rd,33.88381,-118.082218,,bus
bus_4677,Atlantic / Alondra,33.889058,-118.192752,,bus
bus_4678,Atlantic / Compton,33.896408,-118.19326,,bus
bus_4679,Atlantic / Myrrh,33.89274,-118.193011,,bus
bus_4680,Atlantic / Rosecrans,33.903864,-118.193811,,bus
bus_4681,Atlantic / San Vincente,33.899337,-118.193477,,bus
bus_4682,Atlantic / Brightwood,34.042569,-118.141268,,bus
bus_4683,Atlantic / Cadiz,34.051309,-118.137641,,bus
bus_4685,Atlantic / 4th,34.029647,-118.154322,,bus
bus_4686,Hill / 7th,34.046543,-118.253741,,bus
bus_4688,Atlantic / Olympic,34.016526,-118.158294,,bus
bus_4689,Atlantic / Washington,34.003178,-118.167243,,bus
bus_4690,Venice / Magnolia,34.044387,-118.28653,,bus
bus_4691,Atlantic / Eagle,34.026994,-118.155113,,bus
bus_4692,Atlantic / El Portal,34.053863,-118.136104,,bus
bus_4693,Atlantic / Everington,34.007223,-118.161279,,bus
bus_4694,Atlantic / Goodrich,34.011689,-118.159024,,bus
bus_4696,Atlantic / Jardine,34.004963,-118.164607,,bus
bus_4697,Atlantic / Sevilla,34.048859,-118.139116,,bus
bus_4699,Atlantic / Commonwealth,34.087254,-118.134731,,bus
bus_4700,Atlantic / Commonwealth,34.087804,-118.134432,,bus
bus_4701,Atlantic / El Repetto,34.046709,-118.140067,,bus
bus_4702,Atlantic / Floral,34.039426,-118.143177,,bus
bus_4703,Venice / Toberman,34.041393,-118.279022,,bus
bus_4704,Atlantic / Garvey,34.062736,-118.134061,,bus
bus_4705,Atlantic / Glendon,34.074211,-118.134311,,bus
bus_4706,Atlantic / Harding,34.056256,-118.134665,,bus
bus_4707,Atlantic / Main,34.091865,-118.134478,,bus
bus_4708,Atlantic / Mission,34.085073,-118.134411,,bus
bus_4709,Atlantic / Newmark,34.059634,-118.133465,,bus
bus_4711,Atlantic / Riggin,34.037568,-118.146065,,bus
bus_4712,Atlantic / San Marino,34.082984,-118.134388,,bus
bus_4713,San Pedro / Imperial,33.930635,-118.269678,,bus
bus_4714,Atlantic / Valley,34.077714,-118.134349,,bus
bus_4715,Atlantic / Whittier,34.020523,-118.157081,,bus
bus_4716,Melrose / Western,34.083397,-118.308802,,bus
bus_4717,Avalon / 46th,34.001744,-118.265368,,bus
bus_4719,Temple / Alvarado,34.070101,-118.267932,,bus
bus_4723,Temple / Bonnie Brae,34.069609,-118.265598,,bus
bus_4724,Temple / Park View,34.071772,-118.272113,,bus
bus_4726,Beverly / Charleville,34.064869,-118.398932,,bus
bus_4727,Beverly / Gregory,34.062096,-118.398951,,bus
bus_4728,Beverly / Olympic,34.059946,-118.398647,,bus
bus_4729,Beverly / Pico,34.055551,-118.39545,,bus
bus_4731,Pico / Beverwil,34.0549,-118.398792,,bus
bus_4733,Van Nuys / Vose,34.198351,-118.448848,,bus
bus_4735,Bixel / Maryland,34.055931,-118.260892,,bus
bus_4736,7th / Boyle,34.033389,-118.219802,,bus
bus_4738,Victory / Magnolia,34.177759,-118.318324,,bus
bus_4739,Brand / Arleta,34.271789,-118.456164,,bus
bus_4740,Brand / Broadway,34.146013,-118.255148,,bus
bus_4741,Brand / Celis,34.280782,-118.440781,,bus
bus_4742,Brand / Columbus,34.271744,-118.462973,,bus
bus_4743,Brand / Chevy Chase,34.133799,-118.25477,,bus
bus_4744,Brand / Colorado,34.142366,-118.25514,,bus
bus_4745,Brand / Eulalia,34.126858,-118.254736,,bus
bus_4746,Brand / Garfield,34.135684,-118.254789,,bus
bus_4747,Brand / Colorado,34.142856,-118.254831,,bus
bus_4748,Brand / Lomita,34.14088,-118.254825,,bus
bus_4749,Brand / Los Feliz,34.128811,-118.255036,,bus
bus_4750,Brand / Hollister,34.279341,-118.442696,,bus
bus_4751,Magnolia / Victory,34.177436,-118.317967,,bus
bus_4752,Brand / O'Melveny,34.276792,-118.446215,,bus
bus_4753,Brand / San Fernando,34.123607,-118.25506,,bus
bus_4756,Broadway / Venice,34.033969,-118.263539,,bus
bus_4758,Broadway / 104th,33.941735,-118.277957,,bus
bus_4760,Broadway / 108th,33.938086,-118.277945,,bus
bus_4761,Broadway / 110th,33.935448,-118.277946,,bus
bus_4763,Roscoe / Ranchito,34.221521,-118.436471,,bus
bus_4764,Broadway / 118th,33.926201,-118.278383,,bus
bus_4765,Broadway / 120th,33.923127,-118.27809,,bus
bus_4766,Broadway / 12th,34.038258,-118.259991,,bus
bus_4767,Broadway / 1st,34.053969,-118.244999,,bus
bus_4768,Broadway / 21st,34.029233,-118.267046,,bus
bus_4770,Alondra / Eucalyptus,33.88923,-118.122159,,bus
bus_4771,Hill / 3rd,34.051807,-118.248822,,bus
bus_4772,Broadway / 30th,34.022375,-118.271509,,bus
bus_4774,Broadway / 36th,34.016425,-118.275704,,bus
bus_4775,Broadway / 38th,34.014306,-118.27704,,bus
bus_4778,Broadway / 42nd,34.007197,-118.278201,,bus
bus_4780,Broadway / 47th,33.999907,-118.278173,,bus
bus_4781,Broadway / 49th,33.998473,-118.278168,,bus
bus_4782,Venice / Saint Andrews,34.043443,-118.31141,,bus
bus_4783,Broadway / 51st,33.996643,-118.278162,,bus
bus_4784,Broadway / 54th,33.993485,-118.278152,,bus
bus_4786,Broadway / 59th,33.985885,-118.27814,,bus
bus_4787,Broadway / 5th,34.048187,-118.250466,,bus
bus_4789,Broadway / 69th,33.977507,-118.278148,,bus
bus_4790,Venice / Saint Andrews,34.0437,-118.311742,,bus
bus_4792,Broadway / 76th,33.970675,-118.278142,,bus
bus_4793,Broadway / 79th,33.967754,-118.278136,,bus
bus_4794,Vermont / Carson,33.831466,-118.290114,,bus
bus_4796,Avalon / 184th,33.863188,-118.265977,,bus
bus_4798,Redondo Beach / Prairie,33.877296,-118.343453,,bus
bus_4799,Broadway / 7th,34.044985,-118.25342,,bus
bus_4801,Broadway / 81st,33.965828,-118.278123,,bus
bus_4802,Broadway / 83rd,33.964042,-118.27811,,bus
bus_4804,Broadway / 88th,33.957049,-118.278054,,bus
bus_4806,Broadway / 90th,33.954485,-118.278045,,bus
bus_4807,Broadway / 92nd,33.953089,-118.278041,,bus
bus_4810,Broadway / Adams,34.025163,-118.269696,,bus
bus_4811,Broadway / Century,33.945368,-118.277969,,bus
bus_4812,Broadway / Colden,33.949004,-118.277965,,bus
bus_4814,Broadway / Gage,33.98273,-118.278143,,bus
bus_4815,Broadway / Imperial,33.93118,-118.278486,,bus
bus_4816,Broadway / Jefferson,34.018932,-118.273742,,bus
bus_4817,Broadway / Manchester,33.95955,-118.278069,,bus
bus_4818,Broadway / Olympic,34.041494,-118.256654,,bus
bus_4819,Broadway / Pico,34.036907,-118.261152,,bus
bus_4820,Broadway / Slauson,33.988866,-118.278133,,bus
bus_4822,Broadway / Washington,34.031943,-118.265206,,bus
bus_4824,Redondo Beach / Ainsworth,33.878595,-118.339669,,bus
bus_4825,Redondo Beach / Alley,33.87873,-118.33957,,bus
bus_4826,Broadway / 124th,33.920349,-118.27811,,bus
bus_4827,Redondo Beach / Yukon,33.880043,-118.33494,,bus
bus_4838,Redondo Beach / Yukon,33.880283,-118.335054,,bus
bus_4840,Centinela / Culver,33.990971,-118.420603,,bus
bus_4842,Central / 105th,33.940758,-118.253975,,bus
bus_4844,Century / Laurel,33.946676,-118.230192,,bus
bus_4845,Central / 114th,33.931242,-118.254078,,bus
bus_4846,Century / Laurel,33.946446,-118.230905,,bus
bus_4847,Central / 123rd,33.920321,-118.254302,,bus
bus_4848,Central / 12th,34.030381,-118.24494,,bus
bus_4849,Central / 14th,34.028226,-118.246835,,bus
bus_4850,Central / 16th,34.026197,-118.248783,,bus
bus_4851,Central / 22nd,34.02139,-118.253151,,bus
bus_4852,Central / 28th,34.016535,-118.255687,,bus
bus_4853,Central / 32nd,34.014384,-118.25637,,bus
bus_4854,Central / 41st,34.009015,-118.25634,,bus
bus_4856,Central / 43rd,34.005534,-118.25634,,bus
bus_4857,Central / 48th,33.999686,-118.256315,,bus
bus_4858,Central / 46th,34.002319,-118.256323,,bus
bus_4859,Central / 51st,33.996988,-118.256317,,bus
bus_4861,5th / Central,34.042001,-118.240125,,bus
bus_4862,Central / 60th,33.985084,-118.256284,,bus
bus_4863,Central / 68th,33.978275,-118.256269,,bus
bus_4864,Grape / Century,33.945398,-118.236856,,bus
bus_4865,Central / 75th,33.972191,-118.256244,,bus
bus_4866,Central / 76th Pl,33.970172,-118.256264,,bus
bus_4867,Central / 7th,34.036547,-118.241166,,bus
bus_4869,Central / 83rd,33.963588,-118.256234,,bus
bus_4871,Central / Manchester,33.960466,-118.256175,,bus
bus_4873,Central / 88th,33.95643,-118.256239,,bus
bus_4874,Central / 8th,34.033336,-118.243252,,bus
bus_4876,Central / 92nd,33.952987,-118.256199,,bus
bus_4877,Central / 96th,33.949537,-118.25388,,bus
bus_4878,Central / Adams,34.018928,-118.254651,,bus
bus_4879,Central / Alondra,33.888123,-118.249836,,bus
bus_4880,Central / Century,33.945449,-118.253924,,bus
bus_4881,Central / Florence,33.975049,-118.256253,,bus
bus_4882,Central / Gage,33.981861,-118.256284,,bus
bus_4883,Century / Prairie,33.945596,-118.344248,,bus
bus_4886,Central / Olympic,34.032258,-118.243823,,bus
bus_4887,Central / Slauson,33.989646,-118.256258,,bus
bus_4889,Central / Vernon,34.004278,-118.256273,,bus
bus_4892,Central / Greenleaf,33.880223,-118.24858,,bus
bus_4893,Central / 96th,33.949405,-118.254186,,bus
bus_4894,Central / Magnolia,34.131441,-118.257661,,bus
bus_4895,Central / Nadeau,33.967611,-118.25624,,bus
bus_4896,Central / 156th,33.891015,-118.25054,,bus
bus_4897,Central / Caldwell,33.883589,-118.248775,,bus
bus_4898,Grand / 1st,34.055777,-118.248533,,bus
bus_4899,Central / Colorado,34.142759,-118.257735,,bus
bus_4900,Central / El Segundo,33.91612,-118.254247,,bus
bus_4902,Central / Americana,34.144562,-118.257744,,bus
bus_4903,Central / Lomita,34.140476,-118.257719,,bus
bus_4904,Central / Los Feliz,34.12894,-118.257647,,bus
bus_4905,Compton / Firestone,33.960277,-118.247675,,bus
bus_4906,Central / Windsor,34.136909,-118.257708,,bus
bus_4908,Pacific Coast Highway / Morning View,34.020479,-118.827899,,bus
bus_4910,Crenshaw / Thoreau,33.934091,-118.32633,,bus
bus_4911,Crenshaw / 108th,33.938429,-118.326333,,bus
bus_4912,Crenshaw / 116th,33.929076,-118.326343,,bus
bus_4915,Crenshaw / 90th,33.956629,-118.326345,,bus
bus_4916,Crenshaw / Arbor Vitae,33.952982,-118.326337,,bus
bus_4917,Crenshaw / Hardy,33.949396,-118.326327,,bus
bus_4918,Mason / Devonshire,34.256707,-118.579941,,bus
bus_4919,Devonshire / Tampa,34.257133,-118.553794,,bus
bus_4920,Del Mar / Marshall,34.075615,-118.099402,,bus
bus_4921,Long Beach / Pacific Coast Highway,33.790141,-118.189521,,bus
bus_4922,Del Mar / Norwood,34.076613,-118.099707,,bus
bus_4933,Valley / Santa Anita,34.076527,-118.041463,,bus
bus_4940,Eastern / Bandini,33.992157,-118.16091,,bus
bus_4941,Eastern / 61st,33.980883,-118.16269,,bus
bus_4942,Eastern / Slauson,33.986163,-118.161842,,bus
bus_4943,Eastern / Washington,34.000474,-118.15958,,bus
bus_4944,Eastern / Everington,34.005558,-118.158821,,bus
bus_4945,Eastern / Harbor,34.004327,-118.158997,,bus
bus_4947,Eastern / Randolph,33.979514,-118.162888,,bus
bus_4948,Eastern / Rickenbacker,33.988958,-118.161406,,bus
bus_4949,Eastern / Stevens,34.007293,-118.158547,,bus
bus_4950,Redondo Beach / Amie,33.875667,-118.348477,,bus
bus_4951,Eucalyptus / Kelso,33.958941,-118.359581,,bus
bus_4953,Eucalyptus / Manchester,33.961425,-118.359615,,bus
bus_4954,Eucalyptus / Spruce,33.955493,-118.359533,,bus
bus_4955,Fair Oaks / Congress,34.134208,-118.150199,,bus
bus_4956,Fair Oaks / Bellevue,34.13861,-118.15024,,bus
bus_4957,Fair Oaks / California,34.136329,-118.15022,,bus
bus_4958,Fair Oaks / Dayton,34.143702,-118.150286,,bus
bus_4959,Fair Oaks / Del Mar,34.140896,-118.150261,,bus
bus_4960,Fair Oaks / Raymond Hill,34.123901,-118.150118,,bus
bus_4961,Fair Oaks / Bellefontaine,34.131751,-118.150179,,bus
bus_4962,Fairfax / Airdrome,34.045468,-118.368007,,bus
bus_4966,Fairfax / Drexel,34.068109,-118.361236,,bus
bus_4969,Fairfax / San Vicente,34.059052,-118.363217,,bus
bus_4970,Fairfax / Saturn,34.049514,-118.366863,,bus
bus_4971,Adams / La Brea,34.032435,-118.350596,,bus
bus_4972,Fairfax / 18th,34.042948,-118.369095,,bus
bus_4973,Fairfax / 3rd,34.071824,-118.361255,,bus
bus_4974,Fairfax / 6th,34.06476,-118.361214,,bus
bus_4975,Fairfax / 8th,34.061253,-118.362111,,bus
bus_4976,Fairfax / Adams,34.032801,-118.370437,,bus
bus_4977,Fairfax / Pico,34.051664,-118.366499,,bus
bus_4978,Fairfax / Whitworth,34.055612,-118.36484,,bus
bus_4979,Fairfax / Wilshire,34.063592,-118.361206,,bus
bus_4980,Figueroa / Exposition,34.01879,-118.281793,,bus
bus_4981,Figueroa / Flower,34.016348,-118.2826,,bus
bus_4982,Redondo Beach / Prairie,33.877338,-118.344179,,bus
bus_4983,Figueroa / 104th,33.941818,-118.282441,,bus
bus_4984,Figueroa / 108th,33.938098,-118.282432,,bus
bus_4985,Figueroa / 111th,33.934089,-118.282435,,bus
bus_4986,Redondo Beach / Hawthorne,33.874545,-118.351871,,bus
bus_4987,Figueroa / Harbor Fwy Station,33.928612,-118.282439,,bus
bus_4991,Figueroa / 12th,34.042022,-118.266592,,bus
bus_4992,Figueroa / 4th,34.053959,-118.255369,,bus
bus_4994,Figueroa / 23rd,34.030962,-118.274042,,bus
bus_4997,Figueroa / 39th,34.01385,-118.282592,,bus
bus_4998,Figueroa / 3rd,34.055244,-118.254151,,bus
bus_4999,Figueroa / 41st,34.009094,-118.282579,,bus
bus_5000,Figueroa / 42nd,34.007267,-118.282566,,bus
bus_5001,Figueroa / 43rd,34.005775,-118.282558,,bus
bus_5002,Figueroa / 47th,34.000916,-118.282538,,bus
bus_5003,Figueroa / 49th,33.998163,-118.282526,,bus
bus_5004,Atlantic / Emerson Lo,34.065706,-118.134448,,bus
bus_5005,Figueroa / 51st,33.996352,-118.28252,,bus
bus_5006,Figueroa / 54th,33.993137,-118.282515,,bus
bus_5007,Figueroa / 56th,33.991313,-118.282509,,bus
bus_5008,Figueroa / 59th,33.985833,-118.282517,,bus
bus_5010,Figueroa / 61st,33.984058,-118.282511,,bus
bus_5011,Figueroa / 65th,33.980505,-118.282509,,bus
bus_5012,Figueroa / 69th,33.977213,-118.282518,,bus
bus_5014,Figueroa / 76th,33.970632,-118.282528,,bus
bus_5015,Figueroa / 79th,33.967703,-118.282535,,bus
bus_5017,7th / Figueroa,34.049409,-118.260125,,bus
bus_5018,Redondo Beach / Freeman,33.875908,-118.348589,,bus
bus_5019,Figueroa / 7th,34.049159,-118.25989,,bus
bus_5020,Figueroa / 83rd,33.964007,-118.282578,,bus
bus_5021,Figueroa / 84th,33.962556,-118.282577,,bus
bus_5022,Figueroa / 88th,33.956488,-118.282568,,bus
bus_5024,Figueroa / 92nd,33.952999,-118.282535,,bus
bus_5025,Figueroa / 98th,33.947086,-118.282479,,bus
bus_5030,Figueroa / Adams,34.027929,-118.275973,,bus
bus_5031,Century / Figueroa,33.945421,-118.282279,,bus
bus_5032,Figueroa / Century,33.945264,-118.282482,,bus
bus_5033,Figueroa / Colden,33.949023,-118.282521,,bus
bus_5035,Figueroa / Florence,33.974479,-118.282522,,bus
bus_5036,Figueroa / Gage,33.982596,-118.282516,,bus
bus_5037,Figueroa / Imperial,33.93122,-118.282438,,bus
bus_5039,Figueroa / Manchester,33.960361,-118.282547,,bus
bus_5040,Figueroa / Olympic,34.045131,-118.263651,,bus
bus_5041,Figueroa / Pico,34.040803,-118.267717,,bus
bus_5042,University / Central,33.857796,-118.249153,,bus
bus_5043,Figueroa / 43rd,34.005284,-118.282862,,bus
bus_5045,Centinela / La Brea,33.976097,-118.35729,,bus
bus_5046,Figueroa / Slauson,33.989414,-118.282509,,bus
bus_5047,Figueroa / Vernon,34.003574,-118.282544,,bus
bus_5048,La General Medical Center Station,34.055644,-118.21099,,bus
bus_5049,Figueroa / Washington,34.034572,-118.27174,,bus
bus_5050,Figueroa / Wilshire,34.050208,-118.258906,,bus
bus_5051,Live Oak / El Monte,34.106223,-118.037978,,bus
bus_5054,Fremont / Orange,34.084242,-118.151768,,bus
bus_5055,Fremont / Poplar,34.091221,-118.151873,,bus
bus_5058,Fremont / Commonwealth,34.088069,-118.151831,,bus
bus_5059,Fremont / Glendon,34.07397,-118.151666,,bus
bus_5060,Fremont / Hellman,34.069796,-118.151619,,bus
bus_5061,Fremont / Mission,34.080238,-118.151741,,bus
bus_5062,Fremont / Valley,34.077158,-118.151712,,bus
bus_5066,Rowena / Silver Lake,34.108091,-118.266892,,bus
bus_5067,Rowena / Silver Lake,34.107983,-118.267281,,bus
bus_5077,Garfield / Olympic,34.011657,-118.130637,,bus
bus_5080,Firestone / Hildreth,33.9522,-118.187281,,bus
bus_5081,Telegraph / Camfield,34.007843,-118.1562,,bus
bus_5082,Atlantic / Pomona,34.033649,-118.152543,,bus
bus_5083,Garfield / Ferguson,34.008496,-118.131186,,bus
bus_5084,3rd / Woods,34.033542,-118.156063,,bus
bus_5085,Mednik / Civic Center,34.034997,-118.161673,,bus
bus_5086,Mednik / Civic Center,34.035541,-118.161935,,bus
bus_5087,1st / Mednik,34.037113,-118.16218,,bus
bus_5088,Riverside / Lankershim,34.152383,-118.366633,,bus
bus_5089,Garvey / Montezuma,34.06464,-118.154816,,bus
bus_5091,Glendale / Chevy Chase,34.133789,-118.251776,,bus
bus_5092,Glendale / Colorado,34.142469,-118.249211,,bus
bus_5094,Glendale / Harvard,34.144305,-118.247964,,bus
bus_5095,Glendale / Lomita,34.140704,-118.250006,,bus
bus_5096,Glendale / Maple,34.139249,-118.250613,,bus
bus_5097,Glendale / Palmer,34.132107,-118.252045,,bus
bus_5098,Glendale / Windsor,34.137002,-118.251264,,bus
bus_5099,Glendale / Los Feliz,34.128492,-118.252633,,bus
bus_5100,Glendale / San Fernando,34.123033,-118.253667,,bus
bus_5101,Glenoaks / Alameda,34.177138,-118.29745,,bus
bus_5102,Glenoaks / Providencia,34.179621,-118.30104,,bus
bus_5104,Venice / Olive,34.035207,-118.26559,,bus
bus_5107,23rd / Grand,34.029274,-118.270766,,bus
bus_5108,Grand / 30th,34.023191,-118.274191,,bus
bus_5110,Grand / Jefferson,34.020455,-118.275948,,bus
bus_5111,Rosecrans / Main,33.90184,-118.273502,,bus
bus_5113,Grand / Washington,34.03245,-118.268281,,bus
bus_5114,3rd / La Verne,34.033267,-118.158295,,bus
bus_5120,Harbor / 6th,33.738563,-118.279702,,bus
bus_5121,Hawthorne / Lennox,33.938477,-118.352464,,bus
bus_5122,Hawthorne / 104th,33.942104,-118.352486,,bus
bus_5126,Venice / Hill,34.034885,-118.264592,,bus
bus_5127,Pomona / Beverly,34.03328,-118.155073,,bus
bus_5128,Hill / Venice,34.034897,-118.264236,,bus
bus_5129,Venice / Broadway,34.034202,-118.263814,,bus
bus_5130,Hill / 11th,34.040009,-118.260103,,bus
bus_5131,Hill / 12th,34.038585,-118.261418,,bus
bus_5132,Hill / 14th,34.036264,-118.263425,,bus
bus_5133,Hill / 1st,34.053811,-118.247234,,bus
bus_5135,Hill / 3rd,34.051495,-118.249416,,bus
bus_5137,Sunset / Alvarado,34.077662,-118.263989,,bus
bus_5138,6th / Hill,34.047387,-118.253315,,bus
bus_5139,Winnetka / Valerio,34.204734,-118.571162,,bus
bus_5140,Norwalk / Crewe,33.920644,-118.072763,,bus
bus_5141,San Antonio / Olive,33.911338,-118.074348,,bus
bus_5142,Hill / 8th,34.044323,-118.256082,,bus
bus_5143,Hill / 9th,34.042861,-118.257434,,bus
bus_5144,Adams / Grand,34.026463,-118.271978,,bus
bus_5145,Hill / Olympic,34.041457,-118.258737,,bus
bus_5146,Pico / Hill,34.037675,-118.261858,,bus
bus_5147,Hoover / Union,34.034676,-118.283827,,bus
bus_5148,Hoover / Santa Monica Fwy,34.03691,-118.283851,,bus
bus_5150,Hoover / 28th,34.029285,-118.283792,,bus
bus_5151,Hoover / 30th,34.027672,-118.283797,,bus
bus_5152,Hoover / 32nd,34.025381,-118.283759,,bus
bus_5153,Hoover / Adams,34.031981,-118.283821,,bus
bus_5154,Hoover / Washington,34.039545,-118.283913,,bus
bus_5156,Compton / 89th,33.956538,-118.2475,,bus
bus_5159,Alvarado / Beverly,34.0665,-118.270595,,bus
bus_5162,Indiana / Whittier,34.023684,-118.192164,,bus
bus_5163,Inglewood / Lennox,33.938329,-118.361461,,bus
bus_5164,Inglewood / 104th,33.941544,-118.361468,,bus
bus_5165,Inglewood / 111th,33.934686,-118.361484,,bus
bus_5167,Inglewood / Arbor Vitae,33.952498,-118.361367,,bus
bus_5169,Inglewood / Century,33.945586,-118.361479,,bus
bus_5170,Inglewood / 96th,33.949241,-118.361498,,bus
bus_5171,La Brea / Coliseum,34.018678,-118.355472,,bus
bus_5172,La Brea / Dockweiler,34.051862,-118.344022,,bus
bus_5174,Bixel / 6th,34.054201,-118.261757,,bus
bus_5175,Westwood / Santa Monica,34.050273,-118.437611,,bus
bus_5176,La Brea / Hardy,33.948952,-118.352489,,bus
bus_5180,La Brea / Queen,33.962763,-118.353196,,bus
bus_5181,La Brea / Market,33.956967,-118.352387,,bus
bus_5182,La Brea / Edgewood,34.054424,-118.343752,,bus
bus_5184,La Brea / Pickford,34.04219,-118.346652,,bus
bus_5185,La Brea / Obama,34.02182,-118.355468,,bus
bus_5186,La Brea / Roseland,34.026982,-118.353682,,bus
bus_5187,La Brea / San Vicente,34.049842,-118.34403,,bus
bus_5188,La Brea / Tamarack,33.954649,-118.352278,,bus
bus_5189,La Brea / Venice,34.045648,-118.34533,,bus
bus_5190,La Brea / 1st,34.073375,-118.343882,,bus
bus_5191,La Brea / 21st,34.03871,-118.34816,,bus
bus_5192,La Brea / 23rd,34.036107,-118.349225,,bus
bus_5193,La Brea / 2nd,34.070839,-118.343869,,bus
bus_5194,La Brea / 3rd,34.068704,-118.34386,,bus
bus_5195,La Brea / 4th,34.066687,-118.343862,,bus
bus_5196,La Brea / 62nd,33.983671,-118.358143,,bus
bus_5197,La Brea / 6th,34.064711,-118.343863,,bus
bus_5198,La Brea / 8th,34.06037,-118.344569,,bus
bus_5199,La Brea / 9th,34.058681,-118.345235,,bus
bus_5200,La Brea / Adams,34.032294,-118.350869,,bus
bus_5201,La Brea / Century,33.945734,-118.352491,,bus
bus_5202,La Brea / Jefferson,34.02536,-118.354751,,bus
bus_5203,La Brea / Olympic,34.056987,-118.34568,,bus
bus_5204,La Brea / Pico,34.047645,-118.344582,,bus
bus_5205,La Brea / Washington,34.040154,-118.347443,,bus
bus_5206,La Brea / Westhaven,34.028574,-118.352573,,bus
bus_5208,Westwood / Wilshire,34.05841,-118.44378,,bus
bus_5210,La Cienega / Airdrome,34.046936,-118.376026,,bus
bus_5211,La Cienega / Cashio,34.050552,-118.375992,,bus
bus_5212,La Cienega / Clemson,34.02405,-118.372055,,bus
bus_5213,La Cienega / Gregory,34.062478,-118.37597,,bus
bus_5214,La Cienega / Guthrie,34.040198,-118.376857,,bus
bus_5216,La Cienega / 4th,34.071897,-118.37627,,bus
bus_5217,La Cienega / Sawyer,34.042393,-118.376276,,bus
bus_5218,La Cienega / 18th,34.044348,-118.376661,,bus
bus_5220,La Cienega / San Vicente,34.070314,-118.37621,,bus
bus_5221,La Cienega / Jefferson,34.026993,-118.3719,,bus
bus_5222,Jefferson / La Cienega,34.026414,-118.371577,,bus
bus_5223,La Cienega / Olympic,34.059744,-118.376001,,bus
bus_5224,La Cienega / Pico,34.053621,-118.375999,,bus
bus_5225,La Cienega / Whitworth,34.056864,-118.375997,,bus
bus_5227,Main / 61st,33.984455,-118.273764,,bus
bus_5228,La Tijera / Fairview,33.980024,-118.369283,,bus
bus_5230,Lake / Cordova,34.142704,-118.132174,,bus
bus_5232,Lake / Del Mar,34.14084,-118.132164,,bus
bus_5233,Lake / Green,34.144726,-118.132177,,bus
bus_5235,Long Beach / Alondra,33.888988,-118.206982,,bus
bus_5236,Long Beach / Bennett,33.883355,-118.205301,,bus
bus_5237,Main / 55th,33.992641,-118.273784,,bus
bus_5238,Long Beach / Greenleaf,33.881257,-118.20468,,bus
bus_5239,Long Beach / Myrrh,33.892669,-118.207587,,bus
bus_5243,Main / 54th,33.99355,-118.273784,,bus
bus_5250,Main / 51st,33.99673,-118.273798,,bus
bus_5251,Main / 11th,34.039693,-118.257461,,bus
bus_5253,Main / 132nd,33.912621,-118.273803,,bus
bus_5254,Main / 135th,33.909455,-118.273813,,bus
bus_5255,Main / 139th,33.906105,-118.273802,,bus
bus_5256,Main / 140th,33.904498,-118.273823,,bus
bus_5257,Main / 43rd,34.005891,-118.273828,,bus
bus_5259,Main / 3rd,34.049268,-118.245923,,bus
bus_5262,Main / 46th,34.001746,-118.274121,,bus
bus_5263,Main / 47th,34.000304,-118.27412,,bus
bus_5264,Main / 49th,33.998482,-118.274111,,bus
bus_5266,Main / 51st,33.99666,-118.274105,,bus
bus_5268,Main / 54th,33.993481,-118.274091,,bus
bus_5269,Main / 55th,33.992159,-118.27409,,bus
bus_5271,Main / 5th,34.046518,-118.248516,,bus
bus_5278,Main / 41st,34.008379,-118.273836,,bus
bus_5279,Main / Pico,34.036145,-118.260335,,bus
bus_5280,Main / Vernon,34.003978,-118.274129,,bus
bus_5282,Main / 41st,34.007968,-118.274148,,bus
bus_5283,Main / 43rd,34.005442,-118.274137,,bus
bus_5285,Main / 59th,33.985848,-118.274073,,bus
bus_5289,Main / 7th,34.044037,-118.251028,,bus
bus_5290,Main / 61st,33.984042,-118.274074,,bus
bus_5291,Burbank / Pass,34.173523,-118.354426,,bus
bus_5292,Main / 9th,34.04141,-118.255014,,bus
bus_5294,Burbank / Whitnall,34.172374,-118.356768,,bus
bus_5295,Burbank / Whitnall,34.172564,-118.357037,,bus
bus_5297,Main / Slauson,33.988939,-118.274073,,bus
bus_5302,Mednik / 4th,34.03141,-118.163372,,bus
bus_5303,Mission / Broadway,34.099301,-118.109799,,bus
bus_5304,25965 Normandie,33.787497,-118.297287,,bus
bus_5306,Normandie / Exposition,34.018645,-118.300062,,bus
bus_5307,Normandie / Leighton,34.013088,-118.300052,,bus
bus_5309,Normandie / Santa Monica Fwy,34.0368,-118.30015,,bus
bus_5310,Normandie / 104th,33.942155,-118.30015,,bus
bus_5311,Normandie / 106th,33.939844,-118.300155,,bus
bus_5313,Normandie / 110th,33.935777,-118.30017,,bus
bus_5314,Normandie / 112th,33.933081,-118.300174,,bus
bus_5315,Normandie / 11th,34.050677,-118.299846,,bus
bus_5319,Normandie / 24th,34.034409,-118.300131,,bus
bus_5320,Normandie / 29th,34.028996,-118.300112,,bus
bus_5322,Normandie / 36th,34.021747,-118.300076,,bus
bus_5323,Normandie / 39th,34.015391,-118.300053,,bus
bus_5324,Normandie / 3rd,34.069304,-118.30024,,bus
bus_5325,Normandie / 42nd,34.0072,-118.30006,,bus
bus_5326,Normandie / 46th,34.001528,-118.30005,,bus
bus_5327,Normandie / 4th,34.067485,-118.30024,,bus
bus_5328,Normandie / 51st,33.99675,-118.300052,,bus
bus_5329,Normandie / 54th,33.993048,-118.300056,,bus
bus_5331,Normandie / 5th,34.065259,-118.300239,,bus
bus_5332,Normandie / 60th,33.985747,-118.300089,,bus
bus_5335,Normandie / 67th,33.97838,-118.300142,,bus
bus_5336,Normandie / 6th,34.063858,-118.300244,,bus
bus_5337,Normandie / 70th,33.976069,-118.30015,,bus
bus_5339,Normandie / 76th,33.970837,-118.300187,,bus
bus_5341,Normandie / 79th,33.967166,-118.300115,,bus
bus_5343,Normandie / 83rd,33.963539,-118.300121,,bus
bus_5344,Normandie / 89th,33.957139,-118.300122,,bus
bus_5345,Normandie / 90th,33.954889,-118.300127,,bus
bus_5346,Normandie / 92nd,33.953067,-118.300123,,bus
bus_5347,Normandie / 95th,33.949907,-118.300171,,bus
bus_5348,Normandie / 98th,33.946681,-118.30014,,bus
bus_5349,Normandie / Adams,34.033013,-118.300123,,bus
bus_5350,Vermont / Anaheim,33.78291,-118.297715,,bus
bus_5351,Normandie / Century,33.945271,-118.300138,,bus
bus_5352,Normandie / Florence,33.974373,-118.30017,,bus
bus_5353,Normandie / Gage,33.982134,-118.300125,,bus
bus_5356,Normandie / Jefferson,34.025794,-118.300114,,bus
bus_5357,Normandie / Manchester,33.959799,-118.300124,,bus
bus_5358,Normandie / Olympic,34.05293,-118.29994,,bus
bus_5359,Normandie / Pico,34.047019,-118.299962,,bus
bus_5360,Normandie / Slauson,33.988924,-118.300071,,bus
bus_5361,Normandie / Venice,34.043523,-118.300359,,bus
bus_5362,Normandie / Vernon,34.003493,-118.30005,,bus
bus_5363,Normandie / Washington,34.040275,-118.300291,,bus
bus_5364,Wilshire / Normandie,34.061626,-118.300529,,bus
bus_5368,Olympic / Grand,34.042997,-118.260822,,bus
bus_5369,Burbank / Pass,34.173154,-118.354246,,bus
bus_5370,Olive / 11th,34.04065,-118.260936,,bus
bus_5372,Olive / 14th,34.036427,-118.264293,,bus
bus_5373,Burbank / Cahuenga,34.17205,-118.361689,,bus
bus_5374,Burbank / Cahuenga,34.172308,-118.361987,,bus
bus_5376,Olive / 23rd,34.029003,-118.26895,,bus
bus_5377,1st / Hill,34.054416,-118.246958,,bus
bus_5378,Olive / 5th,34.04962,-118.252576,,bus
bus_5382,Olive / 7th,34.04677,-118.255261,,bus
bus_5383,Olive / 8th,34.045008,-118.256883,,bus
bus_5386,Santa Monica / Vine,34.090595,-118.326329,,bus
bus_5387,Santa Monica / Normandie,34.090705,-118.299785,,bus
bus_5388,Olive / Pico,34.038081,-118.263255,,bus
bus_5389,Olive / Washington,34.032147,-118.267574,,bus
bus_5391,Pacific / Hamilton,33.722725,-118.287827,,bus
bus_5392,Pacific / Riverdale,34.138884,-118.26429,,bus
bus_5393,Pacific / Stephen White,33.711376,-118.287779,,bus
bus_5394,Pacific / Vine,34.140693,-118.264292,,bus
bus_5395,Pacific / 11th,33.734092,-118.287774,,bus
bus_5396,Pacific / 15th,33.730465,-118.287791,,bus
bus_5397,Pacific / 17th,33.728654,-118.287802,,bus
bus_5401,Pacific / 19th,33.72683,-118.287818,,bus
bus_5402,Pacific / 26th,33.720444,-118.287806,,bus
bus_5403,Pacific / 28th,33.718773,-118.287791,,bus
bus_5404,Pacific / 30th,33.716817,-118.287784,,bus
bus_5405,Pacific / 32nd,33.714998,-118.287781,,bus
bus_5406,Pacific / 34th,33.713196,-118.287778,,bus
bus_5407,Pacific / 39th,33.708585,-118.287782,,bus
bus_5408,Pacific / 3rd,33.741767,-118.287735,,bus
bus_5409,Pacific / 5th,33.739533,-118.28775,,bus
bus_5410,Pacific / 7th,33.737728,-118.287757,,bus
bus_5411,Pacific / 7th,33.738002,-118.288061,,bus
bus_5412,Garfield / Gage,33.973542,-118.147264,,bus
bus_5413,Pacific / 9th,33.735857,-118.287764,,bus
bus_5414,Garfield / Loveland,33.97032,-118.149018,,bus
bus_5416,Garfield / Loveland,33.969803,-118.148983,,bus
bus_5418,Prairie / 108th,33.938007,-118.343755,,bus
bus_5419,Prairie / 111th,33.935111,-118.343747,,bus
bus_5421,Prairie / Pincay,33.957055,-118.343781,,bus
bus_5424,Ramona / Warwick,34.064259,-118.157916,,bus
bus_5425,Ramona / Main,34.095421,-118.10767,,bus
bus_5426,Ramona / Grand,34.091892,-118.107893,,bus
bus_5427,Robertson / Airdrome,34.048695,-118.385396,,bus
bus_5428,Robertson / Beverlywood,34.038128,-118.388278,,bus
bus_5429,Robertson / Burton,34.071859,-118.383904,,bus
bus_5430,Robertson / Cadillac,34.04098,-118.387506,,bus
bus_5431,Robertson / Cashio,34.052074,-118.383942,,bus
bus_5432,Robertson / Cattaraugus,34.034696,-118.389193,,bus
bus_5434,Robertson / Gregory,34.062812,-118.383374,,bus
bus_5435,Robertson / Kincardine,34.033448,-118.389494,,bus
bus_5437,Robertson / Sawyer,34.044732,-118.386486,,bus
bus_5438,Robertson / 18th,34.046616,-118.385967,,bus
bus_5439,Robertson / 24th,34.039525,-118.387902,,bus
bus_5441,Robertson / Olympic,34.05966,-118.383449,,bus
bus_5442,Robertson / Whitworth,34.057376,-118.383498,,bus
bus_5443,Rosemead / Del Mar,34.1426,-118.073178,,bus
bus_5444,Rosemead / California,34.134931,-118.073082,,bus
bus_5445,Rosemead / Huntington,34.130779,-118.073003,,bus
bus_5446,Rosemead / Laurita,34.137277,-118.073108,,bus
bus_5453,San Fernando / Alameda,34.174395,-118.299603,,bus
bus_5454,San Fernando / Providencia,34.177295,-118.303584,,bus
bus_5455,San Fernando / Santa Anita,34.178254,-118.304903,,bus
bus_5457,San Gabriel / Coleridge,34.131941,-118.093158,,bus
bus_5460,San Gabriel / California,34.136034,-118.094233,,bus
bus_5461,Calada / Olympic,34.018148,-118.198021,,bus
bus_5463,San Gabriel / Del Mar,34.142417,-118.094461,,bus
bus_5464,San Gabriel / Kinghurst,34.124202,-118.090449,,bus
bus_5466,San Gabriel / Morningside,34.144187,-118.094447,,bus
bus_5470,San Gabriel / San Pasqual,34.138147,-118.094443,,bus
bus_5471,San Gabriel / Shakespeare,34.129941,-118.092309,,bus
bus_5472,National / Venice,34.029513,-118.388542,,bus
bus_5473,San Pedro / 104th,33.942079,-118.26967,,bus
bus_5474,San Pedro / 108th,33.938028,-118.26966,,bus
bus_5475,San Pedro / 109th,33.936272,-118.269664,,bus
bus_5476,San Pedro / 111th,33.934077,-118.26967,,bus
bus_5477,San Pedro / 116th,33.928405,-118.269715,,bus
bus_5479,San Pedro / 11th,34.035434,-118.252206,,bus
bus_5482,San Pedro / 14th,34.03138,-118.255105,,bus
bus_5483,San Pedro / 21st,34.026064,-118.25862,,bus
bus_5484,San Pedro / 23rd,34.024239,-118.259783,,bus
bus_5485,San Pedro / 30th,34.018631,-118.263356,,bus
bus_5487,San Pedro / 67th,33.978947,-118.269656,,bus
bus_5489,San Pedro / 76th,33.971461,-118.269645,,bus
bus_5490,San Pedro / 79th,33.967197,-118.269401,,bus
bus_5491,San Pedro / 83rd,33.963581,-118.269379,,bus
bus_5492,San Pedro / 83rd,33.963883,-118.269618,,bus
bus_5493,San Pedro / 88th,33.956216,-118.269656,,bus
bus_5495,San Pedro / 92nd,33.953018,-118.269662,,bus
bus_5496,San Pedro / 9th,34.037556,-118.250242,,bus
bus_5497,San Pedro / Adams,34.021768,-118.261363,,bus
bus_5498,San Pedro / Century,33.945733,-118.269668,,bus
bus_5499,San Pedro / Colden,33.948948,-118.269662,,bus
bus_5500,San Pedro / Florence,33.97486,-118.269653,,bus
bus_5501,Imperial / San Pedro,33.931071,-118.269674,,bus
bus_5502,Manchester / San Pedro,33.960247,-118.269827,,bus
bus_5503,Manchester / San Pedro,33.959996,-118.269167,,bus
bus_5504,San Pedro / Pico,34.032621,-118.254228,,bus
bus_5505,Rocketdyne Layover,34.191097,-118.597315,,bus
bus_5506,San Pedro / Washington,34.027516,-118.257681,,bus
bus_5507,Canoga Station,34.190781,-118.597315,,bus
bus_5509,Jefferson / Beethoven,33.975923,-118.421153,,bus
bus_5511,La Cienega / Wilshire,34.065422,-118.37636,,bus
bus_5512,Agoura / Chesebro,34.140569,-118.739329,,bus
bus_5514,Magnolia / Kester,34.164998,-118.457104,,bus
bus_5518,Santa Anita / Bonita,34.138131,-118.031222,,bus
bus_5519,Santa Anita / Diamond,34.135919,-118.031191,,bus
bus_5520,Santa Anita / Camino Real,34.122075,-118.030928,,bus
bus_5521,Santa Anita / Duarte,34.129785,-118.03108,,bus
bus_5524,Santa Anita / Longden,34.114433,-118.03079,,bus
bus_5525,Santa Anita / Palm,34.111584,-118.030729,,bus
bus_5526,Santa Anita / Genoa,34.132198,-118.03112,,bus
bus_5528,Santa Fe / 15th,34.020964,-118.230003,,bus
bus_5530,Santa Fe / 25th,34.015099,-118.230181,,bus
bus_5531,Santa Fe / 27th,34.01269,-118.230148,,bus
bus_5532,Santa Fe / 30th,34.009843,-118.230118,,bus
bus_5533,Santa Fe / 38th,34.007892,-118.230099,,bus
bus_5534,Santa Fe / 8th,34.029452,-118.229789,,bus
bus_5536,Santa Fe / Harcourt,33.867092,-118.212518,,bus
bus_5537,Santa Fe / Olympic,34.025943,-118.229756,,bus
bus_5538,Wilshire / Union,34.055144,-118.26993,,bus
bus_5539,Santa Fe / RR-Xing,33.871912,-118.213795,,bus
bus_5541,Santa Fe / Violet,34.032851,-118.229844,,bus
bus_5543,Sepulveda Westway / La Tijera,33.957976,-118.3981,,bus
bus_5546,Bonnie / Colorado,34.14572,-118.115714,,bus
bus_5550,Santa Anita / Ramona,34.072174,-118.042348,,bus
bus_5551,Fletcher / Avenue 32,34.116487,-118.243321,,bus
bus_5552,Westchester / Sepulveda,33.954519,-118.39588,,bus
bus_5557,Fletcher / Avenue 32,34.116503,-118.243681,,bus
bus_5558,Soto / 26th,34.0146,-118.219756,,bus
bus_5559,Soto / Bandini,34.008719,-118.219559,,bus
bus_5560,Soto / 46th,34.00174,-118.219468,,bus
bus_5562,Soto / 54th,33.9935,-118.219265,,bus
bus_5563,6th / Santa Monica,34.018315,-118.493528,,bus
bus_5564,Soto / 6th,34.03728,-118.21368,,bus
bus_5565,Soto / 7th,34.032114,-118.216894,,bus
bus_5566,Wilshire / 6th,34.020667,-118.496646,,bus
bus_5567,Soto / 8th,34.027782,-118.219312,,bus
bus_5568,Soto / Olympic,34.024555,-118.21966,,bus
bus_5569,6th / Locust,33.774073,-118.191185,,bus
bus_5570,Fletcher / Riverside,34.10597,-118.256332,,bus
bus_5572,Colorado / Madison,34.145731,-118.138596,,bus
bus_5573,Soto / Fruitland,33.996291,-118.219338,,bus
bus_5575,Soto / Leonis,33.999861,-118.219424,,bus
bus_5583,Wilshire / Vermont Station,34.062566,-118.290001,,bus
bus_5584,Magnolia / Noble,34.164737,-118.46155,,bus
bus_5585,6th / Spring,34.045711,-118.250749,,bus
bus_5586,Magnolia / Noble,34.164994,-118.462047,,bus
bus_5588,Alameda / 6th Layover,34.036923,-118.238629,,bus
bus_5590,Florence / Locust,33.967772,-118.350462,,bus
bus_5595,Sunset / Fairview,34.128151,-118.064677,,bus
bus_5596,Live Oak / McCulloch,34.106673,-118.035026,,bus
bus_5597,Susana / Val Verde,33.852253,-118.206664,,bus
bus_5598,Susana / Reyes,33.855705,-118.205783,,bus
bus_5601,Van Ness / Cullivan,33.935683,-118.317649,,bus
bus_5602,Van Ness / Hyde Park,33.984265,-118.317569,,bus
bus_5603,Van Ness / 104th,33.94169,-118.317626,,bus
bus_5604,Van Ness / 108th,33.938065,-118.317642,,bus
bus_5605,Van Ness / 111th,33.933364,-118.317647,,bus
bus_5608,Van Ness / 54th,33.993004,-118.317352,,bus
bus_5609,Van Ness / 59th,33.987175,-118.317551,,bus
bus_5610,Van Ness / Southwest,33.983185,-118.317579,,bus
bus_5611,Van Ness / 65th,33.979871,-118.317602,,bus
bus_5612,Van Ness / 67th,33.978074,-118.317609,,bus
bus_5613,Van Ness / 74th,33.972644,-118.317618,,bus
bus_5614,Van Ness / 76th,33.97077,-118.317621,,bus
bus_5615,Van Ness / 79th,33.967113,-118.317623,,bus
bus_5616,Van Ness / 83rd,33.963928,-118.317628,,bus
bus_5617,Van Ness / 90th,33.956196,-118.317608,,bus
bus_5618,Van Ness / Arbor Vitae,33.952538,-118.317611,,bus
bus_5619,Van Ness / 96th,33.949376,-118.317612,,bus
bus_5620,Van Ness / Century,33.945748,-118.317618,,bus
bus_5621,Van Ness / Florence,33.97437,-118.317614,,bus
bus_5622,Van Ness / Gage,33.981677,-118.317589,,bus
bus_5624,Van Ness / Manchester,33.960254,-118.317624,,bus
bus_5625,Van Ness / Manchester,33.960254,-118.317861,,bus
bus_5626,Foothill / Bledsoe,34.321218,-118.44786,,bus
bus_5627,Whittier / Rosemead,34.001026,-118.082749,,bus
bus_5628,Venice / Abbot Kinney,33.988796,-118.462338,,bus
bus_5629,Venice / Lincoln,33.994038,-118.452263,,bus
bus_5630,Venice / Washington,33.987526,-118.464525,,bus
bus_5633,Burbank / Troost,34.172296,-118.386802,,bus
bus_5635,Vermont / Exposition,34.018622,-118.291386,,bus
bus_5636,Vermont / Francisco,33.850104,-118.290356,,bus
bus_5637,Vermont / Leighton,34.013505,-118.291388,,bus
bus_5638,Vermont / Lomita,33.798038,-118.290636,,bus
bus_5641,Venice / Vermont,34.044374,-118.291743,,bus
bus_5642,Vermont / 103rd,33.943311,-118.291411,,bus
bus_5643,Vermont / 104th,33.941783,-118.291412,,bus
bus_5644,Vermont / 108th,33.937983,-118.291415,,bus
bus_5646,Vermont / 110th,33.935642,-118.291407,,bus
bus_5647,Vermont / 112th,33.932707,-118.29143,,bus
bus_5648,Vermont / 11th,34.05064,-118.291458,,bus
bus_5649,Burbank / Troost,34.172038,-118.386801,,bus
bus_5650,Lankershim / Burbank,34.171998,-118.379033,,bus
bus_5651,Vermont / 190th,33.858743,-118.290372,,bus
bus_5652,Vermont / 1st,34.072631,-118.291515,,bus
bus_5653,Vermont / 24th,34.034254,-118.291387,,bus
bus_5655,Vermont / 29th,34.028253,-118.291386,,bus
bus_5656,Vermont / 36th,34.02229,-118.291382,,bus
bus_5658,Vermont / 39th,34.015948,-118.29139,,bus
bus_5659,Vermont / 3rd,34.068866,-118.291495,,bus
bus_5660,Vermont / 42nd,34.007191,-118.291386,,bus
bus_5661,Vermont / 46th,34.001926,-118.291381,,bus
bus_5662,Vermont / 48th,33.99989,-118.291367,,bus
bus_5663,Vermont / 4th,34.06719,-118.291489,,bus
bus_5664,Vermont / 51st,33.996276,-118.291354,,bus
bus_5665,Vermont / 54th,33.993105,-118.291333,,bus
bus_5666,Vermont / 56th,33.991278,-118.29132,,bus
bus_5668,Vermont / 60th,33.985733,-118.291311,,bus
bus_5669,Vermont / 66th,33.979434,-118.291464,,bus
bus_5673,Vermont / 76th,33.970979,-118.291467,,bus
bus_5674,Vermont / 79th,33.96811,-118.291477,,bus
bus_5675,Vermont / 7th,34.060054,-118.291474,,bus
bus_5676,Vermont / 81st,33.965703,-118.291489,,bus
bus_5678,Vermont / 88th,33.958223,-118.291535,,bus
bus_5679,Vermont / 8th,34.057625,-118.291472,,bus
bus_5680,Vermont / 90th,33.954852,-118.291382,,bus
bus_5681,Vermont / 92nd,33.952662,-118.291387,,bus
bus_5682,Burbank / Whitsett,34.172024,-118.404869,,bus
bus_5683,Vermont / 94th,33.951242,-118.291392,,bus
bus_5685,Vermont / James M Wood,34.055776,-118.291466,,bus
bus_5686,Vermont / Adams,34.033045,-118.291383,,bus
bus_5689,Vermont / Colden,33.948917,-118.291401,,bus
bus_5690,Vermont / Florence,33.975181,-118.291446,,bus
bus_5691,Vermont / Gage,33.982438,-118.291316,,bus
bus_5692,Vermont / Imperial,33.930786,-118.29143,,bus
bus_5694,Vermont / Manchester,33.960306,-118.291513,,bus
bus_5695,Vermont / Olympic,34.052324,-118.29145,,bus
bus_5697,Vermont / Sepulveda,33.810415,-118.290179,,bus
bus_5699,Vermont / Torrance,33.841903,-118.28987,,bus
bus_5702,Vermont / Wilshire,34.062079,-118.291474,,bus
bus_5708,Western / Exposition,34.017987,-118.309045,,bus
bus_5710,Western / Santa Monica Fwy,34.037509,-118.308827,,bus
bus_5713,Western / Venice,34.04409,-118.308861,,bus
bus_5714,Western / 104th,33.94171,-118.308859,,bus
bus_5717,Western / 108th,33.937937,-118.308868,,bus
bus_5718,Western / 110th,33.935079,-118.308861,,bus
bus_5720,Western / 11th,34.050701,-118.308889,,bus
bus_5721,Western / 1st,34.073574,-118.308973,,bus
bus_5723,Western / 29th,34.028122,-118.308766,,bus
bus_5724,Western / 2nd,34.071021,-118.308964,,bus
bus_5725,Western / 36th,34.021753,-118.308735,,bus
bus_5726,3rd / La Verne,34.033522,-118.159141,,bus
bus_5727,Western / 38th,34.016812,-118.30874,,bus
bus_5728,Western / 39th,34.014473,-118.308748,,bus
bus_5729,Western / 3rd,34.068631,-118.308951,,bus
bus_5730,Western / 42nd,34.007142,-118.308754,,bus
bus_5731,Western / 48th,33.999945,-118.308761,,bus
bus_5733,Western / 51st,33.995851,-118.308769,,bus
bus_5734,Western / 54th,33.993532,-118.308777,,bus
bus_5739,Western / 5th,34.065633,-118.30894,,bus
bus_5740,Western / 60th,33.985764,-118.308791,,bus
bus_5742,Western / 67th,33.978369,-118.3088,,bus
bus_5743,Western / 69th,33.976866,-118.308807,,bus
bus_5744,Glenoaks / Central,34.159204,-118.257507,,bus
bus_5745,Reseda / Roscoe,34.221004,-118.536238,,bus
bus_5746,Western / 76th,33.97079,-118.308818,,bus
bus_5747,Western / 79th,33.967174,-118.308824,,bus
bus_5748,Western / 7th,34.05956,-118.308915,,bus
bus_5749,Western / 83rd,33.96394,-118.308829,,bus
bus_5750,Western / 89th,33.95621,-118.30884,,bus
bus_5751,Western / 8th,34.057521,-118.308914,,bus
bus_5752,Western / 92nd,33.952583,-118.308837,,bus
bus_5753,Western / 96th,33.948541,-118.308848,,bus
bus_5754,Slauson / Ruthelen,33.98927,-118.312763,,bus
bus_5755,Western / 9th,34.055732,-118.308914,,bus
bus_5756,Western / Adams,34.032516,-118.308805,,bus
bus_5759,Western / Century,33.945612,-118.308834,,bus
bus_5760,Western / Florence,33.97494,-118.30881,,bus
bus_5762,Western / Gage,33.982246,-118.308794,,bus
bus_5763,Imperial / Western,33.930853,-118.308714,,bus
bus_5765,Rowena / Hyperion,34.109028,-118.271184,,bus
bus_5766,Rowena / Hyperion,34.109215,-118.271087,,bus
bus_5767,Western / Jefferson,34.025349,-118.308745,,bus
bus_5768,1st / Pine,33.768144,-118.192132,,bus
bus_5769,Western / Manchester,33.959667,-118.308823,,bus
bus_5771,Wilshire / 23rd,34.033341,-118.480987,,bus
bus_5772,Wilshire / 23rd,34.033441,-118.480415,,bus
bus_5774,Western / Washington,34.039729,-118.308838,,bus
bus_5775,Western / Wilshire,34.062058,-118.308924,,bus
bus_5777,Wilshire / 14th,34.026791,-118.488659,,bus
bus_5778,Weymouth / 7th,33.737795,-118.309566,,bus
bus_5779,7th / Walker,33.737852,-118.303025,,bus
bus_5780,Weymouth / 9th,33.736393,-118.309574,,bus
bus_5781,Willowbrook / 121st,33.922069,-118.234086,,bus
bus_5782,Willowbrook / 124th,33.919686,-118.232827,,bus
bus_5783,Westchester / Airport,33.952749,-118.386358,,bus
bus_5784,Willowbrook / Cocoa,33.889098,-118.223434,,bus
bus_5785,Willowbrook / 130th,33.914232,-118.229977,,bus
bus_5786,Willowbrook / El Segundo,33.916043,-118.230921,,bus
bus_5788,Willowbrook / Greenleaf,33.881438,-118.222912,,bus
bus_5789,Willowbrook / Stockwell,33.911193,-118.228367,,bus
bus_5790,Willowbrook / Caldwell,33.884887,-118.223175,,bus
bus_5791,Willowbrook / Compton,33.895739,-118.223843,,bus
bus_5794,Slauson / Paramount,33.973657,-118.113035,,bus
bus_5795,Wilmington / 119th,33.925148,-118.238904,,bus
bus_5802,Slauson / Rosemead,33.971204,-118.10525,,bus
bus_5803,The Shops At Santa Anita,34.132873,-118.050514,,bus
bus_5804,San Antonio / Firestone,33.909313,-118.075904,,bus
bus_5805,San Antonio / Foster,33.907601,-118.077155,,bus
bus_5807,San Antonio / Orange,33.904139,-118.080724,,bus
bus_5810,Sepulveda / Skirball Center,34.124887,-118.478287,,bus
bus_5811,San Fernando / Sheldon,34.239271,-118.393521,,bus
bus_5812,San Fernando Mission / Celis,34.283587,-118.443983,,bus
bus_5814,San Fernando Mission / Hollister,34.282081,-118.445594,,bus
bus_5815,San Fernando Mission / Kewen,34.281139,-118.446887,,bus
bus_5816,Passons / Slauson,33.967932,-118.097597,,bus
bus_5818,San Fernando / Allen,34.171602,-118.295771,,bus
bus_5820,San Fernando / Arvilla,34.210228,-118.356251,,bus
bus_5821,San Fernando / Astoria,34.296317,-118.455252,,bus
bus_5822,Santa Monica / Edgemont,34.09099,-118.296224,,bus
bus_5823,San Fernando / Branford,34.248206,-118.402961,,bus
bus_5824,San Fernando / Cobalt,34.307099,-118.469216,,bus
bus_5825,San Fernando / Del Sur,34.277049,-118.433505,,bus
bus_5826,San Fernando / Desmond,34.274441,-118.430737,,bus
bus_5827,San Fernando / El Casco,34.303378,-118.4644,,bus
bus_5828,San Fernando / Doran,34.152935,-118.275133,,bus
bus_5829,San Fernando / Filmore,34.269045,-118.42502,,bus
bus_5830,San Fernando / Grandview,34.161755,-118.282712,,bus
bus_5832,San Fernando / Kagel Canyon,34.257138,-118.412397,,bus
bus_5833,San Fernando / Lakeside,34.301004,-118.461337,,bus
bus_5834,San Fernando / Lankershim,34.233437,-118.38734,,bus
bus_5835,San Fernando / Magnolia,34.130665,-118.260831,,bus
bus_5836,San Fernando / Montague,34.251185,-118.406093,,bus
bus_5837,Sun Valley Metrolink Station,34.22175,-118.372681,,bus
bus_5838,San Fernando / Osborne,34.254142,-118.409231,,bus
bus_5842,San Fernando / Penrose,34.224811,-118.3772,,bus
bus_5843,San Fernando / Pierce,34.263101,-118.418711,,bus
bus_5844,San Fernando / Polk,34.299142,-118.458936,,bus
bus_5846,San Fernando / Rosedale,34.16415,-118.285536,,bus
bus_5848,San Fernando / Roxford,34.309995,-118.472961,,bus
bus_5849,San Fernando / Brand,34.123723,-118.25469,,bus
bus_5851,San Fernando / Sonora,34.165966,-118.288029,,bus
bus_5852,San Fernando / Clybourn,34.216216,-118.364506,,bus
bus_5853,San Fernando / Sunland,34.219102,-118.368782,,bus
bus_5854,San Fernando / Terra Bella,34.260117,-118.415549,,bus
bus_5856,San Fernando / Truesdale,34.242261,-118.396639,,bus
bus_5857,San Fernando / Tuxford,34.227361,-118.380689,,bus
bus_5858,Ventura / Fruitland,34.138796,-118.365583,,bus
bus_5859,San Fernando / Van Nuys,34.266378,-118.42219,,bus
bus_5861,San Fernando / California,34.149914,-118.273242,,bus
bus_5862,San Fernando / Chevy Chase,34.133267,-118.2622,,bus
bus_5864,San Fernando / Cerritos,34.125815,-118.256827,,bus
bus_5865,San Fernando / Los Feliz,34.128613,-118.259255,,bus
bus_5866,Westchester / Airport,33.952545,-118.386359,,bus
bus_5867,San Fernando / Western,34.168789,-118.291906,,bus
bus_5868,San Fernando / Wicks,34.23628,-118.390354,,bus
bus_5869,Long Beach / 10th,33.779252,-118.189514,,bus
bus_5871,San Gabriel / Rose,34.121816,-118.091131,,bus
bus_5872,Wilshire / 17th,34.0291,-118.486247,,bus
bus_5874,Venice / Harvard,34.043472,-118.304186,,bus
bus_5876,Olympic / Mateo,34.026162,-118.232412,,bus
bus_5877,San Gabriel / Rose,34.121715,-118.091448,,bus
bus_5878,Compton / 118th,33.925795,-118.246139,,bus
bus_5879,Historic Broadway Layover,34.051883,-118.246961,,bus
bus_5881,San Pedro / 79th,33.968024,-118.269634,,bus
bus_5883,San Pedro / 16th,34.030081,-118.255996,,bus
bus_5886,San Vicente / Cynthia,34.086964,-118.385509,,bus
bus_5895,Sepulveda / Exposition,34.03573,-118.43443,,bus
bus_5896,Eastern / Harbor,34.003874,-118.159061,,bus
bus_5897,Commerce / Jillson,34.000127,-118.155594,,bus
bus_5898,San Vicente / Gracie Allen,34.074827,-118.37839,,bus
bus_5909,San Vicente / Carrillo Layover,34.061077,-118.367703,,bus
bus_5911,Broadway / 2nd,34.052206,-118.246653,,bus
bus_5913,Central / 108th,33.938132,-118.254309,,bus
bus_5917,Santa Monica / Avenue Of The Stars,34.06154,-118.417966,,bus
bus_5918,Santa Monica / Century Park East,34.063159,-118.4156,,bus
bus_5919,Central / Victoria,33.86723,-118.24879,,bus
bus_5924,Central / 120th,33.923256,-118.254166,,bus
bus_5926,Victory / Chandler,34.180337,-118.319936,,bus
bus_5927,Victory / Chandler,34.181141,-118.319994,,bus
bus_5928,Slauson / Paramount,33.973442,-118.113232,,bus
bus_5929,Slauson / Rosemead,33.970965,-118.105367,,bus
bus_5931,Santa Ana / Atlantic,33.960801,-118.186002,,bus
bus_5932,Santa Ana / California,33.962741,-118.204447,,bus
bus_5933,Santa Ana / Cypress,33.963922,-118.215774,,bus
bus_5934,Santa Ana / Mountain View,33.964306,-118.219212,,bus
bus_5935,Santa Ana / Otis,33.961732,-118.194865,,bus
bus_5936,Wilshire / Whittier,34.066968,-118.414471,,bus
bus_5937,Santa Ana / San Gabriel,33.962365,-118.200927,,bus
bus_5939,Santa Ana / Victoria,33.963407,-118.208884,,bus
bus_5940,Santa Anita / Daines,34.103607,-118.029623,,bus
bus_5942,Santa Anita / Freer,34.100337,-118.029014,,bus
bus_5943,Santa Anita / Linda Rae,34.126199,-118.031009,,bus
bus_5944,Santa Anita / Naomi,34.124347,-118.030972,,bus
bus_5945,Santa Anita / West Hondo,34.09663,-118.028289,,bus
bus_5946,Santa Anita / Wistaria,34.117621,-118.030831,,bus
bus_5947,4900 Santa Anita,34.094537,-118.02703,,bus
bus_5948,Santa Anita / Bodger,34.064174,-118.042473,,bus
bus_5949,Santa Anita / Bryant,34.081798,-118.034757,,bus
bus_5951,Santa Anita / Garvey,34.063067,-118.042343,,bus
bus_5952,Santa Anita / Lower Azusa,34.091951,-118.026273,,bus
bus_5953,Figueroa / Sunset,34.061847,-118.246583,,bus
bus_5954,Santa Anita / McGirk,34.086001,-118.029465,,bus
bus_5955,Santa Anita / Mildred,34.066971,-118.042269,,bus
bus_5956,Santa Anita / Mulhall,34.088887,-118.027263,,bus
bus_5957,Rosemead / San Gabriel,34.028227,-118.067999,,bus
bus_5958,Santa Anita / Tyler,34.084937,-118.031099,,bus
bus_5959,Santa Anita / Main,34.075347,-118.041162,,bus
bus_5960,Broadway / 87th,33.958477,-118.278371,,bus
bus_5961,Santa Anita Fashion Park,34.134363,-118.054144,,bus
bus_5962,Venice / Arlington,34.043434,-118.317385,,bus
bus_5966,Santa Gertrudes / Leffingwell,33.931485,-117.993033,,bus
bus_5967,Santa Gertrudes / Santa Fe,33.935939,-117.99296,,bus
bus_5969,Broadway / 4th,34.014938,-118.493901,,bus
bus_5973,Redondo Beach / Artesia,33.873181,-118.354037,,bus
bus_5974,Santa Monica / 14th,34.023921,-118.485713,,bus
bus_5977,Santa Monica / 20th,34.028798,-118.479672,,bus
bus_5979,Santa Monica / 26th,34.033139,-118.47433,,bus
bus_5980,Crescent Heights / Fountain,34.094274,-118.365808,,bus
bus_5985,Santa Monica / Crescent,34.07316,-118.401266,,bus
bus_5989,Crescent Heights / Sunset,34.097842,-118.365575,,bus
bus_5991,Santa Monica / Corinth,34.046019,-118.449668,,bus
bus_5995,Santa Monica / Formosa,34.090608,-118.346397,,bus
bus_5996,Kinross / Gayley,34.060133,-118.446807,,bus
bus_5997,Verdugo / San Fernando,34.17874,-118.305417,,bus
bus_5998,Topanga Canyon / Valerio,34.204934,-118.605792,,bus
bus_5999,Topanga Canyon / Valerio,34.204385,-118.606104,,bus
bus_6001,Santa Monica / Lincoln,34.019284,-118.491432,,bus
bus_6002,Santa Monica / Alexandria,34.090721,-118.298048,,bus
bus_6004,Santa Monica / Beverly,34.076987,-118.3957,,bus
bus_6006,Santa Monica / Camden,34.070097,-118.405742,,bus
bus_6007,Goodrich / Whittier,34.019415,-118.15362,,bus
bus_6009,Santa Monica / Crescent Heights,34.090656,-118.365587,,bus
bus_6011,Santa Monica / Sierra Bonita,34.090662,-118.354433,,bus
bus_6012,Santa Monica / Doheny,34.080956,-118.389398,,bus
bus_6013,Santa Monica / Edgemont,34.090734,-118.296221,,bus
bus_6014,Santa Monica / Fairfax,34.090704,-118.361716,,bus
bus_6015,Santa Monica / Fuller,34.090654,-118.349539,,bus
bus_6016,Santa Monica / Genesee,34.090953,-118.358355,,bus
bus_6017,Santa Monica / Gower,34.090625,-118.322426,,bus
bus_6018,Santa Monica / Highland,34.090855,-118.338921,,bus
bus_6019,Santa Monica / Highland,34.090574,-118.33819,,bus
bus_6020,Santa Monica / Hobart,34.090632,-118.304838,,bus
bus_6021,Santa Monica / Hoover,34.090756,-118.284741,,bus
bus_6022,Santa Monica / Kings,34.090582,-118.371895,,bus
bus_6023,Santa Monica / La Brea,34.090595,-118.344297,,bus
bus_6024,Santa Monica / La Peer,34.082797,-118.386722,,bus
bus_6025,Santa Monica / Las Palmas,34.090603,-118.336439,,bus
bus_6026,Santa Monica / Madison,34.09075,-118.289451,,bus
bus_6028,Santa Monica / Orange,34.090594,-118.341773,,bus
bus_6031,Santa Monica / Sweetzer,34.090592,-118.370445,,bus
bus_6032,Santa Monica / Van Ness,34.090637,-118.315893,,bus
bus_6033,Santa Monica / Vermont,34.090771,-118.29203,,bus
bus_6034,Santa Monica / Virgil,34.090742,-118.286914,,bus
bus_6035,State / Liberty,33.960847,-118.211159,,bus
bus_6036,Santa Monica / Wilton,34.09064,-118.313726,,bus
bus_6037,Santa Monica / Overland,34.051273,-118.432985,,bus
bus_6039,Santa Monica / Barrington,34.043754,-118.455783,,bus
bus_6040,Santa Monica / Beverly Glen,34.057689,-118.423718,,bus
bus_6041,Santa Monica / Bundy,34.040566,-118.463037,,bus
bus_6042,Sepulveda / Santa Monica,34.047254,-118.444179,,bus
bus_6044,Daly / Main,34.066112,-118.215594,,bus
bus_6045,Santa Monica / San Vicente,34.084954,-118.384397,,bus
bus_6048,Santa Monica / Thayer,34.05582,-118.426429,,bus
bus_6049,Santa Monica / Veteran,34.048733,-118.440212,,bus
bus_6050,Santa Monica / Wilshire,34.066822,-118.410488,,bus
bus_6052,Santa Monica / Vista,34.090641,-118.352138,,bus
bus_6053,Santa Monica / Century Park West,34.059147,-118.420913,,bus
bus_6055,Santa Monica / Westbourne,34.087544,-118.379455,,bus
bus_6056,Santa Monica / Western,34.090912,-118.309493,,bus
bus_6057,Santa Monica / Westholme,34.053986,-118.429091,,bus
bus_6058,Santa Monica / Westwood,34.049866,-118.436223,,bus
bus_6059,Santa Monica / Wilcox,34.090613,-118.331145,,bus
bus_6061,Rosemead / Slauson,33.971197,-118.104747,,bus
bus_6062,Rosemead / Slauson,33.970767,-118.105262,,bus
bus_6063,Wilshire / Santa Monica,34.066966,-118.411211,,bus
bus_6065,Santa Rosalia / Buckingham,34.01215,-118.342054,,bus
bus_6066,Santa Rosalia / Hillcrest,34.01374,-118.34629,,bus
bus_6067,Santa Rosalia / West,34.012821,-118.344475,,bus
bus_6069,Saticoy / Bellaire,34.205561,-118.409618,,bus
bus_6070,Saticoy / Whitsett,34.205171,-118.406382,,bus
bus_6071,Saticoy / Amestoy,34.208294,-118.505172,,bus
bus_6072,Saticoy / Atoll,34.20787,-118.421232,,bus
bus_6073,Saticoy / Balboa,34.208299,-118.501299,,bus
bus_6074,Saticoy / Beck,34.208372,-118.383572,,bus
bus_6075,Saticoy / Canoga,34.208174,-118.597665,,bus
bus_6076,Saticoy / Coldwater Canyon,34.206555,-118.414568,,bus
bus_6077,Saticoy / Corbin,34.20823,-118.561938,,bus
bus_6078,Saticoy / De Soto,34.208183,-118.588146,,bus
bus_6080,Saticoy / Encino,34.208282,-118.513904,,bus
bus_6081,Saticoy / Ethel,34.207298,-118.418339,,bus
bus_6082,Saticoy / Etiwanda,34.208276,-118.53185,,bus
bus_6083,Saticoy / Fair,34.208364,-118.374841,,bus
bus_6084,Saticoy / Fallbrook,34.208134,-118.623589,,bus
bus_6086,Saticoy / Farralone,34.208154,-118.610479,,bus
bus_6087,Saticoy / Gloria,34.208346,-118.479466,,bus
bus_6088,Saticoy / Haskell,34.208352,-118.474588,,bus
bus_6090,Saticoy / Lankershim,34.208374,-118.388028,,bus
bus_6091,Saticoy / Laurel Canyon,34.208379,-118.396667,,bus
bus_6092,Saticoy / Lindley,34.208289,-118.526988,,bus
bus_6093,Saticoy / Louise,34.208295,-118.509528,,bus
bus_6094,Saticoy / Lurline,34.208187,-118.583784,,bus
bus_6095,Saticoy / Mason,34.208206,-118.579418,,bus
bus_6096,Saticoy / Noble,34.208364,-118.461494,,bus
bus_6097,Saticoy / Oakdale,34.208219,-118.566793,,bus
bus_6098,Saticoy / Orion,34.208345,-118.470731,,bus
bus_6099,Saticoy / Oso,34.208208,-118.575538,,bus
bus_6100,Saticoy / Owensmouth,34.208168,-118.601257,,bus
bus_6101,Saticoy / Radford,34.208376,-118.391887,,bus
bus_6102,Saticoy / Reseda,34.208276,-118.536209,,bus
bus_6103,Saticoy / Rhea,34.208264,-118.541352,,bus
bus_6104,Saticoy / Royer,34.208372,-118.628099,,bus
bus_6105,Saticoy / Sale,34.208129,-118.619217,,bus
bus_6106,Saticoy / Sepulveda,34.208361,-118.465859,,bus
bus_6107,Saticoy / Shadyglade,34.208385,-118.402501,,bus
bus_6108,Saticoy / Shirley,34.208248,-118.557576,,bus
bus_6109,Saticoy / Shoup,34.208143,-118.614858,,bus
bus_6110,Saticoy / Tampa,34.208246,-118.553689,,bus
bus_6111,Saticoy / Tobias,34.208374,-118.452173,,bus
bus_6112,Saticoy / Topanga Canyon,34.208157,-118.60563,,bus
bus_6113,Saticoy / Tujunga,34.208369,-118.379213,,bus
bus_6114,Saticoy / Vanalden,34.20826,-118.548824,,bus
bus_6115,Saticoy / Variel,34.208181,-118.593025,,bus
bus_6116,Saticoy / Varna,34.2086,-118.424907,,bus
bus_6117,Saticoy / White Oak,34.208283,-118.518759,,bus
bus_6118,Saticoy / Wilbur,34.208261,-118.544968,,bus
bus_6119,Saticoy / Winnetka,34.208222,-118.570667,,bus
bus_6120,Saticoy / Woodley,34.208347,-118.483339,,bus
bus_6121,Saticoy / Zelzah,34.208286,-118.523128,,bus
bus_6122,Sayre / Eldridge,34.317936,-118.424865,,bus
bus_6123,Sayre / Eldridge,34.317973,-118.42515,,bus
bus_6124,Avenue 21 / Barranca,34.077035,-118.221534,,bus
bus_6125,Sepulveda / 8th,33.883641,-118.39614,,bus
bus_6126,Sayre / Gladstone,34.312668,-118.431094,,bus
bus_6129,Anaheim / Magnolia,33.782745,-118.198332,,bus
bus_6132,Westchester / Jetway,33.95339,-118.391431,,bus
bus_6133,Westchester / Jetway,33.953243,-118.391599,,bus
bus_6136,Pacific Coast Highway / Mariposa,33.923362,-118.396433,,bus
bus_6137,Sepulveda / Camarillo,34.157461,-118.465992,,bus
bus_6138,Sepulveda / Chase,34.224512,-118.467531,,bus
bus_6139,Sepulveda Station,34.182919,-118.467975,,bus
bus_6140,Sepulveda Station,34.18273,-118.467969,,bus
bus_6142,Sepulveda / Devonshire,34.257515,-118.467236,,bus
bus_6143,6th / Vermont,34.06374,-118.292089,,bus
bus_6144,Sepulveda / Getty Center,34.088963,-118.474713,,bus
bus_6145,Aviation / Century,33.945766,-118.378637,,bus
bus_6146,Sepulveda / Hesby,34.162009,-118.466011,,bus
bus_6147,Sepulveda / Lanark,34.218496,-118.466465,,bus
bus_6148,Aviation / Century,33.945764,-118.378327,,bus
bus_6149,Wilshire / Bonsall,34.05456,-118.455505,,bus
bus_6150,Studebaker / Dollison,33.934956,-118.098434,,bus
bus_6152,Sepulveda / Oxnard,34.17926,-118.466011,,bus
bus_6153,Sepulveda / Parthenia,34.227986,-118.467468,,bus
bus_6154,Sepulveda / Plummer,34.243067,-118.467373,,bus
bus_6155,Sepulveda / Rayen,34.232193,-118.467451,,bus
bus_6156,Sepulveda / Raymer,34.214071,-118.465987,,bus
bus_6157,Sepulveda / Rinaldi,34.278792,-118.468898,,bus
bus_6158,Sepulveda / Roscoe,34.221693,-118.467558,,bus
bus_6160,Sepulveda / Saticoy,34.208322,-118.466038,,bus
bus_6161,Sepulveda / Sherman Way,34.201468,-118.466033,,bus
bus_6162,Sepulveda / Stagg,34.211943,-118.466035,,bus
bus_6163,Arleta / Van Nuys,34.253601,-118.438432,,bus
bus_6164,Sunland / Nettleton,34.224362,-118.365778,,bus
bus_6165,Sepulveda / Valerio,34.204686,-118.466034,,bus
bus_6167,San Fernando / Humboldt,34.076704,-118.222548,,bus
bus_6168,Sepulveda / Ventura,34.15429,-118.466007,,bus
bus_6170,Ventura / De Soto,34.166316,-118.58861,,bus
bus_6171,Bellflower / Hall,33.931446,-118.125305,,bus
bus_6172,Seville / Broadway,33.966255,-118.222307,,bus
bus_6173,Seville / Grand,33.968719,-118.222314,,bus
bus_6175,Seville / Live Oak,33.971242,-118.222324,,bus
bus_6177,Van Nuys / Oxnard,34.17962,-118.448906,,bus
bus_6178,Seville / Santa Ana,33.964598,-118.222342,,bus
bus_6179,Shepard / Gaffey,33.706853,-118.29252,,bus
bus_6180,Shepard / Carolina,33.706857,-118.290817,,bus
bus_6182,Sherman Way / Varna,34.201079,-118.424862,,bus
bus_6183,Sherman Way / Enfield,34.20089,-118.524223,,bus
bus_6184,Sherman Way / Gloria,34.201064,-118.479464,,bus
bus_6185,Sherman Way / Jamieson,34.200901,-118.522202,,bus
bus_6186,Sherman Way / Radford,34.201115,-118.392277,,bus
bus_6187,Sherman Way / Rubio,34.201061,-118.495845,,bus
bus_6188,Sherman Way / Amestoy,34.201031,-118.505158,,bus
bus_6189,Sherman Way / Amigo,34.201013,-118.538749,,bus
bus_6191,Sherman Way / Balboa,34.201044,-118.500799,,bus
bus_6192,Sherman Way / Beck,34.201112,-118.383526,,bus
bus_6193,Sherman Way / Bellaire,34.201089,-118.40909,,bus
bus_6194,Sherman Way / Canoga,34.200905,-118.597293,,bus
bus_6195,Sherman Way / Coldwater Canyon,34.201092,-118.413988,,bus
bus_6196,Central / 1st,34.048483,-118.239016,,bus
bus_6197,Sherman Way / De Soto,34.20086,-118.588131,,bus
bus_6198,5th / San Pedro,34.044397,-118.244139,,bus
bus_6199,Sherman Way / Ethel,34.201085,-118.418317,,bus
bus_6200,Sepulveda / Federal Building Roadway,34.05237,-118.448077,,bus
bus_6201,Sherman Way / Eton,34.200911,-118.595632,,bus
bus_6202,Avenida Cesar Chavez / Westcott,34.040784,-118.15362,,bus
bus_6203,Sherman Way / Fallbrook,34.200869,-118.623062,,bus
bus_6204,Sherman Way / Farralone,34.200891,-118.609992,,bus
bus_6205,Sherman Way / Fulton,34.20108,-118.422193,,bus
bus_6206,Sherman Way / Haskell,34.201071,-118.475089,,bus
bus_6207,Sherman Way / Hayvenhurst,34.201036,-118.492061,,bus
bus_6208,Fresno / 4th,34.035848,-118.200549,,bus
bus_6210,Sherman Way / Lankershim,34.201114,-118.387448,,bus
bus_6211,Sherman Way / Laurel Canyon,34.200473,-118.396166,,bus
bus_6212,Sherman Way / Lindley,34.200933,-118.527484,,bus
bus_6213,Sherman Way / Louise,34.201029,-118.509523,,bus
bus_6214,Sherman Way / Lurline,34.200867,-118.583766,,bus
bus_6215,Sherman Way / Mason,34.200869,-118.579404,,bus
bus_6216,Sherman Way / Maynard,34.200879,-118.61992,,bus
bus_6217,Sherman Way / Corbin,34.200904,-118.561929,,bus
bus_6218,Sherman Way / Orion,34.201052,-118.470713,,bus
bus_6219,Sherman Way / Oso,34.200876,-118.575038,,bus
bus_6220,Sherman Way / Owensmouth,34.2009,-118.601737,,bus
bus_6221,Sherman Way / Ranchito,34.201083,-118.435267,,bus
bus_6222,Sherman Way / Etiwanda,34.200938,-118.531344,,bus
bus_6223,Sherman Way / Royer,34.200808,-118.62793,,bus
bus_6224,Sherman Way / Kester,34.201083,-118.4576,,bus
bus_6225,Sherman Way / Sepulveda,34.201079,-118.465845,,bus
bus_6226,Sherman Way / Shirley,34.200894,-118.557566,,bus
bus_6227,Sherman Way / Shoup,34.200886,-118.614338,,bus
bus_6228,Sherman Way / Tampa,34.200906,-118.553197,,bus
bus_6229,Sherman Way / Topanga Canyon,34.200897,-118.605577,,bus
bus_6230,Sherman Way / Fair,34.201107,-118.374825,,bus
bus_6231,Sherman Way / Hazeltine,34.201084,-118.439659,,bus
bus_6233,Sherman Way / Vanalden,34.200902,-118.549315,,bus
bus_6234,Sherman Way / Variel,34.200841,-118.5925,,bus
bus_6235,Union / 12th,34.045976,-118.27601,,bus
bus_6236,White Oak / Sherman Way,34.201489,-118.518436,,bus
bus_6237,Sherman Way / Whitsett,34.20108,-118.405323,,bus
bus_6238,Sherman Way / Wilbur,34.200995,-118.544447,,bus
bus_6239,Union / Olympic,34.049016,-118.274451,,bus
bus_6240,Sherman Way / Winnetka,34.200888,-118.570653,,bus
bus_6241,Sherman Way / Woodley,34.201044,-118.483826,,bus
bus_6242,Sherman Way / Woodman,34.201085,-118.430928,,bus
bus_6243,Short / Centinela,33.992739,-118.423455,,bus
bus_6244,Short / Mascagni,33.990624,-118.427733,,bus
bus_6248,Sierra / Flora,34.080613,-118.201555,,bus
bus_6249,Sierra / Gillig,34.082585,-118.200483,,bus
bus_6250,Sierra / Mercury,34.084344,-118.200097,,bus
bus_6253,Union / 12th,34.046072,-118.276225,,bus
bus_6256,Slauson / Downey,33.989021,-118.204735,,bus
bus_6258,Slauson / Ruthelen,33.989016,-118.312267,,bus
bus_6259,Slauson / Boyle,33.98907,-118.213009,,bus
bus_6260,Slauson / Triangle,33.979359,-118.135151,,bus
bus_6261,Slauson / West,33.988872,-118.335434,,bus
bus_6262,Slauson / Atlantic,33.987003,-118.185255,,bus
bus_6263,Slauson / Bickett,33.989068,-118.215744,,bus
bus_6264,Slauson / Carmelita,33.988161,-118.196737,,bus
bus_6265,Slauson / Corona,33.987939,-118.194573,,bus
bus_6266,Slauson / Gage,33.975804,-118.127052,,bus
bus_6267,Slauson / Everett,33.988593,-118.201056,,bus
bus_6268,Slauson / Fishburn,33.987444,-118.189689,,bus
bus_6269,Slauson / Gifford,33.987717,-118.192418,,bus
bus_6270,Slauson / Heliotrope,33.986603,-118.178742,,bus
bus_6271,Slauson / King,33.987091,-118.183691,,bus
bus_6272,Slauson / Loma Vista,33.98834,-118.198393,,bus
bus_6273,Slauson / Mayflower,33.986866,-118.181388,,bus
bus_6274,Slauson / Maywood,33.988731,-118.202432,,bus
bus_6276,Pico / Arlington,34.047049,-118.317356,,bus
bus_6277,Slauson / Pine,33.987263,-118.187957,,bus
bus_6279,Slauson / Seville,33.989072,-118.222796,,bus
bus_6280,Soto / Slauson,33.989463,-118.219175,,bus
bus_6281,Slauson / Woodlawn,33.986397,-118.176815,,bus
bus_6282,5424 Slauson,33.986309,-118.167767,,bus
bus_6288,Somerset / Downey,33.896358,-118.151085,,bus
bus_6289,Somerset / Garfield,33.896274,-118.16906,,bus
bus_6290,Somerset / Georgia,33.896341,-118.155787,,bus
bus_6291,Somerset / Hayter,33.896382,-118.146867,,bus
bus_6292,Winnetka / G Line,34.186985,-118.570787,,bus
bus_6293,Somerset / Orange,33.896223,-118.17767,,bus
bus_6294,Somerset / Paramount,33.896328,-118.159774,,bus
bus_6295,Somerset / Illinois,33.896305,-118.164588,,bus
bus_6296,Somerset / San Jose,33.896167,-118.181967,,bus
bus_6297,Somerset / Texaco,33.896268,-118.173254,,bus
bus_6298,Wilmington / Rosecrans,33.903605,-118.237941,,bus
bus_6303,Soto / Cesar E Chavez,34.046559,-118.207765,,bus
bus_6307,Wilmington / Carob,33.878825,-118.23657,,bus
bus_6310,South / Gridley,33.85832,-118.090489,,bus
bus_6313,La Brea / Wilshire,34.062511,-118.343865,,bus
bus_6315,Southwest / 3rd,33.981841,-118.320786,,bus
bus_6316,Southwest / 8th,33.979417,-118.326312,,bus
bus_6317,Saint George / Aloha,34.107341,-118.276644,,bus
bus_6318,Wilshire / Orange Grove,34.062666,-118.35978,,bus
bus_6319,Wilshire / La Cienega,34.06529,-118.375998,,bus
bus_6320,Prairie / Century,33.946017,-118.343764,,bus
bus_6334,State / Ardmore,33.957766,-118.211617,,bus
bus_6335,State / Broadway,33.965025,-118.210527,,bus
bus_6338,State / Live Oak,33.97025,-118.209752,,bus
bus_6339,State / Olive,33.966971,-118.210239,,bus
bus_6340,State / Santa Ana,33.963668,-118.210731,,bus
bus_6341,Telegraph / Atlantic,34.008789,-118.157725,,bus
bus_6342,Stocker / Don Felipe,34.005855,-118.338969,,bus
bus_6343,Stocker / Don Lorenzo,34.001264,-118.354949,,bus
bus_6344,Stocker / Don Miguel,34.004786,-118.350394,,bus
bus_6345,Stocker / Angeles Vista,34.006909,-118.337337,,bus
bus_6348,Stocker / Crenshaw,34.008233,-118.335353,,bus
bus_6349,Stocker / Presidio,34.004811,-118.340908,,bus
bus_6350,Stocker / Valley Ridge,34.004572,-118.347526,,bus
bus_6351,San Fernando / Bledsoe,34.304546,-118.46636,,bus
bus_6354,Studebaker / Cecilia,33.932136,-118.099413,,bus
bus_6355,Studebaker / Dune,33.923604,-118.099393,,bus
bus_6356,Studebaker / Firestone,33.921807,-118.099384,,bus
bus_6358,Studebaker / Kenney,33.927737,-118.099401,,bus
bus_6360,Sunland / Penrose,34.232243,-118.366654,,bus
bus_6361,10238 Sunland,34.259815,-118.335649,,bus
bus_6362,Sunland / Chivers,34.239791,-118.367689,,bus
bus_6363,Sunland / Fenwick,34.259639,-118.327765,,bus
bus_6365,Sunland / Glenoaks,34.230148,-118.366337,,bus
bus_6366,Glenoaks / Sunland,34.23032,-118.366698,,bus
bus_6368,Sunland / La Canada,34.260179,-118.338933,,bus
bus_6369,Sunland / La Tuna Canyon,34.234498,-118.366998,,bus
bus_6370,Sunland / Nettleton,34.224803,-118.365533,,bus
bus_6371,Sunland / Olinda,34.227695,-118.365965,,bus
bus_6372,Sunland / Rancho Caballo,34.252018,-118.345694,,bus
bus_6373,Sunland / Roscoe,34.221275,-118.367042,,bus
bus_6374,Sunland / Rotta,34.246971,-118.354002,,bus
bus_6376,Sunland / Shadow Island,34.249998,-118.346897,,bus
bus_6377,Sunland / Sombra Valley,34.252465,-118.345143,,bus
bus_6378,Sunland / Sunland Pl,34.245831,-118.36221,,bus
bus_6379,Sunland / Sunland Way,34.256135,-118.342742,,bus
bus_6380,Sunland / Tuxford,34.236687,-118.367335,,bus
bus_6381,Sunland / Wheatland,34.246924,-118.357132,,bus
bus_6382,Sunland / Wornom,34.247145,-118.352044,,bus
bus_6384,Sunset / Evans,34.050351,-118.511365,,bus
bus_6386,Sunset / La Cienega,34.094148,-118.376482,,bus
bus_6387,Sunset / Livorno,34.04519,-118.543572,,bus
bus_6388,Sunset / Mandeville Canyon,34.060425,-118.494232,,bus
bus_6390,Pacific Coast Highway / Sunset,34.038399,-118.555965,,bus
bus_6391,Sunset / Palisades,34.044289,-118.552119,,bus
bus_6392,Sunset / Paseo Miramar,34.04244,-118.553777,,bus
bus_6393,Sunset / Portia,34.075369,-118.254457,,bus
bus_6394,Sunset / Salerno,34.042877,-118.545779,,bus
bus_6395,Sunset / Via De La Paz,34.04794,-118.527081,,bus
bus_6396,Sunset / Westcove,34.057275,-118.495884,,bus
bus_6397,Sunset / Will Rogers State Park,34.046956,-118.512992,,bus
bus_6399,Sunset / Marquez,34.048095,-118.54299,,bus
bus_6400,Sunset / Bel Air,34.081239,-118.4353,,bus
bus_6401,Sunset / Bienveneda,34.04876,-118.539865,,bus
bus_6402,Sunset / Rodeo,34.079881,-118.414247,,bus
bus_6403,Sunset / Charing Cross,34.079375,-118.430126,,bus
bus_6404,Sunset / Copley,34.077629,-118.422036,,bus
bus_6406,Sunset / El Medio,34.048659,-118.532961,,bus
bus_6407,Sunset / Fairfax,34.097928,-118.361784,,bus
bus_6409,Sunset / Las Casas,34.048372,-118.541863,,bus
bus_6411,Sunset / Marquez,34.04172,-118.548999,,bus
bus_6412,Sunset / Muskingum,34.048813,-118.535937,,bus
bus_6413,Sunset / Alpine,34.085066,-118.407971,,bus
bus_6414,Sunset / Alta,34.088407,-118.395573,,bus
bus_6415,Sunset / Bedford,34.078311,-118.417119,,bus
bus_6420,Sunset / Foothill,34.086515,-118.406109,,bus
bus_6421,Sunset / Gower,34.097907,-118.322467,,bus
bus_6422,Sunset / Hillcrest,34.087332,-118.398398,,bus
bus_6423,Sunset / Maple,34.086417,-118.402565,,bus
bus_6425,Sunset / Rexford,34.082943,-118.410131,,bus
bus_6427,Sunset / Northfield,34.048402,-118.538202,,bus
bus_6428,Sunset / Pacific Coast Highway Layover,34.039712,-118.554291,,bus
bus_6430,Sunset / Beverly Glen,34.080565,-118.435482,,bus
bus_6431,Sunset / Carolwood,34.080699,-118.426361,,bus
bus_6433,Sunset / Vine,34.097891,-118.326322,,bus
bus_6434,Sunset / Whittier,34.077034,-118.420045,,bus
bus_6435,Susana / Maria,33.858854,-118.204236,,bus
bus_6436,Susana / Ana,33.862136,-118.203964,,bus
bus_6437,Susana / Del Amo,33.846903,-118.206674,,bus
bus_6438,Susana / Pacific Commerce,33.84954,-118.206667,,bus
bus_6441,Sepulveda / Erwin,34.183239,-118.466339,,bus
bus_6443,Talmadge / Clayton,34.099864,-118.282949,,bus
bus_6444,Talmadge / Franklin,34.105296,-118.282957,,bus
bus_6445,Talmadge / Melbourne,34.103785,-118.282955,,bus
bus_6446,Talmadge / Prospect,34.101683,-118.282951,,bus
bus_6447,Talmadge / Sunset Dr,34.098058,-118.282942,,bus
bus_6448,Talmadge / Tracy,34.108176,-118.282973,,bus
bus_6451,Devonshire / Tampa,34.257386,-118.553959,,bus
bus_6452,Tampa / Hart,34.197609,-118.553662,,bus
bus_6453,Tampa / Hatteras,34.175555,-118.553631,,bus
bus_6454,Tampa / Ingomar,34.212154,-118.553679,,bus
bus_6455,Tampa / Kittridge,34.190737,-118.553649,,bus
bus_6457,Tampa / Mayall,34.25335,-118.553724,,bus
bus_6458,Nordhoff / Tampa,34.235373,-118.553241,,bus
bus_6460,Tampa / Plummer,34.242485,-118.553721,,bus
bus_6461,Tampa / Prairie,34.238858,-118.553717,,bus
bus_6462,Tampa / Roscoe,34.220202,-118.553712,,bus
bus_6463,Tampa / Saticoy,34.20851,-118.553678,,bus
bus_6464,Tampa / Sherman Way,34.201327,-118.553683,,bus
bus_6466,Tampa / Strathern,34.21577,-118.55369,,bus
bus_6467,Tampa / Superior,34.246115,-118.553716,,bus
bus_6469,Tampa / Valerio,34.204474,-118.553678,,bus
bus_6470,Tampa / Vanowen,34.193573,-118.553645,,bus
bus_6471,Tampa / Victory,34.186728,-118.553633,,bus
bus_6472,Telegraph / Citadel,34.004709,-118.153062,,bus
bus_6474,Lakewood / Telegraph,33.960721,-118.110069,,bus
bus_6479,Telegraph / Santa Fe Springs,33.941736,-118.064147,,bus
bus_6480,Telegraph / Carmenita,33.940283,-118.046706,,bus
bus_6481,Telegraph / Ceres,33.93062,-118.032776,,bus
bus_6482,Telegraph / Clela,34.012492,-118.162771,,bus
bus_6483,Telegraph / Slauson,33.974873,-118.123567,,bus
bus_6484,Telegraph / Washington,33.994902,-118.14346,,bus
bus_6486,Telegraph / Florence,33.93669,-118.041614,,bus
bus_6487,Telegraph / Garfield,33.987614,-118.137022,,bus
bus_6488,Telegraph / Gaspar,34.003062,-118.151281,,bus
bus_6489,Telegraph / Gunn,33.938813,-118.044519,,bus
bus_6492,Telegraph / Orr and Day,33.948516,-118.089261,,bus
bus_6493,Telegraph / Painter,33.941762,-118.051029,,bus
bus_6494,Paramount / Telegraph,33.966992,-118.116132,,bus
bus_6495,Telegraph / Passons,33.955611,-118.102504,,bus
bus_6496,Telegraph / Pioneer,33.945545,-118.082067,,bus
bus_6497,Telegraph / Arizona,34.015039,-118.168923,,bus
bus_6498,Telegraph / Laurel,33.941255,-118.048167,,bus
bus_6499,Telegraph / Laurel,33.941947,-118.048935,,bus
bus_6500,Telegraph / Greenwood,33.979762,-118.128565,,bus
bus_6502,Telegraph / Commerce Casino,33.99782,-118.14627,,bus
bus_6503,Telegraph / Serapis,33.958465,-118.10663,,bus
bus_6504,Telegraph / Shoemaker,33.941746,-118.054955,,bus
bus_6505,Telegraph / Telechron,33.935408,-118.039714,,bus
bus_6506,Telegraph / True,33.951731,-118.096835,,bus
bus_6507,Telegraph / Victoria,33.932727,-118.03581,,bus
bus_6519,Temple City / Broadway,34.100373,-118.059417,,bus
bus_6520,Temple City / Camino Real,34.120911,-118.063541,,bus
bus_6521,Sunset / Duarte,34.124573,-118.064274,,bus
bus_6522,Temple City / Garibaldi,34.110159,-118.061432,,bus
bus_6523,Temple City / La Rosa,34.094086,-118.058108,,bus
bus_6524,Temple City / Las Tunas,34.106989,-118.060779,,bus
bus_6525,Temple City / Lemon,34.117729,-118.062911,,bus
bus_6526,Temple City / Live Oak,34.103354,-118.06005,,bus
bus_6527,Temple City / Longden,34.113731,-118.062105,,bus
bus_6528,Temple City / Lower Azusa,34.089781,-118.057203,,bus
bus_6529,Temple City / Olive,34.09818,-118.058953,,bus
bus_6530,Temple City / RR-Xing,34.084818,-118.056707,,bus
bus_6531,Temple City / Woodruff,34.10878,-118.061147,,bus
bus_6535,Terminal 28 - East Lot,34.033195,-118.264573,,bus
bus_6546,Terra Bella / Fenton,34.279531,-118.388988,,bus
bus_6547,Terra Bella / Foothill,34.275012,-118.395196,,bus
bus_6548,Terra Bella / Gladstone,34.277317,-118.392029,,bus
bus_6552,Thousand Oaks / Forest Cove,34.154566,-118.77431,,bus
bus_6554,Thousand Oaks / Kanan,34.153866,-118.75733,,bus
bus_6555,Thousand Oaks / Lake Lindero,34.15464,-118.788808,,bus
bus_6556,Thousand Oaks / Lindero Canyon,34.155759,-118.794666,,bus
bus_6557,Thousand Oaks / Reyes Adobe,34.155532,-118.78088,,bus
bus_6568,Topanga Canyon / Burbank,34.171696,-118.605957,,bus
bus_6569,Topanga Canyon / Chase,34.224531,-118.605848,,bus
bus_6570,Topanga Canyon / De La Guerra,34.164195,-118.605681,,bus
bus_6572,Topanga Canyon / Dumetz,34.156773,-118.605664,,bus
bus_6573,Topanga Canyon / Mayall,34.25375,-118.606202,,bus
bus_6574,Topanga Canyon / Elkwood,34.212707,-118.605815,,bus
bus_6575,Topanga Canyon / Erwin,34.182711,-118.605733,,bus
bus_6576,Topanga Canyon / Gresham,34.231361,-118.602711,,bus
bus_6578,Topanga Canyon / Lassen,34.249719,-118.60618,,bus
bus_6579,Topanga Canyon / Lopez,34.161316,-118.605677,,bus
bus_6580,Topanga Canyon / Collins,34.174688,-118.605919,,bus
bus_6583,Topanga Canyon / Oxnard,34.179519,-118.605356,,bus
bus_6584,Topanga Canyon / Parthenia,34.228684,-118.603301,,bus
bus_6586,Topanga Canyon / Prairie,34.239241,-118.606266,,bus
bus_6587,Topanga Canyon / Roscoe,34.219388,-118.606145,,bus
bus_6590,Topanga Canyon / Saticoy,34.208557,-118.605811,,bus
bus_6592,Topanga Canyon / Schoolcraft,34.196354,-118.605756,,bus
bus_6593,Topanga Canyon / Sherman Way,34.2013,-118.605762,,bus
bus_6594,Topanga Canyon / Strathern,34.215825,-118.605824,,bus
bus_6596,Victory / Topanga Canyon,34.186992,-118.60625,,bus
bus_6597,Victory / Topanga Canyon,34.186948,-118.605162,,bus
bus_6598,Topanga Canyon / Victory,34.186685,-118.60604,,bus
bus_6599,Topanga Canyon / Ybarra,34.154704,-118.605652,,bus
bus_6601,Sepulveda / Rosecrans,33.901281,-118.396004,,bus
bus_6604,Tracy / Myra,34.10827,-118.280179,,bus
bus_6605,Trancas Canyon / Pacific Coast Highway,34.03152,-118.843388,,bus
bus_6608,Main / Mission,34.065539,-118.207491,,bus
bus_6613,Truman / Brand,34.282293,-118.439501,,bus
bus_6614,Ikea / Angeleno,34.178794,-118.308628,,bus
bus_6615,Truman / Hubbard,34.290728,-118.448792,,bus
bus_6617,Truman / Maclay,34.283489,-118.440795,,bus
bus_6618,12301 San Fernando,34.2938,-118.452474,,bus
bus_6619,Truman / Workman,34.287156,-118.445035,,bus
bus_6620,Truman / San Fernando Mission,34.285071,-118.442465,,bus
bus_6623,Truman / Wolfskill,34.280288,-118.437544,,bus
bus_6624,Tuxford / Telfair,34.224694,-118.384577,,bus
bus_6625,Tuxford / Bradley,34.230636,-118.376436,,bus
bus_6627,Lankershim / Tuxford,34.222934,-118.387619,,bus
bus_6628,Tuxford / Lankershim,34.22261,-118.387429,,bus
bus_6629,Tuxford / San Fernando,34.22754,-118.380686,,bus
bus_6630,Tweedy / Alexander,33.942882,-118.194712,,bus
bus_6631,Tweedy / California,33.944328,-118.207775,,bus
bus_6632,Tweedy / Dorothy,33.942574,-118.191873,,bus
bus_6633,Tweedy / Elizabeth,33.944558,-118.209909,,bus
bus_6634,Tweedy / Hildreth,33.942254,-118.188951,,bus
bus_6635,Tweedy / Long Beach,33.945207,-118.215776,,bus
bus_6637,Tweedy / Orange,33.941915,-118.18592,,bus
bus_6638,Tweedy / Otis,33.943169,-118.197334,,bus
bus_6639,Tweedy / Alameda,33.94646,-118.227649,,bus
bus_6640,Tweedy / San Juan,33.943819,-118.20322,,bus
bus_6641,Tweedy / San Vincente,33.943456,-118.199893,,bus
bus_6643,Tweedy / Stanford,33.945739,-118.220667,,bus
bus_6644,Tweedy / State,33.944931,-118.213312,,bus
bus_6645,Tweedy / Truba,33.946236,-118.225492,,bus
bus_6646,Tyler / Bodger,34.064899,-118.036025,,bus
bus_6647,Tyler / Amador,34.07024,-118.036116,,bus
bus_6649,Tyler / Basye,34.083,-118.031577,,bus
bus_6650,Tyler / Bryant,34.080832,-118.03231,,bus
bus_6651,Tyler / Dodson,34.06031,-118.035438,,bus
bus_6652,Tyler / Garvey,34.062997,-118.035855,,bus
bus_6653,Tyler / Montecito,34.078576,-118.033418,,bus
bus_6654,Tyler / Lambert,34.084697,-118.030952,,bus
bus_6656,Lankershim / James Stewart,34.141765,-118.360767,,bus
bus_6674,Valley / Beatie,34.071433,-118.17266,,bus
bus_6675,Valley / Block,34.073173,-118.17053,,bus
bus_6677,Valley / Fremont,34.076798,-118.151061,,bus
bus_6680,Valley / Grand View,34.076524,-118.155092,,bus
bus_6681,Valley / Hart,34.080841,-118.069769,,bus
bus_6688,Valley / San Pablo,34.065394,-118.20236,,bus
bus_6699,Valley / Arden,34.076513,-118.046415,,bus
bus_6700,Valley / Baldwin,34.078978,-118.053001,,bus
bus_6701,Valley / Boca,34.06237,-118.186184,,bus
bus_6704,Valley / Del Paso,34.063052,-118.182214,,bus
bus_6705,Valley / Delta,34.080261,-118.086561,,bus
bus_6707,Valley / Merwyn C Gill,34.081115,-118.061285,,bus
bus_6712,Valley / Lillyvale,34.073829,-118.16467,,bus
bus_6714,Valley / Mission,34.080956,-118.065734,,bus
bus_6717,Valley / Muscatel,34.080559,-118.077288,,bus
bus_6718,Valley / Eastern,34.06558,-118.1801,,bus
bus_6720,Valley / Soto,34.06428,-118.196451,,bus
bus_6728,Valley / Rosemead,34.080971,-118.073022,,bus
bus_6729,Valley / Rowland,34.079947,-118.055264,,bus
bus_6733,Valley / Temple City,34.081116,-118.057966,,bus
bus_6734,Valley / Temple City,34.08138,-118.057983,,bus
bus_6736,Valley / Vineburn,34.06313,-118.190257,,bus
bus_6737,Valley / Walnut Grove,34.080388,-118.082202,,bus
bus_6738,Valley Circle / Mariano,34.168162,-118.642627,,bus
bus_6740,Valley Circle / Hamlin,34.188358,-118.655269,,bus
bus_6741,Valley Circle / Kittridge,34.190641,-118.656272,,bus
bus_6742,Valley Circle / Burbank,34.171537,-118.645222,,bus
bus_6743,Valley Circle / Calvert,34.182518,-118.656275,,bus
bus_6744,Valley Circle / Canzonet,34.165408,-118.640127,,bus
bus_6746,Valley Circle / El Canon,34.177073,-118.652545,,bus
bus_6750,Valley Circle / Hatteras,34.173862,-118.64815,,bus
bus_6754,Valley Circle / Valerie,34.178726,-118.654807,,bus
bus_6755,Vanowen / Valley Circle,34.194861,-118.65654,,bus
bus_6756,Valley Circle / Victory,34.18482,-118.655985,,bus
bus_6764,Telegraph / Valley View,33.928209,-118.029297,,bus
bus_6767,Van Nuys / Osborne,34.233418,-118.450095,,bus
bus_6768,Van Nuys / Riverside,34.158316,-118.448577,,bus
bus_6769,Van Nuys / Addison,34.161127,-118.448523,,bus
bus_6771,Van Nuys / Arminta,34.21362,-118.448616,,bus
bus_6772,Van Nuys / Beachy,34.251417,-118.441982,,bus
bus_6773,Van Nuys / Blythe,34.215505,-118.448613,,bus
bus_6774,Van Nuys / Borden,34.276168,-118.408055,,bus
bus_6775,Van Nuys / Bradley,34.268716,-118.418263,,bus
bus_6776,Van Nuys / Burbank,34.172271,-118.448913,,bus
bus_6777,Van Nuys / Delano,34.182525,-118.448499,,bus
bus_6778,Van Nuys / Canterbury,34.249019,-118.445269,,bus
bus_6780,Van Nuys / Clark,34.168345,-118.448548,,bus
bus_6782,Van Nuys / Dronfield,34.278288,-118.405129,,bus
bus_6784,Van Nuys / Glenoaks,34.27378,-118.41133,,bus
bus_6786,Van Nuys / Hamlin,34.188537,-118.448508,,bus
bus_6787,Van Nuys / Hatteras,34.175901,-118.448923,,bus
bus_6788,Van Nuys / Herrick,34.271105,-118.414991,,bus
bus_6789,Van Nuys / Hortense,34.154642,-118.448577,,bus
bus_6790,Van Nuys / Keswick,34.210534,-118.448616,,bus
bus_6791,Van Nuys / Kewen,34.262369,-118.426968,,bus
bus_6792,Van Nuys / Kittridge,34.190549,-118.448512,,bus
bus_6793,Van Nuys / Lanark,34.218228,-118.448604,,bus
bus_6794,Van Nuys / Haddon,34.260985,-118.428861,,bus
bus_6795,Van Nuys / Magnolia,34.165172,-118.448524,,bus
bus_6797,Van Nuys / Moorpark,34.152191,-118.448554,,bus
bus_6799,Van Nuys / Norris,34.270205,-118.416225,,bus
bus_6802,Van Nuys / Parthenia South Jog,34.226789,-118.449656,,bus
bus_6803,Plummer / Van Nuys,34.242803,-118.450546,,bus
bus_6804,Van Nuys / Plummer,34.242951,-118.450064,,bus
bus_6805,Van Nuys / Ralston,34.267223,-118.420304,,bus
bus_6806,Van Nuys / Woodman,34.24723,-118.447711,,bus
bus_6808,Van Nuys / San Fernando,34.26589,-118.422641,,bus
bus_6809,Van Nuys / Roscoe,34.221822,-118.4486,,bus
bus_6810,Van Nuys / San Fernando,34.265671,-118.422437,,bus
bus_6813,Sherman Way / Albertsons,34.20108,-118.453192,,bus
bus_6814,Van Nuys / Sylvan,34.184522,-118.448503,,bus
bus_6815,Van Nuys / Telfair,34.26339,-118.42558,,bus
bus_6816,Van Nuys / Tupper,34.239321,-118.450087,,bus
bus_6818,Van Nuys / Vanowen,34.19407,-118.448825,,bus
bus_6819,Van Nuys / Vena,34.255609,-118.436243,,bus
bus_6822,Van Nuys / Vose,34.198353,-118.448541,,bus
bus_6824,Vanowen / Amestoy,34.193755,-118.505656,,bus
bus_6825,Vanowen / Balboa,34.193773,-118.501357,,bus
bus_6826,Vanowen / Beck,34.193821,-118.383059,,bus
bus_6827,Vanowen / Bellaire,34.193827,-118.409042,,bus
bus_6828,Vanowen / Berquist,34.193576,-118.634718,,bus
bus_6829,Vanowen / Variel,34.193652,-118.592561,,bus
bus_6830,Vanowen / Cedros,34.193801,-118.453255,,bus
bus_6831,Vanowen / Cleomoore,34.194147,-118.650371,,bus
bus_6832,Vanowen / Coldwater Canyon,34.193825,-118.413417,,bus
bus_6833,Vanowen / Corbin,34.193705,-118.561926,,bus
bus_6834,Vanowen / De Celis,34.193779,-118.494737,,bus
bus_6835,Vanowen / De Soto,34.19366,-118.588104,,bus
bus_6836,Vanowen / Encino,34.193757,-118.51437,,bus
bus_6837,Vanowen / Ethel,34.193822,-118.418288,,bus
bus_6838,Vanowen / Etiwanda,34.193742,-118.531853,,bus
bus_6839,Vanowen / Fair,34.193829,-118.374316,,bus
bus_6840,Vanowen / Fallbrook,34.193598,-118.623636,,bus
bus_6842,Vanowen / Farralone,34.193637,-118.610531,,bus
bus_6843,Vanowen / Forbes,34.193774,-118.499095,,bus
bus_6844,Vanowen / Fulton,34.193829,-118.42265,,bus
bus_6845,Vanowen / Gloria,34.193791,-118.479436,,bus
bus_6846,Vanowen / Greenbush,34.193821,-118.425907,,bus
bus_6847,Vanowen / Haskell,34.193804,-118.474578,,bus
bus_6848,Vanowen / Hayvenhurst,34.193784,-118.492038,,bus
bus_6849,Vanowen / Hazeltine,34.193815,-118.439657,,bus
bus_6850,Vanowen / Kester,34.193815,-118.45761,,bus
bus_6851,Vanowen / Lankershim,34.193819,-118.387907,,bus
bus_6853,Vanowen / Laurel Canyon,34.193824,-118.396631,,bus
bus_6854,Vanowen / Laurelgrove,34.193829,-118.400999,,bus
bus_6855,Vanowen / Schoolcraft,34.193274,-118.638727,,bus
bus_6856,Vanowen / Lena,34.193598,-118.627337,,bus
bus_6857,Vanowen / Lindley,34.193745,-118.527472,,bus
bus_6858,Vanowen / Louise,34.193767,-118.510008,,bus
bus_6859,Vanowen / Lurline,34.193658,-118.58401,,bus
bus_6860,Vanowen / Mason,34.19367,-118.579863,,bus
bus_6862,Vanowen / Noble,34.193807,-118.461711,,bus
bus_6863,Vanowen / Oakdale,34.193691,-118.566754,,bus
bus_6864,Vanowen / Orion,34.1938,-118.470696,,bus
bus_6865,Vanowen / Oso,34.193676,-118.575002,,bus
bus_6866,Vanowen / Peterson,34.193378,-118.646181,,bus
bus_6867,Vanowen / Platt,34.193119,-118.642168,,bus
bus_6868,Vanowen / Radford,34.193821,-118.391776,,bus
bus_6869,Vanowen / Ranchito,34.193815,-118.435315,,bus
bus_6870,Vanowen / Reseda,34.19373,-118.535713,,bus
bus_6871,Vanowen / Riverton,34.193843,-118.366075,,bus
bus_6872,Vanowen / Sale,34.193609,-118.618696,,bus
bus_6874,Vanowen / Sepulveda,34.193808,-118.466443,,bus
bus_6875,Vanowen / Sheltondale,34.194384,-118.653292,,bus
bus_6876,Vanowen / Shirley,34.193706,-118.558037,,bus
bus_6877,Vanowen / Shoup,34.193615,-118.614817,,bus
bus_6878,Vanowen / Tampa,34.193723,-118.55316,,bus
bus_6879,Vanowen / Topanga Canyon,34.193624,-118.605551,,bus
bus_6880,Vanowen / Topanga Canyon,34.193887,-118.606231,,bus
bus_6882,Vanowen / Tujunga,34.193827,-118.378674,,bus
bus_6883,Vanowen / Tyrone,34.193809,-118.444518,,bus
bus_6885,Valley Circle / Vanowen,34.194753,-118.657042,,bus
bus_6887,Vanowen / Van Nuys,34.193806,-118.448837,,bus
bus_6888,Vanowen / Vanalden,34.193727,-118.548798,,bus
bus_6889,Vanowen / Vineland,34.193834,-118.369954,,bus
bus_6890,White Oak / Vanowen,34.193607,-118.518727,,bus
bus_6891,Vanowen / Whitsett,34.19383,-118.404868,,bus
bus_6892,Vanowen / Wilbur,34.193722,-118.544939,,bus
bus_6893,Vanowen / Winnetka,34.193683,-118.57064,,bus
bus_6894,Vanowen / Woodlake,34.193581,-118.631662,,bus
bus_6895,Vanowen / Woodley,34.19379,-118.483804,,bus
bus_6896,Vanowen / Woodman,34.19382,-118.43087,,bus
bus_6897,Vanowen / Yolanda,34.193736,-118.540567,,bus
bus_6898,Vanowen / Zelzah,34.19375,-118.523113,,bus
bus_6901,Venice / Cattaraugus,34.032672,-118.382018,,bus
bus_6902,Venice / Culver,34.026592,-118.392815,,bus
bus_6903,Hoover / Venice,34.043511,-118.283956,,bus
bus_6904,Venice / La Fayette,34.046295,-118.334007,,bus
bus_6905,Venice / Loyola High,34.04404,-118.296743,,bus
bus_6907,Venice High School,33.99808,-118.444231,,bus
bus_6909,Venice / Grand View,33.992336,-118.455618,,bus
bus_6911,Venice / 4th,34.043452,-118.321445,,bus
bus_6912,Venice / 6th,34.043462,-118.323825,,bus
bus_6914,Venice / Bagley,34.025407,-118.39477,,bus
bus_6915,Venice / Beethoven,33.999735,-118.44098,,bus
bus_6918,Venice / Cadillac,34.037529,-118.373452,,bus
bus_6923,Venice / Girard,34.016445,-118.410557,,bus
bus_6925,Venice / Grand View,34.004866,-118.43098,,bus
bus_6926,Venice / Hauser,34.043884,-118.358421,,bus
bus_6927,Venice / Helms,34.030909,-118.385112,,bus
bus_6928,Venice / Hughes,34.023115,-118.398775,,bus
bus_6930,Venice / Inglewood,34.005983,-118.42893,,bus
bus_6931,Venice / Jasmine,34.021595,-118.401445,,bus
bus_6932,Venice / Magnolia,34.044131,-118.28653,,bus
bus_6933,Venice / McLaughlin,34.008428,-118.424617,,bus
bus_6935,Venice / Motor,34.020349,-118.403643,,bus
bus_6937,Venice / Oak,34.039897,-118.275735,,bus
bus_6939,Venice / Overland,34.018632,-118.406664,,bus
bus_6941,Venice / Burlington,34.042368,-118.281163,,bus
bus_6942,Venice / Centinela,34.003466,-118.433579,,bus
bus_6944,Venice / Cochran,34.04456,-118.353915,,bus
bus_6946,Venice / Fairfax,34.039878,-118.36931,,bus
bus_6948,Venice / Hoover,34.043582,-118.283846,,bus
bus_6949,Venice / La Brea,34.045791,-118.345146,,bus
bus_6951,Venice / La Cienega,34.035103,-118.377702,,bus
bus_6952,Olive / Venice,34.035059,-118.265404,,bus
bus_6953,Venice / Redondo,34.044979,-118.350632,,bus
bus_6954,Venice / Rimpau,34.046447,-118.340685,,bus
bus_6959,Venice / Western,34.043703,-118.309533,,bus
bus_6961,Venice / Western,34.043446,-118.309175,,bus
bus_6962,Venice / Westmoreland,34.044124,-118.289369,,bus
bus_6963,Venice / Wilton,34.043435,-118.314622,,bus
bus_6964,Venice / Sawtelle,34.011386,-118.419468,,bus
bus_6965,Venice / Sepulveda,34.012901,-118.416793,,bus
bus_6966,Venice / Thurman,34.042588,-118.36439,,bus
bus_6967,Venice / Vineyard,34.046853,-118.336831,,bus
bus_6969,Venice / Wade,34.001379,-118.437732,,bus
bus_6970,Venice / Walgrove,33.997144,-118.4461,,bus
bus_6975,Ventura / Balboa,34.15908,-118.500832,,bus
bus_6977,Ventura / Laurel Canyon,34.14348,-118.394921,,bus
bus_6979,Ventura / Reseda,34.168584,-118.535865,,bus
bus_6982,Ventura / Topanga Canyon,34.168376,-118.6055,,bus
bus_6983,Ventura / Van Nuys,34.150697,-118.448291,,bus
bus_6984,Ventura / Vineland,34.14052,-118.369989,,bus
bus_6986,Ventura / Chalk Hill,34.167781,-118.58008,,bus
bus_6987,Ventura / Colfax,34.141069,-118.387461,,bus
bus_6988,Ventura / Laurelgrove,34.142989,-118.400481,,bus
bus_6989,Ventura / Tujunga,34.139869,-118.378575,,bus
bus_6990,Ventura / Radford,34.143408,-118.392657,,bus
bus_6991,12616 B Ventura,34.143823,-118.408288,,bus
bus_6992,Ventura / Alhama,34.166855,-118.59295,,bus
bus_6993,Ventura / Amestoy,34.160052,-118.505155,,bus
bus_6994,Ventura / Amigo,34.169779,-118.538838,,bus
bus_6995,Ventura / Avenida Hacienda,34.167771,-118.53382,,bus
bus_6996,Ventura / Avenida Oriente,34.16679,-118.531434,,bus
bus_6997,Ventura / Berry,34.139839,-118.382042,,bus
bus_6998,Ventura / Blue Canyon,34.140239,-118.385005,,bus
bus_6999,Ventura / Sepulveda,34.153559,-118.465395,,bus
bus_7000,Ventura / Calatrana,34.168282,-118.602289,,bus
bus_7002,Ventura / Carpenter,34.142469,-118.3906,,bus
bus_7004,Coldwater Canyon / Ventura,34.145715,-118.413645,,bus
bus_7005,Ventura / Coldwater Canyon,34.144886,-118.413204,,bus
bus_7007,Ventura / Corbin,34.17247,-118.562339,,bus
bus_7008,Ventura / Crebs,34.171299,-118.542584,,bus
bus_7010,Ventura / Del Moreno,34.16933,-118.575029,,bus
bus_7012,Ventura / Encino,34.161342,-118.513869,,bus
bus_7014,Ventura / Eureka,34.140399,-118.376092,,bus
bus_7015,Ventura / Firmament,34.154683,-118.472247,,bus
bus_7017,Ventura / Fulton,34.146408,-118.422202,,bus
bus_7019,Ventura / Gloria,34.155613,-118.478952,,bus
bus_7021,Ventura / Haskell,34.154886,-118.473891,,bus
bus_7022,Ventura / Hayvenhurst,34.157407,-118.492042,,bus
bus_7023,Ventura / Hazeltine,34.149208,-118.439088,,bus
bus_7024,Ventura / Kelvin,34.166307,-118.585994,,bus
bus_7025,Ventura / Kester,34.152052,-118.456261,,bus
bus_7028,Ventura / Libbit,34.156818,-118.487692,,bus
bus_7029,Ventura / Lindley,34.165229,-118.526984,,bus
bus_7030,Ventura / Louise,34.160696,-118.509512,,bus
bus_7031,Ventura / Nestle,34.166056,-118.529542,,bus
bus_7032,Ventura / Newcastle,34.164255,-118.524175,,bus
bus_7033,Ventura / Noble,34.152904,-118.461339,,bus
bus_7034,Ventura / Oakdale,34.172197,-118.565551,,bus
bus_7035,Ventura / Petit,34.157936,-118.495741,,bus
bus_7037,Ventura / Sale,34.167238,-118.619056,,bus
bus_7038,Ventura / San Feliciano,34.168645,-118.610527,,bus
bus_7039,Ventura / Sepulveda,34.153658,-118.465915,,bus
bus_7040,Ventura / Sherman Oaks,34.15411,-118.468545,,bus
bus_7041,Ventura / Shirley,34.172652,-118.557507,,bus
bus_7042,Ventura / Shoup,34.16864,-118.61462,,bus
bus_7043,Ventura / Stern,34.148525,-118.434983,,bus
bus_7044,Ventura / Sunnyslope,34.147247,-118.427276,,bus
bus_7045,Ventura / Tampa,34.172548,-118.553129,,bus
bus_7046,Ventura / Topanga Canyon,34.168367,-118.605169,,bus
bus_7047,Ventura / Vineland,34.14004,-118.369501,,bus
bus_7048,Ventura / Beverly Glen,34.150278,-118.445539,,bus
bus_7049,Ventura / Vanalden,34.172454,-118.550235,,bus
bus_7050,Ventura / Vantage,34.143277,-118.397187,,bus
bus_7051,Ventura / Vineland,34.140168,-118.369819,,bus
bus_7052,Ventura / White Oak,34.162149,-118.518033,,bus
bus_7053,Ventura / Whitsett,34.142603,-118.404851,,bus
bus_7054,Ventura / Wilbur,34.172187,-118.544934,,bus
bus_7055,Ventura / Cedros,34.151222,-118.451213,,bus
bus_7056,Winnetka / Ventura Fwy,34.172158,-118.570781,,bus
bus_7057,Ventura / Woodley,34.156209,-118.483309,,bus
bus_7060,Ventura / Zelzah,34.163629,-118.522601,,bus
bus_7068,Canada / Towne,34.168642,-118.229104,,bus
bus_7069,Canada / Verdugo Park,34.172137,-118.228852,,bus
bus_7070,Verdugo / Bagdad,34.193509,-118.228104,,bus
bus_7071,Montrose / Waltonia,34.206801,-118.224628,,bus
bus_7072,Verdugo / Castera,34.196752,-118.229425,,bus
bus_7073,Eagle Rock / Verdugo,34.118319,-118.232151,,bus
bus_7074,Verdugo / Ocean View,34.200943,-118.227787,,bus
bus_7075,Verdugo / Glencoe,34.198228,-118.229109,,bus
bus_7076,Verdugo / Honolulu,34.204858,-118.225165,,bus
bus_7081,Verdugo / Sunview,34.202456,-118.226759,,bus
bus_7084,Vermont / 35th,34.023793,-118.291377,,bus
bus_7087,Vermont / Lockwood,34.088612,-118.291577,,bus
bus_7088,Vermont / Melbourne,34.103476,-118.291622,,bus
bus_7091,Vermont / Normal,34.086538,-118.291573,,bus
bus_7092,Sunset / Vermont,34.09803,-118.291203,,bus
bus_7093,Vermont / Athens Station,33.928445,-118.291415,,bus
bus_7095,Vermont / 182nd,33.86705,-118.290405,,bus
bus_7097,Vermont Station Layover,33.928286,-118.291415,,bus
bus_7098,Del Amo / Avalon,33.8474,-118.264429,,bus
bus_7099,Vernon Yard,34.004619,-118.227381,,bus
bus_7100,Via Campo / Garfield,34.032638,-118.129013,,bus
bus_7101,Via Campo / Wilcox,34.03266,-118.126316,,bus
bus_7105,Owensmouth / Victory,34.187471,-118.601644,,bus
bus_7107,2959 Victoria,33.865012,-118.208955,,bus
bus_7108,Victoria / Susana,33.864994,-118.205161,,bus
bus_7110,Victory / Vineland,34.186833,-118.370617,,bus
bus_7111,Victory / Petit,34.186774,-118.497466,,bus
bus_7112,Victory / Topham,34.186183,-118.567481,,bus
bus_7113,Victory / Balboa,34.186763,-118.501431,,bus
bus_7114,Victory / Beck,34.186819,-118.383212,,bus
bus_7115,Victory / Bellaire,34.186833,-118.409209,,bus
bus_7116,Victory / Bellingham,34.186823,-118.399021,,bus
bus_7117,Victory / Belmar,34.186711,-118.558543,,bus
bus_7118,Victory / Berquist,34.186553,-118.634545,,bus
bus_7119,Victory / Cahuenga,34.185996,-118.361299,,bus
bus_7120,Victory / Canoga,34.188477,-118.597809,,bus
bus_7121,Victory / Cedros,34.186792,-118.452916,,bus
bus_7122,Victory / Cleon,34.186836,-118.367922,,bus
bus_7123,Victory / Coldwater Canyon,34.186569,-118.41394,,bus
bus_7124,Victory / Corbin,34.186703,-118.562557,,bus
bus_7125,Victory / De Soto,34.188479,-118.588272,,bus
bus_7126,Victory / Encino,34.186755,-118.514535,,bus
bus_7127,Victory / Ethel,34.186788,-118.418358,,bus
bus_7128,Victory / Etiwanda,34.186745,-118.531991,,bus
bus_7129,Victory / Fair,34.186827,-118.374489,,bus
bus_7130,Victory / Fallbrook,34.186617,-118.623783,,bus
bus_7131,Victory / Fulton,34.186812,-118.422303,,bus
bus_7132,Victory / Gloria,34.186771,-118.479098,,bus
bus_7133,Victory / Haskell,34.186783,-118.475437,,bus
bus_7134,Victory / Hayvenhurst,34.186766,-118.492681,,bus
bus_7135,Victory / Hazeltine,34.18681,-118.439805,,bus
bus_7136,Victory / Kester,34.186803,-118.457284,,bus
bus_7137,Victory / Lankershim,34.186819,-118.387617,,bus
bus_7138,Victory / Laurel Canyon,34.186819,-118.396809,,bus
bus_7139,Laurel Canyon / Victory,34.186418,-118.396629,,bus
bus_7140,Victory / Lederer,34.186667,-118.639509,,bus
bus_7141,Victory / Lindley,34.186745,-118.527623,,bus
bus_7143,Victory / Louise,34.186749,-118.51016,,bus
bus_7144,Victory / Mason,34.188533,-118.579526,,bus
bus_7145,Victory / Clybourn,34.186841,-118.363564,,bus
bus_7146,Victory / Noble,34.186792,-118.461662,,bus
bus_7147,Victory / Orion,34.186781,-118.470375,,bus
bus_7148,Victory / Owensmouth,34.187691,-118.601166,,bus
bus_7149,Platt / Victory,34.186906,-118.642613,,bus
bus_7150,Victory / Radford,34.186818,-118.391932,,bus
bus_7151,Victory / Ranchito,34.186813,-118.435388,,bus
bus_7152,Victory / Randi,34.186613,-118.610602,,bus
bus_7153,Victory / Reseda,34.186734,-118.536398,,bus
bus_7154,Victory / Royer,34.18657,-118.627555,,bus
bus_7155,Victory / Sale,34.186587,-118.618846,,bus
bus_7156,Victory / Sepulveda,34.186787,-118.466503,,bus
bus_7158,Victory / Shoup,34.186594,-118.614967,,bus
bus_7159,Victory / Sunnyslope,34.186805,-118.426658,,bus
bus_7160,Victory / Sylmar,34.186803,-118.446362,,bus
bus_7161,Victory / Tampa,34.186716,-118.553844,,bus
bus_7162,Victory / Tujunga,34.186822,-118.378844,,bus
bus_7163,Victory / Tyrone,34.186805,-118.44419,,bus
bus_7164,Victory / Van Nuys,34.186547,-118.448821,,bus
bus_7166,Victory / Vanalden,34.186727,-118.54947,,bus
bus_7167,Victory / Variel,34.188486,-118.593146,,bus
bus_7168,Victory / White Oak,34.186755,-118.518324,,bus
bus_7169,Victory / Whitsett,34.186827,-118.405029,,bus
bus_7170,Victory / Wilbur,34.186736,-118.544586,,bus
bus_7171,Victory / Winnetka,34.185785,-118.570718,,bus
bus_7172,Victory / Woodlake,34.186564,-118.631827,,bus
bus_7173,Victory / Woodley,34.186776,-118.483344,,bus
bus_7174,Victory / Woodman,34.186809,-118.431036,,bus
bus_7175,Victory / Yolanda,34.186737,-118.540707,,bus
bus_7176,Victory / Zelzah,34.186752,-118.522795,,bus
bus_7182,Vine / De Longpre,34.096462,-118.326491,,bus
bus_7183,Vine / Fountain,34.094239,-118.326479,,bus
bus_7184,Vine / Lexington,34.09284,-118.326477,,bus
bus_7187,Vine / Santa Monica,34.090537,-118.326478,,bus
bus_7188,Vine / Selma,34.099663,-118.326507,,bus
bus_7191,Vine / Sunset,34.098292,-118.326501,,bus
bus_7192,Vine / Willoughby,34.086998,-118.326464,,bus
bus_7194,Vineland / Aqua Vista,34.14511,-118.370432,,bus
bus_7195,Vineland / Bluffside,34.1422,-118.370436,,bus
bus_7196,Vineland / Burbank,34.171902,-118.370419,,bus
bus_7199,Sunland / San Fernando,34.218851,-118.36902,,bus
bus_7200,Vineland / Chandler,34.168833,-118.370432,,bus
bus_7201,Vineland / Erwin,34.182811,-118.370431,,bus
bus_7202,Vineland / Hatteras,34.175947,-118.370417,,bus
bus_7205,Vineland / Kittridge,34.19045,-118.370445,,bus
bus_7207,Vineland / Moorpark,34.150106,-118.370464,,bus
bus_7208,Vineland / Oxnard,34.179574,-118.37042,,bus
bus_7210,Vineland / Saticoy,34.208179,-118.370461,,bus
bus_7211,Vineland / Sherman Way,34.201484,-118.37014,,bus
bus_7212,Vineland / Strathern,34.215984,-118.370165,,bus
bus_7214,Vineland / Valerio,34.205108,-118.370149,,bus
bus_7215,Vineland / Vanowen,34.193684,-118.370439,,bus
bus_7216,Vineland / Victory,34.186435,-118.37044,,bus
bus_7228,Van Ness / 108th,33.938367,-118.317877,,bus
bus_7229,Western / 108th,33.937964,-118.309178,,bus
bus_7235,Broadway / 118th,33.926751,-118.278079,,bus
bus_7238,Hill / 11th,34.039995,-118.259809,,bus
bus_7248,Vermont / 120th,33.924002,-118.291321,,bus
bus_7256,18th / Olive,34.033546,-118.266284,,bus
bus_7257,1st / Beaudry,34.059407,-118.254342,,bus
bus_7258,1st / Broadway,34.053378,-118.245344,,bus
bus_7262,39th / Figueroa,34.014145,-118.282514,,bus
bus_7264,3rd / Hauser,34.069845,-118.351268,,bus
bus_7265,3rd / Loma,34.059839,-118.265757,,bus
bus_7266,3rd / Lorraine,34.068838,-118.320169,,bus
bus_7268,3rd / La Cienega,34.073299,-118.376702,,bus
bus_7269,3rd / Alexandria,34.068919,-118.298099,,bus
bus_7270,3rd / Alvarado,34.0629,-118.272988,,bus
bus_7271,3rd / Bixel,34.057499,-118.260002,,bus
bus_7272,3rd / Bonnie Brae,34.061851,-118.270396,,bus
bus_7273,3rd / Burnside,34.070564,-118.355365,,bus
bus_7274,3rd / Carondelet,34.064714,-118.276328,,bus
bus_7275,3rd / Catalina,34.068922,-118.29558,,bus
bus_7276,3rd / Cochran,34.069111,-118.347415,,bus
bus_7277,3rd / Crescent Heights,34.072035,-118.366011,,bus
bus_7278,3rd / Fairfax,34.07138,-118.361108,,bus
bus_7279,3rd / Grand View,34.063685,-118.274611,,bus
bus_7280,3rd / Highland,34.068793,-118.338749,,bus
bus_7281,3rd / Hobart,34.06887,-118.305634,,bus
bus_7282,3rd / Hoover,34.068474,-118.284563,,bus
bus_7284,3rd / Kingsley,34.068885,-118.303019,,bus
bus_7285,3rd / La Brea,34.068784,-118.343682,,bus
bus_7286,3rd / Larchmont,34.068825,-118.323781,,bus
bus_7287,3rd / Las Palmas,34.068799,-118.335394,,bus
bus_7289,3rd / Normandie,34.068906,-118.300027,,bus
bus_7290,3rd / Norton,34.068839,-118.317481,,bus
bus_7291,3rd / Occidental,34.067671,-118.282328,,bus
bus_7292,3rd / Ogden,34.071032,-118.358729,,bus
bus_7293,3rd / Orlando,34.072861,-118.372833,,bus
bus_7294,3rd / Rampart,34.066271,-118.279097,,bus
bus_7295,3rd / Rimpau,34.068804,-118.330507,,bus
bus_7296,3rd / Robertson,34.073484,-118.383419,,bus
bus_7297,3rd / Rossmore,34.068829,-118.327519,,bus
bus_7298,3rd / Saint Andrews,34.068852,-118.311756,,bus
bus_7299,3rd / Sweetzer,34.072516,-118.369705,,bus
bus_7300,3rd / Union,34.060648,-118.267691,,bus
bus_7301,3rd / Vermont,34.069185,-118.29142,,bus
bus_7302,3rd / Virgil,34.068861,-118.286994,,bus
bus_7303,3rd / Western,34.068855,-118.309339,,bus
bus_7304,3rd / Wilton,34.068846,-118.313796,,bus
bus_7305,3rd / Witmer,34.059013,-118.263665,,bus
bus_7306,Alvarado / Alvarado Terrace,34.045195,-118.283784,,bus
bus_7307,43rd / Degnan,34.00592,-118.331203,,bus
bus_7333,5th / Spring,34.047395,-118.24942,,bus
bus_7336,62nd / Gramercy,33.983306,-118.313588,,bus
bus_7337,62nd / Saint Andrews,33.983315,-118.311134,,bus
bus_7339,62nd / Van Ness,33.98329,-118.317365,,bus
bus_7340,62nd / Western,33.983317,-118.309135,,bus
bus_7341,6th / Lucas,34.054701,-118.263994,,bus
bus_7342,6th / Alexandria,34.063492,-118.29808,,bus
bus_7343,6th / Bixel,34.053999,-118.262341,,bus
bus_7344,6th / Bonnie Brae,34.058466,-118.272759,,bus
bus_7345,6th / Broadway,34.046694,-118.25227,,bus
bus_7347,6th / Catalina,34.063504,-118.295564,,bus
bus_7348,6th / Commonwealth,34.063626,-118.285814,,bus
bus_7351,6th / Grand,34.04877,-118.255482,,bus
bus_7352,6th / Grand View,34.060314,-118.276845,,bus
bus_7353,6th / Harvard,34.063463,-118.30426,,bus
bus_7356,6th / Lafayette Park,34.063184,-118.283267,,bus
bus_7358,6th / Normandie,34.063483,-118.300526,,bus
bus_7359,6th / Park View,34.060975,-118.27832,,bus
bus_7360,6th / Rampart,34.062411,-118.281534,,bus
bus_7361,6th / Serrano,34.063448,-118.306763,,bus
bus_7364,6th / Virgil,34.06362,-118.287207,,bus
bus_7366,6th / Westmoreland,34.063614,-118.288587,,bus
bus_7367,6th / Valencia,34.056188,-118.267518,,bus
bus_7368,6th / Witmer,34.055319,-118.265459,,bus
bus_7369,6th / Alvarado,34.059554,-118.275136,,bus
bus_7370,6th / Vermont,34.063588,-118.291305,,bus
bus_7371,6th / Saint Paul,34.053487,-118.261082,,bus
bus_7373,7th / Francisco,34.049854,-118.261629,,bus
bus_7374,7th / Garland,34.051534,-118.266058,,bus
bus_7376,7th / Alma,33.737829,-118.299114,,bus
bus_7377,7th / Alvarado,34.056494,-118.277021,,bus
bus_7378,7th / Averill,33.737858,-118.307406,,bus
bus_7379,7th / Bixel,34.050657,-118.263826,,bus
bus_7383,7th / Burlington,34.054949,-118.273645,,bus
bus_7384,7th / Cabrillo,33.73781,-118.294704,,bus
bus_7386,7th / Coronado,34.058875,-118.282285,,bus
bus_7389,7th / Gaffey,33.737801,-118.292559,,bus
bus_7396,7th / Mesa,33.737785,-118.285866,,bus
bus_7397,7th / Meyler,33.737821,-118.296897,,bus
bus_7398,7th / Olive,34.046877,-118.255694,,bus
bus_7399,7th / Pacific,33.737791,-118.287583,,bus
bus_7402,7th / Palos Verdes,33.737768,-118.281031,,bus
bus_7403,7th / Park View,34.058135,-118.280252,,bus
bus_7408,7th / Union,34.053915,-118.271341,,bus
bus_7410,7th / Leland,33.737846,-118.301318,,bus
bus_7412,7th / Valencia,34.053103,-118.269529,,bus
bus_7413,7th / Witmer,34.05239,-118.267945,,bus
bus_7418,8th / Columbia,34.050585,-118.270095,,bus
bus_7419,8th / Garland,34.049598,-118.267877,,bus
bus_7420,8th / Irolo,34.057612,-118.301047,,bus
bus_7421,8th / Alvarado,34.054892,-118.278095,,bus
bus_7422,8th / Burlington,34.053186,-118.274319,,bus
bus_7423,8th / Catalina,34.057646,-118.295147,,bus
bus_7425,8th / Harvard,34.057599,-118.304315,,bus
bus_7426,8th / Hoover,34.057432,-118.283772,,bus
bus_7427,8th / Mariposa,34.057827,-118.298541,,bus
bus_7428,8th / Park View,34.056284,-118.28122,,bus
bus_7429,8th / Serrano,34.057579,-118.306732,,bus
bus_7431,8th / Union,34.052303,-118.272369,,bus
bus_7432,8th / Vermont,34.057662,-118.291875,,bus
bus_7433,8th / Western,34.057794,-118.308519,,bus
bus_7434,8th / Westmoreland,34.057645,-118.288824,,bus
bus_7439,9th / Broadway,34.042361,-118.25633,,bus
bus_7441,9th / Figueroa,34.046201,-118.263099,,bus
bus_7442,9th / Grand,34.044464,-118.259526,,bus
bus_7443,9th / Hope,34.045135,-118.260567,,bus
bus_7444,9th / Olive,34.043738,-118.258421,,bus
bus_7449,Adams / 4th,34.032541,-118.321278,,bus
bus_7451,Adams / 7th,34.032531,-118.324076,,bus
bus_7453,Adams / Arlington,34.032556,-118.317835,,bus
bus_7454,Adams / West,34.032672,-118.340765,,bus
bus_7455,Adams / Chester,34.029264,-118.278713,,bus
bus_7456,Adams / Cimarron,34.032568,-118.315334,,bus
bus_7457,Adams / Edgehill,34.032515,-118.328832,,bus
bus_7459,Adams / Grand,34.026456,-118.272473,,bus
bus_7460,Adams / Halldale,34.03263,-118.302944,,bus
bus_7461,Adams / Hauser,34.032399,-118.362781,,bus
bus_7462,Adams / La Salle,34.032624,-118.305112,,bus
bus_7463,Adams / Magnolia,34.032661,-118.286632,,bus
bus_7465,Adams / Budlong,34.032655,-118.296121,,bus
bus_7467,Adams / Dunsmuir,34.032405,-118.359695,,bus
bus_7468,Adams / Figueroa,34.028138,-118.276201,,bus
bus_7471,Adams / Harcourt,34.032456,-118.346173,,bus
bus_7472,Adams / Hill,34.025809,-118.270533,,bus
bus_7473,Adams / Hoover,34.031489,-118.283741,,bus
bus_7475,Adams / Normandie,34.03264,-118.29999,,bus
bus_7476,Adams / Redondo,34.032416,-118.356015,,bus
bus_7477,Adams / Saint Andrews,34.032594,-118.311442,,bus
bus_7479,Adams / Western,34.032608,-118.309205,,bus
bus_7480,Adams / Severance,34.030306,-118.281043,,bus
bus_7481,Adams / Thurman,34.032377,-118.368098,,bus
bus_7483,Alameda / Bob Hope,34.156699,-118.332319,,bus
bus_7487,Alameda / Buena Vista,34.158048,-118.328269,,bus
bus_7490,Alameda / Naomi,34.157389,-118.330243,,bus
bus_7500,Wilmington / Alondra,33.888809,-118.236965,,bus
bus_7501,Altadena / Glenrose,34.195831,-118.150915,,bus
bus_7502,Fair Oaks / Altadena,34.194769,-118.147111,,bus
bus_7503,Altadena / Olive,34.19661,-118.154191,,bus
bus_7504,Arbor Vitae / Eucalyptus,33.952602,-118.359573,,bus
bus_7505,Arbor Vitae / Inglewood,33.9526,-118.361183,,bus
bus_7506,Arbor Vitae / La Cienega,33.95258,-118.370326,,bus
bus_7507,Arbor Vitae / Oak,33.952594,-118.365855,,bus
bus_7508,Artesia / Normandie,33.872818,-118.299283,,bus
bus_7509,Artesia / Van Ness,33.872741,-118.317506,,bus
bus_7510,Artesia / Western,33.87274,-118.309396,,bus
bus_7511,Avenue 26 / Humboldt,34.079633,-118.218147,,bus
bus_7512,Avenue 26 / Idell,34.08584,-118.224854,,bus
bus_7515,Avenue 28 / Idell,34.087847,-118.223915,,bus
bus_7527,Broadway / Central,34.146703,-118.257572,,bus
bus_7529,Broadway / Columbus,34.146708,-118.261482,,bus
bus_7531,Broadway / Pacific,34.146692,-118.263974,,bus
bus_7533,Burbank / Doan,34.181487,-118.329528,,bus
bus_7534,Burbank / Buena Vista,34.178766,-118.337654,,bus
bus_7535,Burbank / Fairview,34.176552,-118.344271,,bus
bus_7536,Burbank / Florence,34.177718,-118.340791,,bus
bus_7537,Burbank / Griffith Park,34.182407,-118.326777,,bus
bus_7538,Burbank / Hollywood Way,34.174806,-118.349484,,bus
bus_7539,Burbank / Keystone,34.179982,-118.334019,,bus
bus_7541,Centinela / Alvern,33.976946,-118.376476,,bus
bus_7547,Century / Airport,33.945368,-118.385708,,bus
bus_7549,Century / Crenshaw,33.945349,-118.326064,,bus
bus_7550,Century / Denker,33.945357,-118.3043,,bus
bus_7551,Century / International,33.945381,-118.381735,,bus
bus_7552,Century / 5th,33.94535,-118.321774,,bus
bus_7553,Century / Broadway,33.945434,-118.277791,,bus
bus_7554,Century / Budlong,33.945368,-118.296284,,bus
bus_7555,Century / Doty,33.945344,-118.339984,,bus
bus_7556,Century / Felton,33.945316,-118.365358,,bus
bus_7557,Century / Figueroa,33.945677,-118.282411,,bus
bus_7558,Century / Firmona,33.945327,-118.357139,,bus
bus_7559,Century / Freeman,33.945338,-118.347937,,bus
bus_7560,Century / Gramercy,33.945348,-118.313053,,bus
bus_7561,Century / La Brea,33.945355,-118.352279,,bus
bus_7562,Century / Hoover,33.9454,-118.286433,,bus
bus_7563,Century / La Cienega,33.945292,-118.36972,,bus
bus_7564,Century / Normandie,33.945362,-118.299928,,bus
bus_7565,Century / Prairie,33.945339,-118.343588,,bus
bus_7566,Century / Van Ness,33.945344,-118.317933,,bus
bus_7567,Century / Vermont,33.945379,-118.29215,,bus
bus_7568,Century / Western,33.945344,-118.309219,,bus
bus_7569,Century / Yukon,33.945356,-118.334808,,bus
bus_7570,Century / Village,33.945351,-118.329367,,bus
bus_7571,Colorado / Club,34.141656,-118.17407,,bus
bus_7572,Colorado / Melrose,34.140818,-118.177433,,bus
bus_7574,Colorado / San Rafael,34.142598,-118.170635,,bus
bus_7575,Colorado / De Lacey,34.14564,-118.152015,,bus
bus_7576,Colorado / Orange Grove,34.145607,-118.160386,,bus
bus_7578,Colorado / Terrace,34.145616,-118.157431,,bus
bus_7587,Compton / Aranbe,33.895793,-118.231979,,bus
bus_7588,Compton / Acacia,33.89585,-118.226582,,bus
bus_7589,Compton / Dwight,33.895753,-118.242102,,bus
bus_7590,Compton / Matthisen,33.895786,-118.234045,,bus
bus_7591,Compton / Nestor,33.895717,-118.249091,,bus
bus_7592,Compton / Oleander,33.895821,-118.228453,,bus
bus_7593,Compton / Wilmington,33.895771,-118.237241,,bus
bus_7612,El Segundo / Broadway,33.916304,-118.278008,,bus
bus_7631,Floral / McDonnell,34.044113,-118.167186,,bus
bus_7633,Florence / 5th,33.974454,-118.322344,,bus
bus_7634,Florence / 8th,33.974434,-118.326757,,bus
bus_7636,Florence / Denker,33.974455,-118.304867,,bus
bus_7637,Florence / Broadway,33.974814,-118.278067,,bus
bus_7638,Florence / Broadway,33.974561,-118.277967,,bus
bus_7639,Florence / Budlong,33.974484,-118.29646,,bus
bus_7640,Florence / Figueroa,33.974544,-118.282838,,bus
bus_7642,Florence / Gramercy,33.97446,-118.313611,,bus
bus_7644,Florence / Hoover,33.974523,-118.28734,,bus
bus_7645,Florence / Normandie,33.974463,-118.30055,,bus
bus_7646,Florence / Van Ness,33.974464,-118.317404,,bus
bus_7647,Florence / Vermont,33.974503,-118.2921,,bus
bus_7648,Florence / Western,33.974447,-118.309231,,bus
bus_7650,Foothill / Foothill Pl,34.273556,-118.344678,,bus
bus_7651,Foothill / Floralita,34.259596,-118.318127,,bus
bus_7652,Foothill / Baldwin,34.150455,-118.053017,,bus
bus_7653,Foothill / Sherman Grove,34.259605,-118.319802,,bus
bus_7654,Gage / Denker,33.982259,-118.304737,,bus
bus_7655,Gage / Broadway,33.982295,-118.278652,,bus
bus_7656,Gage / Budlong,33.982249,-118.295511,,bus
bus_7657,Gage / Figueroa,33.982274,-118.282898,,bus
bus_7659,Gage / Normandie,33.982251,-118.300439,,bus
bus_7663,Garvey / Casuda Canyon,34.062087,-118.15253,,bus
bus_7664,Garvey / Abajo,34.060035,-118.145946,,bus
bus_7665,Garvey / Atlantic,34.062368,-118.133922,,bus
bus_7666,Garvey / Chandler,34.062334,-118.131806,,bus
bus_7667,Garvey / Garfield,34.062388,-118.122495,,bus
bus_7668,Garvey / Ramona,34.062366,-118.125245,,bus
bus_7669,Garvey / Ynez,34.062346,-118.128884,,bus
bus_7671,Glenoaks / Allen,34.174322,-118.293559,,bus
bus_7672,Glenoaks / Concord,34.16027,-118.271108,,bus
bus_7673,Glenoaks / Grandview,34.165232,-118.281107,,bus
bus_7674,Glenoaks / Graynold,34.163169,-118.27828,,bus
bus_7675,Glenoaks / Highland,34.161209,-118.274965,,bus
bus_7676,Glenoaks / Justin,34.169863,-118.287457,,bus
bus_7677,Glenoaks / Brand,34.159669,-118.255391,,bus
bus_7678,Glenoaks / Kenilworth,34.159959,-118.267385,,bus
bus_7679,Glenoaks / Pacific,34.15973,-118.264432,,bus
bus_7680,Glenoaks / Sonora,34.168412,-118.285465,,bus
bus_7681,Glenoaks / Thompson,34.17263,-118.291245,,bus
bus_7682,Glenoaks / Western,34.171501,-118.289697,,bus
bus_7686,Green Valley / Bristol,33.983568,-118.391165,,bus
bus_7687,Green Valley / Doverwood,33.982425,-118.386901,,bus
bus_7708,Huntington / Centennial,34.135908,-118.039267,,bus
bus_7709,Huntington / Holly,34.131402,-118.046099,,bus
bus_7710,Huntington / La Cadena,34.131398,-118.049294,,bus
bus_7711,Huntington / Baldwin,34.131459,-118.054168,,bus
bus_7712,Huntington / Golden West,34.131014,-118.060493,,bus
bus_7713,Huntington / Sunset,34.130715,-118.064771,,bus
bus_7715,Huntington / Santa Clara,34.139877,-118.03492,,bus
bus_7716,Imperial / Ardath,33.930852,-118.324066,,bus
bus_7717,Imperial / Denker,33.930851,-118.304366,,bus
bus_7718,Imperial / Freeman,33.930825,-118.348417,,bus
bus_7720,Imperial / I-105 W Exit 2A,33.930798,-118.374796,,bus
bus_7722,Imperial / Ramona,33.930812,-118.356628,,bus
bus_7723,Imperial / Broadway,33.930886,-118.278485,,bus
bus_7724,Imperial / Crenshaw,33.930851,-118.326159,,bus
bus_7726,Imperial / Hoover,33.930864,-118.286614,,bus
bus_7727,Imperial / La Cienega,33.930797,-118.36903,,bus
bus_7728,Imperial / Lemoli,33.930848,-118.33057,,bus
bus_7729,Imperial / Normandie,33.930844,-118.300495,,bus
bus_7730,Imperial / Van Ness,33.930846,-118.317937,,bus
bus_7732,Imperial / Vermont,33.930853,-118.291315,,bus
bus_7734,Imperial / Wilton,33.930852,-118.313566,,bus
bus_7735,Imperial / Yukon,33.930843,-118.335313,,bus
bus_7736,Imperial / Budlong,33.931101,-118.295311,,bus
bus_7738,Jefferson / 12th,34.025478,-118.331821,,bus
bus_7739,Jefferson / 4th,34.025459,-118.321399,,bus
bus_7740,Jefferson / 7th,34.025472,-118.324934,,bus
bus_7741,Jefferson / Alsace,34.025383,-118.358213,,bus
bus_7742,Jefferson / Arlington,34.025447,-118.317815,,bus
bus_7743,Jefferson / Buckingham,34.025448,-118.340682,,bus
bus_7744,Jefferson / Cimarron,34.025436,-118.315732,,bus
bus_7745,Jefferson / Clyde,34.026203,-118.368751,,bus
bus_7746,Jefferson / Crenshaw,34.025478,-118.334765,,bus
bus_7747,Jefferson / Denker,34.025393,-118.304396,,bus
bus_7748,Jefferson / Farmdale,34.025429,-118.346194,,bus
bus_7749,Jefferson / Halldale,34.025389,-118.302736,,bus
bus_7750,Jefferson / Hauser,34.025876,-118.365383,,bus
bus_7752,Jefferson / Mc Clintock,34.024857,-118.286814,,bus
bus_7753,Jefferson / Royal,34.022735,-118.282133,,bus
bus_7754,Jefferson / Budlong,34.025389,-118.296066,,bus
bus_7755,Jefferson / Cochran,34.025445,-118.361348,,bus
bus_7756,Jefferson / Figueroa,34.021689,-118.279757,,bus
bus_7757,Jefferson / Grand,34.019975,-118.27588,,bus
bus_7758,Jefferson / Harcourt,34.025416,-118.350916,,bus
bus_7759,Jefferson / Hoover,34.023299,-118.283393,,bus
bus_7760,Jefferson / Hoover,34.023762,-118.283797,,bus
bus_7762,Jefferson / La Brea,34.025408,-118.354576,,bus
bus_7764,Jefferson / Normandie,34.025392,-118.300399,,bus
bus_7765,Jefferson / Saint Andrews,34.025434,-118.312175,,bus
bus_7766,Jefferson / Vermont,34.025385,-118.291201,,bus
bus_7767,Jefferson / Western,34.025441,-118.308568,,bus
bus_7775,Las Tunas / Mission,34.102274,-118.110559,,bus
bus_7776,Las Tunas / Santa Anita,34.102308,-118.105746,,bus
bus_7778,Las Tunas / San Marino,34.102358,-118.102664,,bus
bus_7780,Hollywood Way / Chandler,34.171697,-118.348651,,bus
bus_7781,Main / Hampden,34.094889,-118.156497,,bus
bus_7783,Main / Fremont,34.094994,-118.151781,,bus
bus_7784,Main / Primrose,34.094008,-118.149368,,bus
bus_7785,Main / Raymond,34.091323,-118.144825,,bus
bus_7786,Main / Poplar,34.092167,-118.147161,,bus
bus_7787,Main / 2nd,34.09415,-118.128678,,bus
bus_7789,Main / Atlantic,34.091442,-118.134817,,bus
bus_7791,Main / Electric,34.091409,-118.139355,,bus
bus_7792,Main / Marengo,34.091387,-118.141766,,bus
bus_7793,Manchester / Airport,33.959764,-118.385742,,bus
bus_7794,Manchester / Aviation,33.959783,-118.377286,,bus
bus_7795,Manchester / Belford,33.959768,-118.383608,,bus
bus_7796,Manchester / Bellanca,33.959778,-118.380699,,bus
bus_7797,Manchester / Denker,33.959878,-118.304804,,bus
bus_7798,Manchester / Emerson,33.959718,-118.404033,,bus
bus_7799,Manchester / Falmouth,33.958845,-118.436992,,bus
bus_7801,Manchester / Kentwood,33.959724,-118.400597,,bus
bus_7802,Manchester / La Tijera,33.959747,-118.391908,,bus
bus_7803,Manchester / Lincoln,33.95968,-118.418342,,bus
bus_7804,Manchester / Osage,33.95978,-118.378971,,bus
bus_7805,Manchester / Rayford,33.959668,-118.422566,,bus
bus_7807,Manchester / Broadway,33.95997,-118.277899,,bus
bus_7809,Manchester / Budlong,33.959902,-118.296036,,bus
bus_7811,Manchester / Gramercy,33.959853,-118.31352,,bus
bus_7812,Manchester / Harvard,33.959864,-118.306964,,bus
bus_7813,Manchester / Hoover,33.95994,-118.287201,,bus
bus_7814,Manchester / Isis,33.959786,-118.375483,,bus
bus_7815,Manchester / Normandie,33.959886,-118.300511,,bus
bus_7816,Manchester / Sepulveda,33.959738,-118.396472,,bus
bus_7817,Manchester / Van Ness,33.959852,-118.317939,,bus
bus_7818,Firestone / Target,33.926023,-118.105951,,bus
bus_7819,Manchester / Vermont,33.959909,-118.291139,,bus
bus_7821,Manchester / Saran,33.959649,-118.432805,,bus
bus_7822,Manchester / Truxton,33.959746,-118.39325,,bus
bus_7823,Manchester / Wiley Post,33.959759,-118.387407,,bus
bus_7824,Manchester / 11th,33.959864,-118.32891,,bus
bus_7825,Manchester / Briarwood West,33.959857,-118.335291,,bus
bus_7826,Manchester / Prairie,33.959698,-118.344158,,bus
bus_7827,Manchester / 5th,33.95986,-118.322288,,bus
bus_7830,Manchester Layover,33.959852,-118.268104,,bus
bus_7831,Hall / Lakewood,33.931672,-118.126118,,bus
bus_7832,Manchester / Eucalyptus,33.961577,-118.359203,,bus
bus_7833,Manchester / Fir,33.961596,-118.357528,,bus
bus_7834,Manchester / Glasgow,33.960918,-118.371976,,bus
bus_7835,Manchester / Inglewood,33.961552,-118.361396,,bus
bus_7836,Manchester / La Cienega,33.961481,-118.370247,,bus
bus_7837,Manchester / Oak,33.961504,-118.366342,,bus
bus_7840,Myrrh / Acacia,33.892243,-118.226085,,bus
bus_7843,Olive / Lake,34.175375,-118.314329,,bus
bus_7844,Olive / Victory,34.173647,-118.31615,,bus
bus_7845,Olympic / 4th,34.053022,-118.318808,,bus
bus_7846,Olympic / Wilton,34.052442,-118.314626,,bus
bus_7847,Olympic / Blaine,34.047304,-118.270299,,bus
bus_7849,Olympic / Lucerne,34.055103,-118.327713,,bus
bus_7851,Olympic / Elden,34.052297,-118.287875,,bus
bus_7853,Olympic / Georgia,34.045885,-118.267152,,bus
bus_7854,Olympic / Hauser,34.057283,-118.353708,,bus
bus_7858,Olympic / Burlington,34.050199,-118.276739,,bus
bus_7860,Olympic / Catalina,34.05253,-118.294904,,bus
bus_7861,Olympic / Cochran,34.057183,-118.349247,,bus
bus_7862,Olympic / Crescent Heights,34.058692,-118.369373,,bus
bus_7863,Olympic / Curson,34.057352,-118.357283,,bus
bus_7864,Fairfax / Olympic,34.057923,-118.363744,,bus
bus_7868,Olympic / Flower,34.044358,-118.263004,,bus
bus_7870,Olympic / Harvard,34.05249,-118.304323,,bus
bus_7871,Olympic / Highland,34.056956,-118.34019,,bus
bus_7873,Olympic / Hoover,34.0523,-118.284359,,bus
bus_7874,Olympic / Hope,34.043678,-118.261933,,bus
bus_7875,Olympic / La Brea,34.057118,-118.346044,,bus
bus_7876,Olympic / La Cienega,34.059356,-118.375929,,bus
bus_7878,Olympic / Mansfield,34.05704,-118.342689,,bus
bus_7880,Olympic / Norton,34.053791,-118.32092,,bus
bus_7883,Olympic / Robertson,34.059261,-118.383391,,bus
bus_7885,Olympic / Spaulding,34.057445,-118.36005,,bus
bus_7888,Vermont / Olympic,34.052269,-118.291757,,bus
bus_7896,Palos Verdes / Hawthorne,33.748726,-118.407071,,bus
bus_7897,Hawthorne / Palos Verdes Dr West,33.749363,-118.407278,,bus
bus_7898,Pico / 4th,34.047222,-118.321479,,bus
bus_7904,Pico / Magnolia,34.047159,-118.286646,,bus
bus_7905,Pico / Alvarado,34.047042,-118.282503,,bus
bus_7906,Pico / Ardmore,34.047098,-118.302679,,bus
bus_7907,Pico / Bonnie Brae,34.046151,-118.280562,,bus
bus_7908,Pico / Catalina,34.047128,-118.294879,,bus
bus_7909,Pico / Figueroa,34.040393,-118.267828,,bus
bus_7912,Pico / Harvard,34.047094,-118.30431,,bus
bus_7913,Pico / Hill,34.037649,-118.262356,,bus
bus_7914,Pico / Hoover,34.047164,-118.284411,,bus
bus_7916,Pico / Kenmore,34.047122,-118.297137,,bus
bus_7917,Pico / Normandie,34.047105,-118.299662,,bus
bus_7918,Pico / Norton,34.047457,-118.324055,,bus
bus_7925,Pico / Vermont,34.047136,-118.291756,,bus
bus_7926,Pico / Western,34.047078,-118.309189,,bus
bus_7927,Pico / Westmoreland,34.04715,-118.289359,,bus
bus_7928,Pico / Wilton,34.047059,-118.314645,,bus
bus_7929,Pico / Windsor,34.048039,-118.330379,,bus
bus_7930,Pico / West,34.048285,-118.333047,,bus
bus_7932,Riggin / Bradshawe,34.03648,-118.141069,,bus
bus_7933,Riggin / Ferdinand,34.036565,-118.134359,,bus
bus_7934,Riggin / Findlay,34.036517,-118.138112,,bus
bus_7935,Riggin / Gerhart,34.036449,-118.143842,,bus
bus_7936,Rosecrans / Broadway,33.901842,-118.278013,,bus
bus_7937,Rosecrans / Main,33.902096,-118.273766,,bus
bus_7946,Santa Monica / La Cienega,34.08933,-118.376081,,bus
bus_7948,Sierra Madre / Hermosa,34.161731,-118.057371,,bus
bus_7949,Sierra Madre / Lima,34.161729,-118.059946,,bus
bus_7950,Sierra Madre / Michillinda,34.161682,-118.067295,,bus
bus_7952,Sierra Madre / Sunnyside,34.161702,-118.064812,,bus
bus_7961,Slauson / 2nd,33.98898,-118.319774,,bus
bus_7962,Slauson / 4th,33.988967,-118.32175,,bus
bus_7963,Slauson / 6th,33.988957,-118.323169,,bus
bus_7964,Slauson / 8th,33.988934,-118.326659,,bus
bus_7965,Slauson / Alsace,33.988793,-118.347718,,bus
bus_7966,Slauson / Alviso,33.98882,-118.344089,,bus
bus_7967,Slauson / Buckler,33.988764,-118.352016,,bus
bus_7969,Slauson / Denker,33.989016,-118.304742,,bus
bus_7970,Slauson / Fairfax,33.987463,-118.362801,,bus
bus_7971,Slauson / Overhill,33.988774,-118.354312,,bus
bus_7972,Slauson / Broadway,33.989066,-118.278513,,bus
bus_7973,Slauson / Budlong,33.989013,-118.296026,,bus
bus_7974,Slauson / Corning,33.987834,-118.373365,,bus
bus_7977,Slauson / Figueroa,33.989048,-118.282891,,bus
bus_7978,Slauson / Hoover,33.989034,-118.287321,,bus
bus_7979,Slauson / Kings,33.987531,-118.367324,,bus
bus_7983,Slauson / La Cienega,33.987638,-118.370151,,bus
bus_7984,Slauson / Main,33.989084,-118.274152,,bus
bus_7985,Slauson / Normandie,33.989013,-118.300421,,bus
bus_7986,Slauson / Rimpau,33.988845,-118.340039,,bus
bus_7987,Slauson / Vermont,33.989021,-118.291689,,bus
bus_7988,Slauson / Western,33.989016,-118.309159,,bus
bus_7989,Slauson / Wilton,33.989003,-118.3151,,bus
bus_7990,Slauson / Shenandoah,33.988572,-118.377281,,bus
bus_7992,Sunset / Allenford,34.0555,-118.496993,,bus
bus_7993,Sunset / Amalfi,34.04631,-118.509822,,bus
bus_7994,Sunset / Anita,34.057482,-118.482781,,bus
bus_7995,Sunset / Bates,34.094341,-118.282692,,bus
bus_7996,Sunset / Bellagio,34.076383,-118.454696,,bus
bus_7997,Sunset / Bellevue,34.065413,-118.249464,,bus
bus_7998,Sunset / Bristol,34.056475,-118.487728,,bus
bus_7999,Sunset / Brooktree,34.045644,-118.514621,,bus
bus_8000,Sunset / Burlingame,34.056508,-118.491188,,bus
bus_8001,Sunset / Capri,34.052718,-118.502651,,bus
bus_8002,Sunset / Carey,34.045079,-118.523234,,bus
bus_8003,Sunset / Chautauqua,34.041281,-118.518328,,bus
bus_8004,Sunset / Church,34.072172,-118.468076,,bus
bus_8005,Sunset / Church,34.072185,-118.467508,,bus
bus_8006,Sunset / Cory,34.090297,-118.392358,,bus
bus_8007,Sunset / Descanso,34.085104,-118.274834,,bus
bus_8008,Sunset / Doheny,34.09042,-118.392669,,bus
bus_8009,Sunset / Douglas,34.07422,-118.252168,,bus
bus_8010,Sunset / Drummond,34.043038,-118.520715,,bus
bus_8011,Sunset / Echo Park,34.076712,-118.257555,,bus
bus_8012,Sunset / Fountain,34.095881,-118.284365,,bus
bus_8014,Sunset / Hammond,34.09051,-118.387788,,bus
bus_8016,Sunset / Ivar,34.097884,-118.328905,,bus
bus_8017,Sunset / La Cruz,34.046129,-118.524465,,bus
bus_8021,Sunset / Lucile,34.090917,-118.278995,,bus
bus_8022,Sunset / Maltman,34.08979,-118.277108,,bus
bus_8024,Sunset / Marion,34.068285,-118.250364,,bus
bus_8025,Sunset / Micheltorena,34.087586,-118.276018,,bus
bus_8026,Sunset / Minorca,34.048511,-118.50661,,bus
bus_8027,Sunset / Alexandria,34.098007,-118.298483,,bus
bus_8028,Sunset / Alvarado,34.077443,-118.263769,,bus
bus_8029,Sunset / Benton,34.08055,-118.270575,,bus
bus_8030,Sunset / Park,34.077777,-118.261808,,bus
bus_8031,Sunset / Bronson,34.097929,-118.31814,,bus
bus_8032,Sunset / Cherokee,34.097866,-118.335445,,bus
bus_8033,Sunset / Coronado,34.079278,-118.26885,,bus
bus_8034,Sunset / Crescent Heights,34.09788,-118.365804,,bus
bus_8037,Sunset / Edgemont,34.098016,-118.295966,,bus
bus_8039,Fairfax / San Vicente,34.058985,-118.363593,,bus
bus_8040,Sunset / Figueroa,34.062668,-118.246511,,bus
bus_8041,Sunset / Poinsettia,34.097881,-118.348495,,bus
bus_8042,Sunset / Gardner,34.097912,-118.352998,,bus
bus_8045,Sunset / Highland,34.097862,-118.338814,,bus
bus_8047,Sunset / Kings,34.095091,-118.372794,,bus
bus_8048,Sunset / Kingsley,34.097999,-118.302979,,bus
bus_8049,Sunset / La Brea,34.097863,-118.34428,,bus
bus_8050,Sunset / Martel,34.097894,-118.350798,,bus
bus_8051,Sunset / Normandie,34.098002,-118.300677,,bus
bus_8052,Sunset / Orange,34.097857,-118.341711,,bus
bus_8055,Sunset / Stanley,34.097941,-118.356364,,bus
bus_8056,Sunset / Sweetzer,34.096368,-118.370398,,bus
bus_8058,Sunset / Virgil,34.098042,-118.28757,,bus
bus_8059,Sunset / Western,34.097984,-118.308905,,bus
bus_8060,Sunset / Wilton,34.097968,-118.31376,,bus
bus_8061,Sunset / Napoli,34.050793,-118.504947,,bus
bus_8062,Sunset / Horn,34.090822,-118.382924,,bus
bus_8066,Sunset / Rosemont,34.07788,-118.266201,,bus
bus_8067,Sunset / Barrington,34.065003,-118.470106,,bus
bus_8068,Sunset / Bundy,34.060075,-118.476028,,bus
bus_8069,Sunset / Carmelina,34.057698,-118.480822,,bus
bus_8070,Sunset / Cliffwood,34.057035,-118.485757,,bus
bus_8072,Sunset / Kenter,34.058365,-118.478349,,bus
bus_8074,Sunset / Saltair,34.061121,-118.474727,,bus
bus_8076,Sunset / Westgate,34.062668,-118.472853,,bus
bus_8077,Sunset / Woodburn,34.069647,-118.469492,,bus
bus_8078,Sunset / San Vicente,34.090517,-118.385697,,bus
bus_8079,Sunset / Sanborn,34.092749,-118.280906,,bus
bus_8080,Sunset / Sunset Plaza,34.092182,-118.379654,,bus
bus_8081,Sunset / Swarthmore,34.047108,-118.52563,,bus
bus_8084,Sunset / Wilcox,34.097875,-118.331174,,bus
bus_8085,Temple / Douglas,34.067181,-118.256786,,bus
bus_8086,Temple / Edgeware,34.066403,-118.254502,,bus
bus_8087,Temple / Glendale,34.067962,-118.260576,,bus
bus_8088,Temple / Beaudry,34.063145,-118.251105,,bus
bus_8089,Temple / Bonnie Brae,34.069371,-118.265711,,bus
bus_8090,Temple / Boylston,34.064511,-118.252604,,bus
bus_8091,Hill / Temple,34.056595,-118.244155,,bus
bus_8092,Temple / Carondelet,34.071825,-118.273122,,bus
bus_8093,Temple / Figueroa,34.060238,-118.248712,,bus
bus_8094,Temple / Figueroa,34.059965,-118.248827,,bus
bus_8095,Temple / Grand,34.058448,-118.246584,,bus
bus_8099,Temple / Occidental,34.073644,-118.277738,,bus
bus_8100,Temple / Rampart,34.072332,-118.27467,,bus
bus_8101,Temple / Spring,34.054895,-118.242397,,bus
bus_8102,Temple / Union,34.068626,-118.263441,,bus
bus_8103,Temple / Vendome,34.074825,-118.28046,,bus
bus_8106,Temple / Robinson,34.075443,-118.281852,,bus
bus_8107,Valley / Abbot,34.079452,-118.10223,,bus
bus_8109,Valley / Edgewood,34.076972,-118.14833,,bus
bus_8112,Valley / New,34.079219,-118.107933,,bus
bus_8113,Valley / 4th,34.07825,-118.126454,,bus
bus_8114,Valley / 6th,34.078102,-118.128967,,bus
bus_8115,Valley / 8th,34.077962,-118.131401,,bus
bus_8116,Valley / Atlantic,34.077799,-118.134161,,bus
bus_8118,Valley / Marengo,34.077368,-118.141518,,bus
bus_8119,Valley / Marguerita,34.077537,-118.137919,,bus
bus_8120,Valley / Raymond,34.07716,-118.145117,,bus
bus_8121,Valley / Westmont,34.075501,-118.159611,,bus
bus_8122,Venice / Catalina,34.044106,-118.294502,,bus
bus_8124,Firestone / Lakewood,33.935567,-118.124228,,bus
bus_8125,Vernon / 11th,34.003796,-118.329195,,bus
bus_8126,Vernon / 4th,34.003818,-118.321207,,bus
bus_8127,Vernon / 6th,34.003812,-118.323394,,bus
bus_8128,Vernon / 8th,34.003803,-118.325575,,bus
bus_8129,Arlington / Vernon,34.003982,-118.318093,,bus
bus_8130,Vernon / Denker,34.003597,-118.304699,,bus
bus_8136,Vernon / Budlong,34.003571,-118.296042,,bus
bus_8137,Vernon / Figueroa,34.00364,-118.282363,,bus
bus_8138,Vernon / Gramercy,34.003843,-118.313651,,bus
bus_8140,Vernon / Harvard,34.003597,-118.306897,,bus
bus_8141,Vernon / Hoover,34.003605,-118.286807,,bus
bus_8142,Vernon / Normandie,34.003584,-118.299839,,bus
bus_8144,Vernon / Vermont,34.003578,-118.291215,,bus
bus_8148,Victory / Buena Vista,34.184672,-118.338698,,bus
bus_8149,Victory / Ontario,34.18477,-118.34563,,bus
bus_8150,Victory / Catalina,34.184767,-118.341384,,bus
bus_8152,Victory / Griffith Park,34.184476,-118.326298,,bus
bus_8153,Victory / Hollywood Way,34.184808,-118.349007,,bus
bus_8154,Victory / Keystone,34.184601,-118.333434,,bus
bus_8156,Victory / Manning,34.185002,-118.358322,,bus
bus_8157,Victory / Maple,34.184918,-118.353359,,bus
bus_8158,Victory / Reese,34.18453,-118.329275,,bus
bus_8160,Washington / 10th,34.039767,-118.326838,,bus
bus_8161,Washington / 4th,34.039784,-118.321428,,bus
bus_8162,Washington / 6th,34.039775,-118.323804,,bus
bus_8163,Washington / Arlington,34.039793,-118.317866,,bus
bus_8164,Washington / Bonsallo,34.03582,-118.275497,,bus
bus_8166,Washington / Crenshaw,34.039753,-118.330729,,bus
bus_8167,Washington / Glen,34.169033,-118.15612,,bus
bus_8168,Washington / Hauser,34.039137,-118.359988,,bus
bus_8170,Washington / Fair Oaks,34.168742,-118.150913,,bus
bus_8171,Washington / Navarro,34.168726,-118.153372,,bus
bus_8172,Washington / New England,34.039907,-118.287882,,bus
bus_8173,Washington / Oak,34.03691,-118.27791,,bus
bus_8174,Washington / Budlong,34.03987,-118.296375,,bus
bus_8175,Washington / Burnside,34.040209,-118.3579,,bus
bus_8176,Washington / Curson,34.037083,-118.363996,,bus
bus_8177,Washington / Figueroa,34.034149,-118.271811,,bus
bus_8178,Washington / Hope,34.033268,-118.269937,,bus
bus_8179,Washington / Gramercy,34.039816,-118.313502,,bus
bus_8180,Washington / Grand,34.03244,-118.268093,,bus
bus_8181,Washington / Harvard,34.039839,-118.304455,,bus
bus_8184,Washington / Hoover,34.039817,-118.284297,,bus
bus_8185,Washington / La Brea,34.040315,-118.34776,,bus
bus_8188,Washington / Normandie,34.039854,-118.300494,,bus
bus_8189,Washington / Orange,34.040713,-118.349848,,bus
bus_8190,Washington / Redondo,34.041114,-118.352996,,bus
bus_8191,Washington / Rimpau,34.039715,-118.343622,,bus
bus_8192,Washington / Union,34.038474,-118.281361,,bus
bus_8193,Washington / Vermont,34.039888,-118.291226,,bus
bus_8194,Washington / Western,34.040075,-118.308744,,bus
bus_8195,Washington / Thurman,34.035792,-118.366549,,bus
bus_8196,Washington / Vineyard,34.039724,-118.340123,,bus
bus_8213,Adams / Crenshaw,34.032499,-118.334668,,bus
bus_8214,Coldwater Canyon / Victory,34.186504,-118.413622,,bus
bus_8215,Jefferson / Broadway,34.019143,-118.274043,,bus
bus_8216,Wabash / Mott,34.051617,-118.200333,,bus
bus_8217,Wabash / Evergreen,34.049793,-118.196634,,bus
bus_8218,Wabash / Evergreen,34.050084,-118.19679,,bus
bus_8219,Wabash / Mott,34.051381,-118.200293,,bus
bus_8220,Wabash / Soto,34.052779,-118.203594,,bus
bus_8221,Wabash / Stone,34.049013,-118.19483,,bus
bus_8223,Walnut Grove / Edison,34.054608,-118.081791,,bus
bus_8225,Walnut Grove / Fern,34.059169,-118.081808,,bus
bus_8226,Walnut Grove / Garvey,34.062466,-118.081825,,bus
bus_8234,Walnut Grove / Rush,34.051799,-118.081761,,bus
bus_8240,5th / Lindley,34.048436,-118.251024,,bus
bus_8244,Washington / Pickford,34.039729,-118.337525,,bus
bus_8245,Washington / Palawan,33.983899,-118.458752,,bus
bus_8251,Westchester High School,33.955886,-118.42997,,bus
bus_8255,Wilcox / Gage,33.976648,-118.176811,,bus
bus_8260,Westlake / Townsgate,34.153828,-118.827679,,bus
bus_8263,Westwood / Kinross,34.060919,-118.445552,,bus
bus_8266,Westwood / Lindbrook,34.059542,-118.444369,,bus
bus_8268,White Oak / Vanowen,34.193677,-118.51842,,bus
bus_8270,Whittier / Goodrich,34.019399,-118.153115,,bus
bus_8275,Whittier / Atlantic,34.020232,-118.156988,,bus
bus_8278,Whittier / Camulos,34.031659,-118.209949,,bus
bus_8282,Whittier / Columbia,34.002378,-118.08655,,bus
bus_8284,Whittier / Herbert,34.023802,-118.183505,,bus
bus_8286,Whittier / Esperanza,34.025574,-118.19628,,bus
bus_8287,Whittier / Euclid,34.030594,-118.20756,,bus
bus_8288,Whittier / Ferris,34.021534,-118.163191,,bus
bus_8302,Whittier / Orme,34.032543,-118.211938,,bus
bus_8307,Rosemead / Whittier,34.001694,-118.08361,,bus
bus_8308,Rosemead / Whittier,34.000308,-118.084179,,bus
bus_8311,Whittier / Arizona,34.022301,-118.166839,,bus
bus_8313,Whittier / Boyle,34.035723,-118.219141,,bus
bus_8314,Whittier / Brannick,34.023803,-118.177716,,bus
bus_8315,Whittier / Ditman,34.023791,-118.189003,,bus
bus_8317,Whittier / Eastern,34.023732,-118.17366,,bus
bus_8318,Whittier / Eastman,34.023796,-118.185967,,bus
bus_8319,Whittier / Findlay,34.016407,-118.138861,,bus
bus_8320,Whittier / Ford,34.023142,-118.170847,,bus
bus_8321,Whittier / Fresno,34.029343,-118.204877,,bus
bus_8322,Whittier / Gerhart,34.018221,-118.147444,,bus
bus_8323,Whittier / Hoefner,34.018792,-118.150154,,bus
bus_8325,Whittier / Keenan,34.017798,-118.145433,,bus
bus_8326,Whittier / Leonard,34.01727,-118.142934,,bus
bus_8327,Whittier / Lorena,34.027546,-118.20074,,bus
bus_8328,Whittier / McBride,34.022708,-118.168777,,bus
bus_8331,Whittier / Vancouver,34.020843,-118.159906,,bus
bus_8332,Whittier / Via Del Oro,34.015029,-118.132341,,bus
bus_8336,Whittier / Saybrook,34.015811,-118.136022,,bus
bus_8338,Soto / Whittier,34.034678,-118.2153,,bus
bus_8339,Whittier / Soto,34.034062,-118.215305,,bus
bus_8340,Whittier / Spence,34.026652,-118.198709,,bus
bus_8351,Wilcox / Clara,33.964506,-118.178415,,bus
bus_8352,Wilcox / Elizabeth,33.962222,-118.178769,,bus
bus_8353,Wilcox / Florence,33.969483,-118.177657,,bus
bus_8354,Wilcox / Live Oak,33.96682,-118.178073,,bus
bus_8355,Wilcox / Cecelia,33.957648,-118.17968,,bus
bus_8356,Wilcox / Southall,33.972449,-118.177215,,bus
bus_8364,Wilshire / Alexandria,34.06164,-118.29807,,bus
bus_8365,Wilshire / Commonwealth,34.061708,-118.28587,,bus
bus_8366,Wilshire / LA Country Club,34.067675,-118.422323,,bus
bus_8367,Wilshire / Rossmore,34.06179,-118.327303,,bus
bus_8368,Wilshire / Rossmore,34.062047,-118.327453,,bus
bus_8370,Wilshire / San Vicente,34.064111,-118.37218,,bus
bus_8376,Wilshire / 11th,34.024314,-118.491705,,bus
bus_8380,Wilshire / 20th,34.031177,-118.483224,,bus
bus_8383,Wilshire / 26th,34.036032,-118.477218,,bus
bus_8387,Wilshire / Alvarado,34.057709,-118.275668,,bus
bus_8388,Wilshire / Berkeley,34.039572,-118.472881,,bus
bus_8390,Wilshire / Brockton,34.045743,-118.465228,,bus
bus_8392,Wilshire / Comstock,34.067848,-118.425533,,bus
bus_8393,Wilshire / Crenshaw,34.06159,-118.318649,,bus
bus_8395,Wilshire / Federal,34.05078,-118.459436,,bus
bus_8397,Wilshire / Keniston,34.061931,-118.33499,,bus
bus_8399,Wilshire / Lincoln,34.022287,-118.494159,,bus
bus_8400,Wilshire / Crenshaw,34.061894,-118.320317,,bus
bus_8402,Wilshire / Masselin,34.062291,-118.352372,,bus
bus_8404,Wilshire / McClellan,34.04214,-118.469674,,bus
bus_8405,Wilshire / Alvarado,34.057602,-118.275433,,bus
bus_8408,Wilshire / Beverly Glen,34.066722,-118.428968,,bus
bus_8410,Wilshire / Bonnie Brae,34.056858,-118.273816,,bus
bus_8411,Wilshire / Bundy,34.044136,-118.467203,,bus
bus_8412,Wilshire / Catalina,34.061654,-118.295564,,bus
bus_8414,Wilshire / Coronado,34.06047,-118.281637,,bus
bus_8417,Wilshire / Doheny,34.06694,-118.389855,,bus
bus_8418,Wilshire / Dunsmuir,34.062201,-118.348119,,bus
bus_8425,Wilshire / Harvard,34.061605,-118.30433,,bus
bus_8428,Wilshire / Kingsley,34.061612,-118.302781,,bus
bus_8429,Wilshire / La Brea,34.062124,-118.344341,,bus
bus_8431,Wilshire / La Cienega,34.065006,-118.375925,,bus
bus_8432,Wilshire / La Peer,34.066937,-118.38649,,bus
bus_8433,Wilshire / Linden,34.066967,-118.407632,,bus
bus_8435,Wilshire / Lucerne,34.061731,-118.324437,,bus
bus_8437,Wilshire / Normandie,34.061626,-118.300199,,bus
bus_8438,Wilshire / Norton,34.061578,-118.316998,,bus
bus_8439,Wilshire / Spaulding,34.062432,-118.357533,,bus
bus_8440,Wilshire / Palm,34.066943,-118.391492,,bus
bus_8441,Wilshire / Park View,34.059612,-118.279709,,bus
bus_8442,Wilshire / Peck,34.066952,-118.403171,,bus
bus_8444,Wilshire / Rexford,34.066946,-118.394068,,bus
bus_8445,Wilshire / Ridgeley,34.062239,-118.350216,,bus
bus_8447,Wilshire / Robertson,34.066762,-118.382999,,bus
bus_8448,Wilshire / Roxbury,34.066966,-118.40545,,bus
bus_8449,Wilshire / Serrano,34.061593,-118.306753,,bus
bus_8450,Wilshire / Saint Andrews,34.061841,-118.311,,bus
bus_8453,Wilshire / Vermont,34.061681,-118.291298,,bus
bus_8454,Wilshire / Western,34.061583,-118.308843,,bus
bus_8455,Wilshire / Westgate,34.047118,-118.463539,,bus
bus_8456,Wilshire / Westmoreland,34.061692,-118.289245,,bus
bus_8457,Wilshire / Willaman,34.066097,-118.380305,,bus
bus_8461,Wilshire / Selby,34.060188,-118.438083,,bus
bus_8464,Wilshire / Vermont,34.061681,-118.291397,,bus
bus_8466,Wilshire / Warner,34.064368,-118.431894,,bus
bus_8467,Wilshire / Western,34.061836,-118.308745,,bus
bus_8468,Wilshire / Westholme,34.061372,-118.433754,,bus
bus_8469,Wilshire / Westwood,34.058756,-118.44353,,bus
bus_8472,Wilshire / Yale,34.038318,-118.474422,,bus
bus_8473,Wilshire / Vermont Station,34.062257,-118.289494,,bus
bus_8479,Winnetka / Calvert,34.182551,-118.570785,,bus
bus_8480,Winnetka / Ingomar,34.212203,-118.570866,,bus
bus_8481,Winnetka / Chase,34.224451,-118.57088,,bus
bus_8482,Winnetka / Gilmore,34.190009,-118.570817,,bus
bus_8483,Winnetka / Hart,34.197716,-118.57083,,bus
bus_8484,Winnetka / Hatteras,34.176112,-118.570837,,bus
bus_8485,Winnetka / Oxnard,34.1801,-118.570815,,bus
bus_8486,Winnetka / Parthenia,34.228432,-118.570901,,bus
bus_8487,Winnetka / Roscoe,34.220007,-118.570886,,bus
bus_8488,Winnetka / Saticoy,34.208145,-118.570848,,bus
bus_8489,Winnetka / Sherman Way,34.201432,-118.570835,,bus
bus_8490,Winnetka / Strathern,34.215874,-118.570884,,bus
bus_8491,Winnetka / Valerio,34.20457,-118.570853,,bus
bus_8492,Winnetka / Vanowen,34.194086,-118.570821,,bus
bus_8493,Ventura / Winnetka,34.17066,-118.571405,,bus
bus_8495,Winnetka / Victory,34.185997,-118.570783,,bus
bus_8497,Woodlake / Cohasset,34.206252,-118.632026,,bus
bus_8498,Woodlake / Saticoy,34.207957,-118.632327,,bus
bus_8500,Woodley / Simi Valley Fwy,34.268495,-118.484863,,bus
bus_8501,Woodley / Chase,34.224486,-118.485269,,bus
bus_8502,Woodley / Chatsworth,34.264398,-118.484899,,bus
bus_8503,Woodley / Devonshire,34.257553,-118.484965,,bus
bus_8504,Woodley / Hart,34.197684,-118.48377,,bus
bus_8505,Woodley / Index,34.275278,-118.48481,,bus
bus_8506,Woodley / Kittridge,34.190012,-118.483762,,bus
bus_8508,Woodley / Mayall,34.253925,-118.485023,,bus
bus_8509,Woodley / Nordhoff,34.235778,-118.485172,,bus
bus_8510,Woodley / Parthenia,34.228531,-118.485246,,bus
bus_8511,Woodley / Plummer,34.242623,-118.485133,,bus
bus_8512,Woodley / Rayen,34.232156,-118.485208,,bus
bus_8514,Woodley / Roscoe,34.22148,-118.483786,,bus
bus_8515,Woodley / San Fernando Mission,34.271653,-118.484838,,bus
bus_8516,Woodley / San Jose,34.260746,-118.484937,,bus
bus_8517,Woodley / Saticoy,34.208169,-118.483821,,bus
bus_8518,Woodley / Sherman Way,34.201447,-118.483508,,bus
bus_8519,Woodley / Sherman Way,34.201308,-118.483815,,bus
bus_8521,Woodley / Stagg,34.212934,-118.483819,,bus
bus_8522,Woodley / Strathern,34.215836,-118.483829,,bus
bus_8523,Woodley / Superior,34.246217,-118.485091,,bus
bus_8524,Woodley / Tupper,34.239424,-118.485151,,bus
bus_8525,Woodley / Valerio,34.204534,-118.483807,,bus
bus_8526,Woodley / Vanowen,34.193642,-118.48376,,bus
bus_8527,Woodman / Addison,34.161,-118.431343,,bus
bus_8529,Woodman / Burbank,34.171873,-118.431336,,bus
bus_8530,Woodman / Chandler,34.16873,-118.431339,,bus
bus_8531,Woodman / Erwin,34.182791,-118.431349,,bus
bus_8532,Woodman / Hart,34.197717,-118.431393,,bus
bus_8533,Woodman / Hatteras,34.175893,-118.431347,,bus
bus_8534,Woodman / Kittridge,34.190081,-118.431354,,bus
bus_8535,Woodman / Lanark,34.219686,-118.432142,,bus
bus_8536,Woodman / Magnolia,34.16463,-118.431338,,bus
bus_8537,Woodman / Oxnard,34.179141,-118.431347,,bus
bus_8538,Woodman / Ranchito,34.212422,-118.431076,,bus
bus_8539,Woodman / Riverside,34.157337,-118.431386,,bus
bus_8541,Woodman / Roscoe,34.221445,-118.432892,,bus
bus_8543,Woodman / Saticoy,34.2096,-118.431081,,bus
bus_8544,Woodman / Sherman Way,34.200965,-118.43141,,bus
bus_8545,Woodman / Strathern,34.215486,-118.431058,,bus
bus_8546,Woodman / Valerio,34.20498,-118.431408,,bus
bus_8547,Woodman / Valleyheart,34.154278,-118.431377,,bus
bus_8548,Woodman / Vanowen,34.194082,-118.431355,,bus
bus_8549,Woodman / Victory,34.186819,-118.431354,,bus
bus_8550,Woodman / Willard,34.217899,-118.431087,,bus
bus_8551,Woodman / Woodman,34.206895,-118.431394,,bus
bus_8552,Woodman / Ventura Canyon,34.225936,-118.432644,,bus
bus_8558,York / Aldama,34.118188,-118.18913,,bus
bus_8559,York / Armadale,34.122566,-118.211856,,bus
bus_8560,York / Branch,34.117377,-118.185854,,bus
bus_8561,York / Avenue 45,34.12377,-118.218133,,bus
bus_8562,York / Avenue 46,34.123318,-118.215789,,bus
bus_8563,York / Avenue 49,34.122049,-118.209178,,bus
bus_8565,York / Avenue 51,34.121164,-118.204554,,bus
bus_8566,York / Avenue 52,34.120752,-118.202415,,bus
bus_8567,York / Avenue 54,34.120082,-118.198967,,bus
bus_8568,York / Avenue 56,34.119495,-118.196488,,bus
bus_8569,York / Avenue 57,34.118964,-118.19352,,bus
bus_8570,York / Figueroa,34.115865,-118.184549,,bus
bus_8571,York / Avenue 64,34.114202,-118.181239,,bus
bus_8572,York / Avenue 66,34.113619,-118.179618,,bus
bus_8573,Yosemite / Floristan,34.132771,-118.199341,,bus
bus_8575,Yosemite / Avoca,34.132587,-118.196043,,bus
bus_8576,Yosemite / Del Rosa Walk,34.1346,-118.213158,,bus
bus_8577,Yosemite / Eagle Rock,34.134959,-118.215059,,bus
bus_8578,Yosemite / La Roda,34.133464,-118.207121,,bus
bus_8579,Yosemite / Norwalk,34.13393,-118.209637,,bus
bus_8580,Yosemite / Townsend,34.132853,-118.201529,,bus
bus_8581,Yosemite / Wiota,34.133232,-118.193275,,bus
bus_8582,Yucca / Cahuenga,34.10392,-118.329371,,bus
bus_8583,Yucca / Vine,34.103712,-118.326899,,bus
bus_8585,Ventura / Zelzah,34.163893,-118.522579,,bus
bus_8587,Mission / Workman,34.061363,-118.213573,,bus
bus_8591,Sunset / Silver Lake,34.083148,-118.273285,,bus
bus_8593,Jefferson Loop Layover,34.025519,-118.328941,,bus
bus_8594,Jefferson / 10th,34.025727,-118.328073,,bus
bus_8597,120th / Augustus F Hawkins,33.924496,-118.242198,,bus
bus_8598,Santa Monica / Normandie,34.090955,-118.301091,,bus
bus_8602,120th / Success,33.923632,-118.249474,,bus
bus_8604,San Pedro / 12th,34.033822,-118.253017,,bus
bus_8607,15105 Sherman Way,34.201323,-118.462301,,bus
bus_8611,Olive / San Fernando,34.180621,-118.308731,,bus
bus_8612,1st / Eastern,34.037023,-118.173315,,bus
bus_8617,1st / Central,34.049177,-118.239383,,bus
bus_8625,3rd / Witmer,34.059119,-118.263232,,bus
bus_8627,41st / Compton,34.008775,-118.247731,,bus
bus_8634,5th / Los Angeles,34.04625,-118.247677,,bus
bus_8636,6th / Alameda,34.038273,-118.238191,,bus
bus_8638,6th / Burlington,34.057842,-118.271353,,bus
bus_8642,7th / Bandini,33.737973,-118.298786,,bus
bus_8645,7th / Maclay,34.293746,-118.427274,,bus
bus_8648,8th / Lorena,34.021577,-118.205086,,bus
bus_8653,Acacia / Artesia,33.874807,-118.224693,,bus
bus_8654,Adams / Congress,34.032829,-118.302261,,bus
bus_8656,Adams / Saint James,34.030211,-118.28032,,bus
bus_8662,Admiralty / Bali,33.982045,-118.441497,,bus
bus_8665,Agoura / Canterford,34.151732,-118.827889,,bus
bus_8666,Agoura / Lakeview Canyon,34.148086,-118.819421,,bus
bus_8667,Agoura / Lost Hills,34.13931,-118.708346,,bus
bus_8668,Agoura / Stoneybrook,34.149378,-118.822515,,bus
bus_8669,Agoura / Village Glen,34.150655,-118.825446,,bus
bus_8670,Airport / Arbor Vitae,33.952507,-118.385715,,bus
bus_8675,Alameda / Cesar E Chavez,34.057805,-118.236958,,bus
bus_8678,Alamo / 60th,33.983414,-118.174691,,bus
bus_8679,Slauson / Alamo,33.98589,-118.1744,,bus
bus_8680,Alamo / Gage,33.976971,-118.175704,,bus
bus_8681,Alamo / Randolph,33.980673,-118.175098,,bus
bus_8683,Jefferson / Alla,33.974869,-118.424226,,bus
bus_8687,Allen / Washington,34.168869,-118.113183,,bus
bus_8688,Allesandro / Baxter,34.092456,-118.256758,,bus
bus_8689,Allesandro / Ewing,34.090895,-118.258131,,bus
bus_8690,Allesandro / Oak Glen,34.093633,-118.25509,,bus
bus_8691,Allesandro / Rosebud,34.09854,-118.251274,,bus
bus_8692,Allesandro / Whitmore,34.095854,-118.253323,,bus
bus_8693,Alondra / Blaine,33.889476,-118.126058,,bus
bus_8694,Alondra / Clark,33.889182,-118.133645,,bus
bus_8695,Alondra / Stevens,33.889455,-118.130104,,bus
bus_8700,Washington Fairfax Hub,34.035767,-118.369417,,bus
bus_8702,Arbor Vitae / Bellanca,33.952751,-118.380829,,bus
bus_8703,Arbor Vitae / Hindry,33.952728,-118.373228,,bus
bus_8704,Arcadia / Los Angeles,34.055251,-118.238961,,bus
bus_8705,Arleta / Branford,34.236385,-118.419881,,bus
bus_8706,Devonshire / Arleta,34.257731,-118.444425,,bus
bus_8707,Arleta / Filmore,34.256994,-118.442088,,bus
bus_8708,Arleta / Kagel Canyon,34.245019,-118.429024,,bus
bus_8709,Arleta / Montague,34.239372,-118.423049,,bus
bus_8710,Arleta / Osborne,34.242353,-118.426204,,bus
bus_8712,Arleta / Terra Bella,34.248001,-118.432179,,bus
bus_8713,Arleta / Van Nuys,34.254281,-118.438787,,bus
bus_8715,Arlington / Martin Luther King Jr,34.010621,-118.318115,,bus
bus_8716,5112 Arlington,33.996403,-118.318275,,bus
bus_8724,Arlington / 39th,34.01474,-118.318355,,bus
bus_8725,Arlington / 42nd,34.007121,-118.318105,,bus
bus_8726,Arlington / 48th,34.000198,-118.318257,,bus
bus_8727,Van Ness / 54th,33.993403,-118.317987,,bus
bus_8732,Arlington / Vernon,34.003421,-118.318295,,bus
bus_8739,Artesia / Amie,33.872957,-118.348697,,bus
bus_8742,Artesia / Harbor,33.874393,-118.20745,,bus
bus_8743,Sepulveda / Rosecrans,33.901605,-118.396319,,bus
bus_8746,Artesia / Yukon,33.872973,-118.335464,,bus
bus_8755,Atlantic / 68th,33.878344,-118.186151,,bus
bus_8756,Atlantic / Brompton,33.973573,-118.187811,,bus
bus_8758,Atlantic / Martin Luther King Jr,33.920944,-118.187703,,bus
bus_8759,Atlantic / Patata,33.955693,-118.184147,,bus
bus_8760,Atlantic / Abbott,33.933815,-118.182256,,bus
bus_8761,Atlantic / Agnes,33.914147,-118.190506,,bus
bus_8762,Atlantic / Arlington,33.907044,-118.193465,,bus
bus_8763,Atlantic / Beechwood,33.925745,-118.185393,,bus
bus_8764,Atlantic / Carlin,33.910124,-118.192167,,bus
bus_8765,Atlantic / Cecelia,33.95814,-118.184957,,bus
bus_8766,Atlantic / Clara,33.965295,-118.187004,,bus
bus_8767,Atlantic / Cortland,33.918417,-118.188739,,bus
bus_8768,Atlantic / Elizabeth,33.962914,-118.186402,,bus
bus_8769,Atlantic / Elmwood,33.927914,-118.184501,,bus
bus_8771,Firestone / Target,33.926003,-118.106483,,bus
bus_8773,Atlantic / Florence,33.969217,-118.187989,,bus
bus_8774,Atlantic / Gage,33.977762,-118.187144,,bus
bus_8777,Atlantic / Michigan,33.938786,-118.18169,,bus
bus_8778,Atlantic / Santa Ana,33.960571,-118.18579,,bus
bus_8779,Atlantic / Southern,33.946352,-118.181189,,bus
bus_8780,Atlantic / Southern Pl,33.948604,-118.182041,,bus
bus_8781,Atlantic / Tenaya,33.93612,-118.181991,,bus
bus_8783,Atlantic / 52nd,33.992809,-118.18374,,bus
bus_8784,Atlantic / 55th,33.990757,-118.185158,,bus
bus_8785,Atlantic / Bandini,33.998256,-118.175748,,bus
bus_8786,Atlantic / Randolph,33.981832,-118.186523,,bus
bus_8787,Burbank / Laurel Canyon,34.172292,-118.396208,,bus
bus_8789,Atlantic / Slauson,33.987307,-118.185693,,bus
bus_8794,Avalon / 169th,33.878943,-118.265091,,bus
bus_8795,Avalon / 184th,33.862668,-118.266278,,bus
bus_8796,Avalon / 228th,33.819392,-118.26383,,bus
bus_8797,Avalon / Albertoni,33.871634,-118.266271,,bus
bus_8798,Avalon / RR-Xing,33.804804,-118.264146,,bus
bus_8799,Avalon / Bayport,33.814908,-118.26402,,bus
bus_8802,Avalon / Idabell,33.811071,-118.264156,,bus
bus_8803,Avalon / Jefferson,34.015077,-118.265117,,bus
bus_8804,Avalon / Martin Luther King Jr,34.011296,-118.265098,,bus
bus_8805,Avalon / Carson Mall,33.843385,-118.263293,,bus
bus_8806,Avalon / Del Amo,33.847245,-118.264873,,bus
bus_8808,Avalon Station Layover,33.927401,-118.265324,,bus
bus_8811,Avalon / Victoria,33.867266,-118.265987,,bus
bus_8813,14715 Avalon,33.898436,-118.265469,,bus
bus_8814,14800 Avalon (Hesse Co),33.898431,-118.26511,,bus
bus_8816,Avalon / Harbor Village,33.869625,-118.266278,,bus
bus_8817,Del Amo / Tajauta,33.846926,-118.244029,,bus
bus_8818,Avalon Station,33.927731,-118.265018,,bus
bus_8820,Avalon / 104th,33.941787,-118.265007,,bus
bus_8822,Avalon / 108th,33.938036,-118.265008,,bus
bus_8823,Avalon / 110th,33.93587,-118.265005,,bus
bus_8824,Avalon / 111th,33.933801,-118.265001,,bus
bus_8828,Avalon / 120th,33.923997,-118.265043,,bus
bus_8829,Avalon / 126th,33.918735,-118.265072,,bus
bus_8830,Avalon / 132nd,33.912777,-118.265103,,bus
bus_8831,Avalon / 135th,33.909376,-118.265112,,bus
bus_8832,Avalon / 138th,33.906287,-118.265125,,bus
bus_8833,Del Amo / Leapwood,33.846635,-118.258406,,bus
bus_8834,Avalon / 189th,33.858772,-118.266269,,bus
bus_8835,Del Amo / Leapwood,33.846903,-118.259056,,bus
bus_8836,Avalon / 213th,33.835099,-118.26382,,bus
bus_8837,Avalon / 220th,33.827584,-118.263816,,bus
bus_8838,Avalon / 223rd,33.823937,-118.263821,,bus
bus_8839,Avalon / 41st,34.009059,-118.265091,,bus
bus_8840,Avalon / 42nd,34.006471,-118.265083,,bus
bus_8841,Avalon / 48th,33.999577,-118.265064,,bus
bus_8842,Avalon / 51st,33.996862,-118.265046,,bus
bus_8843,Avalon / 54th,33.993147,-118.265044,,bus
bus_8844,Avalon / 56th,33.991443,-118.265035,,bus
bus_8845,Avalon / 59th,33.986065,-118.265022,,bus
bus_8846,Avalon / 61st,33.984601,-118.265024,,bus
bus_8847,Avalon / 67th,33.978806,-118.265012,,bus
bus_8849,Avalon / 76th,33.971032,-118.265,,bus
bus_8850,Avalon / 79th,33.967267,-118.264985,,bus
bus_8851,Avalon / 83rd,33.963629,-118.264974,,bus
bus_8852,Avalon / 87th,33.958197,-118.26497,,bus
bus_8853,Avalon / 88th,33.95637,-118.26497,,bus
bus_8855,Avalon / 92nd,33.95277,-118.264982,,bus
bus_8856,Avalon / 94th,33.950978,-118.264986,,bus
bus_8858,Avalon / Alondra,33.885721,-118.265426,,bus
bus_8862,Avalon / Carson,33.831395,-118.263828,,bus
bus_8863,Avalon / Century,33.945422,-118.264998,,bus
bus_8864,Avalon / Colden,33.94911,-118.264997,,bus
bus_8865,Avalon / Compton,33.895353,-118.26543,,bus
bus_8868,Avalon / Florence,33.975019,-118.26501,,bus
bus_8869,Avalon / Gage,33.981771,-118.265015,,bus
bus_8870,Avalon / Gardena,33.882063,-118.264706,,bus
bus_8873,Avalon / Manchester,33.96039,-118.264957,,bus
bus_8874,Avalon / Redondo Beach,33.893429,-118.265444,,bus
bus_8875,Avalon / Rosecrans,33.901962,-118.265105,,bus
bus_8876,Avalon / Sepulveda,33.80848,-118.264257,,bus
bus_8877,Avalon / Slauson,33.989764,-118.265,,bus
bus_8878,Avalon / Victoria,33.866715,-118.266291,,bus
bus_8879,Avalon / Elsmere,33.853464,-118.265673,,bus
bus_8880,Avalon / San Pedro,33.888027,-118.265469,,bus
bus_8881,Avalon / Scottsdale,33.812805,-118.264092,,bus
bus_8883,Avalon / Q,33.79553,-118.263804,,bus
bus_8884,Avalon / Walnut,33.875601,-118.265628,,bus
bus_8885,Jefferson / Figueroa,34.022261,-118.280333,,bus
bus_8886,Ave 26 / Lacy,34.081644,-118.220292,,bus
bus_8889,Avenue San Luis / Dunman,34.16249,-118.628551,,bus
bus_8890,Avenue San Luis / Us-101 S Exit 28,34.16384,-118.624303,,bus
bus_8891,Mulholland / Ave San Luis,34.158079,-118.635506,,bus
bus_8892,Avenida Cesar Chavez / Atlantic,34.038539,-118.147288,,bus
bus_8894,Cesar E Chavez / Vancouver,34.040758,-118.157003,,bus
bus_8898,Aviation / Imperial,33.931284,-118.378325,,bus
bus_8909,Balboa / Soccer Fields,34.178297,-118.50136,,bus
bus_8910,Balboa / San Fernando Mission,34.271757,-118.502352,,bus
bus_8911,Balboa / Addison,34.161851,-118.501228,,bus
bus_8912,Balboa / Burbank,34.171964,-118.501249,,bus
bus_8913,Balboa / Chatsworth,34.2645,-118.502424,,bus
bus_8914,Balboa / Devonshire,34.257253,-118.50249,,bus
bus_8915,Balboa / Hart,34.197404,-118.501273,,bus
bus_8916,Balboa / Index,34.275385,-118.502321,,bus
bus_8918,Balboa / Lorillard,34.284231,-118.502238,,bus
bus_8919,Balboa / Magnolia,34.165108,-118.501235,,bus
bus_8920,Balboa / Mayall,34.254019,-118.502527,,bus
bus_8923,Balboa / Parthenia,34.228638,-118.502744,,bus
bus_8924,Balboa / Plummer,34.24273,-118.502621,,bus
bus_8925,Balboa / Prairie,34.239114,-118.502655,,bus
bus_8926,Balboa / Rayen,34.232274,-118.502713,,bus
bus_8927,Balboa / Rinaldi,34.279557,-118.501985,,bus
bus_8928,Balboa / San Jose,34.261285,-118.502458,,bus
bus_8929,Balboa / Saticoy,34.208151,-118.501285,,bus
bus_8930,Balboa / Sherman Way,34.200896,-118.501278,,bus
bus_8931,Balboa / Stagg,34.213303,-118.501283,,bus
bus_8932,Balboa / Strathern,34.215405,-118.501282,,bus
bus_8933,Balboa / Superior,34.24677,-118.502585,,bus
bus_8934,Balboa / Tulsa,34.268564,-118.502382,,bus
bus_8935,Balboa / Valerio,34.204933,-118.501272,,bus
bus_8936,Balboa / Vanowen,34.193628,-118.50126,,bus
bus_8937,Balboa / Fwy Off-Ramp,34.169894,-118.501257,,bus
bus_8938,Balboa / Victory,34.186365,-118.501253,,bus
bus_8940,Baldwin / Gate 7,34.142545,-118.051112,,bus
bus_8941,Baldwin / Daines,34.100555,-118.050607,,bus
bus_8942,Baldwin / La Rosa,34.095315,-118.049554,,bus
bus_8943,Baldwin / Las Tunas,34.107966,-118.052111,,bus
bus_8944,Baldwin / Live Oak,34.104611,-118.051432,,bus
bus_8945,Lower Azusa / Baldwin,34.090672,-118.048385,,bus
bus_8946,Baldwin / Olive,34.098953,-118.050282,,bus
bus_8947,Baldwin / Camino Real,34.122657,-118.054906,,bus
bus_8948,Baldwin / Duarte,34.125946,-118.05471,,bus
bus_8949,Baldwin / Lemon,34.118055,-118.054133,,bus
bus_8950,Baldwin / Longden,34.114928,-118.053503,,bus
bus_8951,Baldwin / Palm,34.111221,-118.052761,,bus
bus_8958,Knotts Berry Farm,33.846962,-117.997723,,bus
bus_8959,Beach / 10th,33.863891,-117.99793,,bus
bus_8961,Wax Museum,33.851746,-117.997753,,bus
bus_8962,Beach / Orangethorpe,33.859297,-117.997878,,bus
bus_8966,Temple / Edgeware,34.066957,-118.254761,,bus
bus_8968,Bellevue / Edgeware,34.067464,-118.254287,,bus
bus_8969,Bellevue / Glendale,34.070628,-118.261231,,bus
bus_8970,Bellevue / Edgeware,34.069116,-118.257994,,bus
bus_8972,Bellflower / Arthurdale,33.90631,-118.12547,,bus
bus_8974,Bellflower / Somerset,33.896731,-118.125456,,bus
bus_8975,Bellflower / Foster,33.909486,-118.125485,,bus
bus_8976,Bellflower / Imperial,33.917254,-118.125539,,bus
bus_8977,Imperial / Bellflower,33.917178,-118.125054,,bus
bus_8978,Bellflower / Iowa,33.932497,-118.125618,,bus
bus_8979,Bellflower / Jefferson,33.893142,-118.12543,,bus
bus_8981,Bellflower / Rosecrans,33.901715,-118.125473,,bus
bus_8983,Bellflower / Stewart and Gray,33.927559,-118.125558,,bus
bus_8984,Bellflower / Washburn,33.924033,-118.125553,,bus
bus_8987,Beverly / Council,34.075019,-118.287015,,bus
bus_8988,Beverly / Curson,34.076014,-118.355124,,bus
bus_8989,Beverly / Genesee,34.075995,-118.358539,,bus
bus_8990,Beverly / Hobart,34.076142,-118.306209,,bus
bus_8992,Beverly / Belmont,34.06323,-118.262961,,bus
bus_8993,Beverly / Alvarado,34.066665,-118.270593,,bus
bus_8994,Beverly / Benton,34.069819,-118.277861,,bus
bus_8998,Beverly / Crescent Heights,34.07597,-118.366002,,bus
bus_8999,Beverly / Fairfax,34.075982,-118.361091,,bus
bus_9001,Beverly / Gardner,34.076024,-118.353371,,bus
bus_9002,Beverly / Highland,34.076064,-118.338732,,bus
bus_9003,Beverly / Hoover,34.072809,-118.284647,,bus
bus_9004,Beverly / June,34.076077,-118.334865,,bus
bus_9005,Beverly / Kenmore,34.076188,-118.296718,,bus
bus_9007,Beverly / La Brea,34.076059,-118.344293,,bus
bus_9009,Beverly / Madison,34.076473,-118.288985,,bus
bus_9012,Beverly / Martel,34.076033,-118.351251,,bus
bus_9013,Beverly / Normandie,34.076167,-118.300559,,bus
bus_9014,Beverly / Orlando,34.075948,-118.373306,,bus
bus_9015,Beverly / Poinsettia,34.076044,-118.348384,,bus
bus_9016,Beverly / Reno,34.071391,-118.281482,,bus
bus_9018,Beverly / Rossmore,34.075814,-118.327457,,bus
bus_9019,Beverly / Sweetzer,34.07596,-118.370172,,bus
bus_9020,Beverly / Union,34.064611,-118.26603,,bus
bus_9021,Beverly / Van Ness,34.076123,-118.315874,,bus
bus_9025,Beverly / Wilton,34.076126,-118.313744,,bus
bus_9026,Beverly / Windsor,34.076101,-118.319761,,bus
bus_9028,Beverly / La Cienega,34.07594,-118.375974,,bus
bus_9029,Beverly / Park View,34.068263,-118.273609,,bus
bus_9030,Beverwil / Olympic,34.059498,-118.399259,,bus
bus_9032,Reagan / Eisenhower,34.325076,-118.444367,,bus
bus_9034,Indiana / Gleason,34.035148,-118.192507,,bus
bus_9035,Borden / Hubbard,34.302171,-118.436443,,bus
bus_9036,Indiana Station,34.034681,-118.192259,,bus
bus_9037,Borden / Sayre,34.304575,-118.439569,,bus
bus_9040,Brand / Chevy Chase,34.133249,-118.255072,,bus
bus_9041,Brand / Maple,34.13808,-118.255117,,bus
bus_9042,Brand / Mission Mobile Manor,34.27068,-118.464539,,bus
bus_9044,Brand / Monterey,34.157175,-118.255215,,bus
bus_9045,Brand / Laurel Canyon,34.274718,-118.449514,,bus
bus_9046,Branford / Beachy,34.233554,-118.423092,,bus
bus_9047,Branford / Canterbury,34.231155,-118.426365,,bus
bus_9048,Branford / Dorrington,34.229061,-118.429286,,bus
bus_9056,Bristol / Centinela,33.98016,-118.392211,,bus
bus_9057,Brand / Wilson,34.147813,-118.255147,,bus
bus_9059,Broadway / 1st,34.053405,-118.245546,,bus
bus_9061,1st / Broadway,34.053628,-118.245236,,bus
bus_9062,Coldwater Canyon / Kittridge,34.190621,-118.413636,,bus
bus_9064,Broadway / Chinatown,34.065306,-118.236999,,bus
bus_9066,Broadway / Martin Luther King Jr,34.010837,-118.278513,,bus
bus_9067,Broadway / Sumner,34.143391,-118.224996,,bus
bus_9069,Broadway / Washington,34.031775,-118.265691,,bus
bus_9072,Broadway / Avenue 22,34.073732,-118.217676,,bus
bus_9082,Buckingham / Hannum,33.987264,-118.38252,,bus
bus_9083,Buckingham / Slauson,33.988655,-118.380669,,bus
bus_9084,Buckingham / Sumner,33.984476,-118.384094,,bus
bus_9094,Burbank / Woodman,34.172021,-118.430854,,bus
bus_9099,Burbank / Bellaire,34.172026,-118.409546,,bus
bus_9100,Burbank / Coldwater Canyon,34.172019,-118.413943,,bus
bus_9102,Burbank / Ethel,34.172013,-118.418255,,bus
bus_9104,Burbank / Fulton,34.172013,-118.42201,,bus
bus_9106,Burbank / Hazeltine,34.172009,-118.440131,,bus
bus_9110,Burbank / Ranchito,34.172025,-118.435724,,bus
bus_9112,Burbank / Sunnyslope,34.172018,-118.427009,,bus
bus_9113,Burbank / Tyrone,34.172007,-118.444488,,bus
bus_9115,White Oak / Burbank,34.172128,-118.518379,,bus
bus_9118,Coldwater Canyon / Vose,34.198765,-118.413659,,bus
bus_9119,Riverside / Los Feliz,34.116566,-118.271584,,bus
bus_9120,Burton / Foothill,34.072496,-118.39592,,bus
bus_9122,Burton / Rexford,34.072313,-118.398987,,bus
bus_9123,Burton / Palm,34.072495,-118.39207,,bus
bus_9124,Burton / Doheny,34.072495,-118.389501,,bus
bus_9125,Burton / La Peer,34.072493,-118.386608,,bus
bus_9130,Cadillac / La Cienega,34.038299,-118.376951,,bus
bus_9131,Venice / Cadillac,34.037637,-118.374132,,bus
bus_9132,Cahuenga / Franklin,34.105473,-118.330368,,bus
bus_9133,Cahuenga / Universal Studios,34.132074,-118.353066,,bus
bus_9134,Cahuenga / Woodrow Wilson,34.123683,-118.342986,,bus
bus_9135,2700 Cahuenga,34.118553,-118.337107,,bus
bus_9137,Cahuenga / John Anson Ford Theatre,34.114691,-118.335714,,bus
bus_9138,Cahuenga / Lakeridge,34.124128,-118.342234,,bus
bus_9139,Cahuenga / Hollycrest,34.12696,-118.344559,,bus
bus_9140,Cahuenga / Hillpark,34.117413,-118.33809,,bus
bus_9141,Cahuenga / Regal,34.134733,-118.360846,,bus
bus_9142,Cahuenga / Barham,34.127784,-118.34669,,bus
bus_9143,Canoga / Trillium Driveway,34.184835,-118.597303,,bus
bus_9144,Cahuenga / Broadlawn,34.132818,-118.356102,,bus
bus_9146,Cahuenga / Oakshire,34.130307,-118.350187,,bus
bus_9148,California / Duane,33.948676,-118.207034,,bus
bus_9149,California / Michigan,33.941602,-118.207992,,bus
bus_9151,California / Southern,33.951254,-118.206668,,bus
bus_9152,California / Tenaya,33.938949,-118.208286,,bus
bus_9153,California / Tweedy,33.944584,-118.207657,,bus
bus_9157,Canada / Glendale College,34.168649,-118.22949,,bus
bus_9158,Canada / Colina,34.174549,-118.229093,,bus
bus_9159,Canada / Country Club,34.190017,-118.229033,,bus
bus_9162,Canada / Hillside,34.177388,-118.229128,,bus
bus_9165,Canoga / Burbank,34.173433,-118.597589,,bus
bus_9166,Canoga / Devonshire,34.256962,-118.597419,,bus
bus_9167,Canoga / Erwin,34.182725,-118.597295,,bus
bus_9168,Canoga / Ventura Freeway Off Ramp,34.170129,-118.597248,,bus
bus_9169,Carmenita / Mapledale,33.898686,-118.046422,,bus
bus_9176,4900 Cecelia,33.958117,-118.182131,,bus
bus_9177,Wilcox / Cecelia,33.958176,-118.17942,,bus
bus_9178,Centinela / Acacia,33.976916,-118.363893,,bus
bus_9180,Centinela / Braddock,33.989595,-118.418871,,bus
bus_9181,Centinela / Edgewood,33.976126,-118.354885,,bus
bus_9182,Centinela / Sherbourne,33.976591,-118.381973,,bus
bus_9185,Centinela / La Tijera,33.977443,-118.372135,,bus
bus_9186,Centinela / Lucille,33.983295,-118.411249,,bus
bus_9187,Centinela / Marina Fwy,33.985359,-118.413651,,bus
bus_9188,Centinela / Beach,33.977146,-118.366658,,bus
bus_9189,Centinela / Inglewood,33.976722,-118.36162,,bus
bus_9190,Centinela / La Brea,33.976409,-118.357908,,bus
bus_9192,Central / 79th,33.967091,-118.256499,,bus
bus_9194,Central / Radbard,33.870734,-118.248839,,bus
bus_9196,Central / 35th,34.012161,-118.256687,,bus
bus_9200,Central / Victoria,33.867778,-118.248514,,bus
bus_9203,Century / Village,33.945605,-118.329039,,bus
bus_9204,Century / Aviation,33.945624,-118.378894,,bus
bus_9205,Century / Inglewood,33.945578,-118.361657,,bus
bus_9208,Century Park West / Santa Monica,34.058619,-118.421045,,bus
bus_9210,Olympic / Beverwil,34.059581,-118.399359,,bus
bus_9211,Olympic / Fairfax,34.05798,-118.363331,,bus
bus_9213,Cesar E Chavez / Mission,34.054258,-118.225238,,bus
bus_9214,Cesar E Chavez / Rowan,34.040637,-118.187684,,bus
bus_9215,Cesar E Chavez / Soto,34.046818,-118.207508,,bus
bus_9218,Cesar E Chavez / Alameda,34.058127,-118.236685,,bus
bus_9219,Belvedere County Park,34.040742,-118.158746,,bus
bus_9220,Cesar E Chavez / Boyle,34.051236,-118.217386,,bus
bus_9221,Cesar E Chavez / Broadway,34.058812,-118.240401,,bus
bus_9223,Cesar E Chavez / Dangler,34.040723,-118.164648,,bus
bus_9227,Cesar E Chavez / Evergreen,34.043788,-118.200608,,bus
bus_9228,Cesar E Chavez / Ford,34.040703,-118.169018,,bus
bus_9229,Cesar E Chavez / Fresno,34.041808,-118.196157,,bus
bus_9230,Cesar E Chavez / Gage,34.040648,-118.184463,,bus
bus_9232,Cesar E Chavez / Hazard,34.040663,-118.17969,,bus
bus_9233,Cesar E Chavez / Humphreys,34.040698,-118.171207,,bus
bus_9234,Cesar E Chavez / Indiana,34.040611,-118.192101,,bus
bus_9236,Cesar E Chavez / Marianna,34.040678,-118.17556,,bus
bus_9237,Cesar E Chavez / McDonnell,34.040715,-118.166833,,bus
bus_9239,Cesar E Chavez / Mott,34.045195,-118.203833,,bus
bus_9241,Cesar E Chavez / Record,34.040657,-118.182096,,bus
bus_9243,Cesar E Chavez / Saint Louis,34.048496,-118.211259,,bus
bus_9244,Cesar E Chavez / State,34.050338,-118.215367,,bus
bus_9246,Cesar E Chavez / Warren,34.052653,-118.220526,,bus
bus_9252,Chandler / Lankershim,34.168227,-118.377041,,bus
bus_9254,Chase / Hazeltine,34.225513,-118.44037,,bus
bus_9255,Chase / Katherine,34.225031,-118.442895,,bus
bus_9256,Chase / Lennox,34.224858,-118.445795,,bus
bus_9257,Chase / Ranchito,34.226323,-118.437433,,bus
bus_9258,Chase / Woodman,34.227869,-118.434722,,bus
bus_9259,Chatsworth / Encino,34.264999,-118.515706,,bus
bus_9260,Chatsworth / Louise,34.264974,-118.511317,,bus
bus_9261,Chatsworth / White Oak,34.264761,-118.519408,,bus
bus_9264,Olive / 7th,34.04728,-118.254754,,bus
bus_9269,Church / 405 Fwy Off-Ramp,34.073338,-118.468538,,bus
bus_9275,City Terrace / McGilvrey,34.057494,-118.173879,,bus
bus_9276,City Terrace / Miller,34.055735,-118.177995,,bus
bus_9277,City Terrace / Alma,34.048982,-118.191724,,bus
bus_9278,City Terrace / Herbert,34.055609,-118.183258,,bus
bus_9280,City Terrace / Townsend,34.049434,-118.189107,,bus
bus_9281,City Terrace / Pomeroy,34.051193,-118.188906,,bus
bus_9282,City Terrace / Rogers,34.055872,-118.180283,,bus
bus_9283,Civic Center / Stuart Ranch,34.036196,-118.690458,,bus
bus_9284,Civic Center / Winter Canyon,34.036867,-118.699465,,bus
bus_9285,Civic Center / Malibu Library,34.036662,-118.688218,,bus
bus_9286,Civic Center / Ibex,33.829661,-118.072701,,bus
bus_9287,Clark / Ives,33.894562,-118.133878,,bus
bus_9288,Clark / Linden,33.891756,-118.133867,,bus
bus_9300,Coliseum / Cherrywood,34.018355,-118.328882,,bus
bus_9302,Coliseum / Grayburn,34.018345,-118.331767,,bus
bus_9313,Colorado / Eagledale,34.142899,-118.227886,,bus
bus_9315,Colorado / Ellenwood,34.139838,-118.218777,,bus
bus_9316,Fair Oaks / Colorado,34.145504,-118.150603,,bus
bus_9317,Colorado / Patrician,34.140938,-118.181822,,bus
bus_9322,Colorado / Eagledale,34.142645,-118.227178,,bus
bus_9324,Colorado / Genevieve,34.137465,-118.190621,,bus
bus_9325,Colorado / Highland View,34.139133,-118.208626,,bus
bus_9326,Colorado / Loleta,34.139104,-118.198289,,bus
bus_9327,Colorado / Maywood,34.139063,-118.211369,,bus
bus_9328,Colorado / Mount Helena,34.139361,-118.195497,,bus
bus_9332,Colorado / Figueroa,34.138035,-118.188015,,bus
bus_9333,Colorado / Sierra Villa,34.142103,-118.223228,,bus
bus_9334,Colorado / Townsend,34.139351,-118.201657,,bus
bus_9336,Compton / 105th,33.940427,-118.246349,,bus
bus_9337,Compton / 59th,33.985846,-118.247884,,bus
bus_9338,Lakewood / Somerset,33.896803,-118.142564,,bus
bus_9339,Compton / Tajauta,33.895973,-118.246162,,bus
bus_9340,Compton / 103rd,33.942923,-118.246356,,bus
bus_9342,Compton / 108th,33.938031,-118.246361,,bus
bus_9343,Compton / 111th,33.934934,-118.246389,,bus
bus_9344,Compton / 113th,33.932214,-118.246394,,bus
bus_9345,Compton / 118th,33.92607,-118.246379,,bus
bus_9347,Compton / 33rd,34.012551,-118.248686,,bus
bus_9348,Compton / 41st,34.009302,-118.25059,,bus
bus_9349,Compton / 42nd,34.006288,-118.247532,,bus
bus_9350,Compton / 46th,34.001767,-118.247915,,bus
bus_9351,Compton / 48th,33.999487,-118.247918,,bus
bus_9352,Compton / 51st,33.996788,-118.247913,,bus
bus_9353,Compton / 53rd,33.994543,-118.247913,,bus
bus_9355,Compton / 66th,33.980158,-118.247841,,bus
bus_9356,Compton / 68th,33.978147,-118.247838,,bus
bus_9357,Compton / 70th,33.976424,-118.247827,,bus
bus_9359,Compton / 76th,33.970981,-118.247817,,bus
bus_9361,Compton / 83rd,33.963034,-118.247797,,bus
bus_9362,Compton / 95th,33.950801,-118.246201,,bus
bus_9363,Compton / 96th,33.948745,-118.246284,,bus
bus_9365,Compton / Century,33.94544,-118.246347,,bus
bus_9366,Compton / Florence,33.974968,-118.247809,,bus
bus_9367,Compton / Gage,33.982365,-118.247848,,bus
bus_9368,Compton / Imperial,33.929153,-118.246362,,bus
bus_9370,Compton / Slauson,33.989608,-118.247889,,bus
bus_9371,Compton / Vernon,34.00363,-118.247907,,bus
bus_9372,41st / Compton,34.009138,-118.250378,,bus
bus_9373,Compton / Nadeau,33.967661,-118.247811,,bus
bus_9374,Willowbrook / Myrrh,33.892422,-118.224263,,bus
bus_9375,Clark / Somerset,33.896282,-118.134131,,bus
bus_9376,Somerset / Touchwood,33.896659,-118.13802,,bus
bus_9380,Burbank / Coldwater,34.172026,-118.414307,,bus
bus_9384,Corbin / Nordhoff,34.235619,-118.562417,,bus
bus_9385,Plummer / Corbin,34.242875,-118.562658,,bus
bus_9386,Corbin / Prairie,34.23884,-118.562422,,bus
bus_9391,Venice / 12th,34.043835,-118.32619,,bus
bus_9392,Crenshaw / 111th,33.934021,-118.326633,,bus
bus_9393,Crenshaw / 132nd,33.912063,-118.326659,,bus
bus_9403,Crenshaw / Marine,33.894392,-118.326683,,bus
bus_9404,Crenshaw / Northrop,33.919839,-118.32667,,bus
bus_9405,Crenshaw / Saint Charles,34.042319,-118.329888,,bus
bus_9406,Crenshaw Station,33.925286,-118.326638,,bus
bus_9408,Crenshaw / Martin Luther King Jr,34.01019,-118.335255,,bus
bus_9409,Alameda / 1st,34.049179,-118.238218,,bus
bus_9410,Crenshaw / 139th,33.905702,-118.326674,,bus
bus_9412,Crenshaw / Coliseum,34.017967,-118.335253,,bus
bus_9413,Crenshaw / Country Club,34.053247,-118.323912,,bus
bus_9414,Crenshaw / Homeland,34.005443,-118.333982,,bus
bus_9423,6th / Alameda,34.038178,-118.238725,,bus
bus_9425,Crenshaw / Venice,34.044939,-118.328455,,bus
bus_9426,Crenshaw / 104th,33.941575,-118.326629,,bus
bus_9428,Crenshaw / 135th,33.908922,-118.326673,,bus
bus_9429,Crenshaw / 147th,33.898439,-118.326679,,bus
bus_9430,Crenshaw / 154th,33.890748,-118.326678,,bus
bus_9432,Crenshaw / 23rd,34.036592,-118.33305,,bus
bus_9433,Crenshaw / 29th,34.029604,-118.33525,,bus
bus_9434,Crenshaw / 30th,34.027362,-118.335248,,bus
bus_9435,Crenshaw / 39th,34.014419,-118.335255,,bus
bus_9437,Crenshaw / 48th,33.999744,-118.330924,,bus
bus_9438,Crenshaw / 50th,33.9979,-118.330933,,bus
bus_9439,Crenshaw / 52nd,33.994707,-118.330944,,bus
bus_9441,Crenshaw / 54th,33.992858,-118.33095,,bus
bus_9443,Crenshaw / 57th,33.990607,-118.330957,,bus
bus_9445,Crenshaw / 60th,33.985548,-118.33098,,bus
bus_9446,Crenshaw / 63rd,33.983059,-118.331,,bus
bus_9447,Crenshaw / 67th,33.977873,-118.331022,,bus
bus_9448,Crenshaw / 76th,33.971026,-118.330995,,bus
bus_9449,Crenshaw / 78th,33.969226,-118.330995,,bus
bus_9450,Crenshaw / 80th,33.966215,-118.330696,,bus
bus_9451,Crenshaw / 82nd,33.964833,-118.330592,,bus
bus_9453,Crenshaw / 8th,34.059307,-118.320588,,bus
bus_9454,Crenshaw / 9th,34.056541,-118.322109,,bus
bus_9460,Crenshaw / Century,33.944683,-118.326618,,bus
bus_9462,Crenshaw / Jefferson,34.025815,-118.335242,,bus
bus_9463,Crenshaw / Olympic,34.054089,-118.323477,,bus
bus_9466,Crenshaw / Redondo Beach,33.883051,-118.326665,,bus
bus_9469,Rosecrans / Crenshaw,33.902056,-118.326261,,bus
bus_9471,Slauson / Crenshaw,33.988905,-118.330482,,bus
bus_9477,Coldwater Canyon / Sherman Way,34.201027,-118.413671,,bus
bus_9479,Cross Creek / Malibu Theatre,34.036039,-118.685265,,bus
bus_9480,Cal State LA Busway Station,34.062839,-118.167993,,bus
bus_9501,Culver / Vista Del Mar,33.9591,-118.44838,,bus
bus_9504,Cypress / Alice,34.09499,-118.227716,,bus
bus_9505,Cypress / Arvia,34.096193,-118.229566,,bus
bus_9506,Eagle Rock / Avenue 34,34.114846,-118.236195,,bus
bus_9507,Cypress / Elm,34.098007,-118.232401,,bus
bus_9508,Cypress / Maceo,34.0932,-118.225435,,bus
bus_9509,Cypress / Macon,34.100621,-118.234688,,bus
bus_9510,Cypress / Pepper,34.091005,-118.22355,,bus
bus_9512,Daly / Broadway,34.073908,-118.215774,,bus
bus_9514,Daly / Pasadena,34.076128,-118.215869,,bus
bus_9519,De Soto / Burbank,34.171828,-118.588033,,bus
bus_9520,De Soto / Chase,34.224842,-118.58836,,bus
bus_9521,De Soto / El Rancho,34.184978,-118.588403,,bus
bus_9522,De Soto / Erwin,34.182504,-118.590224,,bus
bus_9523,De Soto / Hart,34.197682,-118.588288,,bus
bus_9524,De Soto / Ingomar,34.212227,-118.58834,,bus
bus_9525,De Soto / Kittridge,34.191046,-118.588274,,bus
bus_9526,De Soto / Lassen,34.250266,-118.5884,,bus
bus_9527,De Soto / Nordhoff,34.23574,-118.58838,,bus
bus_9528,De Soto / Osborne,34.233317,-118.588383,,bus
bus_9529,De Soto / Oxnard,34.179536,-118.590309,,bus
bus_9530,De Soto / Parthenia,34.228489,-118.588369,,bus
bus_9531,Plummer / Lurline,34.242608,-118.584352,,bus
bus_9532,De Soto / Roscoe,34.220218,-118.588357,,bus
bus_9533,De Soto / Saticoy,34.208583,-118.588328,,bus
bus_9534,De Soto / Sherman Way,34.200806,-118.58831,,bus
bus_9535,De Soto / Strathern,34.215843,-118.588353,,bus
bus_9536,De Soto / Superior,34.246229,-118.588391,,bus
bus_9537,De Soto / Valerio,34.204967,-118.588312,,bus
bus_9538,De Soto / Vanowen,34.194063,-118.588285,,bus
bus_9539,De Soto / Ventura,34.166665,-118.588049,,bus
bus_9542,Del Amo Station - Discharge Only,33.846902,-118.211502,,bus
bus_9544,Del Mar / Hill,34.141687,-118.121464,,bus
bus_9552,Del Mar / Madre,34.142119,-118.081281,,bus
bus_9553,Del Mar / Lotus,34.142158,-118.076572,,bus
bus_9554,Del Mar / Rosemead,34.142218,-118.073568,,bus
bus_9555,Devonshire / White Oak,34.257761,-118.519666,,bus
bus_9556,Devonshire / Amestoy,34.257676,-118.506536,,bus
bus_9558,Devonshire / Balboa,34.257398,-118.502007,,bus
bus_9559,Devonshire / Burnet,34.257392,-118.46283,,bus
bus_9560,Devonshire / Canoga,34.257365,-118.597627,,bus
bus_9561,Devonshire / Corbin,34.2574,-118.562147,,bus
bus_9562,Plummer / Corbin,34.242623,-118.561994,,bus
bus_9563,Devonshire / De Soto,34.257367,-118.58887,,bus
bus_9564,Devonshire / Encino,34.257731,-118.515754,,bus
bus_9565,Devonshire / Etiwanda,34.257401,-118.531571,,bus
bus_9567,Devonshire / Gothic,34.257564,-118.489002,,bus
bus_9568,Devonshire / Haskell,34.257491,-118.476429,,bus
bus_9569,Devonshire / Hayvenhurst,34.257593,-118.493427,,bus
bus_9570,Devonshire / Lemona,34.257368,-118.458472,,bus
bus_9571,Devonshire / Lindley,34.257405,-118.527669,,bus
bus_9572,Devonshire / Louise,34.257711,-118.511395,,bus
bus_9573,Devonshire / Lurline,34.257383,-118.584509,,bus
bus_9574,Devonshire / Mason,34.257384,-118.58015,,bus
bus_9575,Devonshire / Melvin,34.257395,-118.560389,,bus
bus_9576,Devonshire / Montgomery,34.257527,-118.48195,,bus
bus_9577,Devonshire / Oakdale,34.257391,-118.567028,,bus
bus_9578,Devonshire / Oso,34.257383,-118.575288,,bus
bus_9579,Devonshire / Owensmouth,34.257102,-118.601338,,bus
bus_9580,Devonshire / Petit,34.257625,-118.498286,,bus
bus_9581,Devonshire / Reseda,34.257394,-118.536419,,bus
bus_9582,Devonshire / Sepulveda,34.257436,-118.467139,,bus
bus_9585,Devonshire / Tunney,34.257385,-118.557781,,bus
bus_9586,Devonshire / Vanalden,34.257395,-118.549048,,bus
bus_9587,Devonshire / Variel,34.257373,-118.593255,,bus
bus_9589,Devonshire / Wilbur,34.257395,-118.544663,,bus
bus_9590,Devonshire / Winnetka,34.257394,-118.571238,,bus
bus_9591,Devonshire / Woodley,34.25754,-118.484683,,bus
bus_9592,Devonshire / Woodman,34.257332,-118.454093,,bus
bus_9593,Zelzah / Devonshire,34.257564,-118.523156,,bus
bus_9607,District / Cudahy,33.994525,-118.184618,,bus
bus_9608,District / Corona,33.999112,-118.192929,,bus
bus_9609,District / 50th,33.995966,-118.18705,,bus
bus_9610,District / Gifford,33.997764,-118.190135,,bus
bus_9611,District / Loma Vista,33.99951,-118.196721,,bus
bus_9612,District / Maywood,34.000026,-118.201777,,bus
bus_9625,Division 15 Layover,34.256385,-118.389819,,bus
bus_9633,Dorothy / Chesebro,34.142183,-118.740263,,bus
bus_9644,103rd / Clovis,33.943393,-118.256822,,bus
bus_9653,103rd / McKinley,33.943412,-118.260647,,bus
bus_9656,103rd / Success,33.943398,-118.248955,,bus
bus_9658,103rd / Zamora Walk,33.943409,-118.251567,,bus
bus_9669,120th / Compton,33.923713,-118.245927,,bus
bus_9673,120th / San Pedro,33.92363,-118.269221,,bus
bus_9674,120th / Compton,33.923892,-118.24605,,bus
bus_9677,124th / Willowbrook,33.91978,-118.233763,,bus
bus_9685,1st / Alameda,34.04903,-118.237425,,bus
bus_9686,1st / Boyle,34.047352,-118.219614,,bus
bus_9688,1st / Chicago,34.044534,-118.212226,,bus
bus_9689,1st / Marquez,34.047659,-118.224217,,bus
bus_9690,1st / Cummings,34.045492,-118.214717,,bus
bus_9691,1st / Dangler,34.037062,-118.165245,,bus
bus_9692,1st / Ditman,34.036076,-118.189331,,bus
bus_9693,1st / Evergreen,34.040425,-118.202105,,bus
bus_9694,1st / Ford,34.037032,-118.168994,,bus
bus_9695,1st / Gage,34.03596,-118.184782,,bus
bus_9696,1st / Indiana,34.036072,-118.192196,,bus
bus_9697,Long Beach / 4th,33.771567,-118.189178,,bus
bus_9698,1st / Lorena,34.037139,-118.194733,,bus
bus_9701,1st / Marianna,34.037006,-118.175942,,bus
bus_9703,1st / Mission,34.047848,-118.227584,,bus
bus_9704,1st / Mott,34.04207,-118.205813,,bus
bus_9705,1st / Rowan,34.036088,-118.187228,,bus
bus_9707,1st / Soto,34.043909,-118.209907,,bus
bus_9709,1st / State,34.046589,-118.217206,,bus
bus_9710,1st / Sunol,34.036461,-118.178496,,bus
bus_9711,1st / Vignes,34.048591,-118.23409,,bus
bus_9712,1st / Fresno,34.038837,-118.198569,,bus
bus_9713,1st / Herbert,34.036112,-118.18368,,bus
bus_9723,41st / Hooper,34.009367,-118.252441,,bus
bus_9725,41st / Central,34.009337,-118.256328,,bus
bus_9726,4th / Evergreen,34.037055,-118.204123,,bus
bus_9731,Compton / 55th,33.992796,-118.247598,,bus
bus_9738,5th / Towne,34.043025,-118.241759,,bus
bus_9741,6th / Mateo,34.038382,-118.232929,,bus
bus_9744,6th / Los Angeles,34.044344,-118.248787,,bus
bus_9749,7th / Ceres,34.038178,-118.243412,,bus
bus_9750,7th / Decatur,34.034635,-118.235203,,bus
bus_9751,7th / Maple,34.042167,-118.249104,,bus
bus_9754,7th / Alameda,34.034977,-118.238801,,bus
bus_9755,7th / Anderson,34.034649,-118.223479,,bus
bus_9757,7th / Central,34.036762,-118.240879,,bus
bus_9759,7th / Central,34.036525,-118.241014,,bus
bus_9761,7th / Main,34.043939,-118.251638,,bus
bus_9763,7th / San Pedro,34.040707,-118.247004,,bus
bus_9764,7th / Santa Fe,34.034422,-118.230225,,bus
bus_9768,8th / Maple,34.040773,-118.250938,,bus
bus_9769,8th / Marietta,34.026106,-118.214635,,bus
bus_9771,8th / Concord,34.022538,-118.207147,,bus
bus_9772,8th / Dacotah,34.024063,-118.210517,,bus
bus_9773,8th / Grande Vista,34.0231,-118.208403,,bus
bus_9774,8th / Lorena,34.021573,-118.204564,,bus
bus_9775,8th / San Julian,34.039399,-118.249419,,bus
bus_9778,92nd / Compton,33.953261,-118.247076,,bus
bus_9780,San Pedro / 9th,34.037378,-118.250017,,bus
bus_9781,9th / Stanford,34.035009,-118.247594,,bus
bus_9782,Adams / Compton,34.01525,-118.247354,,bus
bus_9783,Adams / Griffith,34.019861,-118.257664,,bus
bus_9784,Adams / Hooper,34.01636,-118.249839,,bus
bus_9785,Adams / Maple,34.0232,-118.265205,,bus
bus_9786,Adams / Central,34.018764,-118.255202,,bus
bus_9788,Adams / San Pedro,34.021575,-118.261537,,bus
bus_9794,Altadena / Lake,34.189909,-118.132261,,bus
bus_9796,Garfield / Main,34.095427,-118.12687,,bus
bus_9799,Altadena / Marengo,34.192575,-118.141531,,bus
bus_9800,Raymond / Green,34.144371,-118.148787,,bus
bus_9803,Anaheim / Banning,33.780396,-118.25709,,bus
bus_9804,Anaheim / McFarland,33.780651,-118.252356,,bus
bus_9805,Arbor Vitae / Grevillea,33.952807,-118.355288,,bus
bus_9806,Artesia / Atlantic,33.874513,-118.186449,,bus
bus_9808,Artesia / Butler,33.874438,-118.197244,,bus
bus_9809,Raymond / Union,34.146644,-118.148801,,bus
bus_9810,Atlantic / Pomona,34.032937,-118.153275,,bus
bus_9811,Raymond / Holly,34.147924,-118.14881,,bus
bus_9813,Avenue 43 / Mosher,34.092779,-118.205554,,bus
bus_9815,Broadway / Adams,34.146378,-118.242011,,bus
bus_9816,Broadway / Brand,34.146408,-118.255327,,bus
bus_9817,Broadway / Cedar,34.14642,-118.2445,,bus
bus_9818,Broadway / Chevy Chase,34.146342,-118.239404,,bus
bus_9819,Broadway / Glendale,34.146472,-118.246916,,bus
bus_9820,Broadway / Jackson,34.146463,-118.250314,,bus
bus_9821,Broadway / Louise,34.146439,-118.252824,,bus
bus_9823,Broadway / Lukens,34.146324,-118.232817,,bus
bus_9825,Burbank / San Fernando,34.18618,-118.316356,,bus
bus_9828,Rosemead / California,34.134378,-118.073379,,bus
bus_9830,Carson / Juan,33.831635,-118.076308,,bus
bus_9831,Carson / Pioneer,33.831368,-118.08124,,bus
bus_9832,Avalon / 103rd,33.94404,-118.265004,,bus
bus_9833,Century / Avalon,33.945742,-118.265649,,bus
bus_9834,Century / Main,33.945704,-118.274205,,bus
bus_9835,Century / San Pedro,33.945719,-118.269846,,bus
bus_9838,Colorado / Bonnie,34.14613,-118.115958,,bus
bus_9840,Colorado / Marion,34.146114,-118.118625,,bus
bus_9841,Colorado / Allen,34.146146,-118.113374,,bus
bus_9843,Colorado / Arroyo Pkwy,34.145928,-118.147791,,bus
bus_9844,Colorado / Catalina,34.146039,-118.129614,,bus
bus_9849,Colorado / Fair Oaks,34.145905,-118.150703,,bus
bus_9850,Colorado / Garfield,34.145951,-118.144447,,bus
bus_9852,Colorado / Hill,34.146095,-118.121557,,bus
bus_9859,Colorado / Los Robles,34.145968,-118.1417,,bus
bus_9861,Colorado / Madison,34.145988,-118.138597,,bus
bus_9863,Colorado / Mentor,34.146033,-118.130675,,bus
bus_9864,Colorado / Michigan,34.146074,-118.125258,,bus
bus_9865,Colorado / Oak Knoll,34.146017,-118.135434,,bus
bus_9867,Colorado / Raymond,34.145918,-118.149094,,bus
bus_9875,Colorado / Wilson,34.146049,-118.128246,,bus
bus_9878,Compton / Avalon,33.895128,-118.264945,,bus
bus_9880,Compton / Bradfield,33.896193,-118.20349,,bus
bus_9881,Compton / Holly,33.896198,-118.201932,,bus
bus_9882,Compton / Long Beach,33.896167,-118.207728,,bus
bus_9883,Compton / Mayo,33.896152,-118.212974,,bus
bus_9884,Compton / Santa Fe,33.896146,-118.216117,,bus
bus_9885,Compton / Sloan,33.896165,-118.210265,,bus
bus_9886,Santa Fe / Compton,33.896301,-118.215686,,bus
bus_9889,Compton / Aprilia,33.895884,-118.256074,,bus
bus_9890,Compton / Atlantic,33.896294,-118.19373,,bus
bus_9891,Compton / Castlegate,33.896262,-118.196518,,bus
bus_9892,Compton / Central,33.895959,-118.251648,,bus
bus_9893,Compton / Gibson,33.896321,-118.188827,,bus
bus_9894,Compton / Harris,33.896231,-118.198663,,bus
bus_9895,Compton / Douglas Dollarhide,33.895761,-118.221703,,bus
bus_9896,Compton / Stanford,33.895422,-118.260221,,bus
bus_9897,Del Mar / Bonita,34.142016,-118.10419,,bus
bus_9898,Del Mar / Allen,34.141871,-118.112786,,bus
bus_9899,Del Mar / Altadena,34.142027,-118.098364,,bus
bus_9900,Del Mar / Berkeley,34.141888,-118.109131,,bus
bus_9901,Del Mar / Bonnie,34.141847,-118.115754,,bus
bus_9902,Del Mar / Chester,34.140948,-118.124305,,bus
bus_9903,Del Mar / Craig,34.141987,-118.106296,,bus
bus_9904,Del Mar / Eastern,34.142063,-118.091407,,bus
bus_9905,Del Mar / El Molino,34.140297,-118.136512,,bus
bus_9906,Del Mar / El Nido,34.142072,-118.089494,,bus
bus_9907,Del Mar / Hudson,34.140308,-118.133971,,bus
bus_9908,Del Mar / Kinneloa,34.14216,-118.085191,,bus
bus_9909,Del Mar / Lake,34.140635,-118.131998,,bus
bus_9911,Del Mar / Mentor,34.140815,-118.130469,,bus
bus_9912,Del Mar / San Gabriel,34.142043,-118.094848,,bus
bus_9914,Del Mar / Sierra Madre,34.142022,-118.101302,,bus
bus_9915,Del Mar / Wilson,34.140829,-118.127696,,bus
bus_9932,El Segundo / Main,33.916552,-118.274255,,bus
bus_9938,Florence / Avalon,33.974835,-118.264815,,bus
bus_9939,Florence / Centinela,33.96969,-118.347672,,bus
bus_9940,Florence / Compton,33.974878,-118.247426,,bus
bus_9942,Florence Station,33.974871,-118.242611,,bus
bus_9945,Florence / Hooper,33.974888,-118.251816,,bus
bus_9946,Raymond / Holly,34.147924,-118.148981,,bus
bus_9949,Florence / McKinley,33.974892,-118.26052,,bus
bus_9951,Florence / Miramonte,33.97488,-118.245061,,bus
bus_9952,Florence / Mountain View,33.973319,-118.217771,,bus
bus_9956,Florence / Prairie,33.971426,-118.343962,,bus
bus_9957,Florence / Pacific,33.973986,-118.224485,,bus
bus_9959,Florence / Pacific,33.974441,-118.226204,,bus
bus_9960,Florence / Alameda,33.97486,-118.234105,,bus
bus_9961,Florence / Central,33.974935,-118.256975,,bus
bus_9962,Florence / Main,33.974794,-118.273667,,bus
bus_9963,Florence / San Pedro,33.974812,-118.269363,,bus
bus_9964,Florence / Santa Fe,33.974867,-118.230747,,bus
bus_9965,Florence / Seville,33.973821,-118.222706,,bus
bus_9966,Florence / Stafford,33.973939,-118.221325,,bus
bus_9968,Florence / West,33.974573,-118.335043,,bus
bus_9969,Florence / Wilson,33.974857,-118.237485,,bus
bus_9975,Gage / Avalon,33.982207,-118.265465,,bus
bus_9976,Gage / Compton,33.982189,-118.248088,,bus
bus_9979,Gage / Hooper,33.982203,-118.251848,,bus
bus_9980,Gage / McKinley,33.982051,-118.261219,,bus
bus_9981,Gage / Alameda,33.98151,-118.235538,,bus
bus_9982,Gage / Central,33.982093,-118.256766,,bus
bus_9983,Gage / Main,33.982532,-118.273689,,bus
bus_9984,Gage / Main,33.982332,-118.273424,,bus
bus_9985,Gage / San Pedro,33.982543,-118.269872,,bus
bus_9986,Gage / Wilmington,33.982111,-118.238779,,bus
bus_9987,Garvey / Central,34.062837,-118.047035,,bus
bus_9988,Garvey / Lashbrook,34.062846,-118.062969,,bus
bus_9989,Garvey / Merced,34.062854,-118.051159,,bus
bus_9990,Garvey / Alhambra,34.062632,-118.117127,,bus
bus_9991,Garvey / Florence,34.062694,-118.110424,,bus
bus_9992,Garvey / Lincoln,34.062645,-118.121019,,bus
bus_9993,Garvey / New,34.062718,-118.107846,,bus
bus_9994,Garvey / Rural,34.062666,-118.113908,,bus
bus_9996,Garvey / Potrero,34.062852,-118.055504,,bus
bus_9997,Garvey / Rosemead,34.062831,-118.065884,,bus
bus_10012,Greenleaf / Alameda,33.881153,-118.218247,,bus
bus_10033,Hyde Park / Gay,33.979182,-118.340702,,bus
bus_10034,Hyde Park / Long,33.980244,-118.338236,,bus
bus_10035,Hyde Park / Park,33.977467,-118.344676,,bus
bus_10036,Hyde Park / Field,33.976007,-118.352401,,bus
bus_10037,Hyde Park / Hyde Park,33.976041,-118.348374,,bus
bus_10043,Imperial / Avalon,33.930929,-118.265388,,bus
bus_10044,Imperial / Avalon,33.931186,-118.264927,,bus
bus_10047,Imperial / Douglas,33.930996,-118.38345,,bus
bus_10048,Imperial / Nash,33.931037,-118.387742,,bus
bus_10049,Imperial / Central,33.929603,-118.254802,,bus
bus_10050,Imperial / San Pedro,33.931324,-118.269345,,bus
bus_10051,Imperial / Wadsworth,33.931119,-118.258894,,bus
bus_10052,Imperial / Wadsworth,33.930847,-118.258785,,bus
bus_10054,Jefferson / Main,34.018702,-118.272408,,bus
bus_10056,Jefferson / Trinity,34.016252,-118.267021,,bus
bus_10059,Eastern / Floral,34.044404,-118.173459,,bus
bus_10061,Eastern / Marianna,34.047295,-118.174884,,bus
bus_10069,Las Tunas / Country Club,34.103311,-118.096247,,bus
bus_10070,Las Tunas / Burton,34.103583,-118.081475,,bus
bus_10071,Las Tunas / California,34.103511,-118.093783,,bus
bus_10072,Las Tunas / Charlotte,34.103542,-118.088392,,bus
bus_10073,Las Tunas / Del Mar,34.102943,-118.099517,,bus
bus_10074,Las Tunas / Muscatel,34.103602,-118.077425,,bus
bus_10075,Las Tunas / San Gabriel,34.10353,-118.090705,,bus
bus_10076,Las Tunas / Willard,34.103564,-118.084821,,bus
bus_10087,Magnolia / 3rd,34.184147,-118.310721,,bus
bus_10088,Main / Almansor,34.097916,-118.121312,,bus
bus_10089,Main / Chapel,34.096661,-118.123965,,bus
bus_10090,Main / Hidalgo,34.09863,-118.119823,,bus
bus_10091,Main / Garfield,34.095124,-118.127213,,bus
bus_10092,Eastern / Sheriff,34.051405,-118.174193,,bus
bus_10094,Main / Valencia,34.100009,-118.116908,,bus
bus_10095,Main / Vega,34.100973,-118.114888,,bus
bus_10096,Manchester / Avalon,33.960007,-118.265391,,bus
bus_10097,Manchester / McKinley,33.960287,-118.260594,,bus
bus_10098,Manchester / Main,33.960233,-118.273636,,bus
bus_10099,Eastern / Hauck,34.05388,-118.172561,,bus
bus_10100,Manchester / Spruce,33.960914,-118.347282,,bus
bus_10102,Manchester / Grevillea,33.96188,-118.355366,,bus
bus_10103,Manchester / Hillcrest,33.961931,-118.349087,,bus
bus_10105,Cal State University / Eastern,34.061295,-118.173613,,bus
bus_10106,Eastern / Tim,34.061463,-118.17494,,bus
bus_10108,Marianna / Worth,34.062518,-118.178951,,bus
bus_10109,Manchester / Briarwood East,33.95986,-118.332409,,bus
bus_10112,Mariposa / Marengo,34.191176,-118.141744,,bus
bus_10113,1925 Marianna,34.064071,-118.178786,,bus
bus_10114,Mariposa / Santa Rosa,34.189372,-118.136172,,bus
bus_10119,Myrrh / Tamarind,33.892445,-118.221983,,bus
bus_10122,Olive / Glenoaks,34.182971,-118.306253,,bus
bus_10125,Eastern / Valley,34.066468,-118.180151,,bus
bus_10126,Olympic / Camulos,34.022494,-118.215381,,bus
bus_10127,Eastern / Druid,34.069375,-118.180319,,bus
bus_10128,Olympic / Northside,34.013554,-118.143826,,bus
bus_10130,Olympic / Goodrich,34.015831,-118.155689,,bus
bus_10131,Olympic / Lawrence,34.0271,-118.236703,,bus
bus_10132,Olympic / Los Palos,34.01897,-118.195199,,bus
bus_10134,Olympic / Naomi,34.030056,-118.241576,,bus
bus_10135,Olympic / Orme,34.023421,-118.217499,,bus
bus_10137,Olympic / Alameda,34.027651,-118.23879,,bus
bus_10138,Olympic / Arizona,34.01842,-118.16798,,bus
bus_10139,Olympic / Atlantic,34.016484,-118.158806,,bus
bus_10140,Olympic / Boyle,34.025066,-118.221302,,bus
bus_10141,Olympic / Dacotah,34.020991,-118.212044,,bus
bus_10142,Olympic / Ditman,34.019001,-118.189431,,bus
bus_10143,Olympic / Downey,34.019026,-118.18026,,bus
bus_10145,Olympic / Fetterly,34.017915,-118.165583,,bus
bus_10146,Olympic / Ford,34.019049,-118.172129,,bus
bus_10147,Olympic / Garfield,34.011648,-118.131122,,bus
bus_10148,Olympic / Gerhart,34.01414,-118.147707,,bus
bus_10149,Olympic / Grande Vista,34.02032,-118.210551,,bus
bus_10150,Olympic / Hendricks,34.013102,-118.140825,,bus
bus_10151,Olympic / Herbert,34.019018,-118.183537,,bus
bus_10152,Eastern / Norelle,34.072664,-118.180287,,bus
bus_10153,Olympic / Lorena,34.018626,-118.206946,,bus
bus_10155,Eastern / Klamath,34.074893,-118.180116,,bus
bus_10158,Olympic / Rowan,34.019012,-118.187428,,bus
bus_10159,Olympic / Santa Fe,34.025735,-118.229669,,bus
bus_10160,Eastern / Lombardy,34.077663,-118.1783,,bus
bus_10161,Olympic / Soto,34.024699,-118.220456,,bus
bus_10162,Olympic / Vancouver,34.016981,-118.161176,,bus
bus_10163,Olympic / Saybrook,34.012404,-118.136106,,bus
bus_10164,Olympic / Spence,34.018922,-118.202578,,bus
bus_10166,Olympic / Indiana,34.018988,-118.192473,,bus
bus_10171,Pomona / Wilcox,34.033741,-118.125367,,bus
bus_10173,Riggin / Garfield,34.036583,-118.130669,,bus
bus_10174,Rosecrans / Avalon,33.901997,-118.265454,,bus
bus_10175,Eastern / Gambier,34.081307,-118.177911,,bus
bus_10177,Rosecrans / San Pedro,33.90184,-118.269201,,bus
bus_10188,Alamo / Slauson,33.985733,-118.174317,,bus
bus_10189,Slauson / Alcoa,33.989309,-118.20822,,bus
bus_10190,Slauson / Avalon,33.989391,-118.26495,,bus
bus_10191,Slauson / Boxford,33.984857,-118.15135,,bus
bus_10192,Slauson / Compton,33.989462,-118.248063,,bus
bus_10193,Slauson / Garfield,33.98255,-118.141773,,bus
bus_10194,Slauson / Greenwood,33.977322,-118.130527,,bus
bus_10195,Slauson / Holmes,33.989358,-118.24098,,bus
bus_10196,Slauson / Hooper,33.98946,-118.251867,,bus
bus_10198,Slauson / Malt,33.983735,-118.145585,,bus
bus_10199,Slauson / McKinley,33.989427,-118.260628,,bus
bus_10200,Slauson / Boyle,33.989324,-118.212581,,bus
bus_10201,Slauson / Central,33.989453,-118.256208,,bus
bus_10203,Slauson / San Pedro,33.989372,-118.269829,,bus
bus_10204,Slauson / Santa Fe,33.989355,-118.230041,,bus
bus_10206,Slauson / Towne,33.989369,-118.267186,,bus
bus_10207,Slauson / Zambrano,33.985175,-118.154316,,bus
bus_10224,Valley / Almansor,34.079001,-118.117245,,bus
bus_10225,Valley / Chapel,34.07885,-118.120072,,bus
bus_10228,Valley / Delta,34.080453,-118.086736,,bus
bus_10229,Valley / Garfield,34.078674,-118.123344,,bus
bus_10230,Valley / Granada,34.079152,-118.114425,,bus
bus_10233,Valley / San Gabriel,34.08028,-118.091082,,bus
bus_10235,Valley / Vega,34.07929,-118.111638,,bus
bus_10238,Valley / Walnut,34.080115,-118.094513,,bus
bus_10241,Verdugo / Third,34.179713,-118.304743,,bus
bus_10243,Vernon / Compton,34.004026,-118.24807,,bus
bus_10244,Vernon / Hooper,34.00403,-118.252445,,bus
bus_10246,Vernon / Long Beach,34.00405,-118.242837,,bus
bus_10247,Vernon / McKinley,34.004035,-118.26069,,bus
bus_10248,Vernon / Morgan,34.00404,-118.244926,,bus
bus_10249,Vernon / Alameda,34.004061,-118.238713,,bus
bus_10250,Vernon / Avalon,34.004016,-118.265718,,bus
bus_10251,Vernon / Central,34.004043,-118.256813,,bus
bus_10252,Vernon / Main,34.003964,-118.274307,,bus
bus_10253,Vernon / San Pedro,34.004002,-118.269447,,bus
bus_10254,Pacific / Santa Fe,34.004097,-118.229999,,bus
bus_10256,Vernon / Saint Charles,34.004077,-118.234744,,bus
bus_10258,Avalon / Victoria,33.866799,-118.265989,,bus
bus_10259,Victoria / RR-Xing,33.864815,-118.211507,,bus
bus_10261,Walnut / Fair Oaks,34.14945,-118.150237,,bus
bus_10278,Washington / Los Robles,34.169001,-118.141948,,bus
bus_10280,Washington / Marengo,34.168959,-118.14648,,bus
bus_10290,Eagle Rock / Glendale Fwy,34.11823,-118.232947,,bus
bus_10292,Eagle Rock / Chickasaw,34.137205,-118.214804,,bus
bus_10293,Colorado / Eagle Rock,34.13903,-118.214482,,bus
bus_10294,Eagle Rock / El Paso,34.12226,-118.224592,,bus
bus_10295,Eagle Rock / Estara,34.113466,-118.236607,,bus
bus_10298,Eagle Rock / Moss,34.110656,-118.237333,,bus
bus_10299,Eagle Rock / Avenue 45,34.126236,-118.219111,,bus
bus_10300,Eagle Rock / Norwalk,34.132696,-118.216151,,bus
bus_10301,Eagle Rock / Verdugo,34.120037,-118.229261,,bus
bus_10302,Eagle Rock / Verdugo,34.105049,-118.238285,,bus
bus_10303,Eagle Rock / Avenue 31,34.10801,-118.237718,,bus
bus_10304,Eagle Rock / Avenue 33,34.112108,-118.236957,,bus
bus_10306,Eagle Rock / Avenue 36,34.117292,-118.234688,,bus
bus_10307,Eagle Rock / Avenue 41,34.120967,-118.227321,,bus
bus_10308,Eagle Rock / Westdale,34.129655,-118.217052,,bus
bus_10309,Eagle Rock / York,34.124317,-118.220804,,bus
bus_10312,Eagle Rock / Yosemite,34.13498,-118.215466,,bus
bus_10313,Eastern / Cecilia,33.957318,-118.164579,,bus
bus_10314,Eastern / Clara,33.963318,-118.165485,,bus
bus_10315,Eastern / Florence,33.967657,-118.164897,,bus
bus_10316,Eastern / Gage,33.97532,-118.16385,,bus
bus_10317,Eastern / Jaboneria,33.959647,-118.165455,,bus
bus_10318,Eastern / Live Oak,33.965915,-118.165141,,bus
bus_10319,Eastern / Lubec,33.971714,-118.164351,,bus
bus_10320,Eastern / Shull,33.954642,-118.163898,,bus
bus_10345,Eldridge / Kagel Canyon,34.279783,-118.383093,,bus
bus_10359,Burbank Airport South,34.193142,-118.354137,,bus
bus_10360,Empire / Lincoln,34.191928,-118.335617,,bus
bus_10361,Empire / Buena Vista,34.191768,-118.33816,,bus
bus_10362,Empire / Catalina,34.191816,-118.341444,,bus
bus_10363,Empire / Fairview,34.191841,-118.343117,,bus
bus_10366,Tampa / G Line,34.181388,-118.553637,,bus
bus_10378,Exposition / Trousdale,34.018459,-118.286944,,bus
bus_10379,Exposition / Halldale,34.018506,-118.302721,,bus
bus_10380,Exposition / Raymond,34.018497,-118.297533,,bus
bus_10381,Exposition / Catalina,34.018488,-118.294256,,bus
bus_10383,Exposition / Harvard,34.018521,-118.306503,,bus
bus_10384,Exposition / Normandie,34.018498,-118.30051,,bus
bus_10387,Coldwater Canyon / Raymer,34.20439,-118.413677,,bus
bus_10390,Exposition / Watt,34.01853,-118.288614,,bus
bus_10391,Coldwater Canyon / Saticoy,34.206894,-118.414262,,bus
bus_10392,Fair Oaks / Bellefontaine,34.131463,-118.150482,,bus
bus_10394,Fair Oaks / Congress,34.133905,-118.150503,,bus
bus_10395,Fair Oaks / Corson,34.150744,-118.150669,,bus
bus_10397,Fair Oaks / Glenarm,34.127662,-118.150452,,bus
bus_10402,Fair Oaks / Penn,34.174112,-118.150929,,bus
bus_10403,Fair Oaks / Monterey,34.112013,-118.150619,,bus
bus_10404,Fair Oaks / Mound,34.120276,-118.150419,,bus
bus_10405,Fair Oaks / Rollin,34.108683,-118.150643,,bus
bus_10406,Fair Oaks / Spruce,34.105544,-118.15067,,bus
bus_10407,Fair Oaks / Raymond Hill,34.123846,-118.150425,,bus
bus_10409,Fairfax / Willoughby,34.086959,-118.361594,,bus
bus_10410,Fallbrook / Burbank,34.171665,-118.623469,,bus
bus_10411,Fallbrook / Criswell,34.19038,-118.62352,,bus
bus_10412,Fallbrook / Erwin,34.18295,-118.623511,,bus
bus_10413,Fallbrook / Hatteras,34.176086,-118.623486,,bus
bus_10414,Fallbrook / Ingomar,34.211608,-118.623586,,bus
bus_10416,Fallbrook / Marlin Pl,34.196596,-118.62354,,bus
bus_10417,Fallbrook / Oxnard,34.178919,-118.623494,,bus
bus_10418,Fallbrook / Roscoe,34.219112,-118.623625,,bus
bus_10419,Fallbrook / Runnymede,34.204738,-118.623571,,bus
bus_10420,Fallbrook / Saticoy,34.207986,-118.623578,,bus
bus_10421,Fallbrook / Sherman Way,34.200718,-118.623547,,bus
bus_10422,Fallbrook / Strathern,34.215639,-118.623596,,bus
bus_10423,Fallbrook / Vanowen,34.19345,-118.623526,,bus
bus_10424,Vanowen / Fallbrook,34.19385,-118.623704,,bus
bus_10425,Fallbrook / Ventura,34.165757,-118.623445,,bus
bus_10426,Fallbrook / Victory,34.186701,-118.623578,,bus
bus_10428,Figueroa / 104th,33.941697,-118.282754,,bus
bus_10429,Figueroa / USC McCarthy,34.020372,-118.281135,,bus
bus_10430,Figueroa / Martin Luther King Jr,34.011517,-118.282887,,bus
bus_10431,Figueroa / Sycamore,34.102077,-118.203275,,bus
bus_10433,Avenue 26 / Figueroa,34.083887,-118.222587,,bus
bus_10434,Figueroa / Woodside,34.098226,-118.205511,,bus
bus_10435,Figueroa / Yosemite,34.134117,-118.189745,,bus
bus_10437,Exposition / Figueroa,34.01801,-118.282992,,bus
bus_10438,Figueroa / 117th Layover,33.927775,-118.281838,,bus
bus_10439,Figueroa / Harbor Fwy Station (C Line),33.92834,-118.282742,,bus
bus_10440,Figueroa / Venice,34.037235,-118.270389,,bus
bus_10444,Firestone / Patton,33.937372,-118.127422,,bus
bus_10445,Firestone / Ryerson,33.947884,-118.154742,,bus
bus_10446,Firestone / Stonewood Center,33.934095,-118.120695,,bus
bus_10447,Firestone / Alexander,33.953019,-118.192866,,bus
bus_10448,Firestone / Annetta,33.9525,-118.187592,,bus
bus_10450,Firestone / Atlantic,33.952189,-118.184396,,bus
bus_10451,Firestone / Brookshire,33.938507,-118.129797,,bus
bus_10452,Firestone / California,33.954107,-118.206299,,bus
bus_10455,Firestone / Compton,33.960283,-118.247802,,bus
bus_10456,Firestone / Dorothy,33.952703,-118.189762,,bus
bus_10457,Firestone / Downey,33.939858,-118.132938,,bus
bus_10458,Firestone / Manchester,33.960043,-118.233456,,bus
bus_10459,Firestone / Elizabeth,33.954358,-118.208799,,bus
bus_10460,Firestone / Garden View,33.955281,-118.215508,,bus
bus_10461,Firestone / Garfield,33.949312,-118.165444,,bus
bus_10463,Firestone / Holmes,33.960277,-118.240244,,bus
bus_10464,Firestone / Hooper,33.960298,-118.253758,,bus
bus_10467,Firestone / Long Beach,33.955729,-118.220001,,bus
bus_10468,Firestone / Maie,33.960281,-118.244732,,bus
bus_10472,Firestone / Newville,33.929669,-118.111871,,bus
bus_10473,Firestone / Old River School,33.947438,-118.148585,,bus
bus_10474,Firestone / Otis,33.953403,-118.196768,,bus
bus_10475,Firestone / Pangborn,33.930566,-118.113613,,bus
bus_10476,Firestone / Paramount,33.942716,-118.137664,,bus
bus_10477,Firestone / Rayo,33.950701,-118.176084,,bus
bus_10478,Firestone / Rives,33.945162,-118.142251,,bus
bus_10479,Firestone / Alameda,33.957836,-118.230717,,bus
bus_10481,Firestone / Fir,33.960271,-118.237698,,bus
bus_10482,Firestone / San Juan,33.953849,-118.20121,,bus
bus_10483,Firestone / Santa Fe,33.95633,-118.225126,,bus
bus_10485,Firestone / Studebaker,33.922412,-118.099563,,bus
bus_10486,Firestone / Wiley Burke,33.946648,-118.14498,,bus
bus_10487,Firestone / Woodruff,33.932749,-118.117987,,bus
bus_10488,Firestone / Zamora,33.960293,-118.251185,,bus
bus_10493,1st / Judge John Aiso,34.050674,-118.240998,,bus
bus_10498,Fletcher / Crystal,34.107684,-118.25475,,bus
bus_10499,Fletcher / Riverside,34.10586,-118.256902,,bus
bus_10500,Floral / Corporate Center,34.044312,-118.166824,,bus
bus_10505,Floral / Humphreys,34.044297,-118.171772,,bus
bus_10511,Florence / Atlantic,33.97054,-118.189024,,bus
bus_10512,Florence / Bear,33.971569,-118.198753,,bus
bus_10513,Florence / Birchdale,33.948773,-118.119384,,bus
bus_10514,Florence / Bissell,33.972288,-118.205506,,bus
bus_10515,Florence / Brookshire,33.949889,-118.121595,,bus
bus_10516,Florence / Salt Lake,33.972059,-118.203272,,bus
bus_10517,Florence / Downey,33.951671,-118.125924,,bus
bus_10518,Florence / Downey & Sanford Bridge,33.942857,-118.107708,,bus
bus_10519,Florence / Eastern,33.967927,-118.164373,,bus
bus_10520,Florence / El Selinda,33.967529,-118.160424,,bus
bus_10521,Florence / Emil,33.96286,-118.147458,,bus
bus_10523,Florence / Garfield,33.965682,-118.15184,,bus
bus_10524,Florence / Haledon,33.945712,-118.113343,,bus
bus_10525,Florence / Jaboneria,33.967255,-118.157802,,bus
bus_10526,Florence / Lakewood,33.94752,-118.1169,,bus
bus_10527,Lakewood / Florence,33.947264,-118.11712,,bus
bus_10528,Florence / Mattock,33.94131,-118.104653,,bus
bus_10529,Florence / Mission,33.972773,-118.212631,,bus
bus_10531,Florence / Norwalk,33.935469,-118.073001,,bus
bus_10533,Florence / Orr and Day,33.935439,-118.089389,,bus
bus_10534,Florence / Otis,33.971087,-118.194128,,bus
bus_10535,Florence / Paramount,33.953579,-118.129722,,bus
bus_10536,Florence / Pioneer,33.935425,-118.082156,,bus
bus_10537,Florence / Ringwood,33.93542,-118.084783,,bus
bus_10538,Florence / Rives,33.955685,-118.133943,,bus
bus_10540,Florence / Scout,33.961585,-118.145336,,bus
bus_10541,Florence / State,33.972699,-118.209775,,bus
bus_10543,Florence / Tecum,33.959074,-118.140695,,bus
bus_10544,Florence / Walker,33.968941,-118.174117,,bus
bus_10545,Florence / Wilcox,33.969318,-118.17764,,bus
bus_10546,Florence / Wiley Burke,33.95725,-118.137167,,bus
bus_10547,Florence / Woodruff,33.944385,-118.110736,,bus
bus_10548,Florence / Vinevale,33.969795,-118.182235,,bus
bus_10553,Foothill / Apperson,34.2557,-118.299355,,bus
bus_10554,Foothill / Arroyo,34.292491,-118.414326,,bus
bus_10555,Foothill / Astoria,34.312844,-118.437042,,bus
bus_10556,Foothill / Bledsoe,34.320679,-118.447615,,bus
bus_10557,Foothill / Boston,34.237687,-118.261969,,bus
bus_10558,Foothill / Brainard,34.274623,-118.363321,,bus
bus_10559,Foothill / Christy,34.274034,-118.358966,,bus
bus_10560,Foothill / Clybourn,34.2744,-118.373479,,bus
bus_10561,Foothill / Cobalt,34.32329,-118.451909,,bus
bus_10562,Foothill / Commerce,34.248368,-118.288369,,bus
bus_10563,Foothill / Conover,34.273241,-118.338635,,bus
bus_10564,Foothill / Day,34.254651,-118.298253,,bus
bus_10565,Foothill / Dronfield,34.32316,-118.455829,,bus
bus_10566,Foothill / Dunsmore,34.234729,-118.257212,,bus
bus_10567,Foothill / Esko,34.272887,-118.34816,,bus
bus_10569,Foothill / Fenwick,34.260749,-118.324668,,bus
bus_10570,Foothill / Filmore,34.283557,-118.40487,,bus
bus_10572,Bledsoe / Gladstone,34.323742,-118.44478,,bus
bus_10573,Foothill / Haines Canyon,34.247343,-118.279177,,bus
bus_10574,Foothill / Harding,34.30094,-118.423308,,bus
bus_10575,Foothill / Hillhaven,34.249693,-118.29072,,bus
bus_10576,Foothill / Hillrose,34.262747,-118.32869,,bus
bus_10577,Foothill / Home Depot,34.295073,-118.417117,,bus
bus_10578,Foothill / Hubbard,34.30717,-118.430158,,bus
bus_10579,Foothill / Whitegate,34.259771,-118.305558,,bus
bus_10581,Foothill / Lowell,34.240138,-118.265911,,bus
bus_10582,Foothill / Maclay,34.298197,-118.420407,,bus
bus_10583,Foothill / Marcus,34.247672,-118.281964,,bus
bus_10584,Foothill / Marnice,34.245323,-118.274269,,bus
bus_10587,Foothill / Mount Gleason,34.259126,-118.302915,,bus
bus_10588,Foothill / Mountair,34.251083,-118.293008,,bus
bus_10589,Foothill / New York,34.232267,-118.253248,,bus
bus_10590,Foothill / Orcas,34.274374,-118.368421,,bus
bus_10591,Foothill / Oro Vista,34.25983,-118.315583,,bus
bus_10592,Foothill / Osborne,34.276144,-118.378151,,bus
bus_10593,Foothill / Pali,34.242878,-118.270327,,bus
bus_10594,Foothill / Paxton,34.286842,-118.408362,,bus
bus_10595,Foothill / Pennsylvania,34.229556,-118.248886,,bus
bus_10596,Foothill / Pierce,34.277843,-118.398424,,bus
bus_10597,Foothill / Pinewood,34.247888,-118.285575,,bus
bus_10598,Foothill / Polk,34.315274,-118.440632,,bus
bus_10603,Foothill / Saluda,34.241745,-118.2685,,bus
bus_10605,Foothill / Sayre,34.309873,-118.433632,,bus
bus_10606,Foothill / Sunland,34.259995,-118.323173,,bus
bus_10607,Foothill / Terra Bella,34.274616,-118.395413,,bus
bus_10608,Foothill / Terra Bella,34.275192,-118.395627,,bus
bus_10609,Foothill / Tujunga Canyon,34.246273,-118.275933,,bus
bus_10610,Foothill / Tyler,34.318258,-118.444486,,bus
bus_10611,Foothill / Valmont,34.252441,-118.295091,,bus
bus_10612,Foothill / Van Nuys,34.280572,-118.401724,,bus
bus_10613,Foothill / Vaughn,34.289841,-118.411509,,bus
bus_10615,Foothill / Wheatland,34.273432,-118.352582,,bus
bus_10616,San Fernando / Grandview,34.162032,-118.28264,,bus
bus_10617,Foothill / Woodward,34.259525,-118.307192,,bus
bus_10618,Foothill / Wyngate,34.257586,-118.301308,,bus
bus_10622,Fountain / Lyman,34.095756,-118.288682,,bus
bus_10634,Roscoe / Peoria,34.221791,-118.402887,,bus
bus_10638,Fremont / Maple,34.101346,-118.152235,,bus
bus_10640,Fullerton Park and Ride,33.858624,-117.978804,,bus
bus_10643,Gage / Salt Lake,33.979976,-118.204143,,bus
bus_10644,Allen / Corson,34.151728,-118.113001,,bus
bus_10645,Gage / Atlantic,33.978179,-118.187257,,bus
bus_10646,Gage / Bear,33.979284,-118.197577,,bus
bus_10647,Cesar E Chavez / Gage,34.040398,-118.184379,,bus
bus_10648,Gage / Colmar,33.974949,-118.157266,,bus
bus_10649,Gage / Darwell,33.974261,-118.150018,,bus
bus_10650,Gage / Eastern,33.975671,-118.163976,,bus
bus_10651,Gage / El Selinda,33.975215,-118.159898,,bus
bus_10652,Gage / Heliotrope,33.977464,-118.180527,,bus
bus_10653,Gage / Hollenbeck,33.980301,-118.207145,,bus
bus_10654,Gage / Walker,33.97671,-118.173638,,bus
bus_10655,Gage / Hood,33.980539,-118.209303,,bus
bus_10656,Gage / Jaboneria,33.97457,-118.152948,,bus
bus_10657,Gage / Malabar,33.981773,-118.227573,,bus
bus_10658,Gage / Marconi,33.981242,-118.215931,,bus
bus_10659,Gage / California,33.979706,-118.201645,,bus
bus_10660,Allen / Villa,34.154124,-118.112994,,bus
bus_10661,Gage / Otis,33.97877,-118.192764,,bus
bus_10663,Gage / Pacific,33.981772,-118.224971,,bus
bus_10664,Gage / Prospect,33.977765,-118.183463,,bus
bus_10665,Gage / Santa Fe,33.981773,-118.230591,,bus
bus_10666,Gage / Seville,33.981769,-118.222401,,bus
bus_10667,Gage / State,33.980858,-118.212325,,bus
bus_10696,Garfield / Flotilla,34.005974,-118.131195,,bus
bus_10707,Garvey / Chico,34.062848,-118.059829,,bus
bus_10708,Garvey / Delta,34.062788,-118.086163,,bus
bus_10709,Garvey / Hitchcock,34.062146,-118.140756,,bus
bus_10710,Garvey / Huntington,34.062613,-118.125797,,bus
bus_10711,Garvey / Kelburn,34.06277,-118.094844,,bus
bus_10712,Garvey / Del Mar,34.062752,-118.099799,,bus
bus_10713,Garvey / Jackson,34.062725,-118.103553,,bus
bus_10714,Garvey / Muscatel,34.062788,-118.077444,,bus
bus_10715,Garvey / Rosemead Pl,34.062807,-118.073042,,bus
bus_10716,Garvey / San Gabriel,34.06277,-118.090825,,bus
bus_10717,Garvey / Santa Anita,34.062907,-118.042796,,bus
bus_10718,Garvey / Walnut Grove,34.062771,-118.082205,,bus
bus_10726,Gayley / Landfair,34.065495,-118.44766,,bus
bus_10727,Gayley / Landfair,34.070676,-118.453159,,bus
bus_10728,Gayley / Strathmore,34.068823,-118.449038,,bus
bus_10729,Gayley / Veteran,34.070478,-118.454809,,bus
bus_10733,Glendale / Farwell,34.105175,-118.259635,,bus
bus_10734,Glendale / Fletcher,34.104599,-118.259388,,bus
bus_10736,Glendale / Reservoir,34.07784,-118.260712,,bus
bus_10737,Glendale / Apex,34.095044,-118.259369,,bus
bus_10738,Glendale / Atwater,34.11876,-118.259802,,bus
bus_10739,Glendale / Berkeley,34.0837,-118.260156,,bus
bus_10740,Glendale / Branden,34.08813,-118.259648,,bus
bus_10742,Glendale / Deane,34.098419,-118.259379,,bus
bus_10744,Glendale / Effie,34.085992,-118.260031,,bus
bus_10745,Glendale / Fargo,34.092199,-118.258825,,bus
bus_10746,Glendale / Glenfeliz,34.116294,-118.26297,,bus
bus_10747,Glendale / Montana,34.080001,-118.260319,,bus
bus_10748,Glendale / Park,34.076561,-118.261078,,bus
bus_10749,Glendale / Silver Lake,34.100607,-118.259069,,bus
bus_10750,Glendale / Revere,34.120098,-118.258779,,bus
bus_10751,Glendale / Riverside,34.111371,-118.26528,,bus
bus_10752,Glendale / Santa Ynez,34.074535,-118.261788,,bus
bus_10753,Glendale / Scott,34.08163,-118.260215,,bus
bus_10754,Glendale / Silver Lake,34.100537,-118.259373,,bus
bus_10755,Glendale / Waverly,34.108186,-118.2638,,bus
bus_10757,Glenoaks / Gain,34.26894,-118.406795,,bus
bus_10758,Tuxford / Glenoaks,34.234448,-118.371649,,bus
bus_10760,Glenoaks / Cabrini,34.209015,-118.344213,,bus
bus_10761,Glenoaks / Shadyspring,34.211167,-118.345988,,bus
bus_10763,9585 Glenoaks,34.24332,-118.380834,,bus
bus_10764,Glenoaks / Arroyo,34.28532,-118.424206,,bus
bus_10765,Tampa / Business Center,34.23113,-118.553408,,bus
bus_10766,Glenoaks / Branford,34.255363,-118.393174,,bus
bus_10768,Glenoaks / Cohasset,34.206517,-118.341431,,bus
bus_10769,Glenoaks / Filmore,34.276688,-118.415045,,bus
bus_10770,Glenoaks / Griswold,34.288608,-118.427698,,bus
bus_10771,Glenoaks / Harding,34.293744,-118.433135,,bus
bus_10772,Glenoaks / Hollywood Way,34.213048,-118.348453,,bus
bus_10773,Glenoaks / Lanark,34.218397,-118.354668,,bus
bus_10775,Glenoaks / Montague,34.258799,-118.396205,,bus
bus_10777,Glenoaks / Brand,34.289964,-118.429122,,bus
bus_10778,Glenoaks / Maclay,34.291015,-118.430234,,bus
bus_10779,Glenoaks / Nettleton,34.22502,-118.361967,,bus
bus_10780,Glenoaks / Orange Grove,34.296764,-118.436336,,bus
bus_10781,Tampa / Business Center,34.230785,-118.553716,,bus
bus_10782,Glenoaks / Osborne,34.26431,-118.401755,,bus
bus_10784,Glenoaks / Pendleton,34.237491,-118.374247,,bus
bus_10785,Glenoaks / Penrose,34.231541,-118.367971,,bus
bus_10787,Glenoaks / Pierce,34.270733,-118.40875,,bus
bus_10788,Glenoaks / Roscoe North Jog,34.222466,-118.359462,,bus
bus_10790,Glenoaks / Sheldon,34.24643,-118.383704,,bus
bus_10791,Glenoaks / Sunland,34.230055,-118.366833,,bus
bus_10792,Glenoaks / Truesdale,34.24941,-118.386865,,bus
bus_10794,Glenoaks / Van Nuys,34.273715,-118.411903,,bus
bus_10795,Glenoaks / Vaughn,34.282345,-118.421045,,bus
bus_10796,Glenoaks / Vinedale,34.228831,-118.365649,,bus
bus_10801,Zelzah / Devonshire,34.2575,-118.52346,,bus
bus_10802,Grand / Pico,34.039169,-118.264358,,bus
bus_10809,Grand / Adams,34.02666,-118.272328,,bus
bus_10816,Green Valley / Bristol,33.983733,-118.391192,,bus
bus_10817,Green Valley / Buckingham,33.982327,-118.386489,,bus
bus_10820,Bristol Pkwy / Doverwood,33.981246,-118.392019,,bus
bus_10823,Greenleaf / Gateway,33.881138,-118.220681,,bus
bus_10825,Gridley / 187th,33.861796,-118.090756,,bus
bus_10826,3621 Griffin,34.087039,-118.208747,,bus
bus_10828,Griffin / Avenue 28,34.079392,-118.211977,,bus
bus_10829,Griffin / Avenue 31,34.081087,-118.211998,,bus
bus_10830,Griffin / Avenue 33,34.083238,-118.212083,,bus
bus_10831,Griffin / Avenue 35,34.085433,-118.211339,,bus
bus_10832,Griffin / Avenue 39,34.088585,-118.206462,,bus
bus_10833,Griffin / Avenue 41,34.090447,-118.205327,,bus
bus_10834,Griffin / Avenue 43,34.091814,-118.2043,,bus
bus_10838,Saint George / Griffith Park,34.108848,-118.275113,,bus
bus_10846,Harbor Transitway / Rosecrans,33.902028,-118.286828,,bus
bus_10848,Harbor Transitway / 37th St / USC,34.017818,-118.280305,,bus
bus_10853,Harbor Transitway / Manchester,33.959639,-118.281034,,bus
bus_10855,Harbor Transitway / Harbor Fwy Station,33.928729,-118.280821,,bus
bus_10861,Highland / Hollywood,34.101173,-118.338821,,bus
bus_10866,Harvey / Wilson,34.146326,-118.229996,,bus
bus_10868,Haskell / San Fernando Mission,34.272142,-118.475854,,bus
bus_10879,Hawthorn / Orange,34.10042,-118.341054,,bus
bus_10880,Hollywood / La Brea,34.101708,-118.345049,,bus
bus_10888,Hawthorne / Eddinghill,33.773057,-118.392491,,bus
bus_10890,Hawthorne / City Hall,33.745209,-118.40309,,bus
bus_10891,Hawthorne / Ridgegate,33.778881,-118.391212,,bus
bus_10894,Hawthorne / Los Verdes,33.755442,-118.396234,,bus
bus_10898,Hawthorne / 118th,33.927053,-118.352743,,bus
bus_10899,Hawthorne / 120th,33.92391,-118.352742,,bus
bus_10900,Hawthorne / 132nd,33.91289,-118.3529,,bus
bus_10901,Hawthorne / 135th,33.910074,-118.352885,,bus
bus_10902,Hawthorne / 138th,33.906219,-118.352889,,bus
bus_10903,Hawthorne / 147th,33.898,-118.35289,,bus
bus_10904,Hawthorne / 154th,33.890748,-118.35287,,bus
bus_10905,Hawthorne / 162nd,33.883777,-118.352847,,bus
bus_10906,Hawthorne / 166th,33.880378,-118.352856,,bus
bus_10907,Hawthorne / 169th,33.877803,-118.352855,,bus
bus_10908,Hawthorne / 171st,33.875418,-118.352848,,bus
bus_10909,Hawthorne / 179th,33.868236,-118.352742,,bus
bus_10910,Hawthorne / 182nd,33.865691,-118.352738,,bus
bus_10912,Hawthorne / 190th,33.857931,-118.353829,,bus
bus_10915,Hawthorne / Artesia,33.872283,-118.352842,,bus
bus_10919,Hawthorne / Hawkhurst,33.781714,-118.3695,,bus
bus_10920,Hawthorne / Broadway,33.920321,-118.352734,,bus
bus_10922,Allen Station,34.152002,-118.113305,,bus
bus_10923,Hawthorne / Carson,33.831211,-118.352698,,bus
bus_10927,Hawthorne / Crest,33.7608,-118.393799,,bus
bus_10928,Hawthorne / Del Amo,33.848324,-118.353883,,bus
bus_10930,Hawthorne / Verde Ridge,33.769005,-118.391403,,bus
bus_10931,Hawthorne / Dupre,33.752397,-118.395532,,bus
bus_10932,Hawthorne / El Segundo,33.916688,-118.352722,,bus
bus_10934,Hawthorne / Indian Peak,33.776829,-118.378063,,bus
bus_10935,Hawthorne / Indian Valley,33.765748,-118.390706,,bus
bus_10936,Hawthorne / Lomita,33.815649,-118.35127,,bus
bus_10938,Hawthorne / Manhattan Beach,33.887597,-118.352857,,bus
bus_10939,Hawthorne / Marine,33.894928,-118.352884,,bus
bus_10940,Hawthorne / Palos Verdes Dr North,33.787823,-118.358374,,bus
bus_10941,Hawthorne / Newton,33.799107,-118.351247,,bus
bus_10942,Hawthorne / Ocean Crest,33.762918,-118.392318,,bus
bus_10943,Hawthorne / Pacific Coast Highway,33.804768,-118.351264,,bus
bus_10945,Hawthorne / Rolling Hills,33.794431,-118.349253,,bus
bus_10946,Hawthorne / Rosecrans,33.901495,-118.352892,,bus
bus_10947,Hawthorne / Sepulveda,33.825268,-118.351531,,bus
bus_10948,Hawthorne / Silver Spur,33.776692,-118.375289,,bus
bus_10950,Hawthorne / Skypark,33.811456,-118.351282,,bus
bus_10953,Hawthorne / Torrance,33.837292,-118.353725,,bus
bus_10954,Hawthorne / Vallon,33.748613,-118.394041,,bus
bus_10956,Hayvenhurst / Valerio,34.204679,-118.494209,,bus
bus_10975,Highland / Odin,34.11066,-118.336474,,bus
bus_10977,Hilgard / Sunset,34.078001,-118.439296,,bus
bus_10979,Hilgard / Manning,34.066924,-118.439535,,bus
bus_10984,Hilgard / Westholme,34.069443,-118.438855,,bus
bus_10985,Hilgard / Westholme,34.069373,-118.439112,,bus
bus_10988,Hilgard / Wyton,34.074189,-118.43808,,bus
bus_10989,San Gabriel / Celito,34.047603,-118.090334,,bus
bus_10994,Harbor Transitway / Slauson,33.988866,-118.280733,,bus
bus_10995,Alvarado / Hollywood Fwy,34.072276,-118.266909,,bus
bus_10997,Holloway / Hancock,34.09053,-118.381622,,bus
bus_10998,Holloway / La Cienega,34.090546,-118.376489,,bus
bus_11010,Hollywood / Vine Station,34.100218,-118.325614,,bus
bus_11011,Hollywood / Bronson,34.101815,-118.318247,,bus
bus_11012,Hollywood / Cahuenga,34.101738,-118.329286,,bus
bus_11013,Hollywood / Curson,34.101795,-118.35486,,bus
bus_11014,Hollywood / Edgemont,34.101895,-118.296363,,bus
bus_11015,Hollywood / Fuller,34.10175,-118.348769,,bus
bus_11016,Hollywood / Gardner,34.10178,-118.352674,,bus
bus_11017,Hollywood / Gower,34.101785,-118.322198,,bus
bus_11018,Hollywood / Harvard,34.101879,-118.304846,,bus
bus_11022,Hollywood / La Brea,34.10146,-118.345385,,bus
bus_11023,Hollywood / Las Palmas,34.101703,-118.335962,,bus
bus_11027,Hollywood / Sycamore,34.101686,-118.343147,,bus
bus_11028,Hollywood / Western,34.101863,-118.309015,,bus
bus_11029,Hollywood / Wilcox,34.101729,-118.330865,,bus
bus_11030,Hollywood / Wilton,34.101835,-118.313464,,bus
bus_11031,Hollywood / Nichols Canyon,34.101831,-118.358375,,bus
bus_11034,Hollywood / Whitley,34.101714,-118.333158,,bus
bus_11036,Hollywood Way / Tulare,34.20275,-118.34893,,bus
bus_11037,Hollywood Way / Clark,34.16436,-118.345087,,bus
bus_11039,Hollywood Way / Magnolia,34.16758,-118.346984,,bus
bus_11043,Holmes / 66th,33.979342,-118.241258,,bus
bus_11044,Holmes / 68th,33.978141,-118.241251,,bus
bus_11046,Florence / Holmes,33.974861,-118.240896,,bus
bus_11047,Holmes / Gage,33.981749,-118.241265,,bus
bus_11061,Hoover / Plata,34.078595,-118.2843,,bus
bus_11062,Hubbard / Frank Modugno,34.291863,-118.447947,,bus
bus_11063,Hubbard / Bradley,34.294043,-118.445492,,bus
bus_11065,Hubbard / Glenoaks,34.299325,-118.439236,,bus
bus_11066,Hubbard / Herrick,34.296665,-118.442225,,bus
bus_11067,Huntington / El Sereno,34.08623,-118.17877,,bus
bus_11069,Huntington / Garfield,34.10645,-118.135681,,bus
bus_11072,Fremont / Huntington,34.103061,-118.152393,,bus
bus_11073,Huntington / Lifur,34.08988,-118.167463,,bus
bus_11074,Huntington / Methodist Hospital,34.134799,-118.042704,,bus
bus_11075,Huntington / Poplar,34.09109,-118.164273,,bus
bus_11079,Huntington / Cambridge,34.119594,-118.112885,,bus
bus_11081,Huntington / Court,34.105197,-118.137763,,bus
bus_11083,Huntington / El Campo,34.127844,-118.08852,,bus
bus_11084,Huntington / El Molino,34.109943,-118.130292,,bus
bus_11086,Huntington / Fletcher,34.104392,-118.142284,,bus
bus_11087,Huntington / Fremont,34.104171,-118.152729,,bus
bus_11090,Huntington / Granada,34.111165,-118.128374,,bus
bus_11092,Huntington / Kendall,34.098388,-118.155585,,bus
bus_11093,Huntington / La Presa,34.128924,-118.08493,,bus
bus_11094,Huntington / Madre,34.129804,-118.079693,,bus
bus_11095,Huntington / Maple,34.101576,-118.155396,,bus
bus_11096,Huntington / Marengo,34.103975,-118.146409,,bus
bus_11097,Huntington / Maycrest,34.093046,-118.161509,,bus
bus_11101,Huntington / San Gabriel,34.127048,-118.091388,,bus
bus_11104,Huntington / Primrose,34.10436,-118.148867,,bus
bus_11105,Huntington / Pueblo,34.087849,-118.174824,,bus
bus_11106,Huntington / Rosemead,34.130608,-118.073459,,bus
bus_11108,Huntington / San Marino,34.121911,-118.106752,,bus
bus_11109,Huntington / Saint Albans,34.115915,-118.121252,,bus
bus_11112,Huntington / Tampico,34.088745,-118.172702,,bus
bus_11113,Huntington / Topaz,34.083175,-118.190907,,bus
bus_11114,Huntington / Van Horne,34.089428,-118.170559,,bus
bus_11115,Huntington / Virginia,34.11777,-118.118013,,bus
bus_11117,Huntington / Winston,34.124122,-118.100821,,bus
bus_11120,Huntington / Esmeralda,34.081443,-118.192425,,bus
bus_11126,Huntington / Edloft,34.08505,-118.186704,,bus
bus_11128,8th / Hyde Park,33.980326,-118.326368,,bus
bus_11130,Hyde Park / West,33.980698,-118.335008,,bus
bus_11138,Imperial / Hawthorne,33.930815,-118.352824,,bus
bus_11139,Hawthorne / Imperial,33.930669,-118.352745,,bus
bus_11141,Imperial / Amery,33.92957,-118.164284,,bus
bus_11142,Atlantic / Imperial,33.930518,-118.183759,,bus
bus_11143,Imperial / California,33.93081,-118.208519,,bus
bus_11145,Imperial / Fairford,33.917236,-118.094662,,bus
bus_11146,Imperial / Fernwood,33.930456,-118.220643,,bus
bus_11148,Imperial / Garfield,33.93004,-118.168449,,bus
bus_11150,Imperial / Hughes,33.931026,-118.392239,,bus
bus_11152,Imperial / Jersey,33.917229,-118.085997,,bus
bus_11153,Martin Luther King Jr / Imperial,33.931696,-118.203023,,bus
bus_11155,Imperial / Lakewood,33.917153,-118.137919,,bus
bus_11156,Imperial / Long Beach,33.930543,-118.211931,,bus
bus_11157,Imperial / Old River School,33.929074,-118.161785,,bus
bus_11158,Imperial / Pioneer,33.91724,-118.082108,,bus
bus_11159,Imperial / Ruchti,33.930197,-118.170219,,bus
bus_11160,Imperial / Alameda,33.930107,-118.225049,,bus
bus_11161,Imperial / La Cienega,33.931059,-118.37036,,bus
bus_11165,Imperial / State,33.930579,-118.216618,,bus
bus_11167,Imperial / Wright,33.931049,-118.181142,,bus
bus_11177,Indiana / 3rd,34.033027,-118.192486,,bus
bus_11178,Indiana / Hubbard,34.026445,-118.192431,,bus
bus_11183,Rosecrans / Inglewood,33.901716,-118.360947,,bus
bus_11184,Inglewood / Rosecrans,33.902108,-118.361133,,bus
bus_11185,Irolo / San Marino,34.054203,-118.300896,,bus
bus_11186,Irolo / James M Wood,34.056046,-118.300991,,bus
bus_11188,Irolo / 8th,34.057879,-118.301001,,bus
bus_11189,Jefferson / Central,34.011842,-118.256732,,bus
bus_11190,Jefferson / Maple,34.017245,-118.269189,,bus
bus_11191,Jefferson / Royal,34.023027,-118.282134,,bus
bus_11192,Jefferson / Beethoven,33.976119,-118.421369,,bus
bus_11193,Jefferson / Centinela,33.981486,-118.40905,,bus
bus_11194,Jefferson / McConnell,33.977035,-118.41856,,bus
bus_11195,Jefferson / Mesmer,33.986312,-118.401592,,bus
bus_11197,Jefferson / Westlawn,33.97942,-118.41375,,bus
bus_11198,Jefferson / La Brea,34.025659,-118.355171,,bus
bus_11206,Eastern / Gambier,34.080757,-118.178148,,bus
bus_11207,Eastern / Lombardy,34.077998,-118.178274,,bus
bus_11208,Eastern / Klamath,34.074486,-118.180367,,bus
bus_11211,Kanan / Canwood,34.148675,-118.760327,,bus
bus_11212,Kanan / Hillrise,34.150321,-118.759046,,bus
bus_11213,Roadside / Kanan,34.145129,-118.761075,,bus
bus_11215,Eastern / Norelle,34.072952,-118.180502,,bus
bus_11216,Olive View Medical Center,34.326157,-118.446979,,bus
bus_11218,Eastern / Druid,34.069644,-118.180571,,bus
bus_11220,Magnolia / Kester,34.164738,-118.457101,,bus
bus_11221,Oxnard / Kester,34.179302,-118.457101,,bus
bus_11224,Martin Luther King Jr / Arlington,34.010686,-118.318462,,bus
bus_11227,Martin Luther King Jr / Budlong,34.010992,-118.295514,,bus
bus_11229,Martin Luther King Jr / California,33.936161,-118.208091,,bus
bus_11230,Martin Luther King Jr / Coliseum,34.017458,-118.34618,,bus
bus_11231,Martin Luther King Jr / Degnan,34.011048,-118.331144,,bus
bus_11232,Martin Luther King Jr / Denker,34.010986,-118.304373,,bus
bus_11234,Martin Luther King Jr / Figueroa,34.011273,-118.282458,,bus
bus_11235,Coldwater Canyon / Elkwood,34.212319,-118.414262,,bus
bus_11236,Martin Luther King Jr / Gramercy,34.010972,-118.314134,,bus
bus_11239,Martin Luther King Jr / Hillcrest,34.016276,-118.344301,,bus
bus_11240,Martin Luther King Jr / Hoover,34.011193,-118.287565,,bus
bus_11241,Martin Luther King Jr / Nicolet,34.019441,-118.349297,,bus
bus_11242,Martin Luther King Jr / Normandie,34.010987,-118.300994,,bus
bus_11243,Imperial / Martin Luther King Jr,33.931385,-118.203322,,bus
bus_11244,Martin Luther King Jr / Roxton,34.010913,-118.321178,,bus
bus_11247,Vermont / Martin Luther King Jr,34.011137,-118.291386,,bus
bus_11248,Martin Luther King Jr / Western,34.011004,-118.309415,,bus
bus_11249,Coldwater Canyon / Strathern,34.216097,-118.414265,,bus
bus_11250,Martin Luther King Jr / Westside,34.011024,-118.326778,,bus
bus_11252,Van Nuys / Chase,34.224515,-118.448605,,bus
bus_11253,Martin Luther King Jr / Sutro,34.011005,-118.323478,,bus
bus_11254,Martin Luther King Jr / Brenton,33.933833,-118.205181,,bus
bus_11255,Martin Luther King Jr / Figueroa,34.011011,-118.283146,,bus
bus_11256,Martin Luther King Jr / Vermont,34.01102,-118.292016,,bus
bus_11257,Western / Martin Luther King Jr,34.011024,-118.309056,,bus
bus_11260,La Brea / Don Lorenzo,34.000578,-118.359024,,bus
bus_11261,La Brea / Arbor Vitae,33.952855,-118.352789,,bus
bus_11262,La Cienega SB On-Ramp / Slauson,33.987542,-118.37088,,bus
bus_11267,La Loma / Colorado Layover,34.137223,-118.189107,,bus
bus_11268,La Palma / Tamarack,33.846952,-117.981613,,bus
bus_11269,La Palma / Dale,33.846911,-117.984692,,bus
bus_11270,North Entry Buena Park Mall,33.84686,-117.990403,,bus
bus_11272,La Palma / Woodland,33.846963,-117.979535,,bus
bus_11273,La Tijera / 78th,33.96873,-118.38168,,bus
bus_11274,La Tijera / Airport,33.965241,-118.385595,,bus
bus_11275,La Tijera / Alvern,33.975249,-118.374345,,bus
bus_11276,La Tijera / Centinela,33.976978,-118.372446,,bus
bus_11277,La Tijera / Thornburn,33.973294,-118.376539,,bus
bus_11278,La Tijera / 59th,33.985736,-118.364901,,bus
bus_11279,La Tijera / 62nd,33.983761,-118.366443,,bus
bus_11280,La Tijera / 64th,33.981876,-118.367286,,bus
bus_11281,La Tijera / 74th,33.970498,-118.379689,,bus
bus_11282,La Tijera / 83rd,33.963041,-118.388068,,bus
bus_11283,Slauson / La Tijera,33.987452,-118.364378,,bus
bus_11285,1925 Marianna,34.064103,-118.179373,,bus
bus_11287,Marianna / Worth,34.06265,-118.179258,,bus
bus_11288,Eastern / Lansdowne,34.061206,-118.17629,,bus
bus_11290,Lake / Washington,34.168759,-118.132416,,bus
bus_11291,Lakeview Canyon / Lake Harbor Lane,34.143424,-118.82084,,bus
bus_11292,Eastern / Lotta,34.053649,-118.172989,,bus
bus_11293,Lakewood / Firestone,33.935829,-118.124001,,bus
bus_11294,Lakewood Blvd Station,33.91308,-118.140891,,bus
bus_11296,Lankershim / Cantara,34.219443,-118.38793,,bus
bus_11297,Eastern / Sheriff,34.051484,-118.174527,,bus
bus_11298,Lankershim / Aqua Vista,34.144798,-118.362615,,bus
bus_11300,Lankershim / Burbank,34.171984,-118.378684,,bus
bus_11301,Lankershim / Califa,34.177537,-118.382049,,bus
bus_11302,Eastern / Marianna,34.047298,-118.175333,,bus
bus_11304,Lankershim / Oxnard,34.179677,-118.383342,,bus
bus_11305,Lankershim / Hart,34.197758,-118.387598,,bus
bus_11306,Lankershim / Hatteras,34.175727,-118.380943,,bus
bus_11307,Lankershim / Hesby,34.161802,-118.372553,,bus
bus_11309,Lankershim / Kittridge,34.190193,-118.387589,,bus
bus_11310,Lankershim / Kling,34.155516,-118.368766,,bus
bus_11313,Lankershim / Moorpark,34.150699,-118.365836,,bus
bus_11314,Lankershim / Neenach,34.230652,-118.387929,,bus
bus_11315,Oxnard / Lankershim,34.179535,-118.383698,,bus
bus_11316,Lankershim / Pendleton,34.228416,-118.387608,,bus
bus_11317,Lankershim / Riverside,34.152501,-118.366942,,bus
bus_11318,Lankershim / Runnymede,34.205622,-118.387625,,bus
bus_11320,San Fernando / Lankershim,34.23328,-118.387581,,bus
bus_11321,Lankershim / Saticoy,34.208337,-118.387627,,bus
bus_11322,Lankershim / Sherman Way,34.201077,-118.387627,,bus
bus_11323,Lankershim / Stagg,34.211829,-118.387931,,bus
bus_11324,Lankershim / Strathern,34.215459,-118.387948,,bus
bus_11326,Tuxford / Lankershim,34.222438,-118.388123,,bus
bus_11328,Lankershim / Vanowen,34.194221,-118.387592,,bus
bus_11329,Lankershim / Victory,34.186962,-118.387598,,bus
bus_11330,Lankershim / Vineland,34.158352,-118.370494,,bus
bus_11331,Lankershim / Whipple,34.148379,-118.364428,,bus
bus_11333,Las Tunas / Baldwin,34.107905,-118.052683,,bus
bus_11334,Las Tunas / Bradford,34.107679,-118.048306,,bus
bus_11335,Lankershim / Tuxford,34.222109,-118.387926,,bus
bus_11336,Las Tunas / El Monte,34.10782,-118.038451,,bus
bus_11337,Las Tunas / Golden West,34.107359,-118.056766,,bus
bus_11338,Las Tunas / Holly,34.107715,-118.045653,,bus
bus_11339,Las Tunas / Loma,34.105583,-118.069231,,bus
bus_11340,Las Tunas / Oak,34.106239,-118.065017,,bus
bus_11341,Las Tunas / Rosemead,34.103687,-118.073821,,bus
bus_11343,Las Tunas / Temple City,34.106849,-118.060686,,bus
bus_11344,Las Tunas / Warren,34.107785,-118.042419,,bus
bus_11345,Las Virgenes / Ventura Fwy Off-Ramp,34.145338,-118.698201,,bus
bus_11349,Lassen / Canoga,34.25008,-118.597618,,bus
bus_11351,Lassen / De Soto,34.250088,-118.588882,,bus
bus_11369,Tampa / Lassen,34.250293,-118.553432,,bus
bus_11373,Lassen / Variel,34.250085,-118.59275,,bus
bus_11378,Woodley / Lassen,34.249883,-118.485039,,bus
bus_11381,Zelzah / Lassen,34.250539,-118.523479,,bus
bus_11382,Laurel Canyon / Addison,34.16112,-118.396304,,bus
bus_11383,Laurel Canyon / Brand,34.274778,-118.448935,,bus
bus_11384,Laurel Canyon / Branford,34.240898,-118.412962,,bus
bus_11385,Laurel Canyon / Burbank,34.172438,-118.396321,,bus
bus_11386,Laurel Canyon / Cantara,34.219251,-118.396355,,bus
bus_11387,Laurel Canyon / Chamberlain,34.269737,-118.443562,,bus
bus_11388,Laurel Canyon / G Line,34.168957,-118.396321,,bus
bus_11389,Laurel Canyon / Emelita,34.176197,-118.396319,,bus
bus_11390,Laurel Canyon / Erwin,34.182894,-118.396311,,bus
bus_11391,Laurel Canyon / Filmore,34.261738,-118.435044,,bus
bus_11392,Laurel Canyon / Fox,34.271718,-118.445675,,bus
bus_11393,Laurel Canyon / Hart,34.197867,-118.396316,,bus
bus_11394,Laurel Canyon / Kagel Canyon,34.249829,-118.42243,,bus
bus_11395,Laurel Canyon / Kittridge,34.190593,-118.396318,,bus
bus_11397,Laurel Canyon / Montague,34.243891,-118.41613,,bus
bus_11398,Laurel Canyon / Moorpark,34.15065,-118.396317,,bus
bus_11399,Laurel Canyon / Osborne,34.247166,-118.419601,,bus
bus_11400,Laurel Canyon / Oxnard,34.179294,-118.396314,,bus
bus_11402,Laurel Canyon / Peoria,34.226326,-118.397503,,bus
bus_11403,Laurel Canyon / Pierce,34.255781,-118.428748,,bus
bus_11404,Laurel Canyon / Riverside,34.157443,-118.396329,,bus
bus_11405,Laurel Canyon / Runnymede,34.206031,-118.396348,,bus
bus_11406,Laurel Canyon / San Fernando Mission,34.277262,-118.451947,,bus
bus_11407,Laurel Canyon / Saticoy,34.208754,-118.396351,,bus
bus_11408,Laurel Canyon / Sheldon,34.232282,-118.403831,,bus
bus_11409,Laurel Canyon / Sherman Way,34.200472,-118.396325,,bus
bus_11410,Laurel Canyon / Stagg,34.211975,-118.39635,,bus
bus_11411,Laurel Canyon / Strathern,34.215616,-118.396351,,bus
bus_11412,Laurel Canyon / Terra Bella,34.253112,-118.425915,,bus
bus_11413,Laurel Canyon / Valleyheart,34.146663,-118.396252,,bus
bus_11414,Laurel Canyon / Van Nuys,34.259072,-118.432237,,bus
bus_11415,Laurel Canyon / Vanowen,34.194226,-118.396315,,bus
bus_11416,Laurel Canyon / Ventura,34.143877,-118.395224,,bus
bus_11417,Laurel Canyon / Ventura Freeway,34.154209,-118.396317,,bus
bus_11418,Laurel Canyon / Wicks,34.229012,-118.400321,,bus
bus_11426,Le Conte / Broxton,34.063594,-118.446732,,bus
bus_11427,Le Conte / Gayley,34.063718,-118.448046,,bus
bus_11429,Le Conte / Tiverton,34.063793,-118.442754,,bus
bus_11433,Le Conte / Westwood,34.063765,-118.445105,,bus
bus_11434,Rancho Los Amigos,33.927959,-118.156571,,bus
bus_11437,Leffingwell / Arroyo,33.926073,-118.015508,,bus
bus_11438,Leffingwell / Kibbee,33.930441,-117.996844,,bus
bus_11439,Leffingwell / La Mirada,33.92689,-118.012215,,bus
bus_11440,Leffingwell / Scott,33.929567,-118.000516,,bus
bus_11441,Leffingwell / Stamy,33.928369,-118.005837,,bus
bus_11442,Leffingwell / Telegraph,33.924415,-118.023073,,bus
bus_11443,Leffingwell / Toerge,33.927599,-118.008942,,bus
bus_11445,Leimert / Stocker,34.008024,-118.326601,,bus
bus_11446,Leimert / Sutro,34.010561,-118.323355,,bus
bus_11449,Prairie / Lennox,33.938356,-118.344057,,bus
bus_11451,Leonis / Alcoa,34.000136,-118.208336,,bus
bus_11452,Leonis / Pacific,33.999919,-118.224914,,bus
bus_11453,Leonis / Boyle,34.000059,-118.21271,,bus
bus_11454,Leonis / Downey,34.000183,-118.204924,,bus
bus_11455,Leonis / Soto,33.999951,-118.21981,,bus
bus_11458,Lincoln / Idaho,34.176799,-118.159474,,bus
bus_11459,Lincoln / Idaho,34.177074,-118.159779,,bus
bus_11462,Lincoln / Altadena,34.198008,-118.159137,,bus
bus_11464,Lincoln / Harriet,34.193185,-118.158927,,bus
bus_11465,Lincoln / Howard,34.173254,-118.159745,,bus
bus_11466,Lincoln / Mariposa,34.195985,-118.159031,,bus
bus_11467,Lincoln / Woodbury,34.182674,-118.159826,,bus
bus_11468,Lincoln / Washington,34.170086,-118.159405,,bus
bus_11472,Lincoln Park / Flora,34.080212,-118.203027,,bus
bus_11473,Lincoln Park / Pomona,34.078808,-118.202964,,bus
bus_11475,Lindero Canyon / Agoura,34.145933,-118.806121,,bus
bus_11476,Lindero Canyon / Baronsgate,34.14387,-118.80884,,bus
bus_11478,Lindero Canyon / Middlegate,34.140738,-118.815317,,bus
bus_11479,Lindero Canyon / Rustic Oak,34.142077,-118.811976,,bus
bus_11481,Lindley / Chase,34.224478,-118.527229,,bus
bus_11482,Lindley / Nordhoff,34.235235,-118.527466,,bus
bus_11483,Lindley / Parthenia,34.228523,-118.527222,,bus
bus_11484,Lindley / Rayen,34.231733,-118.527222,,bus
bus_11487,Locust / Grace,33.966596,-118.350531,,bus
bus_11489,Long Beach / Martin Luther King Jr,33.937036,-118.213717,,bus
bus_11490,Long Beach / Marcelle,33.88623,-118.206458,,bus
bus_11491,Long Beach Memorial Hospital,33.807093,-118.189492,,bus
bus_11493,Lynwood Station,33.925273,-118.210154,,bus
bus_11494,Lynwood Station Lo,33.924448,-118.209741,,bus
bus_11496,Long Beach / Burton,33.915986,-118.209435,,bus
bus_11497,Long Beach / Cass,33.961698,-118.224161,,bus
bus_11498,Long Beach / Cedar,33.917803,-118.209558,,bus
bus_11499,Long Beach / 8th,33.776094,-118.189536,,bus
bus_11501,Long Beach / Euclid,33.912401,-118.209189,,bus
bus_11504,Long Beach / Firestone,33.955934,-118.220614,,bus
bus_11507,Long Beach / Imperial,33.930189,-118.211643,,bus
bus_11510,Long Beach / Independence,33.959398,-118.222737,,bus
bus_11511,Long Beach / Josephine,33.921396,-118.209795,,bus
bus_11512,Long Beach / Kansas,33.948779,-118.217374,,bus
bus_11513,Long Beach / Michigan,33.94238,-118.215363,,bus
bus_11514,Long Beach / Norton,33.932977,-118.212461,,bus
bus_11515,Long Beach / Sanborn,33.928582,-118.211134,,bus
bus_11517,Long Beach / Palm,33.964323,-118.225336,,bus
bus_11518,Long Beach / Southern,33.952536,-118.218555,,bus
bus_11519,Long Beach / State,33.940123,-118.214668,,bus
bus_11520,Long Beach / Tweedy,33.945544,-118.21636,,bus
bus_11534,Los Feliz / Arbolada,34.115111,-118.274794,,bus
bus_11536,Los Feliz / Glenfeliz,34.123715,-118.268392,,bus
bus_11537,Los Feliz / Griffith Park,34.114076,-118.276835,,bus
bus_11538,Los Feliz / Hillhurst,34.112065,-118.287232,,bus
bus_11540,Los Feliz / Commonwealth,34.112449,-118.285139,,bus
bus_11541,Los Feliz / Revere,34.126031,-118.263982,,bus
bus_11542,Los Feliz / Wayne,34.113245,-118.280754,,bus
bus_11543,Los Robles / Maple,34.15211,-118.141598,,bus
bus_11555,Lower Azusa / Arden,34.091724,-118.042652,,bus
bus_11556,Lower Azusa / Birchland,34.0912,-118.046245,,bus
bus_11557,Lower Azusa / Daleview,34.092818,-118.03245,,bus
bus_11558,Lower Azusa / El Monte,34.09282,-118.035221,,bus
bus_11559,Lower Azusa / Halifax,34.092145,-118.039788,,bus
bus_11560,Lower Azusa / Santa Anita,34.092289,-118.027023,,bus
bus_11562,Venice / Loyola High,34.044338,-118.296523,,bus
bus_11567,Magnolia / Laurel Canyon,34.164773,-118.396714,,bus
bus_11568,Magnolia / Tujunga,34.16478,-118.379111,,bus
bus_11580,Van Nuys / Magnolia,34.164621,-118.448763,,bus
bus_11581,Magnolia / Vineland,34.164808,-118.370021,,bus
bus_11586,Firestone / Maie,33.960023,-118.244566,,bus
bus_11588,Main / 131st,33.913167,-118.274105,,bus
bus_11590,Main / Brooks,33.992279,-118.47393,,bus
bus_11599,Main / Grand,33.98795,-118.470752,,bus
bus_11600,Main / Martin Luther King Jr,34.010947,-118.273851,,bus
bus_11602,Main / Ocean Park,34.002492,-118.483916,,bus
bus_11604,Main / Sunset,33.994622,-118.476289,,bus
bus_11606,Main / Venice,34.033801,-118.262598,,bus
bus_11612,Malibu Canyon / Civic Center,34.038433,-118.702805,,bus
bus_11613,Malibu Canyon / Pacific Coast Highway,34.034994,-118.703535,,bus
bus_11616,Manchester / Crenshaw Drive,33.960114,-118.331981,,bus
bus_11617,Manchester / Kareem,33.960107,-118.34061,,bus
bus_11621,Manchester / West,33.960113,-118.335457,,bus
bus_11622,Manchester / Tuscany,33.958076,-118.439241,,bus
bus_11626,Manchester / Crenshaw,33.960121,-118.326266,,bus
bus_11643,Maple / 30th,34.020169,-118.267413,,bus
bus_11644,Maple / 38th,34.013037,-118.272003,,bus
bus_11646,Maple / Adams,34.023265,-118.26544,,bus
bus_11647,Maple / Jefferson,34.017043,-118.26941,,bus
bus_11653,Marengo / Cornwell,34.055407,-118.204934,,bus
bus_11654,Marengo / Brittania,34.056736,-118.207312,,bus
bus_11663,Marlton / Santa Rosalia,34.010549,-118.339496,,bus
bus_11670,Rosemead / Marshall,34.075942,-118.072886,,bus
bus_11676,Mason / Lassen,34.249713,-118.579935,,bus
bus_11677,Mason / Mayall,34.253766,-118.579926,,bus
bus_11679,Mason / Superior,34.246493,-118.579922,,bus
bus_11681,UCLA West Valley Med Cntr,34.202511,-118.62956,,bus
bus_11683,Mednik / 1st,34.037281,-118.161971,,bus
bus_11684,Mednik / 3rd,34.032994,-118.16253,,bus
bus_11685,Mednik / Fisher,34.042859,-118.162018,,bus
bus_11686,Mednik / Floral,34.043824,-118.16204,,bus
bus_11687,Cesar E Chavez / Mednik,34.040474,-118.162201,,bus
bus_11688,Melrose / Alexandria,34.083701,-118.297617,,bus
bus_11689,Melrose / Alexandria,34.083446,-118.29755,,bus
bus_11691,Melrose / Vine,34.083617,-118.326943,,bus
bus_11694,Melrose / Huntley,34.082114,-118.38054,,bus
bus_11697,Melrose / Crescent Heights,34.083893,-118.365719,,bus
bus_11698,Melrose / Edgemont,34.083711,-118.295863,,bus
bus_11699,Melrose / Fairfax,34.083955,-118.361773,,bus
bus_11700,Melrose / Gardner,34.083774,-118.353053,,bus
bus_11701,Melrose / Harper,34.083842,-118.368903,,bus
bus_11702,Melrose / Harvard,34.083677,-118.30409,,bus
bus_11703,Melrose / Highland,34.083595,-118.338905,,bus
bus_11704,Melrose / June,34.083622,-118.334014,,bus
bus_11705,Melrose / La Brea,34.083578,-118.343881,,bus
bus_11706,Melrose / La Cienega,34.082081,-118.376851,,bus
bus_11707,Melrose / Larchmont,34.083623,-118.323498,,bus
bus_11710,Melrose / Martel,34.083738,-118.351435,,bus
bus_11711,Melrose / Normandie,34.083694,-118.300282,,bus
bus_11712,Melrose / Ogden,34.083922,-118.359778,,bus
bus_11714,Melrose / Orlando,34.083714,-118.373067,,bus
bus_11715,Melrose / Poinsettia,34.083675,-118.348476,,bus
bus_11716,San Vicente / Melrose,34.081682,-118.383173,,bus
bus_11717,Melrose / Spaulding,34.083864,-118.357195,,bus
bus_11718,Melrose / Van Ness,34.083663,-118.315969,,bus
bus_11719,Melrose / Vermont,34.083728,-118.292234,,bus
bus_11721,Melrose / Western,34.083652,-118.309463,,bus
bus_11722,Melrose / Wilton,34.083645,-118.313346,,bus
bus_11723,Melrose / Windsor,34.08364,-118.31937,,bus
bus_11724,Melrose / Wilcox,34.083601,-118.330803,,bus
bus_11725,Mercury / Sardonyx,34.085796,-118.192971,,bus
bus_11727,Mercury / McKenzie,34.086022,-118.190517,,bus
bus_11728,Mercury / Reynolds,34.085195,-118.195486,,bus
bus_11730,Mesmer / Major,33.98496,-118.399837,,bus
bus_11737,Mindanao / Marina,33.982511,-118.438221,,bus
bus_11740,Mindanao / Alla,33.987979,-118.433628,,bus
bus_11741,Mindanao / Glencoe,33.9853,-118.437493,,bus
bus_11742,Mindanao / Lincoln,33.980727,-118.438993,,bus
bus_11744,Mission / Daly,34.060479,-118.214785,,bus
bus_11746,Fair Oaks / Mission,34.115577,-118.150486,,bus
bus_11757,Mission / Valley,34.065738,-118.20696,,bus
bus_11759,Mission / Workman,34.060994,-118.213651,,bus
bus_11760,Mission / Fremont,34.115926,-118.152889,,bus
bus_11762,Mission / Grand,34.115833,-118.162899,,bus
bus_11763,Mission / Meridian,34.115886,-118.158046,,bus
bus_11764,Mission / Orange Grove,34.11586,-118.160901,,bus
bus_11766,Mona / 119th,33.924897,-118.229225,,bus
bus_11768,Montana / Bentley,34.069155,-118.459421,,bus
bus_11769,Montana / Sepulveda,34.067461,-118.461122,,bus
bus_11785,The Shops At Montebello - Macys,34.036681,-118.080862,,bus
bus_11788,The Shops At Montebello - JCPenney,34.036974,-118.086464,,bus
bus_11794,Montrose / Rosemont,34.21303,-118.235417,,bus
bus_11795,Montrose / Florencita,34.211189,-118.232359,,bus
bus_11796,Montrose / La Crescenta,34.21575,-118.239771,,bus
bus_11797,Montrose / Ocean View,34.209148,-118.227713,,bus
bus_11798,Montrose / Pennsylvania,34.221143,-118.24849,,bus
bus_11799,Montrose / Ramsdell,34.218694,-118.244517,,bus
bus_11800,Moorpark / Van Nuys,34.151713,-118.446816,,bus
bus_11803,Avenue San Luis / Mulholland,34.158782,-118.6361,,bus
bus_11804,Mulholland / Flamingo,34.150028,-118.618089,,bus
bus_11805,Mulholland / Deseret,34.152615,-118.630017,,bus
bus_11807,Mulholland / Mulholland,34.148958,-118.611646,,bus
bus_11809,Mulholland / Willens,34.15141,-118.626111,,bus
bus_11811,1st / Cypress,34.18346,-118.315143,,bus
bus_11812,1st / Magnolia,34.181575,-118.312672,,bus
bus_11813,1st / Olive,34.179478,-118.309811,,bus
bus_11814,1st / Orange Grove,34.180283,-118.310915,,bus
bus_11817,Alameda / Los Angeles,34.056465,-118.237539,,bus
bus_11818,Allen / Asbury,34.166324,-118.113222,,bus
bus_11820,Allen / Brigden,34.165233,-118.113241,,bus
bus_11821,Allen / Corson,34.15159,-118.113305,,bus
bus_11822,Allen / Mountain,34.161526,-118.113282,,bus
bus_11823,Allen / Orange Grove,34.157622,-118.113326,,bus
bus_11824,Allen / Villa,34.154085,-118.113312,,bus
bus_11825,Allen / Walnut,34.14929,-118.113315,,bus
bus_11826,Allen / Elizabeth,34.17306,-118.112924,,bus
bus_11827,Allen / Las Lunas,34.156286,-118.113321,,bus
bus_11828,Allen / Loma Vista,34.160152,-118.1133,,bus
bus_11831,Allen / Oakwood,34.17514,-118.112659,,bus
bus_11832,Allen / Whitefield,34.164654,-118.113247,,bus
bus_11846,Alvarado / Kent,34.074348,-118.265638,,bus
bus_11847,Alvarado / Montana,34.080343,-118.261972,,bus
bus_11848,Alvarado / Temple,34.070479,-118.268069,,bus
bus_11849,Alvarado / Sunset,34.077859,-118.263496,,bus
bus_11853,Atlantic / Spruce,34.102227,-118.134831,,bus
bus_11854,Atlantic / Alhambra,34.0989,-118.134819,,bus
bus_11855,Atlantic / Emerson,34.065843,-118.134449,,bus
bus_11856,Atlantic / Hellman,34.069476,-118.134544,,bus
bus_11858,Atlantic / Woodward,34.094767,-118.1348,,bus
bus_11859,Avalon / 246th,33.802506,-118.264109,,bus
bus_11860,Avalon / Lomita,33.79889,-118.264055,,bus
bus_11862,Avalon / Pacific Coast Highway,33.791352,-118.263469,,bus
bus_11868,Avalon / L,33.786835,-118.263125,,bus
bus_11869,Avalon / M,33.788558,-118.263256,,bus
bus_11870,Avalon / Opp,33.78303,-118.262831,,bus
bus_11871,Avalon / Sandison,33.793445,-118.263633,,bus
bus_11877,Baldwin / Colorado,34.148154,-118.050091,,bus
bus_11891,Brand / California,34.149632,-118.255162,,bus
bus_11893,Brand / California,34.150182,-118.254856,,bus
bus_11894,Brand / Doran,34.154399,-118.255206,,bus
bus_11896,Brand / Lexington,34.15147,-118.255178,,bus
bus_11899,Broadway / Alpine,34.062506,-118.238371,,bus
bus_11900,Broadway / Arcadia,34.056942,-118.242212,,bus
bus_11901,Broadway / Bernard,34.066943,-118.235908,,bus
bus_11902,Broadway / Bishops,34.06902,-118.233272,,bus
bus_11903,Broadway / Cesar E Chavez,34.058276,-118.240235,,bus
bus_11905,Broadway / Daly,34.073766,-118.215388,,bus
bus_11906,Broadway / Eastlake,34.073881,-118.207621,,bus
bus_11908,Broadway / Griffin,34.073852,-118.212129,,bus
bus_11909,Broadway / Ord,34.06052,-118.239379,,bus
bus_11911,Broadway / Avenue 18,34.071792,-118.222393,,bus
bus_11912,Broadway / Avenue 20,34.072807,-118.220054,,bus
bus_11914,Broadway / Solano,34.071333,-118.229758,,bus
bus_11915,Broadway / Thomas,34.073913,-118.205062,,bus
bus_11917,Spring / 1st - City Hall,34.053887,-118.243464,,bus
bus_11918,Broadway / College,34.064184,-118.237541,,bus
bus_11922,Cahuenga / Iris,34.110406,-118.331967,,bus
bus_11929,Central / 131st,33.91302,-118.254547,,bus
bus_11930,Central / 139th,33.905941,-118.254658,,bus
bus_11932,Central / El Segundo,33.916043,-118.254556,,bus
bus_11934,Central / Rosecrans,33.903008,-118.253765,,bus
bus_11935,Central / Piru,33.908983,-118.254647,,bus
bus_11936,Central / Broadway,34.146567,-118.258038,,bus
bus_11943,Eastern / Converse,34.082925,-118.178156,,bus
bus_11944,Eastern / Huntington,34.085772,-118.178172,,bus
bus_11946,Eastern / Ramona,34.059219,-118.172892,,bus
bus_11956,Fair Oaks / Colorado,34.146054,-118.150303,,bus
bus_11958,Fair Oaks / Villa,34.154256,-118.150688,,bus
bus_11959,Fair Oaks / Walnut,34.149359,-118.150683,,bus
bus_11962,Fair Oaks / Orange Grove,34.157529,-118.150724,,bus
bus_11963,Fair Oaks / Altadena,34.19434,-118.147603,,bus
bus_11967,Fair Oaks / Howard,34.172337,-118.150847,,bus
bus_11968,Fair Oaks / Las Flores,34.199429,-118.145227,,bus
bus_11971,Fair Oaks / Montana,34.18066,-118.150928,,bus
bus_11972,Fair Oaks / Mountain,34.161177,-118.150761,,bus
bus_11973,Fair Oaks / Mountain View,34.186694,-118.150988,,bus
bus_11975,Fair Oaks / Tremont,34.17775,-118.150899,,bus
bus_11979,Fair Oaks / Woodbury,34.182963,-118.150952,,bus
bus_11981,Fairfax / Beverly,34.076245,-118.361575,,bus
bus_11982,Fairfax / Fountain,34.094202,-118.361702,,bus
bus_11984,Fairfax / Melrose,34.083557,-118.361593,,bus
bus_11985,Fairfax / Oakwood,34.077943,-118.361579,,bus
bus_11986,Fairfax / Rosewood,34.079908,-118.36159,,bus
bus_11987,Santa Monica / Fairfax,34.090956,-118.3618,,bus
bus_11988,Fairfax / Santa Monica,34.090558,-118.36162,,bus
bus_11989,Sunset / Fairfax,34.09818,-118.361868,,bus
bus_11991,Fairfax / 1st,34.074107,-118.361565,,bus
bus_11992,Fairfax / Sunset,34.097779,-118.361687,,bus
bus_11993,Figueroa / Avenue 60,34.111605,-118.189013,,bus
bus_11994,Figueroa / Amabel,34.088665,-118.215551,,bus
bus_11995,Figueroa / Annan,34.129349,-118.188134,,bus
bus_11996,Figueroa / Buena Vista,34.131774,-118.189254,,bus
bus_11997,Figueroa / Burwood,34.12663,-118.186886,,bus
bus_11998,Figueroa / Colorado,34.137686,-118.187882,,bus
bus_11999,Figueroa / La Loma,34.136477,-118.188342,,bus
bus_12000,Figueroa / Cypress,34.086658,-118.218961,,bus
bus_12002,Exposition / Watt,34.018024,-118.28846,,bus
bus_12003,Figueroa / Pasadena,34.090732,-118.211795,,bus
bus_12004,Figueroa / Meridian,34.120293,-118.183931,,bus
bus_12006,Figueroa / Avenue 50,34.104933,-118.20238,,bus
bus_12007,Figueroa / Avenue 52,34.106463,-118.199437,,bus
bus_12008,Figueroa / Avenue 54,34.107781,-118.196767,,bus
bus_12010,Figueroa / Avenue 57,34.109749,-118.192768,,bus
bus_12011,Figueroa / Avenue 59,34.11075,-118.190732,,bus
bus_12014,Figueroa / Piedmont,34.11392,-118.186121,,bus
bus_12015,Figueroa / Springvale,34.123747,-118.185548,,bus
bus_12016,Gaffey / Capitol,33.75886,-118.292675,,bus
bus_12021,Figueroa / Avenue 41,34.093044,-118.209855,,bus
bus_12023,Figueroa / Avenue 43,34.094681,-118.208551,,bus
bus_12024,Figueroa / Avenue 45,34.096294,-118.207247,,bus
bus_12026,Figueroa / Sycamore Grove Park,34.099693,-118.204128,,bus
bus_12028,Figueroa / York,34.114795,-118.185224,,bus
bus_12029,Gaffey / Capitol,33.758949,-118.292383,,bus
bus_12030,Fremont / Alhambra,34.09839,-118.152226,,bus
bus_12031,Fremont / Main,34.094911,-118.15222,,bus
bus_12033,Pacific / Front,33.750996,-118.286931,,bus
bus_12036,Vermont / Anaheim,33.782843,-118.297307,,bus
bus_12037,Gaffey / Channel,33.754061,-118.292093,,bus
bus_12038,Gaffey / Westmont,33.764032,-118.293568,,bus
bus_12040,Gage / Hammel,34.042478,-118.18476,,bus
bus_12057,Glendale / Broadway,34.146513,-118.247257,,bus
bus_12058,Glendale / California,34.149813,-118.245921,,bus
bus_12059,Glendale / Doran,34.153348,-118.243926,,bus
bus_12060,Glendale / Glenoaks,34.159006,-118.239916,,bus
bus_12061,Glendale / Lexington,34.151623,-118.245038,,bus
bus_12063,Glendale / Monterey,34.156182,-118.242106,,bus
bus_12064,Glendale / Verdugo,34.161376,-118.236452,,bus
bus_12065,Glenoaks / Andover,34.194045,-118.321267,,bus
bus_12066,Glenoaks / Bethany,34.191611,-118.317984,,bus
bus_12067,Glenoaks / Cypress,34.186775,-118.311346,,bus
bus_12068,Glenoaks / Magnolia,34.185656,-118.309358,,bus
bus_12069,Glenoaks / Fairmount,34.188675,-118.313955,,bus
bus_12070,Glenoaks / Buena Vista,34.204676,-118.337431,,bus
bus_12071,Glenoaks / Orchard,34.200648,-118.330609,,bus
bus_12072,Glenoaks / Scott,34.196284,-118.324384,,bus
bus_12073,Glenoaks / Tulare,34.202828,-118.33408,,bus
bus_12074,Glenoaks / Winona,34.199129,-118.328341,,bus
bus_12076,Griffin / Avenue 26,34.076669,-118.211938,,bus
bus_12077,Griffin / Broadway,34.074188,-118.211565,,bus
bus_12088,Highland / Camrose,34.108405,-118.337149,,bus
bus_12090,Highland / Fountain,34.094532,-118.338767,,bus
bus_12091,Highland / Franklin,34.105593,-118.337316,,bus
bus_12092,Highland / Hollywood,34.100489,-118.338831,,bus
bus_12093,Highland / Hollywood,34.101702,-118.338529,,bus
bus_12097,Highland / Sunset,34.098261,-118.338805,,bus
bus_12098,Hill / Alpine,34.062916,-118.239581,,bus
bus_12101,Hill / Ord,34.0609,-118.240523,,bus
bus_12102,Hill / 1st,34.054753,-118.246042,,bus
bus_12103,Hill / College,34.064597,-118.238737,,bus
bus_12108,Hollywood Way / Verdugo,34.160938,-118.343433,,bus
bus_12109,Hollywood Way / Pacific,34.188214,-118.348902,,bus
bus_12110,Riverside / Hollywood Way,34.152976,-118.340095,,bus
bus_12111,Hollywood Way / Thornton,34.195141,-118.34905,,bus
bus_12112,Hollywood Way / Valhalla,34.190072,-118.348867,,bus
bus_12113,Hollywood Way / Alameda,34.153926,-118.34038,,bus
bus_12114,Hollywood Way / Jeffries,34.181372,-118.349035,,bus
bus_12115,Hollywood Way / Victory,34.184548,-118.349059,,bus
bus_12116,Hollywood Way / Winona,34.19961,-118.348675,,bus
bus_12117,Hoover / Bellevue,34.080562,-118.284313,,bus
bus_12118,Hoover / Clinton,34.081565,-118.284373,,bus
bus_12124,Jefferson / Inglewood,33.984039,-118.405081,,bus
bus_12125,Jefferson / Margaret,33.98505,-118.403539,,bus
bus_12126,Mindanao / Admiralty,33.980012,-118.439936,,bus
bus_12127,La Brea / Beverly,34.076392,-118.344199,,bus
bus_12128,La Brea / Centinela,33.976464,-118.357746,,bus
bus_12132,La Brea / Fountain,34.094481,-118.34424,,bus
bus_12133,La Brea / Hollywood,34.101284,-118.345282,,bus
bus_12134,La Brea / Melrose,34.083651,-118.344209,,bus
bus_12135,La Brea / Oakwood,34.078491,-118.344201,,bus
bus_12136,La Brea / Rosewood,34.080483,-118.344202,,bus
bus_12137,La Brea / Santa Monica,34.090944,-118.344189,,bus
bus_12138,La Brea / 64th,33.981238,-118.358588,,bus
bus_12139,La Brea / Beach,33.966762,-118.353889,,bus
bus_12141,La Brea / Hazel,33.968935,-118.355834,,bus
bus_12142,La Brea / Hyde Park,33.970994,-118.357426,,bus
bus_12143,La Brea / Plymouth,33.974727,-118.357798,,bus
bus_12144,La Brea / Sunset,34.09816,-118.344325,,bus
bus_12145,La Brea / Willoughby,34.087196,-118.344174,,bus
bus_12146,La Cienega / Beverly,34.075654,-118.376729,,bus
bus_12148,La Cienega / Melrose,34.081702,-118.376677,,bus
bus_12149,La Cienega / Rosewood,34.080342,-118.376694,,bus
bus_12150,La Cienega / Santa Monica,34.088933,-118.376548,,bus
bus_12151,La Cienega / Waring,34.085476,-118.376622,,bus
bus_12152,Lake / Alameda,34.181776,-118.131822,,bus
bus_12154,Lake / Belvidere,34.164005,-118.13264,,bus
bus_12156,Lake / Calaveras,34.18393,-118.13173,,bus
bus_12157,Lake / Claremont,34.166747,-118.132512,,bus
bus_12159,Lake Station,34.151403,-118.132508,,bus
bus_12160,Lake / Mariposa,34.187951,-118.131561,,bus
bus_12161,Lake / Mendocino,34.185538,-118.131663,,bus
bus_12162,Lake / Mountain,34.161378,-118.132659,,bus
bus_12164,Lake / Orange Grove,34.157575,-118.132627,,bus
bus_12165,Lake / Union,34.147575,-118.132489,,bus
bus_12166,Lake / Villa,34.154096,-118.132549,,bus
bus_12167,Lake / Walnut,34.149416,-118.132498,,bus
bus_12169,Lake / Woodbury,34.176761,-118.132052,,bus
bus_12170,Lake / Elizabeth,34.1734,-118.132206,,bus
bus_12171,Lake / Morada,34.180646,-118.131873,,bus
bus_12173,Lake / Rio Grande,34.170454,-118.13234,,bus
bus_12175,Lincoln / Crosby,34.185152,-118.159847,,bus
bus_12176,Lincoln / Figueroa,34.187636,-118.159872,,bus
bus_12177,Lincoln / Mountain View,34.189486,-118.159313,,bus
bus_12178,Lincoln / Ventura,34.191215,-118.1588,,bus
bus_12180,Locust / Regent,33.964343,-118.350317,,bus
bus_12181,Locust / Grace,33.966596,-118.35036,,bus
bus_12197,Long Beach / 5th,33.772377,-118.189519,,bus
bus_12198,Long Beach / 67th,33.876941,-118.203691,,bus
bus_12199,Long Beach / 69th,33.87902,-118.204305,,bus
bus_12201,Long Beach / Anaheim,33.782332,-118.189542,,bus
bus_12204,Long Beach / Artesia,33.873994,-118.202788,,bus
bus_12206,Long Beach / Barclay,33.866911,-118.200672,,bus
bus_12207,Long Beach / Bixby,33.826457,-118.189467,,bus
bus_12212,Long Beach / Compton,33.895756,-118.208109,,bus
bus_12214,Long Beach / Elm,33.900949,-118.208485,,bus
bus_12216,Long Beach / Hill,33.796868,-118.189538,,bus
bus_12217,Long Beach / Market,33.853984,-118.196623,,bus
bus_12221,Long Beach / Palmer,33.898062,-118.20824,,bus
bus_12222,Long Beach / Peck,33.905972,-118.208784,,bus
bus_12223,Long Beach / Pine,33.910371,-118.209058,,bus
bus_12225,Long Beach / Rosecrans,33.903617,-118.208613,,bus
bus_12228,Long Beach / San Antonio,33.834252,-118.189498,,bus
bus_12231,Long Beach / Wardlow,33.818642,-118.189443,,bus
bus_12232,Long Beach / Willow,33.804134,-118.189509,,bus
bus_12237,Long Beach / Del Amo,33.846429,-118.193875,,bus
bus_12245,Los Robles / Buckeye,34.159342,-118.141687,,bus
bus_12246,Los Robles / Claremont,34.166591,-118.141749,,bus
bus_12251,Los Robles / Mountain,34.161257,-118.1417,,bus
bus_12253,Los Robles / Orange Grove,34.15754,-118.141674,,bus
bus_12254,Los Robles / Union,34.146949,-118.14157,,bus
bus_12255,Los Robles / Villa,34.153923,-118.141631,,bus
bus_12256,Los Robles / Walnut,34.1489,-118.14159,,bus
bus_12257,Los Robles / Washington,34.168627,-118.141765,,bus
bus_12260,Los Robles / Jackson,34.163483,-118.14172,,bus
bus_12262,Maclay / 4th,34.286425,-118.437255,,bus
bus_12263,Maclay / 5th,34.288825,-118.433977,,bus
bus_12264,Maclay / Glenoaks,34.29149,-118.430319,,bus
bus_12265,Magnolia / Woodland,33.84949,-117.976277,,bus
bus_12267,Main / Daly,34.066114,-118.215265,,bus
bus_12268,Main / Ann,34.064979,-118.231256,,bus
bus_12270,Main / Griffin,34.066139,-118.211881,,bus
bus_12272,Main / Lamar,34.067134,-118.222149,,bus
bus_12273,Main / Avenue 20,34.066081,-118.217953,,bus
bus_12274,Main / Sotello,34.066091,-118.229235,,bus
bus_12275,Main / Wilhardt,34.06785,-118.225816,,bus
bus_12283,Mission / Las Tunas,34.102098,-118.110935,,bus
bus_12285,Mission / Baldwin,34.070323,-118.199238,,bus
bus_12287,Mission / Griffin,34.062685,-118.211605,,bus
bus_12288,Mission / Lincoln Park,34.067803,-118.202653,,bus
bus_12289,Mission / Broadway,34.073729,-118.19676,,bus
bus_12290,Mission / Richmond,34.058851,-118.216795,,bus
bus_12291,Mission / Superior,34.076769,-118.19474,,bus
bus_12292,Normandie / Beverly,34.076514,-118.300514,,bus
bus_12293,Normandie / Clinton,34.080627,-118.300558,,bus
bus_12294,Normandie / Fountain,34.095369,-118.300618,,bus
bus_12295,Normandie / Hollywood,34.101489,-118.300653,,bus
bus_12296,Normandie / Melrose,34.083293,-118.300564,,bus
bus_12297,Normandie / Romaine,34.088269,-118.300589,,bus
bus_12298,Normandie / Rosewood,34.079165,-118.300543,,bus
bus_12299,Normandie / Santa Monica,34.09105,-118.300599,,bus
bus_12300,Normandie / Sunset,34.097853,-118.300633,,bus
bus_12304,Pacific / 1st,33.743028,-118.288032,,bus
bus_12307,Pacific / Channel,33.753521,-118.290617,,bus
bus_12309,Pacific / O'Farrell,33.746166,-118.288016,,bus
bus_12310,Pacific / Upland,33.749502,-118.287682,,bus
bus_12311,Paramount / Artesia,33.874905,-118.160132,,bus
bus_12312,Pioneer / 207th,33.84254,-118.082048,,bus
bus_12313,Pioneer / Centralia,33.838548,-118.081705,,bus
bus_12314,Pioneer / 215th,33.834387,-118.081661,,bus
bus_12315,Prairie / Regent,33.964691,-118.344096,,bus
bus_12316,Grace / Prairie,33.968568,-118.345068,,bus
bus_12317,Prairie / Howland,33.965559,-118.344099,,bus
bus_12318,Prairie / Manchester,33.96008,-118.344093,,bus
bus_12321,Robertson / Clifton,34.068987,-118.383871,,bus
bus_12323,Rosemead / Arcadia,34.126189,-118.07325,,bus
bus_12324,Rosemead / Ardendale,34.120158,-118.072951,,bus
bus_12325,Rosemead / Colorado,34.146023,-118.073535,,bus
bus_12326,Rosemead / Duarte,34.122708,-118.073062,,bus
bus_12327,Rosemead / Fairview,34.127442,-118.073264,,bus
bus_12328,Rosemead / Foothill,34.149793,-118.073522,,bus
bus_12330,Rosemead / Greenwood,34.124692,-118.073199,,bus
bus_12331,Rosemead / Fern,34.059356,-118.064152,,bus
bus_12334,Rosemead / Klingerman,34.05572,-118.064139,,bus
bus_12335,Rosemead / Longden,34.113285,-118.073804,,bus
bus_12336,Rosemead / Rush,34.052027,-118.064116,,bus
bus_12340,Beverly / Rossmore,34.07628,-118.326984,,bus
bus_12343,San Fernando / Delaware,34.188015,-118.318632,,bus
bus_12346,San Fernando / Grismer,34.19153,-118.325431,,bus
bus_12348,San Fernando / Scott,34.190232,-118.321656,,bus
bus_12349,San Fernando / Burbank,34.186024,-118.315867,,bus
bus_12350,San Fernando / Edward,34.110197,-118.24308,,bus
bus_12351,San Fernando / Fletcher,34.11495,-118.24612,,bus
bus_12352,Fletcher / San Fernando,34.114657,-118.245927,,bus
bus_12353,San Fernando / Fletcher,34.115116,-118.245889,,bus
bus_12355,San Fernando / Glendale Fwy,34.112573,-118.243823,,bus
bus_12356,San Fernando / Hallett,34.108115,-118.241481,,bus
bus_12360,San Fernando / Treadwell,34.119448,-118.250587,,bus
bus_12362,San Fernando / Eagle Rock,34.104419,-118.238415,,bus
bus_12364,San Gabriel / Duarte,34.11959,-118.091416,,bus
bus_12365,San Gabriel / Colorado,34.145855,-118.094736,,bus
bus_12366,San Gabriel / Foothill,34.149631,-118.094437,,bus
bus_12367,San Gabriel / Hermosa,34.105969,-118.091186,,bus
bus_12368,San Gabriel / Las Tunas,34.103678,-118.091161,,bus
bus_12369,San Gabriel / Longden,34.113611,-118.09132,,bus
bus_12370,San Gabriel / Roses,34.110613,-118.091267,,bus
bus_12371,San Gabriel / Walnut,34.147745,-118.094735,,bus
bus_12372,San Gabriel / Huntington,34.126691,-118.091123,,bus
bus_12375,San Gabriel / Sheffield,34.117236,-118.091374,,bus
bus_12379,San Vicente / Santa Monica,34.08443,-118.383909,,bus
bus_12390,Santa Fe / Elm,33.900645,-118.215971,,bus
bus_12392,Santa Fe / Palmer,33.898208,-118.215803,,bus
bus_12394,Santa Fe / Rosecrans,33.903205,-118.216165,,bus
bus_12404,Soto / Marengo,34.054442,-118.203116,,bus
bus_12405,Soto / Sheridan,34.050099,-118.205852,,bus
bus_12407,Soto / Wabash,34.053172,-118.203899,,bus
bus_12409,Hill / 4th,34.050406,-118.250139,,bus
bus_12411,Spring / Temple,34.055101,-118.242543,,bus
bus_12415,Aliso / Los Angeles,34.054881,-118.23971,,bus
bus_12416,Spring / Temple,34.054253,-118.243359,,bus
bus_12425,Temple / Alvarado,34.07032,-118.267755,,bus
bus_12426,Temple / Rosemont,34.07118,-118.270406,,bus
bus_12427,Venice / Abbot Kinney,33.989211,-118.462974,,bus
bus_12428,Venice / Meade,33.9928,-118.455792,,bus
bus_12429,Venice / Shell,33.991008,-118.459401,,bus
bus_12430,Venice Bl / Venice Wy,33.987749,-118.465938,,bus
bus_12433,Verdugo / Mountain,34.164893,-118.232399,,bus
bus_12439,Vermont / Beverly,34.076477,-118.291835,,bus
bus_12441,Vermont / Clinton,34.081921,-118.291861,,bus
bus_12442,Vermont / Hollywood - North,34.099848,-118.291606,,bus
bus_12443,Vermont / Finley,34.107827,-118.291941,,bus
bus_12444,Vermont / Fountain,34.095707,-118.291905,,bus
bus_12445,Vermont / Franklin,34.105541,-118.291933,,bus
bus_12448,Vermont / Lexington,34.093179,-118.2919,,bus
bus_12450,Vermont / Los Feliz,34.110798,-118.291952,,bus
bus_12453,Vermont / Monroe,34.085957,-118.291868,,bus
bus_12456,Vermont / Rosewood,34.079255,-118.291848,,bus
bus_12457,Vermont / Santa Monica,34.090461,-118.291894,,bus
bus_12459,Burbank / Victory,34.184266,-118.322046,,bus
bus_12460,Western / Beverly,34.075794,-118.309292,,bus
bus_12461,Western / Elmwood,34.078437,-118.309301,,bus
bus_12462,Western / Fountain,34.095476,-118.309378,,bus
bus_12464,Western / Hollywood,34.10137,-118.309416,,bus
bus_12467,Western / Lemon Grove,34.086826,-118.309293,,bus
bus_12468,Western / Lexington,34.092957,-118.309322,,bus
bus_12469,Western / Maplewood,34.080462,-118.309299,,bus
bus_12470,Western / Melrose,34.083161,-118.309289,,bus
bus_12472,Western / Romaine,34.088228,-118.309301,,bus
bus_12474,Western / Santa Monica,34.090206,-118.309318,,bus
bus_12475,Western / 1st,34.073829,-118.309278,,bus
bus_12478,Willowbrook / Compton,33.896862,-118.224555,,bus
bus_12479,Willowbrook / Elm,33.900769,-118.224796,,bus
bus_12481,Willowbrook / Rosecrans,33.903038,-118.225003,,bus
bus_12482,Willowbrook / Winona,33.907334,-118.22718,,bus
bus_12485,National / Robertson,34.031292,-118.390682,,bus
bus_12489,New / Shorb,34.081296,-118.108405,,bus
bus_12495,New York / Allen,34.178674,-118.112535,,bus
bus_12503,Nordhoff / Shirley,34.235394,-118.55773,,bus
bus_12504,Nordhoff / Amestoy,34.235657,-118.506572,,bus
bus_12505,Nordhoff / Balboa,34.235629,-118.502207,,bus
bus_12506,Nordhoff / Burnet,34.235379,-118.46288,,bus
bus_12507,Nordhoff / G Line,34.235588,-118.597114,,bus
bus_12508,Nordhoff / Cedros,34.235317,-118.453722,,bus
bus_12510,Nordhoff / De Soto,34.23534,-118.588199,,bus
bus_12511,Nordhoff / Encino,34.235714,-118.5153,,bus
bus_12512,Nordhoff / Etiwanda,34.235359,-118.531874,,bus
bus_12513,Nordhoff / Eton,34.235338,-118.593622,,bus
bus_12514,Nordhoff / Gloria,34.235486,-118.48038,,bus
bus_12515,Nordhoff / Haskell,34.235469,-118.476492,,bus
bus_12516,Nordhoff / Hayvenhurst,34.235577,-118.493472,,bus
bus_12517,Nordhoff / Kester,34.235335,-118.456925,,bus
bus_12518,Nordhoff / Lindley,34.235632,-118.527181,,bus
bus_12519,Nordhoff / Louise,34.235685,-118.510932,,bus
bus_12520,Nordhoff / Lurline,34.235345,-118.584364,,bus
bus_12521,Nordhoff / Mason,34.231714,-118.579965,,bus
bus_12522,Nordhoff / Noble,34.235365,-118.46071,,bus
bus_12523,Nordhoff / Oakdale,34.231729,-118.5669,,bus
bus_12524,Nordhoff / Oso,34.231715,-118.575112,,bus
bus_12526,Nordhoff / Petit,34.235606,-118.498323,,bus
bus_12527,Nordhoff / Reseda,34.235611,-118.536435,,bus
bus_12528,Nordhoff / Gothic,34.235548,-118.489624,,bus
bus_12529,Nordhoff / Orion,34.235423,-118.472128,,bus
bus_12530,Nordhoff / Sepulveda,34.235662,-118.467901,,bus
bus_12531,Nordhoff / Sylmar,34.235269,-118.446072,,bus
bus_12534,Nordhoff / Van Nuys,34.235549,-118.450573,,bus
bus_12535,Nordhoff / Vanalden,34.235629,-118.549011,,bus
bus_12536,Nordhoff / White Oak,34.235756,-118.52019,,bus
bus_12537,Nordhoff / Wilbur,34.235635,-118.544663,,bus
bus_12538,Winnetka / Nordhoff,34.231429,-118.571196,,bus
bus_12539,Nordhoff / Woodley,34.235513,-118.484807,,bus
bus_12540,Nordhoff / Woodman,34.235195,-118.440566,,bus
bus_12541,Nordhoff / Yolanda,34.235375,-118.540112,,bus
bus_12542,Nordhoff / Zelzah,34.235564,-118.523296,,bus
bus_12543,Zelzah / Nordhoff,34.235986,-118.523004,,bus
bus_12545,Normandie / 108th,33.937939,-118.300399,,bus
bus_12546,Normandie / 1st,34.072911,-118.300497,,bus
bus_12547,Normandie / Martin Luther King Jr,34.011057,-118.300285,,bus
bus_12548,Normandie / Monroe,34.085315,-118.300572,,bus
bus_12549,Normandie / 48th,34.00025,-118.300289,,bus
bus_12550,Normandie / 91st,33.954462,-118.300359,,bus
bus_12557,Norwalk / Civic Center,33.914336,-118.072705,,bus
bus_12558,Norwalk / Imperial,33.917603,-118.072431,,bus
bus_12564,Norwalk / Crewe,33.920988,-118.072457,,bus
bus_12565,Norwalk / Florence,33.935546,-118.072519,,bus
bus_12566,Norwalk / Lakeland,33.931496,-118.072532,,bus
bus_12567,Norwalk / Telegraph,33.941575,-118.072577,,bus
bus_12568,Norwalk / Tina,33.926028,-118.072488,,bus
bus_12569,Studebaker / Borson,33.91488,-118.099093,,bus
bus_12590,Olive / San Fernando,34.180974,-118.308365,,bus
bus_12591,LA Zoo,34.147124,-118.284312,,bus
bus_12595,Olympic / Carrillo,34.058892,-118.368892,,bus
bus_12597,Olympic / Central,34.03198,-118.243856,,bus
bus_12601,Olympic / Muirfield,34.056322,-118.331158,,bus
bus_12602,Olympic / Rimpau,34.057086,-118.333918,,bus
bus_12605,Olympic / Beverwil,34.05984,-118.399756,,bus
bus_12608,Olympic / Doheny,34.059519,-118.389622,,bus
bus_12609,Olympic / La Peer,34.05952,-118.387241,,bus
bus_12611,Olympic / Rexford,34.059521,-118.394059,,bus
bus_12612,Olympic / Roxbury,34.059853,-118.405848,,bus
bus_12613,Olympic / Spalding,34.059845,-118.409113,,bus
bus_12615,Orangethorpe / Auto Center,33.858996,-117.98077,,bus
bus_12617,12411 Osborne,34.259357,-118.40286,,bus
bus_12618,Osborne / Arleta,34.242168,-118.425727,,bus
bus_12619,Osborne / Beachy,34.239774,-118.428997,,bus
bus_12620,Osborne / Bradley,34.256809,-118.405664,,bus
bus_12621,Osborne / Canterbury,34.23738,-118.432293,,bus
bus_12622,Osborne / Gullo,34.235826,-118.434899,,bus
bus_12623,Glenoaks / Osborne Pl,34.261817,-118.398685,,bus
bus_12624,Osborne / Glenoaks,34.264465,-118.402103,,bus
bus_12625,Osborne / On-Ramp,34.243835,-118.423435,,bus
bus_12626,Osborne / Haddon,34.249084,-118.416242,,bus
bus_12627,Osborne / Laurel Canyon,34.246791,-118.419844,,bus
bus_12628,Osborne / San Fernando,34.253996,-118.409505,,bus
bus_12629,Osborne / Telfair,34.251475,-118.412961,,bus
bus_12634,Santa Ana / Otis,33.961944,-118.194967,,bus
bus_12642,Overhill / Northridge,33.994524,-118.355547,,bus
bus_12643,Overhill / Stocker,33.996562,-118.357717,,bus
bus_12647,Owensmouth / Vanowen,34.193358,-118.601672,,bus
bus_12651,Oxnard / Bellaire,34.179523,-118.40921,,bus
bus_12653,Oxnard / Canoga,34.179384,-118.59778,,bus
bus_12654,Oxnard / Cedros,34.179303,-118.453232,,bus
bus_12656,Oxnard / Coldwater Canyon,34.179523,-118.414073,,bus
bus_12657,Oxnard / Colfax,34.179537,-118.38758,,bus
bus_12658,Oxnard / Ethel,34.179516,-118.418428,,bus
bus_12660,Oxnard / Fulton,34.179512,-118.422785,,bus
bus_12661,Oxnard / Hazeltine,34.17951,-118.440299,,bus
bus_12663,Oxnard / Laurel Cyn,34.179531,-118.396302,,bus
bus_12665,Oxnard / Owensmouth,34.179123,-118.601167,,bus
bus_12667,Oxnard / Macys,34.179532,-118.394222,,bus
bus_12668,Oxnard / Radford,34.179537,-118.391927,,bus
bus_12669,Oxnard / Ranchito,34.179515,-118.435869,,bus
bus_12671,Oxnard / Shady Glade,34.179523,-118.401784,,bus
bus_12672,Oxnard / Sunnyslope,34.179513,-118.427193,,bus
bus_12675,Oxnard / Tyrone,34.179505,-118.44468,,bus
bus_12678,Oxnard / Whitsett,34.179521,-118.405034,,bus
bus_12679,Oxnard / Woodman,34.179514,-118.431527,,bus
bus_12681,Pacific / RR-Xing,34.003823,-118.228072,,bus
bus_12686,Pacific / Driftwood,33.977907,-118.464076,,bus
bus_12687,Pacific / Fleet,33.976442,-118.462927,,bus
bus_12688,Pacific / Fort Mac Arthur,33.721891,-118.288124,,bus
bus_12689,Pacific / Hurricane,33.975732,-118.462375,,bus
bus_12690,Pacific / Lighthouse,33.973214,-118.460425,,bus
bus_12693,Pacific / Topsail,33.968893,-118.45716,,bus
bus_12696,Pacific / 55th,33.993076,-118.22537,,bus
bus_12697,Pacific / 57th,33.991238,-118.225362,,bus
bus_12698,Pacific / Belgrave,33.987366,-118.225348,,bus
bus_12701,Pacific / Broadway,33.966414,-118.225335,,bus
bus_12702,Pacific / Clarendon,33.982582,-118.225326,,bus
bus_12703,Pacific / 46th,34.001908,-118.22548,,bus
bus_12705,Pacific / Fruitland,33.996475,-118.22538,,bus
bus_12707,Pacific / Grand,33.969313,-118.225343,,bus
bus_12708,Pacific / Leonis,33.999564,-118.225394,,bus
bus_12709,Pacific / Live Oak,33.971805,-118.225359,,bus
bus_12710,Pacific / Randolph,33.985698,-118.225341,,bus
bus_12711,Pacific / Santa Fe,34.00384,-118.229735,,bus
bus_12712,Pacific / Florence,33.975561,-118.22531,,bus
bus_12714,Pacific / Slauson,33.989427,-118.225354,,bus
bus_12715,Pacific / Zoe,33.978092,-118.22531,,bus
bus_12716,Pacific Coast Highway / Rambla Pacifico,34.037282,-118.637844,,bus
bus_12717,22729 Pacific Coast Highway,34.039536,-118.670624,,bus
bus_12718,23017 Pacific Coast Highway,34.037273,-118.677449,,bus
bus_12719,Pacific Coast Highway / Paradise Cove,34.023786,-118.787895,,bus
bus_12720,Pacific Coast Highway / Corral Creek Bridge,34.033592,-118.733579,,bus
bus_12721,Pacific Coast Highway / John Tyler,34.034408,-118.709657,,bus
bus_12722,Pacific Coast Highway / Kanan Dume,34.021715,-118.802696,,bus
bus_12723,Pacific Coast Highway / Sycamore Park,34.025955,-118.765489,,bus
bus_12724,16321 Pacific Coast Highway,34.038599,-118.540856,,bus
bus_12725,Pacific Coast Highway / Bel Air Bay Club,34.039474,-118.54606,,bus
bus_12726,Pacific Coast Highway / Big Rock,34.037525,-118.60827,,bus
bus_12728,Pacific Coast Highway / Busch,34.016842,-118.818453,,bus
bus_12730,22523 Pacific Coast Highway,34.039811,-118.665672,,bus
bus_12733,Pacific Coast Highway / Moonshadows Rest,34.037893,-118.618687,,bus
bus_12735,Normandie / Pacific Coast Highway,33.789442,-118.297626,,bus
bus_12736,Pacific Coast Highway / Porto Marina,34.040203,-118.560391,,bus
bus_12737,Pacific Coast Highway / Rambla Vista,34.03837,-118.648199,,bus
bus_12738,Pacific Coast Highway / Vermont,33.791135,-118.292021,,bus
bus_12739,Pacific Coast Highway / Temescal Canyon,34.035878,-118.535517,,bus
bus_12740,Pacific Coast Highway / Topanga Canyon,34.040242,-118.579523,,bus
bus_12741,Pacific Coast Highway / Tuna Canyon,34.039585,-118.589183,,bus
bus_12743,Pacific Coast Highway / Zumirez,34.020724,-118.795951,,bus
bus_12752,Palos Verdes / Crestmont,33.743315,-118.396496,,bus
bus_12753,Palos Verdes / Terranea Way,33.742932,-118.396139,,bus
bus_12754,Palos Verdes / Barkentine,33.745206,-118.387039,,bus
bus_12757,Palos Verdes / Seahill,33.744921,-118.391869,,bus
bus_12758,Paramount / Arroyo,34.041309,-118.091773,,bus
bus_12759,Paramount / Firestone,33.942996,-118.137935,,bus
bus_12760,Paramount / Florence,33.953458,-118.130259,,bus
bus_12761,Paramount / Gallatin,33.961964,-118.123136,,bus
bus_12763,Paramount / Maxine,33.969414,-118.114051,,bus
bus_12764,Paramount / Market Place,34.037224,-118.09345,,bus
bus_12765,Paramount / Rosecrans,33.903435,-118.160318,,bus
bus_12766,Paramount / Slauson,33.973238,-118.112796,,bus
bus_12767,Paramount / Suva,33.959934,-118.124993,,bus
bus_12768,Paramount / Washington,33.987437,-118.105423,,bus
bus_12770,Park Granada / Parkway Calabasas,34.149608,-118.64731,,bus
bus_12772,Parkway Calabasas / Calabasas,34.15167,-118.650638,,bus
bus_12778,Reseda / Parthenia,34.227967,-118.536233,,bus
bus_12779,Pasadena / Mission,34.115575,-118.166546,,bus
bus_12781,Pasadena / Arroyo,34.11236,-118.170821,,bus
bus_12782,Pasadena / El Centro,34.114068,-118.167789,,bus
bus_12783,Pasadena / Hawthorne,34.112343,-118.169331,,bus
bus_12786,Pasadena / Sycamore,34.112244,-118.175013,,bus
bus_12806,Glenoaks / Paxton,34.279358,-118.417886,,bus
bus_12813,Pennsylvania / Altura,34.225209,-118.248817,,bus
bus_12818,Pershing / Fowling,33.959114,-118.444466,,bus
bus_12826,Pico / Mullen,34.048836,-118.335476,,bus
bus_12827,Pico / Plymouth,34.048308,-118.330535,,bus
bus_12831,Pioneer / 166th,33.880583,-118.082197,,bus
bus_12832,Pioneer / 168th,33.877937,-118.082165,,bus
bus_12833,Pioneer / 178th,33.869251,-118.082087,,bus
bus_12836,Pioneer / 195th,33.853575,-118.081868,,bus
bus_12837,Pioneer / Alondra,33.887835,-118.08227,,bus
bus_12838,Pioneer / Artesia,33.872826,-118.082114,,bus
bus_12839,Pioneer / Cheshire,33.890525,-118.082299,,bus
bus_12840,Pioneer / Del Amo,33.846263,-118.081788,,bus
bus_12842,Pioneer / Excelsior,33.895111,-118.082347,,bus
bus_12843,Pioneer / Firestone,33.912989,-118.081619,,bus
bus_12844,Pioneer / Lesser,33.909163,-118.082384,,bus
bus_12845,Pioneer / Mapledale,33.898727,-118.082383,,bus
bus_12846,Pioneer / Orange,33.905163,-118.082469,,bus
bus_12847,South / Pioneer,33.858625,-118.082324,,bus
bus_12848,Plummer / Mason,34.242612,-118.579475,,bus
bus_12849,Plummer / Oakdale,34.242618,-118.566557,,bus
bus_12850,Plummer / Oso,34.242622,-118.575551,,bus
bus_12852,Topanga Canyon / Plummer,34.242481,-118.606249,,bus
bus_12853,Plummer / Winnetka,34.242615,-118.571418,,bus
bus_12855,Polk / Foothill,34.31544,-118.441109,,bus
bus_12859,Prairie / 161st,33.884264,-118.343973,,bus
bus_12860,Prairie / 164th,33.882006,-118.343964,,bus
bus_12862,Prairie / Arbor Vitae,33.952455,-118.344078,,bus
bus_12863,Prairie / Hardy,33.949278,-118.344075,,bus
bus_12864,Prairie / Kelso,33.956505,-118.344089,,bus
bus_12866,Prairie / 111th,33.934712,-118.344055,,bus
bus_12867,Prairie / 118th,33.927098,-118.344044,,bus
bus_12868,Prairie / 132nd,33.91324,-118.34402,,bus
bus_12869,Prairie / 135th,33.909877,-118.344016,,bus
bus_12870,Prairie / 139th,33.90498,-118.344009,,bus
bus_12871,Prairie / 147th,33.898435,-118.343998,,bus
bus_12872,Artesia / Prairie,33.872967,-118.344148,,bus
bus_12873,Prairie / Broadway,33.920206,-118.344028,,bus
bus_12874,Prairie / El Segundo,33.916164,-118.344022,,bus
bus_12875,Prairie / Imperial,33.930684,-118.344048,,bus
bus_12876,Prairie / Manhattan Beach,33.887133,-118.343978,,bus
bus_12878,Prairie / Marine,33.894385,-118.343985,,bus
bus_12879,Prairie / Redondo Beach,33.877043,-118.343967,,bus
bus_12880,Prairie / Rosecrans,33.902191,-118.344001,,bus
bus_12881,Prairie / 154th,33.891175,-118.343979,,bus
bus_12887,Ramona / Grand,34.091903,-118.108131,,bus
bus_12888,Ramona / Main,34.095294,-118.107944,,bus
bus_12889,Ramona / Centre Plaza,34.060784,-118.167844,,bus
bus_12900,Ramona / Lexington,34.071905,-118.039574,,bus
bus_12910,Ramona / Tyler,34.072164,-118.036305,,bus
bus_12912,Ramona / Central,34.088114,-118.107849,,bus
bus_12913,Ramona / Wells,34.084863,-118.107864,,bus
bus_12915,Reseda / Devonshire,34.256578,-118.536225,,bus
bus_12917,Reseda / Nordhoff,34.235772,-118.535936,,bus
bus_12918,Reseda / Sherman Way,34.201413,-118.535878,,bus
bus_12919,Reseda / Burbank,34.172086,-118.536152,,bus
bus_12920,Reseda / Chase,34.224476,-118.535946,,bus
bus_12921,Reseda / Erwin,34.18376,-118.53587,,bus
bus_12922,Reseda / Hart,34.197357,-118.535888,,bus
bus_12923,Reseda / Hatteras,34.177767,-118.535861,,bus
bus_12924,Reseda / Ingomar,34.212305,-118.535911,,bus
bus_12925,Reseda / Kittridge,34.190751,-118.535869,,bus
bus_12926,Reseda / Lassen,34.249888,-118.535937,,bus
bus_12928,Reseda / G Line,34.180246,-118.535864,,bus
bus_12929,Reseda / Parthenia,34.228515,-118.535932,,bus
bus_12930,Reseda / Plummer,34.243041,-118.53593,,bus
bus_12931,Reseda / Prairie,34.23899,-118.535934,,bus
bus_12932,Reseda / Rayen,34.231758,-118.535914,,bus
bus_12933,Reseda / Roscoe,34.221005,-118.535931,,bus
bus_12934,Reseda / Saticoy,34.208197,-118.535891,,bus
bus_12935,Reseda / Strathern,34.215933,-118.535924,,bus
bus_12936,Reseda / Superior,34.246253,-118.53594,,bus
bus_12937,Reseda / Valerio,34.204633,-118.535895,,bus
bus_12938,Reseda / Vanowen,34.194134,-118.53589,,bus
bus_12939,Reseda / Ventura Fwy,34.17386,-118.535846,,bus
bus_12940,Reseda / Victory,34.186882,-118.535884,,bus
bus_12942,Rinaldi / Balboa,34.279157,-118.501811,,bus
bus_12945,Rinaldi / Gaynor,34.279274,-118.480317,,bus
bus_12946,Rinaldi / Gothic,34.279339,-118.488852,,bus
bus_12947,Rinaldi / Haskell,34.279238,-118.476229,,bus
bus_12948,Rinaldi / Hayvenhurst,34.279366,-118.493728,,bus
bus_12950,Rinaldi / Indian Hills,34.279141,-118.458773,,bus
bus_12951,Rinaldi / Laurel Canyon,34.27976,-118.45488,,bus
bus_12952,Rinaldi / Ruffner,34.279387,-118.498095,,bus
bus_12955,Rinaldi / Woodley,34.279056,-118.484815,,bus
bus_12956,Riverside / Hazeltine,34.157508,-118.439621,,bus
bus_12958,Riverside / Cahuenga,34.152118,-118.361156,,bus
bus_12960,Riverside / Fletcher,34.105688,-118.256429,,bus
bus_12961,Riverside / Forman,34.152353,-118.353062,,bus
bus_12962,Riverside / Gilroy,34.104101,-118.253302,,bus
bus_12963,Riverside / Moorpark,34.152111,-118.357741,,bus
bus_12964,Los Feliz / Riverside,34.116599,-118.271716,,bus
bus_12965,Riverside / Mariota,34.152357,-118.350963,,bus
bus_12966,Riverside / Rose,34.15236,-118.346795,,bus
bus_12967,Roadside / Cornell,34.145018,-118.755419,,bus
bus_12968,Robertson / Wilshire,34.066785,-118.383494,,bus
bus_12969,Robertson / Cadillac,34.041304,-118.387732,,bus
bus_12970,Robertson / Monte Mar,34.046606,-118.386284,,bus
bus_12971,Robertson / Pico,34.054522,-118.3839,,bus
bus_12972,Robertson / Wilshire,34.066773,-118.383808,,bus
bus_12973,San Antonio / Rosecrans,33.902605,-118.081903,,bus
bus_12975,Obama / Cloverdale,34.021425,-118.360963,,bus
bus_12976,Obama / Martin Luther King Jr,34.021406,-118.352548,,bus
bus_12977,Obama / Village Green,34.021418,-118.358075,,bus
bus_12983,Obama / La Brea,34.021416,-118.355851,,bus
bus_12984,Obama / La Cienega,34.021564,-118.372024,,bus
bus_12985,Obama / Sutro,34.018768,-118.322968,,bus
bus_12989,Roscoe / Canoga,34.219922,-118.598209,,bus
bus_12990,Roscoe / Sparton,34.221803,-118.424994,,bus
bus_12991,Roscoe / Gloria,34.221479,-118.480623,,bus
bus_12992,Roscoe / Gothic,34.221426,-118.489896,,bus
bus_12993,Roscoe / Haskell,34.221513,-118.476287,,bus
bus_12994,Roscoe / Hayvenhurst,34.221399,-118.492459,,bus
bus_12995,Roscoe / Lurline,34.220137,-118.584013,,bus
bus_12998,Roscoe / Arleta,34.221791,-118.405083,,bus
bus_12999,Roscoe / Woodman,34.221796,-118.433086,,bus
bus_13000,Roscoe / Canterbury,34.221797,-118.417134,,bus
bus_13001,Roscoe / Corbin,34.220474,-118.562116,,bus
bus_13002,Roscoe / De Soto,34.220064,-118.588842,,bus
bus_13003,Roscoe / Encino,34.22118,-118.514592,,bus
bus_13004,Roscoe / Etiwanda,34.220934,-118.53157,,bus
bus_13005,Roscoe / Farralone,34.21973,-118.610222,,bus
bus_13006,Roscoe / Gloria,34.221227,-118.480457,,bus
bus_13007,Roscoe / Hazeltine,34.221757,-118.440274,,bus
bus_13009,Roscoe / Laurel Canyon,34.22178,-118.396836,,bus
bus_13010,Roscoe / Lindley,34.221,-118.527191,,bus
bus_13011,Roscoe / Louise,34.22124,-118.510206,,bus
bus_13012,Roscoe / Mason,34.220197,-118.580107,,bus
bus_13013,Roscoe / Nagle,34.221799,-118.422037,,bus
bus_13014,Roscoe / Noble,34.221589,-118.461676,,bus
bus_13015,Roscoe / Oakdale,34.220405,-118.567002,,bus
bus_13016,Roscoe / Oso,34.220275,-118.575248,,bus
bus_13017,Roscoe / Owensmouth,34.219857,-118.601953,,bus
bus_13018,Roscoe / Ranchito,34.221774,-118.436969,,bus
bus_13020,Roscoe / Sale,34.219584,-118.619414,,bus
bus_13021,Roscoe / San Diego Fwy,34.221516,-118.4733,,bus
bus_13022,Roscoe / Sepulveda,34.221542,-118.468043,,bus
bus_13023,Roscoe / Sharp,34.221785,-118.399628,,bus
bus_13024,Roscoe / Coldwater Canyon,34.221797,-118.41471,,bus
bus_13025,Roscoe / Shirley,34.22053,-118.55827,,bus
bus_13026,Roscoe / Shoup,34.219659,-118.614565,,bus
bus_13027,Roscoe / Tampa,34.2206,-118.5539,,bus
bus_13028,Roscoe / Tobias,34.221642,-118.451974,,bus
bus_13029,Roscoe / Van Nuys,34.22168,-118.448487,,bus
bus_13032,Roscoe / Van Nuys,34.221669,-118.449083,,bus
bus_13034,Roscoe / Vanalden,34.220672,-118.549018,,bus
bus_13035,Roscoe / Variel,34.220004,-118.592712,,bus
bus_13036,Roscoe / Ventura Canyon,34.221801,-118.428607,,bus
bus_13037,Roscoe / Wakefield,34.221751,-118.443241,,bus
bus_13038,Roscoe / Webb,34.22176,-118.392843,,bus
bus_13039,Roscoe / White Oak,34.221123,-118.518955,,bus
bus_13041,Roscoe / Wilbur,34.22073,-118.545168,,bus
bus_13042,Roscoe / Willis,34.22163,-118.45512,,bus
bus_13043,Roscoe / Winnetka,34.220335,-118.571375,,bus
bus_13044,Roscoe / Amestoy,34.221304,-118.50536,,bus
bus_13045,Roscoe / Woodley,34.221452,-118.483382,,bus
bus_13046,Roscoe / Yolanda,34.220802,-118.540289,,bus
bus_13047,Roscoe / Zelzah,34.22106,-118.522828,,bus
bus_13048,Rosecrans / Bloomfield,33.902478,-118.064331,,bus
bus_13050,Rosecrans / Dinard,33.902556,-118.050735,,bus
bus_13051,Rosecrans / Grayland,33.902367,-118.07607,,bus
bus_13052,Rosecrans / Helwig,33.902385,-118.069113,,bus
bus_13053,Rosecrans / Carmenita,33.902579,-118.046922,,bus
bus_13054,Rosecrans / Clarkdale,33.902351,-118.079895,,bus
bus_13055,Rosecrans / Greenstone,33.902511,-118.058238,,bus
bus_13056,Rosecrans / Norwalk,33.90239,-118.073463,,bus
bus_13057,Pioneer / Rosecrans,33.902992,-118.082404,,bus
bus_13058,Rosecrans / Shoemaker,33.902529,-118.055622,,bus
bus_13059,Rosemead / Pentland,34.093514,-118.073528,,bus
bus_13060,5343 Rosemead,34.096666,-118.073577,,bus
bus_13062,Rosemead / Garvey,34.06249,-118.065131,,bus
bus_13063,Rosemead / Valley,34.080561,-118.073325,,bus
bus_13064,Rosemead / Emperor,34.117061,-118.073315,,bus
bus_13065,Rosemead / Garibaldi,34.109471,-118.073757,,bus
bus_13066,Rosemead / Hermosa,34.106459,-118.073715,,bus
bus_13067,Rosemead / Las Tunas,34.103341,-118.073669,,bus
bus_13068,Rosemead / Lower Azusa,34.086898,-118.073473,,bus
bus_13070,Rosemead / Mission,34.084065,-118.073411,,bus
bus_13071,Rosemead / Ralph,34.078105,-118.072944,,bus
bus_13072,Rosemead / San Pasqual,34.138005,-118.073406,,bus
bus_13076,Rosemead / Valley,34.081116,-118.073035,,bus
bus_13078,Roxford / Borden,34.320925,-118.46104,,bus
bus_13080,Roxford / Foothill,34.322065,-118.460324,,bus
bus_13081,Roxford / Glenoaks,34.318273,-118.464013,,bus
bus_13082,Roxford / Herrick,34.315933,-118.466649,,bus
bus_13084,Rush / Central,34.051942,-118.046728,,bus
bus_13085,Rush / Chico,34.051917,-118.059792,,bus
bus_13089,Rush / Merced,34.051937,-118.05107,,bus
bus_13092,Rush / Potrero,34.051929,-118.055837,,bus
bus_13093,San Gabriel / Potrero Grande,34.051559,-118.090642,,bus
bus_13094,Rush / Santa Anita,34.05196,-118.042661,,bus
bus_13095,Tyler / Rush,34.051835,-118.036871,,bus
bus_13096,Rush / Walnut Grove,34.051788,-118.082214,,bus
bus_13100,Woodman / Chase,34.22826,-118.434502,,bus
bus_13101,Ikea / Verdugo,34.177806,-118.307266,,bus
bus_13102,Acacia / Palm,33.894883,-118.226332,,bus
bus_13106,Alameda / Laurel,33.894256,-118.220363,,bus
bus_13110,Alvarado / Hoover,34.045547,-118.284026,,bus
bus_13111,Alvarado / Valley,34.064997,-118.271555,,bus
bus_13112,Alvarado / 11th,34.050456,-118.280817,,bus
bus_13113,Alvarado / 12th,34.04897,-118.281766,,bus
bus_13114,3rd / Alvarado,34.063158,-118.272965,,bus
bus_13115,Alvarado / 6th,34.059749,-118.274906,,bus
bus_13116,Alvarado / 7th,34.056687,-118.27685,,bus
bus_13117,Alvarado / 8th,34.05509,-118.277865,,bus
bus_13118,Alvarado / James M Wood,34.053566,-118.278834,,bus
bus_13119,Alvarado / Maryland,34.061469,-118.273812,,bus
bus_13120,Alvarado / Olympic,34.051959,-118.279862,,bus
bus_13121,Alvarado / Pico,34.047468,-118.282728,,bus
bus_13122,Alvarado / Wilshire,34.057713,-118.276203,,bus
bus_13123,Arizona / 6th,34.026749,-118.165607,,bus
bus_13124,Arizona / Olympic,34.01812,-118.168395,,bus
bus_13125,Arizona / Eagle,34.029339,-118.16481,,bus
bus_13126,Arizona / Hubbard,34.024789,-118.166201,,bus
bus_13127,Arizona / Verona,34.020509,-118.167713,,bus
bus_13128,Arizona / Whittier,34.022287,-118.167172,,bus
bus_13131,Artesia / Santa Fe,33.87438,-118.214872,,bus
bus_13132,Atlantic / Alondra,33.889041,-118.193058,,bus
bus_13133,Atlantic / Compton,33.895888,-118.193532,,bus
bus_13134,Atlantic / Myrrh,33.892588,-118.193307,,bus
bus_13135,Atlantic / Rosecrans,33.903716,-118.194104,,bus
bus_13136,Atlantic / San Vincente,33.899594,-118.193801,,bus
bus_13137,Atlantic / Brightwood,34.042096,-118.141716,,bus
bus_13138,Atlantic / Cadiz,34.051792,-118.137688,,bus
bus_13139,Atlantic / 4th,34.029572,-118.154659,,bus
bus_13140,Atlantic / 6th,34.024651,-118.156138,,bus
bus_13142,Atlantic / Olympic,34.016457,-118.158627,,bus
bus_13143,Atlantic / Washington,34.002938,-118.168087,,bus
bus_13145,Atlantic / Eagle,34.027321,-118.155331,,bus
bus_13146,Atlantic / El Portal,34.054457,-118.136091,,bus
bus_13147,Atlantic / Everington,34.007335,-118.161596,,bus
bus_13148,Atlantic / Hubbard,34.022394,-118.156827,,bus
bus_13149,Atlantic / Jardine,34.004813,-118.165313,,bus
bus_13150,Atlantic / Sevilla,34.048471,-118.139663,,bus
bus_13152,Telegraph / Triggs,34.010992,-118.159947,,bus
bus_13153,Atlantic / Goodrich,34.011749,-118.159354,,bus
bus_13158,Atlantic / El Repetto,34.046238,-118.140525,,bus
bus_13159,Atlantic / Floral,34.03926,-118.143941,,bus
bus_13161,Atlantic / Garvey,34.062186,-118.134364,,bus
bus_13162,Atlantic / Harding,34.056607,-118.134781,,bus
bus_13163,Atlantic / Main,34.091315,-118.134774,,bus
bus_13164,Atlantic / Mission,34.084866,-118.134711,,bus
bus_13165,Atlantic / Newmark,34.059527,-118.133785,,bus
bus_13168,Atlantic / San Marino,34.082709,-118.134691,,bus
bus_13169,Atlantic / Valley,34.077631,-118.13465,,bus
bus_13171,Atlantic / Whittier,34.020184,-118.157502,,bus
bus_13173,Avalon / 46th,34.00147,-118.265064,,bus
bus_13174,Avalon / Vernon,34.003687,-118.265071,,bus
bus_13175,Baldwin / Huntington,34.131291,-118.05468,,bus
bus_13180,Beaudry / 4th,34.055339,-118.257631,,bus
bus_13184,Beverly / Charleville,34.065143,-118.399233,,bus
bus_13185,Beverly / Gregory,34.062027,-118.399255,,bus
bus_13192,Bixel / Maryland,34.055989,-118.260664,,bus
bus_13196,7th / Boyle,34.033861,-118.22014,,bus
bus_13200,Brand / Columbus,34.271291,-118.463516,,bus
bus_13203,Brand / Eulalia,34.126308,-118.255031,,bus
bus_13204,Brand / Garfield,34.135546,-118.255089,,bus
bus_13205,Brand / Milford,34.152674,-118.255191,,bus
bus_13206,Brand / Lomita,34.14033,-118.255127,,bus
bus_13207,Brand / Los Feliz,34.128949,-118.254732,,bus
bus_13211,Brand / San Fernando,34.123711,-118.255341,,bus
bus_13213,Broadway / 11th,34.039816,-118.258976,,bus
bus_13214,Broadway / Martin Luther King Jr,34.011337,-118.278845,,bus
bus_13215,Broadway / Venice,34.034365,-118.263587,,bus
bus_13217,Broadway / 104th,33.942064,-118.278525,,bus
bus_13219,Broadway / 108th,33.938412,-118.278516,,bus
bus_13220,Broadway / 110th,33.935777,-118.278511,,bus
bus_13225,Broadway / 120th,33.923456,-118.278394,,bus
bus_13226,Broadway / 12th,34.038032,-118.260568,,bus
bus_13227,Broadway / 3rd,34.0511,-118.247714,,bus
bus_13228,Broadway / 21st,34.029595,-118.267153,,bus
bus_13232,Broadway / 30th,34.022446,-118.271803,,bus
bus_13234,Broadway / 36th,34.016329,-118.275403,,bus
bus_13235,Broadway / 38th,34.014183,-118.276772,,bus
bus_13238,Broadway / 42nd,34.007573,-118.278506,,bus
bus_13240,Broadway / 47th,34.000297,-118.278478,,bus
bus_13241,Broadway / 49th,33.998425,-118.278475,,bus
bus_13242,Broadway / 4th,34.049649,-118.249074,,bus
bus_13243,Broadway / 51st,33.996367,-118.278465,,bus
bus_13244,Broadway / 54th,33.993509,-118.278455,,bus
bus_13246,Broadway / 59th,33.986159,-118.278444,,bus
bus_13250,Broadway / 69th,33.977506,-118.278452,,bus
bus_13253,Broadway / 76th,33.97095,-118.278446,,bus
bus_13254,Broadway / 79th,33.968029,-118.27844,,bus
bus_13260,Broadway / 81st,33.966102,-118.278427,,bus
bus_13261,Broadway / 83rd,33.964316,-118.278415,,bus
bus_13264,Broadway / 8th,34.043203,-118.255445,,bus
bus_13265,Broadway / 90th,33.955251,-118.278351,,bus
bus_13266,Broadway / 92nd,33.952973,-118.278393,,bus
bus_13270,Broadway / Adams,34.025575,-118.269757,,bus
bus_13272,Broadway / Colden,33.949332,-118.278539,,bus
bus_13274,Broadway / Gage,33.982537,-118.278452,,bus
bus_13276,Broadway / Jefferson,34.019391,-118.273786,,bus
bus_13277,Broadway / Manchester,33.960288,-118.278385,,bus
bus_13281,Broadway / Slauson,33.989374,-118.278435,,bus
bus_13282,Broadway / Vernon,34.003973,-118.278494,,bus
bus_13286,Broadway / 124th,33.919804,-118.278425,,bus
bus_13300,Centinela / Culver,33.990729,-118.420744,,bus
bus_13301,Central / 103rd,33.942925,-118.254256,,bus
bus_13304,Central / 112th,33.933272,-118.254361,,bus
bus_13305,Central / 114th,33.93115,-118.254444,,bus
bus_13306,Central / 123rd,33.920167,-118.25451,,bus
bus_13307,Central / 12th,34.030367,-118.245283,,bus
bus_13309,Central / 16th,34.02659,-118.248734,,bus
bus_13310,Central / 22nd,34.021827,-118.253129,,bus
bus_13311,Central / 28th,34.016955,-118.255837,,bus
bus_13312,Central / 33rd,34.014101,-118.256669,,bus
bus_13313,Central / 41st,34.009506,-118.256715,,bus
bus_13315,Central / 43rd,34.00589,-118.256644,,bus
bus_13316,Central / 46th,34.001961,-118.256626,,bus
bus_13317,Central / 49th,33.999499,-118.256648,,bus
bus_13318,Central / 51st,33.996784,-118.256616,,bus
bus_13319,Central / 54th,33.993684,-118.2566,,bus
bus_13320,Central / 57th,33.990489,-118.25659,,bus
bus_13321,Central / 60th,33.985853,-118.256589,,bus
bus_13322,Central / 68th,33.978546,-118.256574,,bus
bus_13323,6th / Central,34.038978,-118.240153,,bus
bus_13324,Central / 75th,33.97224,-118.256548,,bus
bus_13325,Central / 76th,33.970421,-118.256542,,bus
bus_13326,Central / Industrial,34.037005,-118.241154,,bus
bus_13328,Central / 83rd,33.963944,-118.256539,,bus
bus_13331,Central / 95th,33.950375,-118.254288,,bus
bus_13332,Central / 92nd,33.95336,-118.256589,,bus
bus_13333,Central / 88th Pl,33.956671,-118.25655,,bus
bus_13338,Central / Adams,34.019026,-118.255031,,bus
bus_13339,Central / Alondra,33.888557,-118.250252,,bus
bus_13341,Central / 156th,33.89144,-118.250953,,bus
bus_13343,Central / Gage,33.981723,-118.256593,,bus
bus_13345,Central / Manchester,33.959776,-118.256572,,bus
bus_13346,Central / Olympic,34.03229,-118.244167,,bus
bus_13348,Central / Slauson,33.989024,-118.256629,,bus
bus_13351,Central / Washington,34.024261,-118.250919,,bus
bus_13352,Central / Greenleaf,33.88014,-118.248883,,bus
bus_13353,Central / Magnolia,34.130616,-118.257962,,bus
bus_13355,Central / Caldwell,33.883066,-118.249023,,bus
bus_13356,Central / Chevy Chase,34.13365,-118.257978,,bus
bus_13357,Central / Colorado,34.142347,-118.258038,,bus
bus_13359,Central / Americana,34.14397,-118.25805,,bus
bus_13360,Central / Lomita,34.140052,-118.258021,,bus
bus_13362,Central / Walnut,33.875199,-118.248914,,bus
bus_13363,Central / Windsor,34.136472,-118.257997,,bus
bus_13367,Crenshaw / 108th,33.93747,-118.326636,,bus
bus_13368,Crenshaw / 116th,33.92877,-118.326649,,bus
bus_13370,Crenshaw / 90th,33.955938,-118.326658,,bus
bus_13371,Crenshaw / Arbor Vitae,33.952077,-118.326631,,bus
bus_13372,Crenshaw / Hardy,33.949258,-118.32663,,bus
bus_13373,Crenshaw / Imperial,33.930636,-118.326643,,bus
bus_13375,Crenshaw / Manchester,33.960167,-118.326642,,bus
bus_13376,Del Mar / Marshall,34.074791,-118.099708,,bus
bus_13377,Del Mar / Valley,34.079078,-118.099703,,bus
bus_13391,Eastern / Bandini,33.991835,-118.161266,,bus
bus_13392,Eastern / 61st,33.98119,-118.162951,,bus
bus_13393,Eastern / Slauson,33.985484,-118.162266,,bus
bus_13394,Eastern / Washington,34.00052,-118.15988,,bus
bus_13395,Eastern / Everington,34.005547,-118.159131,,bus
bus_13396,Eastern / Harbor,34.004002,-118.159353,,bus
bus_13397,Eastern / Peachtree,33.983293,-118.162605,,bus
bus_13398,Eastern / Randolph,33.979508,-118.163198,,bus
bus_13399,Eastern / Rickenbacker,33.988925,-118.161719,,bus
bus_13400,Eastern / Stevens,34.007716,-118.158822,,bus
bus_13401,Fair Oaks / Bellevue,34.138156,-118.15054,,bus
bus_13402,Fair Oaks / California,34.135494,-118.150483,,bus
bus_13403,Fair Oaks / Del Mar,34.140443,-118.150561,,bus
bus_13404,Fair Oaks / Green,34.144328,-118.150594,,bus
bus_13405,Fairfax / Airdrome,34.0458,-118.36821,,bus
bus_13406,Washington Fairfax Hub,34.035671,-118.369126,,bus
bus_13408,Fairfax / Del Valle,34.061225,-118.362451,,bus
bus_13409,Fairfax / Drexel,34.068383,-118.361541,,bus
bus_13413,Fairfax / Saturn,34.049843,-118.367089,,bus
bus_13414,Fairfax / Venice,34.039525,-118.369671,,bus
bus_13415,Fairfax / 18th,34.043294,-118.369269,,bus
bus_13416,Fairfax / 3rd,34.071768,-118.361562,,bus
bus_13417,Fairfax / 6th,34.065033,-118.361519,,bus
bus_13419,Fairfax / Pico,34.051385,-118.366799,,bus
bus_13420,Fairfax / Whitworth,34.055705,-118.365124,,bus
bus_13421,Fairfax / Wilshire,34.062579,-118.361803,,bus
bus_13422,Figueroa / Exposition,34.019194,-118.28192,,bus
bus_13423,Figueroa / 12th,34.042434,-118.266586,,bus
bus_13424,Figueroa / State,34.016268,-118.282907,,bus
bus_13425,Figueroa / 108th,33.938059,-118.282689,,bus
bus_13426,Figueroa / 111th,33.933676,-118.282737,,bus
bus_13435,Figueroa / 23rd,34.030645,-118.274592,,bus
bus_13436,Figueroa / 30th,34.02486,-118.278243,,bus
bus_13437,Figueroa / 39th,34.013767,-118.282895,,bus
bus_13438,Figueroa / 41st,34.007623,-118.282874,,bus
bus_13439,Figueroa / 41st,34.009783,-118.282882,,bus
bus_13441,Figueroa / 47th,34.000831,-118.282841,,bus
bus_13442,Figueroa / 49th,33.998437,-118.28283,,bus
bus_13443,Figueroa / 51st,33.996269,-118.282823,,bus
bus_13444,Figueroa / 54th,33.993439,-118.28282,,bus
bus_13445,Figueroa / 56th,33.991614,-118.282814,,bus
bus_13446,Figueroa / 59th,33.986138,-118.282822,,bus
bus_13447,Figueroa / 61st,33.984332,-118.282815,,bus
bus_13448,Figueroa / 65th,33.980782,-118.28281,,bus
bus_13449,Figueroa / 69th,33.97752,-118.282819,,bus
bus_13451,Figueroa / 76th,33.970906,-118.282833,,bus
bus_13452,Figueroa / 79th,33.968005,-118.282839,,bus
bus_13454,Figueroa / 82nd,33.964482,-118.282847,,bus
bus_13455,Figueroa / 84th,33.962308,-118.28285,,bus
bus_13456,Figueroa / 88th,33.956906,-118.282842,,bus
bus_13457,Figueroa / 92nd,33.952971,-118.282838,,bus
bus_13458,Figueroa / 98th,33.947517,-118.282797,,bus
bus_13460,Figueroa Way / Adams,34.028545,-118.27465,,bus
bus_13463,Figueroa / Century,33.945755,-118.282741,,bus
bus_13465,Figueroa / Colden,33.949311,-118.282826,,bus
bus_13466,Figueroa / Florence,33.974932,-118.2828,,bus
bus_13468,Figueroa / Gage,33.982184,-118.282818,,bus
bus_13469,Figueroa / Imperial,33.930725,-118.28274,,bus
bus_13470,Figueroa / Jefferson,34.021742,-118.280262,,bus
bus_13471,Figueroa / Manchester,33.95981,-118.282848,,bus
bus_13474,Figueroa / Pico,34.040474,-118.268313,,bus
bus_13477,Rosecrans / Broadway,33.902091,-118.278672,,bus
bus_13478,Figueroa / Slauson,33.988902,-118.282811,,bus
bus_13480,Figueroa / Vernon,34.003958,-118.282849,,bus
bus_13488,Flower / 5th,34.05117,-118.256608,,bus
bus_13495,Flower / 9th,34.046123,-118.261373,,bus
bus_13500,Fremont / Orange,34.083634,-118.152067,,bus
bus_13501,Fremont / Poplar,34.091523,-118.15218,,bus
bus_13503,Fremont / Commonwealth,34.087572,-118.152127,,bus
bus_13505,Fremont / Glendon,34.073613,-118.151963,,bus
bus_13507,Fremont / Mission,34.07949,-118.152023,,bus
bus_13508,Fremont / Valley,34.076635,-118.152008,,bus
bus_13522,Garfield / Olympic,34.011684,-118.130934,,bus
bus_13523,Garfield / Pomona,34.033882,-118.129985,,bus
bus_13533,Garfield / Whittier,34.014364,-118.130252,,bus
bus_13534,Garvey / Ramona,34.065407,-118.155445,,bus
bus_13535,Glendale / Cerritos,34.125308,-118.253462,,bus
bus_13536,Glendale / Chevy Chase,34.133687,-118.2521,,bus
bus_13537,Glendale / Colorado,34.142821,-118.249355,,bus
bus_13539,Glendale / Harvard,34.144667,-118.248058,,bus
bus_13540,Glendale / Lomita,34.141336,-118.250064,,bus
bus_13541,Glendale / Los Feliz,34.12839,-118.252956,,bus
bus_13542,Glendale / Maple,34.138943,-118.251065,,bus
bus_13543,Glendale / Palmer,34.132414,-118.252304,,bus
bus_13544,Glendale / Windsor,34.137312,-118.251513,,bus
bus_13545,Glenoaks / Alameda,34.176667,-118.297812,,bus
bus_13546,Glenoaks / Providencia,34.179274,-118.301214,,bus
bus_13547,Glenoaks / Tujunga,34.181721,-118.303967,,bus
bus_13548,Glenoaks / Verdugo,34.181038,-118.303485,,bus
bus_13549,Grand / Venice,34.03598,-118.266348,,bus
bus_13551,Grand / 11th,34.041771,-118.261973,,bus
bus_13553,Grand / 14th,34.0374,-118.265438,,bus
bus_13554,Figueroa / Venice,34.037236,-118.270046,,bus
bus_13558,Grand / 23rd,34.028906,-118.270547,,bus
bus_13560,Grand / 3rd,34.052881,-118.251572,,bus
bus_13561,Grand / 5th,34.05007,-118.254268,,bus
bus_13562,Grand / 6th,34.048933,-118.255274,,bus
bus_13567,Grand / 7th,34.04654,-118.257495,,bus
bus_13568,Grand / 8th,34.045723,-118.258252,,bus
bus_13570,Jefferson / Grand,34.020515,-118.276456,,bus
bus_13572,Grand / Olympic,34.043258,-118.260565,,bus
bus_13573,Grand / 23rd,34.02931,-118.270634,,bus
bus_13574,Pico / Grand,34.038869,-118.264552,,bus
bus_13575,Grand / Washington,34.032937,-118.268322,,bus
bus_13576,Grand / Washington,34.032524,-118.268585,,bus
bus_13585,Harbor / 6th,33.73848,-118.280004,,bus
bus_13586,Hawthorne / Lennox,33.937926,-118.352769,,bus
bus_13587,Hawthorne / 104th,33.941554,-118.352787,,bus
bus_13588,Hawthorne / Century,33.945046,-118.352795,,bus
bus_13596,Hill / 4th,34.050438,-118.250406,,bus
bus_13597,Hill / 5th,34.048613,-118.252055,,bus
bus_13598,Hill / 6th,34.047228,-118.253407,,bus
bus_13600,Hill / 7th,34.045695,-118.254528,,bus
bus_13601,Hill / 8th,34.04431,-118.255798,,bus
bus_13602,Hill / 9th,34.043176,-118.256848,,bus
bus_13603,Hill / Olympic,34.041446,-118.25845,,bus
bus_13606,Hoover / Santa Monica Fwy,34.036723,-118.284151,,bus
bus_13608,Hoover / 24th,34.034538,-118.284134,,bus
bus_13609,Hoover / 28th,34.029504,-118.284097,,bus
bus_13610,Hoover / 30th,34.027122,-118.284099,,bus
bus_13612,Hoover / Adams,34.03143,-118.284123,,bus
bus_13613,Hoover / Washington,34.039671,-118.284224,,bus
bus_13617,Indiana / 6th,34.02819,-118.192452,,bus
bus_13618,Indiana / Whittier,34.024233,-118.192406,,bus
bus_13619,Inglewood / Century,33.945175,-118.36117,,bus
bus_13620,La Brea / Coliseum,34.018568,-118.355712,,bus
bus_13621,La Brea / Dockweiler,34.052081,-118.34426,,bus
bus_13625,La Brea / Hardy,33.949226,-118.3528,,bus
bus_13633,La Brea / Edgewood,34.054669,-118.343571,,bus
bus_13636,La Brea / Obama,34.021735,-118.355777,,bus
bus_13637,La Brea / Roseland,34.027408,-118.353727,,bus
bus_13638,La Brea / San Vicente,34.04983,-118.344334,,bus
bus_13639,La Brea / Tamarack,33.954947,-118.35255,,bus
bus_13640,La Brea / Venice,34.046208,-118.345438,,bus
bus_13641,La Brea / 1st,34.073726,-118.344145,,bus
bus_13643,La Brea / 23rd,34.036076,-118.349528,,bus
bus_13644,La Brea / 2nd,34.07125,-118.344174,,bus
bus_13645,La Brea / 3rd,34.069115,-118.344165,,bus
bus_13646,La Brea / 4th,34.06703,-118.344167,,bus
bus_13647,La Brea / 62nd,33.984,-118.358353,,bus
bus_13649,La Brea / 8th,34.060672,-118.344801,,bus
bus_13650,La Brea / 9th,34.059052,-118.345438,,bus
bus_13651,La Brea / Adams,34.032227,-118.351255,,bus
bus_13653,La Brea / Olympic,34.057451,-118.346022,,bus
bus_13654,La Brea / Pico,34.048051,-118.344749,,bus
bus_13655,Slauson / La Brea,33.988455,-118.35818,,bus
bus_13656,La Brea / Washington,34.040627,-118.347557,,bus
bus_13657,La Brea / Westhaven,34.028983,-118.352684,,bus
bus_13658,La Brea / Wilshire,34.062523,-118.344181,,bus
bus_13659,La Cienega / Airdrome,34.047248,-118.376304,,bus
bus_13660,La Cienega / Cashio,34.050853,-118.376297,,bus
bus_13661,La Cienega / Clemson,34.024362,-118.372343,,bus
bus_13662,La Cienega / Gregory,34.062394,-118.376273,,bus
bus_13663,La Cienega / Guthrie,34.040521,-118.377083,,bus
bus_13665,La Cienega / San Vicente,34.071824,-118.376567,,bus
bus_13666,La Cienega / Sawyer,34.04232,-118.376592,,bus
bus_13667,La Cienega / 18th,34.044688,-118.376953,,bus
bus_13668,3rd / La Cienega,34.073566,-118.376792,,bus
bus_13670,La Cienega / Jefferson,34.026129,-118.372249,,bus
bus_13671,La Cienega / Olympic,34.059196,-118.376305,,bus
bus_13672,La Cienega / Pico,34.053098,-118.376307,,bus
bus_13673,La Cienega / Whitworth,34.057193,-118.376303,,bus
bus_13675,La Tijera / Fairview,33.980042,-118.369537,,bus
bus_13677,Lake / Cordova,34.142318,-118.132477,,bus
bus_13680,Lake / Green,34.144341,-118.13248,,bus
bus_13682,Locust / Manchester,33.962019,-118.350281,,bus
bus_13684,Long Beach / Bennett,33.882761,-118.205441,,bus
bus_13687,Long Beach / Myrrh,33.892514,-118.20788,,bus
bus_13688,Olympic / Lorena,34.018891,-118.206293,,bus
bus_13695,Del Mar / Los Robles,34.140284,-118.141026,,bus
bus_13700,Main / 11th,34.039265,-118.258176,,bus
bus_13703,Main / 12th,34.037779,-118.259379,,bus
bus_13706,Main / 47th,33.999961,-118.273815,,bus
bus_13707,Main / 49th,33.998208,-118.273806,,bus
bus_13709,Main / 53rd,33.994111,-118.273789,,bus
bus_13712,Main / 59th,33.985917,-118.273766,,bus
bus_13714,Main / 9th,34.041362,-118.255611,,bus
bus_13716,Main / Pico,34.036791,-118.260178,,bus
bus_13717,Main / Vernon,34.003649,-118.273824,,bus
bus_13718,Main / 46th,34.001885,-118.273818,,bus
bus_13728,Mednik / 4th,34.031475,-118.163606,,bus
bus_13731,Mission / Broadway,34.099513,-118.10966,,bus
bus_13732,25965 Normandie,33.787348,-118.297652,,bus
bus_13734,Normandie / Exposition,34.017872,-118.300306,,bus
bus_13735,Normandie / Leighton,34.01295,-118.300289,,bus
bus_13738,Normandie / Santa Monica Fwy,34.037326,-118.300399,,bus
bus_13739,Normandie / 104th,33.942457,-118.300389,,bus
bus_13740,Normandie / 106th,33.940173,-118.300394,,bus
bus_13741,Normandie / 110th,33.935639,-118.30041,,bus
bus_13742,Normandie / 112th,33.932943,-118.300414,,bus
bus_13743,Normandie / 11th,34.05102,-118.300085,,bus
bus_13747,Normandie / 24th,34.034683,-118.30037,,bus
bus_13748,Normandie / 29th,34.02927,-118.30035,,bus
bus_13750,Normandie / 36th,34.022021,-118.300315,,bus
bus_13751,Normandie / 39th,34.015665,-118.300292,,bus
bus_13752,Normandie / 3rd,34.069193,-118.300477,,bus
bus_13753,Normandie / 42nd,34.007474,-118.300299,,bus
bus_13754,Normandie / 46th,34.002061,-118.300289,,bus
bus_13755,Normandie / 4th,34.066935,-118.300476,,bus
bus_13756,Normandie / 51st,33.997024,-118.300291,,bus
bus_13760,Normandie / 60th,33.986021,-118.300327,,bus
bus_13763,Normandie / 67th,33.978654,-118.30038,,bus
bus_13764,Normandie / 6th,34.063747,-118.300481,,bus
bus_13765,Normandie / 70th,33.976343,-118.300388,,bus
bus_13767,Normandie / 76th,33.971111,-118.300426,,bus
bus_13769,Normandie / 79th,33.967437,-118.30036,,bus
bus_13771,Normandie / 83rd,33.963401,-118.300362,,bus
bus_13772,Normandie / 89th,33.956831,-118.300358,,bus
bus_13773,Normandie / 92nd,33.952885,-118.300363,,bus
bus_13774,Normandie / 95th,33.949258,-118.300374,,bus
bus_13775,Normandie / 98th,33.947136,-118.300379,,bus
bus_13776,Normandie / Adams,34.032463,-118.300355,,bus
bus_13777,Normandie / Century,33.945683,-118.300377,,bus
bus_13778,Normandie / Florence,33.974788,-118.300402,,bus
bus_13779,Normandie / Gage,33.98249,-118.300358,,bus
bus_13781,Normandie / Wilshire,34.061243,-118.30066,,bus
bus_13782,Normandie / Jefferson,34.025244,-118.300353,,bus
bus_13783,Normandie / Manchester,33.960208,-118.300367,,bus
bus_13784,Normandie / Olympic,34.052355,-118.3001,,bus
bus_13785,Normandie / Pico,34.046961,-118.300246,,bus
bus_13786,Normandie / Slauson,33.989286,-118.300306,,bus
bus_13787,Normandie / Venice,34.043924,-118.300476,,bus
bus_13788,Normandie / Vernon,34.003877,-118.300289,,bus
bus_13789,Normandie / Washington,34.040168,-118.300505,,bus
bus_13790,Normandie / Wilshire,34.06145,-118.300251,,bus
bus_13797,Pacific / Hamilton,33.722587,-118.288129,,bus
bus_13799,Pacific / Riverdale,34.138856,-118.264528,,bus
bus_13800,Pacific / Shepard,33.707191,-118.288096,,bus
bus_13801,Pacific / Vine,34.140967,-118.264531,,bus
bus_13802,Pacific / 11th,33.734369,-118.288074,,bus
bus_13803,Pacific / 15th,33.730739,-118.288095,,bus
bus_13804,Pacific / 17th,33.728929,-118.288105,,bus
bus_13805,Pacific / 19th,33.727104,-118.288122,,bus
bus_13806,Pacific / 21st,33.725016,-118.287822,,bus
bus_13809,Pacific / 22nd,33.724384,-118.288129,,bus
bus_13810,Pacific / 26th,33.720746,-118.28811,,bus
bus_13811,Pacific / 28th,33.71896,-118.288094,,bus
bus_13812,Pacific / 30th,33.717119,-118.288088,,bus
bus_13813,Pacific / 32nd,33.7153,-118.288085,,bus
bus_13814,Pacific / 34th,33.713497,-118.288082,,bus
bus_13815,Pacific / 36th,33.711266,-118.288084,,bus
bus_13816,Pacific / 38th,33.709362,-118.288084,,bus
bus_13817,Pacific / 3rd,33.741217,-118.288042,,bus
bus_13818,Pacific / 5th,33.739807,-118.28805,,bus
bus_13822,Pacific / 9th,33.736213,-118.288064,,bus
bus_13823,Pacific / Colorado,34.142247,-118.264522,,bus
bus_13825,Palos Verdes / Seahill,33.744557,-118.391532,,bus
bus_13826,Prairie / 104th,33.941562,-118.34406,,bus
bus_13827,Prairie / 120th,33.923421,-118.344032,,bus
bus_13828,Prairie / Century,33.945192,-118.344068,,bus
bus_13830,Robertson / Airdrome,34.049046,-118.385546,,bus
bus_13831,Robertson / Beverlywood,34.038452,-118.388504,,bus
bus_13832,Robertson / Burton,34.071997,-118.383598,,bus
bus_13833,Robertson / Cashio,34.052381,-118.384208,,bus
bus_13834,Robertson / Cattaraugus,34.034615,-118.389526,,bus
bus_13836,Robertson / Gregory,34.062679,-118.38368,,bus
bus_13837,Robertson / Kincardine,34.033108,-118.389991,,bus
bus_13839,Robertson / Sawyer,34.044648,-118.386819,,bus
bus_13840,Robertson / 24th,34.039901,-118.388111,,bus
bus_13841,Robertson / 3rd,34.07334,-118.383901,,bus
bus_13842,Robertson / Olympic,34.059115,-118.383763,,bus
bus_13843,Robertson / Whitworth,34.056831,-118.383812,,bus
bus_13844,Rosemead / Del Mar,34.142457,-118.073479,,bus
bus_13846,Rosemead / Huntington,34.13002,-118.073293,,bus
bus_13851,San Fernando / Providencia,34.177283,-118.30403,,bus
bus_13853,San Gabriel / California,34.13546,-118.09446,,bus
bus_13857,San Gabriel / Kinghurst,34.124763,-118.090262,,bus
bus_13859,San Gabriel / Morningside,34.144049,-118.094751,,bus
bus_13862,San Gabriel / San Pasqual,34.137581,-118.094707,,bus
bus_13863,San Gabriel / Shakespeare,34.130108,-118.092709,,bus
bus_13864,San Pedro / 110th,33.936174,-118.26936,,bus
bus_13865,San Pedro / 104th,33.941804,-118.269365,,bus
bus_13866,San Pedro / 108th,33.938092,-118.269304,,bus
bus_13867,San Pedro / 111th,33.934267,-118.26948,,bus
bus_13868,San Pedro / 11th,34.035066,-118.252119,,bus
bus_13869,San Pedro / 12th,34.033576,-118.253551,,bus
bus_13872,San Pedro / 14th,34.031249,-118.254841,,bus
bus_13873,San Pedro / 21st,34.025619,-118.258556,,bus
bus_13874,San Pedro / 23rd,34.024119,-118.259519,,bus
bus_13875,San Pedro / 30th,34.018261,-118.263246,,bus
bus_13877,San Pedro / 67th,33.978672,-118.269418,,bus
bus_13879,San Pedro / 76th,33.971187,-118.269407,,bus
bus_13880,San Pedro / 78th,33.969077,-118.2694,,bus
bus_13884,San Pedro / 88th,33.956354,-118.26935,,bus
bus_13885,San Pedro / 8th,34.038292,-118.249089,,bus
bus_13886,San Pedro / 92nd,33.952744,-118.269358,,bus
bus_13888,San Pedro / Adams,34.021406,-118.261249,,bus
bus_13889,San Pedro / Century,33.945871,-118.269362,,bus
bus_13890,San Pedro / Colden,33.949086,-118.269359,,bus
bus_13891,San Pedro / Florence,33.974586,-118.269415,,bus
bus_13892,San Pedro / Manchester,33.959957,-118.269351,,bus
bus_13893,San Pedro / Pico,34.032869,-118.253697,,bus
bus_13896,San Pedro / Washington,34.027396,-118.257417,,bus
bus_13906,Santa Anita / Bonita,34.137996,-118.031525,,bus
bus_13907,Santa Anita / Diamond,34.135366,-118.031485,,bus
bus_13908,Santa Anita / Camino Real,34.121932,-118.031229,,bus
bus_13909,Santa Anita / Duarte,34.128793,-118.031363,,bus
bus_13910,Santa Anita / Huntington,34.139774,-118.031553,,bus
bus_13911,Santa Anita / Live Oak,34.107855,-118.030599,,bus
bus_13912,Santa Anita / Longden,34.114296,-118.03109,,bus
bus_13913,Santa Anita / Palm,34.111441,-118.03103,,bus
bus_13914,Santa Anita / Genoa,34.132467,-118.031431,,bus
bus_13916,Santa Fe / 15th,34.021274,-118.230337,,bus
bus_13918,Santa Fe / 25th,34.014997,-118.230488,,bus
bus_13919,Santa Fe / 27th,34.012964,-118.230456,,bus
bus_13920,Santa Fe / 30th,34.010117,-118.230422,,bus
bus_13921,Santa Fe / 38th,34.008249,-118.230404,,bus
bus_13925,Santa Fe / Harcourt,33.867347,-118.212845,,bus
bus_13926,Santa Fe / Olympic,34.0258,-118.230062,,bus
bus_13930,Santa Fe / Violet,34.032708,-118.230144,,bus
bus_13931,Sepulveda / Homedale,34.069709,-118.463298,,bus
bus_13933,Sepulveda / La Tijera,33.956971,-118.396373,,bus
bus_13941,Riverside / Laurelgrove,34.157725,-118.400677,,bus
bus_13947,Soto / 26th,34.014547,-118.220059,,bus
bus_13948,Soto / 37th,34.009071,-118.21987,,bus
bus_13949,Soto / 46th,34.002009,-118.219779,,bus
bus_13951,Soto / 54th,33.993466,-118.219569,,bus
bus_13952,Soto / 6th,34.03764,-118.213796,,bus
bus_13954,Soto / 7th,34.032521,-118.216981,,bus
bus_13955,Soto / 8th,34.02752,-118.219651,,bus
bus_13956,Soto / Olympic,34.02403,-118.220018,,bus
bus_13959,Soto / Washington,34.017033,-118.220181,,bus
bus_13960,Soto / Fruitland,33.99656,-118.219649,,bus
bus_13961,Soto / Leonis,34.000212,-118.219735,,bus
bus_13968,Spring / 3rd,34.049661,-118.247621,,bus
bus_13971,Spring / 6th,34.046112,-118.250908,,bus
bus_13973,Spring / 7th,34.044724,-118.252234,,bus
bus_13974,Spring / 7th,34.044403,-118.252563,,bus
bus_13977,Spring / 9th,34.042464,-118.254314,,bus
bus_13979,Rosemead / Whitmore,34.065487,-118.068158,,bus
bus_13981,Sunset / Fairview,34.128403,-118.065011,,bus
bus_13983,Susana / Val Verde,33.851565,-118.206903,,bus
bus_13984,Susana / Reyes,33.855281,-118.206263,,bus
bus_13987,Van Ness / Cullivan,33.935545,-118.317886,,bus
bus_13988,Van Ness / Hyde Park,33.984539,-118.317808,,bus
bus_13989,Van Ness / Southwest,33.983487,-118.317811,,bus
bus_13990,Van Ness / 104th,33.941991,-118.317864,,bus
bus_13992,Van Ness / 111th,33.933638,-118.317885,,bus
bus_13994,Van Ness / 120th,33.923877,-118.317904,,bus
bus_13995,Van Ness / 59th,33.987449,-118.317786,,bus
bus_13996,Van Ness / 65th,33.980145,-118.317838,,bus
bus_13997,Van Ness / 67th,33.978348,-118.317847,,bus
bus_13998,Van Ness / 74th,33.972919,-118.317856,,bus
bus_13999,Van Ness / 76th,33.971072,-118.317859,,bus
bus_14000,Van Ness / Maitland,33.966947,-118.31786,,bus
bus_14001,Van Ness / 83rd,33.96379,-118.317868,,bus
bus_14002,Van Ness / 90th,33.956497,-118.317847,,bus
bus_14003,Van Ness / Arbor Vitae,33.952895,-118.31785,,bus
bus_14004,Van Ness / Century,33.945198,-118.317857,,bus
bus_14005,Van Ness / Florence,33.974782,-118.317853,,bus
bus_14006,Van Ness / Gage,33.981978,-118.317825,,bus
bus_14007,Van Ness / 96th,33.949237,-118.317849,,bus
bus_14008,Van Ness / Imperial,33.930698,-118.317891,,bus
bus_14009,Manchester / Van Ness,33.960109,-118.317544,,bus
bus_14010,Rosemead / Whitmore,34.06561,-118.067884,,bus
bus_14011,Van Ness / Slauson,33.989307,-118.317664,,bus
bus_14012,Venice / Lincoln,33.994093,-118.45322,,bus
bus_14017,Vermont / Exposition,34.018511,-118.291692,,bus
bus_14018,Vermont / Leighton,34.013367,-118.291691,,bus
bus_14019,Vermont / Lomita,33.797922,-118.290955,,bus
bus_14021,Vermont / Venice,34.043973,-118.291732,,bus
bus_14022,Vermont / 103rd,33.943348,-118.292041,,bus
bus_14023,Vermont / 105th,33.940977,-118.292049,,bus
bus_14025,Vermont / 110th,33.93564,-118.29206,,bus
bus_14026,Vermont / 112th,33.93298,-118.29207,,bus
bus_14027,Vermont / 119th,33.924355,-118.291997,,bus
bus_14031,Vermont / 11th,34.051054,-118.29176,,bus
bus_14032,Vermont / 120th,33.923421,-118.291941,,bus
bus_14034,Vermont / 190th,33.85855,-118.290678,,bus
bus_14036,Vermont / 24th,34.034644,-118.291643,,bus
bus_14038,Vermont / 29th,34.028829,-118.291689,,bus
bus_14039,Vermont / 36th,34.021795,-118.291691,,bus
bus_14041,Vermont / 39th,34.015634,-118.291696,,bus
bus_14042,Vermont / 3rd,34.068783,-118.291802,,bus
bus_14043,Vermont / 42nd,34.007465,-118.291693,,bus
bus_14044,Vermont / 46th,34.001376,-118.291682,,bus
bus_14045,Vermont / 48th,33.999339,-118.291668,,bus
bus_14046,Vermont / 4th,34.067519,-118.291797,,bus
bus_14047,Vermont / 51st,33.99705,-118.29166,,bus
bus_14050,Vermont / 54th,33.993379,-118.291638,,bus
bus_14051,Vermont / 56th,33.991552,-118.291625,,bus
bus_14053,Vermont / 60th,33.985655,-118.291621,,bus
bus_14054,Vermont / 66th,33.978884,-118.291769,,bus
bus_14055,Vermont / 69th,33.976779,-118.291765,,bus
bus_14058,Vermont / 76th,33.970805,-118.291783,,bus
bus_14059,Vermont / 79th,33.967508,-118.291792,,bus
bus_14060,Vermont / 7th,34.059504,-118.291782,,bus
bus_14061,Vermont / 81st,33.965208,-118.291794,,bus
bus_14062,Vermont / 83rd,33.963367,-118.291794,,bus
bus_14063,Vermont / 88th,33.957698,-118.291909,,bus
bus_14064,Vermont / 8th,34.057899,-118.291783,,bus
bus_14065,Vermont / 90th,33.955516,-118.292024,,bus
bus_14068,Vermont / 93rd,33.952298,-118.292026,,bus
bus_14069,Vermont / 94th,33.951105,-118.292028,,bus
bus_14071,Vermont / James M Wood,34.056096,-118.291771,,bus
bus_14072,Vermont / Adams,34.032495,-118.291685,,bus
bus_14073,Harbor Fwy / Carson,33.831269,-118.287584,,bus
bus_14074,Vermont / Century,33.945673,-118.292042,,bus
bus_14075,Vermont / Colden,33.949273,-118.292035,,bus
bus_14076,Vermont / Florence,33.974301,-118.291756,,bus
bus_14077,Vermont / Gage,33.982355,-118.291622,,bus
bus_14078,Vermont / Imperial,33.930702,-118.292076,,bus
bus_14079,Vermont / Jefferson,34.025702,-118.291688,,bus
bus_14080,Vermont / Manchester,33.959704,-118.291824,,bus
bus_14081,Vermont / Manchester,33.959814,-118.291824,,bus
bus_14082,Vermont / Olympic,34.052763,-118.291762,,bus
bus_14084,Vermont / Sepulveda,33.809865,-118.290486,,bus
bus_14086,Vermont / Torrance,33.841751,-118.290165,,bus
bus_14087,Vermont / Vernon,34.003871,-118.291697,,bus
bus_14088,Vermont / Washington,34.040206,-118.291712,,bus
bus_14089,Vermont / Wilshire,34.062078,-118.291782,,bus
bus_14092,Woodman / Montague,34.229681,-118.435972,,bus
bus_14094,Western / Santa Monica Fwy,34.037527,-118.309153,,bus
bus_14100,Western / 104th,33.941986,-118.30916,,bus
bus_14102,Western / 110th,33.935452,-118.309192,,bus
bus_14105,Western / 11th,34.050975,-118.309193,,bus
bus_14108,Western / 2nd,34.071295,-118.309268,,bus
bus_14109,Western / 36th,34.021614,-118.309039,,bus
bus_14111,Western / 38th,34.016586,-118.30905,,bus
bus_14112,Western / 39th,34.014775,-118.309053,,bus
bus_14113,Western / 3rd,34.069119,-118.30926,,bus
bus_14114,Western / 42nd,34.007416,-118.309059,,bus
bus_14115,Western / 48th,34.000219,-118.309065,,bus
bus_14117,Western / 51st,33.997112,-118.309067,,bus
bus_14118,Western / 54th,33.993394,-118.30908,,bus
bus_14122,Western / 5th,34.065495,-118.309244,,bus
bus_14123,Western / 60th,33.985373,-118.309086,,bus
bus_14124,Western / 62nd,33.983529,-118.309089,,bus
bus_14125,Western / 67th,33.978643,-118.309104,,bus
bus_14126,Western / 69th,33.97714,-118.309112,,bus
bus_14128,Western / 76th,33.971064,-118.309122,,bus
bus_14129,Western / 79th,33.967448,-118.309129,,bus
bus_14130,Western / 7th,34.059834,-118.309219,,bus
bus_14131,Western / 83rd,33.963802,-118.309139,,bus
bus_14132,Western / 89th,33.956484,-118.309145,,bus
bus_14133,Western / 8th,34.058194,-118.309217,,bus
bus_14134,Western / 92nd,33.952857,-118.309138,,bus
bus_14136,Western / 96th,33.948815,-118.309152,,bus
bus_14137,Western / 9th,34.056006,-118.309218,,bus
bus_14141,Western / Century,33.945611,-118.309141,,bus
bus_14143,Western / Florence,33.974159,-118.309117,,bus
bus_14144,Western / Gage,33.982045,-118.309104,,bus
bus_14145,Imperial / Western,33.931104,-118.309374,,bus
bus_14147,Western / Imperial,33.932186,-118.30886,,bus
bus_14148,Western / Jefferson,34.025755,-118.309054,,bus
bus_14152,Western / Olympic,34.052346,-118.309205,,bus
bus_14154,Western / Pico,34.047345,-118.309177,,bus
bus_14156,Western / Vernon,34.003363,-118.309057,,bus
bus_14157,Western / Washington,34.040085,-118.309143,,bus
bus_14161,Willowbrook / Piru,33.91037,-118.22879,,bus
bus_14162,Willowbrook / Alondra,33.888732,-118.224016,,bus
bus_14163,Willowbrook / 130th,33.914098,-118.230721,,bus
bus_14164,Willowbrook / El Segundo,33.916374,-118.231937,,bus
bus_14166,Willowbrook / Caldwell,33.884072,-118.223677,,bus
bus_14168,Wilmington / 120th,33.923573,-118.238909,,bus
bus_14169,124th / Anzac,33.919781,-118.237708,,bus
bus_14171,120th / Wilmington,33.924713,-118.239387,,bus
bus_14177,San Antonio / Firestone,33.90894,-118.075799,,bus
bus_14178,San Antonio / Foster,33.907178,-118.077165,,bus
bus_14179,San Antonio / Olive,33.9112,-118.074094,,bus
bus_14180,San Antonio / Orange,33.904211,-118.080243,,bus
bus_14184,San Fernando / Del Sur,34.27647,-118.433297,,bus
bus_14185,San Fernando / Sheldon,34.239004,-118.393643,,bus
bus_14186,San Fernando Mission / Sepulveda,34.272193,-118.467814,,bus
bus_14189,San Fernando Mission / Hollister,34.282455,-118.445543,,bus
bus_14190,San Fernando Mission / Kewen,34.28124,-118.447208,,bus
bus_14191,San Fernando Mission / Mott,34.280566,-118.448135,,bus
bus_14194,San Fernando / Allen,34.171319,-118.295846,,bus
bus_14196,San Fernando / Arvilla,34.210509,-118.356186,,bus
bus_14197,San Fernando / Astoria,34.296321,-118.455702,,bus
bus_14198,San Fernando / Bledsoe,34.304543,-118.46591,,bus
bus_14199,San Fernando / Branford,34.248248,-118.403412,,bus
bus_14200,San Fernando / Cobalt,34.307097,-118.469666,,bus
bus_14201,San Fernando / Desmond,34.274171,-118.430858,,bus
bus_14202,San Fernando / El Casco,34.303376,-118.464847,,bus
bus_14203,San Fernando / Filmore,34.269087,-118.42547,,bus
bus_14205,San Fernando / Highland,34.156941,-118.277764,,bus
bus_14206,San Fernando / Kagel Canyon,34.256871,-118.412521,,bus
bus_14207,San Fernando / Lakeside,34.301005,-118.461784,,bus
bus_14209,San Fernando / Magnolia,34.130881,-118.261271,,bus
bus_14210,San Fernando / Montague,34.251228,-118.406543,,bus
bus_14211,Sun Valley Metrolink Station,34.221552,-118.372879,,bus
bus_14212,San Fernando / Osborne,34.254253,-118.409761,,bus
bus_14213,San Fernando / Paxton,34.271751,-118.428337,,bus
bus_14214,San Fernando / Flower,34.159206,-118.279874,,bus
bus_14215,San Fernando / Pendleton,34.230358,-118.384481,,bus
bus_14216,San Fernando / Penrose,34.224525,-118.377265,,bus
bus_14217,San Fernando / Pierce,34.263143,-118.419161,,bus
bus_14218,San Fernando / Polk,34.298889,-118.459054,,bus
bus_14220,San Fernando / Rosedale,34.16414,-118.285979,,bus
bus_14221,San Fernando / Roxford,34.309714,-118.473045,,bus
bus_14222,San Fernando / Glendale,34.122532,-118.253834,,bus
bus_14223,San Fernando / Central,34.126566,-118.25792,,bus
bus_14227,San Fernando / Sonora,34.165682,-118.288104,,bus
bus_14228,San Fernando / Clybourn,34.215856,-118.364518,,bus
bus_14229,San Fernando / Sunland,34.218819,-118.368851,,bus
bus_14230,San Fernando / Terra Bella,34.260159,-118.415999,,bus
bus_14232,San Fernando / Truesdale,34.242304,-118.397089,,bus
bus_14233,San Fernando / Tuxford,34.22748,-118.381298,,bus
bus_14235,San Fernando / Van Nuys,34.26624,-118.422454,,bus
bus_14238,San Fernando / California,34.150067,-118.273649,,bus
bus_14239,San Fernando / Chevy Chase,34.133609,-118.26271,,bus
bus_14242,San Fernando / Los Feliz,34.128129,-118.25921,,bus
bus_14243,San Fernando / Western,34.168512,-118.291985,,bus
bus_14245,San Fernando / Wicks,34.236013,-118.390475,,bus
bus_14248,San Gabriel / Canterbury,34.131968,-118.093491,,bus
bus_14257,San Pedro / 16th,34.029636,-118.255942,,bus
bus_14261,San Vicente / Cynthia,34.087097,-118.385318,,bus
bus_14273,San Vicente / Carrillo,34.060875,-118.367411,,bus
bus_14279,Fairfax / Olympic,34.057735,-118.36422,,bus
bus_14280,San Vicente / Orange Grove,34.058709,-118.363251,,bus
bus_14289,San Vicente / Sunset,34.090446,-118.385426,,bus
bus_14300,Santa Ana / Seville,33.964771,-118.222237,,bus
bus_14308,Santa Ana / California,33.963007,-118.205074,,bus
bus_14309,Santa Ana / Cypress,33.96412,-118.215762,,bus
bus_14313,Santa Ana / South Gate,33.963842,-118.213169,,bus
bus_14314,Santa Ana / Victoria,33.963193,-118.208748,,bus
bus_14316,Santa Anita / Bodger,34.064438,-118.04281,,bus
bus_14317,Santa Anita / Bryant,34.081892,-118.035084,,bus
bus_14318,Santa Anita / Daines,34.103832,-118.02998,,bus
bus_14320,Santa Anita / Freer,34.100169,-118.029298,,bus
bus_14321,Santa Anita / La Sierra,34.126386,-118.031316,,bus
bus_14322,Santa Anita / Lower Azusa,34.091671,-118.026696,,bus
bus_14323,Santa Anita / McGirk,34.085944,-118.029125,,bus
bus_14324,Santa Anita / Mildred,34.067284,-118.042511,,bus
bus_14325,Santa Anita / Mulhall,34.088818,-118.027593,,bus
bus_14326,Santa Anita / Naomi,34.124064,-118.031269,,bus
bus_14327,Santa Anita / Tyler,34.085352,-118.030815,,bus
bus_14328,Santa Anita / Valley,34.076702,-118.041049,,bus
bus_14329,Santa Anita / West Hondo,34.096449,-118.02856,,bus
bus_14330,Santa Anita / Wistaria,34.117065,-118.031124,,bus
bus_14332,4900 Santa Anita,34.093814,-118.026938,,bus
bus_14333,Santa Anita / Amador,34.070439,-118.042314,,bus
bus_14336,Santa Fe / RR-Xing,33.871502,-118.213988,,bus
bus_14342,Santa Gertrudes / Starbuck,33.940022,-117.992947,,bus
bus_14344,Santa Gertrudes / Leffingwell,33.931452,-117.993277,,bus
bus_14345,Santa Gertrudes / Starbuck,33.939736,-117.993191,,bus
bus_14346,Santa Gertrudes / Yermo,33.936296,-117.993194,,bus
bus_14349,Santa Monica / Vermont,34.090999,-118.291945,,bus
bus_14353,Crescent Heights / Fountain,34.094136,-118.366045,,bus
bus_14354,Santa Monica / 14th,34.024295,-118.485689,,bus
bus_14357,Santa Monica / 20th,34.028594,-118.480357,,bus
bus_14359,Santa Monica / 26th,34.033512,-118.474299,,bus
bus_14360,Santa Monica / 4th,34.016649,-118.49468,,bus
bus_14361,Broadway / Ocean,34.012952,-118.4964,,bus
bus_14363,Santa Monica / Avenue Of The Stars,34.061214,-118.4192,,bus
bus_14367,Santa Monica / Century Park East,34.063032,-118.416475,,bus
bus_14369,Santa Monica / Corinth,34.046349,-118.449459,,bus
bus_14373,S Santa Monica / Canon,34.07199,-118.401964,,bus
bus_14375,Santa Monica / Formosa,34.090861,-118.346557,,bus
bus_14377,Santa Monica / Hancock,34.086646,-118.381055,,bus
bus_14378,Santa Monica / San Vicente,34.084912,-118.38363,,bus
bus_14379,Santa Monica / Lincoln,34.019716,-118.491338,,bus
bus_14380,Santa Monica / Alexandria,34.09097,-118.298214,,bus
bus_14382,Broadway / 3rd St Promenade,34.014164,-118.494847,,bus
bus_14384,Santa Monica / Camden,34.070466,-118.405678,,bus
bus_14386,Olympic / Marianna,34.018779,-118.17599,,bus
bus_14387,Santa Monica / Crescent Heights,34.090908,-118.365753,,bus
bus_14388,Santa Monica / Curson,34.090923,-118.355313,,bus
bus_14389,Santa Monica / Doheny,34.081431,-118.389579,,bus
bus_14391,Santa Monica / Fairfax,34.090961,-118.361222,,bus
bus_14392,Santa Monica / Fuller,34.090891,-118.350405,,bus
bus_14393,Santa Monica / Gardner,34.090909,-118.353566,,bus
bus_14394,Santa Monica / Spaulding,34.090688,-118.357581,,bus
bus_14395,Santa Monica / Gower,34.090879,-118.322096,,bus
bus_14398,Santa Monica / Hobart,34.09093,-118.304446,,bus
bus_14399,Santa Monica / Hoover,34.090995,-118.284425,,bus
bus_14400,Santa Monica / Kings,34.090813,-118.37288,,bus
bus_14401,Santa Monica / La Brea,34.090853,-118.344572,,bus
bus_14402,Santa Monica / La Jolla,34.090883,-118.367874,,bus
bus_14403,Santa Monica / La Peer,34.083377,-118.386711,,bus
bus_14404,Santa Monica / Las Palmas,34.090857,-118.33611,,bus
bus_14405,Santa Monica / Madison,34.091001,-118.289121,,bus
bus_14407,Santa Monica / Orange,34.090848,-118.341444,,bus
bus_14408,Santa Monica / Palm,34.07743,-118.395534,,bus
bus_14411,Santa Monica / Sweetzer,34.090844,-118.370618,,bus
bus_14412,Santa Monica / Van Ness,34.090889,-118.316059,,bus
bus_14414,Santa Monica / Virgil,34.090996,-118.286502,,bus
bus_14416,Santa Monica / Wilton,34.090894,-118.313393,,bus
bus_14417,Santa Monica / Overland,34.051351,-118.433603,,bus
bus_14418,Santa Monica / Hancock,34.086709,-118.381859,,bus
bus_14421,Santa Monica / Barrington,34.04371,-118.456528,,bus
bus_14422,Santa Monica / Beverly Glen,34.057411,-118.424648,,bus
bus_14423,Santa Monica / Bundy,34.040841,-118.463088,,bus
bus_14424,Santa Monica / Sepulveda,34.0478,-118.443508,,bus
bus_14429,Santa Monica / Thayer,34.055801,-118.426931,,bus
bus_14430,Santa Monica / Veteran,34.049047,-118.440788,,bus
bus_14431,Santa Monica / Sepulveda,34.047614,-118.444893,,bus
bus_14432,Santa Monica / Vine,34.090871,-118.326955,,bus
bus_14433,Santa Monica / Century Park West,34.059248,-118.421937,,bus
bus_14435,Santa Monica / Westbourne,34.087732,-118.380047,,bus
bus_14436,Santa Monica / Western,34.09066,-118.308914,,bus
bus_14437,Santa Monica / Westholme,34.053815,-118.429945,,bus
bus_14438,Santa Monica / Westwood,34.049871,-118.437834,,bus
bus_14439,Westwood / Santa Monica,34.050436,-118.437369,,bus
bus_14440,Santa Monica / Wilcox,34.090866,-118.330816,,bus
bus_14447,Santa Rosalia / West,34.012721,-118.344861,,bus
bus_14448,Santa Rosalia / Buckingham,34.012058,-118.342446,,bus
bus_14449,Santa Rosalia / Hillcrest,34.013514,-118.346329,,bus
bus_14451,Saticoy / Bellaire,34.205694,-118.409242,,bus
bus_14452,Whitsett / Saticoy,34.205298,-118.405995,,bus
bus_14453,Saticoy / Amestoy,34.208547,-118.505835,,bus
bus_14454,Saticoy / Atoll,34.208095,-118.421339,,bus
bus_14455,Saticoy / Balboa,34.208551,-118.501466,,bus
bus_14456,Saticoy / Beck,34.208571,-118.383243,,bus
bus_14457,Saticoy / Canoga,34.208426,-118.597833,,bus
bus_14458,Saticoy / Coldwater Canyon,34.206683,-118.414188,,bus
bus_14459,Saticoy / Corbin,34.20848,-118.562601,,bus
bus_14462,Saticoy / Encino,34.208534,-118.514567,,bus
bus_14463,Saticoy / Ethel,34.207523,-118.418446,,bus
bus_14464,Saticoy / Etiwanda,34.208527,-118.531518,,bus
bus_14465,Saticoy / Fair,34.208563,-118.374511,,bus
bus_14466,Saticoy / Fallbrook,34.208389,-118.623211,,bus
bus_14468,Saticoy / Farralone,34.208409,-118.61015,,bus
bus_14469,Saticoy / Gloria,34.208543,-118.479633,,bus
bus_14470,Saticoy / Haskell,34.20855,-118.47525,,bus
bus_14471,Saticoy / Hayvenhurst,34.208551,-118.494897,,bus
bus_14473,Saticoy / Lankershim,34.208574,-118.387615,,bus
bus_14474,Saticoy / Laurel Canyon,34.208578,-118.396337,,bus
bus_14475,Saticoy / Lindley,34.208539,-118.527651,,bus
bus_14476,Saticoy / Louise,34.208548,-118.510191,,bus
bus_14477,Saticoy / Lurline,34.208437,-118.584447,,bus
bus_14478,Saticoy / Mason,34.208455,-118.580081,,bus
bus_14479,Saticoy / Noble,34.208561,-118.46166,,bus
bus_14480,Saticoy / Oakdale,34.208473,-118.566464,,bus
bus_14481,Saticoy / Orion,34.208544,-118.470402,,bus
bus_14482,Saticoy / Oso,34.208462,-118.575209,,bus
bus_14483,Saticoy / Owensmouth,34.20842,-118.601921,,bus
bus_14484,Saticoy / Radford,34.208579,-118.392027,,bus
bus_14485,Saticoy / Reseda,34.20853,-118.53588,,bus
bus_14486,Saticoy / Royer,34.208117,-118.627932,,bus
bus_14487,Saticoy / Sale,34.208387,-118.619384,,bus
bus_14488,Saticoy / Sepulveda,34.208556,-118.466522,,bus
bus_14489,Saticoy / Shadyglade,34.208585,-118.402502,,bus
bus_14490,Saticoy / Shirley,34.208497,-118.558239,,bus
bus_14491,Saticoy / Shoup,34.208398,-118.614529,,bus
bus_14492,Saticoy / Tampa,34.208501,-118.55336,,bus
bus_14493,Saticoy / Tobias,34.208569,-118.452339,,bus
bus_14494,Saticoy / Topanga Canyon,34.208409,-118.606293,,bus
bus_14495,Saticoy / Tujunga,34.208568,-118.378883,,bus
bus_14496,Saticoy / Vanalden,34.20851,-118.549487,,bus
bus_14497,Saticoy / Variel,34.208435,-118.592696,,bus
bus_14498,Saticoy / Varna,34.208825,-118.425011,,bus
bus_14499,Saticoy / Vineland,34.208555,-118.370641,,bus
bus_14500,Saticoy / White Oak,34.20854,-118.518433,,bus
bus_14501,Saticoy / Wilbur,34.208516,-118.544638,,bus
bus_14502,Saticoy / Winnetka,34.208477,-118.570834,,bus
bus_14503,Saticoy / Yolanda,34.208522,-118.540812,,bus
bus_14504,Saticoy / Zelzah,34.20854,-118.522799,,bus
bus_14506,Sayre / Fenton,34.315279,-118.427829,,bus
bus_14516,Sepulveda / Kittridge,34.190209,-118.46631,,bus
bus_14517,Sepulveda / Burbank,34.171851,-118.466307,,bus
bus_14521,Sepulveda / Chatsworth,34.264831,-118.467164,,bus
bus_14522,Sepulveda / Clark,34.168749,-118.466009,,bus
bus_14524,Sepulveda / Devonshire,34.257451,-118.46754,,bus
bus_14525,Sepulveda / Erwin,34.182757,-118.466335,,bus
bus_14526,Sepulveda / Getty Center,34.088388,-118.474937,,bus
bus_14527,Sepulveda / Hatteras,34.175469,-118.466327,,bus
bus_14532,Sepulveda / Nordhoff,34.235261,-118.467727,,bus
bus_14534,Sepulveda / Parthenia,34.228416,-118.467804,,bus
bus_14535,Sepulveda / Plummer,34.242518,-118.467688,,bus
bus_14538,Rinaldi / Sepulveda,34.278953,-118.468465,,bus
bus_14541,Sepulveda / Saticoy,34.208183,-118.466345,,bus
bus_14545,Sepulveda / Tupper,34.238897,-118.467707,,bus
bus_14547,Sepulveda / Vanowen,34.193661,-118.466326,,bus
bus_14551,Seville / Broadway,33.966529,-118.222479,,bus
bus_14555,Palm & Seville Terminal,33.963456,-118.222972,,bus
bus_14558,Seville / Santa Ana,33.964883,-118.222488,,bus
bus_14559,Shepard / Gaffey,33.707109,-118.29262,,bus
bus_14560,Shepard / Carolina,33.707114,-118.290489,,bus
bus_14562,UCLA West Valley Med Cntr,34.201067,-118.629916,,bus
bus_14563,Sherman Way / Allott,34.201329,-118.427843,,bus
bus_14564,Sherman Way / Encino,34.201283,-118.513126,,bus
bus_14565,Sherman Way / Enfield,34.201339,-118.523895,,bus
bus_14566,Sherman Way / Gloria,34.201318,-118.479135,,bus
bus_14567,Sherman Way / Jamieson,34.201329,-118.521702,,bus
bus_14568,Sherman Way / Radford,34.201305,-118.39194,,bus
bus_14569,Sherman Way / Rubio,34.201311,-118.496018,,bus
bus_14570,Sherman Way / Amestoy,34.201284,-118.505821,,bus
bus_14571,Sherman Way / Amigo,34.201265,-118.538916,,bus
bus_14572,Sherman Way / Balboa,34.201297,-118.501459,,bus
bus_14573,Sherman Way / Beck,34.201311,-118.383196,,bus
bus_14574,Sherman Way / Bellaire,34.201342,-118.409753,,bus
bus_14575,Sherman Way / Canoga,34.201163,-118.598042,,bus
bus_14576,Sherman Way / Coldwater Canyon,34.201346,-118.413593,,bus
bus_14577,Sherman Way / Corbin,34.201303,-118.562586,,bus
bus_14578,Sherman Way / De Soto,34.201238,-118.588795,,bus
bus_14580,Sherman Way / Ethel,34.201339,-118.417988,,bus
bus_14581,Sherman Way / Etiwanda,34.201341,-118.531515,,bus
bus_14582,Sherman Way / Eton,34.201165,-118.595304,,bus
bus_14583,Sherman Way / Fair,34.201307,-118.374991,,bus
bus_14584,Sherman Way / Fallbrook,34.201118,-118.623726,,bus
bus_14585,Sherman Way / Farralone,34.201141,-118.610656,,bus
bus_14586,Sherman Way / Fulton,34.20133,-118.422856,,bus
bus_14587,Sherman Way / Haskell,34.201323,-118.47509,,bus
bus_14588,Sherman Way / Hayvenhurst,34.201293,-118.492215,,bus
bus_14589,Sherman Way / Hazeltine,34.201334,-118.440322,,bus
bus_14590,Sherman Way / Kester,34.201335,-118.457102,,bus
bus_14593,Sherman Way / Lindley,34.201347,-118.527149,,bus
bus_14594,Sherman Way / Louise,34.201282,-118.510186,,bus
bus_14595,Sherman Way / Lurline,34.201243,-118.58443,,bus
bus_14596,Sherman Way / Mason,34.201253,-118.580068,,bus
bus_14597,Sherman Way / Oakdale,34.201298,-118.566465,,bus
bus_14598,Sherman Way / Orion,34.201306,-118.470384,,bus
bus_14599,Sherman Way / Oso,34.201268,-118.575699,,bus
bus_14600,Sherman Way / Owensmouth,34.201154,-118.601409,,bus
bus_14601,Sherman Way / Ranchito,34.201312,-118.435767,,bus
bus_14602,Sherman Way / Reseda,34.201265,-118.536359,,bus
bus_14603,Sherman Way / Royer,34.201027,-118.628153,,bus
bus_14604,Sherman Way / Maynard,34.201128,-118.62018,,bus
bus_14605,Sherman Way / Sepulveda,34.201318,-118.466511,,bus
bus_14607,Sherman Way / Shirley,34.201314,-118.558227,,bus
bus_14608,Sherman Way / Shoup,34.201141,-118.614505,,bus
bus_14609,Sherman Way / Tampa,34.201318,-118.553862,,bus
bus_14611,Sherman Way / Topanga Canyon,34.201149,-118.605744,,bus
bus_14613,Sherman Way / Tyrone,34.201334,-118.444704,,bus
bus_14614,Sherman Way / Van Nuys,34.201093,-118.448403,,bus
bus_14615,Sherman Way / Vanalden,34.201319,-118.549486,,bus
bus_14616,Sherman Way / Variel,34.201239,-118.592678,,bus
bus_14617,Sherman Way / Varna,34.201331,-118.425029,,bus
bus_14618,Sherman Way / Vineland,34.201307,-118.370622,,bus
bus_14619,Sherman Way / White Oak,34.201344,-118.518918,,bus
bus_14620,Sherman Way / Whitsett,34.201336,-118.404994,,bus
bus_14621,Sherman Way / Wilbur,34.20125,-118.544614,,bus
bus_14622,Winnetka / Sherman Way,34.201334,-118.571139,,bus
bus_14623,Sherman Way / Winnetka,34.201284,-118.570738,,bus
bus_14624,Sherman Way / Woodley,34.201298,-118.483447,,bus
bus_14625,Sherman Way / Woodman,34.201338,-118.431673,,bus
bus_14626,Short / Centinela,33.99284,-118.423717,,bus
bus_14627,Short / Kenyon,33.990742,-118.427965,,bus
bus_14632,Sierra / Borel,34.084275,-118.200355,,bus
bus_14633,Sierra / Flora,34.080668,-118.201786,,bus
bus_14634,Sierra / Gillig,34.082904,-118.200626,,bus
bus_14640,Slauson / Downey,33.989217,-118.204324,,bus
bus_14643,Slauson / Triangle,33.979842,-118.135591,,bus
bus_14644,Slauson / West,33.989126,-118.335039,,bus
bus_14645,Slauson / Atlantic,33.98731,-118.185876,,bus
bus_14647,Slauson / Carmelita,33.988376,-118.196335,,bus
bus_14648,Slauson / Corona,33.988157,-118.194171,,bus
bus_14649,Slauson / Gage,33.976092,-118.127046,,bus
bus_14650,Slauson / Everett,33.988808,-118.200658,,bus
bus_14651,Slauson / Fishburn,33.98771,-118.189782,,bus
bus_14652,Slauson / Gifford,33.987935,-118.192016,,bus
bus_14653,Slauson / Heliotrope,33.986331,-118.17862,,bus
bus_14654,Slauson / King,33.986773,-118.183071,,bus
bus_14655,Slauson / Loma Vista,33.988606,-118.198486,,bus
bus_14656,Slauson / Mayflower,33.986548,-118.180771,,bus
bus_14657,Slauson / Maywood,33.989071,-118.203175,,bus
bus_14658,Slauson / Pacific,33.989347,-118.225532,,bus
bus_14659,Slauson / Pine,33.987534,-118.18808,,bus
bus_14660,Slauson / Sepulveda,33.988785,-118.395686,,bus
bus_14661,Slauson / Seville,33.98933,-118.222956,,bus
bus_14662,Slauson / Soto,33.989341,-118.219653,,bus
bus_14663,Slauson / Woodlawn,33.986125,-118.176693,,bus
bus_14664,5424 Slauson,33.986621,-118.168117,,bus
bus_14672,Somerset / Downey,33.896555,-118.151744,,bus
bus_14673,Somerset / Garfield,33.896477,-118.169142,,bus
bus_14674,Somerset / Orizaba,33.896537,-118.156997,,bus
bus_14675,Somerset / Hayter,33.896583,-118.146538,,bus
bus_14676,Somerset / Lakewood,33.896623,-118.143038,,bus
bus_14677,Somerset / Orange,33.896427,-118.177347,,bus
bus_14679,Somerset / Paramount,33.896522,-118.16043,,bus
bus_14680,Somerset / Illinois,33.896509,-118.164124,,bus
bus_14681,Somerset / San Jose,33.896368,-118.181641,,bus
bus_14682,Somerset / Texaco,33.896468,-118.17342,,bus
bus_14686,Soto / 57th,33.991224,-118.219517,,bus
bus_14689,South / Gridley,33.858618,-118.088523,,bus
bus_14692,Southwest / 3rd,33.981932,-118.320958,,bus
bus_14693,Southwest / 8th,33.979315,-118.326166,,bus
bus_14694,Spring / Cesar E Chavez,34.057309,-118.240496,,bus
bus_14707,State / Broadway,33.965327,-118.210726,,bus
bus_14708,State / Florence,33.972311,-118.209681,,bus
bus_14710,State / Independence,33.95845,-118.21176,,bus
bus_14711,State / Liberty,33.960875,-118.2114,,bus
bus_14712,State / Live Oak,33.970231,-118.209996,,bus
bus_14713,State / Olive,33.966952,-118.210483,,bus
bus_14714,State / Santa Ana,33.963653,-118.210975,,bus
bus_14715,Stocker / Don Felipe,34.006066,-118.339152,,bus
bus_14716,Stocker / Don Lorenzo,34.001384,-118.355253,,bus
bus_14717,Stocker / Don Miguel,34.005008,-118.35056,,bus
bus_14718,Stocker / Santa Rosalia,34.006993,-118.337634,,bus
bus_14719,Stocker / Crenshaw,34.008494,-118.33539,,bus
bus_14720,Stocker / Presidio,34.004994,-118.341134,,bus
bus_14721,Stocker / Valley Ridge,34.004763,-118.347141,,bus
bus_14723,Studebaker / Cecilia,33.931862,-118.09911,,bus
bus_14724,Studebaker / Firestone,33.922357,-118.099082,,bus
bus_14725,Studebaker / Dollison,33.935127,-118.09795,,bus
bus_14726,Studebaker / Imperial,33.917375,-118.099076,,bus
bus_14727,Studebaker / Kenney,33.927875,-118.099098,,bus
bus_14729,Sunland / Penrose,34.232075,-118.366937,,bus
bus_14730,10231 Sunland,34.260106,-118.335547,,bus
bus_14731,Sunland / Chivers,34.239653,-118.367996,,bus
bus_14732,Sunland / Fenwick,34.259894,-118.327931,,bus
bus_14733,Sunland / Foothill,34.259898,-118.323401,,bus
bus_14735,Sunland / La Canada,34.260409,-118.339242,,bus
bus_14736,Sunland / La Tuna Canyon,34.233918,-118.367221,,bus
bus_14738,Sunland / Olinda,34.227796,-118.36629,,bus
bus_14740,Sunland / Roscoe,34.221302,-118.367386,,bus
bus_14741,Sunland / Rotta,34.247252,-118.353705,,bus
bus_14743,Sunland / Shadow Island,34.249638,-118.346776,,bus
bus_14744,Sunland / Sunland Pl,34.2462,-118.362132,,bus
bus_14745,Sunland / Tuxford,34.236795,-118.367662,,bus
bus_14746,Sunland / Wheatland,34.247207,-118.357775,,bus
bus_14747,Sunland / Wornom,34.247428,-118.35175,,bus
bus_14748,Sunland / Sunland Way,34.256134,-118.343093,,bus
bus_14754,Sunset / Evans,34.051199,-118.511146,,bus
bus_14756,Sunset / Miller,34.094243,-118.376839,,bus
bus_14757,Sunset / Ladera,34.079841,-118.422721,,bus
bus_14759,Sunset / Mandeville Canyon,34.060515,-118.493826,,bus
bus_14761,Sunset / Monument,34.046109,-118.524016,,bus
bus_14762,Sunset / Beverly,34.081237,-118.412226,,bus
bus_14763,Pacific Coast Highway / Sunset,34.038719,-118.556324,,bus
bus_14764,Sunset / Portia,34.075518,-118.254144,,bus
bus_14766,Sunset / Via De La Paz,34.048211,-118.527185,,bus
bus_14767,Sunset / Westcove,34.057579,-118.496147,,bus
bus_14768,Sunset / Will Rogers State Park,34.047348,-118.513153,,bus
bus_14776,Sunset / Charing Cross,34.07965,-118.430018,,bus
bus_14777,Sunset / Copley,34.077844,-118.421812,,bus
bus_14784,Sunset / Alpine,34.085459,-118.407947,,bus
bus_14785,Sunset / Alta,34.088768,-118.395449,,bus
bus_14786,Sunset / Bedford,34.078699,-118.416939,,bus
bus_14788,Sunset / Beverly,34.081932,-118.411754,,bus
bus_14789,Sunset / Beverly Glen,34.082759,-118.434522,,bus
bus_14790,Sunset / Foothill,34.086113,-118.406431,,bus
bus_14791,Sunset / Gower,34.098161,-118.322138,,bus
bus_14792,Sunset / Hillcrest,34.087726,-118.39802,,bus
bus_14793,Sunset / Maple,34.086757,-118.402048,,bus
bus_14794,Sunset / Rexford,34.083316,-118.410133,,bus
bus_14795,Sunset / Canon,34.080319,-118.414068,,bus
bus_14796,Sepulveda / Sepulveda Way,34.073402,-118.466277,,bus
bus_14799,Sunset / Pacific Coast Highway,34.039101,-118.554907,,bus
bus_14804,Sunset / Carolwood,34.080996,-118.42555,,bus
bus_14807,Sunset / Vine,34.098142,-118.326983,,bus
bus_14808,Sunset / Whittier,34.077375,-118.419872,,bus
bus_14809,Susana / Maria,33.85889,-118.203953,,bus
bus_14810,Susana / Ana,33.862718,-118.203893,,bus
bus_14811,Susana / Del Amo,33.84682,-118.206914,,bus
bus_14812,Susana / Pacific Commerce,33.849403,-118.206904,,bus
bus_14813,Susana / Victoria,33.864599,-118.204702,,bus
bus_14817,Talmadge / Clayton,34.100138,-118.283121,,bus
bus_14818,Talmadge / Finley,34.107898,-118.283141,,bus
bus_14819,Talmadge / Franklin,34.10557,-118.28313,,bus
bus_14820,Talmadge / Melbourne,34.103771,-118.283127,,bus
bus_14821,Talmadge / Prospect,34.101957,-118.283124,,bus
bus_14828,Tampa / Hart,34.197743,-118.553358,,bus
bus_14829,Tampa / Hatteras,34.176106,-118.553331,,bus
bus_14830,Tampa / Ingomar,34.211881,-118.553373,,bus
bus_14831,Tampa / Kittridge,34.190463,-118.553343,,bus
bus_14833,Tampa / Mayall,34.253901,-118.55342,,bus
bus_14835,Nordhoff / Tampa,34.235628,-118.553897,,bus
bus_14836,Tampa / Parthenia,34.228511,-118.553413,,bus
bus_14837,Tampa / Plummer,34.243033,-118.553417,,bus
bus_14838,Tampa / Prairie,34.239409,-118.553416,,bus
bus_14839,Tampa / Saticoy,34.208196,-118.553355,,bus
bus_14840,Tampa / Sherman Way,34.201466,-118.553376,,bus
bus_14841,Tampa / Strathern,34.215497,-118.553383,,bus
bus_14842,Tampa / Superior,34.246666,-118.553411,,bus
bus_14843,Tampa / G Line,34.18073,-118.553315,,bus
bus_14844,Tampa / Valerio,34.205024,-118.553374,,bus
bus_14845,Tampa / Vanowen,34.193711,-118.553338,,bus
bus_14846,Tampa / Ventura,34.172965,-118.55331,,bus
bus_14847,Tampa / Victory,34.186866,-118.553329,,bus
bus_14848,Telegraph / Citadel,34.005571,-118.153641,,bus
bus_14850,Telegraph / Norwalk,33.942127,-118.072944,,bus
bus_14852,Telegraph / Tweedy,33.969553,-118.118213,,bus
bus_14855,Telegraph / Bloomfield,33.941992,-118.064312,,bus
bus_14856,Telegraph / Carmenita,33.940906,-118.047131,,bus
bus_14857,Telegraph / Ceres,33.930848,-118.032634,,bus
bus_14858,Telegraph / Clela,34.012409,-118.163087,,bus
bus_14859,Telegraph / Slauson,33.975387,-118.123759,,bus
bus_14860,Telegraph / Washington,33.995029,-118.143197,,bus
bus_14862,Telegraph / Garfield,33.987801,-118.136818,,bus
bus_14863,Telegraph / Gaspar,34.003274,-118.151103,,bus
bus_14864,Telegraph / Greenleaf,33.941999,-118.055549,,bus
bus_14865,Telegraph / Gunn,33.938833,-118.044226,,bus
bus_14868,Telegraph / Mills,33.937152,-118.041795,,bus
bus_14869,Telegraph / Painter,33.941957,-118.051187,,bus
bus_14870,Telegraph / Paramount,33.966761,-118.1157,,bus
bus_14871,Telegraph / Passons,33.955848,-118.102373,,bus
bus_14872,Telegraph / Pioneer,33.945524,-118.081236,,bus
bus_14873,Telegraph / Arizona,34.01528,-118.168957,,bus
bus_14874,Telegraph / Atlantic,34.011105,-118.159693,,bus
bus_14875,Telegraph / Greenwood,33.980031,-118.12843,,bus
bus_14877,Telegraph / Serapis,33.958482,-118.106188,,bus
bus_14878,Telegraph / Telechron,33.935639,-118.039576,,bus
bus_14879,Telegraph / True,33.951817,-118.096283,,bus
bus_14880,Telegraph / Tweedy,33.969817,-118.118072,,bus
bus_14882,Telegraph / Victoria,33.93301,-118.035741,,bus
bus_14883,Telegraph / Orr and Day,33.948804,-118.089274,,bus
bus_14884,Telegraph / Rosemead,33.961029,-118.109855,,bus
bus_14888,Temescal Canyon / Bowdoin,34.046427,-118.530461,,bus
bus_14899,Temple City / Broadway,34.100598,-118.059774,,bus
bus_14900,Temple City / Camino Real,34.120735,-118.063812,,bus
bus_14901,Sunset / Duarte,34.124815,-118.064598,,bus
bus_14902,Temple City / Garibaldi,34.110387,-118.061783,,bus
bus_14903,Temple City / La Rosa,34.093905,-118.058375,,bus
bus_14904,Temple City / Las Tunas,34.106848,-118.061056,,bus
bus_14905,Temple City / Lemon,34.117548,-118.063179,,bus
bus_14906,Temple City / Live Oak,34.102768,-118.060238,,bus
bus_14907,Temple City / Longden,34.114003,-118.062466,,bus
bus_14908,Temple City / Lower Azusa,34.089187,-118.057368,,bus
bus_14909,Temple City / Olive,34.098001,-118.05922,,bus
bus_14910,Temple City / RR-Xing,34.085376,-118.05681,,bus
bus_14911,Temple City / Woodruff,34.108599,-118.061414,,bus
bus_14915,Terminal 28 - West Lot,34.033504,-118.265139,,bus
bus_14922,Terra Bella / Fenton,34.279588,-118.389269,,bus
bus_14923,Terra Bella / Prager,34.277713,-118.391846,,bus
bus_14927,Thousand Oaks / Forest Cove,34.154826,-118.774967,,bus
bus_14929,Thousand Oaks / Kanan,34.154151,-118.757376,,bus
bus_14930,Thousand Oaks / Lake Lindero,34.154883,-118.788976,,bus
bus_14931,Lindero Canyon / Thousand Oaks,34.155813,-118.795192,,bus
bus_14932,Thousand Oaks / Reyes Adobe,34.1558,-118.781534,,bus
bus_14933,Eastern / Peachtree,33.983285,-118.162298,,bus
bus_14934,Van Nuys / Parthenia North Jog,34.228719,-118.450083,,bus
bus_14938,Topanga Canyon / Burbank,34.172241,-118.605647,,bus
bus_14939,Topanga Canyon / Chase,34.224392,-118.606151,,bus
bus_14940,Topanga Canyon / Marylee,34.175185,-118.605589,,bus
bus_14941,Topanga Canyon / De La Guerra,34.164059,-118.605988,,bus
bus_14942,Topanga Canyon / Devonshire,34.256941,-118.606186,,bus
bus_14943,Topanga Canyon / Dumetz,34.157047,-118.60597,,bus
bus_14944,Topanga Canyon / Dupont,34.253477,-118.605902,,bus
bus_14945,Topanga Canyon / Elkwood,34.212568,-118.606118,,bus
bus_14946,Topanga Canyon / Erwin,34.182984,-118.606039,,bus
bus_14947,Topanga Canyon / Gresham,34.231563,-118.60309,,bus
bus_14949,Topanga Canyon / Lassen,34.249831,-118.605883,,bus
bus_14950,Topanga Canyon / Lopez,34.160765,-118.605974,,bus
bus_14952,Topanga Canyon / Nordhoff,34.235752,-118.605023,,bus
bus_14954,Topanga Canyon / Parthenia,34.228583,-118.603892,,bus
bus_14955,Topanga Canyon / Plummer,34.242402,-118.60654,,bus
bus_14956,Topanga Canyon / Prairie,34.239374,-118.605959,,bus
bus_14957,Topanga Canyon / Roscoe,34.219939,-118.605844,,bus
bus_14960,Topanga Canyon / Saticoy,34.208006,-118.606112,,bus
bus_14962,Topanga Canyon / Schoolcraft,34.196215,-118.606059,,bus
bus_14964,Topanga Canyon / Sherman Way,34.200749,-118.606062,,bus
bus_14965,Topanga Canyon / Strathern,34.215274,-118.606128,,bus
bus_14967,Topanga Canyon / Ventura,34.168239,-118.605982,,bus
bus_14969,Topanga Canyon / Ybarra,34.154565,-118.605955,,bus
bus_14973,Tracy / Ames,34.108419,-118.278927,,bus
bus_14981,Truman / Maclay,34.283222,-118.440916,,bus
bus_14983,Truman / Hubbard,34.290357,-118.448837,,bus
bus_14984,Truman / Workman,34.286889,-118.445156,,bus
bus_14987,Truman / San Fernando Mission,34.284848,-118.442643,,bus
bus_14988,Truman / Wolfskill,34.280008,-118.437605,,bus
bus_14989,Tuxford / Telfair,34.225068,-118.384526,,bus
bus_14990,Tuxford / Bradley,34.230463,-118.377133,,bus
bus_14994,Tuxford / San Fernando,34.22764,-118.381008,,bus
bus_14995,Tweedy / Alexander,33.9431,-118.194343,,bus
bus_14997,Tweedy / Atlantic,33.941745,-118.181944,,bus
bus_14998,Tweedy / California,33.944592,-118.207835,,bus
bus_14999,Tweedy / Dorothy,33.942764,-118.191266,,bus
bus_15000,Tweedy / Elizabeth,33.944757,-118.209299,,bus
bus_15001,Tweedy / Hildreth,33.942434,-118.188255,,bus
bus_15003,Tweedy / Long Beach,33.945484,-118.215931,,bus
bus_15004,Tweedy / Orange,33.942133,-118.185548,,bus
bus_15005,Tweedy / Otis,33.943441,-118.197456,,bus
bus_15006,Tweedy / Alameda,33.94677,-118.227758,,bus
bus_15007,Tweedy / San Juan,33.944034,-118.202852,,bus
bus_15008,Tweedy / San Vincente,33.943674,-118.199524,,bus
bus_15009,2751 Tweedy,33.946163,-118.222059,,bus
bus_15010,Tweedy / Stanford,33.945949,-118.220173,,bus
bus_15011,Tweedy / State,33.94526,-118.213926,,bus
bus_15012,Tweedy / Truba,33.946513,-118.225611,,bus
bus_15013,Tyler / Amador,34.070323,-118.035812,,bus
bus_15014,Tyler / Basye,34.08267,-118.031373,,bus
bus_15015,Tyler / Sally Tanner,34.065006,-118.035728,,bus
bus_15017,Tyler / Bryant,34.080865,-118.031963,,bus
bus_15018,Tyler / Dodson,34.06031,-118.035742,,bus
bus_15019,Tyler / Garvey,34.063033,-118.035555,,bus
bus_15020,Tyler / Montecito,34.078229,-118.03326,,bus
bus_15023,Valley / Tyler,34.075316,-118.035329,,bus
bus_15025,Lankershim / Campo De Cahuenga,34.138861,-118.362424,,bus
bus_15028,Marengo / Cummings,34.05625,-118.206868,,bus
bus_15029,La General Medical Center Station,34.055671,-118.21097,,bus
bus_15033,Valley / Beatie,34.071804,-118.172641,,bus
bus_15034,Valley / Block,34.073258,-118.17086,,bus
bus_15036,Valley / Grand View,34.076788,-118.154954,,bus
bus_15037,Valley / Hart,34.08108,-118.069545,,bus
bus_15040,Main / Mission,34.066009,-118.205654,,bus
bus_15041,Valley / San Pablo,34.065666,-118.202483,,bus
bus_15057,Valley / Arden,34.076689,-118.046019,,bus
bus_15058,Valley / Baldwin,34.079077,-118.052566,,bus
bus_15060,Valley / Boca,34.06259,-118.185967,,bus
bus_15063,Valley / Cyril,34.065142,-118.180759,,bus
bus_15064,Valley / Del Paso,34.063225,-118.182495,,bus
bus_15066,Valley / Merwyn C Gill,34.081367,-118.061299,,bus
bus_15072,Valley / Mariondale,34.07417,-118.164875,,bus
bus_15075,Valley / Muscatel,34.080789,-118.077962,,bus
bus_15077,Valley / Soto,34.064634,-118.196481,,bus
bus_15082,Valley / Rio Hondo,34.081281,-118.064472,,bus
bus_15085,Valley / Rosemead,34.080723,-118.072843,,bus
bus_15086,Valley / Rowland,34.080046,-118.054835,,bus
bus_15092,Valley / Vineburn,34.06341,-118.19035,,bus
bus_15093,Valley / Walnut Grove,34.080652,-118.081885,,bus
bus_15096,Valley Circle / Mariano,34.168703,-118.642698,,bus
bus_15098,Valley Circle / Calvert,34.183037,-118.655902,,bus
bus_15099,Valley Circle / Canzonet,34.165667,-118.63998,,bus
bus_15102,Valley Circle / El Canon,34.177361,-118.652591,,bus
bus_15106,Valley Circle / Hamlin,34.187963,-118.6556,,bus
bus_15107,Valley Circle / Hatteras,34.174427,-118.648402,,bus
bus_15109,Valley Circle / Kittridge,34.190037,-118.656245,,bus
bus_15111,Valley Circle / Valerie,34.17824,-118.65476,,bus
bus_15114,Main / Santa Anita,34.075827,-118.041502,,bus
bus_15116,3rd / Mednik,34.033225,-118.16197,,bus
bus_15122,Van Nuys / Addison,34.161401,-118.448762,,bus
bus_15124,Van Nuys / Arminta,34.213552,-118.448923,,bus
bus_15125,Van Nuys / Beachy,34.25179,-118.441931,,bus
bus_15126,Van Nuys / Blythe,34.215366,-118.448916,,bus
bus_15127,Van Nuys / Borden,34.275995,-118.408749,,bus
bus_15128,Van Nuys / Bradley,34.26909,-118.418212,,bus
bus_15129,Burbank / Van Nuys,34.172007,-118.448194,,bus
bus_15131,Van Nuys / Canterbury,34.249393,-118.445218,,bus
bus_15132,Van Nuys / Lanark,34.218089,-118.448908,,bus
bus_15133,Van Nuys / Clark,34.168207,-118.448782,,bus
bus_15134,Van Nuys / Delano,34.182798,-118.448807,,bus
bus_15135,Van Nuys / Dronfield,34.278662,-118.405078,,bus
bus_15137,Van Nuys / Foothill,34.280774,-118.402175,,bus
bus_15138,Van Nuys / Glenoaks,34.273607,-118.412024,,bus
bus_15139,Van Nuys / Haddon,34.261356,-118.42881,,bus
bus_15142,Van Nuys / Hatteras,34.175625,-118.448376,,bus
bus_15143,Van Nuys / Herrick,34.271478,-118.41494,,bus
bus_15144,Van Nuys / Hortense,34.154918,-118.448813,,bus
bus_15145,Van Nuys / Keswick,34.210395,-118.448919,,bus
bus_15146,Van Nuys / Kewen,34.262381,-118.427425,,bus
bus_15147,Van Nuys / Hamlin,34.188811,-118.448813,,bus
bus_15149,Van Nuys / Laurel Canyon,34.258968,-118.432107,,bus
bus_15153,Van Nuys / Nordhoff,34.235145,-118.450396,,bus
bus_15154,Van Nuys / Norris,34.270578,-118.416173,,bus
bus_15157,Van Nuys / Parthenia South Jog,34.226634,-118.4499,,bus
bus_15158,Plummer / Van Nuys,34.242547,-118.449883,,bus
bus_15159,Van Nuys / Plummer,34.242403,-118.450369,,bus
bus_15160,Van Nuys / Ralston,34.267597,-118.420253,,bus
bus_15161,Van Nuys / Rayen,34.231928,-118.450402,,bus
bus_15163,Van Nuys / Roscoe,34.221271,-118.448905,,bus
bus_15168,Van Nuys / Sherman Way,34.200706,-118.448872,,bus
bus_15169,Van Nuys / Sylvan,34.184521,-118.44881,,bus
bus_15170,Van Nuys / Telfair,34.263488,-118.425905,,bus
bus_15171,Van Nuys / Tupper,34.239185,-118.450391,,bus
bus_15173,Van Nuys / Vanowen,34.194813,-118.448522,,bus
bus_15174,Van Nuys / Vena,34.255983,-118.436192,,bus
bus_15175,Ventura / Cedros,34.151553,-118.451641,,bus
bus_15178,Van Nuys / Woodman,34.247347,-118.448026,,bus
bus_15179,Vanowen / Amestoy,34.19401,-118.505327,,bus
bus_15181,Vanowen / Balboa,34.194028,-118.501441,,bus
bus_15182,Vanowen / Beck,34.194074,-118.383722,,bus
bus_15183,Vanowen / Bellaire,34.194077,-118.409704,,bus
bus_15184,Vanowen / Berquist,34.19383,-118.634389,,bus
bus_15185,Vanowen / Canoga,34.193898,-118.597808,,bus
bus_15186,Vanowen / Cedros,34.194052,-118.452926,,bus
bus_15187,Vanowen / Cleomoore,34.19379,-118.649779,,bus
bus_15188,Vanowen / Clybourn,34.194107,-118.36351,,bus
bus_15189,Vanowen / Coldwater Canyon,34.194081,-118.41355,,bus
bus_15190,Vanowen / Corbin,34.193957,-118.562027,,bus
bus_15191,Vanowen / De Celis,34.194031,-118.494904,,bus
bus_15192,Vanowen / De Soto,34.193915,-118.588767,,bus
bus_15193,Vanowen / Encino,34.194012,-118.514537,,bus
bus_15194,Vanowen / Ethel,34.194076,-118.417958,,bus
bus_15195,Vanowen / Etiwanda,34.193994,-118.53202,,bus
bus_15196,Vanowen / Fair,34.19408,-118.374978,,bus
bus_15197,Vanowen / Farralone,34.193889,-118.610698,,bus
bus_15198,Vanowen / Forbes,34.194029,-118.498766,,bus
bus_15199,Vanowen / Fulton,34.194082,-118.422767,,bus
bus_15200,Vanowen / Gloria,34.194045,-118.479106,,bus
bus_15201,Vanowen / Greenbush,34.194075,-118.425577,,bus
bus_15202,Vanowen / Haskell,34.194056,-118.474745,,bus
bus_15203,Vanowen / Hayvenhurst,34.194036,-118.492139,,bus
bus_15204,Vanowen / Hazeltine,34.194066,-118.44032,,bus
bus_15205,Vanowen / Kester,34.194069,-118.457281,,bus
bus_15206,Vanowen / Lankershim,34.194074,-118.388074,,bus
bus_15208,Vanowen / Laurel Canyon,34.194079,-118.396797,,bus
bus_15209,Vanowen / Laurelgrove,34.194081,-118.401166,,bus
bus_15210,Vanowen / Lederer,34.193031,-118.639069,,bus
bus_15211,Vanowen / Lena,34.193849,-118.627001,,bus
bus_15212,Vanowen / Lindley,34.193996,-118.527139,,bus
bus_15213,Vanowen / Louise,34.194021,-118.509679,,bus
bus_15214,Vanowen / Lurline,34.19391,-118.584177,,bus
bus_15215,Vanowen / Mason,34.193924,-118.579468,,bus
bus_15216,Vanowen / Noble,34.194061,-118.462142,,bus
bus_15217,Vanowen / Oakdale,34.193945,-118.566425,,bus
bus_15218,Vanowen / Orion,34.194054,-118.470366,,bus
bus_15219,Vanowen / Oso,34.193928,-118.575169,,bus
bus_15220,Vanowen / Peterson,34.19369,-118.646802,,bus
bus_15221,Vanowen / Platt,34.19339,-118.642818,,bus
bus_15222,Vanowen / Radford,34.194074,-118.392439,,bus
bus_15223,Vanowen / Ranchito,34.194068,-118.435895,,bus
bus_15224,Vanowen / Reseda,34.193986,-118.536376,,bus
bus_15225,Vanowen / Riverton,34.194097,-118.365745,,bus
bus_15226,Vanowen / Sale,34.193864,-118.618367,,bus
bus_15228,Vanowen / Sepulveda,34.194061,-118.46651,,bus
bus_15229,Vanowen / Sheltondale,34.19474,-118.653884,,bus
bus_15230,Vanowen / Shirley,34.193958,-118.557708,,bus
bus_15231,Vanowen / Shoup,34.19387,-118.614422,,bus
bus_15232,Vanowen / Tampa,34.193976,-118.553261,,bus
bus_15233,Topanga Canyon / Vanowen,34.194035,-118.605749,,bus
bus_15235,Vanowen / Tujunga,34.194079,-118.378841,,bus
bus_15236,Vanowen / Tyrone,34.194061,-118.444685,,bus
bus_15237,Vanowen / Van Nuys,34.194061,-118.448425,,bus
bus_15238,Vanowen / Vanalden,34.193979,-118.548965,,bus
bus_15239,Vanowen / Variel,34.193905,-118.593142,,bus
bus_15240,Vanowen / Vineland,34.194087,-118.370021,,bus
bus_15241,Vanowen / White Oak,34.194009,-118.518346,,bus
bus_15242,Vanowen / Whitsett,34.19408,-118.405531,,bus
bus_15243,Vanowen / Wilbur,34.193979,-118.544547,,bus
bus_15244,Vanowen / Woodlake,34.193835,-118.631333,,bus
bus_15245,Vanowen / Woodley,34.194044,-118.483475,,bus
bus_15246,Vanowen / Woodman,34.194072,-118.431037,,bus
bus_15247,Vanowen / Yolanda,34.193988,-118.540238,,bus
bus_15248,Vanowen / Zelzah,34.193999,-118.522778,,bus
bus_15254,Hoover / Venice,34.043977,-118.284268,,bus
bus_15255,Venice / La Fayette,34.046764,-118.33424,,bus
bus_15257,Venice / Vermont,34.044122,-118.291379,,bus
bus_15258,Venice / 12th,34.044072,-118.326079,,bus
bus_15259,Venice / 4th,34.043703,-118.321116,,bus
bus_15260,Venice / 6th,34.043717,-118.32408,,bus
bus_15262,Venice / Bagley,34.025741,-118.395055,,bus
bus_15263,Venice / Beethoven,33.999931,-118.441516,,bus
bus_15267,District /  Produce Plaza,34.000231,-118.203935,,bus
bus_15268,Venice / Cattaraugus,34.032821,-118.382616,,bus
bus_15269,Venice / Hoover,34.043701,-118.28363,,bus
bus_15270,Venice / Crenshaw,34.044642,-118.328725,,bus
bus_15272,Venice / Crenshaw,34.045081,-118.328879,,bus
bus_15273,Venice / Sepulveda,34.013448,-118.4167,,bus
bus_15275,Venice / Culver,34.027001,-118.392909,,bus
bus_15278,Venice / Grand View,34.005029,-118.431496,,bus
bus_15279,Venice / Hauser,34.044246,-118.358739,,bus
bus_15280,Venice / Helms,34.031221,-118.385401,,bus
bus_15281,Venice / Hughes,34.023602,-118.398774,,bus
bus_15282,Venice / Inglewood,34.006434,-118.428939,,bus
bus_15283,Venice / Jasmine,34.021673,-118.402161,,bus
bus_15285,Venice / Maplewood,33.998503,-118.444355,,bus
bus_15286,Venice / McLaughlin,34.008746,-118.424879,,bus
bus_15287,Venice / Midvale,34.016567,-118.411201,,bus
bus_15289,Venice / Motor,34.020523,-118.404175,,bus
bus_15290,Venice / National,34.029408,-118.38861,,bus
bus_15291,Venice / Oak,34.039942,-118.275332,,bus
bus_15292,Venice / Overland,34.018814,-118.407206,,bus
bus_15295,Venice / Burlington,34.04235,-118.280641,,bus
bus_15296,Venice / Centinela,34.003778,-118.433908,,bus
bus_15298,Venice / Cochran,34.044994,-118.353722,,bus
bus_15299,Venice / Fairfax,34.039875,-118.370155,,bus
bus_15301,Venice / La Brea,34.046122,-118.345626,,bus
bus_15303,Venice / La Cienega,34.035756,-118.377437,,bus
bus_15304,Venice / Ogden,34.04142,-118.367405,,bus
bus_15305,Venice / Redondo,34.045374,-118.350564,,bus
bus_15307,Venice / Robertson,34.028471,-118.390309,,bus
bus_15308,Venice / Spaulding,34.04274,-118.365001,,bus
bus_15310,Venice / Union,34.041566,-118.278916,,bus
bus_15312,Pierce College Station,34.187471,-118.571662,,bus
bus_15313,Pierce College Station,34.186873,-118.570213,,bus
bus_15314,Venice / Westmoreland,34.044378,-118.289039,,bus
bus_15315,Venice / Wilton,34.043688,-118.314293,,bus
bus_15316,Venice / San Vicente,34.047297,-118.337414,,bus
bus_15317,Venice / Sawtelle,34.011555,-118.42,,bus
bus_15319,Venice / Wade,34.001716,-118.437975,,bus
bus_15320,Venice / Walgrove,33.997501,-118.446366,,bus
bus_15321,Western / Venice,34.043036,-118.309164,,bus
bus_15324,Ventura / Balboa,34.159471,-118.501383,,bus
bus_15325,Ventura / Laurel Canyon,34.143676,-118.395613,,bus
bus_15328,Oxnard / Van Nuys,34.1795,-118.448367,,bus
bus_15329,Topanga Canyon / Ventura,34.168787,-118.605675,,bus
bus_15330,Ventura / Topanga Canyon,34.168631,-118.605102,,bus
bus_15331,Ventura / Van Nuys,34.151201,-118.449451,,bus
bus_15332,Ventura / Vineland,34.140833,-118.370797,,bus
bus_15336,12605 Ventura,34.144084,-118.40817,,bus
bus_15337,Ventura / Alhama,34.167132,-118.593038,,bus
bus_15338,Ventura / Amestoy,34.160406,-118.505745,,bus
bus_15339,Ventura / Amigo,34.170065,-118.538857,,bus
bus_15340,Ventura / Arch,34.141967,-118.373879,,bus
bus_15341,Ventura / Avenida Hacienda,34.167982,-118.533634,,bus
bus_15342,Ventura / Avenida Oriente,34.167078,-118.531446,,bus
bus_15343,Ventura / Berry,34.139568,-118.381918,,bus
bus_15344,Ventura / Beverly Glen,34.150717,-118.446487,,bus
bus_15345,Ventura / Blue Canyon,34.140372,-118.384589,,bus
bus_15346,Ventura / Burbank,34.171584,-118.542603,,bus
bus_15347,Ventura / Calatrana,34.16854,-118.602443,,bus
bus_15348,Canoga / Ventura,34.168137,-118.597257,,bus
bus_15349,Ventura / Carpenter,34.142954,-118.391035,,bus
bus_15351,Ventura / Chalk Hill,34.168011,-118.580244,,bus
bus_15352,Ventura / Coldwater Canyon,34.14539,-118.41444,,bus
bus_15353,Ventura / Colfax,34.141535,-118.387929,,bus
bus_15355,Ventura / Corbin,34.172711,-118.562532,,bus
bus_15357,Ventura / Del Moreno,34.169513,-118.575302,,bus
bus_15359,Ventura / Encino,34.161686,-118.51447,,bus
bus_15360,Ventura / Eureka,34.140563,-118.376348,,bus
bus_15361,Ventura / Fallbrook,34.166012,-118.622931,,bus
bus_15362,Ventura / Farralone,34.168839,-118.610033,,bus
bus_15363,Ventura / Firmament,34.155093,-118.473,,bus
bus_15365,Ventura / Fulton,34.146763,-118.422792,,bus
bus_15367,Ventura / Gloria,34.155949,-118.479556,,bus
bus_15368,Ventura / Goodland,34.144874,-118.411142,,bus
bus_15369,Ventura / Haskell,34.155353,-118.475183,,bus
bus_15370,Ventura / Hayvenhurst,34.15774,-118.492646,,bus
bus_15371,Ventura / Hazeltine,34.149577,-118.439748,,bus
bus_15372,Ventura / Kelvin,34.166531,-118.58621,,bus
bus_15373,Ventura / Kester,34.152549,-118.457708,,bus
bus_15375,Ventura / Laurelgrove,34.143185,-118.401176,,bus
bus_15376,Ventura / Whitsett,34.142868,-118.405517,,bus
bus_15378,Ventura / Libbit,34.157156,-118.488296,,bus
bus_15379,Ventura / Lindley,34.165661,-118.527499,,bus
bus_15380,Ventura / Louise,34.160967,-118.509623,,bus
bus_15381,Ventura / Nestle,34.16651,-118.530017,,bus
bus_15382,Ventura / Newcastle,34.164543,-118.52421,,bus
bus_15383,Ventura / Noble,34.153277,-118.462105,,bus
bus_15384,Ventura / Oakdale,34.172435,-118.565744,,bus
bus_15385,Ventura / Petit,34.158299,-118.496322,,bus
bus_15388,Ventura / Campo De Cahuenga,34.139623,-118.367692,,bus
bus_15389,Ventura / Sale,34.167474,-118.619163,,bus
bus_15391,Ventura / Sepulveda,34.153771,-118.465049,,bus
bus_15393,Ventura / De Soto,34.16662,-118.589127,,bus
bus_15394,Ventura / Sherman Oaks,34.154483,-118.469321,,bus
bus_15395,Ventura / Shirley,34.172909,-118.55766,,bus
bus_15396,Ventura / Shoup,34.168826,-118.614879,,bus
bus_15398,Ventura / Sunnyslope,34.147532,-118.427436,,bus
bus_15399,Ventura / Tampa,34.172817,-118.553782,,bus
bus_15400,Ventura / Topanga Canyon,34.168645,-118.606044,,bus
bus_15401,Ventura / Tujunga,34.140094,-118.378725,,bus
bus_15402,Ventura / Ethel,34.146068,-118.418614,,bus
bus_15404,Ventura / Vanalden,34.172709,-118.550389,,bus
bus_15405,Ventura / Vantage,34.143473,-118.397876,,bus
bus_15406,Ventura / White Oak,34.162752,-118.519081,,bus
bus_15407,Ventura / Wilbur,34.172345,-118.544528,,bus
bus_15408,Ventura / Willis,34.152162,-118.455369,,bus
bus_15409,Ventura / Woodley,34.156484,-118.483783,,bus
bus_15410,Ventura / Woodman,34.14821,-118.431505,,bus
bus_15411,Ventura / Woodman,34.14824,-118.431667,,bus
bus_15413,Ventura / Reseda,34.169125,-118.536464,,bus
bus_15415,Reseda Station,34.180445,-118.536804,,bus
bus_15416,Reseda Station,34.180339,-118.53524,,bus
bus_15419,Verdugo / Glencoe,34.198549,-118.229338,,bus
bus_15421,Verdugo / La Crescenta,34.196924,-118.2297,,bus
bus_15422,Verdugo / Ocean View,34.201008,-118.228094,,bus
bus_15425,Verdugo / Sunview,34.202818,-118.226859,,bus
bus_15426,Verdugo / Triangle,34.199817,-118.228901,,bus
bus_15429,Vermont / 35th,34.023655,-118.291687,,bus
bus_15431,Vermont / Martin Luther King Jr,34.011053,-118.291693,,bus
bus_15432,Canoga Station,34.190974,-118.596236,,bus
bus_15433,Vermont / Melbourne,34.103722,-118.291927,,bus
bus_15434,Hollywood / New Hampshire,34.101911,-118.293123,,bus
bus_15435,Tampa Station,34.181562,-118.554187,,bus
bus_15436,Tampa Station,34.180964,-118.552712,,bus
bus_15437,Vermont / Athens Station,33.928482,-118.292094,,bus
bus_15438,De Soto Station,34.188736,-118.589246,,bus
bus_15439,Vermont / 1st,34.072548,-118.291818,,bus
bus_15440,Vermont / Carson,33.831328,-118.290419,,bus
bus_15444,Canoga Station,34.191236,-118.596145,,bus
bus_15445,Via Marina / Admiralty,33.98113,-118.459938,,bus
bus_15446,Via Marina / Bora Bora,33.970952,-118.455476,,bus
bus_15447,Via Marina / Captains Row,33.968957,-118.454106,,bus
bus_15448,Via Marina / Marquesas,33.976571,-118.45922,,bus
bus_15449,Via Marina / Old Harbor,33.967721,-118.453281,,bus
bus_15450,Via Marina / Pacific,33.966183,-118.455272,,bus
bus_15451,Via Marina / Panay,33.978781,-118.459219,,bus
bus_15452,Via Marina / Tahiti,33.973876,-118.457688,,bus
bus_15453,De Soto Station,34.188568,-118.587661,,bus
bus_15455,2966 Victoria,33.864793,-118.208859,,bus
bus_15456,Coldwater Canyon / Victory,34.186861,-118.413862,,bus
bus_15457,Canoga Station,34.190454,-118.596471,,bus
bus_15458,Canoga Station,34.190603,-118.596816,,bus
bus_15459,Victory / Balboa,34.18651,-118.500851,,bus
bus_15460,Victory / Beck,34.186567,-118.383046,,bus
bus_15461,Victory / Bellaire,34.186579,-118.409538,,bus
bus_15462,Victory / Bellingham,34.186569,-118.398359,,bus
bus_15463,Victory / Belmar,34.186461,-118.55788,,bus
bus_15465,Victory / Birmingham High School,34.18653,-118.505176,,bus
bus_15466,Victory / Cahuenga,34.186,-118.361749,,bus
bus_15467,Victory / Canoga,34.188222,-118.597648,,bus
bus_15468,Victory / Cartwright,34.186587,-118.363894,,bus
bus_15469,Victory / Cedros,34.186541,-118.453245,,bus
bus_15470,Victory / Cleon,34.186582,-118.368252,,bus
bus_15471,Victory / Coldwater Canyon,34.186823,-118.413577,,bus
bus_15472,Victory / Corbin,34.186448,-118.561897,,bus
bus_15473,De Soto / Victory,34.188188,-118.588283,,bus
bus_15474,Victory / Encino,34.1865,-118.514368,,bus
bus_15475,Victory / Ethel,34.186568,-118.418308,,bus
bus_15476,Victory / Etiwanda,34.186493,-118.531824,,bus
bus_15477,Victory / Fair,34.186573,-118.374819,,bus
bus_15478,Victory / Fallbrook,34.186278,-118.622927,,bus
bus_15479,Victory / Fulton,34.186558,-118.422633,,bus
bus_15480,Victory / Gloria,34.186515,-118.479295,,bus
bus_15481,Victory / Haskell,34.186526,-118.475066,,bus
bus_15482,Victory / Hayvenhurst,34.186514,-118.492581,,bus
bus_15483,Victory / Hazeltine,34.186556,-118.440234,,bus
bus_15484,Victory / Kester,34.186549,-118.457613,,bus
bus_15485,Victory / Lankershim,34.186564,-118.387275,,bus
bus_15486,Victory / Laurel Canyon,34.186568,-118.396147,,bus
bus_15487,Laurel Canyon / Victory,34.186969,-118.396324,,bus
bus_15489,Victory / Lindley,34.186493,-118.527456,,bus
bus_15491,Victory / Louise,34.186494,-118.509993,,bus
bus_15492,Victory / Mason,34.188278,-118.579366,,bus
bus_15493,Victory / Noble,34.186538,-118.461991,,bus
bus_15494,Victory / Orion,34.186527,-118.470704,,bus
bus_15495,Victory / Owensmouth,34.187814,-118.601709,,bus
bus_15496,Victory / Petit,34.186546,-118.497316,,bus
bus_15498,Victory / Radford,34.186565,-118.392261,,bus
bus_15499,Victory / Ranchito,34.186559,-118.435717,,bus
bus_15500,Victory / Randi,34.186372,-118.609936,,bus
bus_15501,Victory / Reseda,34.186479,-118.535702,,bus
bus_15503,Victory / Sale,34.186336,-118.618678,,bus
bus_15504,Victory / Sepulveda,34.186532,-118.465843,,bus
bus_15506,Victory / Shoup,34.186341,-118.614304,,bus
bus_15507,Victory / Sunnyslope,34.186551,-118.426987,,bus
bus_15508,Victory / Sylmar,34.186549,-118.446692,,bus
bus_15509,Victory / Tampa,34.186466,-118.553148,,bus
bus_15510,Victory / Topham,34.185708,-118.567848,,bus
bus_15511,Victory / Tujunga,34.186568,-118.379174,,bus
bus_15512,Victory / Tyrone,34.186551,-118.444519,,bus
bus_15514,Victory / Van Nuys,34.186801,-118.448426,,bus
bus_15515,Balboa Station,34.185972,-118.500718,,bus
bus_15516,Balboa Station,34.18588,-118.500311,,bus
bus_15517,Victory / Vanalden,34.186472,-118.548807,,bus
bus_15518,Victory / Variel,34.188234,-118.592979,,bus
bus_15519,Victory / Vineland,34.186583,-118.369955,,bus
bus_15520,White Oak / Victory,34.186491,-118.518336,,bus
bus_15521,Victory / Whitsett,34.186574,-118.405359,,bus
bus_15522,Victory / Wilbur,34.186484,-118.544419,,bus
bus_15523,Victory / Winnetka,34.185497,-118.570683,,bus
bus_15525,Victory / Woodley,34.186524,-118.483316,,bus
bus_15526,Victory / Woodman,34.186555,-118.431365,,bus
bus_15527,Victory / Yolanda,34.186484,-118.540044,,bus
bus_15528,Victory / Zelzah,34.186498,-118.523124,,bus
bus_15532,Vine / De Longpre,34.095911,-118.326793,,bus
bus_15533,Vine / Fountain,34.094513,-118.326784,,bus
bus_15534,Vine / Lexington,34.092702,-118.32678,,bus
bus_15536,Vine / Melrose,34.083697,-118.326765,,bus
bus_15537,Vine / Santa Monica,34.090951,-118.326777,,bus
bus_15538,Vine / Selma,34.099953,-118.326812,,bus
bus_15540,Vine / Sunset,34.097741,-118.326803,,bus
bus_15541,Vine / Willoughby,34.08686,-118.326767,,bus
bus_15542,Vineland / Aqua Vista,34.145138,-118.370128,,bus
bus_15543,Vineland / Bluffside,34.141871,-118.370127,,bus
bus_15544,Vineland / Burbank,34.171972,-118.370115,,bus
bus_15547,Sunland / San Fernando,34.218935,-118.369318,,bus
bus_15548,Vineland / Chandler,34.168897,-118.370125,,bus
bus_15549,Vineland / Erwin,34.183367,-118.370142,,bus
bus_15550,Vineland / Hatteras,34.175673,-118.370112,,bus
bus_15553,Vineland / Kittridge,34.190176,-118.370139,,bus
bus_15554,Vineland / Moorpark,34.150587,-118.370162,,bus
bus_15555,Vineland / Oxnard,34.1793,-118.370114,,bus
bus_15557,Vineland / Saticoy,34.20873,-118.370159,,bus
bus_15558,Vineland / Sherman Way,34.200933,-118.370442,,bus
bus_15559,Vineland / Stagg,34.211809,-118.370467,,bus
bus_15560,Vineland / Strathern,34.215846,-118.370468,,bus
bus_15561,Vineland / Valerio,34.204558,-118.370451,,bus
bus_15562,Vineland / Vanowen,34.194235,-118.370131,,bus
bus_15563,Vineland / Victory,34.186983,-118.370135,,bus
bus_15567,Vineland / Magnolia,34.165206,-118.370194,,bus
bus_15568,Chatsworth Station,34.252067,-118.59933,,bus
bus_15575,Nordhoff Station,34.234688,-118.597326,,bus
bus_15581,Western / Imperial,33.931886,-118.308846,,bus
bus_15582,Van Nuys / Chase,34.224935,-118.44867,,bus
bus_15583,Woodman Station,34.179164,-118.429605,,bus
bus_15584,Woodman Station,34.178849,-118.429438,,bus
bus_15588,Woodley Station,34.186288,-118.484432,,bus
bus_15590,Roscoe Station,34.219047,-118.59729,,bus
bus_15598,Broadway / 12th,34.037961,-118.260255,,bus
bus_15599,Hill / Pico,34.037888,-118.262083,,bus
bus_15600,Sherman Way Station,34.200276,-118.597205,,bus
bus_15601,Sherman Way Station,34.200574,-118.597059,,bus
bus_15605,17th / Broadway,34.033624,-118.264258,,bus
bus_15606,Woodley Station,34.186193,-118.482854,,bus
bus_15607,Roscoe Station,34.220493,-118.597171,,bus
bus_15608,Nordhoff Station,34.236129,-118.597194,,bus
bus_15610,1st / Beaudry,34.059135,-118.254421,,bus
bus_15611,Laurel Canyon Station,34.168571,-118.397301,,bus
bus_15612,1st / Hill,34.054622,-118.246777,,bus
bus_15613,1st / Hope,34.05636,-118.250058,,bus
bus_15616,39th / Figueroa,34.013939,-118.282249,,bus
bus_15617,Laurel Canyon Station,34.16847,-118.395677,,bus
bus_15621,3rd / Loma,34.059939,-118.265302,,bus
bus_15622,3rd / Lorraine,34.069091,-118.31984,,bus
bus_15623,3rd / Lucas,34.058359,-118.261388,,bus
bus_15624,Valley College Station,34.171665,-118.421787,,bus
bus_15625,3rd / Alexandria,34.069173,-118.297717,,bus
bus_15626,3rd / Alta Vista,34.069424,-118.347683,,bus
bus_15627,Alvarado / 3rd,34.063189,-118.272718,,bus
bus_15628,3rd / Bixel,34.057785,-118.260009,,bus
bus_15629,3rd / Bonnie Brae,34.061945,-118.269964,,bus
bus_15630,3rd / Burnside,34.070768,-118.35499,,bus
bus_15631,3rd / Carondelet,34.065112,-118.276594,,bus
bus_15632,3rd / Catalina,34.069176,-118.29525,,bus
bus_15633,3rd / Crescent Heights,34.07224,-118.365639,,bus
bus_15634,3rd / Fairfax,34.07164,-118.361152,,bus
bus_15635,3rd / Gardner,34.070536,-118.353496,,bus
bus_15636,3rd / Grand View,34.063949,-118.27446,,bus
bus_15637,3rd / Highland,34.069047,-118.338354,,bus
bus_15638,3rd / Hobart,34.069124,-118.305205,,bus
bus_15640,3rd / Kingsley,34.069137,-118.303185,,bus
bus_15641,3rd / La Brea,34.069037,-118.343782,,bus
bus_15642,3rd / Larchmont,34.069079,-118.323452,,bus
bus_15643,3rd / Las Palmas,34.069052,-118.33556,,bus
bus_15645,3rd / Martel,34.07003,-118.350876,,bus
bus_15646,3rd / Normandie,34.069156,-118.30016,,bus
bus_15647,3rd / Norton,34.069094,-118.316941,,bus
bus_15648,3rd / Occidental,34.067771,-118.281892,,bus
bus_15649,3rd / Ogden,34.071304,-118.358842,,bus
bus_15650,3rd / Orlando,34.073189,-118.373446,,bus
bus_15651,3rd / Rampart,34.06627,-118.278648,,bus
bus_15652,3rd / Rimpau,34.069058,-118.330178,,bus
bus_15653,3rd / Rossmore,34.069086,-118.327124,,bus
bus_15654,3rd / Sherbourne,34.073718,-118.379861,,bus
bus_15655,3rd / Saint Andrews,34.069105,-118.311426,,bus
bus_15656,3rd / Sweetzer,34.072785,-118.369825,,bus
bus_15657,3rd / Union,34.060936,-118.267718,,bus
bus_15659,3rd / Vermont,34.06893,-118.29132,,bus
bus_15660,3rd / Virgil,34.069117,-118.286599,,bus
bus_15661,Valley College Station,34.172878,-118.422917,,bus
bus_15662,3rd / Western,34.069109,-118.308877,,bus
bus_15663,3rd / Wilton,34.069097,-118.314527,,bus
bus_15666,43rd / Degnan,34.006066,-118.331286,,bus
bus_15667,Leimert / 43rd,34.005554,-118.329621,,bus
bus_15683,Normandie / 54th,33.993377,-118.300294,,bus
bus_15684,North Hollywood Station,34.168463,-118.377987,,bus
bus_15688,5th / Grand,34.050463,-118.254137,,bus
bus_15689,5th / Broadway,34.048354,-118.250875,,bus
bus_15690,5th / Flower,34.051564,-118.255834,,bus
bus_15693,5th / Spring,34.047647,-118.24981,,bus
bus_15694,5th / Hill,34.049104,-118.252096,,bus
bus_15697,62nd / Gramercy,33.983448,-118.313753,,bus
bus_15698,62nd / Saint Andrews,33.983456,-118.311794,,bus
bus_15700,62nd / Van Ness,33.983433,-118.317497,,bus
bus_15701,Warner Center Transit Hub,34.181669,-118.601348,,bus
bus_15704,6th / Lucas,34.054779,-118.263513,,bus
bus_15705,6th / Alexandria,34.063691,-118.29775,,bus
bus_15706,6th / Alvarado,34.059558,-118.274571,,bus
bus_15708,6th / Bonnie Brae,34.058508,-118.272207,,bus
bus_15710,6th / Broadway,34.046426,-118.25185,,bus
bus_15711,6th / Catalina,34.063705,-118.295234,,bus
bus_15712,6th / Commonwealth,34.063825,-118.285485,,bus
bus_15713,6th / Flower,34.049896,-118.257228,,bus
bus_15715,Olive / 5th,34.049246,-118.252961,,bus
bus_15716,6th / Grand View,34.06049,-118.276734,,bus
bus_15717,6th / Harvard,34.063662,-118.303931,,bus
bus_15718,6th / Grand,34.049026,-118.255899,,bus
bus_15719,6th / Lafayette Park,34.063393,-118.283228,,bus
bus_15720,6th / Normandie,34.063681,-118.300609,,bus
bus_15721,6th / Park View,34.061184,-118.278281,,bus
bus_15722,6th / Rampart,34.062425,-118.281059,,bus
bus_15729,6th / Westmoreland,34.063813,-118.288258,,bus
bus_15730,6th / Saint Paul,34.05359,-118.260653,,bus
bus_15732,6th / Valencia,34.056447,-118.267457,,bus
bus_15733,6th / Witmer,34.0557,-118.265698,,bus
bus_15734,7th / Francisco,34.050087,-118.261874,,bus
bus_15735,7th / Lucas,34.051518,-118.265615,,bus
bus_15736,6th / Virgil,34.063819,-118.286795,,bus
bus_15737,7th / Alvarado,34.056738,-118.27718,,bus
bus_15739,7th / Bixel,34.050822,-118.26384,,bus
bus_15741,7th / Broadway,34.045227,-118.253636,,bus
bus_15742,7th / Burlington,34.054944,-118.273269,,bus
bus_15743,7th / Cabrillo,33.737954,-118.294375,,bus
bus_15745,7th / Coronado,34.059013,-118.282223,,bus
bus_15746,7th / Flower,34.048717,-118.258538,,bus
bus_15750,7th / Hope,34.048013,-118.25744,,bus
bus_15751,7th / Leland,33.737985,-118.301479,,bus
bus_15752,7th / Mesa,33.737925,-118.285538,,bus
bus_15753,7th / Meyler,33.737965,-118.296569,,bus
bus_15754,7th / Olive,34.046635,-118.255819,,bus
bus_15756,7th / Pacific,33.737937,-118.287679,,bus
bus_15757,7th / Palos Verdes,33.737911,-118.281163,,bus
bus_15758,7th / Park View,34.058162,-118.280681,,bus
bus_15761,7th / Spring,34.044517,-118.252537,,bus
bus_15762,7th / Union,34.054083,-118.271345,,bus
bus_15764,7th / Walker,33.737999,-118.303683,,bus
bus_15766,7th / Valencia,34.053099,-118.269159,,bus
bus_15767,7th / Witmer,34.052328,-118.26745,,bus
bus_15772,8th / Columbia,34.050791,-118.270066,,bus
bus_15774,8th / Garland,34.049726,-118.267379,,bus
bus_15775,8th / Irolo,34.057817,-118.300717,,bus
bus_15776,8th / Alvarado,34.055101,-118.278056,,bus
bus_15777,8th / Bixel,34.049681,-118.265042,,bus
bus_15778,8th / Broadway,34.043736,-118.254466,,bus
bus_15780,8th / Burlington,34.053368,-118.274224,,bus
bus_15781,8th / Catalina,34.057844,-118.29523,,bus
bus_15782,8th / Figueroa,34.048131,-118.261306,,bus
bus_15784,8th / Flower,34.047189,-118.259778,,bus
bus_15786,8th / Grand,34.046066,-118.258055,,bus
bus_15787,8th / Harvard,34.057797,-118.303986,,bus
bus_15788,8th / Hill,34.044456,-118.255561,,bus
bus_15789,8th / Hoover,34.057847,-118.284784,,bus
bus_15790,8th / Mariposa,34.057627,-118.298458,,bus
bus_15792,8th / Park View,34.056525,-118.28125,,bus
bus_15793,8th / Serrano,34.057778,-118.306402,,bus
bus_15795,8th / Union,34.052512,-118.27233,,bus
bus_15796,8th / Vermont,34.057863,-118.291958,,bus
bus_15798,Western / 8th,34.058332,-118.30891,,bus
bus_15799,8th / Westmoreland,34.057847,-118.28932,,bus
bus_15801,Adams / 10th,34.032712,-118.328226,,bus
bus_15802,Adams / 13th,34.032699,-118.331771,,bus
bus_15803,Adams / 4th,34.032739,-118.321064,,bus
bus_15804,Adams / 6th,34.03273,-118.32344,,bus
bus_15806,Adams / Arlington,34.032754,-118.317506,,bus
bus_15807,Adams / Buckingham,34.032474,-118.340734,,bus
bus_15808,Adams / Chester,34.029309,-118.278311,,bus
bus_15809,Adams / Cimarron,34.032765,-118.315334,,bus
bus_15810,Adams / Crenshaw,34.032697,-118.334751,,bus
bus_15812,Adams / Hauser,34.032597,-118.362452,,bus
bus_15813,Adams / La Salle,34.032862,-118.305555,,bus
bus_15814,Adams / Magnolia,34.032859,-118.28663,,bus
bus_15815,Adams / Budlong,34.032853,-118.295786,,bus
bus_15817,Adams / Dunsmuir,34.032604,-118.359297,,bus
bus_15818,Adams / Fairfax,34.032559,-118.370485,,bus
bus_15819,Adams / Figueroa,34.028163,-118.275756,,bus
bus_15820,Flower / Adams,34.027429,-118.27509,,bus
bus_15822,Adams / Harcourt,34.032654,-118.345844,,bus
bus_15823,Adams / Hill,34.025827,-118.271081,,bus
bus_15824,Adams / Hoover,34.031922,-118.284211,,bus
bus_15825,Adams / La Brea,34.032635,-118.3506,,bus
bus_15827,Adams / Main,34.024613,-118.268384,,bus
bus_15829,Adams / Redondo,34.032614,-118.356066,,bus
bus_15830,Adams / Saint Andrews,34.032792,-118.311443,,bus
bus_15832,Adams / Vermont,34.032868,-118.291865,,bus
bus_15833,Adams / Western,34.032807,-118.30871,,bus
bus_15834,Adams / Thurman,34.032565,-118.36768,,bus
bus_15836,Alameda / Bob Hope,34.156937,-118.332433,,bus
bus_15837,Hollywood Way / Alameda,34.154453,-118.340306,,bus
bus_15839,Alameda / Pass,34.152783,-118.344014,,bus
bus_15840,Buena Vista / Alameda,34.15854,-118.328092,,bus
bus_15843,Alameda / Naomi,34.157724,-118.330049,,bus
bus_15851,Wilmington / Alondra,33.888245,-118.23723,,bus
bus_15852,Altadena / Glenrose,34.195545,-118.150875,,bus
bus_15853,Altadena / Olive,34.196896,-118.154231,,bus
bus_15854,Arbor Vitae / Eucalyptus,33.952768,-118.359165,,bus
bus_15855,Arbor Vitae / Inglewood,33.952797,-118.361441,,bus
bus_15856,Arbor Vitae / La Cienega,33.95274,-118.370205,,bus
bus_15857,Arbor Vitae / Oak,33.952731,-118.365819,,bus
bus_15858,Artesia / Normandie,33.873039,-118.298638,,bus
bus_15861,Artesia / Western,33.873,-118.308936,,bus
bus_15862,Avenue 26 / Humboldt,34.079792,-118.218593,,bus
bus_15864,Avenue 26 / Idell,34.086301,-118.224945,,bus
bus_15866,Figueroa / Avenue 26,34.083924,-118.222078,,bus
bus_15876,Broadway / Central,34.146968,-118.258214,,bus
bus_15878,Broadway / Columbus,34.146962,-118.261153,,bus
bus_15880,Burbank / Buena Vista,34.178949,-118.337923,,bus
bus_15881,Burbank / Catalina,34.177766,-118.341469,,bus
bus_15882,Burbank / Griffith Park,34.182889,-118.326161,,bus
bus_15883,Hollywood Way / Burbank,34.175138,-118.349459,,bus
bus_15884,Burbank / Keystone,34.180307,-118.333881,,bus
bus_15885,Burbank / Ontario,34.176727,-118.344572,,bus
bus_15886,Burbank / Reese,34.181676,-118.329783,,bus
bus_15887,Burbank / Victory,34.183864,-118.32265,,bus
bus_15893,Century / Concourse,33.945533,-118.375231,,bus
bus_15894,Century / Fir,33.945584,-118.35681,,bus
bus_15895,Airport / 96th,33.949582,-118.38608,,bus
bus_15896,Century / Aviation,33.945368,-118.37884,,bus
bus_15898,Century / Crenshaw,33.945606,-118.32679,,bus
bus_15899,Century / Denker,33.945612,-118.304465,,bus
bus_15900,Century / International,33.945632,-118.381403,,bus
bus_15901,Century / 5th,33.945577,-118.32194,,bus
bus_15902,Century / Broadway,33.94569,-118.277924,,bus
bus_15903,Century / Budlong,33.945628,-118.29589,,bus
bus_15904,Century / Doty,33.945602,-118.34015,,bus
bus_15905,Century / Felton,33.945573,-118.366019,,bus
bus_15907,Century / Freeman,33.945595,-118.348102,,bus
bus_15908,Century / Gramercy,33.945609,-118.313219,,bus
bus_15909,Century / La Brea,33.945588,-118.352445,,bus
bus_15910,Century / Hoover,33.945651,-118.287258,,bus
bus_15911,Century / La Cienega,33.945546,-118.370381,,bus
bus_15912,Century / Normandie,33.945619,-118.300588,,bus
bus_15914,Century / Van Ness,33.945603,-118.317538,,bus
bus_15915,Century / Yukon,33.945609,-118.335468,,bus
bus_15917,Colorado / Melrose,34.141021,-118.177919,,bus
bus_15920,Colorado / De Lacey,34.145889,-118.152448,,bus
bus_15921,Colorado / Orange Grove,34.145859,-118.160519,,bus
bus_15923,Colorado / Terrace,34.145869,-118.157779,,bus
bus_15925,Pacific / Colorado,34.142314,-118.264284,,bus
bus_15932,Compton / Aranbe,33.896046,-118.23165,,bus
bus_15933,Compton / Dwight,33.896007,-118.241773,,bus
bus_15934,Compton / Matthison,33.896037,-118.23366,,bus
bus_15935,Compton / Nestor,33.895971,-118.248762,,bus
bus_15936,Compton / Oleander,33.896074,-118.228543,,bus
bus_15937,Compton / Wilmington,33.896024,-118.237377,,bus
bus_15956,El Segundo / Broadway,33.916557,-118.278108,,bus
bus_15973,Florence / 4th,33.974657,-118.321455,,bus
bus_15974,Florence / 8th,33.974646,-118.326343,,bus
bus_15975,Florence / Crenshaw,33.974658,-118.331274,,bus
bus_15976,Crenshaw / Florence,33.974809,-118.331007,,bus
bus_15977,Florence / Denker,33.974709,-118.30434,,bus
bus_15979,Broadway / Florence,33.974412,-118.278448,,bus
bus_15980,Florence / Budlong,33.974775,-118.29558,,bus
bus_15981,Florence / Figueroa,33.974765,-118.282358,,bus
bus_15983,Florence / Gramercy,33.974665,-118.313127,,bus
bus_15985,Florence / Hoover,33.974741,-118.28685,,bus
bus_15987,Florence / Van Ness,33.974717,-118.317471,,bus
bus_15989,Florence / Western,33.974701,-118.308704,,bus
bus_15991,Foothill / Foothill Pl,34.273373,-118.344409,,bus
bus_15992,Foothill / Floralita,34.259848,-118.318128,,bus
bus_15994,Foothill / Sherman Grove,34.259862,-118.320465,,bus
bus_15995,Gage / Denker,33.982461,-118.304408,,bus
bus_15996,Gage / Broadway,33.982508,-118.27799,,bus
bus_15997,Gage / Budlong,33.982446,-118.296171,,bus
bus_15998,Gage / Figueroa,33.982479,-118.282436,,bus
bus_15999,Gage / Hoover,33.982184,-118.287377,,bus
bus_16000,Gage / Normandie,33.982422,-118.300044,,bus
bus_16001,Gage / Vermont,33.982251,-118.291236,,bus
bus_16002,Gage / Western,33.981881,-118.308585,,bus
bus_16003,Gage / Western,33.982035,-118.308764,,bus
bus_16005,Garvey / Casuda Canyon,34.062282,-118.152461,,bus
bus_16006,Garvey / Abajo,34.060271,-118.145976,,bus
bus_16007,Garvey / Atlantic,34.062581,-118.134556,,bus
bus_16008,Garvey / Chandler,34.062587,-118.131855,,bus
bus_16009,Garvey / Garfield,34.062637,-118.123156,,bus
bus_16010,Garvey / Ynez,34.062584,-118.129369,,bus
bus_16011,Glenoaks / Allen,34.173545,-118.293483,,bus
bus_16012,Glenoaks / Concord,34.15965,-118.270521,,bus
bus_16013,Glenoaks / Grandview,34.164906,-118.281642,,bus
bus_16014,Glenoaks / Graynold,34.1624,-118.278208,,bus
bus_16015,Glenoaks / Highland,34.16052,-118.274616,,bus
bus_16016,Glenoaks / Justin,34.169382,-118.287746,,bus
bus_16017,Glenoaks / Kenilworth,34.159424,-118.267122,,bus
bus_16018,Glenoaks / Pacific,34.159162,-118.263756,,bus
bus_16019,Glenoaks / Sonora,34.16793,-118.285748,,bus
bus_16020,Glenoaks / Thompson,34.172408,-118.291919,,bus
bus_16021,Glenoaks / Western,34.170746,-118.289622,,bus
bus_16038,Santa Anita Race Track,34.136493,-118.041122,,bus
bus_16039,Huntington / Holly,34.131924,-118.046218,,bus
bus_16040,Huntington / La Cadena,34.131991,-118.049893,,bus
bus_16041,Slauson / 2nd,33.989347,-118.23435,,bus
bus_16042,Huntington / Baldwin,34.131937,-118.054829,,bus
bus_16043,Huntington / Golden West,34.1315,-118.061041,,bus
bus_16044,Huntington / Sunset,34.131179,-118.065482,,bus
bus_16045,Huntington / Santa Clara,34.14013,-118.034976,,bus
bus_16046,Imperial / Aviation,33.931049,-118.378931,,bus
bus_16052,Imperial / Normandie,33.930848,-118.299968,,bus
bus_16053,Imperial / Vermont,33.931106,-118.292417,,bus
bus_16054,Imperial / Budlong,33.930842,-118.29558,,bus
bus_16056,Zonal / Biggy,34.060804,-118.207635,,bus
bus_16058,Jefferson / Vermont,34.025636,-118.291862,,bus
bus_16064,La Palma / Magnolia,33.846992,-117.97642,,bus
bus_16066,Las Tunas / Santa Anita,34.102566,-118.106249,,bus
bus_16067,Las Tunas / Mission,34.102446,-118.11127,,bus
bus_16068,Las Tunas / San Marino,34.102608,-118.102836,,bus
bus_16070,Magnolia / Hollywood Way,34.167693,-118.347124,,bus
bus_16071,Main / Cedar,34.094308,-118.148992,,bus
bus_16072,Main / Hampden Terrace,34.095476,-118.155425,,bus
bus_16074,Main / Fremont,34.095455,-118.152386,,bus
bus_16075,Main / Palm,34.092491,-118.146842,,bus
bus_16076,Main / Raymond,34.091696,-118.145225,,bus
bus_16077,Main / 2nd,34.094201,-118.129187,,bus
bus_16078,Main / 5th,34.092676,-118.132445,,bus
bus_16079,Main / Atlantic,34.091794,-118.134375,,bus
bus_16081,Main / Electric,34.091656,-118.139785,,bus
bus_16082,Main / Marengo,34.09164,-118.141849,,bus
bus_16083,Manchester / Airport,33.960019,-118.385248,,bus
bus_16084,Manchester / Belford,33.960021,-118.383774,,bus
bus_16085,Manchester / Bellanca,33.96003,-118.3808,,bus
bus_16086,Manchester / Denker,33.960132,-118.304475,,bus
bus_16087,Manchester / Emerson,33.95997,-118.4042,,bus
bus_16088,Manchester / Falmouth,33.958998,-118.437283,,bus
bus_16089,Manchester / Gulana,33.959704,-118.435658,,bus
bus_16090,Manchester / Kentwood,33.959977,-118.40073,,bus
bus_16091,Manchester / La Tijera,33.960001,-118.391744,,bus
bus_16092,Manchester / Lincoln,33.959931,-118.419095,,bus
bus_16093,Manchester / Osage,33.960034,-118.378643,,bus
bus_16094,Manchester / Rayford,33.959922,-118.422238,,bus
bus_16095,Manchester / Broadway,33.96019,-118.277972,,bus
bus_16096,Manchester / Budlong,33.960156,-118.295707,,bus
bus_16097,Manchester / Figueroa,33.960217,-118.283024,,bus
bus_16098,Manchester / Gramercy,33.960106,-118.313191,,bus
bus_16099,Manchester / Harvard,33.960118,-118.306635,,bus
bus_16100,Manchester / Hoover,33.960194,-118.28684,,bus
bus_16101,Manchester / Isis,33.960038,-118.375649,,bus
bus_16102,Manchester / Normandie,33.960145,-118.300083,,bus
bus_16103,Sepulveda / Manchester,33.95959,-118.396362,,bus
bus_16104,Manchester / Sepulveda,33.960018,-118.396602,,bus
bus_16107,Manchester / Vermont,33.960164,-118.291311,,bus
bus_16108,Manchester / Western,33.960103,-118.3093,,bus
bus_16109,Manchester / Saran,33.959903,-118.432477,,bus
bus_16110,Manchester / Stanmoor,33.959917,-118.425288,,bus
bus_16111,Manchester / Truxton,33.959998,-118.39335,,bus
bus_16112,Manchester / Florence,33.960037,-118.376793,,bus
bus_16113,Manchester / Wiley Post,33.960013,-118.387012,,bus
bus_16114,Manchester / 11th,33.960118,-118.328581,,bus
bus_16115,Manchester / Prairie,33.959861,-118.344759,,bus
bus_16116,Manchester / 5th,33.960115,-118.322454,,bus
bus_16118,Manchester / Eucalyptus,33.961823,-118.359864,,bus
bus_16120,Manchester / Glasgow,33.96114,-118.372151,,bus
bus_16121,Manchester / Hindry,33.960116,-118.3734,,bus
bus_16122,Manchester / Inglewood,33.961804,-118.361529,,bus
bus_16123,Manchester / La Cienega,33.961731,-118.370386,,bus
bus_16124,Manchester / Oak,33.961758,-118.366014,,bus
bus_16127,Lincoln / Montana,34.180572,-118.159808,,bus
bus_16130,Olive / Lake,34.175748,-118.314343,,bus
bus_16131,Olympic / Century Park East,34.058689,-118.411894,,bus
bus_16132,Olympic / 4th,34.053144,-118.318382,,bus
bus_16133,Olympic / Blaine,34.047352,-118.269775,,bus
bus_16135,Olympic / Elden,34.052551,-118.287546,,bus
bus_16137,Olympic / Georgia,34.046129,-118.267051,,bus
bus_16138,Olympic / Hauser,34.057531,-118.353372,,bus
bus_16140,Olympic / Alvarado,34.051778,-118.27962,,bus
bus_16142,Olympic / Burlington,34.050294,-118.276304,,bus
bus_16144,Olympic / Catalina,34.052784,-118.294575,,bus
bus_16145,Olympic / Cochran,34.057429,-118.348911,,bus
bus_16146,Olympic / Curson,34.0576,-118.356948,,bus
bus_16153,Olympic / Flower,34.044389,-118.262556,,bus
bus_16154,Olympic / Grand,34.043225,-118.260684,,bus
bus_16155,Olympic / Harvard,34.052744,-118.303997,,bus
bus_16156,Olympic / Highland,34.057202,-118.339851,,bus
bus_16157,Olympic / Hill,34.041628,-118.258219,,bus
bus_16158,Olympic / Hoover,34.052534,-118.28401,,bus
bus_16160,Olympic / La Brea,34.057366,-118.345708,,bus
bus_16161,Olympic / La Cienega,34.059583,-118.376379,,bus
bus_16163,Olympic / Lucerne,34.055361,-118.327724,,bus
bus_16164,Olympic / Mansfield,34.057283,-118.342347,,bus
bus_16166,Olympic / Norton,34.053913,-118.320495,,bus
bus_16168,Olive / Olympic,34.042533,-118.259189,,bus
bus_16169,Olympic / Rimpau,34.056758,-118.333576,,bus
bus_16172,Olympic / Robertson,34.059513,-118.383818,,bus
bus_16174,Olympic / Spaulding,34.057664,-118.359692,,bus
bus_16176,Olympic / Union,34.04949,-118.274476,,bus
bus_16179,Olympic / Vermont,34.052629,-118.291409,,bus
bus_16182,Olympic / Wilton,34.052674,-118.315257,,bus
bus_16187,Palos Verdes / Hawthorne,33.748872,-118.407838,,bus
bus_16189,Pico / 4th,34.047438,-118.321034,,bus
bus_16191,Pico / Arlington,34.047305,-118.31734,,bus
bus_16193,Pico / Crenshaw,34.047977,-118.326942,,bus
bus_16194,Pico / Crenshaw,34.047698,-118.326479,,bus
bus_16195,Pico / Magnolia,34.047413,-118.286274,,bus
bus_16196,Pico / Alvarado,34.047271,-118.282398,,bus
bus_16197,Pico / Bonnie Brae,34.04604,-118.27967,,bus
bus_16198,Pico / Catalina,34.047382,-118.294549,,bus
bus_16200,Pico / Flower,34.040304,-118.267019,,bus
bus_16201,Pico / Grand,34.038904,-118.26403,,bus
bus_16202,Pico / Harvard,34.047347,-118.303981,,bus
bus_16204,Pico / Hoover,34.047418,-118.283897,,bus
bus_16206,Pico / Kenmore,34.047374,-118.296656,,bus
bus_16207,Pico / Normandie,34.047369,-118.299749,,bus
bus_16208,Pico / Norton,34.047643,-118.32329,,bus
bus_16216,Pico / Western,34.047338,-118.308695,,bus
bus_16217,Pico / Westmoreland,34.047403,-118.288948,,bus
bus_16218,Pico / Wilton,34.047313,-118.314316,,bus
bus_16221,Pico / West,34.048578,-118.333171,,bus
bus_16223,Riggin / Bradshawe,34.036739,-118.140746,,bus
bus_16224,Riggin / Ferdinand,34.036821,-118.133868,,bus
bus_16225,Riggin / Findlay,34.036769,-118.138284,,bus
bus_16226,Riggin / Gerhart,34.036704,-118.144502,,bus
bus_16229,Rosecrans / Main,33.901843,-118.274226,,bus
bus_16240,Santa Monica / La Cienega,34.089882,-118.376044,,bus
bus_16243,Sierra Madre / Baldwin,34.162019,-118.052935,,bus
bus_16244,Sierra Madre / Hermosa,34.161994,-118.057461,,bus
bus_16245,Sierra Madre / Lima,34.161979,-118.060112,,bus
bus_16246,Sierra Madre / Michillinda,34.161956,-118.067599,,bus
bus_16248,Sierra Madre / Sunnyside,34.161952,-118.064978,,bus
bus_16258,Slauson / 4th,33.989221,-118.321276,,bus
bus_16259,Slauson / 6th,33.98921,-118.323335,,bus
bus_16260,Slauson / 8th,33.989188,-118.326264,,bus
bus_16261,Slauson / Alsace,33.989045,-118.348046,,bus
bus_16262,Slauson / Alviso,33.989074,-118.343728,,bus
bus_16265,Slauson / Denker,33.989273,-118.304281,,bus
bus_16266,La Tijera / Slauson,33.987215,-118.364832,,bus
bus_16267,Slauson / Overhill,33.989032,-118.354412,,bus
bus_16268,Slauson / Broadway,33.989325,-118.278052,,bus
bus_16269,Slauson / Budlong,33.989267,-118.295632,,bus
bus_16270,Slauson / Corning,33.988064,-118.37298,,bus
bus_16271,Slauson / Fairfax,33.987758,-118.362479,,bus
bus_16273,Slauson / Figueroa,33.989307,-118.28243,,bus
bus_16274,Slauson / Hoover,33.989288,-118.28686,,bus
bus_16275,Slauson / Goldleaf,33.987774,-118.366982,,bus
bus_16276,Slauson / La Brea,33.988702,-118.358313,,bus
bus_16278,Slauson / La Cienega,33.987896,-118.370265,,bus
bus_16279,Slauson / Main,33.989344,-118.273691,,bus
bus_16280,Slauson / Normandie,33.989273,-118.29996,,bus
bus_16281,Slauson / Rimpau,33.989099,-118.339677,,bus
bus_16282,Slauson / Vermont,33.989281,-118.291228,,bus
bus_16283,Slauson / Western,33.989276,-118.308698,,bus
bus_16284,Slauson / Wilton,33.989257,-118.314682,,bus
bus_16285,Slauson / Shenandoah,33.98898,-118.377814,,bus
bus_16286,Sunset / Chautauqua,34.041524,-118.517983,,bus
bus_16288,Sunset / Allenford,34.055623,-118.497307,,bus
bus_16289,Sunset / Amalfi,34.046419,-118.509344,,bus
bus_16290,Sunset / Anita,34.057701,-118.482961,,bus
bus_16291,Sunset / Bates,34.09463,-118.282574,,bus
bus_16292,Sunset / Bellagio,34.076757,-118.454648,,bus
bus_16293,Sunset / Barrington,34.064579,-118.470956,,bus
bus_16294,Sunset / Bristol,34.056603,-118.488683,,bus
bus_16295,Sunset / Brooktree,34.04555,-118.51534,,bus
bus_16296,Sunset / Burlingame,34.05678,-118.491193,,bus
bus_16297,Sunset / Capri,34.053041,-118.502429,,bus
bus_16298,Sunset / Carey,34.045355,-118.52313,,bus
bus_16300,Sunset / Clark,34.090771,-118.385368,,bus
bus_16301,Sunset / Descanso,34.085325,-118.27461,,bus
bus_16302,Sunset / Douglas,34.07413,-118.251735,,bus
bus_16303,Sunset / Drummond,34.043316,-118.520628,,bus
bus_16304,Sunset / Echo Park,34.077066,-118.257708,,bus
bus_16305,Sunset / Fountain,34.096107,-118.284208,,bus
bus_16307,Sunset / Hammond,34.090764,-118.387459,,bus
bus_16308,Sunset / Horn,34.090915,-118.383225,,bus
bus_16309,Sunset / Hyperion,34.092103,-118.279844,,bus
bus_16310,Sunset / Ivar,34.098138,-118.328575,,bus
bus_16312,Sunset / Lucile,34.090979,-118.278555,,bus
bus_16313,Sunset / Maltman,34.08965,-118.276685,,bus
bus_16314,Sunset / Marion,34.068088,-118.249987,,bus
bus_16315,Sunset / Micheltorena,34.087806,-118.275797,,bus
bus_16316,Sunset / Minorca,34.048901,-118.506679,,bus
bus_16317,Sunset / Alexandria,34.098261,-118.298154,,bus
bus_16319,Sunset / Beaudry,34.06515,-118.248988,,bus
bus_16320,Sunset / Benton,34.08049,-118.270132,,bus
bus_16321,Sunset / Bronson,34.098183,-118.317811,,bus
bus_16322,Sunset / Cherokee,34.09812,-118.335115,,bus
bus_16323,Sunset / Coronado,34.079526,-118.268749,,bus
bus_16324,Sunset / Crescent Heights,34.098139,-118.365481,,bus
bus_16325,Sunset / Doheny Drive,34.0905,-118.389908,,bus
bus_16326,Sunset / Doheny Drive,34.090754,-118.389579,,bus
bus_16327,Sunset / Edgemont,34.09827,-118.296463,,bus
bus_16329,Sunset / Figueroa,34.062943,-118.246409,,bus
bus_16330,Sunset / Gardner,34.098161,-118.352665,,bus
bus_16332,Sunset / Highland,34.098116,-118.338484,,bus
bus_16334,Sunset / Kings,34.095424,-118.37259,,bus
bus_16335,Sunset / Kingsley,34.09825,-118.303399,,bus
bus_16336,Sunset / La Brea,34.098117,-118.343951,,bus
bus_16337,Sunset / Martel,34.098141,-118.34987,,bus
bus_16338,Sunset / Normandie,34.098255,-118.300347,,bus
bus_16339,Sunset / Orange,34.098111,-118.34121,,bus
bus_16340,Sunset / Poinsettia,34.098134,-118.348496,,bus
bus_16342,Sunset / Stanley,34.098187,-118.355938,,bus
bus_16343,Sunset / Sweetzer,34.096477,-118.370828,,bus
bus_16345,Sunset / Virgil,34.098294,-118.287736,,bus
bus_16346,Sunset / Western,34.098235,-118.309566,,bus
bus_16347,Sunset / Westgate,34.063497,-118.472257,,bus
bus_16348,Sunset / Wilton,34.098222,-118.313431,,bus
bus_16349,Sunset / Napoli,34.051161,-118.505025,,bus
bus_16350,Sunset / Vermont,34.098288,-118.291492,,bus
bus_16351,Sunset / Park,34.078077,-118.261545,,bus
bus_16353,Sunset / Rosemont,34.078155,-118.266116,,bus
bus_16354,Sunset / Bundy,34.060557,-118.475843,,bus
bus_16355,Sunset / Carmelina,34.05804,-118.480606,,bus
bus_16356,Sunset / Cliffwood,34.057347,-118.485468,,bus
bus_16358,Sunset / Kenter,34.058706,-118.478199,,bus
bus_16360,Sunset / Saltair,34.061592,-118.4746,,bus
bus_16361,Sunset / Woodburn,34.069976,-118.469705,,bus
bus_16362,San Vicente / Sunset,34.090319,-118.385677,,bus
bus_16364,Sunset / Sunset Plaza,34.092542,-118.379524,,bus
bus_16365,Sunset / Swarthmore,34.047681,-118.525861,,bus
bus_16366,Sunset / Temescal Canyon,34.049712,-118.529601,,bus
bus_16368,Sunset / Wilcox,34.098129,-118.330844,,bus
bus_16369,Temple / Belmont,34.068914,-118.263484,,bus
bus_16371,Temple / Douglas,34.067464,-118.256876,,bus
bus_16372,Brand / Magnolia,34.130944,-118.255056,,bus
bus_16373,Temple / Glendale,34.068242,-118.260666,,bus
bus_16374,Temple / Beaudry,34.062889,-118.251276,,bus
bus_16376,Temple / Boylston,34.064778,-118.25246,,bus
bus_16381,Hill / Temple,34.056366,-118.244805,,bus
bus_16382,Temple / Hoover,34.076702,-118.283957,,bus
bus_16383,Temple / Occidental,34.073936,-118.277749,,bus
bus_16384,Temple / Rampart,34.072594,-118.274634,,bus
bus_16386,Temple / Vendome,34.075116,-118.280464,,bus
bus_16388,Temple / Robinson,34.075729,-118.281853,,bus
bus_16389,Valley / Abbot,34.079773,-118.102396,,bus
bus_16390,Valley / Edgewood,34.077186,-118.149011,,bus
bus_16392,Valley / New,34.079463,-118.108118,,bus
bus_16393,Valley / 4th,34.078464,-118.127135,,bus
bus_16394,Valley / 6th,34.078318,-118.129648,,bus
bus_16395,Valley / 8th,34.078175,-118.132081,,bus
bus_16396,Valley / Atlantic,34.078016,-118.134842,,bus
bus_16397,Valley / Fremont,34.076987,-118.152204,,bus
bus_16398,Valley / Marengo,34.077581,-118.142199,,bus
bus_16399,Valley / Marguerita,34.077797,-118.138507,,bus
bus_16400,Valley / Raymond,34.077374,-118.145798,,bus
bus_16401,Valley / Westmont,34.075677,-118.159836,,bus
bus_16402,Venice / Catalina,34.044365,-118.294179,,bus
bus_16403,Venice / Harvard,34.043726,-118.303971,,bus
bus_16404,Venice / Normandie,34.043675,-118.29998,,bus
bus_16406,Vernon / 4th,34.003564,-118.321536,,bus
bus_16407,Vernon / 6th,34.003558,-118.323723,,bus
bus_16408,Vernon / 8th,34.003549,-118.325904,,bus
bus_16409,Vernon / Arlington,34.003581,-118.318375,,bus
bus_16410,Vernon / Denker,34.00385,-118.30437,,bus
bus_16413,Vernon / Leimert,34.003539,-118.330903,,bus
bus_16416,Vernon / Budlong,34.003825,-118.295709,,bus
bus_16418,Vernon / Gramercy,34.003589,-118.31398,,bus
bus_16420,Vernon / Harvard,34.00385,-118.306568,,bus
bus_16421,Vernon / Hoover,34.00385,-118.287468,,bus
bus_16422,Vernon / Normandie,34.003842,-118.299939,,bus
bus_16424,Vernon / Vermont,34.003831,-118.29204,,bus
bus_16425,Vernon / Western,34.003594,-118.30914,,bus
bus_16426,Vernon / Western,34.003848,-118.308679,,bus
bus_16428,Victory / Buena Vista,34.184519,-118.3385,,bus
bus_16429,Victory / California,34.184638,-118.345969,,bus
bus_16430,Victory / Catalina,34.184572,-118.341708,,bus
bus_16432,Victory / Griffith Park,34.184334,-118.326351,,bus
bus_16433,Victory / Hollywood Way,34.184675,-118.348807,,bus
bus_16434,Victory / Keystone,34.184402,-118.333932,,bus
bus_16436,Victory / Manning,34.184754,-118.358658,,bus
bus_16437,Victory / Maple,34.184669,-118.353695,,bus
bus_16438,Victory / Reese,34.184342,-118.329717,,bus
bus_16440,Washington / 4th,34.040038,-118.321098,,bus
bus_16441,Washington / 6th,34.040028,-118.323475,,bus
bus_16442,Washington / Arlington,34.040047,-118.317537,,bus
bus_16444,Washington / Crenshaw,34.040004,-118.33139,,bus
bus_16445,Washington / Glen,34.169272,-118.15616,,bus
bus_16446,Washington / Hauser,34.039337,-118.360174,,bus
bus_16447,Washington / Fair Oaks,34.168946,-118.150993,,bus
bus_16448,Washington / New England,34.040164,-118.28745,,bus
bus_16449,Washington / Oak,34.036945,-118.277342,,bus
bus_16451,Washington / Budlong,34.040124,-118.296046,,bus
bus_16452,Washington / Burnside,34.040691,-118.357529,,bus
bus_16454,Washington / Curson,34.03728,-118.364182,,bus
bus_16455,Figueroa / Washington,34.034621,-118.272057,,bus
bus_16457,Washington / Flower,34.034181,-118.271244,,bus
bus_16458,Washington / Gramercy,34.040069,-118.313322,,bus
bus_16459,Washington / Grand,34.033122,-118.268854,,bus
bus_16460,Washington / Harvard,34.040093,-118.304126,,bus
bus_16461,Washington / Olive,34.032385,-118.267251,,bus
bus_16463,Washington / La Brea,34.040579,-118.347768,,bus
bus_16466,Washington / Normandie,34.040108,-118.300165,,bus
bus_16467,Washington / Orange,34.040985,-118.349958,,bus
bus_16468,Washington / Redondo,34.041383,-118.353116,,bus
bus_16469,Washington / Rimpau,34.039964,-118.343788,,bus
bus_16470,Washington / Union,34.038563,-118.280926,,bus
bus_16471,Washington / Vermont,34.040139,-118.291887,,bus
bus_16472,Washington / Western,34.039823,-118.30866,,bus
bus_16473,Washington / Thurman,34.03587,-118.367005,,bus
bus_16474,Washington / Vineyard,34.039979,-118.339629,,bus
bus_16493,Jefferson / Broadway,34.01921,-118.273545,,bus
bus_16497,Soto / Wabash,34.053117,-118.203588,,bus
bus_16498,Wabash / Stone,34.048939,-118.194157,,bus
bus_16503,San Gabriel / Sierra Bonita,34.049383,-118.090332,,bus
bus_16504,Walnut Grove / Fern,34.059169,-118.082013,,bus
bus_16505,Walnut Grove / Garvey,34.062398,-118.082062,,bus
bus_16508,Walnut Grove / Klingerman,34.055154,-118.082035,,bus
bus_16514,Washington / Bonnie Brae,34.039802,-118.28362,,bus
bus_16516,Washington / Cherry,34.036351,-118.276033,,bus
bus_16519,Washington / Navarro,34.16892,-118.154034,,bus
bus_16520,Washington / Norton,34.040048,-118.326485,,bus
bus_16523,Washington / West,34.039977,-118.337104,,bus
bus_16524,Washington / Pacific,33.979807,-118.465267,,bus
bus_16527,Washington / Via Dolce,33.98085,-118.463581,,bus
bus_16528,Washington / Via Marina,33.982398,-118.461165,,bus
bus_16530,Washington / Fairfax,34.034824,-118.369291,,bus
bus_16532,Division 7 Layover,34.084996,-118.381842,,bus
bus_16534,Cadillac / La Cienega,34.038063,-118.376867,,bus
bus_16535,Washington Fairfax Terminal,34.035276,-118.369075,,bus
bus_16536,Washington Fairfax Hub,34.035653,-118.368743,,bus
bus_16537,Manchester / Park Hill,33.959638,-118.426625,,bus
bus_16546,Western / Franklin,34.104952,-118.30942,,bus
bus_16555,Westwood / Weyburn,34.062714,-118.445519,,bus
bus_16558,White Oak / Burbank,34.171989,-118.518679,,bus
bus_16559,White Oak / Delano,34.182551,-118.518338,,bus
bus_16560,White Oak / Hart,34.197381,-118.518433,,bus
bus_16561,White Oak / Hatteras,34.176552,-118.51837,,bus
bus_16562,White Oak / Kittridge,34.19053,-118.518388,,bus
bus_16563,White Oak / Magnolia,34.165659,-118.518418,,bus
bus_16564,White Oak / Margate,34.168467,-118.518396,,bus
bus_16565,White Oak / Miranda,34.174562,-118.518378,,bus
bus_16567,White Oak / Sherman Way,34.200801,-118.518739,,bus
bus_16568,White Oak / Saticoy,34.208552,-118.518747,,bus
bus_16569,White Oak / Strathern,34.21581,-118.518753,,bus
bus_16570,White Oak / Valerio,34.204513,-118.518742,,bus
bus_16571,Vanowen / White Oak,34.193758,-118.518742,,bus
bus_16572,White Oak / Victory,34.186352,-118.518639,,bus
bus_16574,Whitsett / Saticoy,34.208224,-118.405322,,bus
bus_16575,Whittier / Columbia,34.002511,-118.086171,,bus
bus_16577,Whittier / Oakford,34.019878,-118.154073,,bus
bus_16580,Paramount / Whittier,34.003196,-118.088844,,bus
bus_16584,Whittier / Atlantic,34.020599,-118.157493,,bus
bus_16587,Whittier / Camulos,34.032076,-118.21024,,bus
bus_16589,Whittier / Clela,34.021208,-118.160399,,bus
bus_16592,Whittier / Herbert,34.024054,-118.183967,,bus
bus_16595,Whittier / Esperanza,34.025638,-118.195772,,bus
bus_16596,Whittier / Euclid,34.030656,-118.207055,,bus
bus_16597,Whittier / Ferris,34.021883,-118.163601,,bus
bus_16598,Whittier / Garfield,34.014905,-118.130487,,bus
bus_16610,Whittier / Rosemead,34.001819,-118.08458,,bus
bus_16611,Whittier / Santa Gertrudes,33.945045,-117.994691,,bus
bus_16612,Whittier / Arizona,34.022642,-118.167213,,bus
bus_16615,Whittier / Chicago,34.035692,-118.218409,,bus
bus_16616,Whittier / Ditman,34.024044,-118.189086,,bus
bus_16618,Whittier / Eastern,34.023995,-118.173667,,bus
bus_16619,Whittier / Eastman,34.024048,-118.18605,,bus
bus_16620,Whittier / Findlay,34.016758,-118.139271,,bus
bus_16621,Whittier / Ford,34.02349,-118.171257,,bus
bus_16622,Whittier / Fresno,34.029506,-118.204521,,bus
bus_16623,Whittier / Gerhart,34.018488,-118.147454,,bus
bus_16624,Whittier / Hoefner,34.019138,-118.150547,,bus
bus_16625,Whittier / Indiana,34.024225,-118.192565,,bus
bus_16626,Whittier / Keenan,34.018064,-118.14544,,bus
bus_16627,Whittier / Leonard,34.017622,-118.143344,,bus
bus_16628,Whittier / Lorena,34.028,-118.201106,,bus
bus_16629,Whittier / McBride,34.023056,-118.169187,,bus
bus_16630,Whittier / Mott,34.032988,-118.212282,,bus
bus_16633,Whittier / Via Del Oro,34.015381,-118.132751,,bus
bus_16635,Whittier / Saybrook,34.016108,-118.136108,,bus
bus_16637,Whittier / Soto,34.034682,-118.216033,,bus
bus_16638,Whittier / Spence,34.026747,-118.198273,,bus
bus_16644,Whittwood Center,33.944353,-117.995812,,bus
bus_16649,Wilcox / Brompton,33.972113,-118.177511,,bus
bus_16650,Wilcox / Clara,33.964464,-118.178662,,bus
bus_16651,Wilcox / Elizabeth,33.96259,-118.178955,,bus
bus_16652,Wilcox / Florence,33.968963,-118.177976,,bus
bus_16654,Wilcox / Live Oak,33.967119,-118.178269,,bus
bus_16657,Wilmington / 120th,33.924337,-118.239211,,bus
bus_16662,Wilshire / Brighton,34.067221,-118.405718,,bus
bus_16663,Wilshire / Camden,34.067213,-118.402958,,bus
bus_16664,Wilshire / Crescent Heights,34.063501,-118.364924,,bus
bus_16665,Wilshire / LA Country Club,34.067882,-118.421977,,bus
bus_16671,Wilshire / San Vicente,34.064224,-118.371207,,bus
bus_16672,Wilshire / Bonsall,34.054401,-118.455164,,bus
bus_16674,Wilshire / 11th,34.024495,-118.491918,,bus
bus_16675,Wilshire / 14th,34.026977,-118.488866,,bus
bus_16679,Wilshire / 20th,34.031587,-118.483173,,bus
bus_16682,Wilshire / 26th,34.036207,-118.477437,,bus
bus_16686,Wilshire / Alvarado,34.057888,-118.275348,,bus
bus_16687,Wilshire / Berkeley,34.040017,-118.472752,,bus
bus_16689,Wilshire / Brockton,34.046166,-118.465145,,bus
bus_16690,Wilshire / Comstock,34.06814,-118.425254,,bus
bus_16691,Wilshire / Crenshaw,34.061879,-118.319614,,bus
bus_16692,Wilshire / Fairfax,34.063089,-118.361141,,bus
bus_16695,Wilshire / Lincoln,34.02239,-118.494522,,bus
bus_16698,Wilshire / Masselin,34.062551,-118.35271,,bus
bus_16700,Wilshire / Alexandria,34.061894,-118.297717,,bus
bus_16701,Wilshire / Alvarado,34.057995,-118.275596,,bus
bus_16702,Wilshire / Barrington,34.049352,-118.461277,,bus
bus_16704,Wilshire / Beverly Glen,34.067136,-118.428689,,bus
bus_16706,Wilshire / Bonnie Brae,34.05695,-118.273378,,bus
bus_16709,Wilshire / Carmelina,34.042005,-118.470281,,bus
bus_16710,Wilshire / Catalina,34.061908,-118.295234,,bus
bus_16711,Wilshire / Cloverdale,34.062418,-118.34633,,bus
bus_16712,Wilshire / Commonwealth,34.061965,-118.285013,,bus
bus_16713,Wilshire / Coronado,34.060696,-118.281492,,bus
bus_16714,Wilshire / Curson,34.062593,-118.355097,,bus
bus_16715,Wilshire / Doheny,34.067193,-118.389856,,bus
bus_16716,Wilshire / Dunsmuir,34.062461,-118.348443,,bus
bus_16724,Wilshire / Harvard,34.061859,-118.303938,,bus
bus_16725,Wilshire / Highland,34.062258,-118.338792,,bus
bus_16727,Wilshire / June,34.062181,-118.33478,,bus
bus_16728,Wilshire / Kingsley,34.061865,-118.302699,,bus
bus_16729,Wilshire / La Brea,34.062393,-118.344366,,bus
bus_16732,Wilshire / La Peer,34.067189,-118.386821,,bus
bus_16733,Wilshire / Linden,34.06722,-118.407633,,bus
bus_16734,Wilshire / Lucerne,34.061977,-118.324101,,bus
bus_16736,Wilshire / Mc Cadden,34.062225,-118.336976,,bus
bus_16737,Wilshire / Normandie,34.061882,-118.300035,,bus
bus_16738,Wilshire / Norton,34.061832,-118.316424,,bus
bus_16740,Wilshire / Palm,34.067199,-118.392388,,bus
bus_16741,Wilshire / Park View,34.059748,-118.279316,,bus
bus_16743,Wilshire / Rexford,34.067201,-118.394317,,bus
bus_16744,Wilshire / Ridgeley,34.062499,-118.35054,,bus
bus_16746,Wilshire / Robertson,34.067186,-118.384269,,bus
bus_16747,Wilshire / Rodeo,34.067217,-118.40182,,bus
bus_16750,Wilshire / Serrano,34.061847,-118.306424,,bus
bus_16751,Wilshire / Saint Andrews,34.06157,-118.311765,,bus
bus_16753,Wilshire / Union,34.0554,-118.269857,,bus
bus_16757,Wilshire / Westgate,34.047566,-118.463456,,bus
bus_16758,Wilshire / Westmoreland,34.061945,-118.288915,,bus
bus_16759,Wilshire / Willaman,34.066347,-118.380267,,bus
bus_16762,Wilshire / Santa Monica,34.06722,-118.408981,,bus
bus_16765,Wilshire / Selby,34.060502,-118.437847,,bus
bus_16769,Wilshire / Vermont,34.061934,-118.291299,,bus
bus_16773,Wilshire / Warner,34.064196,-118.432392,,bus
bus_16774,Wilshire / Western,34.061834,-118.309405,,bus
bus_16775,Wilshire / Westholme,34.061782,-118.433601,,bus
bus_16778,Wilshire / Whittier,34.067223,-118.414802,,bus
bus_16780,Wilshire / Yale,34.038504,-118.474628,,bus
bus_16790,Winnetka / Calvert,34.182008,-118.571106,,bus
bus_16791,Winnetka / Arminta,34.212902,-118.571181,,bus
bus_16792,Winnetka / Chase,34.224378,-118.571164,,bus
bus_16793,Winnetka / Gilmore,34.189458,-118.571117,,bus
bus_16794,Winnetka / Hart,34.197165,-118.571133,,bus
bus_16795,Winnetka / Hatteras,34.175539,-118.571095,,bus
bus_16796,Nordhoff / Winnetka,34.231969,-118.571378,,bus
bus_16797,Winnetka / Oxnard,34.180373,-118.571118,,bus
bus_16798,Winnetka / Parthenia,34.227958,-118.571222,,bus
bus_16799,Winnetka / Roscoe,34.219901,-118.571186,,bus
bus_16800,Winnetka / Saticoy,34.208528,-118.571152,,bus
bus_16801,Winnetka / Strathern,34.215735,-118.571191,,bus
bus_16803,Winnetka / Vanowen,34.193535,-118.571125,,bus
bus_16804,Ventura / Winnetka,34.170971,-118.571298,,bus
bus_16805,Winnetka / Victory,34.185446,-118.571083,,bus
bus_16806,Woodlake / Cohasset,34.206108,-118.63226,,bus
bus_16809,Woodley / Arminta,34.213754,-118.48352,,bus
bus_16810,Woodley / Chase,34.22463,-118.485035,,bus
bus_16811,Woodley / Chatsworth,34.264949,-118.484657,,bus
bus_16812,Woodley / Devonshire,34.257691,-118.484727,,bus
bus_16813,Woodley / Hart,34.19741,-118.483531,,bus
bus_16814,Woodley / Index,34.275691,-118.484567,,bus
bus_16815,Woodley / Kittridge,34.190562,-118.483524,,bus
bus_16816,Woodley / Lassen,34.249961,-118.484798,,bus
bus_16817,Woodley / Mayall,34.253649,-118.484786,,bus
bus_16818,Woodley / Nordhoff,34.235504,-118.484936,,bus
bus_16819,Woodley / Parthenia,34.228667,-118.485009,,bus
bus_16820,Woodley / Plummer,34.242706,-118.484895,,bus
bus_16821,Woodley / Rayen,34.231882,-118.484974,,bus
bus_16823,Woodley / Roscoe,34.221622,-118.483552,,bus
bus_16824,Woodley / San Fernando Mission,34.271791,-118.484597,,bus
bus_16825,Woodley / San Jose,34.261297,-118.484695,,bus
bus_16826,Woodley / Saticoy,34.20872,-118.483517,,bus
bus_16830,Woodley / Strathern,34.215975,-118.483523,,bus
bus_16831,Woodley / Superior,34.246485,-118.484847,,bus
bus_16832,Woodley / Tulsa,34.268219,-118.484626,,bus
bus_16833,Woodley / Tupper,34.239563,-118.48491,,bus
bus_16834,Woodley / Valerio,34.205085,-118.483502,,bus
bus_16835,Woodley / Vanowen,34.194192,-118.483522,,bus
bus_16836,Woodley / Victory,34.186927,-118.483523,,bus
bus_16837,Woodman / Addison,34.161548,-118.431035,,bus
bus_16838,Woodman / Burbank,34.172424,-118.431035,,bus
bus_16839,Woodman / Cantara,34.219592,-118.431708,,bus
bus_16840,Woodman / Chandler,34.168264,-118.431033,,bus
bus_16841,Woodman / Erwin,34.183341,-118.431048,,bus
bus_16842,Woodman / Hart,34.197443,-118.431088,,bus
bus_16843,Woodman / Magnolia,34.164768,-118.431035,,bus
bus_16844,Woodman / Kittridge,34.190631,-118.431052,,bus
bus_16845,Magnolia / Woodman,34.164778,-118.431435,,bus
bus_16846,Woodman / Riverside,34.157885,-118.431082,,bus
bus_16847,Woodman / Oxnard,34.179926,-118.43104,,bus
bus_16848,Woodman / Roscoe,34.221944,-118.4326,,bus
bus_16851,Woodman / Saticoy,34.209722,-118.430767,,bus
bus_16852,Woodman / Sherman Way,34.201488,-118.431105,,bus
bus_16853,Woodman / Stagg,34.212561,-118.430769,,bus
bus_16854,Woodman / Strathern,34.215537,-118.430748,,bus
bus_16855,Woodman / Valerio,34.205118,-118.431104,,bus
bus_16856,Woodman / Valleyheart,34.154988,-118.431074,,bus
bus_16857,Woodman / Vanowen,34.193739,-118.431049,,bus
bus_16858,Woodman / Ventura,34.148308,-118.431059,,bus
bus_16859,Woodman / Branford,34.226204,-118.433019,,bus
bus_16860,Woodman / Victory,34.186477,-118.431048,,bus
bus_16861,Woodman / Willard,34.218075,-118.430814,,bus
bus_16862,Woodman / Woodman,34.207028,-118.431087,,bus
bus_16866,York / Aldama,34.118025,-118.189665,,bus
bus_16867,York / Armadale,34.122379,-118.212252,,bus
bus_16868,York / Branch,34.117327,-118.186241,,bus
bus_16869,York / Avenue 45,34.123582,-118.218526,,bus
bus_16870,York / Avenue 46,34.12313,-118.216182,,bus
bus_16871,York / Avenue 49,34.121791,-118.209201,,bus
bus_16873,York / Avenue 51,34.120976,-118.204943,,bus
bus_16874,York / Avenue 52,34.120565,-118.202804,,bus
bus_16875,York / Avenue 54,34.119908,-118.199363,,bus
bus_16876,York / Avenue 56,34.119355,-118.196864,,bus
bus_16877,York / Avenue 57,34.118777,-118.193909,,bus
bus_16878,York / Avenue 64,34.11463,-118.181666,,bus
bus_16879,York / Avenue 66,34.113905,-118.179642,,bus
bus_16880,Figueroa / York,34.115809,-118.183816,,bus
bus_16882,Yosemite / Floristan,34.132964,-118.19916,,bus
bus_16883,Yosemite / Highland View,34.134046,-118.209178,,bus
bus_16885,Yosemite / Avoca,34.132843,-118.195776,,bus
bus_16886,Yosemite / La Roda,34.133523,-118.206348,,bus
bus_16887,Yosemite / Townsend,34.133066,-118.201946,,bus
bus_16888,Yosemite / Wiota,34.133311,-118.193758,,bus
bus_16889,Yucca / Ivar,34.103979,-118.32798,,bus
bus_16890,Yucca / Cahuenga,34.104051,-118.329547,,bus
bus_16897,Chatsworth / Zelzah,34.264772,-118.523085,,bus
bus_16899,Zelzah / Plummer,34.242876,-118.523391,,bus
bus_16900,Zelzah / Prairie,34.238702,-118.523349,,bus
bus_16901,Zelzah / San Jose,34.261147,-118.523205,,bus
bus_16902,Zelzah / Superior,34.246508,-118.523447,,bus
bus_16903,White Oak / Ventura,34.162727,-118.518413,,bus
bus_16904,Zelzah / Ventura,34.163972,-118.5221,,bus
bus_16907,Zonal / State,34.061094,-118.208818,,bus
bus_16913,Roxford / Bradley,34.313239,-118.469684,,bus
bus_16916,12301 San Fernando,34.294108,-118.452363,,bus
bus_16917,6th / Bixel,34.054044,-118.261774,,bus
bus_16919,Acacia / Walnut,33.876197,-118.224944,,bus
bus_16920,Artesia / Acacia,33.874409,-118.224429,,bus
bus_16921,Artesia / Long Beach,33.874168,-118.202386,,bus
bus_16922,3rd / Willaman,34.073468,-118.380728,,bus
bus_16923,Long Beach / 6th,33.774653,-118.189212,,bus
bus_16924,Long Beach / 6th,33.773866,-118.189549,,bus
bus_16925,Manchester / Harbor,33.812768,-117.915148,,bus
bus_16926,Orangethorpe / Magnolia,33.859022,-117.97695,,bus
bus_16927,Cesar E Chavez / Grand,34.060901,-118.24398,,bus
bus_16928,Figueroa / Sunset,34.062108,-118.246436,,bus
bus_16931,Santa Fe / 8th,34.029724,-118.230096,,bus
bus_16932,Atlantic / Glendon,34.074073,-118.134611,,bus
bus_16933,Atlantic / Elmwood,33.927864,-118.184844,,bus
bus_16934,Slauson / Van Ness,33.988985,-118.317861,,bus
bus_16935,Slauson / Alameda,33.989073,-118.238086,,bus
bus_16936,Slauson / Telegraph,33.975205,-118.124211,,bus
bus_16937,Slauson / Greenwood,33.977372,-118.12998,,bus
bus_16939,Slauson / Eastern,33.986027,-118.162508,,bus
bus_16940,Slauson / Van Ness,33.98921,-118.317328,,bus
bus_16941,Slauson / 2nd,33.989236,-118.319611,,bus
bus_16943,Jefferson / Slauson,33.988588,-118.398077,,bus
bus_16944,Disneyland,33.809993,-117.915457,,bus
bus_16945,Whittier / Downey,34.024058,-118.179812,,bus
bus_16946,Whittier / Downey,34.023805,-118.179812,,bus
bus_16947,Broadway / 7th,34.045509,-118.252927,,bus
bus_16949,San Vicente / Melrose,34.081791,-118.383507,,bus
bus_16950,Hill / Adams,34.026021,-118.270557,,bus
bus_16952,Spring / 4th,34.048496,-118.248723,,bus
bus_16955,Washington / Figueroa,34.034632,-118.272249,,bus
bus_16956,Cesar E Chavez / Rowan,34.040389,-118.186677,,bus
bus_16961,Fountain / Bates,34.095894,-118.281452,,bus
bus_16963,Rosecrans / Sepulveda,33.901752,-118.395677,,bus
bus_16966,Park / Douglas,33.904419,-118.383437,,bus
bus_16967,Rosecrans / Long Beach,33.903335,-118.208118,,bus
bus_16968,Rosecrans / Hawthorne,33.90178,-118.353065,,bus
bus_16969,Rosecrans / Hawthorne,33.902036,-118.352054,,bus
bus_16970,Rosecrans / Western,33.901797,-118.308821,,bus
bus_16971,Rosecrans / Western,33.902043,-118.309481,,bus
bus_16972,Rosecrans / Figueroa,33.901762,-118.283071,,bus
bus_16973,Rosecrans / Figueroa,33.902021,-118.282416,,bus
bus_16974,Rosecrans / Central,33.902673,-118.253863,,bus
bus_16975,Rosecrans / Central,33.902955,-118.253222,,bus
bus_16976,Rosecrans / Long Beach,33.903584,-118.208775,,bus
bus_16977,Rosecrans / Lakewood,33.903672,-118.142536,,bus
bus_16978,Rosecrans / Lakewood,33.903922,-118.142642,,bus
bus_16979,Broadway / Imperial,33.931299,-118.27814,,bus
bus_16984,Western / Palos Verdes,33.779465,-118.309414,,bus
bus_16985,Western / Palos Verdes,33.778182,-118.309547,,bus
bus_16986,Pacific Coast Highway / Normandie,33.789955,-118.297839,,bus
bus_16987,L St / Harbor College,33.785979,-118.284461,,bus
bus_16989,Mercury / Boundary,34.086011,-118.192687,,bus
bus_16991,Wilmington / Del Amo,33.847015,-118.233797,,bus
bus_16992,Del Amo / Wilmington,33.84689,-118.234278,,bus
bus_16993,Wilmington / Compton,33.89568,-118.237406,,bus
bus_16994,Wilmington / Compton,33.895614,-118.237706,,bus
bus_16995,Wilshire / Normandie,34.061882,-118.3002,,bus
bus_16997,Wilmington / Rosecrans,33.903043,-118.238211,,bus
bus_17009,Pacific Coast Highway / 9th,33.861684,-118.391983,,bus
bus_17010,Pacific Coast Highway / 9th,33.861897,-118.392353,,bus
bus_17013,Melrose / Fairfax,34.083698,-118.361111,,bus
bus_17015,Santa Anita / Live Oak,34.10628,-118.030615,,bus
bus_17019,Garfield / Imperial,33.929664,-118.168389,,bus
bus_17024,Lakewood / Artesia,33.875045,-118.142405,,bus
bus_17025,Lakewood / Artesia,33.874954,-118.142715,,bus
bus_17026,Lakewood / Rosecrans,33.904068,-118.142725,,bus
bus_17027,Lakewood / Rosecrans,33.903512,-118.143014,,bus
bus_17029,Lakewood / Telegraph,33.960831,-118.110353,,bus
bus_17035,Workman Mill / College,34.020234,-118.037543,,bus
bus_17036,Workman Mill / College,34.019314,-118.038605,,bus
bus_17050,Santa Fe / Artesia,33.873908,-118.214634,,bus
bus_17051,San Vicente / Gracie Allen,34.074893,-118.37843,,bus
bus_17052,National / Robertson,34.03096,-118.390624,,bus
bus_17054,Huntington / Sunset,34.130643,-118.065399,,bus
bus_17057,Saint George / Tracy,34.107365,-118.276991,,bus
bus_17059,182nd / Figueroa,33.870208,-118.281887,,bus
bus_17072,Main / Allenhurst,33.905038,-118.274128,,bus
bus_17081,Albertoni / Broadway,33.870894,-118.278892,,bus
bus_17082,182nd / Figueroa,33.870411,-118.282141,,bus
bus_17083,Albertoni / Broadway,33.870874,-118.278193,,bus
bus_17104,23rd / Flower,34.030146,-118.272716,,bus
bus_17105,23rd / Figueroa,34.030969,-118.274488,,bus
bus_17106,23rd / Estrella,34.032104,-118.276746,,bus
bus_17107,23rd / Scarff,34.033376,-118.279621,,bus
bus_17108,23rd / Union,34.034939,-118.283142,,bus
bus_17109,Hoover / Pico,34.04708,-118.28409,,bus
bus_17110,Hoover / 12th,34.049732,-118.284033,,bus
bus_17111,Hoover / Olympic,34.052216,-118.284068,,bus
bus_17112,Hoover / James M Wood,34.055645,-118.284096,,bus
bus_17113,Hoover / 8th,34.057475,-118.284099,,bus
bus_17114,Westlake / Macarthur Park Station,34.056385,-118.275241,,bus
bus_17116,Rampart / 3rd,34.065983,-118.278921,,bus
bus_17117,Rampart / Beverly,34.069272,-118.276809,,bus
bus_17118,Coronado / Bellevue,34.075203,-118.271506,,bus
bus_17119,Glendale / Fletcher,34.103226,-118.25906,,bus
bus_17121,Fletcher / La Clede,34.112139,-118.249048,,bus
bus_17123,Columbus / Hawthorne,34.145273,-118.260797,,bus
bus_17126,Colorado / Columbus,34.142654,-118.260723,,bus
bus_17127,Fletcher / La Clede,34.11232,-118.24926,,bus
bus_17128,Coronado / Sunset,34.07936,-118.269151,,bus
bus_17129,Coronado / Bellevue,34.075208,-118.271694,,bus
bus_17130,Rampart / Temple,34.072398,-118.275063,,bus
bus_17131,Rampart / Beverly,34.069668,-118.276824,,bus
bus_17132,Rampart / 3rd,34.06644,-118.2789,,bus
bus_17133,6th / Coronado,34.062006,-118.280622,,bus
bus_17135,Hoover / 8th,34.057952,-118.284316,,bus
bus_17136,Hoover / James M Wood,34.056059,-118.284336,,bus
bus_17137,Hoover / Olympic,34.052215,-118.284306,,bus
bus_17138,Hoover / 12th,34.050074,-118.284276,,bus
bus_17139,Hoover / Pico,34.047508,-118.284293,,bus
bus_17141,23rd / Union,34.034921,-118.283617,,bus
bus_17142,23rd / Oak,34.033407,-118.280179,,bus
bus_17143,23rd / Estrella,34.031972,-118.276956,,bus
bus_17144,23rd / Figueroa,34.030793,-118.274593,,bus
bus_17146,Grand / 23rd,34.029236,-118.270333,,bus
bus_17150,Grande Vista / Olympic,34.020273,-118.210272,,bus
bus_17151,Grande Vista / Hunter,34.021729,-118.20936,,bus
bus_17152,Lorena / 8th,34.021702,-118.204574,,bus
bus_17153,Lorena / Beswick,34.023952,-118.203184,,bus
bus_17154,Lorena / 7th,34.025773,-118.202066,,bus
bus_17155,Lorena / Whittier,34.027971,-118.200666,,bus
bus_17156,Lorena / 6th,34.031024,-118.198719,,bus
bus_17157,Lorena / Eagle,34.033415,-118.197187,,bus
bus_17158,4th / Fresno,34.03575,-118.200526,,bus
bus_17159,4th / Mott,34.038953,-118.207746,,bus
bus_17160,4th / Soto,34.040615,-118.211447,,bus
bus_17161,Santa Fe / Myrrh,33.892049,-118.216275,,bus
bus_17162,Alondra / Santa Fe,33.888475,-118.215679,,bus
bus_17163,Alondra / Mayo,33.888478,-118.212266,,bus
bus_17164,Alondra / Poinsettia,33.888547,-118.209024,,bus
bus_17165,Alondra / Long Beach,33.888559,-118.206724,,bus
bus_17166,Alondra / Bradfield,33.888585,-118.203241,,bus
bus_17167,Alondra / Holly,33.888599,-118.201261,,bus
bus_17168,Alondra / Harris,33.888615,-118.19849,,bus
bus_17169,Alondra / White,33.888641,-118.194303,,bus
bus_17170,Alondra / Atlantic,33.888649,-118.192619,,bus
bus_17171,Alondra / Hunsaker,33.888983,-118.182682,,bus
bus_17172,Alondra / Orange,33.888991,-118.177134,,bus
bus_17173,Alondra / Texaco,33.889032,-118.172001,,bus
bus_17174,Alondra / Garfield,33.889033,-118.168999,,bus
bus_17176,Alondra / Paramount,33.889073,-118.160274,,bus
bus_17177,Alondra / Georgia,33.889081,-118.156235,,bus
bus_17178,Alondra / Downey,33.889107,-118.151032,,bus
bus_17179,Alondra / Hayter,33.889122,-118.147131,,bus
bus_17180,Alondra / Lakewood,33.889153,-118.142344,,bus
bus_17181,Alondra / Virginia,33.889158,-118.137988,,bus
bus_17182,Alondra / Bellflower,33.889221,-118.125464,,bus
bus_17184,Alondra / Woodruff,33.889246,-118.117033,,bus
bus_17185,Alondra / McNab,33.888326,-118.113226,,bus
bus_17186,Alondra / Piuma,33.887511,-118.106289,,bus
bus_17187,Alondra / Studebaker,33.887421,-118.099538,,bus
bus_17188,Alondra / Elmcroft,33.887443,-118.095202,,bus
bus_17189,Alondra / Gridley,33.887469,-118.090836,,bus
bus_17190,Alondra / Maidstone,33.88748,-118.086514,,bus
bus_17191,Alondra / Pioneer,33.887503,-118.082089,,bus
bus_17192,Alondra / Library,33.887535,-118.078626,,bus
bus_17193,Alondra / Norwalk,33.887558,-118.072531,,bus
bus_17194,Alondra / Madris,33.887557,-118.069598,,bus
bus_17195,Alondra / Bloomfield,33.887646,-118.063724,,bus
bus_17197,Alondra / Shoemaker,33.887699,-118.054999,,bus
bus_17198,Alondra / Carmenita,33.88776,-118.046739,,bus
bus_17199,Alondra / Commerce,33.887798,-118.043144,,bus
bus_17200,Alondra / Marquardt,33.887832,-118.038041,,bus
bus_17203,Alondra / Phoebe,33.887949,-118.021708,,bus
bus_17204,Alondra / Trojan,33.88798,-118.015692,,bus
bus_17205,Alondra / Stage,33.888005,-118.011297,,bus
bus_17206,Alondra / Barbata,33.888061,-118.004813,,bus
bus_17211,Alondra / Trojan,33.888233,-118.016104,,bus
bus_17212,Alondra / Phoebe,33.888202,-118.021379,,bus
bus_17215,Alondra / Firestone,33.888088,-118.038127,,bus
bus_17216,Alondra / Commerce,33.888056,-118.042654,,bus
bus_17217,Alondra / Carmenita,33.888019,-118.046904,,bus
bus_17218,Alondra / Shoemaker,33.887952,-118.055658,,bus
bus_17220,Alondra / Bloomfield,33.887901,-118.063889,,bus
bus_17221,Alondra / Madris,33.887816,-118.069276,,bus
bus_17222,Alondra / Norwalk,33.887813,-118.07319,,bus
bus_17223,Alondra / Library,33.887791,-118.078633,,bus
bus_17224,Alondra / Pioneer,33.887755,-118.082748,,bus
bus_17225,Alondra / Maidstone,33.887736,-118.086679,,bus
bus_17226,Alondra / Gridley,33.887721,-118.091496,,bus
bus_17227,Alondra / Elmcroft,33.887698,-118.095861,,bus
bus_17228,Alondra / Studebaker,33.887676,-118.09967,,bus
bus_17229,Alondra / Piuma,33.887759,-118.106112,,bus
bus_17230,Alondra / Carpintero,33.888807,-118.113688,,bus
bus_17231,Alondra / Woodruff,33.889504,-118.117198,,bus
bus_17232,Alondra / Eucalyptus,33.889488,-118.122325,,bus
bus_17234,Alondra / Clark,33.889437,-118.134305,,bus
bus_17235,Alondra / Virginia,33.889413,-118.138153,,bus
bus_17236,Alondra / Lakewood,33.889411,-118.142443,,bus
bus_17237,Alondra / Perilla,33.889372,-118.147626,,bus
bus_17238,Alondra / Downey,33.889364,-118.151692,,bus
bus_17239,Alondra / Georgia,33.889336,-118.156235,,bus
bus_17240,Alondra / Paramount,33.889331,-118.160406,,bus
bus_17242,Alondra / Garfield,33.889292,-118.168538,,bus
bus_17243,Alondra / Texaco,33.889285,-118.171672,,bus
bus_17244,Alondra / Orange,33.889246,-118.177793,,bus
bus_17245,Alondra / Hunsaker,33.889241,-118.182775,,bus
bus_17246,Alondra / Atlantic,33.888901,-118.193213,,bus
bus_17247,Alondra / White,33.888899,-118.194498,,bus
bus_17248,Alondra / Harris,33.888868,-118.198016,,bus
bus_17249,Alondra / Holly,33.888852,-118.200932,,bus
bus_17250,Alondra / Bradfield,33.888838,-118.202912,,bus
bus_17251,Alondra / Ward,33.888823,-118.205443,,bus
bus_17252,Alondra / Long Beach,33.888819,-118.20738,,bus
bus_17253,Alondra / Poinsettia,33.888794,-118.209206,,bus
bus_17254,Alondra / Mayo,33.888737,-118.211973,,bus
bus_17255,Alondra / Santa Fe,33.888736,-118.215812,,bus
bus_17256,Santa Fe / Myrrh,33.892563,-118.21593,,bus
bus_17257,740 Mission,34.056654,-118.220451,,bus
bus_17258,Mission / Cesar E Chavez,34.054507,-118.225668,,bus
bus_17261,Grand / 30th,34.023553,-118.274305,,bus
bus_17262,Jefferson / Figueroa,34.021952,-118.279699,,bus
bus_17264,Jefferson / Budlong,34.025645,-118.296232,,bus
bus_17265,Jefferson / Normandie,34.025645,-118.300565,,bus
bus_17266,Jefferson / Halldale,34.025643,-118.302572,,bus
bus_17267,Jefferson / Denker,34.025651,-118.304555,,bus
bus_17268,Jefferson / Western,34.025694,-118.309229,,bus
bus_17269,Jefferson / Saint Andrews,34.025688,-118.31173,,bus
bus_17270,Jefferson / Cimarron,34.025688,-118.314974,,bus
bus_17271,Jefferson / Arlington,34.025702,-118.317981,,bus
bus_17272,Jefferson / 4th,34.025713,-118.32107,,bus
bus_17273,Jefferson / 7th,34.025726,-118.324605,,bus
bus_17274,Jefferson / 12th,34.025732,-118.331492,,bus
bus_17275,Jefferson / Crenshaw,34.025726,-118.335426,,bus
bus_17277,Jefferson / Buckingham,34.025701,-118.340353,,bus
bus_17279,Jefferson / Farmdale,34.025683,-118.345865,,bus
bus_17281,Jefferson / Harcourt,34.025669,-118.350587,,bus
bus_17282,Jefferson / Alsace,34.025637,-118.357884,,bus
bus_17283,Jefferson / Cochran,34.025717,-118.361478,,bus
bus_17284,Jefferson / Hauser,34.026147,-118.36551,,bus
bus_17285,Jefferson / Clyde,34.026491,-118.369046,,bus
bus_17286,Rosecrans / Village,33.901755,-118.392487,,bus
bus_17287,Rosecrans / Village,33.902007,-118.392653,,bus
bus_17288,Rosecrans / Nash,33.901763,-118.388246,,bus
bus_17289,Rosecrans / Nash,33.902017,-118.388741,,bus
bus_17290,Apollo / Rosecrans,33.902167,-118.386409,,bus
bus_17291,Apollo / Rosecrans,33.902029,-118.38658,,bus
bus_17292,Apollo / Park,33.905121,-118.386512,,bus
bus_17293,Apollo / Park,33.904945,-118.386626,,bus
bus_17294,Rosecrans / Redondo,33.901747,-118.382809,,bus
bus_17295,Douglas / Rosecrans,33.90215,-118.383051,,bus
bus_17296,Rosecrans / Redondo,33.901766,-118.379236,,bus
bus_17297,Rosecrans / Aviation,33.901989,-118.379231,,bus
bus_17298,Rosecrans / Isis,33.901714,-118.374033,,bus
bus_17299,Rosecrans / Isis,33.901969,-118.374199,,bus
bus_17300,Alondra / Escalona,33.888258,-118.011303,,bus
bus_17302,Compton / Alameda,33.896134,-118.219683,,bus
bus_17306,Sunset / Parkman,34.082956,-118.273535,,bus
bus_17308,Vermont / Hollywood,34.10087,-118.29192,,bus
bus_17316,Rosecrans / Hindry,33.901963,-118.371954,,bus
bus_17317,Rosecrans / Ocean Gate,33.901704,-118.366737,,bus
bus_17318,Rosecrans / Ocean Gate,33.901955,-118.367397,,bus
bus_17319,Rosecrans / Firmona,33.90178,-118.357787,,bus
bus_17320,Rosecrans / Inglewood,33.901963,-118.361067,,bus
bus_17321,Rosecrans / Firmona,33.902033,-118.357607,,bus
bus_17322,Rosecrans / Prairie,33.90179,-118.344009,,bus
bus_17323,Rosecrans / Prairie,33.902044,-118.34368,,bus
bus_17324,Rosecrans / Jefferson,33.902041,-118.346505,,bus
bus_17325,Rosecrans / Doty,33.9018,-118.339659,,bus
bus_17326,Rosecrans / Doty,33.902053,-118.339331,,bus
bus_17327,Rosecrans / Yukon,33.901801,-118.335359,,bus
bus_17328,Rosecrans / Yukon,33.902054,-118.33503,,bus
bus_17329,Rosecrans / Lemoli,33.901803,-118.330511,,bus
bus_17330,Rosecrans / Lemoli,33.902055,-118.330664,,bus
bus_17331,Rosecrans / Ardath,33.901802,-118.32398,,bus
bus_17332,Rosecrans / Ardath,33.902052,-118.323819,,bus
bus_17333,Rosecrans / Van Ness,33.901804,-118.318005,,bus
bus_17334,Rosecrans / Van Ness,33.902056,-118.318171,,bus
bus_17335,Rosecrans / Gramercy,33.901804,-118.313632,,bus
bus_17336,Rosecrans / Gramercy,33.902057,-118.313798,,bus
bus_17341,Rosecrans / Denker,33.901807,-118.304939,,bus
bus_17342,Rosecrans / Kingsley,33.902061,-118.304571,,bus
bus_17345,Rosecrans / Normandie,33.901792,-118.300062,,bus
bus_17346,Rosecrans / Normandie,33.902046,-118.300722,,bus
bus_17347,Rosecrans / Budlong,33.901789,-118.295725,,bus
bus_17348,Rosecrans / Budlong,33.90204,-118.296385,,bus
bus_17349,Rosecrans / Berendo,33.901791,-118.293563,,bus
bus_17350,Rosecrans / Berendo,33.902049,-118.293986,,bus
bus_17351,Rosecrans / Vermont,33.901792,-118.291273,,bus
bus_17352,Rosecrans / Vermont,33.902045,-118.292286,,bus
bus_17353,Rosecrans / Harbor Fwy,33.901769,-118.285809,,bus
bus_17354,Rosecrans / Harbor Fwy,33.902016,-118.286983,,bus
bus_17355,Rosecrans / Stanford,33.902301,-118.262206,,bus
bus_17356,Rosecrans / Stanford,33.902565,-118.261891,,bus
bus_17357,Rosecrans / Aprilia,33.9025,-118.257629,,bus
bus_17358,Rosecrans / Aprilia,33.902767,-118.257314,,bus
bus_17359,Rosecrans / Parmelee,33.902788,-118.25128,,bus
bus_17360,Rosecrans / Parmelee,33.903035,-118.251442,,bus
bus_17361,Rosecrans / Tajauta,33.903021,-118.246492,,bus
bus_17362,Rosecrans / Tajauta,33.903231,-118.247172,,bus
bus_17363,Rosecrans / Dwight,33.903174,-118.242575,,bus
bus_17364,Rosecrans / Dwight,33.903427,-118.24274,,bus
bus_17365,Rosecrans / Wilmington,33.903195,-118.237747,,bus
bus_17366,Rosecrans / Wilmington,33.90345,-118.237879,,bus
bus_17367,Rosecrans / Matthisen,33.903193,-118.234491,,bus
bus_17368,Rosecrans / Matthisen,33.903447,-118.234162,,bus
bus_17369,Rosecrans / Aranbe,33.903198,-118.231967,,bus
bus_17370,Rosecrans / Aranbe,33.90345,-118.232132,,bus
bus_17371,Rosecrans / Oleander,33.903193,-118.230184,,bus
bus_17372,Rosecrans / Oleander,33.903447,-118.229855,,bus
bus_17373,Rosecrans / Acacia,33.90319,-118.227439,,bus
bus_17374,Rosecrans / Acacia,33.903443,-118.227654,,bus
bus_17375,Rosecrans / Willowbrook,33.9032,-118.225254,,bus
bus_17376,Rosecrans / Willowbrook,33.903452,-118.225419,,bus
bus_17377,Rosecrans / Mayo,33.903301,-118.213173,,bus
bus_17378,Rosecrans / Mayo,33.903557,-118.213339,,bus
bus_17379,Rosecrans / Bradfield,33.90338,-118.203992,,bus
bus_17380,Rosecrans / Bradfield,33.90363,-118.204158,,bus
bus_17381,Rosecrans / Harris,33.903413,-118.199471,,bus
bus_17382,Rosecrans / Harris,33.903669,-118.199145,,bus
bus_17383,Rosecrans / Atlantic,33.903458,-118.193615,,bus
bus_17384,Rosecrans / Atlantic,33.903707,-118.194275,,bus
bus_17385,Rosecrans / Gibson,33.903492,-118.189694,,bus
bus_17386,Rosecrans / Gibson,33.903742,-118.189859,,bus
bus_17387,Rosecrans / Orange,33.903543,-118.177712,,bus
bus_17388,Rosecrans / Orange,33.903798,-118.17787,,bus
bus_17389,Rosecrans / Garfield,33.903534,-118.168521,,bus
bus_17390,Rosecrans / Garfield,33.903791,-118.169592,,bus
bus_17391,7101 Rosecrans,33.903758,-118.175603,,bus
bus_17392,Rosecrans / RR-Xing,33.90355,-118.163363,,bus
bus_17393,Rosecrans / RR-Xing,33.903803,-118.164675,,bus
bus_17394,8th / Grande Vista,34.023276,-118.208291,,bus
bus_17395,Coldwater Canyon / Valleyheart,34.146904,-118.413644,,bus
bus_17396,Coldwater Canyon / Moorpark,34.150183,-118.413654,,bus
bus_17397,Coldwater Canyon / Hortense,34.154777,-118.413656,,bus
bus_17398,Coldwater Canyon / Riverside,34.157888,-118.413649,,bus
bus_17399,Coldwater Canyon / Addison,34.161133,-118.413612,,bus
bus_17400,Coldwater Canyon / Magnolia,34.165178,-118.413625,,bus
bus_17401,Coldwater Canyon / Chandler,34.168168,-118.413633,,bus
bus_17404,Coldwater Canyon / Oxnard,34.179632,-118.413624,,bus
bus_17405,Coldwater Canyon / Vanowen,34.194229,-118.41363,,bus
bus_17406,Coldwater Canyon / Vanowen,34.194118,-118.413868,,bus
bus_17408,Plummer / Balboa,34.242878,-118.502698,,bus
bus_17409,Plummer / Balboa,34.243133,-118.502792,,bus
bus_17410,Rosecrans / Paramount,33.903825,-118.160457,,bus
bus_17411,Plummer / Tampa,34.242633,-118.553239,,bus
bus_17412,Plummer / Tampa,34.242886,-118.553241,,bus
bus_17413,De Soto / Plummer,34.243009,-118.588395,,bus
bus_17414,Plummer / De Soto,34.242605,-118.58822,,bus
bus_17415,4th / Soto,34.040362,-118.211519,,bus
bus_17416,4th / Mott,34.038864,-118.208181,,bus
bus_17418,Lorena / 6th,34.031145,-118.198983,,bus
bus_17419,Lorena / Whittier,34.027607,-118.201249,,bus
bus_17420,Lorena / 7th,34.025588,-118.202528,,bus
bus_17421,Lorena / Beswick,34.023764,-118.203646,,bus
bus_17424,Western / 259th,33.787381,-118.307538,,bus
bus_17425,Western / 260th,33.787042,-118.307941,,bus
bus_17426,Pacific Coast Highway / President,33.789348,-118.304441,,bus
bus_17427,Pacific Coast Highway / President,33.789602,-118.304113,,bus
bus_17428,Pacific Coast Highway / Belle Porte,33.789339,-118.301328,,bus
bus_17429,Pacific Coast Highway / Belle Porte,33.789593,-118.301,,bus
bus_17430,Pacific Coast Highway / Vermont,33.790878,-118.291365,,bus
bus_17431,Pacific Coast Highway / Figueroa,33.790557,-118.282989,,bus
bus_17432,Pacific Coast Highway / Figueroa,33.790899,-118.283694,,bus
bus_17433,L St / Figueroa,33.785942,-118.281288,,bus
bus_17435,Bixby / Pacific Coast Highway,33.791275,-118.290751,,bus
bus_17436,Vermont / 253rd,33.794581,-118.290664,,bus
bus_17437,Vermont / 253rd,33.794443,-118.29097,,bus
bus_17438,Vermont / 245th,33.802372,-118.290237,,bus
bus_17439,Vermont / 245th,33.802649,-118.290534,,bus
bus_17440,Vermont / Ashbridge,33.806249,-118.290207,,bus
bus_17441,Vermont / Ashbridge,33.805836,-118.290512,,bus
bus_17442,Vermont / Coriander,33.812413,-118.290179,,bus
bus_17443,Vermont / Lindencliff,33.812198,-118.290475,,bus
bus_17444,Vermont / 232nd,33.815573,-118.290137,,bus
bus_17445,Vermont / 232nd,33.81544,-118.29044,,bus
bus_17446,Vermont / 228th,33.818826,-118.290116,,bus
bus_17447,Vermont / 228th,33.818688,-118.290418,,bus
bus_17448,Vermont / 223rd,33.824333,-118.290112,,bus
bus_17449,Vermont / 223rd,33.824195,-118.290414,,bus
bus_17450,Vermont / 220th,33.828367,-118.290122,,bus
bus_17451,Vermont / 220th,33.828229,-118.290425,,bus
bus_17452,Vermont / 214th,33.834173,-118.29012,,bus
bus_17453,Vermont / 214th,33.834447,-118.290427,,bus
bus_17454,Vermont / Javelin,33.838696,-118.289931,,bus
bus_17455,Vermont / Javelin,33.838616,-118.290286,,bus
bus_17456,Vermont / Del Amo,33.846117,-118.290217,,bus
bus_17457,Vermont / Del Amo,33.846389,-118.290524,,bus
bus_17458,Vermont / Francisco,33.849972,-118.290655,,bus
bus_17459,Vermont / Knox,33.854086,-118.29037,,bus
bus_17460,Vermont / Knox,33.853948,-118.290672,,bus
bus_17461,Vermont / 186th,33.861887,-118.29042,,bus
bus_17462,Vermont / 186th,33.862158,-118.290724,,bus
bus_17463,Vermont / 182nd,33.866851,-118.290704,,bus
bus_17464,Figueroa / Patrice,33.866433,-118.28171,,bus
bus_17465,Figueroa / Patrice,33.866159,-118.281406,,bus
bus_17466,Victoria / Figueroa,33.862835,-118.28117,,bus
bus_17467,Victoria / Figueroa,33.86306,-118.281316,,bus
bus_17468,Victoria / Broadway,33.864216,-118.278099,,bus
bus_17469,Victoria / Broadway,33.864435,-118.278244,,bus
bus_17470,Victoria / Main,33.865586,-118.275036,,bus
bus_17471,Victoria / Main,33.865805,-118.275182,,bus
bus_17472,Victoria / Wall,33.866757,-118.271107,,bus
bus_17473,Victoria / Wall,33.867007,-118.271279,,bus
bus_17474,Del Amo / Alvo,33.846674,-118.238315,,bus
bus_17475,Del Amo / Alvo,33.846925,-118.238974,,bus
bus_17476,Wilmington / Dimondale,33.849444,-118.233985,,bus
bus_17477,Wilmington / Dimondale,33.848946,-118.234264,,bus
bus_17478,Wilmington / Gladwick,33.853579,-118.234309,,bus
bus_17479,Wilmington / Gladwick,33.853424,-118.234602,,bus
bus_17480,Wilmington / Cashdan,33.855807,-118.23449,,bus
bus_17481,Wilmington / Cashdan,33.856064,-118.234814,,bus
bus_17482,Wilmington / University,33.857974,-118.234674,,bus
bus_17483,Wilmington / University,33.85782,-118.234964,,bus
bus_17484,Wilmington / Glenn Curtiss,33.860639,-118.234902,,bus
bus_17485,Wilmington / Glenn Curtiss,33.860485,-118.235192,,bus
bus_17486,Wilmington / Charles Willard,33.86398,-118.235287,,bus
bus_17487,Wilmington / Charles Willard,33.864238,-118.235614,,bus
bus_17488,Wilmington / Victoria,33.868178,-118.235503,,bus
bus_17490,2121 Wilmington,33.871511,-118.235717,,bus
bus_17491,2121 Wilmington,33.871433,-118.236066,,bus
bus_17492,Walnut / Wilmington,33.876075,-118.235894,,bus
bus_17493,Wilmington / Walnut,33.875854,-118.236362,,bus
bus_17494,501 Walnut,33.876189,-118.230643,,bus
bus_17495,501 Walnut,33.876423,-118.230621,,bus
bus_17496,Walnut / Acacia,33.876538,-118.225205,,bus
bus_17497,Wilmington / Walnut,33.876418,-118.236096,,bus
bus_17498,Wilmington / RR-Xing,33.877712,-118.236186,,bus
bus_17500,Rosecrans / Anderson,33.903609,-118.155642,,bus
bus_17501,Rosecrans / Anderson,33.903862,-118.155643,,bus
bus_17502,Rosecrans / Downey,33.903623,-118.151124,,bus
bus_17503,Rosecrans / Downey,33.903875,-118.151784,,bus
bus_17504,Rosecrans / Castana,33.903662,-118.146616,,bus
bus_17505,Rosecrans / Castana,33.903914,-118.146689,,bus
bus_17506,9130 Rosecrans,33.903848,-118.137547,,bus
bus_17507,9151 Rosecrans,33.904101,-118.137561,,bus
bus_17508,Rosecrans / Clark,33.903962,-118.134209,,bus
bus_17509,Rosecrans / Clark,33.904226,-118.13389,,bus
bus_17510,Rosecrans / Ardis,33.902987,-118.128856,,bus
bus_17511,Rosecrans / Ardis,33.90347,-118.129292,,bus
bus_17512,Rosecrans / Bellflower,33.901862,-118.125005,,bus
bus_17513,Rosecrans / Bellflower,33.902114,-118.125151,,bus
bus_17514,Rosecrans / Cabell,33.901878,-118.121885,,bus
bus_17515,Rosecrans / Dunrobin,33.902132,-118.121282,,bus
bus_17517,Rosecrans / Woodruff,33.902155,-118.116965,,bus
bus_17530,Rosecrans / Firestone,33.902494,-118.060123,,bus
bus_17574,Balboa / Roscoe,34.220928,-118.502797,,bus
bus_17577,Western / Summerland,33.747481,-118.309401,,bus
bus_17578,Western / Summerland,33.746867,-118.309777,,bus
bus_17579,Western / Crestwood,33.749963,-118.309072,,bus
bus_17580,Western / Crestwood,33.750265,-118.309339,,bus
bus_17581,Western / Park Western,33.752,-118.308806,,bus
bus_17582,Western / Park Western,33.752299,-118.30908,,bus
bus_17583,Western / Capitol,33.753624,-118.308842,,bus
bus_17584,Western / Trudie,33.753845,-118.309201,,bus
bus_17585,Western / Caddington,33.757577,-118.311231,,bus
bus_17586,Western / Caddington,33.757576,-118.311679,,bus
bus_17587,Western / Toscanini,33.760229,-118.312281,,bus
bus_17588,Western / Toscanini,33.760156,-118.312616,,bus
bus_17589,Western / Westmont,33.762907,-118.311501,,bus
bus_17590,Western / Delasonde,33.763236,-118.31172,,bus
bus_17591,Western / Avenida Aprenda,33.766716,-118.310384,,bus
bus_17592,Western / Avenida Aprenda,33.767045,-118.310602,,bus
bus_17593,Western / John Montgomery,33.770109,-118.309393,,bus
bus_17594,Western / Green Hills,33.770405,-118.309621,,bus
bus_17595,Western / Peninsula Verde,33.776197,-118.308948,,bus
bus_17596,Western / Peninsula Verde,33.775622,-118.309169,,bus
bus_17597,Western / Leesdale,33.780718,-118.309603,,bus
bus_17598,Western / Leesdale,33.780632,-118.309899,,bus
bus_17599,Western / 263rd,33.783559,-118.309775,,bus
bus_17600,Western / 263rd,33.783844,-118.310062,,bus
bus_17607,Wilmington / Greenleaf,33.881031,-118.236419,,bus
bus_17608,Wilmington / Greenleaf,33.880467,-118.236681,,bus
bus_17609,Wilmington / Caldwell,33.88424,-118.236636,,bus
bus_17610,Wilmington / Caldwell,33.884085,-118.236928,,bus
bus_17611,Wilmington / Laurel,33.892672,-118.23721,,bus
bus_17612,Wilmington / Laurel,33.892932,-118.237537,,bus
bus_17613,Wilmington / Poplar,33.900304,-118.237699,,bus
bus_17614,Wilmington / Poplar,33.90015,-118.237992,,bus
bus_17615,Wilmington / 139th,33.905832,-118.238282,,bus
bus_17616,Wilmington / 139th,33.905974,-118.238694,,bus
bus_17617,Wilmington / Stockwell,33.90934,-118.238947,,bus
bus_17618,Wilmington / Stockwell,33.908792,-118.239252,,bus
bus_17619,Wilmington / Nord,33.911263,-118.23894,,bus
bus_17620,Pacific Coast Highway / Prospect,33.816072,-118.376657,,bus
bus_17621,Pacific Coast Highway / Vista Del Parque,33.815868,-118.377087,,bus
bus_17622,Pacific Coast Highway / Hawthorne,33.804791,-118.350816,,bus
bus_17623,Pacific Coast Highway / Western,33.789613,-118.307404,,bus
bus_17624,Pacific Coast Highway / Western,33.789355,-118.307272,,bus
bus_17625,Anaheim / Figueroa,33.778948,-118.279169,,bus
bus_17626,Figueroa / Anaheim,33.779341,-118.279374,,bus
bus_17627,Anaheim / Santa Fe,33.782869,-118.215263,,bus
bus_17628,Anaheim / Santa Fe,33.782614,-118.215131,,bus
bus_17629,Anaheim / Caspian,33.782852,-118.212469,,bus
bus_17630,Wilmington / 133rd,33.911529,-118.239234,,bus
bus_17631,Wilmington / 130th,33.914244,-118.238912,,bus
bus_17632,Wilmington / 130th,33.913782,-118.239227,,bus
bus_17633,Wilmington / El Segundo,33.9165,-118.238905,,bus
bus_17634,Wilmington / El Segundo,33.916417,-118.239208,,bus
bus_17635,Wilmington / 124th,33.920128,-118.238906,,bus
bus_17636,Wilmington / 124th,33.919577,-118.239221,,bus
bus_17637,Wilmington / 123rd,33.920727,-118.238914,,bus
bus_17639,Wilmington / 122nd,33.921562,-118.23892,,bus
bus_17640,Pacific Coast Highway / Avenue H,33.820744,-118.385155,,bus
bus_17707,Pacific Coast Highway / Paseo De Las Delicias,33.817488,-118.381832,,bus
bus_17708,Pacific Coast Highway / Paseo De Las Delicias,33.817771,-118.38177,,bus
bus_17715,Laurel Canyon / Mulholland,34.123647,-118.375548,,bus
bus_17716,Laurel Canyon / Mulholland,34.123881,-118.375407,,bus
bus_17717,Laurel Canyon / Ventura,34.143275,-118.395317,,bus
bus_17718,Avenue 28 / Idell,34.087012,-118.223758,,bus
bus_17738,Pacific Coast Highway / 5th,33.858511,-118.391083,,bus
bus_17739,Pacific Coast Highway / 5th,33.858394,-118.391365,,bus
bus_17747,Slauson / Pacific,33.989093,-118.224871,,bus
bus_17783,Verdugo / Honolulu,34.204843,-118.225512,,bus
bus_17785,Avenue 43 / Figueroa,34.094314,-118.208263,,bus
bus_17786,Lakewood / Hardwick,33.849955,-118.142666,,bus
bus_17787,Lakewood / Candlewood,33.854162,-118.142288,,bus
bus_17788,Lakewood / Candlewood,33.853222,-118.142612,,bus
bus_17789,Lakewood / Michelson,33.857517,-118.1423,,bus
bus_17790,Lakewood / Michelson,33.85705,-118.142599,,bus
bus_17791,Lakewood / South,33.860551,-118.142325,,bus
bus_17792,Lakewood / South,33.860413,-118.142628,,bus
bus_17793,Lakewood / Hedda,33.863988,-118.142344,,bus
bus_17794,Lakewood / Hedda,33.86385,-118.142647,,bus
bus_17795,Lakewood / Ashworth,33.868044,-118.14237,,bus
bus_17796,Lakewood / Ashworth,33.867989,-118.142673,,bus
bus_17797,Lakewood / Cedar,33.871009,-118.142385,,bus
bus_17798,Lakewood / Cedar,33.871283,-118.142689,,bus
bus_17799,Lakewood / Park,33.878653,-118.142461,,bus
bus_17810,Lakewood / Park,33.878515,-118.142764,,bus
bus_17811,Lakewood / Flower,33.881871,-118.14248,,bus
bus_17812,Lakewood / Flower,33.881733,-118.142779,,bus
bus_17813,Lakewood / Los Angeles,33.887174,-118.142508,,bus
bus_17814,Lakewood / Olive,33.886569,-118.142807,,bus
bus_17815,Lakewood / Alondra,33.889557,-118.142522,,bus
bus_17816,Lakewood / Alondra,33.889007,-118.142821,,bus
bus_17817,Lakewood / Hegel,33.892302,-118.142534,,bus
bus_17818,Lakewood / Vans,33.892076,-118.142836,,bus
bus_17819,Lakewood / Paseo,33.894574,-118.142554,,bus
bus_17820,Lakewood / Paseo,33.894805,-118.142844,,bus
bus_17821,Lakewood / Somerset,33.89625,-118.14286,,bus
bus_17822,Lakewood / Paramount,33.901465,-118.142661,,bus
bus_17823,Lakewood / Paramount,33.901322,-118.142961,,bus
bus_17824,Lakewood / Pepperwood,33.907777,-118.142804,,bus
bus_17825,Lakewood / Deming,33.907661,-118.143107,,bus
bus_17826,Lakewood / Gardendale,33.910295,-118.142416,,bus
bus_17827,Lakewood / Gardendale,33.910704,-118.142545,,bus
bus_17828,Lakewood / Rose,33.920033,-118.135194,,bus
bus_17829,Lakewood / Donovan,33.920398,-118.13533,,bus
bus_17830,Lakewood / Alameda,33.923369,-118.132757,,bus
bus_17831,Lakewood / Alameda,33.923388,-118.133103,,bus
bus_17832,Lakewood / Stewart and Gray,33.927948,-118.129382,,bus
bus_17833,Lakewood / Stewart and Gray,33.927961,-118.129728,,bus
bus_17834,Lakewood / Buckles,33.930285,-118.127688,,bus
bus_17835,Lakewood / Cleta,33.930964,-118.127544,,bus
bus_17836,Lakewood / Bellflower,33.933005,-118.125662,,bus
bus_17837,Lakewood / Bellflower,33.933208,-118.12587,,bus
bus_17838,Lakewood / Cecilia,33.938881,-118.12183,,bus
bus_17839,Lakewood / 5th,33.939244,-118.121932,,bus
bus_17840,Lakewood / Cherokee,33.943019,-118.11936,,bus
bus_17841,Lakewood / Cherokee,33.943376,-118.119502,,bus
bus_17842,Lakewood / Florence,33.947305,-118.11743,,bus
bus_17843,Lakewood / Lubec,33.95072,-118.115321,,bus
bus_17844,Lakewood / Lubec,33.95117,-118.115418,,bus
bus_17845,Lakewood / Gallatin,33.954538,-118.113335,,bus
bus_17846,Lakewood / Gallatin,33.954565,-118.113652,,bus
bus_17847,Rosemead / Terradell,33.96385,-118.108424,,bus
bus_17848,Rosemead / Terradell,33.963525,-118.108925,,bus
bus_17849,Rosemead / Aero,33.968086,-118.10619,,bus
bus_17850,Rosemead / Aero,33.967764,-118.106691,,bus
bus_17853,Rosemead / Rex,33.977634,-118.100968,,bus
bus_17854,Rosemead / Rex,33.977584,-118.101364,,bus
bus_17855,Rosemead / Danbridge,33.980004,-118.099226,,bus
bus_17856,Rosemead / Danbridge,33.980372,-118.099312,,bus
bus_17857,Rosemead / Washington,33.983358,-118.096776,,bus
bus_17858,Rosemead / Washington,33.983028,-118.097386,,bus
bus_17859,Rosemead / Coffman Pico,33.986878,-118.094128,,bus
bus_17860,Rosemead / Coffman Pico,33.986888,-118.094474,,bus
bus_17861,Rosemead / Mines,33.99189,-118.090043,,bus
bus_17862,Rosemead / Mines,33.992261,-118.08998,,bus
bus_17863,Rosemead / Havenwood,33.995784,-118.0856,,bus
bus_17864,Rosemead / Manzanar,33.996152,-118.085696,,bus
bus_17865,Rosemead / Beverly Rd,34.007757,-118.081659,,bus
bus_17866,Rosemead / Beverly Rd,34.007696,-118.081996,,bus
bus_17868,Rosemead / Beverly Bl,34.010321,-118.081147,,bus
bus_17869,Rosemead / Las Posas,34.013754,-118.079744,,bus
bus_17870,Rosemead / Las Posas,34.013682,-118.080078,,bus
bus_17871,Rosemead / Gallatin,34.016821,-118.07878,,bus
bus_17872,Rosemead / Gallatin,34.016769,-118.079117,,bus
bus_17874,Rosemead / San Gabriel,34.028759,-118.068016,,bus
bus_17875,Rosemead / Legg Lake,34.034823,-118.064374,,bus
bus_17876,Rosemead / Legg Lake,34.034847,-118.06475,,bus
bus_17877,1601 Rosemead,34.047493,-118.064077,,bus
bus_17878,1601 Rosemead,34.047482,-118.064403,,bus
bus_17879,Rosemead / Rush,34.051532,-118.064436,,bus
bus_17880,Studebaker / Imperial,33.916825,-118.099378,,bus
bus_17911,Workman Mill / Mission Mill,34.015138,-118.044052,,bus
bus_17976,Workman Mill / Mission Mill,34.015303,-118.044335,,bus
bus_18005,Olympic / Saybrook,34.012205,-118.136481,,bus
bus_18006,8th / Mirasol,34.019029,-118.199209,,bus
bus_18009,Alameda / San Fernando,34.174287,-118.30024,,bus
bus_18012,Pico / Vermont,34.047395,-118.291427,,bus
bus_18015,Fair Oaks / Hammond,34.165042,-118.150486,,bus
bus_18016,Fair Oaks / Hammond,34.164986,-118.15079,,bus
bus_18018,San Fernando / Pepper,34.089027,-118.22623,,bus
bus_18019,San Fernando / Loosmore,34.091868,-118.228216,,bus
bus_18021,Las Tunas / Live Oak,34.107522,-118.032568,,bus
bus_18023,St Stevens Serbian,34.061321,-118.148233,,bus
bus_18024,St Stevens Serbian,34.06168,-118.148778,,bus
bus_18025,Los Feliz / San Fernando,34.128385,-118.258917,,bus
bus_18026,Los Feliz / San Fernando,34.128782,-118.258604,,bus
bus_18027,Colorado / Figueroa,34.138204,-118.187074,,bus
bus_18045,Riverside / Van Nuys,34.157937,-118.44837,,bus
bus_18046,Riverside / Tyrone,34.157531,-118.444477,,bus
bus_18047,Riverside / Ranchito,34.157516,-118.434888,,bus
bus_18048,Riverside / Woodman,34.157512,-118.431467,,bus
bus_18049,Riverside / Sunnyslope,34.15752,-118.427014,,bus
bus_18050,Riverside / Fulton,34.157524,-118.422694,,bus
bus_18051,Riverside / Ethel,34.157523,-118.418301,,bus
bus_18052,Riverside / Coldwater Canyon,34.157513,-118.413971,,bus
bus_18053,Riverside / La Maida,34.157524,-118.409122,,bus
bus_18054,Riverside / Whitsett,34.15752,-118.405426,,bus
bus_18055,Riverside / Laurelgrove,34.157526,-118.401007,,bus
bus_18056,Riverside / Radford,34.157536,-118.392274,,bus
bus_18057,Riverside / Colfax,34.157551,-118.387408,,bus
bus_18058,Riverside / Beck,34.157547,-118.383544,,bus
bus_18059,Riverside / Tujunga,34.157542,-118.379247,,bus
bus_18060,Tujunga / Sarah,34.15406,-118.379135,,bus
bus_18061,Tujunga / Moorpark,34.150576,-118.379103,,bus
bus_18062,Tujunga / Valley Spring,34.146482,-118.379091,,bus
bus_18063,Tujunga / Dilling,34.142976,-118.379085,,bus
bus_18064,Cahuenga / Lankershim,34.143634,-118.361327,,bus
bus_18065,Cahuenga / Whipple,34.147743,-118.361339,,bus
bus_18066,Alameda / Olive,34.15589,-118.334729,,bus
bus_18067,Riverside / Pass,34.151904,-118.344156,,bus
bus_18068,Buena Vista / Olive,34.161051,-118.329309,,bus
bus_18069,Olive / Keystone,34.164038,-118.326292,,bus
bus_18070,Olive / Parish,34.165942,-118.324283,,bus
bus_18071,Olive / Reese,34.167486,-118.322653,,bus
bus_18072,Olive / Virginia,34.170583,-118.319402,,bus
bus_18073,San Fernando / Alameda,34.174153,-118.299731,,bus
bus_18075,Alameda / Lake,34.168983,-118.305815,,bus
bus_18076,Victory / Alameda,34.166521,-118.307779,,bus
bus_18077,Victory / Allen,34.16369,-118.303915,,bus
bus_18078,Victory / Thompson,34.162282,-118.301982,,bus
bus_18079,Victory / Western,34.16117,-118.300497,,bus
bus_18080,Victory / Riverside,34.158708,-118.297067,,bus
bus_18081,Zoo / Riverside,34.154675,-118.293655,,bus
bus_18083,Griffith Park / Crystal Springs,34.13503,-118.28199,,bus
bus_18084,Griffith Park / Park Ranger Office,34.132258,-118.280841,,bus
bus_18085,Griffith Park / Pony Rides,34.120622,-118.274362,,bus
bus_18086,Griffith Park / Los Feliz,34.117132,-118.272005,,bus
bus_18087,3160 Riverside,34.113821,-118.269285,,bus
bus_18088,Riverside / Glendale,34.110972,-118.265203,,bus
bus_18089,Riverside / Newell,34.098483,-118.248489,,bus
bus_18090,Riverside / Stadium,34.095608,-118.244864,,bus
bus_18091,Riverside / Eads,34.093944,-118.241381,,bus
bus_18092,Riverside / Birkdale,34.091908,-118.239832,,bus
bus_18093,Riverside / Dorris,34.090419,-118.238438,,bus
bus_18094,Riverside / Riverdale,34.08924,-118.237008,,bus
bus_18095,Riverside / Harwood,34.087753,-118.234559,,bus
bus_18096,Riverside / Elmgrove,34.086326,-118.231973,,bus
bus_18097,Riverside / Elmgrove,34.086338,-118.231563,,bus
bus_18098,Riverside / Harwood,34.087751,-118.234127,,bus
bus_18099,Riverside / Riverdale,34.089194,-118.236578,,bus
bus_18100,Riverside / Dorris,34.090354,-118.238035,,bus
bus_18101,Riverside / Birkdale,34.091794,-118.239446,,bus
bus_18102,Riverside / Eads,34.09378,-118.240964,,bus
bus_18103,Riverside / Stadium,34.095822,-118.24494,,bus
bus_18104,Riverside / Newell,34.098451,-118.248083,,bus
bus_18106,3201 Riverside,34.113923,-118.269002,,bus
bus_18107,Griffith Park / Los Feliz,34.117736,-118.272139,,bus
bus_18108,Crystal Springs / Pony Rides,34.12065,-118.273725,,bus
bus_18109,Griffith Park / Park Ranger Office,34.132785,-118.28078,,bus
bus_18110,Griffith Park / Crystal Springs,34.135291,-118.281867,,bus
bus_18112,Autry National Center,34.148519,-118.282102,,bus
bus_18113,Zoo / Riverside,34.154897,-118.293715,,bus
bus_18114,Victory / Sonora,34.158866,-118.29682,,bus
bus_18115,Victory / Western,34.161415,-118.300333,,bus
bus_18116,Victory / Thompson,34.162546,-118.301884,,bus
bus_18117,Victory / Allen,34.164244,-118.304214,,bus
bus_18118,Victory / Alameda,34.166764,-118.307651,,bus
bus_18119,Alameda / Lake,34.168899,-118.305504,,bus
bus_18121,Alameda / San Fernando,34.174549,-118.299547,,bus
bus_18122,Olive / Victory,34.173811,-118.316382,,bus
bus_18123,Olive / Virginia,34.170728,-118.319647,,bus
bus_18124,Olive / Sparks,34.167895,-118.322635,,bus
bus_18125,Olive / Parish,34.165693,-118.32495,,bus
bus_18126,Olive / Keystone,34.164514,-118.326195,,bus
bus_18127,Buena Vista / Olive,34.16088,-118.329556,,bus
bus_18128,Olive / Alameda,34.155364,-118.335861,,bus
bus_18129,Riverside / Pass,34.152139,-118.344329,,bus
bus_18130,Cahuenga / Riverside,34.151943,-118.361605,,bus
bus_18131,Cahuenga / Whipple,34.148044,-118.361578,,bus
bus_18132,Cahuenga / Lankershim,34.143631,-118.361569,,bus
bus_18133,Tujunga / Dilling,34.143526,-118.37885,,bus
bus_18134,Tujunga / Valley Spring,34.147032,-118.378856,,bus
bus_18135,Tujunga / Moorpark,34.150192,-118.378863,,bus
bus_18136,Tujunga / Sarah,34.154017,-118.378864,,bus
bus_18137,Riverside / Tujunga,34.157745,-118.379334,,bus
bus_18138,Riverside / Beck,34.157746,-118.383214,,bus
bus_18139,Riverside / Colfax,34.157747,-118.38807,,bus
bus_18140,Riverside / Whitsett,34.157717,-118.405559,,bus
bus_18141,Riverside / La Maida,34.157721,-118.409288,,bus
bus_18142,Riverside / Coldwater Canyon,34.15771,-118.414104,,bus
bus_18143,Riverside / Ethel,34.157722,-118.417971,,bus
bus_18144,Riverside / Fulton,34.157721,-118.422827,,bus
bus_18145,Riverside / Sunnyslope,34.157717,-118.427181,,bus
bus_18146,Riverside / Woodman,34.157712,-118.431567,,bus
bus_18147,Riverside / Ranchito,34.157716,-118.435054,,bus
bus_18148,Riverside / Hazeltine,34.157706,-118.440283,,bus
bus_18149,Riverside / Tyrone,34.157726,-118.444643,,bus
bus_18150,Riverside / Tilden,34.158049,-118.447878,,bus
bus_18153,Woodman / Osborne,34.233249,-118.43867,,bus
bus_18154,Woodman / Nordhoff,34.235128,-118.440076,,bus
bus_18155,Woodman / Terra Bella,34.240213,-118.443524,,bus
bus_18156,Plummer / Woodman,34.242788,-118.445795,,bus
bus_18157,Plummer / Cedros,34.242817,-118.453488,,bus
bus_18158,Plummer / Natick,34.242841,-118.456648,,bus
bus_18159,Plummer / Noble,34.242869,-118.460804,,bus
bus_18160,Plummer / Columbus,34.242898,-118.464659,,bus
bus_18161,Plummer / Sepulveda,34.242918,-118.4673,,bus
bus_18162,Plummer / Orion,34.242938,-118.47221,,bus
bus_18163,Plummer / Haskell,34.242965,-118.476585,,bus
bus_18164,Veterans Hospital Building 22,34.24571,-118.481329,,bus
bus_18165,Veterans Hospital Building 99,34.248127,-118.483037,,bus
bus_18166,Veterans Hospital Outpatient Clinic,34.245285,-118.481972,,bus
bus_18167,Plummer / Gloria,34.242996,-118.480582,,bus
bus_18168,Plummer / Woodley,34.243023,-118.484811,,bus
bus_18169,Plummer / Gothic,34.243068,-118.491273,,bus
bus_18170,Plummer / Hayvenhurst,34.243084,-118.494059,,bus
bus_18171,Plummer / Petit,34.243116,-118.498404,,bus
bus_18172,Plummer / Louise,34.243201,-118.511008,,bus
bus_18173,Plummer / Encino,34.24324,-118.515406,,bus
bus_18174,Plummer / White Oak,34.243257,-118.520333,,bus
bus_18175,Plummer / Reseda,34.24289,-118.536415,,bus
bus_18176,Plummer / Yolanda,34.242879,-118.540776,,bus
bus_18177,Plummer / Wilbur,34.242878,-118.544638,,bus
bus_18178,Plummer / Vanalden,34.242886,-118.548986,,bus
bus_18179,Plummer / Shirley,34.242887,-118.557771,,bus
bus_18180,Plummer / Mason,34.242864,-118.580138,,bus
bus_18181,Plummer / Lurline,34.242862,-118.584023,,bus
bus_18182,Plummer / Shirley,34.242632,-118.557603,,bus
bus_18183,Plummer / Vanalden,34.242631,-118.549381,,bus
bus_18184,Plummer / Wilbur,34.242624,-118.545033,,bus
bus_18185,Plummer / Yolanda,34.242626,-118.540116,,bus
bus_18186,Plummer / White Oak,34.243005,-118.520199,,bus
bus_18187,Plummer / Encino,34.242988,-118.515739,,bus
bus_18188,Plummer / Louise,34.242946,-118.510881,,bus
bus_18189,Plummer / Petit,34.242861,-118.498237,,bus
bus_18190,Plummer / Hayvenhurst,34.242832,-118.493965,,bus
bus_18191,Plummer / Gothic,34.242816,-118.491113,,bus
bus_18192,Plummer / Woodley,34.24277,-118.484684,,bus
bus_18193,Plummer / Gloria,34.242745,-118.480786,,bus
bus_18194,Plummer / Haskell,34.242712,-118.476457,,bus
bus_18195,Plummer / Orion,34.242682,-118.471547,,bus
bus_18196,Plummer / Sepulveda,34.242666,-118.467206,,bus
bus_18197,Plummer / Columbus,34.242643,-118.464499,,bus
bus_18198,Plummer / Noble,34.242614,-118.460641,,bus
bus_18199,Plummer / Natick,34.242589,-118.45708,,bus
bus_18200,Plummer / Cedros,34.242566,-118.453688,,bus
bus_18201,Woodman / Plummer,34.242358,-118.445276,,bus
bus_18202,Woodman / Terra Bella,34.239609,-118.443481,,bus
bus_18203,Woodman / Nordhoff,34.235508,-118.44072,,bus
bus_18204,Woodman / Osborne,34.23265,-118.438581,,bus
bus_18205,Woodman / Parthenia,34.229775,-118.436432,,bus
bus_18206,Woodman / Chase,34.22799,-118.434623,,bus
bus_18207,Coldwater Canyon / Strathern,34.215959,-118.414505,,bus
bus_18208,Coldwater Canyon / Elkwood,34.21218,-118.4145,,bus
bus_18209,Coldwater Cyn / Saticoy,34.206784,-118.414499,,bus
bus_18210,Coldwater Canyon / Raymer,34.204719,-118.41392,,bus
bus_18211,Coldwater Canyon / Sherman Way,34.201383,-118.41391,,bus
bus_18212,Coldwater Canyon / Vose,34.198215,-118.413895,,bus
bus_18213,Coldwater Canyon / Kittridge,34.19007,-118.413871,,bus
bus_18214,Coldwater Canyon / Erwin,34.183102,-118.413863,,bus
bus_18215,Coldwater Canyon / Oxnard,34.17959,-118.413862,,bus
bus_18217,Coldwater Canyon / Chandler,34.168837,-118.413868,,bus
bus_18218,Coldwater Canyon / Magnolia,34.164628,-118.413861,,bus
bus_18219,Coldwater Canyon / Addison,34.161407,-118.413848,,bus
bus_18220,Coldwater Canyon / Riverside,34.157752,-118.413889,,bus
bus_18221,Coldwater Canyon / Sarah,34.154131,-118.413895,,bus
bus_18222,Moorpark / Coldwater Canyon,34.150249,-118.413442,,bus
bus_18223,Moorpark / Bellaire,34.150249,-118.409588,,bus
bus_18224,Whitsett / Moorpark,34.150101,-118.405327,,bus
bus_18225,Whitsett / Valley Spring,34.146889,-118.405312,,bus
bus_18226,Whitsett / Ventura,34.142912,-118.405316,,bus
bus_18300,Manchester / Georgetown,33.959691,-118.413725,,bus
bus_18301,Manchester / Georgetown,33.959951,-118.413288,,bus
bus_18302,Manchester / Loyola,33.959683,-118.416782,,bus
bus_18303,Firestone / Calden,33.957111,-118.229033,,bus
bus_18306,Riverside / Glendale,34.111409,-118.265425,,bus
bus_19010,Broadway / Century,33.945015,-118.278538,,bus
bus_19014,Broadway / Jefferson,34.018981,-118.274052,,bus
bus_19015,Broadway / Washington,34.031362,-118.265987,,bus
bus_19022,Broadway / 6th,34.046959,-118.251581,,bus
bus_19023,Broadway / Pico,34.037328,-118.260807,,bus
bus_19025,Broadway / Jefferson,34.019345,-118.273476,,bus
bus_19026,Broadway / Martin Luther King Jr,34.011495,-118.278185,,bus
bus_19027,Broadway / Vernon,34.004084,-118.27819,,bus
bus_19029,Broadway / Florence,33.974495,-118.278145,,bus
bus_19033,Van Nuys / Parthenia North Jog,34.228875,-118.450405,,bus
bus_19043,Magnolia / Van Nuys,34.164771,-118.448311,,bus
bus_19059,San Fernando / Paxton,34.27233,-118.428542,,bus
bus_19061,Roscoe / Balboa,34.221094,-118.502332,,bus
bus_19088,Rowena / Glendale,34.107551,-118.264079,,bus
bus_19092,Roscoe / Balboa,34.221344,-118.502509,,bus
bus_19093,Roscoe / Topanga Canyon,34.219785,-118.606329,,bus
bus_19100,Lankershim / Chandler,34.167827,-118.37653,,bus
bus_19118,Myrrh / Acacia,33.892108,-118.225906,,bus
bus_19120,Avalon / Jefferson,34.014805,-118.265423,,bus
bus_19122,Willowbrook / Myrrh,33.892591,-118.22368,,bus
bus_19137,Woodruff / Rosecrans,33.902579,-118.116517,,bus
bus_19138,Woodruff / Foster,33.909674,-118.116557,,bus
bus_19140,Woodruff / Imperial,33.916796,-118.116781,,bus
bus_19142,Woodruff / Foster,33.909948,-118.116795,,bus
bus_19148,Western / Adams,34.03257,-118.309112,,bus
bus_19149,Marine / Redondo Beach Station,33.895069,-118.369841,,bus
bus_20002,Lankershim / Chandler,34.168728,-118.376732,,bus
bus_20003,Sherman Way / Van Nuys,34.201346,-118.449066,,bus
bus_20004,Wilshire / Veteran,34.057616,-118.447888,,bus
bus_20007,Sepulveda / Skirball Center,34.126003,-118.479427,,bus
bus_20009,Valley Circle / Burbank,34.171275,-118.645366,,bus
bus_20010,Topanga Canyon / Mulholland,34.151339,-118.60493,,bus
bus_20011,White Oak / Valerio,34.205064,-118.518441,,bus
bus_20012,White Oak / Saticoy,34.208276,-118.518445,,bus
bus_20013,White Oak / Stagg,34.212175,-118.518443,,bus
bus_20014,White Oak / Strathern,34.215536,-118.518447,,bus
bus_20015,Zelzah / Prairie,34.238851,-118.523052,,bus
bus_20016,Zelzah / Plummer,34.242959,-118.523087,,bus
bus_20017,Zelzah / Superior,34.246641,-118.523137,,bus
bus_20018,Chatsworth / Encino,34.264744,-118.515539,,bus
bus_20024,Rinaldi / Gaynor,34.279016,-118.480399,,bus
bus_20025,Rinaldi / Haskell,34.278986,-118.476069,,bus
bus_20026,Haskell / Index,34.275648,-118.476056,,bus
bus_20027,Avon / Empire,34.192502,-118.347733,,bus
bus_20028,San Fernando Mission / Haskell,34.271736,-118.475647,,bus
bus_20029,Sepulveda / San Fernando Mission,34.272389,-118.467372,,bus
bus_20030,Rinaldi / Memory Park,34.278931,-118.464714,,bus
bus_20031,Rinaldi / Indian Hills,34.278892,-118.45911,,bus
bus_20032,Rinaldi / Laurel Canyon,34.27969,-118.454605,,bus
bus_20033,San Fernando Mission / O'Melveny,34.279523,-118.449106,,bus
bus_20034,San Fernando Mission / Mott,34.280192,-118.448186,,bus
bus_20035,San Fernando Mission / Celis,34.283487,-118.443662,,bus
bus_20037,San Fernando Mission / O'Melveny,34.279353,-118.449804,,bus
bus_20038,White Oak / Bullock,34.179529,-118.51866,,bus
bus_20039,Rinaldi / Memory Park,34.279178,-118.464884,,bus
bus_20040,Sepulveda / Hatteras,34.17602,-118.46602,,bus
bus_20041,Sepulveda / Erwin,34.183308,-118.46603,,bus
bus_20042,Sepulveda / Kittridge,34.190576,-118.466025,,bus
bus_20043,Haskell / Index,34.275374,-118.475823,,bus
bus_20044,Sepulveda / Vose,34.198743,-118.466024,,bus
bus_20047,Zelzah / Chatsworth,34.264625,-118.523551,,bus
bus_20048,Zelzah / San Jose,34.261421,-118.523514,,bus
bus_20049,Sepulveda / Tupper,34.239447,-118.467399,,bus
bus_20050,Sepulveda / Superior,34.246688,-118.467331,,bus
bus_20051,Sepulveda / Lassen,34.250313,-118.467301,,bus
bus_20052,Sepulveda / Mayall,34.253935,-118.467246,,bus
bus_20053,Sepulveda / San Jose,34.260777,-118.467198,,bus
bus_20054,Sepulveda / Brand,34.267928,-118.467029,,bus
bus_20055,Brand / Arleta,34.271508,-118.455517,,bus
bus_20057,White Oak / Hart,34.197242,-118.518737,,bus
bus_20058,White Oak / Kittridge,34.18998,-118.518682,,bus
bus_20059,White Oak / Delano,34.183099,-118.518646,,bus
bus_20060,White Oak / Hatteras,34.176831,-118.51867,,bus
bus_20061,White Oak / Miranda,34.174698,-118.518689,,bus
bus_20062,White Oak / Margate,34.168744,-118.518702,,bus
bus_20063,White Oak / Magnolia,34.165526,-118.518722,,bus
bus_20064,7th / Harding,34.296394,-118.429751,,bus
bus_20065,7th / Orange Grove,34.299115,-118.43263,,bus
bus_20066,Borden / Astoria,34.307514,-118.443021,,bus
bus_20067,Polk / Dronfield,34.312713,-118.443754,,bus
bus_20068,Sayre / Foothill,34.310283,-118.433459,,bus
bus_20069,Sayre / Gladstone,34.312633,-118.430805,,bus
bus_20072,Vanowen / Owensmouth,34.193644,-118.602062,,bus
bus_20073,Laurel Canyon / Montague,34.243933,-118.41658,,bus
bus_20074,Laurel Canyon / Rangoon,34.23863,-118.410962,,bus
bus_20075,Laurel Canyon / Rangoon,34.238897,-118.410841,,bus
bus_20076,Laurel Canyon / Tonopah,34.235689,-118.407867,,bus
bus_20077,Laurel Canyon / Tonopah,34.23565,-118.407417,,bus
bus_20078,Laurel Canyon / Riverside,34.157772,-118.396632,,bus
bus_20080,Park Granada / Park Capri,34.151085,-118.644466,,bus
bus_20082,Las Virgenes / Ventura Fwy Overpass,34.149246,-118.698115,,bus
bus_20083,26541 Agoura,34.14339,-118.701817,,bus
bus_20084,26701 Agoura,34.141033,-118.704547,,bus
bus_20085,Sayre / Fenton,34.315617,-118.427777,,bus
bus_20087,Agoura / Malibu Hills,34.13814,-118.713839,,bus
bus_20088,Polk / Dronfield,34.313084,-118.443756,,bus
bus_20089,Borden / Polk,34.309988,-118.446571,,bus
bus_20090,Agoura / Liberty Canyon,34.136597,-118.724725,,bus
bus_20091,Agoura / Calle Montecillo,34.140504,-118.734756,,bus
bus_20093,Roadside / Lewis,34.142871,-118.743614,,bus
bus_20094,Thousand Oaks / Grey Rock,34.155543,-118.765457,,bus
bus_20095,Thousand Oaks / North Ranch Gateway,34.155143,-118.792227,,bus
bus_20098,Lindero Canyon / Via Colinas,34.152736,-118.801344,,bus
bus_20099,Borden / Astoria,34.307556,-118.443425,,bus
bus_20100,Lakeview Canyon / Watergate,34.145253,-118.820253,,bus
bus_20102,Agoura / Lakeview Canyon,34.148322,-118.819513,,bus
bus_20103,7th / Orange Grove,34.299183,-118.433027,,bus
bus_20104,7th / Harding,34.29647,-118.430149,,bus
bus_20105,Thousand Oaks / Packard,34.161815,-118.824164,,bus
bus_20106,Thousand Oaks / Cord,34.163549,-118.827411,,bus
bus_20107,Thousand Oaks / Duesenberg,34.16691,-118.833018,,bus
bus_20108,Brand / Celis,34.280874,-118.441109,,bus
bus_20109,Brand / O'Melveny,34.276619,-118.446912,,bus
bus_20110,Brand / Hollister,34.279444,-118.443021,,bus
bus_20113,Brand / Mission Mobile Manor,34.270717,-118.46495,,bus
bus_20114,Sepulveda / Chase,34.224788,-118.46783,,bus
bus_20115,Sepulveda / Brand,34.268732,-118.467222,,bus
bus_20116,Sepulveda / Chatsworth,34.264695,-118.467468,,bus
bus_20117,Sepulveda / San Jose,34.261057,-118.467497,,bus
bus_20118,Sepulveda / Mayall,34.253796,-118.467553,,bus
bus_20119,Thousand Oaks / Hampshire,34.169367,-118.836127,,bus
bus_20120,Sepulveda / Lassen,34.25018,-118.467608,,bus
bus_20121,Sepulveda / Superior,34.24655,-118.467634,,bus
bus_20122,Sepulveda / Raymer,34.213948,-118.466301,,bus
bus_20123,Sepulveda / Stagg,34.211805,-118.466342,,bus
bus_20124,Sepulveda / Valerio,34.20496,-118.466337,,bus
bus_20125,Sepulveda / Vose,34.198604,-118.466327,,bus
bus_20126,Sepulveda / Oxnard,34.179534,-118.466317,,bus
bus_20127,Sepulveda / Clark,34.168501,-118.466315,,bus
bus_20128,Magnolia / Sepulveda,34.164741,-118.465831,,bus
bus_20130,Kester / Camarillo,34.157818,-118.457535,,bus
bus_20131,Balboa / Addison,34.161578,-118.500923,,bus
bus_20132,Balboa / Magnolia,34.165246,-118.500931,,bus
bus_20133,Balboa / Harman Gate,34.224254,-118.502493,,bus
bus_20134,Victory / Van Nuys,34.186799,-118.448988,,bus
bus_20135,Balboa / Rinaldi,34.279424,-118.502289,,bus
bus_20136,Balboa / Lassen,34.24999,-118.502562,,bus
bus_20137,Balboa / Nordhoff,34.235484,-118.50269,,bus
bus_20138,Balboa / Harmon Gate,34.224258,-118.502797,,bus
bus_20139,Hill / Pico,34.037462,-118.262167,,bus
bus_20140,Hill / 12th,34.038897,-118.260825,,bus
bus_20141,Sherman Way / Andasol,34.201032,-118.512744,,bus
bus_20142,Victory / Van Nuys,34.186548,-118.448325,,bus
bus_20143,Oxnard / Lankershim,34.179338,-118.383532,,bus
bus_20144,Wilshire / Wilton,34.061584,-118.314703,,bus
bus_20145,Magnolia / Riverton,34.164804,-118.366034,,bus
bus_20146,Magnolia / Cahuenga,34.164802,-118.361164,,bus
bus_20147,Magnolia / Biloxi,34.164805,-118.358421,,bus
bus_20148,Magnolia / Clybourn,34.16509,-118.354891,,bus
bus_20150,Magnolia / Pass,34.16652,-118.350656,,bus
bus_20151,Magnolia / California,34.169076,-118.343013,,bus
bus_20152,Magnolia / Catalina,34.170425,-118.338959,,bus
bus_20153,Magnolia / Buena Vista,34.171805,-118.334836,,bus
bus_20154,Magnolia / Keystone,34.173174,-118.330712,,bus
bus_20155,Magnolia / Reese,34.174531,-118.32667,,bus
bus_20156,Magnolia / Mariposa,34.175897,-118.322613,,bus
bus_20157,Magnolia / Victory,34.17729,-118.318436,,bus
bus_20177,Broadway / Galleria,34.146712,-118.259665,,bus
bus_20206,Broadway / Pacific,34.146944,-118.26414,,bus
bus_20212,Thousand Oaks / Skyline,34.170979,-118.838243,,bus
bus_20213,Sepulveda / Rayen,34.232054,-118.467752,,bus
bus_20214,Thousand Oaks / Live Oak,34.172542,-118.840335,,bus
bus_20215,Sepulveda / Lanark,34.21816,-118.466622,,bus
bus_20216,Thousand Oaks / Erbes,34.178067,-118.851566,,bus
bus_20217,Rancho / Thousand Oaks,34.178244,-118.857962,,bus
bus_20219,Mulholland / Spielberg,34.156158,-118.63406,,bus
bus_20220,Mulholland / Spielberg,34.156342,-118.634554,,bus
bus_20221,Thousand Oaks Transit Center,34.175063,-118.860915,,bus
bus_20222,Thousand Oaks / Rancho,34.178329,-118.857576,,bus
bus_20224,Thousand Oaks / Conejo School,34.174337,-118.844552,,bus
bus_20225,Thousand Oaks / Live Oak,34.172188,-118.840305,,bus
bus_20226,Thousand Oaks / Skyline,34.170423,-118.837953,,bus
bus_20227,Thousand Oaks / Hampshire,34.168947,-118.836021,,bus
bus_20228,Thousand Oaks / Duesenberg,34.166332,-118.832808,,bus
bus_20229,Thousand Oaks / Cord,34.163334,-118.827578,,bus
bus_20230,Thousand Oaks / Westlake,34.160935,-118.823048,,bus
bus_20231,Westlake / Townsgate,34.154535,-118.8275,,bus
bus_20232,Agoura / Westlake,34.151918,-118.828813,,bus
bus_20233,Agoura / Village Glen,34.150279,-118.825085,,bus
bus_20234,Lakeview Canyon / Lake Harbor Lane,34.143623,-118.821129,,bus
bus_20235,Lindero Canyon / Lakeview Canyon,34.139375,-118.819432,,bus
bus_20236,Lindero Canyon / Agoura,34.145883,-118.80578,,bus
bus_20237,Lindero Canyon / Via Colinas,34.152478,-118.801262,,bus
bus_20239,Thousand Oaks / Portola,34.154857,-118.792158,,bus
bus_20240,Thousand Oaks / Grey Rock,34.155322,-118.76478,,bus
bus_20241,Agoura / Laura La Plante,34.140369,-118.739315,,bus
bus_20242,Agoura / Calle Montecillo,34.140343,-118.735114,,bus
bus_20243,Agoura / Liberty Canyon,34.136439,-118.724512,,bus
bus_20244,Agoura / Malibu Hills,34.137929,-118.713692,,bus
bus_20245,26662 Agoura,34.140986,-118.704226,,bus
bus_20246,De Soto / Burbank,34.173614,-118.588101,,bus
bus_20247,Park Granada / Park Capri,34.15101,-118.644188,,bus
bus_20248,Park Granada / Calabasas,34.155928,-118.642656,,bus
bus_20249,Avenue San Luis / Us-101 S Exit 28,34.163588,-118.624546,,bus
bus_20250,Avenue San Luis / Abbeyville,34.160725,-118.632957,,bus
bus_20252,Ventura / Canoga,34.167678,-118.597118,,bus
bus_20254,Ventura / Reseda,34.168344,-118.535285,,bus
bus_20257,Ventura / Willis,34.151834,-118.454941,,bus
bus_20258,Ventura / Van Nuys,34.150646,-118.447977,,bus
bus_20259,Ventura / Woodman,34.14781,-118.43066,,bus
bus_20260,Ventura / Valley Vista,34.145713,-118.418024,,bus
bus_20261,San Fernando / Fairmont,34.154862,-118.275896,,bus
bus_20262,San Fernando / Highland,34.156859,-118.277327,,bus
bus_20263,San Fernando / Pelanconi,34.15916,-118.279427,,bus
bus_20279,Magnolia / Victory,34.177476,-118.318697,,bus
bus_20280,Magnolia / Mariposa,34.176235,-118.322419,,bus
bus_20281,Magnolia / Reese,34.174873,-118.32648,,bus
bus_20282,Magnolia / Keystone,34.173512,-118.330518,,bus
bus_20283,Magnolia / Buena Vista,34.172144,-118.334645,,bus
bus_20284,Magnolia / Catalina,34.170609,-118.339228,,bus
bus_20285,Magnolia / California,34.169414,-118.34282,,bus
bus_20286,Magnolia / Hollywood Way,34.168053,-118.346824,,bus
bus_20287,Magnolia / Pass,34.166703,-118.350925,,bus
bus_20289,Magnolia / Clybourn,34.165431,-118.354711,,bus
bus_20290,Magnolia / Biloxi,34.165058,-118.358091,,bus
bus_20291,Magnolia / Cahuenga,34.165058,-118.361827,,bus
bus_20292,Magnolia / Riverton,34.165059,-118.366068,,bus
bus_20293,Magnolia / Lemp,34.165034,-118.384782,,bus
bus_20294,Magnolia / Colfax,34.165032,-118.388061,,bus
bus_20295,Magnolia / Radford,34.165029,-118.392421,,bus
bus_20296,Magnolia / Hermitage,34.165024,-118.400633,,bus
bus_20297,Magnolia / Whitsett,34.165023,-118.405036,,bus
bus_20298,Magnolia / Coldwater Canyon,34.165028,-118.414074,,bus
bus_20299,Magnolia / Bellaire,34.165023,-118.409215,,bus
bus_20302,Sunland / Glenoaks,34.229573,-118.366559,,bus
bus_20303,Magnolia / Ethel,34.165028,-118.417939,,bus
bus_20304,Magnolia / Fulton,34.165027,-118.422309,,bus
bus_20305,Magnolia / Sunnyslope,34.165029,-118.427168,,bus
bus_20306,Magnolia / Ranchito,34.165026,-118.435892,,bus
bus_20307,Magnolia / Hazeltine,34.165022,-118.439796,,bus
bus_20308,Magnolia / Tyrone,34.165024,-118.444669,,bus
bus_20310,Magnolia / Cedros,34.165015,-118.452894,,bus
bus_20321,Saticoy / Whitsett,34.208393,-118.404879,,bus
bus_20322,Saticoy / Woodman,34.209354,-118.430732,,bus
bus_20323,Saticoy / Kester,34.208564,-118.457297,,bus
bus_20329,Ventura / Van Nuys,34.151012,-118.448498,,bus
bus_20335,Branford / Woodman,34.226607,-118.432654,,bus
bus_20336,Van Nuys / Kittridge,34.190822,-118.448818,,bus
bus_20339,Vanowen / G Line,34.193645,-118.596738,,bus
bus_20341,9585 Glenoaks,34.243483,-118.380524,,bus
bus_20342,Corbin / Nordhoff,34.235348,-118.562174,,bus
bus_20344,Empire / Hollywood Way,34.192153,-118.348674,,bus
bus_20345,Lankershim / Erwin,34.182873,-118.385262,,bus
bus_20346,Lankershim / Neenach,34.231079,-118.387624,,bus
bus_20424,Valley Circle / Victory,34.184929,-118.655665,,bus
bus_20435,Canoga / Oxnard,34.179535,-118.597295,,bus
bus_20436,Reseda / Mayall,34.253407,-118.536251,,bus
bus_20437,Reseda / Burbank,34.172499,-118.535851,,bus
bus_20438,Empire / Hollywood Way,34.192534,-118.349671,,bus
bus_20439,Vanowen / Winnetka,34.193939,-118.5713,,bus
bus_20440,Vanowen / Owensmouth,34.193892,-118.601879,,bus
bus_20441,Victory / White Oak,34.1865,-118.518091,,bus
bus_20442,Victory / Birmingham H. S.,34.186749,-118.505405,,bus
bus_20444,Tampa / Lassen,34.249811,-118.55374,,bus
bus_20446,San Fernando Mission / Laurel Canyon,34.277721,-118.452052,,bus
bus_20447,Chatsworth / White Oak,34.265013,-118.519568,,bus
bus_20448,Lindley / Rayen,34.232007,-118.527462,,bus
bus_20449,Lindley / Parthenia,34.228385,-118.527459,,bus
bus_20450,Lindley / Chase,34.22434,-118.527467,,bus
bus_20451,White Oak / Stagg,34.211765,-118.518751,,bus
bus_20452,Alondra / Valley View,33.88789,-118.029171,,bus
bus_20454,Glenoaks / Polk,34.307653,-118.449973,,bus
bus_20455,Glenoaks / Polk,34.307887,-118.449828,,bus
bus_20456,Balboa / Foothill West Jog,34.322025,-118.495507,,bus
bus_20501,Jefferson / Centinela,33.981279,-118.409501,,bus
bus_20502,Avalon / Anaheim,33.780267,-118.262305,,bus
bus_20503,Anaheim / Avalon,33.780095,-118.262779,,bus
bus_23400,Sepulveda / Magnolia,34.165279,-118.466006,,bus
bus_23403,Sepulveda / Victory,34.18707,-118.466018,,bus
bus_23404,Sepulveda / Victory,34.186244,-118.466331,,bus
bus_23405,Sepulveda / Vanowen,34.193662,-118.466025,,bus
bus_23406,Sepulveda / Sherman Way,34.20078,-118.466333,,bus
bus_23407,Sepulveda / Nordhoff,34.235947,-118.467413,,bus
bus_23408,Sepulveda / Roscoe,34.220999,-118.467839,,bus
bus_24020,Nordhoff / Balboa,34.235884,-118.502864,,bus
bus_24021,Vineland / Stagg,34.211948,-118.37016,,bus
bus_24022,Topanga Canyon / Nordhoff,34.235145,-118.605005,,bus
bus_24024,Sherman Way / Tujunga,34.201311,-118.378844,,bus
bus_24247,Medical Center Dr / Community Medical Center,34.201887,-118.629588,,bus
bus_24249,Temple / Hoover,34.076323,-118.283787,,bus
bus_24250,Melrose / Virgil,34.083729,-118.287158,,bus
bus_24251,Clinton / Virgil,34.081705,-118.28648,,bus
bus_24252,Clinton / Virgil,34.081851,-118.286646,,bus
bus_25001,Santa Monica / Highland Layover,34.088993,-118.338421,,bus
bus_25002,Highland / Santa Monica,34.091002,-118.338439,,bus
bus_25006,Beach / Commonwealth,33.869612,-117.998316,,bus
bus_25007,Beach / Auto Center Drive,33.867323,-117.998299,,bus
bus_25008,Beach / Auto Center Drive,33.867873,-117.997983,,bus
bus_25009,Beach / Commonwealth,33.870164,-117.998013,,bus
bus_25013,Beach / Artesia,33.873725,-117.998352,,bus
bus_25014,Beach / Artesia,33.873931,-117.998042,,bus
bus_25015,Beach / Cascade,33.881961,-117.99796,,bus
bus_25017,Alondra / La Barca,33.888336,-118.001234,,bus
bus_25258,Maple / 36th,34.014737,-118.270877,,bus
bus_25260,San Pedro / 77th,33.969782,-118.26964,,bus
bus_25500,Western / Slauson,33.988871,-118.309083,,bus
bus_25502,Compton / Vernon,34.003758,-118.247597,,bus
bus_28259,Main / Slauson,33.989077,-118.27377,,bus
bus_28280,Hyde Park / Marlborough,33.9767,-118.346467,,bus
bus_28292,Martin Luther King Jr / Crenshaw,34.010876,-118.335512,,bus
bus_28301,8th / Western,34.057763,-118.308736,,bus
bus_28500,Knotts Berry Farm,33.846563,-117.997549,,bus
bus_30000,Patsaouras Transit Plaza,34.055394,-118.233118,,bus
bus_30001,North Hollywood Station,34.168829,-118.375295,,bus
bus_30002,Universal / Studio City Station,34.139051,-118.363171,,bus
bus_30003,Burbank Station,34.179294,-118.312829,,bus
bus_30004,Inglewood Transit Center,33.959841,-118.352686,,bus
bus_30005,Harbor Gateway Transit Center,33.869338,-118.287306,,bus
bus_30007,Willowbrook - Rosa Parks Station - West,33.928104,-118.237983,,bus
bus_30008,Willowbrook - Rosa Parks Station - East,33.928448,-118.237621,,bus
bus_30009,MLK Transit Center,33.898035,-118.223176,,bus
bus_30010,Montebello Metrolink Station,34.00656,-118.124931,,bus
bus_30011,Aviation / Imperial Station,33.92959,-118.3772,,bus
bus_30012,Culver City Transit Center,33.987962,-118.394653,,bus
bus_30014,Artesia Station,33.875981,-118.222832,,bus
bus_30015,Sylmar Station,34.293471,-118.45085,,bus
bus_30016,Norwalk Station,33.913142,-118.104021,,bus
bus_30017,ELAC Transit Center,34.04,-118.14599,,bus
bus_30018,CSUN Transit Center,34.240864,-118.532898,,bus
bus_30019,El Monte Station - Upper Level,34.072191,-118.045132,,bus
bus_30020,El Monte Station - Lower Level,34.072197,-118.045125,,bus
bus_30021,Burbank Airport Ritc,34.193428,-118.35145,,bus
bus_30023,Redondo Beach Transit Center,33.86818,-118.357224,,bus
bus_30024,LAX / Metro Transit Center,33.951446,-118.378155,,bus
bus_31693,Paramount / 55th,33.857078,-118.159703,,bus
bus_32033,Soto / Washington,34.017561,-118.219889,,bus
bus_32034,Indiana / Olympic,34.019137,-118.192121,,bus
bus_32036,Indiana / Hubbard,34.026583,-118.192197,,bus
bus_32037,Indiana / 6th,34.028081,-118.19221,,bus
bus_32039,Gage / 1st,34.036224,-118.184532,,bus
bus_32041,Gage / Cesar E Chavez,34.040274,-118.184541,,bus
bus_32042,Gage / Blanchard,34.045962,-118.184577,,bus
bus_32044,Gage / Harris,34.049276,-118.184657,,bus
bus_32045,Pomeroy / City Terrace,34.050982,-118.188566,,bus
bus_32059,Holmes / Florence,33.974899,-118.241249,,bus
bus_32068,103rd / Graham,33.943098,-118.2427,,bus
bus_32076,103rd / Wilmington,33.943275,-118.239371,,bus
bus_32089,Holmes / Florence,33.975009,-118.241071,,bus
bus_32111,Ventura / Ventura Pl,34.143841,-118.39367,,bus
bus_32112,Ventura / Coldwater Canyon,34.145231,-118.413553,,bus
bus_32116,Telegraph / Lakewood,33.960746,-118.109934,,bus
bus_32117,South / Gridley,33.858718,-118.090703,,bus
bus_32118,Gridley / 183rd,33.865461,-118.090859,,bus
bus_32120,183rd / Alburtis,33.865637,-118.084103,,bus
bus_32121,Telegraph / Paramount,33.967354,-118.115852,,bus
bus_32123,Telegraph / Calif Commerce Club,33.998015,-118.146075,,bus
bus_32140,Gage / Hammel,34.042626,-118.184556,,bus
bus_32141,Pomeroy / City Terrace,34.051127,-118.188507,,bus
bus_32143,103rd / Wilmington,33.943016,-118.239284,,bus
bus_32147,6th / Witmer,34.055475,-118.265836,,bus
bus_32149,Whittier / Indiana,34.023912,-118.192504,,bus
bus_32158,Laurel Canyon / Hollywood,34.102162,-118.365297,,bus
bus_32159,Laurel Canyon / Willow Glen,34.11541,-118.374226,,bus
bus_32160,Laurel Canyon / Dona Pegita,34.131683,-118.381195,,bus
bus_32161,Laurel Canyon / Fryman,34.133676,-118.391263,,bus
bus_32162,Laurel Canyon / Sunshine,34.137079,-118.3927,,bus
bus_32163,Laurel Canyon / Maxwellton,34.140891,-118.394099,,bus
bus_32164,Ventura Pl / Ventura,34.144074,-118.393787,,bus
bus_32165,Laurel Canyon / Maxwellton,34.14108,-118.39449,,bus
bus_32166,Laurel Canyon / Laurel Terrace,34.137402,-118.393138,,bus
bus_32167,Laurel Canyon / Fryman,34.133763,-118.391693,,bus
bus_32168,Laurel Canyon / Dona Pegita,34.1312,-118.38112,,bus
bus_32169,Laurel Canyon / Lookout Mountain,34.114973,-118.374346,,bus
bus_32170,Laurel Canyon / Hollywood,34.101596,-118.365556,,bus
bus_32171,Crescent Heights / Sunset,34.098152,-118.365788,,bus
bus_32173,Fletcher / Larga,34.110158,-118.251408,,bus
bus_32174,Pacific / San Fernando,34.137497,-118.264283,,bus
bus_32175,Fletcher / Larga,34.110579,-118.25134,,bus
bus_32176,Imperial / Selby,33.930706,-118.395965,,bus
bus_32179,Airport / Century,33.945769,-118.385878,,bus
bus_32181,Century / Aviation,33.94531,-118.378177,,bus
bus_32187,Imperial / Erickson,33.927206,-118.158828,,bus
bus_32188,Garfield / Gardendale,33.92276,-118.16912,,bus
bus_32201,Gardendale / Barlin,33.911934,-118.14524,,bus
bus_32202,Gardendale / Downey,33.914875,-118.151444,,bus
bus_32205,Garfield / Gardendale,33.923195,-118.16886,,bus
bus_32206,Imperial / Amery,33.929418,-118.165098,,bus
bus_34697,Sherman Way / Reseda,34.201012,-118.535696,,bus
bus_36487,Fair Oaks / Mound,34.119916,-118.150154,,bus
bus_36492,Pacific Coast Highway / El Segundo,33.916642,-118.395795,,bus
bus_36493,Pacific Coast Highway / Mariposa,33.923912,-118.396126,,bus
bus_36494,Pacific Coast Highway / Maple,33.927309,-118.396132,,bus
bus_36496,Hollywood Way / Victory,34.184889,-118.349223,,bus
bus_36498,Downey Transit Center,33.939574,-118.134227,,bus
bus_36499,Imperial / Figueroa,33.930873,-118.28282,,bus
bus_36500,119th / Willowbrook,33.924509,-118.235197,,bus
bus_36501,Imperial / Croesus,33.929283,-118.233272,,bus
bus_36502,Imperial / Mona,33.928904,-118.230522,,bus
bus_36503,Imperial / Fernwood,33.930098,-118.220764,,bus
bus_36505,Imperial / Downey,33.921188,-118.146584,,bus
bus_36506,Imperial / Brookshire,33.919556,-118.143638,,bus
bus_36507,Imperial / Barlin,33.917991,-118.140715,,bus
bus_36508,Imperial / Curtis and King,33.916969,-118.107599,,bus
bus_36509,Imperial / Hoxie,33.91697,-118.103759,,bus
bus_36513,Imperial / Firestone,33.917228,-118.090839,,bus
bus_36515,Imperial / Curtis and King,33.917222,-118.107764,,bus
bus_36516,Imperial / Woodruff,33.917197,-118.116989,,bus
bus_36517,Imperial / Dunrobin,33.917188,-118.120842,,bus
bus_36518,Imperial / Ardis,33.917159,-118.130074,,bus
bus_36519,Imperial / Pine,33.931134,-118.187023,,bus
bus_36520,Imperial / Jackson,33.93132,-118.189186,,bus
bus_36521,Imperial / Cornish,33.931592,-118.192421,,bus
bus_36522,Imperial / Lewis,33.9318,-118.194732,,bus
bus_36523,Imperial / Bullis,33.932024,-118.197209,,bus
bus_36524,Imperial / Benwell,33.932199,-118.199368,,bus
bus_36554,Sepulveda / La Tijera,33.957452,-118.396067,,bus
bus_36555,Sepulveda / Manchester,33.959659,-118.396059,,bus
bus_36557,Green Valley / Sepulveda,33.983856,-118.393895,,bus
bus_36561,Centinela / Alvern,33.977195,-118.376662,,bus
bus_36562,Centinela / Green Valley,33.977206,-118.38635,,bus
bus_36563,Green Valley / Sepulveda,33.983999,-118.393951,,bus
bus_36572,Vernon / Long Beach,34.00405,-118.242705,,bus
bus_36575,Vernon / Broadway,34.003931,-118.278837,,bus
bus_36576,Vernon / Figueroa,34.003896,-118.282304,,bus
bus_36587,La Cienega / Wilshire,34.065621,-118.376058,,bus
bus_36602,Vernon / Broadway,34.003686,-118.278011,,bus
bus_36603,Vernon / Avalon,34.003765,-118.264685,,bus
bus_43421,Sepulveda / Burbank,34.172399,-118.465996,,bus
bus_43422,Wilshire / Plymouth,34.061945,-118.322682,,bus
bus_43425,White Oak / Oxnard,34.179979,-118.518358,,bus
bus_43426,Warner Center Transit Hub,34.181099,-118.601635,,bus
bus_55223,Gage / Wilcox,33.97712,-118.177363,,bus
bus_78921,Jefferson / San Pedro,34.015429,-118.265065,,bus
bus_81403,Little Tokyo / Arts District Station,34.048845,-118.238757,,bus
bus_104700,Jefferson / Griffith,34.013789,-118.261239,,bus
bus_104702,Wilshire / Bundy,34.044076,-118.467711,,bus
bus_104703,5th / Main,34.046606,-118.248203,,bus
bus_104705,Wilshire / 6th,34.020481,-118.496432,,bus
bus_104707,Wilshire / Barrington,34.049274,-118.460943,,bus
bus_104708,Wilshire / Federal,34.050594,-118.45923,,bus
bus_104710,7th / Hill,34.045937,-118.254248,,bus
bus_104713,Westwood / Le Conte,34.063556,-118.445186,,bus
bus_104716,Fairfax / Venice,34.039754,-118.369461,,bus
bus_104717,Fairfax / Venice,34.040256,-118.369721,,bus
bus_104718,Hollywood / Highland,34.101689,-118.339014,,bus
bus_104720,Fairfax / Hollywood,34.101071,-118.361708,,bus
bus_123600,Balboa / Pineridge,34.293308,-118.502031,,bus
bus_123601,Balboa / Jolette,34.29287,-118.502274,,bus
bus_123602,Balboa / Colven,34.299225,-118.502484,,bus
bus_123603,Balboa / Westbury,34.298704,-118.502855,,bus
bus_123604,Balboa / Woodley,34.303799,-118.500833,,bus
bus_123605,Balboa / Lisette,34.303319,-118.501277,,bus
bus_123606,Balboa / Orozco,34.307395,-118.502424,,bus
bus_123607,Balboa / Orozco,34.307619,-118.502773,,bus
bus_123608,Balboa / Sesnon,34.310468,-118.501569,,bus
bus_123609,Balboa / Sesnon,34.310565,-118.501854,,bus
bus_123612,Balboa / Silver Oaks,34.320967,-118.488374,,bus
bus_123613,Balboa / Balboa,34.32107,-118.488127,,bus
bus_123614,Foothill / Balboa East Jog,34.319231,-118.486731,,bus
bus_123615,Foothill / Balboa East Jog,34.319428,-118.486898,,bus
bus_123616,Foothill / Filbert East Jog,34.319514,-118.483821,,bus
bus_123617,Foothill / Filbert East Jog,34.319878,-118.483721,,bus
bus_123618,Foothill / Yarnell,34.321155,-118.478916,,bus
bus_123619,Foothill / Yarnell,34.321432,-118.479014,,bus
bus_123620,Foothill / Glenoaks,34.322887,-118.469553,,bus
bus_123621,Foothill / Glenoaks,34.323126,-118.469746,,bus
bus_123622,Glenoaks / Roxford,34.318126,-118.463558,,bus
bus_123623,Glenoaks / Roxford,34.31836,-118.463414,,bus
bus_123624,Glenoaks / Tyler,34.310016,-118.453049,,bus
bus_123625,Glenoaks / Tyler,34.310266,-118.452914,,bus
bus_123626,Glenoaks / Astoria,34.304905,-118.446415,,bus
bus_123627,Glenoaks / Astoria,34.305188,-118.446333,,bus
bus_123628,Balboa / Sayre,34.301921,-118.442558,,bus
bus_123629,Glenoaks / Sayre,34.302149,-118.44241,,bus
bus_123631,Glenoaks / Hubbard,34.299773,-118.439348,,bus
bus_125445,Pomeroy / Eastman,34.051198,-118.185588,,bus
bus_125460,Foothill / Sierra Madre Villa,34.149977,-118.082185,,bus
bus_139999,Western / Wilshire,34.0612,-118.309234,,bus
bus_140514,Slauson / Angeles Vista,33.989017,-118.352116,,bus
bus_140715,Ocean / Colorado,34.011711,-118.495449,,bus
bus_140718,Venice / Figueroa,34.037566,-118.270673,,bus
bus_140719,Venice / Grand,34.035746,-118.266512,,bus
bus_140724,Venice / Grand,34.035744,-118.266133,,bus
bus_140725,Venice / Hope,34.036598,-118.267674,,bus
bus_140726,Venice / Figueroa,34.037902,-118.270876,,bus
bus_140727,Venice / Arlington,34.043692,-118.318046,,bus
bus_140728,Venice / Normandie,34.043936,-118.300086,,bus
bus_140729,Venice / Rimpau,34.046932,-118.3401,,bus
bus_140730,Airport / 96th,33.949715,-118.385774,,bus
bus_140732,Rossmore / Melrose,34.083349,-118.326463,,bus
bus_140733,Devonshire / Filmore,34.257259,-118.441954,,bus
bus_140735,Arleta / Devonshire,34.257502,-118.443706,,bus
bus_140736,Ventura / Stern,34.148947,-118.435964,,bus
bus_140738,Sherman Way / White Oak,34.200951,-118.518257,,bus
bus_140739,Thousand Oaks / Dallas,34.176028,-118.848837,,bus
bus_140740,Van Nuys / Arleta,34.253805,-118.438709,,bus
bus_140741,26520 Agoura,34.143341,-118.701364,,bus
bus_140742,Van Nuys / Arleta,34.254229,-118.438585,,bus
bus_140743,Canoga / Ventura Freeway Off Ramp,34.169984,-118.597548,,bus
bus_140744,Thousand Oaks / Dallas,34.176111,-118.848342,,bus
bus_140745,Thousand Oaks / Conejo School,34.17462,-118.844617,,bus
bus_140750,Balboa / Ventura,34.159,-118.501707,,bus
bus_140751,Magnolia / Lankershim,34.165048,-118.375165,,bus
bus_140752,Central / 8th,34.033839,-118.243293,,bus
bus_140753,Central / 14th,34.0286,-118.246869,,bus
bus_140754,Central / Century,33.945885,-118.254225,,bus
bus_140755,Central / 105th,33.941117,-118.254273,,bus
bus_140758,Wilmington / 118th,33.925827,-118.238912,,bus
bus_140762,Century / Club,33.945352,-118.332988,,bus
bus_140763,103rd / Central,33.943181,-118.254319,,bus
bus_140765,Rives / Imperial,33.926674,-118.156176,,bus
bus_140767,103rd / Central,33.943381,-118.254419,,bus
bus_140768,Century / Vermont,33.945636,-118.2913,,bus
bus_140769,Century / Western,33.945604,-118.308758,,bus
bus_140770,Century / Club,33.945612,-118.332659,,bus
bus_140773,Compton / Imperial,33.929263,-118.246125,,bus
bus_140782,Central / 148th,33.898738,-118.252658,,bus
bus_140783,Central / Compton,33.896008,-118.252011,,bus
bus_140784,Central / Imperial,33.929772,-118.254087,,bus
bus_140785,Central / 112th,33.933404,-118.254055,,bus
bus_140786,Central / 108th,33.937595,-118.254009,,bus
bus_140787,Central / Hooper,33.95079,-118.254279,,bus
bus_140789,Hill / 2nd,34.053261,-118.247444,,bus
bus_140791,Woodman / Hatteras,34.17562,-118.431041,,bus
bus_140792,Devonshire / Zelzah,34.257526,-118.523096,,bus
bus_140793,Imperial / Main,33.931157,-118.274207,,bus
bus_140794,Imperial / Broadway,33.931142,-118.278024,,bus
bus_140795,Imperial / Figueroa,33.931128,-118.282985,,bus
bus_140796,Imperial / Hoover,33.931116,-118.28678,,bus
bus_140797,Imperial / Vermont,33.931109,-118.291085,,bus
bus_140798,Imperial / Normandie,33.931103,-118.300101,,bus
bus_140799,Imperial / Denker,33.931103,-118.304531,,bus
bus_140800,Imperial / Wilton,33.931105,-118.313237,,bus
bus_140801,Imperial / Van Ness,33.9311,-118.317609,,bus
bus_140802,Imperial / Ardath,33.931105,-118.323737,,bus
bus_140803,Imperial / Lemoli,33.931101,-118.330241,,bus
bus_140804,Imperial / Yukon,33.931096,-118.334985,,bus
bus_140805,Imperial / Doty,33.93109,-118.339188,,bus
bus_140806,Imperial / Prairie,33.931086,-118.34373,,bus
bus_140807,Imperial / Inglewood,33.931066,-118.361644,,bus
bus_140808,Imperial / Sundale,33.93106,-118.364617,,bus
bus_140811,Slauson / Bickett,33.989321,-118.215876,,bus
bus_140813,Slauson / Alameda,33.989327,-118.237299,,bus
bus_140817,Sherman Way / Tyrone,34.201082,-118.444537,,bus
bus_140818,Sherman Way / Allott,34.201078,-118.428173,,bus
bus_140819,Sherman Way / Tujunga,34.201112,-118.379174,,bus
bus_140821,Hollywood Way / Chandler,34.170934,-118.348612,,bus
bus_140842,Pacific / Gage,33.980461,-118.225317,,bus
bus_140843,Santa Ana / Commercial,33.96455,-118.221485,,bus
bus_140859,Santa Ana / Atlantic,33.961007,-118.186045,,bus
bus_140860,Santa Ana / Salt Lake,33.961643,-118.192038,,bus
bus_140862,Santa Ana / Mountain View,33.964449,-118.219192,,bus
bus_140878,Jefferson / Centinela,33.983974,-118.404688,,bus
bus_140880,California Yacht Club,33.983939,-118.445921,,bus
bus_140881,Admiralty / Marina City,33.985352,-118.452315,,bus
bus_140893,Beverly / Wilton Pl,34.076379,-118.313326,,bus
bus_140894,Beverly / Van Ness,34.076376,-118.315545,,bus
bus_140895,Beverly / Windsor,34.076355,-118.319336,,bus
bus_140896,Beverly / Larchmont,34.076354,-118.323883,,bus
bus_140897,Beverly / June,34.076323,-118.334526,,bus
bus_140898,Beverly / Highland,34.076317,-118.338403,,bus
bus_140901,Beverly / Poinsettia,34.076296,-118.348881,,bus
bus_140903,Beverly / Gardner,34.076278,-118.353042,,bus
bus_140906,Beverly / Genesee,34.076249,-118.35821,,bus
bus_140907,Beverly / Fairfax,34.076235,-118.361208,,bus
bus_140908,Beverly / Crescent Heights,34.076224,-118.365673,,bus
bus_140909,Beverly / Sweetzer,34.076214,-118.369843,,bus
bus_140910,Beverly / Orlando,34.076202,-118.372977,,bus
bus_140916,Beverly / Wilshire,34.066888,-118.399255,,bus
bus_140918,Beverly / Larchmont,34.076103,-118.323387,,bus
bus_140920,Manhattan / Beverly Layover,34.075805,-118.31016,,bus
bus_140921,Slauson / Sepulveda,33.988519,-118.395648,,bus
bus_140926,62nd / Western,33.983462,-118.309267,,bus
bus_140927,Central / 55th,33.992784,-118.256294,,bus
bus_140928,Santa Monica / La Jolla,34.09063,-118.36779,,bus
bus_140929,Western / Pico,34.047002,-118.308872,,bus
bus_140930,Vermont / Washington,34.040426,-118.291402,,bus
bus_140932,Western / Exposition,34.018859,-118.308745,,bus
bus_140937,Imperial / Crenshaw,33.931102,-118.326819,,bus
bus_140940,Sierra Madre Villa Station,34.148448,-118.080921,,bus
bus_140944,Westlake / Wilshire,34.056957,-118.275068,,bus
bus_140945,Vermont / Century,33.945784,-118.291413,,bus
bus_140947,Vermont / 3rd,34.069334,-118.2915,,bus
bus_140948,Vermont / Santa Monica,34.091149,-118.291589,,bus
bus_140950,Vermont / Washington,34.039738,-118.291707,,bus
bus_140951,Vermont / Jefferson,34.025235,-118.291683,,bus
bus_140952,Vermont / Vernon,34.003431,-118.291696,,bus
bus_140953,Vermont / Slauson,33.988876,-118.291609,,bus
bus_140954,Vermont / Century,33.945233,-118.292037,,bus
bus_140957,Vermont / Jefferson,34.025923,-118.291378,,bus
bus_140959,Vermont / Sunset,34.09766,-118.291909,,bus
bus_140960,Vermont / Beverly,34.076615,-118.291839,,bus
bus_140963,Vermont / Pico,34.047678,-118.291441,,bus
bus_140967,Vermont / Pico,34.047017,-118.291746,,bus
bus_140968,Vermont / Venice,34.044523,-118.291423,,bus
bus_140970,Vermont / Melrose,34.083411,-118.291552,,bus
bus_140971,Vermont / 3rd,34.06925,-118.291807,,bus
bus_140972,Vermont / 6th,34.063821,-118.291788,,bus
bus_140974,La Brea / Plymouth,33.974401,-118.357487,,bus
bus_140975,La Brea / Market,33.977922,-118.357423,,bus
bus_140976,Imperial / Columbia,33.917182,-118.133901,,bus
bus_140988,Western / 62nd,33.98312,-118.308791,,bus
bus_140989,Western / Slauson,33.988871,-118.308773,,bus
bus_140995,6th / Grand,34.048472,-118.255005,,bus
bus_140997,La Brea / Pickford,34.042657,-118.346793,,bus
bus_140999,La Brea / 21st,34.038673,-118.348503,,bus
bus_141000,Hollywood / Western,34.101862,-118.309593,,bus
bus_141001,La Brea / Slauson,33.988269,-118.358651,,bus
bus_141003,Western / 29th,34.02924,-118.30908,,bus
bus_141008,Crenshaw / Imperial,33.931181,-118.326335,,bus
bus_141011,Telegraph / Valley View,33.92842,-118.029139,,bus
bus_141012,Pacific / 21st Layover,33.724933,-118.288128,,bus
bus_141013,Crenshaw / Slauson,33.988756,-118.33066,,bus
bus_141014,Whittwood Center Layover,33.945249,-117.998456,,bus
bus_141016,Rossmore / Rosewood,34.079087,-118.327424,,bus
bus_141021,Crenshaw / Slauson,33.988672,-118.330963,,bus
bus_141022,Crenshaw / 80th,33.966489,-118.331,,bus
bus_141023,Crenshaw / 82nd,33.964141,-118.330543,,bus
bus_141029,Pico / Mullen,34.048532,-118.335075,,bus
bus_141030,Prairie / Artesia,33.873112,-118.343657,,bus
bus_141031,Prairie / 104th,33.942113,-118.343759,,bus
bus_141032,Prairie / Hardy,33.949416,-118.343773,,bus
bus_141033,Prairie / Manchester,33.96015,-118.343787,,bus
bus_141034,Locust / Regent,33.964205,-118.350488,,bus
bus_141035,Eucalyptus / Arbor Vitae,33.952838,-118.359495,,bus
bus_141036,Inglewood / Arbor Vitae,33.95253,-118.361703,,bus
bus_141059,Inglewood / Marine,33.894922,-118.361158,,bus
bus_141060,Inglewood / 147th,33.898434,-118.361147,,bus
bus_141061,Inglewood / 137th,33.906799,-118.36112,,bus
bus_141062,Inglewood / 135th,33.909714,-118.36112,,bus
bus_141063,Inglewood / 132nd,33.912523,-118.361115,,bus
bus_141064,Inglewood / 130th,33.914806,-118.361119,,bus
bus_141065,Inglewood / El Segundo,33.916691,-118.36112,,bus
bus_141066,Inglewood / Broadway,33.919903,-118.361131,,bus
bus_141067,Inglewood / 120th,33.923541,-118.361146,,bus
bus_141068,Inglewood / 118th,33.927185,-118.361152,,bus
bus_141069,Inglewood / Imperial,33.931142,-118.361159,,bus
bus_141071,Inglewood / 111th,33.934406,-118.361154,,bus
bus_141072,Inglewood / 104th,33.941683,-118.361165,,bus
bus_141073,Inglewood / Lennox,33.93833,-118.361157,,bus
bus_141074,Inglewood / Hardy,33.948934,-118.36119,,bus
bus_141075,Eucalyptus / Arbor Vitae,33.952976,-118.359328,,bus
bus_141076,Eucalyptus / Spruce,33.955111,-118.35936,,bus
bus_141077,Eucalyptus / Kelso,33.958667,-118.359408,,bus
bus_141078,Van Ness / Slauson,33.989382,-118.317371,,bus
bus_141079,Harbor Fwy / Pacific Coast Highway,33.790656,-118.281893,,bus
bus_141080,Harbor Fwy / Carson,33.831921,-118.287188,,bus
bus_141081,Prairie / Grace,33.967343,-118.344093,,bus
bus_141082,Somerset / Clark,33.896653,-118.134339,,bus
bus_141083,Vernon / 11th,34.003544,-118.329029,,bus
bus_141085,Vermont / Beverly,34.076121,-118.291527,,bus
bus_141088,La Brea / 6th,34.065054,-118.344169,,bus
bus_141092,Long Beach / Greenleaf,33.881058,-118.204936,,bus
bus_141097,Wilcox / Santa Ana,33.960394,-118.17929,,bus
bus_141098,Santa Ana / State,33.963577,-118.210616,,bus
bus_141099,Santa Ana / South Gate,33.963663,-118.213363,,bus
bus_142000,Santa Ana / State,33.963379,-118.210642,,bus
bus_142001,Santa Ana / Salt Lake,33.96141,-118.191744,,bus
bus_142002,Wilcox / Santa Ana,33.960366,-118.179052,,bus
bus_142005,Seville / Live Oak,33.971516,-118.222496,,bus
bus_142006,Seville / Grand,33.969024,-118.222486,,bus
bus_142010,Imperial / Croesus,33.929052,-118.233733,,bus
bus_142017,Florence / California,33.971907,-118.201923,,bus
bus_142039,Main / College,34.062888,-118.234103,,bus
bus_142040,Imperial / Freeman,33.931077,-118.348583,,bus
bus_142041,Imperial / Firmona,33.931064,-118.356794,,bus
bus_142045,Garvey / Garvey Community Center,34.062827,-118.071573,,bus
bus_142046,Garvey / Garvey Community Center,34.062578,-118.071276,,bus
bus_142051,Olympic / Fairfax,34.058284,-118.36362,,bus
bus_142054,Main / College,34.06263,-118.233957,,bus
bus_142057,Main / Power,34.066729,-118.227378,,bus
bus_142058,Main / Power,34.067053,-118.227409,,bus
bus_142059,5014 Valley,34.069619,-118.174772,,bus
bus_142062,Van Nuys / Ventura,34.151306,-118.448549,,bus
bus_142063,Church / 405 Fwy Off-Ramp,34.073745,-118.468527,,bus
bus_142066,Van Nuys / Glenoaks Layover,34.274151,-118.411279,,bus
bus_142071,Daly / Broadway,34.073887,-118.21547,,bus
bus_142072,La Tijera / 79th,33.968304,-118.381741,,bus
bus_142073,La Tijera / 64th,33.981505,-118.36736,,bus
bus_142080,City Terrace / Hazard,34.055575,-118.178612,,bus
bus_142086,Cypress / Division,34.102434,-118.236236,,bus
bus_142098,Cypress / Division,34.102885,-118.236329,,bus
bus_142099,Colorado / Campus,34.142892,-118.231406,,bus
bus_142100,Colorado / Verdugo,34.142882,-118.233838,,bus
bus_142101,Broadway / Colorado,34.142998,-118.224985,,bus
bus_142108,Foothill / Sierra Madre Villa,34.150169,-118.082853,,bus
bus_142109,Foothill / Santa Paula,34.150132,-118.085847,,bus
bus_142110,Foothill / Sunnyslope,34.150062,-118.090778,,bus
bus_142114,Lake / Fontanet,34.189297,-118.131503,,bus
bus_142116,Foothill / San Gabriel,34.149788,-118.093898,,bus
bus_142117,Foothill / Sunnyslope,34.149878,-118.09011,,bus
bus_142118,Foothill / Kinneloa,34.149914,-118.085969,,bus
bus_142121,Fountain / Virgil,34.09567,-118.286462,,bus
bus_142122,Fountain / Virgil,34.09581,-118.286552,,bus
bus_142123,Fountain / Sunset,34.095893,-118.283919,,bus
bus_142124,Talmadge / Sunset,34.098333,-118.283115,,bus
bus_142126,Los Feliz / Brunswick,34.125194,-118.265575,,bus
bus_142127,Santa Anita / Ramona,34.072517,-118.042018,,bus
bus_142128,Santa Anita / Main,34.074859,-118.041255,,bus
bus_142129,Crenshaw / Hyde Park,33.980352,-118.331012,,bus
bus_142130,Central / Chevy Chase,34.133691,-118.257674,,bus
bus_142131,Altadena / Fair Oaks,34.194505,-118.147629,,bus
bus_142132,Altadena / Fair Oaks,34.194594,-118.147057,,bus
bus_142135,Yosemite / Del Rosa Walk,34.134792,-118.213106,,bus
bus_142136,Santa Anita Fashion Park,34.134229,-118.054477,,bus
bus_142137,Baldwin / Huntington,34.132102,-118.054314,,bus
bus_142141,Los Robles / Douglas,34.166033,-118.141437,,bus
bus_142144,San Gabriel / Del Mar,34.14187,-118.094771,,bus
bus_142145,Avenue 26 / Pasadena,34.077167,-118.215878,,bus
bus_142148,Mednik / Cesar E Chavez,34.040782,-118.161753,,bus
bus_142168,Crenshaw / 39th,34.014832,-118.33495,,bus
bus_142169,Crenshaw / Stocker,34.008171,-118.33524,,bus
bus_142195,Lennox / Freeman,33.938109,-118.348424,,bus
bus_142197,Vermont / 109th,33.937523,-118.29206,,bus
bus_142214,Prairie / 120th,33.923491,-118.343729,,bus
bus_142216,Harbor Fwy / Pacific Coast Highway,33.790367,-118.282191,,bus
bus_142217,Paramount / Jackson,33.885557,-118.159886,,bus
bus_142218,Paramount / Town Center West,33.887263,-118.159903,,bus
bus_142219,Imperial / Paramount,33.924069,-118.151688,,bus
bus_142220,Paramount / Quoit,33.926971,-118.149581,,bus
bus_142222,Paramount / Unser,33.990322,-118.099172,,bus
bus_142265,Paramount / Loch Lomond,33.999108,-118.09138,,bus
bus_142266,Paramount / Silverette,33.990481,-118.09941,,bus
bus_142267,Paramount / Carron,33.989256,-118.102602,,bus
bus_142268,Paramount / Rex,33.981485,-118.109338,,bus
bus_142269,Paramount / Vista Del Rosa,33.966037,-118.117658,,bus
bus_142270,Paramount / Farm,33.950441,-118.132437,,bus
bus_142271,Paramount / 7th,33.948612,-118.133786,,bus
bus_142272,Paramount / 5th,33.946382,-118.135454,,bus
bus_142273,Paramount / Brookmill,33.938131,-118.141481,,bus
bus_142274,Paramount / Phlox,33.941071,-118.139313,,bus
bus_142275,Paramount / Melva,33.929957,-118.147664,,bus
bus_142276,Imperial / Paramount,33.923814,-118.15177,,bus
bus_142277,Gardendale / Brock,33.916744,-118.155386,,bus
bus_142278,Paramount / Main,33.914822,-118.158916,,bus
bus_142279,Paramount / South Somerset Ranch,33.910311,-118.160368,,bus
bus_142280,Paramount / Howe,33.907112,-118.160352,,bus
bus_142281,Paramount / 3rd,33.898937,-118.16027,,bus
bus_142282,Paramount / Jefferson,33.893104,-118.160239,,bus
bus_142283,Paramount / Madison,33.890886,-118.160235,,bus
bus_142284,Paramount / Alondra,33.889411,-118.160229,,bus
bus_142285,Paramount / Town Center West,33.887137,-118.160211,,bus
bus_142286,Paramount / Harrison,33.883286,-118.160181,,bus
bus_142287,Paramount / Town Center West,33.885573,-118.160196,,bus
bus_142288,Paramount / 68th,33.878461,-118.160142,,bus
bus_142289,Paramount / 63rd,33.869038,-118.160084,,bus
bus_142290,Paramount / South,33.859902,-118.160027,,bus
bus_142291,Candlewood / Paramount,33.85372,-118.159578,,bus
bus_142292,Candlewood / Obispo,33.853754,-118.154509,,bus
bus_142293,Candlewood / Downey,33.853758,-118.151318,,bus
bus_142294,Candlewood / Hayter,33.853691,-118.145867,,bus
bus_142295,Candlewood / Lakewood,33.853709,-118.142198,,bus
bus_142298,Gage / Albany,33.981519,-118.2322,,bus
bus_142299,Gage / Miles,33.981491,-118.219306,,bus
bus_142300,Gage / Miles,33.981709,-118.218937,,bus
bus_142301,Gage / Albany,33.981779,-118.232861,,bus
bus_142302,Gage / Alameda,33.981901,-118.236549,,bus
bus_142303,Hyde Park / Crenshaw,33.980727,-118.330628,,bus
bus_142304,Hawthorne / Silver Spur,33.776476,-118.375077,,bus
bus_142305,Vermont / Artesia,33.872072,-118.291018,,bus
bus_142306,Artesia / Vermont,33.872972,-118.291407,,bus
bus_142307,Artesia / Crenshaw,33.87299,-118.326286,,bus
bus_142308,Hawthorne / Grayslake,33.779179,-118.384721,,bus
bus_142309,Hawthorne / Dover Ridge,33.768074,-118.391326,,bus
bus_142310,Hawthorne / Salvation Army,33.745548,-118.400927,,bus
bus_142313,Hollywood / Vine,34.101503,-118.326907,,bus
bus_142321,Daly / Mission,34.060919,-118.214456,,bus
bus_142322,Marengo / State,34.058052,-118.210342,,bus
bus_142323,Soto / Cesar E Chavez,34.046638,-118.208059,,bus
bus_142324,Soto / Cesar E Chavez,34.046944,-118.207521,,bus
bus_142325,Soto / 1st,34.043557,-118.210018,,bus
bus_142326,Soto / 1st,34.04385,-118.209488,,bus
bus_142327,Soto / 4th,34.040446,-118.212011,,bus
bus_142328,Soto / 4th,34.040738,-118.21148,,bus
bus_142329,Soto / Whittier,34.034001,-118.216067,,bus
bus_142331,Soto / Vernon,34.005705,-118.219495,,bus
bus_142333,Alondra / Carmenita,33.887766,-118.046014,,bus
bus_142334,Beach / La Mirada,33.88426,-117.995825,,bus
bus_142337,Daly / Mozart,34.069622,-118.215674,,bus
bus_142338,Daly / Mozart,34.069686,-118.21537,,bus
bus_142339,Daly / Main,34.066196,-118.215289,,bus
bus_142400,Main / 135th,33.909372,-118.274116,,bus
bus_142403,Hollywood / Normandie,34.10189,-118.3008,,bus
bus_142406,Broadway / Brand,34.146164,-118.254727,,bus
bus_142408,Broadway / Verdugo,34.146011,-118.234422,,bus
bus_142409,Broadway / Verdugo,34.146314,-118.235609,,bus
bus_142411,Colorado / Hill Layover,34.145849,-118.120019,,bus
bus_142415,Long Beach / Palm,33.964461,-118.22503,,bus
bus_142416,Figueroa / Pasadena,34.090604,-118.211494,,bus
bus_142417,Pacific / Slauson,33.988891,-118.225356,,bus
bus_142418,Garfield / Firestone,33.948941,-118.165361,,bus
bus_142419,Garfield / Southern,33.944334,-118.166526,,bus
bus_142420,Garfield / Karmont,33.938562,-118.167576,,bus
bus_142421,Garfield / Roosevelt,33.918028,-118.16908,,bus
bus_142422,Garfield / Century,33.914357,-118.16906,,bus
bus_142423,Garfield / Mendy,33.909342,-118.169043,,bus
bus_142424,Garfield / Rosecrans,33.90341,-118.169002,,bus
bus_142425,Garfield / Somerset,33.89654,-118.168965,,bus
bus_142426,Garfield / Jefferson,33.892553,-118.168943,,bus
bus_142427,Alondra / Garfield,33.889037,-118.168472,,bus
bus_142428,Beach / Franklin,33.877012,-117.998378,,bus
bus_142429,Garfield / Jefferson,33.893175,-118.168642,,bus
bus_142430,Garfield / Somerset,33.896623,-118.168662,,bus
bus_142431,Garfield / Rosecrans,33.903452,-118.168698,,bus
bus_142432,Garfield / Mendy,33.909068,-118.168736,,bus
bus_142433,Garfield / Century,33.914358,-118.168757,,bus
bus_142434,Garfield / Main,33.916814,-118.168768,,bus
bus_142436,Garfield / Imperial,33.930093,-118.167895,,bus
bus_142437,Garfield / Karmont,33.938749,-118.167339,,bus
bus_142438,Garfield / Southern,33.944689,-118.165953,,bus
bus_142439,Garfield / Firestone,33.949357,-118.1649,,bus
bus_142446,Glendale / Brunswick,34.118487,-118.260492,,bus
bus_142448,Colorado / San Rafael,34.142997,-118.170101,,bus
bus_142450,Hill / Olympic,34.041747,-118.258164,,bus
bus_142453,1st / Grand,34.055676,-118.249002,,bus
bus_142457,Beach / Franklin,33.877146,-117.998068,,bus
bus_142458,Beach / Cascade,33.881848,-117.99767,,bus
bus_142459,La Mirada / Beach,33.884928,-117.995703,,bus
bus_142460,Alondra / Carmenita,33.888024,-118.046261,,bus
bus_142461,Winnetka / G Line,34.187097,-118.571117,,bus
bus_145000,Commerce Center,34.018609,-118.154087,,bus
bus_175999,Moorpark / Van Nuys,34.151766,-118.448158,,bus
bus_176101,Division 8 Layover,34.236107,-118.598868,,bus
bus_176111,Carmenita / 166th,33.880347,-118.04661,,bus
bus_176131,Artesia / Shoemaker,33.873117,-118.054795,,bus
bus_176135,Carmenita / 166th,33.880897,-118.046304,,bus
bus_176137,Artesia / Carmenita,33.873414,-118.046721,,bus
bus_176138,Carmenita / Artesia,33.87356,-118.04624,,bus
bus_176139,Artesia / Shoemaker,33.873372,-118.055454,,bus
bus_176140,Towne Center / Center Court,33.869547,-118.060455,,bus
bus_176141,Towne Center / 183rd,33.866125,-118.057357,,bus
bus_176142,Tampa / Roscoe,34.220753,-118.553412,,bus
bus_176143,Tampa / Chase,34.224469,-118.553397,,bus
bus_176144,Tampa / Parthenia,34.228377,-118.553717,,bus
bus_176145,Tampa / Chase,34.224742,-118.553703,,bus
bus_176153,Jefferson / Concert Park,33.974703,-118.423935,,bus
bus_176155,Bristol / Hannum,33.986929,-118.386929,,bus
bus_176156,Bristol / Green Valley,33.983725,-118.390955,,bus
bus_176158,Bloomfield / Towne Center,33.870672,-118.063589,,bus
bus_176159,Albertoni / Avalon,33.871955,-118.266621,,bus
bus_176160,Sierra Madre Villa / Primavera,34.160555,-118.081316,,bus
bus_176161,Sierra Madre Villa / Orange Grove,34.158057,-118.081637,,bus
bus_176162,Sierra Madre Villa / Foothill,34.150282,-118.082375,,bus
bus_176163,Sierra Madre Villa / Rosemead,34.15769,-118.081496,,bus
bus_176164,Sierra Madre Villa / Primavera,34.160285,-118.081117,,bus
bus_176165,Town Center / Paramount,34.035407,-118.091515,,bus
bus_176166,Rush / Walmart Driveway,34.051534,-118.084227,,bus
bus_176167,Tyler / Elliott,34.058738,-118.035761,,bus
bus_176168,Rush / Walmart Driveway,34.051789,-118.084983,,bus
bus_176170,Valley / Gibson,34.078237,-118.050531,,bus
bus_176670,Valley / Gibson,34.078097,-118.050907,,bus
bus_3000001,Pico / Rimpau,34.048107,-118.337767,,bus
bus_4800001,23rd / Main,34.027354,-118.266898,,bus
bus_4800002,Main / Washington,34.030829,-118.264612,,bus
bus_4800003,Main / Washington,34.03096,-118.264873,,bus
bus_4800004,23rd / Main,34.02715,-118.266957,,bus
bus_4800005,23rd / Maple,34.025815,-118.264124,,bus
bus_4800006,23rd / Maple,34.026019,-118.264066,,bus
bus_6000001,Long Beach / 5th,33.77307,-118.189211,,bus
bus_10500001,Marlton / King Layover,34.012108,-118.338147,,bus
bus_12800001,Alondra / Valley View,33.888142,-118.029254,,bus
bus_13000003,Pacific Coast Highway / 16th,33.866401,-118.393323,,bus
bus_13000012,Artesia / Kingsdale,33.872747,-118.356635,,bus
bus_13000013,Artesia / Crenshaw,33.872734,-118.326154,,bus
bus_13000020,Victoria / Avalon,33.866873,-118.265808,,bus
bus_13000045,Pacific Coast Highway / 21st,33.870593,-118.394519,,bus
bus_13000064,Artesia / Van Ness,33.872995,-118.318166,,bus
bus_13000076,Pacific Coast Highway / 21st,33.870402,-118.394775,,bus
bus_13000077,Pacific Coast Highway / 16th,33.866232,-118.393589,,bus
bus_13000131,Disney Way / Harbor,33.806851,-117.913475,,bus
bus_13000137,6th / Private Right-Of-Way,34.064022,-118.313359,,bus
bus_13000138,Vermont / Athens Station,33.928775,-118.29142,,bus
bus_13000140,Vermont / Wilshire,34.061969,-118.291784,,bus
bus_13000141,Vermont / Athens Station,33.928765,-118.292092,,bus
bus_13000144,Vine / Hollywood,34.101771,-118.326505,,bus
bus_13000145,Cahuenga / Yucca Layover,34.104454,-118.330113,,bus
bus_13000146,Vermont / Vernon,34.003981,-118.291391,,bus
bus_13000148,Slauson / Templeton,33.989082,-118.220316,,bus
bus_13000149,Imperial / Hawthorne,33.931074,-118.352364,,bus
bus_14078126,Tyler / Valley,34.07514,-118.034753,,bus
bus_20400002,Hawthorne / Rosecrans,33.902417,-118.35223,,bus
bus_20400003,Hawthorne / Lennox Station,33.933657,-118.352444,,bus
bus_20400005,Hawthorne / Lennox Station,33.93361,-118.352754,,bus
bus_20400015,Firestone Station,33.960282,-118.243152,,bus
bus_20400018,Paseo Del Mar / Shepard,33.707365,-118.294531,,bus
bus_20400030,Manchester / Harbor Transitway,33.960223,-118.280192,,bus
bus_20400032,Vermont / Slauson,33.988959,-118.291302,,bus
bus_20500001,7th / Channel,33.7752,-118.118006,,bus
bus_20500002,Wilmington / 120th,33.923023,-118.239221,,bus
bus_20500003,Wilmington / 123rd,33.921001,-118.239218,,bus
bus_20500005,Cal State Long Beach,33.775454,-118.113524,,bus
bus_20500006,Cal State Long Beach,33.775214,-118.114932,,bus
bus_20500009,Flotilla / Yates,34.005342,-118.127892,,bus
bus_20500010,Flotilla / Yates,34.005551,-118.12809,,bus
bus_20500011,Florence / Seville,33.974194,-118.223466,,bus
bus_23200002,Pacific Coast Highway / Maple,33.927169,-118.396441,,bus
bus_23200006,Pacific Coast Highway / Grand,33.919175,-118.396181,,bus
bus_23200007,Pacific Coast Highway / El Segundo,33.916097,-118.396111,,bus
bus_23200008,Sepulveda / 30th,33.897415,-118.396167,,bus
bus_23200009,Sepulveda / Marine,33.894779,-118.396171,,bus
bus_23200011,Sepulveda / 18th,33.891562,-118.396166,,bus
bus_23200012,Sepulveda / Manhattan Beach,33.887107,-118.396158,,bus
bus_23200014,Sepulveda / 2nd,33.880296,-118.396123,,bus
bus_23200015,Pacific Coast Highway / Longfellow,33.876869,-118.396116,,bus
bus_23200016,Pacific Coast Highway / 11th,33.864105,-118.392993,,bus
bus_23200017,Pacific Coast Highway / Herondo,33.854059,-118.390235,,bus
bus_23200018,Pacific Coast Highway / Irena,33.852448,-118.38973,,bus
bus_23200019,Pacific Coast Highway / Beryl,33.848723,-118.38858,,bus
bus_23200020,Pacific Coast Highway / Diamond,33.845075,-118.38744,,bus
bus_23200021,Pacific Coast Highway / Vincent,33.843593,-118.386696,,bus
bus_23200022,Pacific Coast Highway / Emerald,33.841768,-118.385913,,bus
bus_23200023,Pacific Coast Highway / Torrance,33.838414,-118.385595,,bus
bus_23200024,Pacific Coast Highway / Ruby,33.834846,-118.385299,,bus
bus_23200025,Pacific Coast Highway / Sapphire,33.832838,-118.385115,,bus
bus_23200026,Pacific Coast Highway / Avenue A,33.8279,-118.38582,,bus
bus_23200027,Pacific Coast Highway / Avenue C,33.825812,-118.385718,,bus
bus_23200028,Pacific Coast Highway / Avenue F,33.822678,-118.385569,,bus
bus_23200029,Pacific Coast Highway / Avenue I,33.819116,-118.384792,,bus
bus_23200030,Pacific Coast Highway / Robert,33.815012,-118.372952,,bus
bus_23200031,Pacific Coast Highway / Calle Mayor,33.813169,-118.369345,,bus
bus_23200032,Pacific Coast Highway / Janet,33.808637,-118.360569,,bus
bus_23200033,Pacific Coast Highway / Anza,33.807658,-118.358087,,bus
bus_23200034,Pacific Coast Highway / Ocean,33.806299,-118.354641,,bus
bus_23200035,Pacific Coast Highway / Madison,33.80353,-118.347997,,bus
bus_23200036,Pacific Coast Highway / Newton,33.795918,-118.338536,,bus
bus_23200037,Pacific Coast Highway / Crenshaw,33.791844,-118.333043,,bus
bus_23200038,Pacific Coast Highway / Airport,33.789541,-118.329329,,bus
bus_23200039,Pacific Coast Highway / Pennsylvania,33.78943,-118.325583,,bus
bus_23200040,Pacific Coast Highway / Cypress,33.789428,-118.322371,,bus
bus_23200041,Pacific Coast Highway / Narbonne,33.78942,-118.32015,,bus
bus_23200042,Pacific Coast Highway / Eshelman,33.789389,-118.314229,,bus
bus_23200043,Pacific Coast Highway / Walnut,33.789364,-118.312221,,bus
bus_23200044,Figueroa / Pacific Coast Highway,33.790144,-118.281036,,bus
bus_23200045,Figueroa / Robidoux,33.787896,-118.281114,,bus
bus_23200046,Figueroa / L,33.785718,-118.280859,,bus
bus_23200047,Figueroa / Grant,33.783128,-118.280489,,bus
bus_23200048,Anaheim / Wilmington,33.779244,-118.273809,,bus
bus_23200049,Anaheim / Neptune,33.779499,-118.269081,,bus
bus_23200050,Anaheim / Fries,33.779714,-118.265186,,bus
bus_23200051,Anaheim / Sanford,33.780509,-118.250361,,bus
bus_23200052,Anaheim / Watson,33.780664,-118.247482,,bus
bus_23200053,Anaheim / Alameda,33.780789,-118.245446,,bus
bus_23200054,Anaheim / Henry Ford,33.781053,-118.241392,,bus
bus_23200055,Anaheim / Schley,33.781669,-118.232565,,bus
bus_23200056,Anaheim / Farragut,33.78196,-118.228486,,bus
bus_23200058,Anaheim / Hayes,33.782626,-118.218899,,bus
bus_23200059,Anaheim / Harbor,33.782544,-118.210754,,bus
bus_23200060,Anaheim / Oregon,33.782499,-118.200605,,bus
bus_23200061,Anaheim / Magnolia,33.782487,-118.19767,,bus
bus_23200062,Anaheim / Pacific,33.78248,-118.193382,,bus
bus_23200063,Anaheim / Pine,33.78248,-118.192053,,bus
bus_23200064,Anaheim / Long Beach,33.782733,-118.189687,,bus
bus_23200065,Anaheim / Pine,33.782735,-118.192218,,bus
bus_23200066,Anaheim / Pacific,33.782739,-118.193916,,bus
bus_23200068,Anaheim / Oregon,33.782751,-118.20077,,bus
bus_23200069,Anaheim / Hayes,33.782876,-118.21907,,bus
bus_23200071,Anaheim / Farragut,33.782204,-118.228677,,bus
bus_23200072,Anaheim / Sampson,33.781877,-118.233204,,bus
bus_23200073,Anaheim / Henry Ford,33.781263,-118.242074,,bus
bus_23200074,Anaheim / Alameda,33.781084,-118.244881,,bus
bus_23200075,Anaheim / Watson,33.780931,-118.247305,,bus
bus_23200076,Anaheim / Sanford,33.780774,-118.250145,,bus
bus_23200077,Anaheim / Fries,33.779966,-118.26524,,bus
bus_23200078,Anaheim / Neptune,33.779755,-118.269069,,bus
bus_23200079,Anaheim / Wilmington,33.779488,-118.273958,,bus
bus_23200080,Figueroa / Grant,33.783093,-118.280153,,bus
bus_23200081,Figueroa / L,33.786295,-118.280641,,bus
bus_23200082,Pacific Coast Highway / Walnut,33.789615,-118.31189,,bus
bus_23200083,Pacific Coast Highway / Eshelman,33.789641,-118.314388,,bus
bus_23200084,Pacific Coast Highway / Narbonne,33.789674,-118.319818,,bus
bus_23200085,Pacific Coast Highway / Cypress,33.789682,-118.32303,,bus
bus_23200086,Pacific Coast Highway / Pennsylvania,33.789683,-118.325748,,bus
bus_23200087,Pacific Coast Highway / Airport,33.789824,-118.329395,,bus
bus_23200088,Pacific Coast Highway / Crenshaw,33.792393,-118.333342,,bus
bus_23200089,Pacific Coast Highway / Newton,33.796196,-118.338432,,bus
bus_23200090,Pacific Coast Highway / Madison,33.803567,-118.347556,,bus
bus_23200091,Pacific Coast Highway / Ocean,33.806411,-118.354214,,bus
bus_23200092,Pacific Coast Highway / Anza,33.807949,-118.358104,,bus
bus_23200093,Pacific Coast Highway / Janet,33.809102,-118.361032,,bus
bus_23200094,Pacific Coast Highway / Calle Mayor,33.813706,-118.369674,,bus
bus_23200095,Pacific Coast Highway / Robert,33.815301,-118.372996,,bus
bus_23200096,Pacific Coast Highway / Avenue F,33.822821,-118.38527,,bus
bus_23200097,Pacific Coast Highway / Avenue C,33.82555,-118.385401,,bus
bus_23200098,Pacific Coast Highway / Avenue A,33.828055,-118.385528,,bus
bus_23200099,Pacific Coast Highway / Sapphire,33.832501,-118.384781,,bus
bus_23200100,Pacific Coast Highway / Ruby,33.834591,-118.384968,,bus
bus_23200101,Pacific Coast Highway / Torrance,33.838544,-118.385299,,bus
bus_23200102,Pacific Coast Highway / Emerald,33.841918,-118.385638,,bus
bus_23200103,Pacific Coast Highway / Vincent,33.843825,-118.386486,,bus
bus_23200104,Pacific Coast Highway / Diamond,33.845281,-118.387201,,bus
bus_23200105,Pacific Coast Highway / Beryl,33.849061,-118.388364,,bus
bus_23200106,Pacific Coast Highway / Irena,33.852018,-118.38928,,bus
bus_23200107,Pacific Coast Highway / Anita,33.854206,-118.389962,,bus
bus_23200108,Pacific Coast Highway / Aviation,33.863373,-118.392475,,bus
bus_23200109,Sepulveda / Artesia,33.873131,-118.395519,,bus
bus_23200110,Sepulveda / Duncan,33.877744,-118.395814,,bus
bus_23200111,Sepulveda / 2nd,33.879994,-118.395821,,bus
bus_23200112,Sepulveda / 8th,33.883641,-118.395835,,bus
bus_23200113,Sepulveda / Manhattan Beach,33.887655,-118.395848,,bus
bus_23200114,Sepulveda / 18th,33.891744,-118.395857,,bus
bus_23200115,Sepulveda / Marine,33.894478,-118.39587,,bus
bus_23200116,Sepulveda / 30th,33.897553,-118.395865,,bus
bus_25400000,Mona / Imperial,33.928649,-118.230096,,bus
bus_25400009,Grape / 103rd,33.943351,-118.236644,,bus
bus_25400010,Grape / Century,33.945429,-118.236604,,bus
bus_25400086,Lorena / Olympic,34.018942,-118.206673,,bus
bus_25400115,Grape / 103rd,33.94342,-118.236816,,bus
bus_25400131,Crenshaw / Wilshire,34.061313,-118.31948,,bus
bus_25400133,Crenshaw / Pico,34.047567,-118.327023,,bus
bus_25400134,Crenshaw / Washington,34.039556,-118.331405,,bus
bus_25400135,Crenshaw / Adams,34.032283,-118.335218,,bus
bus_25400136,Crenshaw / Jefferson,34.025188,-118.335249,,bus
bus_25400138,Crenshaw / Vernon,34.003223,-118.331776,,bus
bus_25400144,Crenshaw / El Segundo,33.916075,-118.326672,,bus
bus_25400145,Crenshaw / Rosecrans,33.902135,-118.326677,,bus
bus_25400146,Crenshaw / Manhattan Beach,33.886992,-118.326677,,bus
bus_25400147,Crenshaw / Manhattan Beach,33.887748,-118.326377,,bus
bus_25400148,Crenshaw / Rosecrans,33.902273,-118.326374,,bus
bus_25400150,Crenshaw Station,33.925363,-118.326342,,bus
bus_25400151,Crenshaw / Century,33.945893,-118.32631,,bus
bus_25400152,Crenshaw / Manchester,33.960684,-118.326344,,bus
bus_25400157,Crenshaw / Jefferson,34.026013,-118.334945,,bus
bus_25400158,Crenshaw / Adams,34.0329,-118.334742,,bus
bus_25400159,Crenshaw / Washington,34.040201,-118.330714,,bus
bus_25400160,Crenshaw / Pico,34.048091,-118.326405,,bus
bus_25400168,Hillcrest / Nutwood,33.960582,-118.349972,,bus
bus_25400175,La Brea / Manchester,33.962323,-118.353185,,bus
bus_25400178,Martin Luther King Jr / Crenshaw,34.010821,-118.334654,,bus
bus_25400181,Broadway / Martin Luther King Jr,34.011355,-118.278185,,bus
bus_25400201,Albertoni / Main,33.871332,-118.275803,,bus
bus_25400202,Albertoni / Main,33.871161,-118.275131,,bus
bus_25400211,Imperial / I-105 W Exit 2A,33.931053,-118.374962,,bus
bus_25400213,Florence / Vermont,33.974759,-118.292167,,bus
bus_25400220,8th / Mirasol,34.019268,-118.199252,,bus
bus_50100000,Alameda / Buena Vista,34.158254,-118.328474,,bus
bus_50100001,Olive / Hollywood,34.152228,-118.339153,,bus
bus_50100002,Olive / Hollywood,34.152006,-118.338974,,bus
bus_65300024,Main / Marine,33.998031,-118.47941,,bus
bus_65300025,Main / Pier,33.998385,-118.480108,,bus
bus_65300029,Huntington / Rosemead,34.130191,-118.072801,,bus
bus_65300037,Waters Edge / Jefferson,33.973515,-118.428491,,bus
bus_65300038,Figueroa / Victoria,33.86323,-118.281379,,bus
bus_65300039,Figueroa / 190th,33.862405,-118.281689,,bus
bus_65300042,Figueroa / 7th,34.049473,-118.259604,,bus
bus_65300049,Western / Vernon,34.004133,-118.308756,,bus
bus_65300050,Western / Martin Luther King Jr,34.011272,-118.308753,,bus
bus_65300059,Western / Sunset,34.098522,-118.309088,,bus
bus_65300061,Western / Russell,34.104341,-118.30942,,bus
bus_65300063,Western / Sunset,34.097697,-118.309383,,bus
bus_65300065,Western / Beverly,34.076041,-118.309289,,bus
bus_65300067,Western / Wilshire,34.061911,-118.309227,,bus
bus_65300076,Western / Manchester,33.959746,-118.309114,,bus
bus_65300081,Western / Olympic,34.053059,-118.308901,,bus
bus_65300085,Weymouth / 9th,33.73631,-118.309817,,bus
bus_70020085,Agoura / Las Virgenes,34.143973,-118.698511,,bus
bus_70020246,Agoura / Las Virgenes,34.143801,-118.698717,,bus
bus_70500001,La Cienega / 3rd,34.073614,-118.37634,,bus
bus_70500002,La Cienega / 3rd,34.073195,-118.376636,,bus
bus_70500003,Temescal Canyon / Pacific Coast Highway,34.036067,-118.535684,,bus
bus_70500004,22718 Pacific Coast Highway,34.039323,-118.669421,,bus
bus_70500011,Grand / Pico,34.038705,-118.264568,,bus
bus_70500012,Olive / General Thaddeus Kosciuszko,34.053257,-118.249154,,bus
bus_70500013,1st / Hope,34.056646,-118.249996,,bus
bus_70500026,Huntington / Collis,34.086205,-118.183982,,bus
bus_70500029,San Gabriel / Hill,34.044629,-118.090324,,bus
bus_70500030,Rush / San Gabriel,34.051617,-118.090279,,bus
bus_70500032,Fremont / Ross,34.071838,-118.151633,,bus
bus_70500033,Fremont / Ross,34.07211,-118.151947,,bus
bus_70500036,17th / Hill,34.034213,-118.265336,,bus
bus_72000002,Wilshire / Barrington,34.049454,-118.461158,,bus
bus_72000003,6th / Witmer,34.055547,-118.265321,,bus
bus_30022,Sofi Stadium Transit Center,33.952123,-118.343425,,bus
bus_5600,Prairie / 101st,33.944456,-118.343759,,bus
bus_5873,Downtown Inglewood Station Express Stop,33.967071,-118.351312,,bus
bus_2155,Dodger Stadium Express - Union Station West Portal,34.055667,-118.236863,,bus
bus_63500001,Union Station Dodger Express Loading Zone #1,34.075054,-118.239276,,bus
bus_63500003,South Bay Dodger Express Loading Zone,34.074433,-118.237742,,bus
rail_80101,Downtown Long Beach Station,33.768071,-118.192921,0.0,rail
rail_80101S,Downtown Long Beach Station,33.768071,-118.192921,1.0,rail
rail_80101A,Downtown Long Beach Station - 1st & Pacific Entrance,33.76805,-118.1935,2.0,rail
rail_80101B,Downtown Long Beach Station - 1st & Pine Entrance,33.76804,-118.1925,2.0,rail
rail_80102,Pacific Ave Station,33.772258,-118.1937,0.0,rail
rail_80102S,Pacific Ave Station,33.772258,-118.1937,1.0,rail
rail_80102A,Pacific Ave Station - Pacific & 4th Entrance,33.77186,-118.19373,2.0,rail
rail_80102B,Pacific Ave Station - Pacific & 5th Entrance,33.77282,-118.19373,2.0,rail
rail_80105,Anaheim Street Station,33.78183,-118.189384,0.0,rail
rail_80105S,Anaheim Street Station,33.78183,-118.189384,1.0,rail
rail_80105A,Anaheim Street Station - Long Beach & 12th Entrance,33.78135,-118.18939,2.0,rail
rail_80105B,Anaheim Street Station - Long Beach & Anaheim Entrance,33.78245,-118.18937,2.0,rail
rail_80106,Pacific Coast Hwy Station,33.78909,-118.189382,0.0,rail
rail_80106S,Pacific Coast Hwy Station,33.78909,-118.189382,1.0,rail
rail_80106A,Pacific Coast Hwy Station - Long Beach & Pacific Coast Entrance,33.78971,-118.18937,2.0,rail
rail_80107,Willow Street Station,33.807079,-118.189834,0.0,rail
rail_80107S,Willow Street Station,33.807079,-118.189834,1.0,rail
rail_80107A,Willow Street Station - Long Beach & Willow Entrance,33.8065,-118.18957,2.0,rail
rail_80108,Wardlow Station,33.819865,-118.19609,0.0,rail
rail_80108S,Wardlow Station,33.819865,-118.19609,1.0,rail
rail_80108A,Wardlow Station - North Entrance,33.82027,-118.19636,2.0,rail
rail_80108B,Wardlow Station - Pacific & Wardlow Entrance,33.81918,-118.19563,2.0,rail
rail_80109,Del Amo Station,33.848222,-118.211017,0.0,rail
rail_80109S,Del Amo Station,33.848222,-118.211017,1.0,rail
rail_80109A,Del Amo Station - Del Amo & Santa Fe Entrance,33.84773,-118.2108,2.0,rail
rail_80110,Artesia Station,33.876082,-118.222503,0.0,rail
rail_80110S,Artesia Station,33.876082,-118.222503,1.0,rail
rail_80110A,Artesia Station - Bus Plaza Side Entrance,33.8766,-118.22307,2.0,rail
rail_80111,Compton Station,33.89749,-118.224249,0.0,rail
rail_80111S,Compton Station,33.89749,-118.224249,1.0,rail
rail_80111A,Compton Station - Main Entrance,33.89812,-118.22416,2.0,rail
rail_80112,Willowbrook - Rosa Parks Station - Metro A-Line,33.928048,-118.237555,0.0,rail
rail_80112S,Willowbrook - Rosa Parks Station,33.928048,-118.237555,1.0,rail
rail_80112A,Willowbrook  - Rosa Parks Station - Willowbrook Entrance,33.92854,-118.23779,2.0,rail
rail_80113,103rd Street / Watts Towers  Station,33.94222,-118.243159,0.0,rail
rail_80113S,103rd Street / Watts Towers Station,33.94222,-118.243159,1.0,rail
rail_80113A,103rd Street / Watts Towers  Station - 103rd & Graham Entrance,33.94304,-118.24315,2.0,rail
rail_80114,Firestone Station,33.959611,-118.243205,0.0,rail
rail_80114S,Firestone Station,33.959611,-118.243205,1.0,rail
rail_80114A,Firestone Station - North Entrance,33.95971,-118.24318,2.0,rail
rail_80114B,Firestone Station - South Entrance,33.95948,-118.24318,2.0,rail
rail_80115,Florence Station,33.97374,-118.243271,0.0,rail
rail_80115S,Florence Station,33.97374,-118.243271,1.0,rail
rail_80115A,Florence Station - Florence & Graham Entrance,33.97461,-118.24326,2.0,rail
rail_80116,Slauson Station,33.98876,-118.243398,0.0,rail
rail_80116S,Slauson Station,33.98876,-118.243398,1.0,rail
rail_80116A,Slauson Station - North Entrance,33.98909,-118.24345,2.0,rail
rail_80116B,Slauson Station - South Entrance,33.98835,-118.24334,2.0,rail
rail_80117,Vernon Station,34.00292,-118.243303,0.0,rail
rail_80117S,Vernon Station,34.00292,-118.243303,1.0,rail
rail_80117A,Vernon Station - Long Beach & Vernon Entrance,34.00378,-118.24329,2.0,rail
rail_80118,Washington Station,34.01965,-118.243084,0.0,rail
rail_80118S,Washington Station,34.01965,-118.243084,1.0,rail
rail_80118A,Washington Station - Long Beach & Washington Entrance,34.02047,-118.24309,2.0,rail
rail_80119,San Pedro Street Station,34.026807,-118.255505,0.0,rail
rail_80119S,San Pedro Street Station,34.026807,-118.255505,1.0,rail
rail_80119A,San Pedro Street Station - Washington & San Pedro Entrance,34.02714,-118.2562,2.0,rail
rail_80120,Grand / LATTC Station,34.033155,-118.269333,0.0,rail
rail_80120S,Grand / LATTC Station,34.033155,-118.269333,1.0,rail
rail_80120A,Grand / LATTC Station - Washington & Grand Entrance,34.03276,-118.26847,2.0,rail
rail_80121,Pico Station,34.040735,-118.266118,0.0,rail
rail_80120B,Grand / LATTC Station - Washington & Hope Entrance,34.03333,-118.26976,2.0,rail
rail_80121S,Pico Station,34.040735,-118.266118,1.0,rail
rail_80121A,Pico Station - Flower & 12th Entrance,34.04104,-118.26573,2.0,rail
rail_80121B,Pico Station - Flower & Pico Entrance,34.04033,-118.26637,2.0,rail
rail_80122,7th Street / Metro Center Station - Metro A & E Lines,34.04861,-118.258822,0.0,rail
rail_80122S,7th Street / Metro Center Station,34.04861,-118.258822,1.0,rail
rail_80122A,7th Street / Metro Center Station - 7th & Figueroa Elevator,34.04916,-118.25933,2.0,rail
rail_80122B,7th Street / Metro Center Station - 7th & Figueroa Entrance,34.04936,-118.25966,2.0,rail
rail_80122C,7th Street / Metro Center Station - 7th & Flower Elevator,34.0489,-118.25839,2.0,rail
rail_80122D,7th Street / Metro Center Station - 7th & Flower Entrance,34.0487,-118.25856,2.0,rail
rail_80122F,7th Street / Metro Center Station - Elevator at the Bloc,34.048113,-118.258228,2.0,rail
rail_80122G,7th Street / Metro Center Station - Entrance to the Bloc,34.048127,-118.25831,2.0,rail
rail_80123,LATTC / Ortho Institute Station,34.029112,-118.273603,0.0,rail
rail_80123S,LATTC / Ortho Institute Station,34.029112,-118.273603,1.0,rail
rail_80123A,LATTC / Ortho Institute Station - North Entrance,34.03011,-118.27303,2.0,rail
rail_80123B,LATTC / Ortho Institute Station - South Entrance,34.02849,-118.27391,2.0,rail
rail_80124,Jefferson / USC Station,34.022123,-118.278118,0.0,rail
rail_80124S,Jefferson / USC Station,34.022123,-118.278118,1.0,rail
rail_80124A,Jefferson / USC Station - Northbound Entrance,34.02142,-118.27849,2.0,rail
rail_80124B,Jefferson / USC Station - Southbound Entrance,34.02147,-118.27856,2.0,rail
rail_80125,Expo Park / USC Station,34.018227,-118.285734,0.0,rail
rail_80125S,Expo Park / USC Station,34.018227,-118.285734,1.0,rail
rail_80125A,Expo Park / USC Station - Eastbound Platform Entrance,34.01818,-118.28647,2.0,rail
rail_80125B,Expo Park / USC Station - Westbound Platform Entrance,34.01828,-118.28647,2.0,rail
rail_80126,Expo / Vermont Station,34.018245,-118.29154,0.0,rail
rail_80126S,Expo / Vermont Station,34.018245,-118.29154,1.0,rail
rail_80126A,Expo / Vermont Station - Eastbound Platform - East Entrance (Stairs),34.01819,-118.29024,2.0,rail
rail_80126B,Expo / Vermont Station - Eastbound Platform - West Entrance (Ramp),34.01819,-118.2916,2.0,rail
rail_80126C,Expo / Vermont Station - Westbound Platform,34.0183,-118.29173,2.0,rail
rail_80127,Expo / Western Station,34.018331,-118.30891,0.0,rail
rail_80127S,Expo / Western Station,34.018331,-118.30891,1.0,rail
rail_80127A,Expo / Western Station - Eastbound Platform Entrance,34.01828,-118.30874,2.0,rail
rail_80127B,Expo / Western Station - Westbound Platform Entrance,34.01838,-118.30905,2.0,rail
rail_80128,Expo / Crenshaw E-Line Station,34.022526,-118.335078,0.0,rail
rail_80128S,Expo / Crenshaw E-Line Station,34.022526,-118.335078,1.0,rail
rail_80128A,Expo / Crenshaw E-Line Station - Eastbound Platform Entrance,34.02252,-118.33528,2.0,rail
rail_80128B,Expo / Crenshaw E-Line Station - Westbound Platform Entrance,34.02256,-118.33492,2.0,rail
rail_80129,Farmdale Station,34.023981,-118.346095,0.0,rail
rail_80129S,Farmdale Station,34.023981,-118.346095,1.0,rail
rail_80129A,Farmdale Station - Eastbound Platform Entrance,34.02391,-118.34634,2.0,rail
rail_80129B,Farmdale Station - Westbound Platform Entrance,34.02398,-118.34587,2.0,rail
rail_80130,Expo / La Brea / Ethel Bradley Station,34.024803,-118.355159,0.0,rail
rail_80130S,Expo / La Brea / Ethel Bradley Station,34.024803,-118.355159,1.0,rail
rail_80130A,Expo / La Brea / Ethel Bradley Station - East Entrance,34.02472,-118.35467,2.0,rail
rail_80130B,Expo / La Brea / Ethel Bradley Station - West Entrance,34.02481,-118.35569,2.0,rail
rail_80131,La Cienega / Jefferson Station,34.026355,-118.37212,0.0,rail
rail_80131S,La Cienega / Jefferson Station,34.026355,-118.37212,1.0,rail
rail_80131A,La Cienega / Jefferson Station - East Entrance,34.02641,-118.37165,2.0,rail
rail_80131B,La Cienega / Jefferson Station - West Entrance,34.02634,-118.37257,2.0,rail
rail_80132,Culver City Station,34.027896,-118.388986,0.0,rail
rail_80132S,Culver City Station,34.027896,-118.388986,1.0,rail
rail_80132A,Culver City Station - East Entrance,34.027837,-118.388471,2.0,rail
rail_80132B,Culver City Station - West Entrance,34.027919,-118.389314,2.0,rail
rail_80133,Palms Station,34.029323,-118.404255,0.0,rail
rail_80133S,Palms Station,34.029323,-118.404255,1.0,rail
rail_80133A,Palms Station - National Blvd - East Elevator 1,34.02925,-118.40385,2.0,rail
rail_80133B,Palms Station - National Blvd - East Elevator 2,34.02926,-118.40379,2.0,rail
rail_80133C,Palms Station - National Blvd - East Ramp,34.02925,-118.40409,2.0,rail
rail_80133D,Palms Station - National Blvd - East Stairs,34.02921,-118.40388,2.0,rail
rail_80134,Westwood / Rancho Park Station,34.036816,-118.424576,0.0,rail
rail_80134S,Westwood / Rancho Park Station,34.036816,-118.424576,1.0,rail
rail_80134A,Westwood / Rancho Park Station - East Ramp,34.03667,-118.42551,2.0,rail
rail_80135,Expo / Sepulveda Station,34.035408,-118.434234,0.0,rail
rail_80135S,Expo / Sepulveda Station,34.035408,-118.434234,1.0,rail
rail_80135A,Expo / Sepulveda Station - East Elevator - Elevator 1,34.03548,-118.43375,2.0,rail
rail_80135B,Expo / Sepulveda Station - East Stairs,34.03543,-118.43404,2.0,rail
rail_80135C,Expo / Sepulveda Station - Northeast Entrance,34.03555,-118.43377,2.0,rail
rail_80135D,Expo / Sepulveda Station - Northwest Entrance,34.03533,-118.4347,2.0,rail
rail_80135E,Expo / Sepulveda Station - Southeast Entrance,34.03541,-118.43375,2.0,rail
rail_80135F,Expo / Sepulveda Station - Southwest Entrance,34.03529,-118.43468,2.0,rail
rail_80135G,Expo / Sepulveda Station - West Elevator - Elevator 2,34.03535,-118.43475,2.0,rail
rail_80135H,Expo / Sepulveda Station - West Stairs,34.03537,-118.43443,2.0,rail
rail_80136,Expo / Bundy Station,34.031705,-118.452896,0.0,rail
rail_80136S,Expo / Bundy Station,34.031705,-118.452896,1.0,rail
rail_80136A,Expo / Bundy Station - East Elevator - Elevator 1,34.0318,-118.45251,2.0,rail
rail_80136B,Expo / Bundy Station - East Stairs,34.03173,-118.45274,2.0,rail
rail_80136C,Expo / Bundy Station - Northeast Entrance,34.03179,-118.45242,2.0,rail
rail_80136D,Expo / Bundy Station - Northwest Entrance,34.03164,-118.45331,2.0,rail
rail_80136E,Expo / Bundy Station - Southeast Entrance,34.03177,-118.45243,2.0,rail
rail_80136F,Expo / Bundy Station - Southwest Entrance,34.03164,-118.45325,2.0,rail
rail_80136G,Expo / Bundy Station - West Elevator - Elevator 2,34.03161,-118.45345,2.0,rail
rail_80136H,Expo / Bundy Station - West Stairs,34.03168,-118.45312,2.0,rail
rail_80137,26th Street / Bergamot Station,34.027995,-118.46912,0.0,rail
rail_80137S,26th Street / Bergamot Station,34.027995,-118.46912,1.0,rail
rail_80137A,26th Street / Bergamot Station - East Stairs,34.02823,-118.46867,2.0,rail
rail_80137B,26th Street / Bergamot Station - Northwest Ramp,34.02787,-118.4698,2.0,rail
rail_80137C,26th Street / Bergamot Station - Southwest Ramp,34.02768,-118.46986,2.0,rail
rail_80138,17th Street / SMC Station,34.023155,-118.480372,0.0,rail
rail_80138S,17th Street / SMC Station,34.023155,-118.480372,1.0,rail
rail_80138A,17th Street / SMC Station - East Ramp,34.02363,-118.47982,2.0,rail
rail_80138B,17th Street / SMC Station - West Ramp,34.02264,-118.48103,2.0,rail
rail_80139,Downtown Santa Monica Station,34.01401,-118.491384,0.0,rail
rail_80139S,Downtown Santa Monica Station,34.01401,-118.491384,1.0,rail
rail_80139A,Downtown Santa Monica Station - Northwest Entrance,34.01442,-118.49129,2.0,rail
rail_80139B,Downtown Santa Monica Station - Northwest Ramp,34.01408,-118.49149,2.0,rail
rail_80139C,Downtown Santa Monica Station - Northwest Stairs,34.01382,-118.49189,2.0,rail
rail_80139D,Downtown Santa Monica Station - Southwest Ramp,34.01351,-118.49133,2.0,rail
rail_80139E,Downtown Santa Monica Station - Southwest Stairs,34.01344,-118.49141,2.0,rail
rail_80153,1st Street Station,33.76874,-118.189362,0.0,rail
rail_80153S,1st Street Station,33.76874,-118.189362,1.0,rail
rail_80153A,1st Street Station - Long Beach & 1st Entrance,33.76827,-118.18941,2.0,rail
rail_80153B,1st Street Station - Long Beach & Broadway Entrance,33.76915,-118.18938,2.0,rail
rail_80154,5th Street Station,33.773598,-118.189412,0.0,rail
rail_80154S,5th Street Station,33.773598,-118.189412,1.0,rail
rail_80154A,5th Street Station - Long Beach & 5th Entrance,33.77305,-118.18935,2.0,rail
rail_80154B,5th Street Station - Long Beach & 6th Entrance,33.77401,-118.18936,2.0,rail
rail_801100,Glendora Station,34.1319,-117.8663,0.0,rail
rail_801100S,Glendora Station,34.1319,-117.8663,1.0,rail
rail_801101,San Dimas Station,34.1052,-117.8058,0.0,rail
rail_801101S,San Dimas Station,34.1052,-117.8058,1.0,rail
rail_801102,La Verne / Fairplex Station,34.0972,-117.7681,0.0,rail
rail_801102S,La Verne / Fairplex Station,34.0972,-117.7681,1.0,rail
rail_801103,Pomona North Station,34.094,-117.7522,0.0,rail
rail_801103S,Pomona North Station,34.094,-117.7522,1.0,rail
rail_80201,North Hollywood Station,34.168504,-118.376808,0.0,rail
rail_80201S,North Hollywood Station,34.168504,-118.376808,1.0,rail
rail_80201A,North Hollywood Station - Elevator,34.16906,-118.3768,2.0,rail
rail_80201B,North Hollywood Station - Main Entrance,34.16879,-118.37651,2.0,rail
rail_80202,Universal / Studio City Station,34.140002,-118.362699,0.0,rail
rail_80202S,Universal / Studio City Station,34.140002,-118.362699,1.0,rail
rail_80202A,Universal / Studio City Station - North Elevator,34.13942,-118.36259,2.0,rail
rail_80202C,Universal / Studio City Station - South Elevator,34.13896,-118.36259,2.0,rail
rail_80202D,Universal / Studio City Station - South Entrance,34.1388,-118.36265,2.0,rail
rail_80203,Hollywood / Highland Station,34.101547,-118.338549,0.0,rail
rail_80203S,Hollywood / Highland Station,34.101547,-118.338549,1.0,rail
rail_80203A,Hollywood / Highland Station - Hollywood & Highland Entrance,34.1017,-118.33927,2.0,rail
rail_80204,Hollywood / Vine Station,34.10163,-118.32518,0.0,rail
rail_80204S,Hollywood / Vine Station,34.10163,-118.32518,1.0,rail
rail_80204A,Hollywood / Vine Station - Elevator,34.10132,-118.32557,2.0,rail
rail_80204B,Hollywood / Vine Station - Main Entrance,34.10132,-118.32573,2.0,rail
rail_80205,Hollywood / Western Station,34.101737,-118.308117,0.0,rail
rail_80205S,Hollywood / Western Station,34.101737,-118.308117,1.0,rail
rail_80205A,Hollywood / Western Station - Elevator,34.10158,-118.30858,2.0,rail
rail_80205B,Hollywood / Western Station - Main Entrance,34.10153,-118.30899,2.0,rail
rail_80206,Vermont / Sunset Station,34.097708,-118.291756,0.0,rail
rail_80206S,Vermont / Sunset Station,34.097708,-118.291756,1.0,rail
rail_80206A,Vermont / Sunset Station - NE Main Entrance,34.09847,-118.29148,2.0,rail
rail_80206B,Vermont / Sunset Station - NW Main Entrance,34.09827,-118.29205,2.0,rail
rail_80207,Vermont / Santa Monica Station,34.08991,-118.29173,0.0,rail
rail_80207S,Vermont / Santa Monica Station,34.08991,-118.29173,1.0,rail
rail_80207A,Vermont / Santa Monica Station - Santa Monica Elevator,34.09032,-118.29191,2.0,rail
rail_80207B,Vermont / Santa Monica Station - Santa Monica Entrance,34.0906,-118.29203,2.0,rail
rail_80207C,Vermont / Santa Monica Station - Willow Brook Elevator,34.08936,-118.29198,2.0,rail
rail_80208,Vermont / Beverly Station,34.076526,-118.291686,0.0,rail
rail_80208S,Vermont / Beverly Station,34.076526,-118.291686,1.0,rail
rail_80208A,Vermont / Beverly Station - Beverly Entrance,34.0766,-118.29191,2.0,rail
rail_80209,Wilshire / Vermont Station,34.062701,-118.290082,0.0,rail
rail_80209S,Wilshire / Vermont Station,34.062701,-118.290082,1.0,rail
rail_80209A,Wilshire / Vermont Station - Shatto Entrance,34.0625,-118.29028,2.0,rail
rail_80209B,Wilshire / Vermont Station - Vermont Entrance,34.06245,-118.29092,2.0,rail
rail_80210,Westlake / MacArthur Park Station,34.056368,-118.274879,0.0,rail
rail_80210S,Westlake / MacArthur Park Station,34.056368,-118.274879,1.0,rail
rail_80210A,Westlake / MacArthur Park Station - Elevator,34.0569,-118.275975,2.0,rail
rail_80210C,Westlake / MacArthur Park Station - South Entrance,34.056943,-118.276208,2.0,rail
rail_80211,7th Street / Metro Center Station - Metro B & D Lines,34.048634,-118.258682,0.0,rail
rail_80212,Pershing Square Station,34.049316,-118.251259,0.0,rail
rail_80212S,Pershing Square Station,34.049316,-118.251259,1.0,rail
rail_80212A,Pershing Square Station - Hill & 4th NE Entrance,34.0501,-118.24989,2.0,rail
rail_80212C,Pershing Square Station - Hill & 5th Elevator,34.04844,-118.25171,2.0,rail
rail_80212D,Pershing Square Station - Hill & 5th Entrance,34.04836,-118.25148,2.0,rail
rail_80213,Civic Center / Grand Park Station,34.0549,-118.246057,0.0,rail
rail_80213S,Civic Center / Grand Park Station,34.0549,-118.246057,1.0,rail
rail_80213B,Civic Center / Grand Park Station - Hill & Temple Elevator,34.05522,-118.24545,2.0,rail
rail_80213C,Civic Center / Grand Park Station - Hill & Temple Main Entrance,34.05554,-118.24516,2.0,rail
rail_80214,Union Station - Metro B & D Lines,34.056197,-118.234249,0.0,rail
rail_80214S,Union Station,34.056197,-118.234249,1.0,rail
rail_80214B,Union Station - Vignes Elevator,34.05532,-118.23351,2.0,rail
rail_80214C,Union Station - Vignes Entrance,34.0554,-118.23346,2.0,rail
rail_80215,Wilshire / Normandie Station,34.061753,-118.301458,0.0,rail
rail_80215S,Wilshire / Normandie Station,34.061753,-118.301458,1.0,rail
rail_80215A,Wilshire / Normandie Station - Elevator,34.06157,-118.30098,2.0,rail
rail_80215B,Wilshire / Normandie Station - Main Entrance,34.0614,-118.30091,2.0,rail
rail_80216,Wilshire / Western Station,34.061689,-118.308756,0.0,rail
rail_80216S,Wilshire / Western Station,34.061689,-118.308756,1.0,rail
rail_80216A,Wilshire / Western Station - Elevator,34.06191,-118.30876,2.0,rail
rail_80216B,Wilshire / Western Station - Main Entrance,34.06216,-118.30883,2.0,rail
rail_80229,Wilshire / La Brea Station,34.06221475,-118.3434467,0.0,rail
rail_80229S,Wilshire / La Brea Station,34.06221475,-118.3434467,1.0,rail
rail_80229A,Wilshire / La Brea Station - Main Entrance,34.0624,-118.34437,2.0,rail
rail_80229B,Wilshire / La Brea Station - Main Elevators,34.06241,-118.34443,2.0,rail
rail_80229C,Wilshire / La Brea Station - Main Escalators,34.06252,-118.34434,2.0,rail
rail_80230,Wilshire / Fairfax Station,34.06296708,-118.3611657,0.0,rail
rail_80230S,Wilshire / Fairfax Station,34.06296708,-118.3611657,1.0,rail
rail_80230A,Wilshire / Fairfax Station - Main Entrance,34.06272,-118.36043,2.0,rail
rail_80230B,Wilshire / Fairfax Station - Main Elevators,34.06252,-118.36028,2.0,rail
rail_80230C,Wilshire / Fairfax Station - Main Escalators,34.0626,-118.36044,2.0,rail
rail_80231,Wilshire / La Cienega Station,34.06483444,-118.3747009,0.0,rail
rail_80231S,Wilshire / La Cienega Station,34.06483444,-118.3747009,1.0,rail
rail_80231A,Wilshire / La Cienega Station - Main Entrance,34.06536,-118.376,2.0,rail
rail_80231B,Wilshire / La Cienega Station - Main Elevators,34.06527,-118.37577,2.0,rail
rail_80231C,Wilshire / La Cienega Station - Main Escalators,34.06537,-118.37591,2.0,rail
rail_80301,Redondo Beach Station,33.89464,-118.369196,0.0,rail
rail_80301S,Redondo Beach Station,33.89464,-118.369196,1.0,rail
rail_80301A,Redondo Beach Station - North Elevator,33.8948,-118.369417,2.0,rail
rail_80301B,Redondo Beach Station - North Stairs,33.894967,-118.369617,2.0,rail
rail_80301C,Redondo Beach Station - South Elevator,33.8944,-118.368917,2.0,rail
rail_80301D,Redondo Beach Station - South Stairs,33.894233,-118.368667,2.0,rail
rail_80302,Douglas Station,33.905299,-118.383113,0.0,rail
rail_80302S,Douglas Station,33.905299,-118.383113,1.0,rail
rail_80302A,Douglas Station - Northwest Entrance,33.9055,-118.383417,2.0,rail
rail_80302B,Douglas Station - Southeast Entrance,33.905067,-118.382917,2.0,rail
rail_80303,El Segundo Station,33.916063,-118.386539,0.0,rail
rail_80303S,El Segundo Station,33.916063,-118.386539,1.0,rail
rail_80303A,El Segundo Station - Northwest Entrance,33.916649,-118.387239,2.0,rail
rail_80303B,El Segundo Station - South Elevator,33.915883,-118.3863,2.0,rail
rail_80303C,El Segundo Station - Southeast Entrance,33.915733,-118.386117,2.0,rail
rail_80304,Mariposa Station,33.9232,-118.387572,0.0,rail
rail_80304S,Mariposa Station,33.9232,-118.387572,1.0,rail
rail_80304A,Mariposa Station - Nash & Mariposa Entrance,33.923367,-118.387532,2.0,rail
rail_80304B,Mariposa Station - South Entrance,33.923083,-118.387539,2.0,rail
rail_80305,Aviation / Imperial Station,33.929621,-118.377134,0.0,rail
rail_80305S,Aviation / Imperial Station,33.929621,-118.377134,1.0,rail
rail_80305A,Aviation / Imperial Station - Central Elevator,33.929683,-118.377133,2.0,rail
rail_80305B,Aviation / Imperial Station - East Entrance,33.929617,-118.37655,2.0,rail
rail_80305C,Aviation / Imperial Station - West Entrance,33.929633,-118.377633,2.0,rail
rail_80306,Hawthorne / Lennox Station,33.933408,-118.351602,0.0,rail
rail_80306S,Hawthorne / Lennox Station,33.933408,-118.351602,1.0,rail
rail_80306A,Hawthorne / Lennox Station - Hawthorne East Entrance,33.933567,-118.352317,2.0,rail
rail_80306B,Hawthorne / Lennox Station - Hawthorne West Entrance,33.933579,-118.352886,2.0,rail
rail_80307,Crenshaw C-Line Station,33.925201,-118.32655,0.0,rail
rail_80307S,Crenshaw Station,33.925201,-118.32655,1.0,rail
rail_80307A,Crenshaw Station - East Entrance,33.925233,-118.3261,2.0,rail
rail_80307B,Crenshaw Station - West Entrance,33.925183,-118.326967,2.0,rail
rail_80308,Vermont / Athens Station,33.928683,-118.291733,0.0,rail
rail_80308S,Vermont / Athens Station,33.928683,-118.291733,1.0,rail
rail_80308A,Vermont / Athens Station - East Entrance,33.928683,-118.291487,2.0,rail
rail_80308B,Vermont / Athens Station - West Entrance,33.928683,-118.292017,2.0,rail
rail_80309,Harbor Freeway Station,33.928714,-118.2811,0.0,rail
rail_80309S,Harbor Freeway Station,33.928714,-118.2811,1.0,rail
rail_80309A,Harbor Freeway Station - East Entrance (Harbor Transitway),33.9287,-118.2807,2.0,rail
rail_80309B,Harbor Freeway Station - West Entrance (Figueroa),33.9287,-118.28155,2.0,rail
rail_80310,Avalon Station,33.927465,-118.265217,0.0,rail
rail_80310S,Avalon Station,33.927465,-118.265217,1.0,rail
rail_80310A,Avalon Station - East Entrance,33.927467,-118.26485,2.0,rail
rail_80310B,Avalon Station - West Entrance,33.927467,-118.26555,2.0,rail
rail_80311,Willowbrook - Rosa Parks Station - Metro C-Line,33.928258,-118.238052,0.0,rail
rail_80311A,Willowbrook - Rosa Parks Station - Willowbrook East Elevator,33.928233,-118.237517,2.0,rail
rail_80311B,Willowbrook - Rosa Parks Station - Willowbrook West Elevator,33.9283,-118.2385,2.0,rail
rail_80311C,Willowbrook - Rosa Parks Station - Wilmington Elevator,33.928333,-118.239417,2.0,rail
rail_80312,Lynwood Station,33.92488,-118.209945,0.0,rail
rail_80312S,Lynwood Station,33.92488,-118.209945,1.0,rail
rail_80312A,Lynwood Station - East Entrance,33.924717,-118.2095,2.0,rail
rail_80312B,Lynwood Station - West Entrance,33.9251,-118.2104,2.0,rail
rail_80313,Lakewood Blvd Station,33.91307,-118.1406,0.0,rail
rail_80313S,Lakewood Blvd Station,33.91307,-118.1406,1.0,rail
rail_80313A,Lakewood Blvd Station - East Entrance,33.913046,-118.140432,2.0,rail
rail_80313B,Lakewood Blvd Station - West Entrance,33.913033,-118.140867,2.0,rail
rail_80314,Norwalk Station,33.914033,-118.104717,0.0,rail
rail_80314S,Norwalk Station,33.914033,-118.104717,1.0,rail
rail_80314A,Norwalk Station - East Entrance,33.913867,-118.104,2.0,rail
rail_80314B,Norwalk Station - West Entrance,33.913583,-118.105567,2.0,rail
rail_80401,Atlantic Station,34.033398,-118.154469,0.0,rail
rail_80401S,Atlantic Station,34.033398,-118.154469,1.0,rail
rail_80401A,Atlantic Station - Pomona & Atlantic Entrance,34.03337,-118.15295,2.0,rail
rail_80401B,Atlantic Station - Pomona & Beverly Entrance,34.03342,-118.15531,2.0,rail
rail_80402,East LA Civic Center Station,34.033364,-118.161206,0.0,rail
rail_80402S,East LA Civic Center Station,34.033364,-118.161206,1.0,rail
rail_80402A,East La Civic Center Station - Civic Center Way Entrance,34.03339,-118.16026,2.0,rail
rail_80402B,East La Civic Center Station - Mednick Entrance,34.03338,-118.1619,2.0,rail
rail_80403,Maravilla Station,34.033319,-118.16814,0.0,rail
rail_80403S,Maravilla Station,34.033319,-118.16814,1.0,rail
rail_80403A,Maravilla Station - Ford Entrance,34.0333,-118.16891,2.0,rail
rail_80403B,Maravilla Station - McDonnell Entrance,34.03333,-118.1671,2.0,rail
rail_80404,Indiana Station,34.0343,-118.192182,0.0,rail
rail_80404S,Indiana Station,34.0343,-118.192182,1.0,rail
rail_80404A,Indiana Station - 3rd Street Entrance,34.0336,-118.19218,2.0,rail
rail_80404B,Indiana Station - Gleason Entrance,34.03491,-118.19218,2.0,rail
rail_80405,Soto Station,34.043747,-118.210061,0.0,rail
rail_80405S,Soto Station,34.043747,-118.210061,1.0,rail
rail_80405A,Soto Station - Main Entrance,34.04364,-118.21019,2.0,rail
rail_80406,Mariachi Plaza / Boyle Heights Station,34.047215,-118.219648,0.0,rail
rail_80406S,Mariachi Plaza / Boyle Heights Station,34.047215,-118.219648,1.0,rail
rail_80406A,Mariachi Plaza / Boyle Heights Station - Main Entrance,34.04744,-118.21924,2.0,rail
rail_80407,Pico / Aliso Station,34.047634,-118.22594,0.0,rail
rail_80407S,Pico / Aliso Station,34.047634,-118.22594,1.0,rail
rail_80407A,Pico / Aliso Station - Utah Entrance,34.04763,-118.22541,2.0,rail
rail_80409,Union Station - Metro A-Line,34.056061,-118.234759,0.0,rail
rail_80409A,Union Station - Tunnel Entrance,34.05584,-118.2348,2.0,rail
rail_80410,Chinatown Station,34.063861,-118.23584,0.0,rail
rail_80410S,Chinatown Station,34.063861,-118.23584,1.0,rail
rail_80410A,Chinatown Station - Northeast Entrance,34.06399,-118.23573,2.0,rail
rail_80410B,Chinatown Station - Northwest Entrance,34.06379,-118.23605,2.0,rail
rail_80410C,Chinatown Station - South Entrance,34.0634,-118.23596,2.0,rail
rail_80411,Lincoln Heights / Cypress Park Station,34.080949,-118.220429,0.0,rail
rail_80411S,Lincoln Heights / Cypress Park Station,34.080949,-118.220429,1.0,rail
rail_80411A,Lincoln Heights / Cypress Park Station - East Entrance,34.08113,-118.2199,2.0,rail
rail_80411B,Lincoln Heights / Cypress Park Station - West Entrance,34.08146,-118.22015,2.0,rail
rail_80412,Heritage Square / Arroyo Station,34.087227,-118.213213,0.0,rail
rail_80412S,Heritage Square / Arroyo Station,34.087227,-118.213213,1.0,rail
rail_80412A,Heritage Square / Arroyo Station - East Entrance,34.08749,-118.21273,2.0,rail
rail_80412B,Heritage Square / Arroyo Station - West Entrance,34.08771,-118.21284,2.0,rail
rail_80413,Southwest Museum Station,34.098243,-118.206712,0.0,rail
rail_80413S,Southwest Museum Station,34.098243,-118.206712,1.0,rail
rail_80413A,Southwest Museum Station - Figueroa Entrance,34.09833,-118.20589,2.0,rail
rail_80413B,Southwest Museum Station - Marmion Ramp,34.09864,-118.20622,2.0,rail
rail_80413C,Southwest Museum Station - Marmion Stairs,34.09882,-118.20598,2.0,rail
rail_80414,Highland Park Station,34.111179,-118.192606,0.0,rail
rail_80414S,Highland Park Station,34.111179,-118.192606,1.0,rail
rail_80414A,Highland Park Station - Ave 57 Entrance,34.1107,-118.19356,2.0,rail
rail_80414B,Highland Park Station - Ave 59 Entrance,34.11159,-118.19175,2.0,rail
rail_80415,South Pasadena Station,34.115186,-118.157886,0.0,rail
rail_80415S,South Pasadena Station,34.115186,-118.157886,1.0,rail
rail_80415A,South Pasadena Station - El Centro Entrance (SE),34.1148,-118.1582,2.0,rail
rail_80415B,South Pasadena Station - El Centro Entrance (SW),34.1148,-118.1584,2.0,rail
rail_80415C,South Pasadena Station - Mission Entrance (NE),34.1155,-118.1574,2.0,rail
rail_80415D,South Pasadena Station - Mission Entrance (NW),34.11564,-118.1575,2.0,rail
rail_80416,Fillmore Station,34.133521,-118.148126,0.0,rail
rail_80416S,Fillmore Station,34.133521,-118.148126,1.0,rail
rail_80416A,Fillmore Station - Fillmore Entrance,34.13291,-118.1481,2.0,rail
rail_80417,Del Mar Station,34.14191,-118.148214,0.0,rail
rail_80417S,Del Mar Station,34.14191,-118.148214,1.0,rail
rail_80417A,Del Mar Station - Central Park Entrance,34.14143,-118.14829,2.0,rail
rail_80417B,Del Mar Station - Cordova Entrance,34.14143,-118.14812,2.0,rail
rail_80418,Memorial Park Station,34.148356,-118.147512,0.0,rail
rail_80418S,Memorial Park Station,34.148356,-118.147512,1.0,rail
rail_80418A,Memorial Park Station - East Entrance,34.14769,-118.14776,2.0,rail
rail_80418B,Memorial Park Station - West Entrance,34.14774,-118.1479,2.0,rail
rail_80419,Lake Station,34.151806,-118.13139,0.0,rail
rail_80419S,Lake Station,34.151806,-118.13139,1.0,rail
rail_80419A,Lake Station - Northbound Lake - East Entrance,34.15178,-118.13205,2.0,rail
rail_80419B,Lake Station - Southbound Lake - West Entrance,34.1518,-118.13261,2.0,rail
rail_80420,Allen Station,34.152417,-118.114348,0.0,rail
rail_80420S,Allen Station,34.152417,-118.114348,1.0,rail
rail_80420A,Allen Station - Main Entrance,34.15242,-118.11352,2.0,rail
rail_80421,Sierra Madre Villa Station,34.147752,-118.081212,0.0,rail
rail_80421S,Sierra Madre Villa Station,34.147752,-118.081212,1.0,rail
rail_80421A,Sierra Madre Villa Station - Main Entrance,34.1487,-118.08163,2.0,rail
rail_80422,Arcadia Station,34.14286,-118.029199,0.0,rail
rail_80422S,Arcadia Station,34.14286,-118.029199,1.0,rail
rail_80422A,Arcadia Station - 1st Street Ramp - North Entrance,34.14249,-118.0285,2.0,rail
rail_80422B,Arcadia Station - 1st Street Ramp - South Entrance,34.14239,-118.02859,2.0,rail
rail_80423,Monrovia Station,34.133155,-118.003473,0.0,rail
rail_80423S,Monrovia Station,34.133155,-118.003473,1.0,rail
rail_80423A,Monrovia Station - East Ramp,34.13298,-118.00265,2.0,rail
rail_80424,Duarte / City of Hope Station,34.132518,-117.96768,0.0,rail
rail_80424S,Duarte / City of Hope Station,34.132518,-117.96768,1.0,rail
rail_80424A,Duarte / City of Hope Station - Northeast Entrance,34.13259,-117.96676,2.0,rail
rail_80424B,Duarte / City of Hope Station - Southeast Entrance,34.13245,-117.96683,2.0,rail
rail_80424C,Duarte / City of Hope Station - West Entrance Ramp,34.13247,-117.96878,2.0,rail
rail_80424D,Duarte / City of Hope Station - West Entrance Stairs,34.13246,-117.96844,2.0,rail
rail_80425,Irwindale Station,34.129048,-117.932506,0.0,rail
rail_80425S,Irwindale Station,34.129048,-117.932506,1.0,rail
rail_80425A,Irwindale Station - West Ramp,34.12877,-117.93348,2.0,rail
rail_80425B,Irwindale Station - West Stairs,34.12884,-117.93329,2.0,rail
rail_80426,Azusa Downtown Station,34.135863,-117.906631,0.0,rail
rail_80426S,Azusa Downtown Station,34.135863,-117.906631,1.0,rail
rail_80426A,Azusa Downtown Station - Azusa Avenue Entrance - North,34.13571,-117.90741,2.0,rail
rail_80426B,Azusa Downtown Station - Azusa Avenue Entrance - South,34.13544,-117.90741,2.0,rail
rail_80427,APU / Citrus College Station,34.136814,-117.891636,0.0,rail
rail_80427S,APU / Citrus College Station,34.136814,-117.891636,1.0,rail
rail_80427A,APU / Citrus College Station - East Portal,34.13694,-117.89085,2.0,rail
rail_80701,Aviation / Century Station,33.94557205,-118.378683,0.0,rail
rail_80701S,Aviation / Century Station,33.94557205,-118.378683,1.0,rail
rail_80701A,Aviation / Century Station - Dual Elevators,33.94600439,-118.3787124,2.0,rail
rail_80701B,Aviation / Century Station - Escalators,33.94583443,-118.3788987,2.0,rail
rail_80702,LAX / Metro Transit Center,33.9500753,-118.37866,0.0,rail
rail_80702S,LAX / Metro Transit Center,33.9500753,-118.37866,1.0,rail
rail_80702A,LAX / Metro Transit Center - Main Pedestrian Entrance,33.95002,-118.37816,2.0,rail
rail_80702B,LAX / Metro Transit Center - Main Elevators,33.95002,-118.37813,2.0,rail
rail_80702C,LAX / Metro Transit Center - Main Escalators,33.95002,-118.37818,2.0,rail
rail_80702D,LAX / Metro Transit Center - Main Stairs,33.95004,-118.37816,2.0,rail
rail_80702E,LAX / Metro Transit Center - Bus Plaza Entrance,33.95062,-118.37816,2.0,rail
rail_80702F,LAX / Metro Transit Center - Bus Plaza Elevators,33.95062,-118.37813,2.0,rail
rail_80702G,LAX / Metro Transit Center - Bus Plaza Escalators,33.95062,-118.37818,2.0,rail
rail_80702H,LAX / Metro Transit Center - Bus Plaza Stairs,33.95064,-118.37816,2.0,rail
rail_80702I,LAX / Metro Transit Center - South Pedestrian Entrance,33.94942,-118.37821,2.0,rail
rail_80702J,LAX / Metro Transit Center - South Pedestrian Elevators,33.94944,-118.37821,2.0,rail
rail_80702K,LAX / Metro Transit Center - Bike Hub,33.94935,-118.37831,2.0,rail
rail_80703,Westchester / Veterans Station,33.96203144,-118.374378,0.0,rail
rail_80703S,Westchester / Veterans Station,33.96203144,-118.374378,1.0,rail
rail_80703A,Westchester / Veterans Station - NB Ramp to Hindry,33.96224,-118.37375,2.0,rail
rail_80703B,Westchester / Veterans Station - SB Ramp to Hindry,33.96238,-118.37372,2.0,rail
rail_80704,Downtown Inglewood Station,33.96715635,-118.3514966,0.0,rail
rail_80704S,Downtown Inglewood Station,33.96715635,-118.3514966,1.0,rail
rail_80704A,Downtown Inglewood Station - East Portal,33.96759,-118.35084,2.0,rail
rail_80704B,Downtown Inglewood Station - West Portal,33.96686,-118.35158,2.0,rail
rail_80705,Fairview Heights Station,33.97525155,-118.3360716,0.0,rail
rail_80705S,Fairview Heights Station,33.97525155,-118.3360716,1.0,rail
rail_80705A,Fairview Heights Station - East Portal Ramp,33.97559,-118.33542,2.0,rail
rail_80705B,Fairview Heights Station - West Portal Calgary Gates,33.97502,-118.33679,2.0,rail
rail_80706,Hyde Park Station,33.98818653,-118.3308158,0.0,rail
rail_80706S,Hyde Park Station,33.98818653,-118.3308158,1.0,rail
rail_80706A,Hyde Park Station - North Portal Ramp,33.9889,-118.33083,2.0,rail
rail_80706B,Hyde Park Station - South Portal Ramp,33.98729,-118.33085,2.0,rail
rail_80707,Leimert Park Station,34.00390927,-118.3320162,0.0,rail
rail_80707S,Leimert Park Station,34.00390927,-118.3320162,1.0,rail
rail_80707A,Leimert Park Station - Dual Elevators,34.00445376,-118.3326505,2.0,rail
rail_80707B,Leimert Park Station - Escalator,34.00457,-118.33274,2.0,rail
rail_80708,Martin Luther King Jr Station,34.00956339,-118.3353594,0.0,rail
rail_80708S,Martin Luther King Jr Station,34.00956339,-118.3353594,1.0,rail
rail_80708A,Martin Luther King Jr Station - Dual Elevators,34.00984,-118.33538,2.0,rail
rail_80708B,Martin Luther King Jr Station - Escalator,34.01017,-118.33533,2.0,rail
rail_80709,Expo / Crenshaw K-Line Station,34.02215554,-118.3348508,0.0,rail
rail_80709S,Expo / Crenshaw K-Line Station,34.02215554,-118.3348508,1.0,rail
rail_80709A,Expo / Crenshaw K-Line Station - Dual Elevators,34.02173,-118.33491,2.0,rail
rail_80709B,Expo / Crenshaw K-Line Station - Escalator,34.02198,-118.33493,2.0,rail
rail_81401,Grand Ave Arts / Bunker Hill Station,34.05472448,-118.2515307,0.0,rail
rail_81401S,Grand Ave Arts / Bunker Hill Station,34.05472448,-118.2515307,1.0,rail
rail_81402,Historic Broadway Station,34.05215607,-118.2463211,0.0,rail
rail_81402S,Historic Broadway Station,34.05215607,-118.2463211,1.0,rail
rail_81403,Little Tokyo / Arts District Station,34.04884524,-118.2387567,0.0,rail
rail_81403S,Little Tokyo / Arts District Station,34.04884524,-118.2387567,1.0,rail
