geoid10,walk_min_venue,walk_min_rail,walk_min_28x28,euclid_km_venue,euclid_km_rail,network_method_walk,walk_speed_kmh,detour_factor,venues_within_15min_walk,rail_within_15min_walk,projects_within_15min_walk,venues_within_30min_walk,rail_within_30min_walk,projects_within_30min_walk,venues_within_45min_walk,rail_within_45min_walk,projects_within_45min_walk,transit_min_to_venue_via_rail,rail_invehicle_min_to_venue_stop,within_30min_transit_venue,within_45min_transit_venue,scenario_S0_access,scenario_S1_delta,scenario_S2_delta,scenario_S3_delta,scenario_S1_access,scenario_S2_access,scenario_S3_access
06037920336,431.90846167031947,507.7055837437211,73.44493721695333,23.994914537239968,28.20586576354006,detour_factor_1.35,4.5,1.35,0,0,0,0,0,0,0,0,0,507.7055837437211,0.0,False,False,0.025589899134850068,0.12805839609830824,0.12805839609830824,0.0,0.15364829523315832,0.15364829523315832,0.025589899134850068
06037920044,541.2251690343735,594.4754670873677,64.2703964352708,30.068064946354077,33.026414838187094,detour_factor_1.35,4.5,1.35,0,0,0,0,0,0,0,0,0,594.4754670873677,0.0,False,False,0.021936723068347368,0.14987632474636675,0.14987632474636675,0.0,0.17181304781471413,0.17181304781471413,0.021936723068347368
06037573003,62.262067119560605,23.380490868932664,50.954091567314116,3.459003728864478,1.298916159385148,detour_factor_1.35,4.5,1.35,0,0,0,0,3,0,0,10,0,62.262067119560605,,False,False,0.3631692863123312,0.0,0.0,0.0,0.3631692863123312,0.3631692863123312,0.3631692863123312
06037571704,130.50363644245184,41.40948941845957,157.14381332293655,7.250202024580657,2.3005271899144204,detour_factor_1.35,4.5,1.35,0,0,0,0,0,0,0,3,0,130.50363644245184,,False,False,0.24356313144076314,0.0,0.0,0.0,0.24356313144076314,0.24356313144076314,0.24356313144076314
06037570403,102.19209201389013,30.187294514705478,138.540393262779,5.677338445216118,1.6770719174836377,detour_factor_1.35,4.5,1.35,0,0,0,0,0,0,0,3,0,102.19209201389013,,False,False,0.30636812915221256,0.0,0.0,0.0,0.30636812915221256,0.30636812915221256,0.30636812915221256
06037553503,207.97465466599905,21.616672963506197,95.81805415115646,11.55414748144439,1.2009262757503443,detour_factor_1.35,4.5,1.35,0,0,0,0,4,0,0,4,0,207.97465466599905,,False,False,0.3814973084722747,0.0,0.0,0.0,0.3814973084722747,0.3814973084722747,0.3814973084722747
06037552302,265.4114567376954,78.14390556827507,14.345936629777329,14.745080929871964,4.341328087126393,detour_factor_1.35,4.5,1.35,0,0,1,0,0,1,0,0,1,78.14390556827507,0.0,False,False,0.1457557474780636,0.3359525255762197,0.3359525255762197,0.3359525255762197,0.4817082730542833,0.4817082730542833,0.4817082730542833
06037503104,236.22144978400485,102.80565358792381,42.67255563282233,13.123413876889156,5.7114251993291,detour_factor_1.35,4.5,1.35,0,0,0,0,0,0,0,0,1,102.80565358792381,0.0,False,False,0.11480497365086716,0.12326522895569557,0.12326522895569557,0.12326522895569557,0.23807020260656273,0.23807020260656273,0.23807020260656273
06037550602,206.49526402895185,88.43319485622669,63.974627788090274,11.471959112719547,4.912955269790372,detour_factor_1.35,4.5,1.35,0,0,0,0,0,0,0,0,0,206.49526402895185,,False,False,0.131018848441969,0.04145153028644366,0.04145153028644366,0.0,0.17247037872841267,0.17247037872841267,0.131018848441969
06037550601,190.19063987951185,97.78950851309979,69.7432089743752,10.56614665997288,5.432750472949988,detour_factor_1.35,4.5,1.35,0,0,0,0,0,0,0,0,0,190.19063987951185,,False,False,0.1199873321432817,0.04050723061726014,0.04050723061726014,0.0,0.16049456276054183,0.16049456276054183,0.1199873321432817
06037550202,241.89343188176332,30.47476159308803,23.02891729076269,13.438523993431296,1.6930423107271126,detour_factor_1.35,4.5,1.35,0,0,0,0,0,1,0,4,1,30.47476159308803,0.0,False,True,0.3043577529615831,0.06232288711127831,0.06232288711127831,0.0,0.3666806400728614,0.3666806400728614,0.3043577529615831
06037550201,230.50797073940154,42.574456030929355,26.135499639458438,12.805998374411198,2.3652475572738525,detour_factor_1.35,4.5,1.35,0,0,0,0,0,1,0,4,1,42.574456030929355,0.0,False,True,0.2384879367427869,0.09933135835835782,0.09933135835835782,0.0,0.3378192951011447,0.3378192951011447,0.2384879367427869
06037544002,100.92095300478961,39.114948976440296,124.28801325668266,5.6067196113772,2.1730527209133497,detour_factor_1.35,4.5,1.35,0,0,0,0,0,0,0,7,0,100.92095300478961,,False,False,0.2542186845049203,0.0,0.0,0.0,0.2542186845049203,0.2542186845049203,0.2542186845049203
06037544001,92.03996480779648,18.950234210948253,133.72406779602673,5.113331378210915,1.0527907894971251,detour_factor_1.35,4.5,1.35,0,0,0,0,3,0,0,3,0,92.03996480779648,,False,False,0.4130068126778348,0.0,0.0,0.0,0.4130068126778348,0.4130068126778348,0.4130068126778348
06037543905,96.1313189326181,101.87936066571166,119.90097294772518,5.340628829589894,5.659964481428426,detour_factor_1.35,4.5,1.35,0,0,0,0,0,0,0,0,0,96.1313189326181,,False,False,0.11572798856212714,0.0,0.0,0.0,0.11572798856212714,0.11572798856212714,0.11572798856212714
06037139504,56.59011197607176,238.09340325780806,52.727908487089486,3.1438951097817642,13.227411292100447,detour_factor_1.35,4.5,1.35,0,0,0,0,0,0,0,0,0,56.59011197607176,,False,False,0.05303069002965818,0.14880222993842113,0.14880222993842113,0.0,0.2018329199680793,0.2018329199680793,0.05303069002965818
06037139503,63.80128887921165,245.33141873303828,58.02878054806736,3.5445160488450913,13.62952326294657,detour_factor_1.35,4.5,1.35,0,0,0,0,0,0,0,0,0,63.80128887921165,,False,False,0.05154677329175523,0.13529373083754354,0.13529373083754354,0.0,0.18684050412929876,0.18684050412929876,0.05154677329175523
06037139401,84.86215628518596,267.0917294926301,73.04997482346593,4.714564238065886,14.83842941625723,detour_factor_1.35,4.5,1.35,0,0,0,0,0,0,0,0,0,84.86215628518596,,False,False,0.047546867597951556,0.10680393949467844,0.10680393949467844,0.0,0.15435080709263,0.15435080709263,0.047546867597951556
06037137103,190.27747478840004,361.8688614146648,151.91872839948107,10.57097082157778,20.103825634148045,detour_factor_1.35,4.5,1.35,0,0,0,0,0,0,0,0,0,361.8688614146648,0.0,False,False,0.0355363948291629,0.03688181532834974,0.04514842806213123,0.0,0.07241821015751264,0.08068482289129413,0.0355363948291629
06037134905,162.65663983485894,345.22265379048963,135.80574096747384,9.036479990825496,19.179036321693864,detour_factor_1.35,4.5,1.35,0,0,0,0,0,0,0,0,0,345.22265379048963,0.0,False,False,0.037186196332370344,0.04980558825635614,0.05221581582200689,0.0,0.08699178458872649,0.08940201215437724,0.037186196332370344
06037134522,200.51370710261776,379.7958116628158,90.59730683983288,11.139650394589875,21.09976731460088,detour_factor_1.35,4.5,1.35,0,0,0,0,0,0,0,0,0,379.7958116628158,0.0,False,False,0.033915911610837034,0.03805582013281542,0.09437477640106898,0.0,0.07197173174365246,0.12829068801190602,0.033915911610837034
06037301206,101.85313749929139,133.8996426238192,174.01052799574666,5.658507638849522,7.438869034656622,detour_factor_1.35,4.5,1.35,0,0,0,0,0,0,0,0,0,101.85313749929139,,False,False,0.09055942289187699,0.0,0.0,0.0,0.09055942289187699,0.09055942289187699,0.09055942289187699
06037301205,109.82126339401412,142.89617124770575,172.1991351866637,6.101181299667451,7.938676180428098,detour_factor_1.35,4.5,1.35,0,0,0,0,0,0,0,0,0,109.82126339401412,,False,False,0.08534452803322493,0.0,0.0,0.0,0.08534452803322493,0.08534452803322493,0.08534452803322493
06037300301,226.059162937825,256.37370829417523,257.99004216550014,12.55884238543472,14.242983794120844,detour_factor_1.35,4.5,1.35,0,0,0,0,0,0,0,0,0,226.059162937825,,False,False,0.04943635602865703,0.0,0.0,0.0,0.04943635602865703,0.04943635602865703,0.04943635602865703
06037501002,116.265450049204,153.44220438015802,122.0791396141794,6.459191669400221,8.524566910008778,detour_factor_1.35,4.5,1.35,0,0,0,0,0,0,0,0,0,153.44220438015802,0.0,False,False,0.07994777601160587,0.018516811800046246,0.018516811800046246,0.0,0.09846458781165211,0.09846458781165211,0.07994777601160587
06037501001,105.8450018492738,160.54964688019558,128.15242816948495,5.8802778805152105,8.919424826677533,detour_factor_1.35,4.5,1.35,0,0,0,0,0,0,0,0,0,160.54964688019558,0.0,False,False,0.07667992184720984,0.017558065012462556,0.017558065012462556,0.0,0.0942379868596724,0.0942379868596724,0.07667992184720984
06037500404,63.864874168473875,137.20169653042785,140.42604773344385,3.548048564915215,7.622316473912657,detour_factor_1.35,4.5,1.35,0,0,0,0,0,0,0,0,0,137.20169653042785,0.0,False,False,0.08857296102708061,0.0,0.0,0.0,0.08857296102708061,0.08857296102708061,0.08857296102708061
06037481606,144.241905263676,93.62906732060922,98.61562194037614,8.013439181315333,5.201614851144957,detour_factor_1.35,4.5,1.35,0,0,0,0,0,0,0,0,0,144.241905263676,,False,False,0.12465439492584794,0.0,0.0,0.0,0.12465439492584794,0.12465439492584794,0.12465439492584794
06037500403,66.49437193087182,155.21575926584683,144.67134813608,3.6941317739373227,8.62309773699149,detour_factor_1.35,4.5,1.35,0,0,0,0,0,0,0,0,0,155.21575926584683,0.0,False,False,0.07910652693361453,0.005279158410236559,0.005279158410236559,0.005279158410236559,0.08438568534385109,0.08438568534385109,0.08438568534385109
06037433101,60.887681694360055,160.8433733943396,52.61954246371645,3.3826489830200033,8.9357429663522,detour_factor_1.35,4.5,1.35,0,0,0,0,0,0,0,0,0,160.8433733943396,0.0,False,False,0.07655061106523352,0.12561393706398943,0.12561393706398943,0.12561393706398943,0.20216454812922297,0.20216454812922297,0.20216454812922297
06037911001,773.2508060023242,694.334551807391,828.6443519544916,42.958378111240236,38.57414176707727,detour_factor_1.35,4.5,1.35,0,0,0,0,0,0,0,0,0,773.2508060023242,,False,False,0.018841229923386892,0.0,0.0,0.0,0.018841229923386892,0.018841229923386892,0.018841229923386892
06037910813,716.1275271226036,702.5669008885181,399.2198288657023,39.78486261792242,39.03149449380656,detour_factor_1.35,4.5,1.35,0,0,0,0,0,0,0,0,0,702.5669008885181,0.0,False,False,0.01862456903345759,0.01369449807116125,0.01369449807116125,0.0,0.03231906710461884,0.03231906710461884,0.01862456903345759
06037910716,785.077317121768,789.6368633891703,768.3597601076796,43.615406506764884,43.86871463273168,detour_factor_1.35,4.5,1.35,0,0,0,0,0,0,0,0,0,785.077317121768,,False,False,0.01660501645983402,0.0004519761696390179,0.0004519761696390179,0.0,0.017056992629473036,0.017056992629473036,0.01660501645983402
06037910715,798.9212423767688,803.2838998205241,776.5655768038682,44.38451346537604,44.62688332336245,detour_factor_1.35,4.5,1.35,0,0,0,0,0,0,0,0,0,798.9212423767688,,False,False,0.016327518930550445,0.0005522781703436418,0.0005522781703436418,0.0,0.016879797100894087,0.016879797100894087,0.016327518930550445
06037910714,827.726237111454,826.8250840136269,830.159097749375,45.98479095063633,45.93472688964594,detour_factor_1.35,4.5,1.35,0,0,0,0,0,0,0,0,0,827.726237111454,,False,False,0.015870022912389706,0.0,0.0,0.0,0.015870022912389706,0.015870022912389706,0.015870022912389706
06037910711,838.085255319427,839.8853837554897,815.8525051551223,46.560291962190384,46.6602990975272,detour_factor_1.35,4.5,1.35,0,0,0,0,0,0,0,0,0,838.085255319427,,False,False,0.015627098968042548,0.00045293124284360303,0.00045293124284360303,0.0,0.01608003021088615,0.01608003021088615,0.015627098968042548
06037910606,815.8662771619718,820.1781611224236,785.4799752083002,45.32590428677621,45.5654533956902,detour_factor_1.35,4.5,1.35,0,0,0,0,0,0,0,0,0,815.8662771619718,,False,False,0.01599658003761467,0.0006948460950765185,0.0006948460950765185,0.0,0.01669142613269119,0.01669142613269119,0.01599658003761467
06037910605,831.6084977153594,836.1706464326021,791.7824316349729,46.20047209529774,46.453924801811226,detour_factor_1.35,4.5,1.35,0,0,0,0,0,0,0,0,0,831.6084977153594,,False,False,0.015695433630584142,0.0008653318064933517,0.0008653318064933517,0.0,0.016560765437077494,0.016560765437077494,0.015695433630584142
06037135114,192.72988685664245,374.9803904896261,123.28470989416756,10.707215936480136,20.832243916090338,detour_factor_1.35,4.5,1.35,0,0,0,0,0,0,0,0,0,374.9803904896261,0.0,False,False,0.03433649782466171,0.03895754629979714,0.06325920050583057,0.0,0.07329404412445885,0.09759569833049228,0.03433649782466171
06037135113,198.22066742729575,377.40873127253076,138.49440027710713,11.01225930151643,20.96715173736282,detour_factor_1.35,4.5,1.35,0,0,0,0,0,0,0,0,0,377.40873127253076,0.0,False,False,0.03412310713662855,0.036144500665951144,0.053695718951785536,0.0,0.07026760780257969,0.08781882608841408,0.03412310713662855
06037134903,179.73616854386086,361.41927172280174,117.34195507953253,9.985342696881158,20.07884842904454,detour_factor_1.35,4.5,1.35,0,0,0,0,0,0,0,0,0,361.41927172280174,0.0,False,False,0.035579027746414464,0.04393123533507528,0.0664550560905153,0.0,0.07951026308148974,0.10203408383692977,0.035579027746414464
06037134521,190.29113929057033,369.19639046055306,90.88487339362159,10.57172996058724,20.510910581141836,detour_factor_1.35,4.5,1.35,0,0,0,0,0,0,0,0,0,369.19639046055306,0.0,False,False,0.03485567919035113,0.04147380900677811,0.09308101970397756,0.0,0.07632948819712924,0.12793669889432868,0.03485567919035113
06037131701,132.94617283473784,308.4833930610324,101.28742183248762,7.385898490818769,17.137966281168467,detour_factor_1.35,4.5,1.35,0,0,0,0,0,0,0,0,0,308.4833930610324,0.0,False,False,0.04143144914411375,0.07489419636436423,0.07489419636436423,0.0,0.11632564550847799,0.11632564550847799,0.04143144914411375
06037128801,37.44501603488275,146.5364317655891,37.440112166107625,2.080278668604597,8.14091287586606,detour_factor_1.35,4.5,1.35,0,0,0,0,0,0,1,0,1,37.44501603488275,,False,True,0.08340121926796527,0.0766184863524335,0.1792032426151689,0.0,0.16001970562039877,0.2626044618831342,0.08340121926796527
06037127712,55.65415174476675,164.9250550240368,53.01081160646538,3.0918973191537082,9.162503056890932,detour_factor_1.35,4.5,1.35,0,0,0,0,0,0,0,0,0,164.9250550240368,0.0,False,False,0.07479778907572551,0.12617447977229598,0.12617447977229598,0.0,0.2009722688480215,0.2009722688480215,0.07479778907572551
06037127606,36.67332090348489,172.71591622428247,36.676557426339805,2.037406716860272,9.595328679126803,detour_factor_1.35,4.5,1.35,0,0,0,0,0,0,1,0,2,172.71591622428247,0.0,False,False,0.07166561200884748,0.19284006566318712,0.19494831437239224,0.0,0.2645056776720346,0.2666139263812397,0.07166561200884748
06037127604,52.79358296231546,181.10409986858028,40.14710970594792,2.9329768312397477,10.061338881587792,detour_factor_1.35,4.5,1.35,0,0,0,0,0,0,0,0,1,181.10409986858028,0.0,False,False,0.06857390119672753,0.18073841888895376,0.18073841888895376,0.0,0.24931232008568127,0.24931232008568127,0.06857390119672753
06037124903,93.61408578118379,40.30006653220545,39.86004802645619,5.200782543399099,2.238892585122525,detour_factor_1.35,4.5,1.35,0,0,0,0,0,0,0,4,2,93.61408578118379,,False,False,0.24860130752032442,0.00205644335941943,0.00205644335941943,0.0,0.25065775087974385,0.25065775087974385,0.24860130752032442
06037124204,58.56432969819752,10.447203836372875,12.557180556999942,3.253573872122084,0.5804002131318264,detour_factor_1.35,4.5,1.35,0,4,2,0,4,2,0,4,2,10.447203836372875,0.0,True,True,0.5606825967883742,0.0,0.0,0.0,0.5606825967883742,0.5606825967883742,0.5606825967883742
06037124203,62.720777811930574,17.42330464912677,19.563633926164158,3.484487656218365,0.9679613693959315,detour_factor_1.35,4.5,1.35,0,0,0,0,4,2,0,4,2,17.42330464912677,0.0,True,True,0.43351075435933756,0.0,0.0,0.0,0.43351075435933756,0.43351075435933756,0.43351075435933756
06037124105,78.69499298428718,26.670677064610892,28.48822463416375,4.37194405468262,1.4817042813672718,detour_factor_1.35,4.5,1.35,0,0,0,0,4,2,0,4,2,26.670677064610892,0.0,True,True,0.33329991670081466,0.0,0.0,0.0,0.33329991670081466,0.33329991670081466,0.33329991670081466
06037124103,87.24683319948586,39.40675739035066,41.35747269003108,4.847046288860326,2.1892642994639253,detour_factor_1.35,4.5,1.35,0,0,0,0,0,0,0,4,2,39.40675739035066,0.0,False,True,0.2528121046129663,0.0,0.0,0.0,0.2528121046129663,0.2528121046129663,0.2528121046129663
06037122121,120.1608922302347,90.7236346114627,92.86250870319661,6.675605123901926,5.040201922859039,detour_factor_1.35,4.5,1.35,0,0,0,0,0,0,0,0,0,90.7236346114627,0.0,False,False,0.12813493989568184,0.0,0.0,0.0,0.12813493989568184,0.12813493989568184,0.12813493989568184
06037121222,170.11124090274285,130.76767427069495,132.75786821984133,9.450624494596825,7.264870792816386,detour_factor_1.35,4.5,1.35,0,0,0,0,0,0,0,0,0,130.76767427069495,0.0,False,False,0.09252768981304892,0.0,0.0,0.0,0.09252768981304892,0.09252768981304892,0.09252768981304892
06037121221,160.3779700433033,120.01047640936142,121.98765189918987,8.90988722462796,6.667248689408966,detour_factor_1.35,4.5,1.35,0,0,0,0,0,0,0,0,0,120.01047640936142,0.0,False,False,0.09999214331030318,0.0,0.0,0.0,0.09999214331030318,0.09999214331030318,0.09999214331030318
06037121101,138.8448287235653,114.59421456548522,116.73682815485388,7.713601595753628,6.366345253638067,detour_factor_1.35,4.5,1.35,0,0,0,0,0,0,0,0,0,114.59421456548522,0.0,False,False,0.10422566173064646,0.0,0.0,0.0,0.10422566173064646,0.10422566173064646,0.10422566173064646
06037120108,126.55742327369538,181.3049229223675,112.93615689847569,7.030967959649743,10.072495717909305,detour_factor_1.35,4.5,1.35,0,0,0,0,0,0,0,0,0,181.3049229223675,0.0,False,False,0.06850314830100523,0.037091111316703146,0.037091111316703146,0.0,0.10559425961770838,0.10559425961770838,0.06850314830100523
06037481605,140.07704099264828,89.22214118829599,90.68980594531929,7.782057832924903,4.956785621571999,detour_factor_1.35,4.5,1.35,0,0,0,0,0,0,0,0,0,89.22214118829599,0.0,False,False,0.13001093696388957,0.0,0.0,0.0,0.13001093696388957,0.13001093696388957,0.13001093696388957
06037124902,95.91221181310446,39.980919703764734,39.79700481345746,5.3284562118391365,2.221162205764707,detour_factor_1.35,4.5,1.35,0,0,0,0,0,0,0,4,2,39.980919703764734,0.0,False,True,0.2500894708973133,0.0008657045900969385,0.0008657045900969385,0.0,0.25095517548741025,0.25095517548741025,0.2500894708973133
06037124104,83.10798962515754,33.408828571616446,35.313792551509145,4.617110534730974,1.856046031756469,detour_factor_1.35,4.5,1.35,0,0,0,0,0,0,0,4,2,33.408828571616446,0.0,False,True,0.28525281651385054,0.0,0.0,0.0,0.28525281651385054,0.28525281651385054,0.28525281651385054
06037123902,86.79213802753691,29.78516632295724,30.66541469202391,4.821785445974273,1.6547314623865133,detour_factor_1.35,4.5,1.35,0,0,0,0,1,0,0,4,2,29.78516632295724,0.0,True,True,0.309225354305391,0.0,0.0,0.0,0.309225354305391,0.309225354305391,0.309225354305391
06037121102,174.50233352702207,142.6093906765607,144.70737912085124,9.694574084834558,7.9227439264755946,detour_factor_1.35,4.5,1.35,0,0,0,0,0,0,0,0,0,142.6093906765607,0.0,False,False,0.08550147766103777,0.0,0.0,0.0,0.08550147766103777,0.08550147766103777,0.08550147766103777
06037106645,235.84729673659118,312.94019550675296,192.44044759520602,13.102627596477287,17.38556641704183,detour_factor_1.35,4.5,1.35,0,0,0,0,0,0,0,0,0,312.94019550675296,0.0,False,False,0.04086550747997791,0.01984941460804645,0.023930567477519725,0.0,0.060714922088024356,0.06479607495749763,0.04086550747997791
06037104204,272.1942067189875,240.47177133617325,242.5401347315464,15.121900373277082,13.359542852009625,detour_factor_1.35,4.5,1.35,0,0,0,0,0,0,0,0,0,240.47177133617325,0.0,False,False,0.052533747698634316,0.0,0.0,0.0,0.052533747698634316,0.052533747698634316,0.052533747698634316
06037297602,30.381314389333912,191.59874570580996,192.34878335059358,1.6878507994074392,10.644374761433886,detour_factor_1.35,4.5,1.35,0,0,0,0,0,0,1,0,0,191.59874570580996,0.0,False,False,0.06506220693143207,0.0,0.0,0.0,0.06506220693143207,0.06506220693143207,0.06506220693143207
06037297601,32.061894623124026,193.1078673532119,193.82235316633052,1.7812163679513349,10.728214852956217,detour_factor_1.35,4.5,1.35,0,0,0,0,0,0,1,0,0,193.1078673532119,0.0,False,False,0.0645865907047223,0.0,0.0,0.0,0.0645865907047223,0.0645865907047223,0.0645865907047223
06037910505,810.4791515336415,821.6566218710402,731.1173816815906,45.026619529646744,45.647590103946676,detour_factor_1.35,4.5,1.35,0,0,0,0,0,0,0,0,0,810.4791515336415,,False,False,0.0159682559655102,0.0019420409344881318,0.0019420409344881318,0.0,0.017910296899998332,0.017910296899998332,0.0159682559655102
06037910504,819.1203629322605,830.4201067939069,734.363426738735,45.50668682957003,46.13445037743927,detour_factor_1.35,4.5,1.35,0,0,0,0,0,0,0,0,0,819.1203629322605,,False,False,0.01580240470643015,0.002030136566114848,0.002030136566114848,0.0,0.017832541272544997,0.017832541272544997,0.01580240470643015
06037910002,814.2807049114707,790.560426315406,930.9548929186519,45.23781693952615,43.92002368418922,detour_factor_1.35,4.5,1.35,0,0,0,0,0,0,0,0,0,814.2807049114707,,False,False,0.01658593958878263,0.0,0.0,0.0,0.01658593958878263,0.01658593958878263,0.01658593958878263
06037901011,1011.3776900719614,1032.7177995042948,749.8368024571812,56.1876494484423,57.373211083571924,detour_factor_1.35,4.5,1.35,0,0,0,0,0,0,0,0,0,1011.3776900719614,,False,False,0.0127463494993442,0.004724634633862567,0.004724634633862567,0.0,0.017470984133206767,0.017470984133206767,0.0127463494993442
06037901010,1011.8791723828001,1034.8643766828084,728.290415186961,56.21550957682223,57.49246537126713,detour_factor_1.35,4.5,1.35,0,0,0,0,0,0,0,0,0,1011.8791723828001,,False,False,0.012720246577459139,0.005258321881191656,0.005258321881191656,0.0,0.017978568458650795,0.017978568458650795,0.012720246577459139
06037901009,1040.150361263453,1061.4365212361236,769.5817609348019,57.78613118130294,58.968695624229085,detour_factor_1.35,4.5,1.35,0,0,0,0,0,0,0,0,0,1040.150361263453,,False,False,0.012405756708420656,0.004624612779853498,0.004624612779853498,0.0,0.017030369488274154,0.017030369488274154,0.012405756708420656
06037900609,1089.8676908849243,1102.0645833513872,890.8276312182221,60.54820504916245,61.225810186188184,detour_factor_1.35,4.5,1.35,0,0,0,0,0,0,0,0,0,1089.8676908849243,,False,False,0.01195388043485305,0.0027927563434183757,0.0027927563434183757,0.0,0.014746636778271425,0.014746636778271425,0.01195388043485305
06037502802,217.89363797006303,75.10331301466327,60.1166873320807,12.105202109447944,4.172406278592404,detour_factor_1.35,4.5,1.35,0,0,0,0,0,0,0,0,0,75.10331301466327,0.0,False,False,0.15076706189046232,0.03076227210483362,0.03076227210483362,0.025810366425483816,0.18152933399529594,0.18152933399529594,0.17657742831594614
06037460401,114.6382439867324,149.04524205095123,334.800154925724,6.368791332596245,8.280291225052846,detour_factor_1.35,4.5,1.35,0,0,0,0,0,0,0,0,0,149.04524205095123,0.0,False,False,0.08211263894746405,0.0,0.0,0.0,0.08211263894746405,0.08211263894746405,0.08211263894746405
06037577504,24.849064800913286,115.00658526679476,118.3467152865067,1.380503600050738,6.389254737044152,detour_factor_1.35,4.5,1.35,0,0,0,1,0,0,3,0,0,115.00658526679476,0.0,False,False,0.10389077286916736,0.0,0.0,0.0,0.10389077286916736,0.10389077286916736,0.10389077286916736
06037120107,118.07820059645391,175.42904036332172,105.83764412356598,6.559900033136328,9.746057797962317,detour_factor_1.35,4.5,1.35,0,0,0,0,0,0,0,0,0,175.42904036332172,0.0,False,False,0.07063554601596751,0.041248518526136396,0.041248518526136396,0.0,0.11188406454210391,0.11188406454210391,0.07063554601596751
06037120106,111.59688921820509,171.0834839744189,100.57875102692051,6.199827178789171,9.504637998578827,detour_factor_1.35,4.5,1.35,0,0,0,0,0,0,0,0,0,171.0834839744189,0.0,False,False,0.07229998612915464,0.04474934545155686,0.04474934545155686,0.0,0.1170493315807115,0.1170493315807115,0.07229998612915464
06037120104,118.69582780812131,166.1904593009386,109.38350892256534,6.5942126560067384,9.23280329449659,detour_factor_1.35,4.5,1.35,0,0,0,0,0,0,0,0,0,166.1904593009386,0.0,False,False,0.07427056401652656,0.0343806454525831,0.0343806454525831,0.0,0.10865120946910965,0.10865120946910965,0.07427056401652656
06037120103,127.77333169646509,174.59337727874401,116.21053192026234,7.098518427581394,9.699632071041334,detour_factor_1.35,4.5,1.35,0,0,0,0,0,0,0,0,0,174.59337727874401,0.0,False,False,0.07094964462426157,0.0319755946931846,0.0319755946931846,0.0,0.10292523931744617,0.10292523931744617,0.07094964462426157
06037119342,150.02072242302125,184.7975982405056,137.10199542709898,8.334484579056735,10.266533235583644,detour_factor_1.35,4.5,1.35,0,0,0,0,0,0,0,0,0,184.7975982405056,0.0,False,False,0.06729556676194348,0.021336096047572597,0.021336096047572597,0.0,0.08863166280951608,0.08863166280951608,0.06729556676194348
06037119341,145.47918424900038,179.2123035965076,133.68777228820215,8.082176902722244,9.956239088694867,detour_factor_1.35,4.5,1.35,0,0,0,0,0,0,0,0,0,179.2123035965076,0.0,False,False,0.06924765237963654,0.021442274600345868,0.021442274600345868,0.0,0.0906899269799824,0.0906899269799824,0.06924765237963654
06037117408,106.48229242598381,191.03518344868937,88.46549220940537,5.915682912554655,10.613065747149408,detour_factor_1.35,4.5,1.35,0,0,0,0,0,0,0,0,0,191.03518344868937,0.0,False,False,0.06524162108371383,0.06573565947180234,0.06573565947180234,0.0,0.13097728055551616,0.13097728055551616,0.06524162108371383
06037117407,116.31782420094913,197.04267752473856,97.09016495955522,6.4621013444971735,10.94681541804103,detour_factor_1.35,4.5,1.35,0,0,0,0,0,0,0,0,0,197.04267752473856,0.0,False,False,0.06337858237234346,0.05736866381585323,0.05736866381585323,0.0,0.1207472461881967,0.1207472461881967,0.06337858237234346
06037117201,141.53080167560248,213.66878513782575,120.11714640896213,7.862822315311249,11.870488063212543,detour_factor_1.35,4.5,1.35,0,0,0,0,0,0,0,0,0,213.66878513782575,0.0,False,False,0.05873660309045684,0.04117561422851546,0.04117561422851546,0.0,0.0999122173189723,0.0999122173189723,0.05873660309045684
06037117102,152.37298110025603,207.21587737373835,133.86684469527927,8.46516561668089,11.511993187429908,detour_factor_1.35,4.5,1.35,0,0,0,0,0,0,0,0,0,207.21587737373835,0.0,False,False,0.06045513965154179,0.030124460943381497,0.030124460943381497,0.0,0.09057960059492329,0.09057960059492329,0.06045513965154179
06037117101,135.8841492970733,197.9548782374508,118.17572153858744,7.549119405392961,10.997493235413932,detour_factor_1.35,4.5,1.35,0,0,0,0,0,0,0,0,0,197.9548782374508,0.0,False,False,0.06310495618382621,0.03828223229774966,0.03828223229774966,0.0,0.10138718848157587,0.10138718848157587,0.06310495618382621
06037405702,143.53219167798233,80.75934769807901,207.52478175104284,7.9740106487767966,4.486630427671056,detour_factor_1.35,4.5,1.35,0,0,0,0,0,0,0,0,0,143.53219167798233,,False,False,0.1417042557101978,0.0,0.0,0.0,0.1417042557101978,0.1417042557101978,0.1417042557101978
06037405701,141.04764809011547,74.15719573770143,193.2457046680915,7.835980449450859,4.119844207650079,detour_factor_1.35,4.5,1.35,0,0,0,0,0,0,0,0,0,74.15719573770143,0.0,False,False,0.15239744775697742,0.0,0.0,0.0,0.15239744775697742,0.15239744775697742,0.15239744775697742
06037405302,105.25776497048166,104.77268703055981,154.07540709928122,5.847653609471203,5.8207048350311,detour_factor_1.35,4.5,1.35,0,0,0,0,0,0,0,0,0,104.77268703055981,0.0,False,False,0.11289291851721338,0.0,0.0,0.0,0.11289291851721338,0.11289291851721338,0.11289291851721338
06037405301,126.48255074585865,84.04821238270213,154.62124134517353,7.026808374769924,4.6693451323723405,detour_factor_1.35,4.5,1.35,0,0,0,0,0,0,0,0,0,84.04821238270213,0.0,False,False,0.13691848116904332,0.0,0.0,0.0,0.13691848116904332,0.13691848116904332,0.13691848116904332
06037576903,50.094636042381524,54.418448906723064,58.765788150872936,2.783035335687862,3.023247161484614,detour_factor_1.35,4.5,1.35,0,0,0,0,0,0,0,0,0,50.094636042381524,,False,False,0.19679679105844045,0.0,0.0,0.0,0.19679679105844045,0.19679679105844045,0.19679679105844045
06037576302,31.53445218541301,11.725272789484121,20.258186650555217,1.7519140103007225,0.6514040438602289,detour_factor_1.35,4.5,1.35,0,4,0,0,23,2,2,23,2,31.53445218541301,,False,True,0.53208599345007,0.0,0.0,0.0,0.53208599345007,0.53208599345007,0.53208599345007
06037576301,29.08656431424804,4.434013154957337,16.52398211204482,1.6159202396804466,0.24633406416429648,detour_factor_1.35,4.5,1.35,0,8,0,1,23,2,2,23,2,29.08656431424804,,True,True,0.7504403283923398,0.0,0.0,0.0,0.7504403283923398,0.7504403283923398,0.7504403283923398
06037576001,7.816666116812967,12.970009531764806,12.972970468726153,0.4342592287118315,0.7205560850980447,detour_factor_1.35,4.5,1.35,2,5,1,2,16,2,2,20,2,12.970009531764806,0.0,True,True,0.5069064187664645,0.0,0.0,0.0,0.5069064187664645,0.5069064187664645,0.5069064187664645
06037408003,54.75173485678088,170.1945319971692,143.46756901432673,3.0417630475989377,9.45525177762051,detour_factor_1.35,4.5,1.35,0,0,0,0,0,0,0,0,0,170.1945319971692,0.0,False,False,0.07265018480611793,0.012383339451099498,0.012383339451099498,0.0,0.08503352425721743,0.08503352425721743,0.07265018480611793
06037401304,76.50039973022692,44.13633618390137,104.64980506368848,4.250022207234829,2.4520186768834096,detour_factor_1.35,4.5,1.35,0,0,0,0,0,0,0,2,0,76.50039973022692,,False,False,0.23200643827149153,0.0,0.0,0.0,0.23200643827149153,0.23200643827149153,0.23200643827149153
06037401303,75.33470611774496,64.60150333270245,94.74597556776516,4.185261450985831,3.5889724073723577,detour_factor_1.35,4.5,1.35,0,0,0,0,0,0,0,0,0,75.33470611774496,,False,False,0.17108309844118832,0.0,0.0,0.0,0.17108309844118832,0.17108309844118832,0.17108309844118832
06037400501,214.05506029479903,63.90249048237162,255.68659855790767,11.891947794155502,3.550138360131757,detour_factor_1.35,4.5,1.35,0,0,0,0,0,0,0,0,0,214.05506029479903,,False,False,0.17263146393244222,0.0,0.0,0.0,0.17263146393244222,0.17263146393244222,0.17263146393244222
06037400403,118.0362594844432,75.2551597946337,159.2465667894175,6.557569971357955,4.180842210812983,detour_factor_1.35,4.5,1.35,0,0,0,0,0,0,0,0,0,118.0362594844432,,False,False,0.15050863676023013,0.0,0.0,0.0,0.15050863676023013,0.15050863676023013,0.15050863676023013
06037302506,91.85897965999874,90.22771954871115,147.0089788291997,5.103276647777707,5.012651086039508,detour_factor_1.35,4.5,1.35,0,0,0,0,0,0,0,0,0,117.22771954871115,27.0,False,False,0.12874853009190562,0.0,0.0,0.0,0.12874853009190562,0.12874853009190562,0.12874853009190562
06037404504,183.073446882187,49.77304602346977,230.02214507151513,10.170747049010389,2.7651692235260983,detour_factor_1.35,4.5,1.35,0,0,0,0,0,0,0,0,0,183.073446882187,,False,False,0.21128344660603557,0.0,0.0,0.0,0.21128344660603557,0.21128344660603557,0.21128344660603557
06037404202,211.40740796958835,25.481936432612,247.70875740066703,11.744855998310463,1.415663135145111,detour_factor_1.35,4.5,1.35,0,0,0,0,3,0,0,9,0,211.40740796958835,,False,False,0.3435074241073899,0.0,0.0,0.0,0.3435074241073899,0.3435074241073899,0.3435074241073899
06037404201,219.40182121848954,19.28070257924507,255.06650516068353,12.188990067693862,1.0711501432913928,detour_factor_1.35,4.5,1.35,0,0,0,0,7,0,0,7,0,34.28070257924507,15.0,False,True,0.4088219369437502,0.0,0.0,0.0,0.4088219369437502,0.4088219369437502,0.4088219369437502
06037650901,107.99752543265218,144.53487396817326,86.22807990069529,5.999862524036232,8.029715220454069,detour_factor_1.35,4.5,1.35,0,0,0,0,0,0,0,0,0,107.99752543265218,,False,False,0.08445863522012699,0.04946205654418194,0.04946205654418194,0.04946205654418194,0.13392069176430893,0.13392069176430893,0.13392069176430893
06037650401,127.82308913384756,112.28081722836461,95.93081483760844,7.101282729658197,6.237823179353589,detour_factor_1.35,4.5,1.35,0,0,0,0,0,0,0,0,0,127.82308913384756,,False,False,0.10614515381994638,0.01588328420414889,0.01588328420414889,0.01588328420414889,0.12202843802409527,0.12202843802409527,0.12202843802409527
06037650004,117.18809791514478,71.16961660364437,74.98833733831026,6.51044988417471,3.953867589091354,detour_factor_1.35,4.5,1.35,0,0,0,0,0,0,0,0,0,117.18809791514478,,False,False,0.15778541865434675,0.0,0.0,0.0,0.15778541865434675,0.15778541865434675,0.15778541865434675
06037650003,131.17114309918995,59.79871940179283,89.21568008941952,7.287285727732775,3.3221510778773795,detour_factor_1.35,4.5,1.35,0,0,0,0,0,0,0,0,0,131.17114309918995,,False,False,0.18231859813404608,0.0,0.0,0.0,0.18231859813404608,0.18231859813404608,0.18231859813404608
06037621326,228.82165050461515,149.28017036228468,197.780552213547,12.712313916923062,8.293342797904703,detour_factor_1.35,4.5,1.35,0,0,0,0,0,0,0,0,0,228.82165050461515,,False,False,0.08199401052381747,0.0,0.0,0.0,0.08199401052381747,0.08199401052381747,0.08199401052381747
06037621324,220.94174287333672,122.85098842898036,186.56150999756807,12.274541270740928,6.825054912721131,detour_factor_1.35,4.5,1.35,0,0,0,0,0,0,0,0,0,220.94174287333672,,False,False,0.0979065222838527,0.0,0.0,0.0,0.0979065222838527,0.0979065222838527,0.0979065222838527
06037302505,78.36640747543302,83.03137176964306,142.2652253557838,4.353689304190723,4.612853987202392,detour_factor_1.35,4.5,1.35,0,0,0,0,0,0,0,0,0,78.36640747543302,,False,False,0.13836324533017752,0.0,0.0,0.0,0.13836324533017752,0.13836324533017752,0.13836324533017752
06037433503,31.666440778418202,172.33595319703062,47.66646418712052,1.759246709912122,9.574219622057257,detour_factor_1.35,4.5,1.35,0,0,0,0,0,0,1,0,0,31.666440778418202,,False,True,0.07181227214525235,0.14676768836793674,0.14676768836793674,0.14676768836793674,0.2185799605131891,0.2185799605131891,0.2185799605131891
06037406702,79.37754008666299,129.72278115758417,162.01946706185683,4.409863338147943,7.206821175421343,detour_factor_1.35,4.5,1.35,0,0,0,0,0,0,0,0,0,129.72278115758417,0.0,False,False,0.09320351933772011,0.0,0.0,0.0,0.09320351933772011,0.09320351933772011,0.09320351933772011
06037900608,1074.0718767906017,1087.422680417021,870.2893895737869,59.670659821700085,60.41237113427894,detour_factor_1.35,4.5,1.35,0,0,0,0,0,0,0,0,0,1074.0718767906017,,False,False,0.012112887112835945,0.00297650906007668,0.00297650906007668,0.0,0.015089396172912625,0.015089396172912625,0.012112887112835945
06037900507,1042.3462881487374,1052.3439856831567,876.2538100799079,57.908127119374285,58.46355476017536,detour_factor_1.35,4.5,1.35,0,0,0,0,0,0,0,0,0,1042.3462881487374,,False,False,0.012511604681273146,0.0024766215223733026,0.0024766215223733026,0.0,0.014988226203646449,0.014988226203646449,0.012511604681273146
06037900506,1046.7986431798586,1058.7427741774595,863.302997359175,58.155480176658806,58.81904300985885,detour_factor_1.35,4.5,1.35,0,0,0,0,0,0,0,0,0,1046.7986431798586,,False,False,0.012436927975469412,0.0027727238111506115,0.0027727238111506115,0.0,0.015209651786620024,0.015209651786620024,0.012436927975469412
06037900505,1045.117136155627,1058.3236102647716,851.7644659827162,58.06206311975704,58.795756125820645,detour_factor_1.35,4.5,1.35,0,0,0,0,0,0,0,0,0,1045.117136155627,,False,False,0.012441792509239437,0.0029707230975217058,0.0029707230975217058,0.0,0.015412515606761143,0.015412515606761143,0.012441792509239437
06037900104,955.3771215640118,902.7983111067124,1044.632114420496,53.0765067535562,50.155461728150684,detour_factor_1.35,4.5,1.35,0,0,0,0,0,0,0,0,0,955.3771215640118,,False,False,0.014553949112283835,0.0,0.0,0.0,0.014553949112283835,0.014553949112283835,0.014553949112283835
06037621204,215.07443322045165,105.92037919490834,187.19283920139384,11.948579623358425,5.884465510828241,detour_factor_1.35,4.5,1.35,0,0,0,0,0,0,0,0,0,215.07443322045165,,False,False,0.11180644233759793,0.0,0.0,0.0,0.11180644233759793,0.11180644233759793,0.11180644233759793
06037621104,196.9284344099676,88.63886417849807,185.26156670603183,10.940468578331533,4.924381343249893,detour_factor_1.35,4.5,1.35,0,0,0,0,0,0,0,0,0,196.9284344099676,,False,False,0.13075459447450197,0.0,0.0,0.0,0.13075459447450197,0.13075459447450197,0.13075459447450197
06037621004,177.75075404955697,71.99166707432428,162.04701284438016,9.875041891642054,3.999537059684682,detour_factor_1.35,4.5,1.35,0,0,0,0,0,0,0,0,0,177.75075404955697,,False,False,0.15626525953273496,0.0,0.0,0.0,0.15626525953273496,0.15626525953273496,0.15626525953273496
06037620904,169.87850259875864,66.35136178628933,143.67531068919675,9.437694588819925,3.6861867659049623,detour_factor_1.35,4.5,1.35,0,0,0,0,0,0,0,0,0,169.87850259875864,,False,False,0.16732615106724488,0.0,0.0,0.0,0.16732615106724488,0.16732615106724488,0.16732615106724488
06037620305,161.21654751515638,60.6678417519695,125.30150161510977,8.956474861953131,3.3704356528871946,detour_factor_1.35,4.5,1.35,0,0,0,0,0,0,0,0,0,161.21654751515638,,False,False,0.18017731904883533,0.0,0.0,0.0,0.18017731904883533,0.18017731904883533,0.18017731904883533
06037543306,70.43376063832532,44.69025126470293,109.50987521657073,3.912986702129184,2.4827917369279406,detour_factor_1.35,4.5,1.35,0,0,0,0,0,0,0,3,0,70.43376063832532,,False,False,0.22979161707607743,0.0,0.0,0.0,0.22979161707607743,0.22979161707607743,0.22979161707607743
06037542106,133.91489898284652,56.062582060288335,166.4273339009336,7.439716610158139,3.1145878922382404,detour_factor_1.35,4.5,1.35,0,0,0,0,0,0,0,0,0,133.91489898284652,,False,False,0.19213426694791938,0.0,0.0,0.0,0.19213426694791938,0.19213426694791938,0.19213426694791938
06037542105,123.96051602618994,42.682779947071765,154.9241219924113,6.886695334788329,2.371265552615098,detour_factor_1.35,4.5,1.35,0,0,0,0,0,0,0,3,0,123.96051602618994,,False,False,0.2380267489568478,0.0,0.0,0.0,0.2380267489568478,0.2380267489568478,0.2380267489568478
06037900103,1036.326802334567,988.377081396477,1129.5665445160948,57.57371124080927,54.90983785535983,detour_factor_1.35,4.5,1.35,0,0,0,0,0,0,0,0,0,1036.326802334567,,False,False,0.013310566743912422,0.0,0.0,0.0,0.013310566743912422,0.013310566743912422,0.013310566743912422
06037800506,171.6842236069391,207.22046772844425,262.08965970846026,9.538012422607727,11.51224820713579,detour_factor_1.35,4.5,1.35,0,0,0,0,0,0,0,0,0,171.6842236069391,,False,False,0.06045388140736979,0.0,0.0,0.0,0.06045388140736979,0.06045388140736979,0.06045388140736979
06037800504,276.24595069050446,304.255407020607,368.2339320874833,15.346997260583581,16.9030781678115,detour_factor_1.35,4.5,1.35,0,0,0,0,0,0,0,0,0,276.24595069050446,,False,False,0.04198301652153615,0.0,0.0,0.0,0.04198301652153615,0.04198301652153615,0.04198301652153615
06037800410,385.9790184454684,411.9683591022548,445.8819964682064,21.44327880252602,22.887131061236374,detour_factor_1.35,4.5,1.35,0,0,0,0,0,0,0,0,0,385.9790184454684,,False,False,0.03135029455673437,0.0,0.0,0.0,0.03135029455673437,0.03135029455673437,0.03135029455673437
06037800408,503.0915454779443,518.6208802062013,569.2643875799752,27.949530304330242,28.81227112256673,detour_factor_1.35,4.5,1.35,0,0,0,0,0,0,0,0,0,503.0915454779443,,False,False,0.02506481383917529,0.0,0.0,0.0,0.02506481383917529,0.02506481383917529,0.02506481383917529
06037800406,599.0537259859502,623.9263564187023,570.708500001619,33.28076255477501,34.66257535659457,detour_factor_1.35,4.5,1.35,0,0,0,0,0,0,0,0,0,599.0537259859502,,False,False,0.02092291972605622,0.0,0.0019064951759522955,0.0,0.02092291972605622,0.022829414902008516,0.02092291972605622
06037800332,476.30399979521144,552.4574516121573,338.2474672459089,26.46133332195619,30.69208064511985,detour_factor_1.35,4.5,1.35,0,0,0,0,0,0,0,0,0,476.30399979521144,,False,False,0.02356583685720136,0.004781754498984783,0.014358114938136091,0.0,0.028347591356186145,0.03792395179533745,0.02356583685720136
06037800330,434.95597052988956,468.94880788003485,412.3411009910477,24.164220584993863,26.052711548890823,detour_factor_1.35,4.5,1.35,0,0,0,0,0,0,0,0,0,434.95597052988956,,False,False,0.027646334363093255,0.0,0.003676508303029364,0.0,0.027646334363093255,0.03132284266612262,0.027646334363093255
06037800329,428.31820964747635,471.06983844205087,341.24056085643616,23.79545609152646,26.170546580113935,detour_factor_1.35,4.5,1.35,0,0,0,0,0,0,0,0,0,428.31820964747635,,False,False,0.02752528082024192,0.0032887831034811785,0.010078540419336635,0.0,0.030814063923723097,0.037603821239578554,0.02752528082024192
06037573601,128.5871752788727,100.80777303272855,144.41674283986887,7.143731959937372,5.600431835151586,detour_factor_1.35,4.5,1.35,0,0,0,0,0,0,0,0,0,189.80777303272856,89.0,False,False,0.11681447427513107,0.0,0.0,0.0,0.11681447427513107,0.11681447427513107,0.11681447427513107
06037571504,153.03247413234385,58.00275589984237,140.58521188991432,8.501804118463546,3.2223753277690204,detour_factor_1.35,4.5,1.35,0,0,0,0,0,0,0,0,0,153.03247413234385,,False,False,0.18690866680048543,0.0,0.0,0.0,0.18690866680048543,0.18690866680048543,0.18690866680048543
06037571503,156.3304651808732,67.01668775517075,157.66811227044929,8.685025843381844,3.7231493197317076,detour_factor_1.35,4.5,1.35,0,0,0,0,0,0,0,0,0,156.3304651808732,,False,False,0.1659406326558012,0.0,0.0,0.0,0.1659406326558012,0.1659406326558012,0.1659406326558012
06037570404,117.03757260627286,46.0298618666327,154.24655456446862,6.502087367015159,2.557214548146261,detour_factor_1.35,4.5,1.35,0,0,0,0,0,0,0,0,0,117.03757260627286,,False,False,0.22460605916544332,0.0,0.0,0.0,0.22460605916544332,0.22460605916544332,0.22460605916544332
06037267404,55.44451447537912,30.1209887905724,41.44509591572312,3.0802508041877283,1.673388266142911,detour_factor_1.35,4.5,1.35,0,0,0,0,0,0,0,15,1,55.44451447537912,,False,False,0.30683560763678797,0.0,0.0,0.0,0.30683560763678797,0.30683560763678797,0.30683560763678797
06037113237,255.56965073203372,422.3341010738572,25.759949428190072,14.198313929557427,23.463005615214286,detour_factor_1.35,4.5,1.35,0,0,0,0,0,1,0,0,1,422.3341010738572,0.0,False,False,0.0306043837118005,0.026203602711842675,0.3104601775497658,0.0,0.056807986423643174,0.3410645612615663,0.0306043837118005
06037102107,165.846150319047,157.20844644039278,159.28392138536435,9.213675017724833,8.73380258002182,detour_factor_1.35,4.5,1.35,0,0,0,0,0,0,0,0,0,157.20844644039278,0.0,False,False,0.07818221054702212,0.0,0.0,0.0,0.07818221054702212,0.07818221054702212,0.07818221054702212
06037102104,115.77536123972237,105.17885855061182,107.22545633537376,6.431964513317909,5.843269919478434,detour_factor_1.35,4.5,1.35,0,0,0,0,0,0,0,0,0,105.17885855061182,0.0,False,False,0.11250600568075057,0.0,0.0,0.0,0.11250600568075057,0.11250600568075057,0.11250600568075057
06037111205,179.45413595310646,312.54738559116765,107.3677228835097,9.969674219617026,17.363743643953757,detour_factor_1.35,4.5,1.35,0,0,0,0,0,0,0,0,0,312.54738559116765,0.0,False,False,0.04091476592213594,0.04405402725648487,0.06955098931847772,0.0,0.08496879317862081,0.11046575524061367,0.04091476592213594
06037108202,277.8007607155448,414.09657160146827,82.68225278942882,15.433375595308043,23.005365088970457,detour_factor_1.35,4.5,1.35,0,0,0,0,0,0,0,0,0,414.09657160146827,0.0,False,False,0.031194198579453974,0.02117312572243155,0.10767214460243114,0.0,0.05236732430188552,0.13886634318188512,0.031194198579453974
06037106649,234.74462811510278,276.01495654775954,211.7616809336466,13.04136822861682,15.334164252653306,detour_factor_1.35,4.5,1.35,0,0,0,0,0,0,0,0,0,276.01495654775954,0.0,False,False,0.04608056725966012,0.013153678228864901,0.013153678228864901,0.0,0.059234245488525024,0.059234245488525024,0.04608056725966012
06037106646,211.23212876839366,294.6998201505379,181.53391299251703,11.735118264910758,16.372212230585436,detour_factor_1.35,4.5,1.35,0,0,0,0,0,0,0,0,0,294.6998201505379,0.0,False,False,0.04328538400017216,0.025137265699705,0.025137265699705,0.0,0.06842264969987716,0.06842264969987716,0.04328538400017216
06037106406,299.7144161208731,332.2638507743684,198.7401121269554,16.65080089560406,18.45910282079824,detour_factor_1.35,4.5,1.35,0,0,0,0,0,0,0,0,0,332.2638507743684,0.0,False,False,0.03858056126168592,0.024290739312482518,0.024290739312482518,0.0,0.06287130057416844,0.06287130057416844,0.03858056126168592
06037104203,245.36743677999732,227.13706460586047,229.10206612984035,13.631524265555406,12.618725811436693,detour_factor_1.35,4.5,1.35,0,0,0,0,0,0,0,0,0,227.13706460586047,0.0,False,False,0.05544688014657358,0.0,0.0,0.0,0.05544688014657358,0.05544688014657358,0.05544688014657358
06037265602,30.687394343887743,49.53094897536776,23.65414433487461,1.7048552413270965,2.751719387520431,detour_factor_1.35,4.5,1.35,0,0,0,0,0,2,1,0,2,30.687394343887743,,False,True,0.2120971216669383,0.14838524084878976,0.14838524084878976,0.0,0.36048236251572807,0.36048236251572807,0.2120971216669383
06037293306,130.61293743741308,184.59789465113482,174.22765336340777,7.256274302078505,10.255438591729712,detour_factor_1.35,4.5,1.35,0,0,0,0,0,0,0,0,0,130.61293743741308,,False,False,0.06736346492216787,0.003724523940310226,0.003724523940310226,0.003724523940310226,0.0710879888624781,0.0710879888624781,0.0710879888624781
06037276604,87.03360967304486,77.38391844519354,63.792724217001094,4.835200537391381,4.29910658028853,detour_factor_1.35,4.5,1.35,0,0,0,0,0,0,0,0,0,84.88391844519354,7.5,False,False,0.14697682162908493,0.025900332433038104,0.025900332433038104,0.025900332433038104,0.17287715406212303,0.17287715406212303,0.17287715406212303
06037276603,71.12768416820086,97.75884850248207,84.02896179288724,3.951538009344492,5.431047139026782,detour_factor_1.35,4.5,1.35,0,0,0,0,0,0,0,0,0,105.25884850248207,7.5,False,False,0.12002044710075854,0.01692510575466652,0.01692510575466652,0.01692510575466652,0.13694555285542506,0.13694555285542506,0.13694555285542506
06037269907,108.33893996984251,3.978936511368512,63.68769450552679,6.018829998324583,0.22105202840936175,detour_factor_1.35,4.5,1.35,0,6,0,0,10,0,0,13,0,108.33893996984251,,False,False,0.7701666767523148,0.0,0.0,0.0,0.7701666767523148,0.7701666767523148,0.7701666767523148
06037269906,116.22617854079311,8.055638975657125,71.13470815920944,6.45700991893295,0.44753549864761794,detour_factor_1.35,4.5,1.35,0,6,0,0,10,0,0,13,0,116.22617854079311,,False,False,0.6233741921171647,0.0,0.0,0.0,0.6233741921171647,0.6233741921171647,0.6233741921171647
06037267901,59.83905537518337,44.34834359229616,4.9832840633669155,3.3243919652879645,2.4637968662386753,detour_factor_1.35,4.5,1.35,0,0,1,0,0,1,0,2,1,123.34834359229616,79.0,False,False,0.23115370502359614,0.496782738947513,0.496782738947513,0.0,0.7279364439711091,0.7279364439711091,0.23115370502359614
06037434004,31.760310604563482,191.56206788134836,73.28087728784577,1.7644617002535266,10.64233710451935,detour_factor_1.35,4.5,1.35,0,0,0,0,0,0,1,0,0,31.760310604563482,,False,True,0.06507385355790962,0.08886547392322122,0.08886547392322122,0.08886547392322122,0.15393932748113084,0.15393932748113084,0.15393932748113084
06037434003,46.506286032950094,176.9251633099049,63.953029170067516,2.583682557386116,9.82917573943916,detour_factor_1.35,4.5,1.35,0,0,0,0,0,0,0,0,0,46.506286032950094,,False,False,0.07008009402247739,0.1024384836599258,0.1024384836599258,0.1024384836599258,0.1725185776824032,0.1725185776824032,0.1725185776824032
06037433504,36.025400999876226,167.39297744535205,52.058974589507486,2.0014111666597905,9.299609858075113,detour_factor_1.35,4.5,1.35,0,0,0,0,0,0,1,0,0,167.39297744535205,0.0,False,False,0.07377638195503877,0.13012119800292665,0.13012119800292665,0.13012119800292665,0.20389757995796542,0.20389757995796542,0.20389757995796542
06037433307,98.68027128576527,124.83817575814382,53.248602482906904,5.482237293653626,6.935454208785767,detour_factor_1.35,4.5,1.35,0,0,0,0,0,0,0,0,0,98.68027128576527,,False,False,0.09649842736034628,0.10375608867133018,0.10375608867133018,0.10375608867133018,0.20025451603167646,0.20025451603167646,0.20025451603167646
06037104108,240.4687210815733,209.85477856730347,211.8558349802418,13.35937339342074,11.658598809294636,detour_factor_1.35,4.5,1.35,0,0,0,0,0,0,0,0,0,209.85477856730347,0.0,False,False,0.05974033840686517,0.0,0.0,0.0,0.05974033840686517,0.05974033840686517,0.05974033840686517
06037402904,133.03378634657923,138.82997690435297,92.39296689543264,7.390765908143291,7.712776494686275,detour_factor_1.35,4.5,1.35,0,0,0,0,0,0,0,0,0,133.03378634657923,,False,False,0.08762515295248267,0.038486640465836594,0.038486640465836594,0.038486640465836594,0.12611179341831927,0.12611179341831927,0.12611179341831927
06037402903,111.36552285807777,114.87505976387328,69.72632916909109,6.18697349211543,6.3819477646596265,detour_factor_1.35,4.5,1.35,0,0,0,0,0,0,0,0,0,111.36552285807777,,False,False,0.1039973515869909,0.05652982769144825,0.05652982769144825,0.05652982769144825,0.16052717927843915,0.16052717927843915,0.16052717927843915
06037402804,96.24880402826994,96.94803461011008,54.20378290209252,5.34715577934833,5.386001922783893,detour_factor_1.35,4.5,1.35,0,0,0,0,0,0,0,0,0,96.24880402826994,,False,False,0.12090286493518276,0.07651944262759527,0.07651944262759527,0.07651944262759527,0.19742230756277804,0.19742230756277804,0.19742230756277804
06037402803,85.82537502208868,92.64711127597711,45.37509642001407,4.768076390116037,5.147061737554283,detour_factor_1.35,4.5,1.35,0,0,0,0,0,0,0,0,0,85.82537502208868,,False,False,0.1258093734413527,0.10130168010497556,0.10130168010497556,0.10130168010497556,0.22711105354632827,0.22711105354632827,0.22711105354632827
06037402706,83.13207461246074,69.37770870121442,52.42922170658488,4.618448589581152,3.854317150067468,detour_factor_1.35,4.5,1.35,0,0,0,0,0,0,0,0,0,83.13207461246074,,False,False,0.16120378857957204,0.04154583581138918,0.04154583581138918,0.04154583581138918,0.20274962439096123,0.20274962439096123,0.20274962439096123
06037402705,66.54483355167955,56.757509391282014,34.17563360798349,3.69693519731553,3.1531949661823337,detour_factor_1.35,4.5,1.35,0,0,0,0,0,0,0,0,1,66.54483355167955,,False,False,0.190229319766058,0.09041945438646554,0.09041945438646554,0.09041945438646554,0.28064877415252354,0.28064877415252354,0.28064877415252354
06037402405,61.132337195399494,74.61181713036123,71.42274836480857,3.3962409552999713,4.145100951686734,detour_factor_1.35,4.5,1.35,0,0,0,0,0,0,0,0,0,74.61181713036123,0.0,False,False,0.1516096483209451,0.005704529802813524,0.005704529802813524,0.005704529802813524,0.1573141781237586,0.1573141781237586,0.1573141781237586
06037604002,137.4027068704275,40.47210329660653,117.27490799445556,7.633483715023748,2.248450183144807,detour_factor_1.35,4.5,1.35,0,0,0,0,0,0,0,6,0,137.4027068704275,,False,False,0.24780643311263537,0.0,0.0,0.0,0.24780643311263537,0.24780643311263537,0.24780643311263537
06037604001,122.7665230545885,28.386953981598342,120.10821534224819,6.820362391921583,1.5770529989776854,detour_factor_1.35,4.5,1.35,0,0,0,0,4,0,0,6,0,122.7665230545885,,False,False,0.3195887226922653,0.0,0.0,0.0,0.3195887226922653,0.3195887226922653,0.3195887226922653
06037603802,107.09173100200674,34.929029545322756,110.69153898882924,5.949540611222597,1.9405016414068197,detour_factor_1.35,4.5,1.35,0,0,0,0,0,0,0,6,0,107.09173100200674,,False,False,0.27626772785362247,0.0,0.0,0.0,0.27626772785362247,0.27626772785362247,0.27626772785362247
06037433306,94.53597729705874,124.73735895199587,47.64323249631163,5.251998738725485,6.929853275110882,detour_factor_1.35,4.5,1.35,0,0,0,0,0,0,0,0,0,94.53597729705874,,False,False,0.09656888882529399,0.12209434928791357,0.12209434928791357,0.12209434928791357,0.21866323811320756,0.21866323811320756,0.21866323811320756
06037433305,87.55751202504324,126.75641093666837,39.9768646703479,4.8643062236135135,7.0420228298149095,detour_factor_1.35,4.5,1.35,0,0,0,0,0,0,0,0,1,87.55751202504324,,False,False,0.09517708382446154,0.15493141009658196,0.15493141009658196,0.15493141009658196,0.2501084939210435,0.2501084939210435,0.2501084939210435
06037433304,79.98608808860388,127.76724503821853,27.83242380617084,4.443671560477992,7.09818027990103,detour_factor_1.35,4.5,1.35,0,0,0,0,0,1,0,0,1,79.98608808860388,,False,False,0.09449524223935815,0.22939855347412277,0.22939855347412277,0.22939855347412277,0.3238937957134809,0.3238937957134809,0.3238937957134809
06037431502,85.75195949073888,67.20928278506251,57.60463560148447,4.763997749485493,3.7338490436145837,detour_factor_1.35,4.5,1.35,0,0,0,0,0,0,0,0,0,85.75195949073888,,False,False,0.16554383227052907,0.022413809223052805,0.022413809223052805,0.022413809223052805,0.18795764149358188,0.18795764149358188,0.18795764149358188
06037431501,80.96785834279706,82.53952166727754,46.394211958641044,4.498214352377614,4.585528981515418,detour_factor_1.35,4.5,1.35,0,0,0,0,0,0,0,0,0,80.96785834279706,,False,False,0.13907308104310004,0.0841628357881403,0.0841628357881403,0.0841628357881403,0.22323591683124033,0.22323591683124033,0.22323591683124033
06037430301,125.160920150151,81.94259392357458,210.23708414877123,6.953384452786167,4.5523663290874765,detour_factor_1.35,4.5,1.35,0,0,0,0,0,0,0,0,0,125.160920150151,,False,False,0.13994440901509683,0.0,0.0,0.0,0.13994440901509683,0.13994440901509683,0.13994440901509683
06037430003,195.28218630788504,77.63295262267124,248.87146134225054,10.849010350438057,4.3129418123706245,detour_factor_1.35,4.5,1.35,0,0,0,0,0,0,0,0,0,195.28218630788504,,False,False,0.14657445000867617,0.0,0.0,0.0,0.14657445000867617,0.14657445000867617,0.14657445000867617
06037603801,91.90023713331169,35.301606229783445,117.54533526594906,5.105568729628427,1.9612003460990801,detour_factor_1.35,4.5,1.35,0,0,0,0,0,0,0,6,0,91.90023713331169,,False,False,0.27415132933453706,0.0,0.0,0.0,0.27415132933453706,0.27415132933453706,0.27415132933453706
06037603006,90.34624363764732,76.74260685079487,53.18910658424352,5.019235757647072,4.2634781583774926,detour_factor_1.35,4.5,1.35,0,0,0,0,0,0,0,0,0,90.34624363764732,,False,False,0.14802324911711248,0.05241036922060488,0.05241036922060488,0.05241036922060488,0.20043361833771736,0.20043361833771736,0.20043361833771736
06037603005,100.04059504296067,64.36354634486766,65.43709439644675,5.557810835720037,3.57575257471487,detour_factor_1.35,4.5,1.35,0,0,0,0,0,0,0,0,0,100.04059504296067,,False,False,0.17160706309643728,0.0,0.0,0.0,0.17160706309643728,0.17160706309643728,0.17160706309643728
06037602802,84.11542014578642,21.110573208764862,105.50389009662565,4.673078896988134,1.172809622709159,detour_factor_1.35,4.5,1.35,0,0,0,0,4,0,0,11,0,84.11542014578642,,False,False,0.38710281939236496,0.0,0.0,0.0,0.38710281939236496,0.38710281939236496,0.38710281939236496
06037602801,77.51912894527226,14.03005471460102,116.72281498222276,4.306618274737347,0.779447484144501,detour_factor_1.35,4.5,1.35,0,4,0,0,4,0,0,12,0,77.51912894527226,,False,False,0.48726909511265215,0.0,0.0,0.0,0.48726909511265215,0.48726909511265215,0.48726909511265215
06037602509,55.530405002058814,21.205425822475764,103.47479897410953,3.0850225001143783,1.1780792123597645,detour_factor_1.35,4.5,1.35,0,0,0,0,4,0,0,8,0,55.530405002058814,,False,False,0.3860397321509099,0.0,0.0,0.0,0.3860397321509099,0.3860397321509099,0.3860397321509099
06037602508,63.427956605058085,32.7124186615181,107.4421707927958,3.523775366947671,1.817356592306561,detour_factor_1.35,4.5,1.35,0,0,0,0,0,0,0,4,0,63.427956605058085,,False,False,0.2895670665737892,0.0,0.0,0.0,0.2895670665737892,0.2895670665737892,0.2895670665737892
06037602302,93.7434016654158,14.115369421608902,90.66719534546827,5.207966759189766,0.7841871900893834,detour_factor_1.35,4.5,1.35,0,4,0,0,14,0,0,19,0,93.7434016654158,,False,False,0.485754589292298,0.0,0.0,0.0,0.485754589292298,0.485754589292298,0.485754589292298
06037600304,82.24931203161131,13.718158895627406,109.35163083634637,4.569406223978406,0.7621199386459669,detour_factor_1.35,4.5,1.35,0,4,0,0,8,0,0,8,0,82.24931203161131,,False,False,0.49288716572385444,0.0,0.0,0.0,0.49288716572385444,0.49288716572385444,0.49288716572385444
06037800327,428.7821632035332,505.85713422621205,304.89772056062,23.821231289085176,28.103174123678446,detour_factor_1.35,4.5,1.35,0,0,0,0,0,0,0,0,0,428.7821632035332,,False,False,0.025681005654835422,0.005768168238117079,0.016217272876387072,0.0,0.0314491738929525,0.041898278531222494,0.025681005654835422
06037702102,45.07274109755956,31.793909636715874,137.45334945732807,2.5040411720866422,1.7663283131508816,detour_factor_1.35,4.5,1.35,0,0,0,0,0,0,0,8,0,31.793909636715874,0.0,False,True,0.29546084484227453,0.0,0.0,0.0,0.29546084484227453,0.29546084484227453,0.29546084484227453
06037702002,58.369169110939815,18.364122756886232,132.50407877458838,3.242731617274434,1.020229042049235,detour_factor_1.35,4.5,1.35,0,0,0,0,7,0,0,11,0,18.364122756886232,0.0,True,True,0.42064364078249833,0.0,0.0,0.0,0.42064364078249833,0.42064364078249833,0.42064364078249833
06037701902,65.0868858171949,5.055762796409392,127.32209485014745,3.6159381009552716,0.2808757109116329,detour_factor_1.35,4.5,1.35,0,7,0,0,8,0,0,11,0,65.0868858171949,,False,False,0.7250673572676503,0.0,0.0,0.0,0.7250673572676503,0.7250673572676503,0.7250673572676503
06037554406,221.62362277173628,81.48799451140088,115.1479725123388,12.312423487318682,4.527110806188937,detour_factor_1.35,4.5,1.35,0,0,0,0,0,0,0,0,0,221.62362277173628,,False,False,0.1406153408351978,0.0,0.0,0.0,0.1406153408351978,0.1406153408351978,0.1406153408351978
06037554405,221.9751619170898,83.95936324426538,118.0001034919129,12.33195343983832,4.664409069125854,detour_factor_1.35,4.5,1.35,0,0,0,0,0,0,0,0,0,221.9751619170898,,False,False,0.13704351716368487,0.0,0.0,0.0,0.13704351716368487,0.13704351716368487,0.13704351716368487
06037554302,194.43963425473123,80.25524641462987,137.77348796549623,10.802201903040624,4.45862480081277,detour_factor_1.35,4.5,1.35,0,0,0,0,0,0,0,0,0,194.43963425473123,,False,False,0.14246752508949695,0.0,0.0,0.0,0.14246752508949695,0.14246752508949695,0.14246752508949695
06037554301,201.21329182775642,59.40042237280317,119.14880019616777,11.178516212653134,3.3000234651557316,detour_factor_1.35,4.5,1.35,0,0,0,0,0,0,0,0,0,201.21329182775642,,False,False,0.1833169922807713,0.0,0.0,0.0,0.1833169922807713,0.1833169922807713,0.1833169922807713
06037536104,216.8564173326355,66.0125595348648,132.28750056561995,12.04757874070197,3.6673644186036003,detour_factor_1.35,4.5,1.35,0,0,0,0,0,0,0,0,0,216.8564173326355,,False,False,0.16804062379739554,0.0,0.0,0.0,0.16804062379739554,0.16804062379739554,0.16804062379739554
06037535002,104.24953132670021,7.791667359187452,66.10710577934763,5.791640629261122,0.4328704088437472,detour_factor_1.35,4.5,1.35,0,3,0,0,7,0,0,11,0,104.24953132670021,,False,False,0.6311636873959461,0.0,0.0,0.0,0.6311636873959461,0.6311636873959461,0.6311636873959461
06037535001,97.34638882443413,17.064942707678295,56.675426872415166,5.4081327124685625,0.9480523726487942,detour_factor_1.35,4.5,1.35,0,0,0,0,7,0,0,11,0,97.34638882443413,,False,False,0.43862136508480803,0.0,0.0,0.0,0.43862136508480803,0.43862136508480803,0.43862136508480803
06037533806,211.9660631994063,108.47888277298067,134.42725817854262,11.775892399967017,6.026604598498925,detour_factor_1.35,4.5,1.35,0,0,0,0,0,0,0,0,0,211.9660631994063,,False,False,0.10945809672895537,0.0,0.0,0.0,0.10945809672895537,0.10945809672895537,0.10945809672895537
06037533805,196.8253385500076,113.53696458508455,122.41915568312572,10.934741030555978,6.3076091436158075,detour_factor_1.35,4.5,1.35,0,0,0,0,0,0,0,0,0,196.8253385500076,,False,False,0.10509420685610073,0.0,0.0,0.0,0.10509420685610073,0.10509420685610073,0.10509420685610073
06037533001,91.37783193214861,11.809399037028221,59.9133566821475,5.076546218452701,0.6560777242793456,detour_factor_1.35,4.5,1.35,0,3,0,0,7,0,0,11,0,91.37783193214861,,False,False,0.530305661967383,0.0,0.0,0.0,0.530305661967383,0.530305661967383,0.530305661967383
06037102103,132.04948839241735,116.94842375001902,119.05331218300638,7.336082688467631,6.4971346527788345,detour_factor_1.35,4.5,1.35,0,0,0,0,0,0,0,0,0,116.94842375001902,0.0,False,False,0.10234228975590852,0.0,0.0,0.0,0.10234228975590852,0.10234228975590852,0.10234228975590852
06037295103,83.58383196731214,169.79211464418805,170.6873458731239,4.643546220406229,9.432895258010445,detour_factor_1.35,4.5,1.35,0,0,0,0,0,0,0,0,0,169.79211464418805,0.0,False,False,0.07280983326233281,0.0,0.0,0.0,0.07280983326233281,0.07280983326233281,0.07280983326233281
06037275602,79.8562955805591,82.20936206520541,76.23935569346592,4.436460865586617,4.5671867814003,detour_factor_1.35,4.5,1.35,0,0,0,0,0,0,0,0,0,79.8562955805591,,False,False,0.13955366527724375,0.009301230988560366,0.009301230988560366,0.009301230988560366,0.14885489626580412,0.14885489626580412,0.14885489626580412
06037275101,113.55773103953403,59.970024767729214,97.02359796948203,6.308762835529668,3.3316680426516228,detour_factor_1.35,4.5,1.35,0,0,0,0,0,0,0,0,0,113.55773103953403,,False,False,0.1818925309663278,0.0,0.0,0.0,0.1818925309663278,0.1818925309663278,0.1818925309663278
06037554204,227.0265789068657,57.49048420100157,101.15226590651328,12.612587717048095,3.1939157889445315,detour_factor_1.35,4.5,1.35,0,0,0,0,0,0,0,0,0,227.0265789068657,,False,False,0.1882605851748873,0.0,0.0,0.0,0.1882605851748873,0.1882605851748873,0.1882605851748873
06037554203,233.40874121431204,70.64875916187435,107.30923756479868,12.967152289684002,3.924931064548575,detour_factor_1.35,4.5,1.35,0,0,0,0,0,0,0,0,0,233.40874121431204,,False,False,0.158764004767971,0.0,0.0,0.0,0.158764004767971,0.158764004767971,0.158764004767971
06037554105,243.09772271022635,60.599256393448016,94.4969679692381,13.505429039457018,3.3666253551915557,detour_factor_1.35,4.5,1.35,0,0,0,0,0,0,0,0,0,243.09772271022635,,False,False,0.1803444649052171,0.0,0.0,0.0,0.1803444649052171,0.1803444649052171,0.1803444649052171
06037554104,246.25314416231686,47.36705299459861,80.83356995889696,13.680730231239826,2.631502944144367,detour_factor_1.35,4.5,1.35,0,0,0,0,0,0,0,0,0,246.25314416231686,,False,False,0.21965812970778167,0.0,0.0,0.0,0.21965812970778167,0.21965812970778167,0.21965812970778167
06037553504,199.4133529739533,27.852859332363092,103.73250368634591,11.07851960966407,1.5473810740201714,detour_factor_1.35,4.5,1.35,0,0,0,0,4,0,0,4,0,199.4133529739533,,False,False,0.3237330879685448,0.0,0.0,0.0,0.3237330879685448,0.3237330879685448,0.3237330879685448
06037241201,92.480105276385,24.1574123152064,97.50859563050622,5.137783626465833,1.342078461955911,detour_factor_1.35,4.5,1.35,0,0,0,0,8,0,0,12,0,92.480105276385,,False,False,0.3556433221768334,0.0,0.0,0.0,0.3556433221768334,0.3556433221768334,0.3556433221768334
06037239801,99.98103367769755,35.168382213072285,53.90997638776556,5.554501870983197,1.953799011837349,detour_factor_1.35,4.5,1.35,0,0,0,0,0,0,0,7,0,99.98103367769755,,False,False,0.2749043654048943,0.0,0.0,0.0,0.2749043654048943,0.2749043654048943,0.2749043654048943
06037234901,58.149265641726295,12.638516014788552,45.23548384407496,3.2305147578736824,0.7021397785993639,detour_factor_1.35,4.5,1.35,0,3,0,0,8,0,0,8,0,58.149265641726295,,False,False,0.5133763543217809,0.0,0.0,0.0,0.5133763543217809,0.5133763543217809,0.5133763543217809
06037214901,99.30110704738212,26.00994944774069,58.271890264946364,5.5167281692990064,1.4449971915411495,detour_factor_1.35,4.5,1.35,0,0,0,0,5,0,0,5,0,99.30110704738212,,False,False,0.33889732607029166,0.0,0.0,0.0,0.33889732607029166,0.33889732607029166,0.33889732607029166
06037214503,136.5750261260553,12.623792656649956,77.47470645981477,7.587501451447517,0.7013218142583308,detour_factor_1.35,4.5,1.35,0,5,0,0,10,0,0,15,0,136.5750261260553,,False,False,0.5136675508096926,0.0,0.0,0.0,0.5136675508096926,0.5136675508096926,0.5136675508096926
06037212501,67.75333010068037,11.315906928698254,12.05638643207493,3.7640738944822423,0.6286614960387918,detour_factor_1.35,4.5,1.35,0,8,1,0,12,3,0,12,3,67.75333010068037,,False,False,0.5409226893646418,0.0,0.0,0.0,0.5409226893646418,0.5409226893646418,0.5409226893646418
06037212102,64.63725543904326,5.75248327973436,11.886122164878234,3.590958635502403,0.3195824044296866,detour_factor_1.35,4.5,1.35,0,8,1,0,15,3,0,19,3,64.63725543904326,,False,False,0.6985990488981361,0.0,0.0,0.0,0.6985990488981361,0.6985990488981361,0.6985990488981361
06037212101,59.016938977100956,5.8517561858400535,5.33764234657702,3.2787188320611635,0.32509756588000294,detour_factor_1.35,4.5,1.35,0,8,1,0,15,3,0,19,3,59.016938977100956,,False,False,0.6949841604860969,0.0,0.019136706142194426,0.0,0.6949841604860969,0.7141208666282913,0.6949841604860969
06037211922,65.46937532223069,12.198726402069092,12.30645184031798,3.6371875179017046,0.6777070223371716,detour_factor_1.35,4.5,1.35,0,8,1,0,15,2,0,20,3,65.46937532223069,,False,False,0.522219259688066,0.0,0.0,0.0,0.522219259688066,0.522219259688066,0.522219259688066
06037211804,79.7737292179278,10.654426260338523,11.053092579856123,4.431873845440433,0.5919125700188068,detour_factor_1.35,4.5,1.35,0,8,1,0,12,2,0,15,3,79.7737292179278,,False,False,0.5558390428779669,0.0,0.0,0.0,0.5558390428779669,0.5558390428779669,0.5558390428779669
06037211803,73.93512522347211,10.936272308812514,15.294404694064397,4.107506956859562,0.6075706838229175,detour_factor_1.35,4.5,1.35,0,5,0,0,15,2,0,15,3,73.93512522347211,,False,False,0.5493840126589893,0.0,0.0,0.0,0.5493840126589893,0.5493840126589893,0.5493840126589893
06037211202,76.32142226931376,4.384334320260181,27.074516957539707,4.240079014961875,0.24357412890334337,detour_factor_1.35,4.5,1.35,0,3,0,0,13,1,0,22,2,76.32142226931376,,False,False,0.7525444993110622,0.0,0.0,0.0,0.7525444993110622,0.7525444993110622,0.7525444993110622
06037265201,19.04766909219132,63.39571042022334,19.751180976815895,1.0582038384550734,3.521983912234629,detour_factor_1.35,4.5,1.35,0,0,0,1,0,1,1,0,2,19.04766909219132,,True,True,0.17377166039183548,0.22923662343366139,0.22923662343366139,0.0,0.40300828382549686,0.40300828382549686,0.17377166039183548
06037234502,65.39665460666093,13.413045315182615,78.13608146344001,3.6331474781478295,0.7451691841768119,detour_factor_1.35,4.5,1.35,0,4,0,0,11,0,0,21,0,36.413045315182615,23.0,False,True,0.4985098546816972,0.0,0.0,0.0,0.4985098546816972,0.4985098546816972,0.4985098546816972
06037234501,69.60098631804959,18.8189240209299,72.61721447130037,3.866721462113866,1.04549577894055,detour_factor_1.35,4.5,1.35,0,0,0,0,8,0,0,12,0,41.8189240209299,23.0,False,True,0.4146935372662224,0.0,0.0,0.0,0.4146935372662224,0.4146935372662224,0.4146935372662224
06037219901,125.03159942923011,12.7732339151279,107.1829142600059,6.9461999682905615,0.7096241063959944,detour_factor_1.35,4.5,1.35,0,4,0,0,12,0,0,16,0,125.03159942923011,,False,False,0.5107271747540544,0.0,0.0,0.0,0.5107271747540544,0.5107271747540544,0.5107271747540544
06037214902,110.94163336022586,16.563850369211647,67.28211182637827,6.163424075568104,0.920213909400647,detour_factor_1.35,4.5,1.35,0,0,0,0,5,0,0,10,0,110.94163336022586,,False,False,0.4459728871451641,0.0,0.0,0.0,0.4459728871451641,0.4459728871451641,0.4459728871451641
06037214502,129.7351525332856,14.92185317318771,69.50501152453056,7.207508474071421,0.8289918429548728,detour_factor_1.35,4.5,1.35,0,2,0,0,10,0,0,15,0,129.7351525332856,,False,False,0.47188976545088873,0.0,0.0,0.0,0.47188976545088873,0.47188976545088873,0.47188976545088873
06037212701,87.52420246070508,22.453212148615222,22.543178391396136,4.862455692261393,1.2474006749230677,detour_factor_1.35,4.5,1.35,0,0,0,0,4,1,0,13,1,87.52420246070508,,False,False,0.3725795031000948,0.0,0.0,0.0,0.3725795031000948,0.3725795031000948,0.3725795031000948
06037211703,87.65772315785941,12.623723421435212,12.824254203691119,4.869873508769967,0.7013179678575117,detour_factor_1.35,4.5,1.35,0,4,1,0,8,1,0,15,2,87.65772315785941,,False,False,0.5136689209143052,0.0,0.0,0.0,0.5136689209143052,0.5136689209143052,0.5136689209143052
06037208301,35.313606566721866,18.46659728413975,38.442246212996835,1.9618670314845477,1.025922071341097,detour_factor_1.35,4.5,1.35,0,0,0,0,13,0,4,34,2,35.313606566721866,,False,True,0.41928812655984465,0.0,0.0,0.0,0.41928812655984465,0.41928812655984465,0.41928812655984465
06037207502,13.4293550613498,5.08659212878411,10.602255442947664,0.7460752811860999,0.2825884515991172,detour_factor_1.35,4.5,1.35,1,22,1,2,24,2,4,43,4,13.4293550613498,,True,True,0.7238538158449537,0.0,0.0,0.0,0.7238538158449537,0.7238538158449537,0.7238538158449537
06037207301,20.573688946724143,3.536246336847767,14.163331689610766,1.1429827192624522,0.1964581298248759,detour_factor_1.35,4.5,1.35,0,16,2,3,28,2,4,52,4,20.573688946724143,,True,True,0.7903773297269235,0.0,0.0,0.0,0.7903773297269235,0.7903773297269235,0.7903773297269235
06037207102,12.84665147085341,9.111651250547913,9.81913609918886,0.713702859491856,0.5062028472526618,detour_factor_1.35,4.5,1.35,1,15,1,2,26,2,2,41,2,45.111651250547915,36.0,False,False,0.5940451098776249,0.0,0.0,0.0,0.5940451098776249,0.5940451098776249,0.5940451098776249
06037207101,11.392263878677067,11.264987166961996,18.337408780550604,0.6329035488153926,0.6258326203867776,detour_factor_1.35,4.5,1.35,1,4,0,2,26,2,2,38,2,11.392263878677067,,True,True,0.5420424265621407,0.0,0.0,0.0,0.5420424265621407,0.5420424265621407,0.5420424265621407
06037402304,51.39147836312797,67.56518040100185,25.48248173671689,2.8550821312848873,3.753621133388992,detour_factor_1.35,4.5,1.35,0,0,0,0,0,1,0,0,1,51.39147836312797,,False,False,0.16481555368395304,0.1786870446582665,0.1786870446582665,0.1786870446582665,0.3435025983422195,0.3435025983422195,0.3435025983422195
06037211121,62.56460402804255,13.883158334249558,21.99260030970042,3.475811334891253,0.7712865741249754,detour_factor_1.35,4.5,1.35,0,3,0,0,7,1,0,24,3,19.883158334249558,6.0,True,True,0.4898990470992426,0.0,0.0,0.0,0.4898990470992426,0.4898990470992426,0.4898990470992426
06037189201,30.88063598748714,11.881786374584534,82.49804792066988,1.7155908881937296,0.6600992430324741,detour_factor_1.35,4.5,1.35,0,4,0,0,13,0,1,13,0,30.88063598748714,,False,True,0.5287832652702615,0.0,0.0,0.0,0.5287832652702615,0.5287832652702615,0.5287832652702615
06037185204,64.17291731796098,28.866100456948462,94.71459037154696,3.565162073220054,1.6036722476082477,detour_factor_1.35,4.5,1.35,0,0,0,0,4,0,0,13,0,55.86610045694846,27.0,False,False,0.31596000552035597,0.0,0.0,0.0,0.31596000552035597,0.31596000552035597,0.31596000552035597
06037185203,53.30396042095458,40.37018414202457,86.92508381868238,2.9613311344974766,2.242788007890254,detour_factor_1.35,4.5,1.35,0,0,0,0,0,0,0,13,0,53.30396042095458,,False,False,0.24827672301821557,0.0,0.0,0.0,0.24827672301821557,0.24827672301821557,0.24827672301821557
06037208501,50.81935231252167,26.267087803329638,35.997106079809434,2.8232973506956482,1.4592826557405354,detour_factor_1.35,4.5,1.35,0,0,0,0,4,0,0,11,1,50.81935231252167,,False,False,0.3366967560097241,0.0,0.0,0.0,0.3366967560097241,0.3366967560097241,0.3366967560097241
06037207501,11.938079371985761,4.140593062857281,13.650557293427362,0.6632266317769867,0.23003294793651563,detour_factor_1.35,4.5,1.35,1,11,1,1,26,1,5,43,3,11.938079371985761,,True,True,0.7630416330607902,0.0,0.0,0.0,0.7630416330607902,0.7630416330607902,0.7630416330607902
06037207302,16.195298041815605,6.352134665714196,9.225929539831029,0.8997387801008668,0.35289637031745535,detour_factor_1.35,4.5,1.35,0,11,1,1,30,3,4,45,4,16.195298041815605,,True,True,0.677318585160305,0.0,0.0,0.0,0.677318585160305,0.677318585160305,0.677318585160305
06037190801,62.26786663128119,13.989234235034823,69.56067437326617,3.459325923960066,0.7771796797241568,detour_factor_1.35,4.5,1.35,0,4,0,0,8,0,0,11,0,62.26786663128119,,False,False,0.4879970851923002,0.0,0.0,0.0,0.4879970851923002,0.4879970851923002,0.4879970851923002
06037190402,31.37673510212675,4.009213677896906,83.07619643882555,1.7431519501181527,0.22273409321649473,detour_factor_1.35,4.5,1.35,0,4,0,0,8,0,1,17,0,4.009213677896906,0.0,True,True,0.7688220954338066,0.0,0.0,0.0,0.7688220954338066,0.7688220954338066,0.7688220954338066
06037190401,29.51611624587479,9.589361702673909,83.67229934747279,1.6397842358819326,0.5327423168152171,detour_factor_1.35,4.5,1.35,0,4,0,1,8,0,1,17,0,9.589361702673909,0.0,True,True,0.5816651712370284,0.0,0.0,0.0,0.5816651712370284,0.5816651712370284,0.5816651712370284
06037190201,56.41750020841705,7.420002388971543,89.53956591567243,3.1343055671342803,0.41222235494286347,detour_factor_1.35,4.5,1.35,0,4,0,0,7,0,0,11,0,56.41750020841705,,False,False,0.6424669996063903,0.0,0.0,0.0,0.6424669996063903,0.6424669996063903,0.6424669996063903
06037189904,79.7527445268421,13.079812750790133,98.17887391333814,4.430708029269005,0.726656263932785,detour_factor_1.35,4.5,1.35,0,3,0,0,3,0,0,7,0,79.7527445268421,,False,False,0.5047991364174446,0.0,0.0,0.0,0.5047991364174446,0.5047991364174446,0.5047991364174446
06037408631,56.020431084623,259.15942896745537,179.53786612955307,3.112246171367944,14.397746053747518,detour_factor_1.35,4.5,1.35,0,0,0,0,0,0,0,0,0,259.15942896745537,0.0,False,False,0.04893096323276085,0.02019980056434522,0.02019980056434522,0.013721347707698846,0.06913076379710607,0.06913076379710607,0.0626523109404597
06037402303,40.93028946333358,51.79736059087304,8.617418109403928,2.2739049701851988,2.877631143937391,detour_factor_1.35,4.5,1.35,0,0,1,0,0,1,1,0,1,40.93028946333358,,False,True,0.20471658645076846,0.40270377308069844,0.40270377308069844,0.40270377308069844,0.6074203595314669,0.6074203595314669,0.6074203595314669
06037402002,88.60457004096548,65.87292089004731,72.14466521696521,4.922476113386971,3.6596067161137396,detour_factor_1.35,4.5,1.35,0,0,0,0,0,0,0,0,0,88.60457004096548,,False,False,0.16833687521354226,0.0,0.0,0.0,0.16833687521354226,0.16833687521354226,0.16833687521354226
06037402001,71.86247369546703,49.678467438102686,57.82835372363736,3.9923596497481677,2.759914857672371,detour_factor_1.35,4.5,1.35,0,0,0,0,0,0,0,0,0,71.86247369546703,,False,False,0.21160057592541442,0.0,0.0,0.0,0.21160057592541442,0.21160057592541442,0.21160057592541442
06037400404,169.4885441508003,89.19810957096021,211.4998138938386,9.416030230600017,4.955450531720011,detour_factor_1.35,4.5,1.35,0,0,0,0,0,0,0,0,0,169.4885441508003,,False,False,0.13004140930484256,0.0,0.0,0.0,0.13004140930484256,0.13004140930484256,0.13004140930484256
06037400207,112.46877911722481,92.09885403437755,150.35323272411432,6.248265506512489,5.116603001909864,detour_factor_1.35,4.5,1.35,0,0,0,0,0,0,0,0,0,92.09885403437755,0.0,False,False,0.12646359395761458,0.0,0.0,0.0,0.12646359395761458,0.12646359395761458,0.12646359395761458
06037531504,141.36414167769797,10.666817463933086,23.20391153570743,7.853563426538776,0.5926009702185048,detour_factor_1.35,4.5,1.35,0,7,0,0,12,1,0,16,1,141.36414167769797,,False,False,0.5555520649000247,0.0,0.0,0.0,0.5555520649000247,0.5555520649000247,0.5555520649000247
06037531503,129.03635164062106,12.281746293129087,33.55436665498362,7.168686202256726,0.6823192385071716,detour_factor_1.35,4.5,1.35,0,4,0,0,8,0,0,16,1,129.03635164062106,,False,False,0.5205267181585856,0.0,0.0,0.0,0.5205267181585856,0.5205267181585856,0.5205267181585856
06037206031,49.50609282266939,30.635590121564032,39.415825725613026,2.750338490148299,1.7019772289757793,detour_factor_1.35,4.5,1.35,0,0,0,0,0,0,0,26,2,49.50609282266939,,False,False,0.30324448009309257,0.0,0.0,0.0,0.30324448009309257,0.30324448009309257,0.30324448009309257
06037186301,96.43029989559446,73.01411332798129,131.80223165560218,5.357238883088581,4.056339629332294,detour_factor_1.35,4.5,1.35,0,0,0,0,0,0,0,0,0,100.01411332798129,27.0,False,False,0.1544149114869766,0.0,0.0,0.0,0.1544149114869766,0.1544149114869766,0.1544149114869766
06037183104,63.09786504661464,26.801478040113807,163.93125791087232,3.505436947034147,1.4889710022285447,detour_factor_1.35,4.5,1.35,0,0,0,0,6,0,0,10,0,63.09786504661464,,False,False,0.33221367877549207,0.0,0.0,0.0,0.33221367877549207,0.33221367877549207,0.33221367877549207
06037311801,66.95148448032316,108.7420592993301,118.2506033999548,3.719526915573509,6.041225516629449,detour_factor_1.35,4.5,1.35,0,0,0,0,0,0,0,0,0,108.7420592993301,0.0,False,False,0.10922212123007143,0.0,0.0,0.0,0.10922212123007143,0.10922212123007143,0.10922212123007143
06037980028,112.91937998171751,45.501096250867235,45.5302602742027,6.273298887873195,2.527838680603735,detour_factor_1.35,4.5,1.35,0,0,0,0,0,0,0,0,0,112.91937998171751,,False,False,0.2266246724505318,0.0,0.0,0.0,0.2266246724505318,0.2266246724505318,0.2266246724505318
06037980026,263.7418276633798,277.9699028317169,279.7670987798189,14.652323759076655,15.442772379539827,detour_factor_1.35,4.5,1.35,0,0,0,0,0,0,0,0,0,277.9699028317169,0.0,False,False,0.04577131894881788,0.0,0.0,0.0,0.04577131894881788,0.04577131894881788,0.04577131894881788
06037408505,81.31797953164924,261.85062075845843,175.58909975423177,4.517665529536069,14.547256708803246,detour_factor_1.35,4.5,1.35,0,0,0,0,0,0,0,0,0,81.31797953164924,,False,False,0.048452437488000474,0.02212326448357728,0.02212326448357728,0.02212326448357728,0.07057570197157775,0.07057570197157775,0.07057570197157775
06037408504,71.57064293335617,266.1442675949691,189.10340867290878,3.9761468296308977,14.78579264416495,detour_factor_1.35,4.5,1.35,0,0,0,0,0,0,0,0,0,266.1442675949691,0.0,False,False,0.04770805706448684,0.01815613933184817,0.01815613933184817,0.01815613933184817,0.065864196396335,0.065864196396335,0.065864196396335
06037406701,62.873760973327656,147.93329321864388,155.7035138494817,3.4929867207404253,8.21851628992466,detour_factor_1.35,4.5,1.35,0,0,0,0,0,0,0,0,0,147.93329321864388,0.0,False,False,0.08267881345577673,0.0,0.0,0.0,0.08267881345577673,0.08267881345577673,0.08267881345577673
06037408141,85.06809038971753,241.77099891171594,72.50122669227095,4.726005021650973,13.431722161761995,detour_factor_1.35,4.5,1.35,0,0,0,0,0,0,0,0,0,85.06809038971753,,False,False,0.05226619719074602,0.10307138861800078,0.10307138861800078,0.0,0.1553375858087468,0.1553375858087468,0.05226619719074602
06037408140,67.63338600786854,244.18686317893102,90.72332417277156,3.757410333770474,13.565936843273946,detour_factor_1.35,4.5,1.35,0,0,0,0,0,0,0,0,0,244.18686317893102,0.0,False,False,0.051775874334960496,0.07635944783364829,0.07635944783364829,0.0,0.1281353221686088,0.1281353221686088,0.051775874334960496
06037408005,89.80559375195988,173.27956089530352,121.16641956740001,4.98919965288666,9.626642271961307,detour_factor_1.35,4.5,1.35,0,0,0,0,0,0,0,0,0,89.80559375195988,,False,False,0.07144915354561418,0.027683618416977543,0.027683618416977543,0.0,0.09913277196259172,0.09913277196259172,0.07144915354561418
06037407802,8.104826099592433,204.37797588798688,151.99792757761003,0.450268116644024,11.354331993777048,detour_factor_1.35,4.5,1.35,1,0,0,1,0,0,1,0,0,204.37797588798688,0.0,False,False,0.06124318199648039,0.019402990178516877,0.019402990178516877,0.0030446133011545196,0.08064617217499727,0.08064617217499727,0.06428779529763491
06037183103,72.06237467546036,24.535733250323467,156.75026027436755,4.003465259747798,1.363096291684637,detour_factor_1.35,4.5,1.35,0,0,0,0,6,0,0,10,0,72.06237467546036,,False,False,0.3520903612419012,0.0,0.0,0.0,0.3520903612419012,0.3520903612419012,0.3520903612419012
06037127805,62.082475253553746,141.7782949593522,62.08281779136953,3.4490264029752082,7.8765719421862315,detour_factor_1.35,4.5,1.35,0,0,0,0,0,0,0,0,0,141.7782949593522,0.0,False,False,0.08595959877472373,0.07184480524793921,0.09083718990368905,0.0,0.15780440402266294,0.17679678867841278,0.08595959877472373
06037127605,32.8590089599715,185.55021388849408,23.759475519336295,1.825500497776194,10.30834521602745,detour_factor_1.35,4.5,1.35,0,0,0,0,0,1,1,0,2,185.55021388849408,0.0,False,False,0.06704090669934513,0.29241780634372794,0.29241780634372794,0.0,0.3594587130430731,0.3594587130430731,0.06704090669934513
06037125401,49.849410493484584,14.894489741659504,14.008344627040975,2.7694116940824767,0.8274716523144168,detour_factor_1.35,4.5,1.35,0,2,2,0,4,2,0,4,2,49.849410493484584,,False,False,0.47234720502217536,0.015308795924695529,0.015308795924695529,0.0,0.4876560009468709,0.4876560009468709,0.47234720502217536
06037122122,133.4358768354233,103.60388231327033,105.73612193791605,7.413104268634628,5.75577123962613,detour_factor_1.35,4.5,1.35,0,0,0,0,0,0,0,0,0,103.60388231327033,0.0,False,False,0.11402129988820704,0.0,0.0,0.0,0.11402129988820704,0.11402129988820704,0.11402129988820704
06037120105,129.98682164607547,170.78245930885555,119.6409752066208,7.221490091448636,9.48791440604753,detour_factor_1.35,4.5,1.35,0,0,0,0,0,0,0,0,0,170.78245930885555,0.0,False,False,0.07241819477835543,0.02785180083006042,0.02785180083006042,0.0,0.10026999560841585,0.10026999560841585,0.07241819477835543
06037115103,159.6331307587143,290.9577167858782,123.94947786961713,8.868507264373015,16.16431759921545,detour_factor_1.35,4.5,1.35,0,0,0,0,0,0,0,0,0,290.9577167858782,0.0,False,False,0.043817697983919546,0.05306431646084153,0.05330541026611588,0.0,0.09688201444476108,0.09712310825003542,0.043817697983919546
06037113235,310.53305791060484,485.0713644964659,98.45818147978966,17.251836550589157,26.94840913869255,detour_factor_1.35,4.5,1.35,0,0,0,0,0,0,0,0,0,485.0713644964659,0.0,False,False,0.026752021783483564,0.018839231093979163,0.09251761469672773,0.0,0.045591252877462726,0.1192696364802113,0.026752021783483564
06037320202,248.1897982933071,259.30128060535674,230.35548382515066,13.788322127405948,14.405626700297596,detour_factor_1.35,4.5,1.35,0,0,0,0,0,0,0,0,0,259.30128060535674,0.0,False,False,0.04890550447982268,0.005809083939973161,0.005809083939973161,0.0,0.05471458841979584,0.05471458841979584,0.04890550447982268
06037980025,59.97000348516563,46.56100464985615,99.5815947737372,3.3316668602869792,2.586722480547564,detour_factor_1.35,4.5,1.35,0,0,0,0,0,0,0,0,0,59.97000348516563,,False,False,0.2226142534053151,0.0,0.0,0.0,0.2226142534053151,0.2226142534053151,0.2226142534053151
06037980024,0.2238084891781982,182.60228560410064,0.21947739330921157,0.012433804954344343,10.144571422450035,detour_factor_1.35,4.5,1.35,1,0,1,1,0,1,1,0,2,182.60228560410064,0.0,False,False,0.06804956345171177,0.19834287656086763,0.9157562021760959,0.0,0.2663924400125794,0.9838057656278076,0.06804956345171177
06037980023,264.5794803721373,437.97548065327385,60.1333942719224,14.698860020674296,24.3319711474041,detour_factor_1.35,4.5,1.35,0,0,0,0,0,0,0,0,0,437.97548065327385,0.0,False,False,0.029543702493984546,0.024686142159828943,0.15194435023343109,0.0,0.05422984465381349,0.18148805272741564,0.029543702493984546
06037980022,253.6779063621066,318.3349494083604,214.37746381848436,14.09321702011703,17.685274967131132,detour_factor_1.35,4.5,1.35,0,0,0,0,0,0,0,0,0,318.3349494083604,0.0,False,False,0.040200809143144556,0.015611117341711861,0.01835299462947071,0.0,0.05581192648485642,0.058553803772615265,0.040200809143144556
06037980021,223.8128469649106,193.2339823448117,195.32706560130185,12.434047053606145,10.735221241378428,detour_factor_1.35,4.5,1.35,0,0,0,0,0,0,0,0,0,193.2339823448117,0.0,False,False,0.06454715882597882,0.0,0.0,0.0,0.06454715882597882,0.06454715882597882,0.06454715882597882
06037980020,149.8474834531517,166.63921402819884,168.29645823349637,8.324860191841761,9.257734112677712,detour_factor_1.35,4.5,1.35,0,0,0,0,0,0,0,0,0,149.8474834531517,,False,False,0.0740853731794388,0.0,0.0,0.0,0.0740853731794388,0.0740853731794388,0.0740853731794388
06037407801,33.23607982511024,198.03549445283096,132.68113846175763,1.8464488791727909,11.001971914046164,detour_factor_1.35,4.5,1.35,0,0,0,0,0,0,1,0,0,198.03549445283096,0.0,False,False,0.06308088791040786,0.028234261673152822,0.028234261673152822,0.0,0.09131514958356068,0.09131514958356068,0.06308088791040786
06037407602,14.073556329546419,197.79008943770864,168.1841912219303,0.7818642405303565,10.988338302094924,detour_factor_1.35,4.5,1.35,1,0,0,1,0,0,1,0,0,197.79008943770864,0.0,False,False,0.06315421168494884,0.010300587602345077,0.010300587602345077,0.006595084972210688,0.07345479928729391,0.07345479928729391,0.06974929665715952
06037407601,30.66445974210573,181.99685529037905,165.86496559649055,1.7035810967836518,10.110936405021057,detour_factor_1.35,4.5,1.35,0,0,0,0,0,0,1,0,0,181.99685529037905,0.0,False,False,0.06826048460445051,0.006144983600104376,0.006144983600104376,0.006144983600104376,0.07440546820455489,0.07440546820455489,0.07440546820455489
06037407502,38.14619214321735,170.96745430935673,168.47778067501716,2.119232896845408,9.498191906075373,detour_factor_1.35,4.5,1.35,0,0,0,0,0,0,1,0,0,170.96745430935673,0.0,False,False,0.07234550380318017,0.0009906803242705903,0.0009906803242705903,0.0,0.07333618412745076,0.07333618412745076,0.07234550380318017
06037407501,49.08833685903745,164.81337616137714,154.15946965458073,2.72712982550208,9.156298675632064,detour_factor_1.35,4.5,1.35,0,0,0,0,0,0,0,0,0,164.81337616137714,0.0,False,False,0.07484467925987275,0.004760731214363809,0.004760731214363809,0.004760731214363809,0.07960541047423655,0.07960541047423655,0.07960541047423655
06037406902,76.15744930742315,150.96841897446424,126.25945396855835,4.230969405967953,8.387134387470235,detour_factor_1.35,4.5,1.35,0,0,0,0,0,0,0,0,0,76.15744930742315,,False,False,0.0811514980580067,0.014364420715775456,0.014364420715775456,0.014364420715775456,0.09551591877378215,0.09551591877378215,0.09551591877378215
06037406901,85.18195366064654,146.68701497273733,115.42519900285129,4.732330758924808,8.149278609596518,detour_factor_1.35,4.5,1.35,0,0,0,0,0,0,0,0,0,85.18195366064654,,False,False,0.08332273660491407,0.020230271428141197,0.020230271428141197,0.020230271428141197,0.10355300803305527,0.10355300803305527,0.10355300803305527
06037701402,51.695368474075366,23.639546522553147,129.345968017344,2.871964915226409,1.3133081401418416,detour_factor_1.35,4.5,1.35,0,0,0,0,7,0,0,11,0,51.695368474075366,,False,False,0.3606246899160743,0.0,0.0,0.0,0.3606246899160743,0.3606246899160743,0.3606246899160743
06037320201,238.23173548602867,255.55909256247716,219.7761175537553,13.23509641589048,14.197727364582063,detour_factor_1.35,4.5,1.35,0,0,0,0,0,0,0,0,0,255.55909256247716,0.0,False,False,0.049586124595787935,0.0076116135593742446,0.0076116135593742446,0.0,0.05719773815516218,0.05719773815516218,0.049586124595787935
06037310602,81.18142075566865,108.1258346207715,109.54922832023541,4.51007893087048,6.006990812265083,detour_factor_1.35,4.5,1.35,0,0,0,0,0,0,0,0,0,81.18142075566865,,False,False,0.10977626109188837,0.0,0.0,0.0,0.10977626109188837,0.10977626109188837,0.10977626109188837
06037310601,74.60236225690474,96.19702081416085,97.6818698879161,4.144575680939153,5.344278934120047,detour_factor_1.35,4.5,1.35,0,0,0,0,0,0,0,0,0,74.60236225690474,,False,False,0.1217318563160911,0.0,0.0,0.0,0.1217318563160911,0.1217318563160911,0.1217318563160911
06037310501,75.81619072960859,79.32696556007637,81.03026412189688,4.212010596089366,4.407053642226465,detour_factor_1.35,4.5,1.35,0,0,0,0,0,0,0,0,0,79.32696556007637,0.0,False,False,0.14389478010071086,0.0,0.0,0.0,0.14389478010071086,0.14389478010071086,0.14389478010071086
06037310202,99.78403750991292,139.37993428763616,140.58137148572126,5.543557639439607,7.743329682646452,detour_factor_1.35,4.5,1.35,0,0,0,0,0,0,0,0,0,99.78403750991292,,False,False,0.08730959360012082,0.0,0.0,0.0,0.08730959360012082,0.08730959360012082,0.08730959360012082
06037310201,94.89449014650725,128.1721131209841,129.51039943948095,5.2719161192504025,7.120672951165783,detour_factor_1.35,4.5,1.35,0,0,0,0,0,0,0,0,0,94.89449014650725,,False,False,0.09422487732751522,0.0,0.0,0.0,0.09422487732751522,0.09422487732751522,0.09422487732751522
06037302504,93.15361665890981,102.16958031156173,161.0956458447675,5.1752009254949884,5.6760877950867625,detour_factor_1.35,4.5,1.35,0,0,0,0,0,0,0,0,0,93.15361665890981,,False,False,0.11543720337935072,0.0,0.0,0.0,0.11543720337935072,0.11543720337935072,0.11543720337935072
06037302503,94.58567631267222,104.65877568600375,164.49999398027438,5.254759795148456,5.814376427000208,detour_factor_1.35,4.5,1.35,0,0,0,0,0,0,0,0,0,94.58567631267222,,False,False,0.11300190702708945,0.0,0.0,0.0,0.11300190702708945,0.11300190702708945,0.11300190702708945
06037302401,72.14255582107268,83.22108924975007,146.87066267925616,4.007919767837371,4.6233938472083365,detour_factor_1.35,4.5,1.35,0,0,0,0,0,0,0,0,0,72.14255582107268,,False,False,0.13809137869226273,0.0,0.0,0.0,0.13809137869226273,0.13809137869226273,0.13809137869226273
06037980015,118.16217174047193,170.8129000371144,173.00646494357463,6.564565096692885,9.489605557617464,detour_factor_1.35,4.5,1.35,0,0,0,0,0,0,0,0,0,118.16217174047193,,False,False,0.07240622351753791,0.0,0.0,0.0,0.07240622351753791,0.07240622351753791,0.07240622351753791
06037430902,51.278783994569345,20.429622424013047,123.85348805950855,2.8488213330316303,1.1349790235562802,detour_factor_1.35,4.5,1.35,0,0,0,0,7,0,0,7,0,51.278783994569345,,False,False,0.3949101325476273,0.0,0.0,0.0,0.3949101325476273,0.3949101325476273,0.3949101325476273
06037430901,57.339707239975056,20.117693907706307,134.0342252778893,3.185539291109725,1.1176496615392393,detour_factor_1.35,4.5,1.35,0,0,0,0,7,0,0,7,0,57.339707239975056,,False,False,0.39859264223058694,0.0,0.0,0.0,0.39859264223058694,0.39859264223058694,0.39859264223058694
06037408724,99.92577269178088,291.12068988699696,94.59880115222842,5.551431816210048,16.173371660388717,detour_factor_1.35,4.5,1.35,0,0,0,0,0,0,0,0,0,99.92577269178088,,False,False,0.043794242533901864,0.0797401746893298,0.0797401746893298,0.0006371144207943519,0.12353441722323166,0.12353441722323166,0.044431356954696216
06037408723,112.30204989981691,299.8236854461991,96.35317191342851,6.239002772212051,16.656871413677724,detour_factor_1.35,4.5,1.35,0,0,0,0,0,0,0,0,0,112.30204989981691,,False,False,0.0425771499080473,0.07898140739430563,0.07898140739430563,0.0009274600575083156,0.12155855730235293,0.12155855730235293,0.043504609965555614
06037408630,44.51333079967023,247.3070622588896,176.2928225262608,2.4729628222039017,13.739281236604977,detour_factor_1.35,4.5,1.35,0,0,0,0,0,0,1,0,0,247.3070622588896,0.0,False,False,0.051156050860947884,0.0191577371968863,0.0191577371968863,0.013331477043061042,0.07031378805783418,0.07031378805783418,0.06448752790400893
06037408139,49.52554710724108,234.9370458139293,108.78217846018757,2.7514192837356153,13.052058100773849,detour_factor_1.35,4.5,1.35,0,0,0,0,0,0,0,0,0,234.9370458139293,0.0,False,False,0.0537048897219616,0.05548134827111179,0.05548134827111179,0.0,0.10918623799307339,0.10918623799307339,0.0537048897219616
06037408138,42.32131574037363,221.2290664924636,114.80334950111576,2.3511842077985348,12.290503694025755,detour_factor_1.35,4.5,1.35,0,0,0,0,0,0,1,0,0,221.2290664924636,0.0,False,False,0.056843438433592235,0.04721211410915483,0.04721211410915483,0.0,0.10405555254274707,0.10405555254274707,0.056843438433592235
06037701304,31.272108491081212,38.64361594779162,117.8327273183297,1.7373393606156229,2.1468675526550904,detour_factor_1.35,4.5,1.35,0,0,0,0,0,0,1,11,0,31.272108491081212,,False,True,0.2565239691390513,0.0,0.0,0.0,0.2565239691390513,0.2565239691390513,0.2565239691390513
06037700802,107.3771780102345,12.117507734273953,60.673100922142666,5.96539877834636,0.6731948741263307,detour_factor_1.35,4.5,1.35,0,5,0,0,5,0,0,10,0,107.3771780102345,,False,False,0.5238857646360228,0.0,0.0,0.0,0.5238857646360228,0.5238857646360228,0.5238857646360228
06037700801,85.50682257971586,36.68035335303399,46.53043097199154,4.750379032206436,2.0377974085018886,detour_factor_1.35,4.5,1.35,0,0,0,0,0,0,0,5,0,85.50682257971586,,False,False,0.2665936909819471,0.0,0.0,0.0,0.2665936909819471,0.2665936909819471,0.2665936909819471
06037700502,107.47386858138239,49.58219510921907,86.738706428115,5.970770476743466,2.754566394956615,detour_factor_1.35,4.5,1.35,0,0,0,0,0,0,0,0,0,107.47386858138239,,False,False,0.21192436372060164,0.0,0.0,0.0,0.21192436372060164,0.21192436372060164,0.21192436372060164
06037700501,104.46383361574473,47.37035004707758,75.09026623188097,5.8035463119858175,2.631686113726532,detour_factor_1.35,4.5,1.35,0,0,0,0,0,0,0,0,0,104.46383361574473,,False,False,0.21964619922283007,0.0,0.0,0.0,0.21964619922283007,0.21964619922283007,0.21964619922283007
06037700101,92.40172306539887,27.964757113606673,95.073852263355,5.133429059188826,1.5535976174225927,detour_factor_1.35,4.5,1.35,0,0,0,0,3,0,0,3,0,92.40172306539887,,False,False,0.3228559284227455,0.0,0.0,0.0,0.3228559284227455,0.3228559284227455,0.3228559284227455
06037670602,168.81475156327912,304.96256391725194,296.906029641781,9.378597309071061,16.94236466206955,detour_factor_1.35,4.5,1.35,0,0,0,0,0,0,0,0,0,304.96256391725194,0.0,False,False,0.04188974299859222,0.0010878250490924876,0.0010878250490924876,0.0010878250490924876,0.04297756804768471,0.04297756804768471,0.04297756804768471
06037670416,236.6382745431107,285.3108005352285,305.3828034023568,13.146570807950594,15.850600029734917,detour_factor_1.35,4.5,1.35,0,0,0,0,0,0,0,0,0,236.6382745431107,,False,False,0.04464622546110868,0.0,0.0,0.0,0.04464622546110868,0.04464622546110868,0.04464622546110868
06037302004,118.99534815146046,106.91571454990843,185.29633932158214,6.610852675081136,5.9397619194393565,detour_factor_1.35,4.5,1.35,0,0,0,0,0,0,0,0,0,118.99534815146046,,False,False,0.11088098881481043,0.0,0.0,0.0,0.11088098881481043,0.11088098881481043,0.11088098881481043
06037302003,112.14543196468415,113.52678071824805,186.52635242477297,6.230301775815786,6.307043373236002,detour_factor_1.35,4.5,1.35,0,0,0,0,0,0,0,0,0,112.14543196468415,,False,False,0.10510264343536688,0.0,0.0,0.0,0.10510264343536688,0.10510264343536688,0.10510264343536688
06037301802,91.07913028089195,113.77098043361856,181.55298656122832,5.059951682271774,6.320610024089921,detour_factor_1.35,4.5,1.35,0,0,0,0,0,0,0,0,0,91.07913028089195,,False,False,0.10490071452476621,0.0,0.0,0.0,0.10490071452476621,0.10490071452476621,0.10490071452476621
06037301801,100.13570545280612,125.27337647405967,193.86756996041606,5.563094747378117,6.9596320263366485,detour_factor_1.35,4.5,1.35,0,0,0,0,0,0,0,0,0,100.13570545280612,,False,False,0.096195439252986,0.0,0.0,0.0,0.096195439252986,0.096195439252986,0.096195439252986
06037503106,238.00694785886824,132.95649164194862,61.596018854997254,13.222608214381568,7.386471757886035,detour_factor_1.35,4.5,1.35,0,0,0,0,0,0,0,0,0,132.95649164194862,0.0,False,False,0.09114327216938167,0.08680212498046652,0.08680212498046652,0.08680212498046652,0.1779453971498482,0.1779453971498482,0.1779453971498482
06037503105,229.07515244409225,121.36404255982642,58.50635645843882,12.726397358005125,6.7424468088792455,detour_factor_1.35,4.5,1.35,0,0,0,0,0,0,0,0,0,121.36404255982642,0.0,False,False,0.09898732803754962,0.08661109773489029,0.08661109773489029,0.08661109773489029,0.1855984257724399,0.1855984257724399,0.1855984257724399
06037503103,220.972013361949,108.13811118002505,57.905549435328005,12.276222964552721,6.007672843334725,detour_factor_1.35,4.5,1.35,0,0,0,0,0,0,0,0,0,108.13811118002505,0.0,False,False,0.10976516651094116,0.07739853981263405,0.07739853981263405,0.07739853981263405,0.1871637063235752,0.1871637063235752,0.1871637063235752
06037502801,208.6708878608374,58.116002358546076,27.43839848356724,11.592827103379856,3.2286667976970045,detour_factor_1.35,4.5,1.35,0,0,0,0,0,1,0,0,1,58.116002358546076,0.0,False,False,0.18661241849514826,0.14041154490212004,0.14041154490212004,0.0,0.3270239633972683,0.3270239633972683,0.18661241849514826
06037502005,177.86509241015997,138.53975516881323,104.35846419359699,9.881394022786665,7.696653064934067,detour_factor_1.35,4.5,1.35,0,0,0,0,0,0,0,0,0,138.53975516881323,0.0,False,False,0.08779260015604991,0.025497651276148586,0.025497651276148586,0.025497651276148586,0.1132902514321985,0.1132902514321985,0.1132902514321985
06037502004,156.8137570658704,131.91485124365218,105.68211648694793,8.711875392548356,7.3286028468695665,detour_factor_1.35,4.5,1.35,0,0,0,0,0,0,0,0,0,131.91485124365218,0.0,False,False,0.09179690177997578,0.020233371209516515,0.020233371209516515,0.00886657892765827,0.1120302729894923,0.1120302729894923,0.10066348070763405
06037408137,98.238541226355,231.62707416517668,58.76505859286437,5.4576967347975,12.868170786954257,detour_factor_1.35,4.5,1.35,0,0,0,0,0,0,0,0,0,98.238541226355,,False,False,0.054430564798168185,0.13050190008928414,0.13050190008928414,0.0,0.18493246488745232,0.18493246488745232,0.054430564798168185
06037408136,108.4723084164034,225.01356814219477,48.76050297744461,6.026239356466855,12.500753785677485,detour_factor_1.35,4.5,1.35,0,0,0,0,0,0,0,0,0,108.4723084164034,,False,False,0.055940871271205984,0.15878790255749367,0.15878790255749367,0.0,0.21472877382869965,0.21472877382869965,0.055940871271205984
06037408006,67.59470005712946,195.17350312719194,109.85928553666993,3.755261114284969,10.842972395955107,detour_factor_1.35,4.5,1.35,0,0,0,0,0,0,0,0,0,195.17350312719194,0.0,False,False,0.0639467441915633,0.044284848379766706,0.044284848379766706,0.0,0.10823159257133001,0.10823159257133001,0.0639467441915633
06037408004,47.311719014025286,184.49455404005548,133.16350359452318,2.6284288341125155,10.249697446669748,detour_factor_1.35,4.5,1.35,0,0,0,0,0,0,0,0,0,184.49455404005548,0.0,False,False,0.06739865400355527,0.02361582530496001,0.02361582530496001,0.0,0.09101447930851528,0.09101447930851528,0.06739865400355527
06037404503,178.4733667971776,50.07865199276687,216.0653658725206,9.915187044287643,2.7821473329314927,detour_factor_1.35,4.5,1.35,0,0,0,0,0,0,0,0,0,178.4733667971776,,False,False,0.21026519300359092,0.0,0.0,0.0,0.21026519300359092,0.21026519300359092,0.21026519300359092
06037402406,47.61394822764149,64.65717684671404,51.32948569025176,2.6452193459800823,3.592065380373002,detour_factor_1.35,4.5,1.35,0,0,0,0,0,0,0,0,0,64.65717684671404,0.0,False,False,0.17096097079698877,0.03523686490934097,0.03523686490934097,0.03523686490934097,0.20619783570632974,0.20619783570632974,0.20619783570632974
06037670328,261.8507296373031,255.4682902475346,290.76443549891064,14.54726275762795,14.192682791529702,detour_factor_1.35,4.5,1.35,0,0,0,0,0,0,0,0,0,261.8507296373031,,False,False,0.049602874996482485,0.0,0.0,0.0,0.049602874996482485,0.049602874996482485,0.049602874996482485
06037670326,251.11264927710457,224.9464290342173,256.486355974881,13.95070273761692,12.497023835234293,detour_factor_1.35,4.5,1.35,0,0,0,0,0,0,0,0,0,251.11264927710457,,False,False,0.05595663350027367,0.0,0.0,0.0,0.05595663350027367,0.05595663350027367,0.05595663350027367
06037670324,236.70380331716567,193.5190148341593,213.6763588319282,13.150211295398092,10.751056379675516,detour_factor_1.35,4.5,1.35,0,0,0,0,0,0,0,0,0,236.70380331716567,,False,False,0.06445821597605002,0.0,0.0,0.0,0.06445821597605002,0.06445821597605002,0.06445821597605002
06037651402,190.64774652255744,197.4746004679192,174.48953866556792,10.591541473475413,10.970811137106622,detour_factor_1.35,4.5,1.35,0,0,0,0,0,0,0,0,0,190.64774652255744,,False,False,0.06324872642556165,0.007740142988656079,0.007740142988656079,0.007740142988656079,0.07098886941421773,0.07098886941421773,0.07098886941421773
06037651401,162.37352035788732,223.20144325945967,182.95286031644955,9.02075113099374,12.400080181081092,detour_factor_1.35,4.5,1.35,0,0,0,0,0,0,0,0,0,162.37352035788732,,False,False,0.05636944184443273,0.011558582462375573,0.011558582462375573,0.011558582462375573,0.0679280243068083,0.0679280243068083,0.0679280243068083
06037651304,228.95295246113207,167.20341733764485,201.0214114942367,12.71960847006289,9.289078740980269,detour_factor_1.35,4.5,1.35,0,0,0,0,0,0,0,0,0,228.95295246113207,,False,False,0.07385384573378558,0.0,0.0,0.0,0.07385384573378558,0.07385384573378558,0.07385384573378558
06037552002,260.24245512928076,29.340501738827292,41.16485803185472,14.457914173848929,1.6300278743792938,detour_factor_1.35,4.5,1.35,0,0,0,0,1,0,0,4,1,29.340501738827292,0.0,True,True,0.31244750584958975,0.0,0.0,0.0,0.31244750584958975,0.31244750584958975,0.31244750584958975
06037552001,265.80839244637605,15.258125461769735,37.24269159061684,14.76713291368756,0.8476736367649852,detour_factor_1.35,4.5,1.35,0,0,0,0,4,0,0,4,1,15.258125461769735,0.0,True,True,0.46633973554427266,0.0,0.0,0.0,0.46633973554427266,0.46633973554427266,0.46633973554427266
06037502003,154.45781574035976,146.19787672928538,121.19980285812763,8.580989763353319,8.122104262738077,detour_factor_1.35,4.5,1.35,0,0,0,0,0,0,0,0,0,146.19787672928538,0.0,False,False,0.08357821223884514,0.015529960742107204,0.015529960742107204,0.013123419462784267,0.09910817298095234,0.09910817298095234,0.0967016317016294
06037501804,143.49291176240058,159.17372646129857,133.3599415743001,7.971828431244476,8.842984803405475,detour_factor_1.35,4.5,1.35,0,0,0,0,0,0,0,0,0,159.17372646129857,0.0,False,False,0.07729152273075982,0.013601078458550131,0.013601078458550131,0.01100165289204047,0.09089260118930995,0.09089260118930995,0.08829317562280029
06037501803,139.62653527571183,154.52223558324718,127.62357655028117,7.757029737539547,8.584568643513732,detour_factor_1.35,4.5,1.35,0,0,0,0,0,0,0,0,0,154.52223558324718,0.0,False,False,0.07943336893373865,0.015158186346115432,0.015158186346115432,0.008350200763339685,0.09459155527985408,0.09459155527985408,0.08778356969707833
06037108201,260.22183025533053,391.33486634466004,90.02011431944514,14.456768347518363,21.74082590803667,detour_factor_1.35,4.5,1.35,0,0,0,0,0,0,0,0,0,391.33486634466004,0.0,False,False,0.03294880433882145,0.023254077286484702,0.0960583418777943,0.0,0.05620288162530615,0.12900714621661574,0.03294880433882145
06037104822,181.49213745165775,169.885366672735,171.65728415996114,10.082896525092098,9.438075926263053,detour_factor_1.35,4.5,1.35,0,0,0,0,0,0,0,0,0,169.885366672735,0.0,False,False,0.07277277555670751,0.0,0.0,0.0,0.07277277555670751,0.07277277555670751,0.07277277555670751
06037104403,191.5696118709456,203.48651006582224,178.23637194377324,10.642756215052533,11.304806114767903,detour_factor_1.35,4.5,1.35,0,0,0,0,0,0,0,0,0,203.48651006582224,0.0,False,False,0.061494986456508346,0.008105440782478102,0.008105440782478102,0.0,0.06960042723898645,0.06960042723898645,0.061494986456508346
06037278001,103.87741603961992,42.1555327942826,29.112528147378402,5.770967557756662,2.341974044126811,detour_factor_1.35,4.5,1.35,0,0,0,0,0,1,0,15,1,49.6555327942826,7.5,False,False,0.2402884445803722,0.07383719377879436,0.07383719377879436,0.07383719377879436,0.31412563835916657,0.31412563835916657,0.31412563835916657
06037265202,20.820277971107775,53.595761647265505,10.60141508137647,1.1566821095059874,2.977542313736972,detour_factor_1.35,4.5,1.35,0,0,1,1,0,1,1,0,2,20.820277971107775,,True,True,0.19921580199460867,0.35785432476464907,0.35785432476464907,0.0,0.5570701267592577,0.5570701267592577,0.19921580199460867
06037264102,43.262606999127314,62.502086063365695,37.62846133644644,2.403478166618184,3.472338114631427,detour_factor_1.35,4.5,1.35,0,0,0,0,0,0,1,0,1,43.262606999127314,,False,True,0.17581933929297563,0.08581456547294045,0.08581456547294045,0.0,0.2616339047659161,0.2616339047659161,0.17581933929297563
06037920118,611.7342213860501,705.8788007706964,210.47884142714585,33.985234521447225,39.21548893170535,detour_factor_1.35,4.5,1.35,0,0,0,0,0,0,0,0,0,705.8788007706964,0.0,False,False,0.01853880475743579,0.0410349576958467,0.0410349576958467,0.0,0.05957376245328248,0.05957376245328248,0.01853880475743579
06037920114,530.4112061131957,605.7848788671075,94.84914896168786,29.46728922851087,33.654715492617086,detour_factor_1.35,4.5,1.35,0,0,0,0,0,0,0,0,0,605.7848788671075,0.0,False,False,0.021536005678050765,0.10171253743609597,0.10171253743609597,0.0,0.12324854311414674,0.12324854311414674,0.021536005678050765
06037900201,1131.7375046705272,1121.4972528416038,1071.0917327276004,62.87430581502928,62.30540293564465,detour_factor_1.35,4.5,1.35,0,0,0,0,0,0,0,0,0,1121.4972528416038,0.0,False,False,0.011749183971393212,0.0005461177056192354,0.0005461177056192354,0.0,0.012295301677012448,0.012295301677012448,0.011749183971393212
06037800203,309.7142225416821,422.80320571156716,212.4193745576336,17.206345696760117,23.489066983975952,detour_factor_1.35,4.5,1.35,0,0,0,0,0,0,0,0,0,309.7142225416821,,False,False,0.030571465904994165,0.013156025297332844,0.028490210288821458,0.0,0.04372749120232701,0.059061676193815624,0.030571465904994165
06037700102,99.23427546018831,32.56911083947099,90.67294231485023,5.513015303343795,1.8093950466372768,detour_factor_1.35,4.5,1.35,0,0,0,0,0,0,0,3,0,99.23427546018831,,False,False,0.2904710974243261,0.0,0.0,0.0,0.2904710974243261,0.2904710974243261,0.2904710974243261
06037920337,402.8484067867741,466.77971955980587,76.65422327964889,22.38046704370967,25.932206642211437,detour_factor_1.35,4.5,1.35,0,0,0,0,0,0,0,0,0,466.77971955980587,0.0,False,False,0.027771236905531474,0.12039739701656986,0.12039739701656986,0.0,0.14816863392210133,0.14816863392210133,0.027771236905531474
06037551502,224.82799016980206,34.376711783554924,87.70474178465437,12.490443898322335,1.9098173213086067,detour_factor_1.35,4.5,1.35,0,0,0,0,0,0,0,4,0,224.82799016980206,,False,False,0.2794659552441639,0.0,0.0,0.0,0.2794659552441639,0.2794659552441639,0.2794659552441639
06037551501,228.3323550023239,52.88481704130673,96.51401052474975,12.685130833462438,2.9380453911837074,detour_factor_1.35,4.5,1.35,0,0,0,0,0,0,0,0,0,228.3323550023239,,False,False,0.20135466270045008,0.0,0.0,0.0,0.20135466270045008,0.20135466270045008,0.20135466270045008
06037551402,249.96425126319073,56.77144983944991,80.13399840237928,13.886902847955039,3.1539694355249943,detour_factor_1.35,4.5,1.35,0,0,0,0,0,0,0,0,0,77.2714498394499,20.5,False,False,0.19019149236181834,0.0,0.0,0.0,0.19019149236181834,0.19019149236181834,0.19019149236181834
06037551401,240.27984667327138,66.35512211424201,97.89883289903747,13.348880370737298,3.6863956730134446,detour_factor_1.35,4.5,1.35,0,0,0,0,0,0,0,0,0,240.27984667327138,,False,False,0.1673182553036799,0.0,0.0,0.0,0.1673182553036799,0.1673182553036799,0.1673182553036799
06037551102,251.61873054785028,32.44382406642996,29.797548903529545,13.97881836376946,1.8024346703572198,detour_factor_1.35,4.5,1.35,0,0,0,0,0,1,0,4,1,251.61873054785028,,False,False,0.291266083144828,0.01787049468148111,0.01787049468148111,0.0,0.3091365778263091,0.3091365778263091,0.291266083144828
06037551101,256.56617964290587,31.249394759314427,48.451515541149355,14.2536766468281,1.736077486628579,detour_factor_1.35,4.5,1.35,0,0,0,0,0,0,0,5,0,256.56617964290587,,False,False,0.2990694805760925,0.0,0.0,0.0,0.2990694805760925,0.2990694805760925,0.2990694805760925
06037550902,221.01462172153538,73.83606971935615,54.148022531599324,12.278590095640853,4.102003873297563,detour_factor_1.35,4.5,1.35,0,0,0,0,0,0,0,0,0,221.01462172153538,,False,False,0.15295886935550093,0.044626569799288335,0.044626569799288335,0.0,0.19758543915478927,0.19758543915478927,0.15295886935550093
06037550901,233.9558804443432,61.058476826772846,53.26079664200553,12.99754891357462,3.39213760148738,detour_factor_1.35,4.5,1.35,0,0,0,0,0,0,0,0,0,233.9558804443432,,False,False,0.1792311990343737,0.02098664806823025,0.02098664806823025,0.0,0.20021784710260396,0.20021784710260396,0.1792311990343737
06037262704,65.25775552296406,98.97735989500657,162.89345393091386,3.625430862386892,5.498742216389254,detour_factor_1.35,4.5,1.35,0,0,0,0,0,0,0,0,0,65.25775552296406,,False,False,0.11871828897205015,0.0,0.0,0.0,0.11871828897205015,0.11871828897205015,0.11871828897205015
06037240401,89.08095266221814,42.921328862860804,78.37397472091635,4.948941814567674,2.384518270158934,detour_factor_1.35,4.5,1.35,0,0,0,0,0,0,0,8,0,89.08095266221814,,False,False,0.2370173922088788,0.0,0.0,0.0,0.2370173922088788,0.2370173922088788,0.2370173922088788
06037237102,54.28223604339937,65.154230277527,8.98719063192548,3.0156797801888535,3.6196794598626116,detour_factor_1.35,4.5,1.35,0,0,1,0,0,1,0,0,1,65.154230277527,0.0,False,False,0.16987829306869193,0.4274792489892921,0.4274792489892921,0.4274792489892921,0.5973575420579841,0.5973575420579841,0.5973575420579841
06037211704,83.96628899137202,6.413644312656934,6.451865775602915,4.664793832854001,0.3563135729253852,detour_factor_1.35,4.5,1.35,0,4,1,0,8,1,0,15,3,83.96628899137202,,False,False,0.6752088128301872,0.0,0.0,0.0,0.6752088128301872,0.6752088128301872,0.6752088128301872
06037211122,65.72404697172709,10.335123605407887,19.91560335987785,3.651335942873727,0.5741735336337714,detour_factor_1.35,4.5,1.35,0,3,0,0,11,1,0,24,3,16.335123605407887,6.0,True,True,0.5633376678438612,0.0,0.0,0.0,0.5633376678438612,0.5633376678438612,0.5633376678438612
06037207103,18.551545783758304,8.911663121291918,20.434115255369765,1.0306414324310167,0.49509239562732876,detour_factor_1.35,4.5,1.35,0,5,0,2,19,2,2,38,2,18.551545783758304,,True,True,0.5993857252587255,0.0,0.0,0.0,0.5993857252587255,0.5993857252587255,0.5993857252587255
06037194101,52.14429942928173,31.6232960894651,116.85569587190831,2.8969055238489845,1.7568497827480611,detour_factor_1.35,4.5,1.35,0,0,0,0,0,0,0,3,0,52.14429942928173,,False,False,0.29658213937568295,0.0,0.0,0.0,0.29658213937568295,0.29658213937568295,0.29658213937568295
06037192001,102.04030629350522,36.495811454873845,76.49438448046268,5.668905905194734,2.0275450808263247,detour_factor_1.35,4.5,1.35,0,0,0,0,0,0,0,8,0,102.04030629350522,,False,False,0.2675810188997839,0.0,0.0,0.0,0.2675810188997839,0.2675810188997839,0.2675810188997839
06037190202,65.41870317233989,6.3677651246287414,93.59303900567562,3.6343723984633276,0.3537647291460412,detour_factor_1.35,4.5,1.35,0,3,0,0,7,0,0,9,0,11.367765124628741,5.0,True,True,0.6767812140923924,0.0,0.0,0.0,0.6767812140923924,0.6767812140923924,0.6767812140923924
06037189903,74.77327154251458,14.017228742853343,102.83416761234129,4.15407064125081,0.7787349301585189,detour_factor_1.35,4.5,1.35,0,1,0,0,3,0,0,7,0,74.77327154251458,,False,False,0.4874975986304234,0.0,0.0,0.0,0.4874975986304234,0.4874975986304234,0.4874975986304234
06037143604,19.49018620878026,5.631558082963514,57.57499641690032,1.0827881227100145,0.3128643379424174,detour_factor_1.35,4.5,1.35,0,5,0,1,5,0,1,5,0,5.631558082963514,0.0,True,True,0.7030535024247899,0.0,0.0,0.0,0.7030535024247899,0.7030535024247899,0.7030535024247899
06037141101,109.05952359488722,90.11452594610665,89.43461738071798,6.058862421938179,5.00636255256148,detour_factor_1.35,4.5,1.35,0,0,0,0,0,0,0,0,0,109.05952359488722,,False,False,0.12888940792207676,0.0008527270596056791,0.0008527270596056791,0.0,0.12974213498168244,0.12974213498168244,0.12888940792207676
06037534803,127.07901921564762,27.02242209558625,94.92568614332714,7.059945511980422,1.501245671977014,detour_factor_1.35,4.5,1.35,0,0,0,0,3,0,0,7,0,127.07901921564762,,False,False,0.33039483938834785,0.0,0.0,0.0,0.33039483938834785,0.33039483938834785,0.33039483938834785
06037533902,220.87492910210403,112.2596016938266,116.28496533220068,12.270829394561336,6.236644538545922,detour_factor_1.35,4.5,1.35,0,0,0,0,0,0,0,0,0,220.87492910210403,,False,False,0.10616308417706738,0.0,0.0,0.0,0.10616308417706738,0.10616308417706738,0.10616308417706738
06037534802,133.30712603161695,36.553878531645054,103.56369069011939,7.405951446200941,2.030771029535836,detour_factor_1.35,4.5,1.35,0,0,0,0,0,0,0,7,0,133.30712603161695,,False,False,0.2672695633786971,0.0,0.0,0.0,0.2672695633786971,0.2672695633786971,0.2672695633786971
06037534406,205.17618915796845,98.8699237817852,140.91343461541598,11.39867717544269,5.492773543432511,detour_factor_1.35,4.5,1.35,0,0,0,0,0,0,0,0,0,205.17618915796845,,False,False,0.11883196331505398,0.0,0.0,0.0,0.11883196331505398,0.11883196331505398,0.11883196331505398
06037534405,192.66317684017818,94.09982535417379,142.15727626926946,10.703509824454343,5.227768075231877,detour_factor_1.35,4.5,1.35,0,0,0,0,0,0,0,0,0,192.66317684017818,,False,False,0.1241081756901168,0.0,0.0,0.0,0.1241081756901168,0.1241081756901168,0.1241081756901168
06037533703,185.34865601530458,97.79633345947248,102.89908468803718,10.29714755640581,5.43312963663736,detour_factor_1.35,4.5,1.35,0,0,0,0,0,0,0,0,0,185.34865601530458,,False,False,0.1199799632099364,0.0,0.0,0.0,0.1199799632099364,0.1199799632099364,0.1199799632099364
06037533403,165.8342477462186,91.48899951905005,106.07000843074184,9.213013763678811,5.082722195502781,detour_factor_1.35,4.5,1.35,0,0,0,0,0,0,0,0,0,165.8342477462186,,False,False,0.12719935695487783,0.0,0.0,0.0,0.12719935695487783,0.12719935695487783,0.12719935695487783
06037533402,153.6437662003323,80.15455712549368,109.88153870464292,8.535764788907349,4.4530309514163156,detour_factor_1.35,4.5,1.35,0,0,0,0,0,0,0,0,0,153.6437662003323,,False,False,0.14262096692839019,0.0,0.0,0.0,0.14262096692839019,0.14262096692839019,0.14262096692839019
06037533300,140.55973270764457,68.48871512348221,113.9067239928912,7.8088740393135865,3.804928617971233,detour_factor_1.35,4.5,1.35,0,0,0,0,0,0,0,0,0,140.55973270764457,,False,False,0.16295526187382695,0.0,0.0,0.0,0.16295526187382695,0.16295526187382695,0.16295526187382695
06037310100,115.58402487391952,142.4468805821819,143.93569830786691,6.421334715217751,7.913715587898995,detour_factor_1.35,4.5,1.35,0,0,0,0,0,0,0,0,0,115.58402487391952,,False,False,0.08559067289870612,0.0,0.0,0.0,0.08559067289870612,0.08559067289870612,0.08559067289870612
06037113422,184.19580089752458,353.9272169860651,62.004364974091345,10.233100049862475,19.662623165892505,detour_factor_1.35,4.5,1.35,0,0,0,0,0,0,0,0,0,353.9272169860651,0.0,False,False,0.03630483405238495,0.045136452596964374,0.14067606173932135,0.0,0.08144128664934933,0.17698089579170628,0.03630483405238495
06037503602,244.60593746972407,168.13318950058704,85.02005731657523,13.589218748318004,9.340732750032613,detour_factor_1.35,4.5,1.35,0,0,0,0,0,0,0,0,0,168.13318950058704,0.0,False,False,0.07347544398332968,0.062090124679103895,0.062090124679103895,0.062090124679103895,0.13556556866243358,0.13556556866243358,0.13556556866243358
06037502302,150.1028739296452,120.05134840321011,89.46919144926301,8.339048551646954,6.669519355733894,detour_factor_1.35,4.5,1.35,0,0,0,0,0,0,0,0,0,120.05134840321011,0.0,False,False,0.09996150352308707,0.02973699718523952,0.02973699718523952,0.0,0.1296985007083266,0.1296985007083266,0.09996150352308707
06037502700,171.18883002657273,99.44319724702675,69.78426165200358,9.510490557031819,5.524622069279263,detour_factor_1.35,4.5,1.35,0,0,0,0,0,0,0,0,0,99.44319724702675,0.0,False,False,0.11822790845505332,0.04218738430799543,0.04218738430799543,0.0,0.16041529276304875,0.16041529276304875,0.11822790845505332
06037502402,147.88316368752723,120.38591690366647,87.57765174214182,8.215731315973734,6.688106494648136,detour_factor_1.35,4.5,1.35,0,0,0,0,0,0,0,0,0,147.88316368752723,,False,False,0.09971139764620092,0.032418254277827255,0.032418254277827255,0.0,0.13212965192402817,0.13212965192402817,0.09971139764620092
06037543321,21.298428319419816,51.02086577955592,60.51987400240741,1.1832460177455453,2.8344925433086616,detour_factor_1.35,4.5,1.35,0,0,0,1,0,0,1,0,0,51.02086577955592,0.0,False,False,0.20718668738218907,0.0,0.0,0.0,0.20718668738218907,0.20718668738218907,0.20718668738218907
06037541500,119.85622832852854,32.41432086605321,134.91573302375056,6.658679351584919,1.8007956036696222,detour_factor_1.35,4.5,1.35,0,0,0,0,0,0,0,14,0,119.85622832852854,,False,False,0.2914539240683543,0.0,0.0,0.0,0.2914539240683543,0.2914539240683543,0.2914539240683543
06037550300,244.3108640454506,22.236188288960392,10.599731031079264,13.57282578030281,1.235343793831133,detour_factor_1.35,4.5,1.35,0,0,1,0,4,1,0,4,1,244.3108640454506,,False,False,0.37485275947530505,0.18225656552861746,0.18225656552861746,0.0,0.5571093250039225,0.5571093250039225,0.37485275947530505
06037542401,105.32571422108853,24.596489279858773,135.0239204936726,5.851428567838251,1.3664716266588206,detour_factor_1.35,4.5,1.35,0,0,0,0,3,0,0,6,0,105.32571422108853,,False,False,0.3515263825329876,0.0,0.0,0.0,0.3515263825329876,0.3515263825329876,0.3515263825329876
06037543702,97.95317440570201,119.5018766375891,114.41407875889375,5.441843022539,6.638993146532727,detour_factor_1.35,4.5,1.35,0,0,0,0,0,0,0,0,0,97.95317440570201,,False,False,0.100374993469367,0.003997636198522864,0.003997636198522864,0.003997636198522864,0.10437262966788986,0.10437262966788986,0.10437262966788986
06037541100,71.14048239184534,59.64333162651028,72.89455610373031,3.9522490217691852,3.3135184236950153,detour_factor_1.35,4.5,1.35,0,0,0,0,0,0,0,0,0,71.14048239184534,,False,False,0.18270680553393578,0.0,0.0,0.0,0.18270680553393578,0.18270680553393578,0.18270680553393578
06037405500,111.78714613812609,98.89759542632319,178.1293841905796,6.210397007673672,5.494310857017955,detour_factor_1.35,4.5,1.35,0,0,0,0,0,0,0,0,0,98.89759542632319,0.0,False,False,0.11880266412021573,0.0,0.0,0.0,0.11880266412021573,0.11880266412021573,0.11880266412021573
06037405101,147.62259408278587,73.43871070386994,129.08440715392342,8.201255226821436,4.079928372437219,detour_factor_1.35,4.5,1.35,0,0,0,0,0,0,0,0,0,147.62259408278587,,False,False,0.15365932059427695,0.0,0.0,0.0,0.15365932059427695,0.15365932059427695,0.15365932059427695
06037206020,23.341180370534232,4.6132676904969125,4.640644791070738,1.2967322428074572,0.25629264947205066,detour_factor_1.35,4.5,1.35,0,11,1,1,25,2,2,32,2,22.61326769049691,18.0,True,True,0.7429447679607285,0.0,0.0,0.0,0.7429447679607285,0.7429447679607285,0.7429447679607285
06037206010,17.383003183100726,15.28083546521161,28.790488535631702,0.9657223990611515,0.848935303622867,detour_factor_1.35,4.5,1.35,0,0,0,1,14,1,2,25,1,15.28083546521161,0.0,True,True,0.4659696190095638,0.0,0.0,0.0,0.4659696190095638,0.4659696190095638,0.4659696190095638
06037207710,11.700461784705736,4.490091384594,16.87010597041429,0.6500256547058741,0.24944952136633328,detour_factor_1.35,4.5,1.35,2,10,0,3,24,3,4,43,3,48.490091384594,44.0,False,False,0.748079201631899,0.0,0.0,0.0,0.748079201631899,0.748079201631899,0.748079201631899
06037207400,2.4127406131302758,2.75132625597068,9.15225879165585,0.1340411451739042,0.15285145866503777,detour_factor_1.35,4.5,1.35,1,9,1,1,35,2,4,38,3,2.4127406131302758,,True,True,0.8289471878036972,0.0,0.0,0.0,0.8289471878036972,0.8289471878036972,0.8289471878036972
06037206300,30.658055424915684,17.855191891558253,21.102725982895315,1.7032253013842045,0.9919551050865695,detour_factor_1.35,4.5,1.35,0,0,0,0,11,2,4,46,4,30.658055424915684,,False,True,0.427507656652261,0.0,0.0,0.0,0.427507656652261,0.427507656652261,0.427507656652261
06037208000,20.627956354681103,16.91173287419654,25.183012502956714,1.1459975752600613,0.9395407152331412,detour_factor_1.35,4.5,1.35,0,0,0,1,20,1,4,39,2,20.627956354681103,,True,True,0.4408432516512012,0.0,0.0,0.0,0.4408432516512012,0.4408432516512012,0.4408432516512012
06037208610,59.49493050228161,19.346122297934034,25.650537446198133,3.3052739167934226,1.0747845721074463,detour_factor_1.35,4.5,1.35,0,0,0,0,7,1,0,20,2,25.346122297934034,6.0,True,True,0.40800353236533526,0.0,0.0,0.0,0.40800353236533526,0.40800353236533526,0.40800353236533526
06037208620,53.54493443605847,24.113733338562067,26.98345341154951,2.9747185797810256,1.339651852142337,detour_factor_1.35,4.5,1.35,0,0,0,0,11,1,0,15,2,53.54493443605847,,False,False,0.3560581513675731,0.0,0.0,0.0,0.3560581513675731,0.3560581513675731,0.3560581513675731
06037208710,49.67732620839528,14.554194612158444,17.436361256084577,2.75985145602196,0.8085663673421358,detour_factor_1.35,4.5,1.35,0,2,0,0,11,1,0,19,2,49.67732620839528,,False,False,0.47811098062884283,0.0,0.0,0.0,0.47811098062884283,0.47811098062884283,0.47811098062884283
06037208902,25.604707255746067,4.325912236610145,32.40758393925377,1.4224837364303369,0.24032845758945245,detour_factor_1.35,4.5,1.35,0,4,0,2,13,0,4,33,4,25.604707255746067,,True,True,0.7550341423433758,0.0,0.0,0.0,0.7550341423433758,0.7550341423433758,0.7550341423433758
06037602600,80.27476184587019,34.193410910079436,95.84957604327487,4.459708991437233,1.8996339394488575,detour_factor_1.35,4.5,1.35,0,0,0,0,0,0,0,4,0,80.27476184587019,,False,False,0.28054379793081113,0.0,0.0,0.0,0.28054379793081113,0.28054379793081113,0.28054379793081113
06037219800,115.80657969293587,10.17607738920497,99.47892834782088,6.433698871829771,0.5653376327336094,detour_factor_1.35,4.5,1.35,0,4,0,0,11,0,0,20,0,79.17607738920498,69.0,False,False,0.5671487682398931,0.0,0.0,0.0,0.5671487682398931,0.5671487682398931,0.5671487682398931
06037219010,64.4244022080562,22.234574061365336,72.1718195026307,3.579133456003122,1.2352541145202964,detour_factor_1.35,4.5,1.35,0,0,0,0,12,0,0,20,0,64.4244022080562,,False,False,0.37486977193717735,0.0,0.0,0.0,0.37486977193717735,0.37486977193717735,0.37486977193717735
06037218900,70.11542555353688,29.07618945073877,61.98499541646727,3.895301419640938,1.615343858374376,detour_factor_1.35,4.5,1.35,0,0,0,0,7,0,0,16,0,70.11542555353688,,False,False,0.3143947976311816,0.0,0.0,0.0,0.3143947976311816,0.3143947976311816,0.3143947976311816
06037220100,131.65177412474387,10.369609150575414,109.61646057357738,7.313987451374659,0.5760893972541896,detour_factor_1.35,4.5,1.35,0,4,0,0,8,0,0,16,0,131.65177412474387,,False,False,0.5625180646826846,0.0,0.0,0.0,0.5625180646826846,0.5625180646826846,0.5625180646826846
06037219700,106.48111489038092,9.958356226336647,95.45286661448522,5.915617493910051,0.5532420125742582,detour_factor_1.35,4.5,1.35,0,8,0,0,16,0,0,24,0,106.48111489038092,,False,False,0.5724502423568388,0.0,0.0,0.0,0.5724502423568388,0.5724502423568388,0.5724502423568388
06037221220,45.174994844833336,36.8148417297696,19.103632289609642,2.509721935824074,2.0452689849872,detour_factor_1.35,4.5,1.35,0,0,0,0,0,1,0,16,3,45.174994844833336,,False,False,0.2658787347008262,0.0,0.14517492205375443,0.0,0.2658787347008262,0.4110536567545806,0.2658787347008262
06037219020,60.88803127405043,19.724969065785153,79.54764885416844,3.382668404113912,1.0958316147658418,detour_factor_1.35,4.5,1.35,0,0,0,0,12,0,0,24,0,60.88803127405043,,False,False,0.40332782888721086,0.0,0.0,0.0,0.40332782888721086,0.40332782888721086,0.40332782888721086
06037221110,32.34392199330863,30.29639415175084,14.351816311383502,1.796884555183813,1.683133008430602,detour_factor_1.35,4.5,1.35,0,0,1,0,0,1,3,24,3,32.34392199330863,,False,True,0.3056020310438941,0.0,0.1760039383815859,0.0,0.3056020310438941,0.48160596942548,0.3056020310438941
06037221120,31.404338424159036,34.57843826180566,20.13488288688409,1.744685468008835,1.9210243478780922,detour_factor_1.35,4.5,1.35,0,0,0,0,0,1,4,26,3,31.404338424159036,,False,True,0.278289299047462,0.0,0.1200986295353274,0.0,0.278289299047462,0.39838792858278943,0.278289299047462
06037221302,66.84979201249949,40.83547738338321,40.1296209963843,3.713877334027749,2.268637632410178,detour_factor_1.35,4.5,1.35,0,0,0,0,0,0,0,8,2,66.84979201249949,,False,False,0.24614410316412313,0.0,0.0032497715384190162,0.0,0.24614410316412313,0.24939387470254215,0.24614410316412313
06037221500,50.21579917879227,34.16220668895601,40.65313562832884,2.7897666210440146,1.897900371608667,detour_factor_1.35,4.5,1.35,0,0,0,0,0,0,0,9,1,50.21579917879227,,False,False,0.2807281131465415,0.0,0.0,0.0,0.2807281131465415,0.2807281131465415,0.2807281131465415
06037221900,19.891886705591823,15.696001369504021,42.136370542065166,1.1051048169773234,0.8720000760835566,detour_factor_1.35,4.5,1.35,0,0,0,3,17,0,3,25,1,19.891886705591823,,True,True,0.45930550837012885,0.0,0.0,0.0,0.45930550837012885,0.45930550837012885,0.45930550837012885
06037221820,22.573327147115187,21.19687659588481,34.236827556989645,1.254073730395288,1.1776042553269337,detour_factor_1.35,4.5,1.35,0,0,0,1,20,0,6,29,2,22.573327147115187,,True,True,0.38613531051982325,0.0,0.0,0.0,0.38613531051982325,0.38613531051982325,0.38613531051982325
06037221810,28.80924171996386,24.76660157591065,42.60341172886453,1.600513428886881,1.3759223097728137,detour_factor_1.35,4.5,1.35,0,0,0,1,13,0,4,25,2,28.80924171996386,,True,True,0.3499568533409315,0.0,0.0,0.0,0.3499568533409315,0.3499568533409315,0.3499568533409315
06037222100,36.09724221965983,20.857717465770804,52.84251838734307,2.005402345536657,1.1587620814317112,detour_factor_1.35,4.5,1.35,0,0,0,0,9,0,3,17,0,36.09724221965983,,False,True,0.38996559104532375,0.0,0.0,0.0,0.38996559104532375,0.38996559104532375,0.38996559104532375
06037222200,43.201543298578926,28.970687576851184,44.57308618936617,2.40008573880994,1.609482643158399,detour_factor_1.35,4.5,1.35,0,0,0,0,4,0,2,17,1,43.201543298578926,,False,True,0.31517886589648947,0.0,0.0,0.0,0.31517886589648947,0.31517886589648947,0.31517886589648947
06037222600,20.108641047988776,9.279159360763382,54.77117122600968,1.1171467248882652,0.5155088533757434,detour_factor_1.35,4.5,1.35,0,5,0,3,17,0,3,21,0,20.108641047988776,,True,True,0.5896445612479589,0.0,0.0,0.0,0.5896445612479589,0.5896445612479589,0.5896445612479589
06037536103,207.74104623486417,55.595592694854226,143.3910350941432,11.54116923527023,3.0886440386030123,detour_factor_1.35,4.5,1.35,0,0,0,0,0,0,0,0,0,207.74104623486417,,False,False,0.19343596515461223,0.0,0.0,0.0,0.19343596515461223,0.19343596515461223,0.19343596515461223
06037533002,102.76752385677531,8.989588101279315,71.6930946366048,5.709306880931962,0.4994215611821841,detour_factor_1.35,4.5,1.35,0,3,0,0,7,0,0,11,0,102.76752385677531,,False,False,0.5972933861900095,0.0,0.0,0.0,0.5972933861900095,0.5972933861900095,0.5972933861900095
06037480304,122.85833555992778,58.08733642764345,131.3207954968978,6.825463086662655,3.2270742459801918,detour_factor_1.35,4.5,1.35,0,0,0,0,0,0,0,0,0,122.85833555992778,,False,False,0.18668731864257135,0.0,0.0,0.0,0.18668731864257135,0.18668731864257135,0.18668731864257135
06037125501,35.88498208818619,21.933281840261543,21.720795225930992,1.993610116010344,1.2185156577923077,detour_factor_1.35,4.5,1.35,0,0,0,0,4,2,1,6,2,35.88498208818619,,False,True,0.378072385674154,0.002291750629828282,0.002291750629828282,0.0,0.3803641363039823,0.3803641363039823,0.378072385674154
06037125402,48.28945687463727,23.703042396375793,22.771134723961378,2.6827476041465146,1.316835688687544,detour_factor_1.35,4.5,1.35,0,0,0,0,4,2,0,9,2,48.28945687463727,,False,False,0.36000642802200156,0.009292277949084049,0.009292277949084049,0.0,0.3692987059710856,0.3692987059710856,0.36000642802200156
06037123901,97.24813476953939,42.46176632937815,43.83797570676832,5.402674153863299,2.358987018298786,detour_factor_1.35,4.5,1.35,0,0,0,0,0,0,0,4,2,42.46176632937815,0.0,False,True,0.23896961227661637,0.0,0.0,0.0,0.23896961227661637,0.23896961227661637,0.23896961227661637
06037121802,146.0651273106166,104.9339569255397,106.91026274717728,8.114729295034254,5.829664273641094,detour_factor_1.35,4.5,1.35,0,0,0,0,0,0,0,0,0,104.9339569255397,0.0,False,False,0.11273897714362316,0.0,0.0,0.0,0.11273897714362316,0.11273897714362316,0.11273897714362316
06037121801,134.8682184866043,90.57767355524513,92.48631152031567,7.492678804811349,5.032092975291396,detour_factor_1.35,4.5,1.35,0,0,0,0,0,0,0,0,0,90.57767355524513,0.0,False,False,0.12831492767296904,0.0,0.0,0.0,0.12831492767296904,0.12831492767296904,0.12831492767296904
06037119202,182.78868603772023,202.41013178498775,168.73364844780505,10.154927002095567,11.245007321388208,detour_factor_1.35,4.5,1.35,0,0,0,0,0,0,0,0,0,202.41013178498775,0.0,False,False,0.061801794673228584,0.011431326472049995,0.011431326472049995,0.0,0.07323312114527858,0.07323312114527858,0.061801794673228584
06037119201,164.22686173666526,187.6062572790855,151.81822336655432,9.123714540925846,10.422569848838082,detour_factor_1.35,4.5,1.35,0,0,0,0,0,0,0,0,0,187.6062572790855,0.0,False,False,0.06635493429988745,0.014378990343418094,0.014378990343418094,0.0,0.08073392464330555,0.08073392464330555,0.06635493429988745
06037119002,174.30979500877237,174.13329965749816,165.9900314279397,9.683877500487352,9.674072203194342,detour_factor_1.35,4.5,1.35,0,0,0,0,0,0,0,0,0,174.13329965749816,0.0,False,False,0.07112376811069857,0.0032298073482692896,0.0032298073482692896,0.0,0.07435357545896785,0.07435357545896785,0.07112376811069857
06037119001,162.56655697763873,143.3891694049109,145.0851848231057,9.031475387646596,7.966064966939493,detour_factor_1.35,4.5,1.35,0,0,0,0,0,0,0,0,0,143.3891694049109,0.0,False,False,0.0850760618314173,0.0,0.0,0.0,0.0850760618314173,0.0850760618314173,0.0850760618314173
06037117202,139.52545256756596,224.52829963371977,114.99089622553797,7.751414031531442,12.473794424095543,detour_factor_1.35,4.5,1.35,0,0,0,0,0,0,0,0,0,224.52829963371977,0.0,False,False,0.05605499788686043,0.04784847676611928,0.04784847676611928,0.0,0.10390347465297971,0.10390347465297971,0.05605499788686043
06037115404,138.4157227381952,295.3031788844148,101.97392952008819,7.689762374344177,16.405732160245268,detour_factor_1.35,4.5,1.35,0,0,0,0,0,0,0,0,0,295.3031788844148,0.0,False,False,0.043200764671441225,0.07243230997956886,0.07243230997956886,0.0,0.11563307465101008,0.11563307465101008,0.043200764671441225
06037115403,127.35241778179967,280.24751176391396,90.79902769774681,7.075134321211093,15.56930620910633,detour_factor_1.35,4.5,1.35,0,0,0,0,0,0,0,0,0,280.24751176391396,0.0,False,False,0.045416223694419604,0.08262594495816442,0.08262594495816442,0.0,0.12804216865258403,0.12804216865258403,0.045416223694419604
06037900803,1098.9192624796651,1118.5846960536478,831.5857179744703,61.051070137759176,62.143594225202655,detour_factor_1.35,4.5,1.35,0,0,0,0,0,0,0,0,0,1098.9192624796651,,False,False,0.011779415988765845,0.004001188452210369,0.004001188452210369,0.0,0.015780604440976214,0.015780604440976214,0.011779415988765845
06037900805,1069.3927238000558,1089.0565579194574,810.8753713050057,59.41070687778088,60.50314210663652,detour_factor_1.35,4.5,1.35,0,0,0,0,0,0,0,0,0,1069.3927238000558,,False,False,0.012094934323264623,0.004082198068444306,0.004082198068444306,0.0,0.01617713239170893,0.01617713239170893,0.012094934323264623
06037901007,982.332187882766,1004.5813002713427,719.2576318406703,54.574010437931435,55.81007223729681,detour_factor_1.35,4.5,1.35,0,0,0,0,0,0,0,0,0,982.332187882766,,False,False,0.013098675363489817,0.005101567291927624,0.005101567291927624,0.0,0.01820024265541744,0.01820024265541744,0.013098675363489817
06037901101,1001.3924750486533,1011.652051542475,677.3975181617924,55.632915280480724,56.202891752359726,detour_factor_1.35,4.5,1.35,0,0,0,0,0,0,0,0,0,1011.652051542475,0.0,False,False,0.013008315562420294,0.006294909861017193,0.006294909861017193,0.0,0.019303225423437487,0.019303225423437487,0.013008315562420294
06037900501,1044.3010954856334,1059.6432842852737,833.3908982836068,58.01672752697963,58.869071349181866,detour_factor_1.35,4.5,1.35,0,0,0,0,0,0,0,0,0,1067.6432842852737,8.0,False,False,0.012426490115810436,0.003320470742828794,0.003320470742828794,0.0,0.01574696085863923,0.01574696085863923,0.012426490115810436
06037901004,1056.8187740779788,1079.6230033032477,749.8782524273583,58.712154115443255,59.97905573906931,detour_factor_1.35,4.5,1.35,0,0,0,0,0,0,0,0,0,1079.6230033032477,0.0,False,False,0.012199328451093285,0.005270706834133708,0.005270706834133708,0.0,0.017470035285226993,0.017470035285226993,0.012199328451093285
06037901102,998.8857784635052,1019.0616414100921,697.4017799953158,55.49365435908362,56.61453563389399,detour_factor_1.35,4.5,1.35,0,0,0,0,0,0,0,0,0,1019.0616414100921,0.0,False,False,0.012914953733329614,0.005844965515472018,0.005844965515472018,0.0,0.018759919248801632,0.018759919248801632,0.012914953733329614
06037920015,600.2068832375807,654.4301838003655,124.43727378961354,33.34482684653226,36.35723243335364,detour_factor_1.35,4.5,1.35,0,0,0,0,0,0,0,0,0,654.4301838003655,0.0,False,False,0.019967148535704967,0.07681208189502566,0.07681208189502566,0.0,0.09677923043073063,0.09677923043073063,0.019967148535704967
06037104401,206.69459406489491,217.75530479662925,191.99456446567865,11.483033003605271,12.097516933146068,detour_factor_1.35,4.5,1.35,0,0,0,0,0,0,0,0,0,217.75530479662925,0.0,False,False,0.057697918172137756,0.007238865753760364,0.007238865753760364,0.0,0.06493678392589812,0.06493678392589812,0.057697918172137756
06037104620,199.87843592317586,192.9160670519015,189.78950278902437,11.104357551287547,10.717559280661193,detour_factor_1.35,4.5,1.35,0,0,0,0,0,0,0,0,0,192.9160670519015,0.0,False,False,0.06464665258870664,0.000995072329419075,0.000995072329419075,0.0,0.06564172491812571,0.06564172491812571,0.06464665258870664
06037104320,228.63060810790628,220.10973005606692,216.15566928722257,12.701700450439237,12.228318336448162,detour_factor_1.35,4.5,1.35,0,0,0,0,0,0,0,0,0,220.10973005606692,0.0,False,False,0.057115997107578864,0.0009840999823852864,0.0009840999823852864,0.0,0.05810009708996415,0.05810009708996415,0.057115997107578864
06037530902,108.75864559630386,27.914055722843944,49.760334235290685,6.042146977572437,1.5507808734913302,detour_factor_1.35,4.5,1.35,0,0,0,0,4,0,0,12,0,108.75864559630386,,False,False,0.32325278371374905,0.0,0.0,0.0,0.32325278371374905,0.32325278371374905,0.32325278371374905
06037530801,94.67080199825455,32.57974243942226,66.17990496637732,5.25948899990303,1.8099856910790146,detour_factor_1.35,4.5,1.35,0,0,0,0,0,0,0,7,0,94.67080199825455,,False,False,0.29040383613866294,0.0,0.0,0.0,0.29040383613866294,0.29040383613866294,0.29040383613866294
06037530901,97.9732622244664,17.723913996513183,58.94069048708973,5.4429590124703555,0.9846618886951767,detour_factor_1.35,4.5,1.35,0,0,0,0,4,0,0,11,0,97.9732622244664,,False,False,0.42931471652092573,0.0,0.0,0.0,0.42931471652092573,0.42931471652092573,0.42931471652092573
06037531000,122.71332881914772,17.54154227244521,34.639907349824014,6.817407156619319,0.974530126246956,detour_factor_1.35,4.5,1.35,0,0,0,0,8,0,0,16,1,122.71332881914772,,False,False,0.4318505928113882,0.0,0.0,0.0,0.4318505928113882,0.4318505928113882,0.4318505928113882
06037531101,103.1474183054703,6.178641932067375,55.65914014272379,5.730412128081682,0.34325788511485417,detour_factor_1.35,4.5,1.35,0,4,0,0,4,0,0,12,0,103.1474183054703,,False,False,0.683341032979703,0.0,0.0,0.0,0.683341032979703,0.683341032979703,0.683341032979703
06037531102,113.24896220289203,17.711539792738357,44.40129935322905,6.291609011271778,0.9839744329299086,detour_factor_1.35,4.5,1.35,0,0,0,0,8,0,0,13,1,113.24896220289203,,False,False,0.42948583745816343,0.0,0.0,0.0,0.42948583745816343,0.42948583745816343,0.42948583745816343
06037531201,110.83930637940786,11.807497419981523,52.16922666827366,6.157739243300436,0.6559720788878624,detour_factor_1.35,4.5,1.35,0,4,0,0,5,0,0,12,0,110.83930637940786,,False,False,0.5303457735411274,0.0,0.0,0.0,0.5303457735411274,0.5303457735411274,0.5303457735411274
06037531202,114.91581100283109,17.842771019033695,53.78585136529028,6.384211722379504,0.991265056612983,detour_factor_1.35,4.5,1.35,0,0,0,0,4,0,0,11,0,114.91581100283109,,False,False,0.42767797998857443,0.0,0.0,0.0,0.42767797998857443,0.42767797998857443,0.42767797998857443
06037482301,104.20392556302167,123.20798770548299,103.18642646172093,5.789106975723425,6.844888205860165,detour_factor_1.35,4.5,1.35,0,0,0,0,0,0,0,0,0,123.20798770548299,0.0,False,False,0.09765053708205225,0.01677926741450038,0.01677926741450038,0.01677926741450038,0.11442980449655263,0.11442980449655263,0.11442980449655263
06037481103,125.0193925493566,108.17137137283356,108.62472449276474,6.945521808297588,6.009520631824087,detour_factor_1.35,4.5,1.35,0,0,0,0,0,0,0,0,0,125.0193925493566,,False,False,0.10973511985052056,0.0,0.0,0.0,0.10973511985052056,0.10973511985052056,0.10973511985052056
06037482401,80.65307004984568,129.92514651891528,86.21652187281748,4.480726113880316,7.218063695495292,detour_factor_1.35,4.5,1.35,0,0,0,0,0,0,0,0,0,129.92514651891528,0.0,False,False,0.09307186106598946,0.04086437928034019,0.04086437928034019,0.04086437928034019,0.13393624034632964,0.13393624034632964,0.13393624034632964
06037482303,99.14469955425572,114.78215627762239,106.24962854682708,5.508038864125318,6.37678645986791,detour_factor_1.35,4.5,1.35,0,0,0,0,0,0,0,0,0,114.78215627762239,0.0,False,False,0.10407276570399292,0.007425838475884156,0.007425838475884156,0.007425838475884156,0.11149860417987707,0.11149860417987707,0.11149860417987707
06037482522,71.50220312430537,99.64097350980542,103.08668728740847,3.9723446180169653,5.535609639433634,detour_factor_1.35,4.5,1.35,0,0,0,0,0,0,0,0,0,99.64097350980542,0.0,False,False,0.11802093507726712,0.0,0.0,0.0,0.11802093507726712,0.11802093507726712,0.11802093507726712
06037530005,111.48257035451944,61.230777229332595,64.83144636151611,6.193476130806635,3.4017098460740334,detour_factor_1.35,4.5,1.35,0,0,0,0,0,0,0,0,0,61.230777229332595,0.0,False,False,0.17881703721427208,0.0,0.0,0.0,0.17881703721427208,0.17881703721427208,0.17881703721427208
06037403312,173.02916671629157,179.25846656260606,49.429217975511186,9.61273148423842,9.958803697922558,detour_factor_1.35,4.5,1.35,0,0,0,0,0,0,0,0,0,173.02916671629157,,False,False,0.06923105418059107,0.14320985294127087,0.14320985294127087,0.005368277329809337,0.21244090712186192,0.21244090712186192,0.07459933151040041
06037408704,117.23536763874604,287.82051587203415,81.01731550712373,6.513075979930335,15.99002865955745,detour_factor_1.35,4.5,1.35,0,0,0,0,0,0,0,0,0,117.23536763874604,,False,False,0.044274158768068284,0.09704265777952573,0.09704265777952573,0.0,0.141316816547594,0.141316816547594,0.044274158768068284
06037403324,224.4225542480953,246.22945469469923,69.38117738830674,12.467919680449738,13.679414149705513,detour_factor_1.35,4.5,1.35,0,0,0,0,0,0,0,0,0,246.22945469469923,0.0,False,False,0.051368431640876594,0.10982859675241377,0.10982859675241377,0.008924595866749659,0.16119702839329036,0.16119702839329036,0.06029302750762625
06037408211,70.03470014001968,260.06455832518003,98.57085576837466,3.8908166744455377,14.448031018065558,detour_factor_1.35,4.5,1.35,0,0,0,0,0,0,0,0,0,260.06455832518003,0.0,False,False,0.04876896911109792,0.07038057694579608,0.07038057694579608,3.135048632619403e-05,0.119149546056894,0.119149546056894,0.04880031959742411
06037403325,248.2744880209913,272.1878558613575,98.0803272299866,13.793027112277295,15.121547547853192,detour_factor_1.35,4.5,1.35,0,0,0,0,0,0,0,0,0,272.1878558613575,0.0,False,False,0.046698227094597936,0.0729759068124877,0.0729759068124877,0.00819524368413381,0.11967413390708563,0.11967413390708563,0.054893470778731746
06037408212,116.96044156701323,252.13180436079736,49.588149530155356,6.497802309278513,14.007322464488743,detour_factor_1.35,4.5,1.35,0,0,0,0,0,0,0,0,0,116.96044156701323,,False,False,0.050226306358524625,0.16167800241723432,0.16167800241723432,0.0,0.21190430877575894,0.21190430877575894,0.050226306358524625
06037408503,108.98050457639255,243.34893158825605,199.83848013544653,6.054472476466252,13.519385088236447,detour_factor_1.35,4.5,1.35,0,0,0,0,0,0,0,0,0,243.34893158825605,0.0,False,False,0.05194489513097589,0.010602460996320326,0.010602460996320326,0.010602460996320326,0.06254735612729621,0.06254735612729621,0.06254735612729621
06037407001,98.25465036266078,144.58685348514794,98.48594084411897,5.458591686814488,8.032602971397107,detour_factor_1.35,4.5,1.35,0,0,0,0,0,0,0,0,0,98.25465036266078,,False,False,0.08443083561355656,0.03480919193459149,0.03480919193459149,0.03480919193459149,0.11924002754814805,0.11924002754814805,0.11924002754814805
06037408302,57.774146716416425,190.01839766252684,82.89859664815275,3.20967481757869,10.556577647918157,detour_factor_1.35,4.5,1.35,0,0,0,0,0,0,0,0,0,57.774146716416425,,False,False,0.06556783789366795,0.07298631285337114,0.07298631285337114,0.07298631285337114,0.13855415074703908,0.13855415074703908,0.13855415074703908
06037401202,125.33600980531611,51.646538026942174,163.4291223018405,6.963111655850893,2.869252112607898,detour_factor_1.35,4.5,1.35,0,0,0,0,0,0,0,0,0,125.33600980531611,,False,False,0.20519174713978386,0.0,0.0,0.0,0.20519174713978386,0.20519174713978386,0.20519174713978386
06037403802,136.04889112700283,65.74450026176878,170.37899300837742,7.5582717292779344,3.652472236764932,detour_factor_1.35,4.5,1.35,0,0,0,0,0,0,0,0,0,136.04889112700283,,False,False,0.16861025052359513,0.0,0.0,0.0,0.16861025052359513,0.16861025052359513,0.16861025052359513
06037401603,50.69056253972345,31.506211425263817,91.97538609679374,2.816142363317969,1.7503450791813229,detour_factor_1.35,4.5,1.35,0,0,0,0,0,0,0,2,0,31.506211425263817,0.0,False,True,0.29735657230946605,0.0,0.0,0.0,0.29735657230946605,0.29735657230946605,0.29735657230946605
06037403901,188.3071198383268,25.052094458246057,224.67699101470183,10.46150665768482,1.3917830254581143,detour_factor_1.35,4.5,1.35,0,0,0,0,2,0,0,5,0,188.3071198383268,,False,False,0.34735403772830337,0.0,0.0,0.0,0.34735403772830337,0.34735403772830337,0.34735403772830337
06037404901,143.22230263543037,74.25684449256778,104.81983875545053,7.956794590857242,4.125380249587098,detour_factor_1.35,4.5,1.35,0,0,0,0,0,0,0,0,0,143.22230263543037,,False,False,0.1522240696877608,0.0,0.0,0.0,0.1522240696877608,0.1522240696877608,0.1522240696877608
06037405900,177.7699095590451,67.33989083613088,216.45868571743702,9.876106086613616,3.741105046451715,detour_factor_1.35,4.5,1.35,0,0,0,0,0,0,0,0,0,82.33989083613088,15.0,False,False,0.16527582070260383,0.0,0.0,0.0,0.16527582070260383,0.16527582070260383,0.16527582070260383
06037405002,158.67934966401234,56.950239604348084,153.4114889176666,8.815519425778463,3.16390220024156,detour_factor_1.35,4.5,1.35,0,0,0,0,0,0,0,0,0,56.950239604348084,0.0,False,False,0.18970767671637362,0.0,0.0,0.0,0.18970767671637362,0.18970767671637362,0.18970767671637362
06037405102,132.93327853270137,88.47370566207542,125.82944432980311,7.3851821407056315,4.9152058701153,detour_factor_1.35,4.5,1.35,0,0,0,0,0,0,0,0,0,132.93327853270137,,False,False,0.13096671374495664,0.0,0.0,0.0,0.13096671374495664,0.13096671374495664,0.13096671374495664
06037183820,96.8235508290467,12.880369688308281,116.5014773517372,5.379086157169261,0.7155760937949045,detour_factor_1.35,4.5,1.35,0,3,0,0,9,0,0,11,0,96.8235508290467,,False,False,0.5086398256028744,0.0,0.0,0.0,0.5086398256028744,0.5086398256028744,0.5086398256028744
06037185100,80.59681399971093,12.728784761547002,105.78003312773505,4.477600777761718,0.7071547089748335,detour_factor_1.35,4.5,1.35,0,5,0,0,8,0,0,13,0,80.59681399971093,,False,False,0.511598224088799,0.0,0.0,0.0,0.511598224088799,0.511598224088799,0.511598224088799
06037185202,58.38725777227339,15.639274413187604,83.53728673186332,3.243736542904077,0.8688485785104224,detour_factor_1.35,4.5,1.35,0,0,0,0,13,0,0,13,0,58.38725777227339,,False,False,0.4602048062081817,0.0,0.0,0.0,0.4602048062081817,0.4602048062081817,0.4602048062081817
06037185310,46.27621408063922,17.99290921299855,73.85342315799556,2.5709007822577346,0.9996060673888084,detour_factor_1.35,4.5,1.35,0,0,0,0,10,0,0,13,0,46.992909212998555,29.0,False,False,0.4256282352922849,0.0,0.0,0.0,0.4256282352922849,0.4256282352922849,0.4256282352922849
06037186100,111.06811977714511,68.16170799125155,144.78295288211152,6.170451098730284,3.7867615550695297,detour_factor_1.35,4.5,1.35,0,0,0,0,0,0,0,0,0,111.06811977714511,,False,False,0.16360913641638983,0.0,0.0,0.0,0.16360913641638983,0.16360913641638983,0.16360913641638983
06037183220,76.62958190844168,15.674683800831128,146.12131529216197,4.257198994913426,0.8708157667128403,detour_factor_1.35,4.5,1.35,0,0,0,0,4,0,0,4,0,76.62958190844168,,False,False,0.45964304528867217,0.0,0.0,0.0,0.45964304528867217,0.45964304528867217,0.45964304528867217
06037533202,141.3017167381871,55.99843172643867,118.50280503310331,7.850095374343727,3.1110239848021477,detour_factor_1.35,4.5,1.35,0,0,0,0,0,0,0,0,0,141.3017167381871,,False,False,0.19231204227728024,0.0,0.0,0.0,0.19231204227728024,0.19231204227728024,0.19231204227728024
06037533502,157.99770096496414,80.9465545618457,116.73309547915302,8.777650053609118,4.497030808991427,detour_factor_1.35,4.5,1.35,0,0,0,0,0,0,0,0,0,157.99770096496414,,False,False,0.14142288064828223,0.0,0.0,0.0,0.14142288064828223,0.14142288064828223,0.14142288064828223
06037533201,140.56262653340517,59.9521652710507,120.34961941066737,7.809034807411399,3.3306758483917056,detour_factor_1.35,4.5,1.35,0,0,0,0,0,0,0,0,0,140.56262653340517,,False,False,0.18193685773102886,0.0,0.0,0.0,0.18193685773102886,0.18193685773102886,0.18193685773102886
06037533503,164.2528653580755,87.33084614863758,114.46896979669249,9.125159186559749,4.8517136749243095,detour_factor_1.35,4.5,1.35,0,0,0,0,0,0,0,0,0,164.2528653580755,,False,False,0.1324536036745956,0.0,0.0,0.0,0.1324536036745956,0.1324536036745956,0.1324536036745956
06037533702,177.6733290147978,101.00351322182969,109.78742794905249,9.870740500822098,5.611306290101649,detour_factor_1.35,4.5,1.35,0,0,0,0,0,0,0,0,0,177.6733290147978,,False,False,0.1166144924847173,0.0,0.0,0.0,0.1166144924847173,0.1166144924847173,0.1166144924847173
06037533803,182.571038735222,98.03731532129912,127.32740184713529,10.14283548529011,5.4465175178499505,detour_factor_1.35,4.5,1.35,0,0,0,0,0,0,0,0,0,182.571038735222,,False,False,0.11972035266384107,0.0,0.0,0.0,0.11972035266384107,0.11972035266384107,0.11972035266384107
06037534202,231.25122180121494,96.49936019927348,116.77572691737933,12.847290100067495,5.361075566626305,detour_factor_1.35,4.5,1.35,0,0,0,0,0,0,0,0,0,231.25122180121494,,False,False,0.12139676178819171,0.0,0.0,0.0,0.12139676178819171,0.12139676178819171,0.12139676178819171
06037534804,136.2595500111867,26.426800503409087,100.7986164288838,7.569975000621482,1.468155583522727,detour_factor_1.35,4.5,1.35,0,0,0,0,4,0,0,7,0,136.2595500111867,,False,False,0.3353442769604556,0.0,0.0,0.0,0.3353442769604556,0.3353442769604556,0.3353442769604556
06037531602,154.32667073856635,30.569442072054994,34.42753452654457,8.573703929920352,1.6983023373363884,detour_factor_1.35,4.5,1.35,0,0,0,0,0,0,0,12,1,154.32667073856635,,False,False,0.3037013767402252,0.0,0.0,0.0,0.3037013767402252,0.3037013767402252,0.3037013767402252
06037533901,218.39538032810225,120.25362687442126,120.65430240632243,12.133076684894569,6.6807570485789585,detour_factor_1.35,4.5,1.35,0,0,0,0,0,0,0,0,0,120.25362687442126,0.0,False,False,0.09981014099428057,0.0,0.0,0.0,0.09981014099428057,0.09981014099428057,0.09981014099428057
06037534001,215.19453728528097,109.1305421427613,108.23101472556776,11.955252071404496,6.062807896820072,detour_factor_1.35,4.5,1.35,0,0,0,0,0,0,0,0,0,129.6305421427613,20.5,False,False,0.10887564419710076,0.0008056360979491195,0.0008056360979491195,0.0,0.10968128029504988,0.10968128029504988,0.10887564419710076
06037502500,160.70193617724186,124.95817366684882,94.37356464625195,8.927885343180103,6.942120759269378,detour_factor_1.35,4.5,1.35,0,0,0,0,0,0,0,0,0,160.70193617724186,,False,False,0.09641469402250256,0.027378058191571283,0.027378058191571283,0.0,0.12379275221407385,0.12379275221407385,0.09641469402250256
06037530400,155.87892435181203,10.843397087469103,10.559610247645214,8.659940241767334,0.6024109493038391,detour_factor_1.35,4.5,1.35,0,5,1,0,12,1,0,12,1,155.87892435181203,,False,False,0.551494478420494,0.0065503387927419165,0.0065503387927419165,0.0065503387927419165,0.558044817213236,0.558044817213236,0.558044817213236
06037501200,82.80604064295073,166.01823784590894,152.11651803763434,4.60033559127504,9.223235435883831,detour_factor_1.35,4.5,1.35,0,0,0,0,0,0,0,0,0,166.01823784590894,0.0,False,False,0.07434188195657412,0.006246484988752743,0.006246484988752743,0.0022540214301949024,0.08058836694532687,0.08058836694532687,0.07659590338676903
06037501501,88.15205731453358,221.40816008461763,150.52899385476317,4.897336517474087,12.300453338034313,detour_factor_1.35,4.5,1.35,0,0,0,0,0,0,0,0,0,221.40816008461763,0.0,False,False,0.056800070320732296,0.024569049489387845,0.024569049489387845,0.024569049489387845,0.08136911981012014,0.08136911981012014,0.08136911981012014
06037501400,117.62492911662382,164.59063444311988,135.17105450900192,6.534718284256878,9.143924135728883,detour_factor_1.35,4.5,1.35,0,0,0,0,0,0,0,0,0,164.59063444311988,0.0,False,False,0.07493837676824724,0.014845726766047798,0.014845726766047798,0.002591556790472252,0.08978410353429504,0.08978410353429504,0.0775299335587195
06037501300,95.19931018116792,176.66832999997044,145.3603702694268,5.288850565620439,9.81490722222058,detour_factor_1.35,4.5,1.35,0,0,0,0,0,0,0,0,0,176.66832999997044,0.0,False,False,0.07017482425900556,0.013844472226185484,0.013844472226185484,0.0018425069112028847,0.08401929648519105,0.08401929648519105,0.07201733117020845
06037500201,141.82092006459817,240.27672854003538,177.10848735081228,7.878940003588786,13.348707141113076,detour_factor_1.35,4.5,1.35,0,0,0,0,0,0,0,0,0,240.27672854003538,0.0,False,False,0.05257414960133113,0.017438483576793805,0.017438483576793805,0.017438483576793805,0.07001263317812494,0.07001263317812494,0.07001263317812494
06037500202,159.6373818235544,199.54875515322016,148.21805433336257,8.868743434641909,11.086041952956675,detour_factor_1.35,4.5,1.35,0,0,0,0,0,0,0,0,0,199.54875515322016,0.0,False,False,0.06263248086358154,0.019900597470861148,0.019900597470861148,0.019900597470861148,0.08253307833444269,0.08253307833444269,0.08253307833444269
06037501503,109.44267698595858,183.45884574063885,154.6522244426396,6.080148721442144,10.192158096702158,detour_factor_1.35,4.5,1.35,0,0,0,0,0,0,0,0,0,183.45884574063885,0.0,False,False,0.06775337005807262,0.01161853256176322,0.01161853256176322,0.0045160292633889265,0.07937190261983584,0.07937190261983584,0.07226939932146155
06037501504,124.12939509851255,170.2991546571149,142.4087881651613,6.8960775054729195,9.461064147617494,detour_factor_1.35,4.5,1.35,0,0,0,0,0,0,0,0,0,170.2991546571149,0.0,False,False,0.07260879313483394,0.013002814085131986,0.013002814085131986,0.006299025331004848,0.08561160721996593,0.08561160721996593,0.07890781846583879
06037406411,110.01225397189337,131.22936123167693,161.3667749036237,6.111791887327409,7.290520068426496,detour_factor_1.35,4.5,1.35,0,0,0,0,0,0,0,0,0,110.01225397189337,,False,False,0.0922321859969018,0.0,0.0,0.0,0.0922321859969018,0.0922321859969018,0.0922321859969018
06037406500,92.88811762955275,127.01164430178008,173.48453425866606,5.160450979419597,7.056202461210004,detour_factor_1.35,4.5,1.35,0,0,0,0,0,0,0,0,0,127.01164430178008,0.0,False,False,0.09500399343109388,0.0,0.0,0.0,0.09500399343109388,0.09500399343109388,0.09500399343109388
06037406412,106.30502261574478,139.1841002064902,153.47891301061287,5.905834589763598,7.732450011471678,detour_factor_1.35,4.5,1.35,0,0,0,0,0,0,0,0,0,106.30502261574478,,False,False,0.0874217000894648,0.0,0.0,0.0,0.0874217000894648,0.0874217000894648,0.0874217000894648
06037189702,56.228814647447486,24.064355709758093,115.43509336362847,3.1238230359693047,1.3369086505421162,detour_factor_1.35,4.5,1.35,0,0,0,0,3,0,0,7,0,56.228814647447486,,False,False,0.3565282688449017,0.0,0.0,0.0,0.3565282688449017,0.3565282688449017,0.3565282688449017
06037406601,73.57829831220184,148.6642280964748,156.93336898601143,4.087683239566768,8.259123783137488,detour_factor_1.35,4.5,1.35,0,0,0,0,0,0,0,0,0,148.6642280964748,0.0,False,False,0.08230576568963063,0.0,0.0,0.0,0.08230576568963063,0.08230576568963063,0.08230576568963063
06037406402,94.7827251995714,153.4619114277442,140.66646849534274,5.265706955531744,8.525661745985788,detour_factor_1.35,4.5,1.35,0,0,0,0,0,0,0,0,0,94.7827251995714,,False,False,0.07993833009107901,0.006641867902724863,0.006641867902724863,0.0,0.08658019799380387,0.08658019799380387,0.07993833009107901
06037406800,80.05100019999772,135.39641487233146,140.59026117249547,4.447277788888762,7.522023048462858,detour_factor_1.35,4.5,1.35,0,0,0,0,0,0,0,0,0,135.39641487233146,0.0,False,False,0.08964805961276748,0.0,0.0,0.0,0.08964805961276748,0.08964805961276748,0.08964805961276748
06037400604,243.01674926747845,27.328119973131678,267.18218870543893,13.500930514859913,1.518228887396204,detour_factor_1.35,4.5,1.35,0,0,0,0,7,0,0,7,0,42.32811997313168,15.0,False,True,0.32791088977661764,0.0,0.0,0.0,0.32791088977661764,0.32791088977661764,0.32791088977661764
06037404501,174.92586650616698,40.29202175753744,199.705205925477,9.718103694787054,2.238445653196524,detour_factor_1.35,4.5,1.35,0,0,0,0,0,0,0,4,0,174.92586650616698,,False,False,0.24863860221977743,0.0,0.0,0.0,0.24863860221977743,0.24863860221977743,0.24863860221977743
06037408134,69.18852600777775,219.45927793179786,92.27843011409843,3.8438070004320974,12.192182107322102,detour_factor_1.35,4.5,1.35,0,0,0,0,0,0,0,0,0,219.45927793179786,0.0,False,False,0.05727558645814488,0.06897297618393239,0.06897297618393239,0.0,0.12624856264207726,0.12624856264207726,0.05727558645814488
06037602900,91.91093059230593,45.73050821133378,86.08820999292648,5.106162810683662,2.5405837895185432,detour_factor_1.35,4.5,1.35,0,0,0,0,0,0,0,0,0,91.91093059230593,,False,False,0.22574443152753584,0.0,0.0,0.0,0.22574443152753584,0.22574443152753584,0.22574443152753584
06037602301,84.8643696427647,24.045403575172838,93.62603155835782,4.714687202375816,1.3358557541762686,detour_factor_1.35,4.5,1.35,0,0,0,0,10,0,0,15,0,84.8643696427647,,False,False,0.35670903931210973,0.0,0.0,0.0,0.35670903931210973,0.35670903931210973,0.35670903931210973
06037603704,93.68259136185134,54.06778295377421,93.5479537653489,5.20458840899174,3.0037657196541225,detour_factor_1.35,4.5,1.35,0,0,0,0,0,0,0,0,0,93.68259136185134,,False,False,0.19782066036618043,0.0,0.0,0.0,0.19782066036618043,0.19782066036618043,0.19782066036618043
06037620001,107.83346165741935,28.20202800064201,52.94141718076608,5.99074786985663,1.5667793333690003,detour_factor_1.35,4.5,1.35,0,0,0,0,4,0,0,13,0,107.83346165741935,,False,False,0.32101161287904467,0.0,0.0,0.0,0.32101161287904467,0.32101161287904467,0.32101161287904467
06037600302,64.89931621366446,24.927268726488933,100.46204330882401,3.6055175674258035,1.3848482625827185,detour_factor_1.35,4.5,1.35,0,0,0,0,4,0,0,12,0,64.89931621366446,,False,False,0.34848728497492104,0.0,0.0,0.0,0.34848728497492104,0.34848728497492104,0.34848728497492104
06037603703,91.57305284241215,49.298103179957295,105.34677477796501,5.087391824578452,2.7387835099976274,detour_factor_1.35,4.5,1.35,0,0,0,0,0,0,0,0,0,91.57305284241215,,False,False,0.21288563819710488,0.0,0.0,0.0,0.21288563819710488,0.21288563819710488,0.21288563819710488
06037603900,102.88369425728709,15.47861454146147,119.46357268720276,5.715760792071504,0.8599230300811928,detour_factor_1.35,4.5,1.35,0,0,0,0,6,0,0,9,0,102.88369425728709,,False,False,0.46277097929215566,0.0,0.0,0.0,0.46277097929215566,0.46277097929215566,0.46277097929215566
06037603600,112.11011245403544,72.75543852624484,70.80504428405533,6.228339580779747,4.041968807013602,detour_factor_1.35,4.5,1.35,0,0,0,0,0,0,0,0,0,112.11011245403544,,False,False,0.15487888891110804,0.003590215330067259,0.003590215330067259,0.003590215330067259,0.1584691042411753,0.1584691042411753,0.1584691042411753
06037106114,276.74235606542976,279.0105873412029,256.02106261436774,15.374575336968322,15.500588185622382,detour_factor_1.35,4.5,1.35,0,0,0,0,0,0,0,0,0,279.0105873412029,0.0,False,False,0.045608382423581194,0.0038926969496404992,0.0038926969496404992,0.0,0.04950107937322169,0.04950107937322169,0.045608382423581194
06037222500,31.663116271548898,9.442992898411172,64.98558976852624,1.75906201508605,0.5246107165783984,detour_factor_1.35,4.5,1.35,0,4,0,0,9,0,3,17,0,31.663116271548898,,False,True,0.5854031593009938,0.0,0.0,0.0,0.5854031593009938,0.5854031593009938,0.5854031593009938
06037187300,60.88960869261295,61.44022918434866,96.84867295046863,3.382756038478498,3.413346065797148,detour_factor_1.35,4.5,1.35,0,0,0,0,0,0,0,0,0,60.88960869261295,,False,False,0.1783161438935098,0.0,0.0,0.0,0.1783161438935098,0.1783161438935098,0.1783161438935098
06037222700,8.442764726522336,5.147960947609336,39.839953064273686,0.4690424848067964,0.2859978304227409,detour_factor_1.35,4.5,1.35,2,13,0,3,17,0,3,25,1,5.147960947609336,0.0,True,True,0.7214501934035132,0.0,0.0,0.0,0.7214501934035132,0.7214501934035132,0.7214501934035132
06037224010,10.413176545045754,6.8248257466634525,7.862524112801542,0.5785098080580975,0.3791569859257473,detour_factor_1.35,4.5,1.35,2,8,1,3,24,2,4,41,3,6.8248257466634525,0.0,True,True,0.6614360607246215,0.0,0.0,0.0,0.6614360607246215,0.6614360607246215,0.6614360607246215
06037224020,21.596917940221335,4.45632342351992,5.030387549065649,1.1998287744567406,0.24757352352888443,detour_factor_1.35,4.5,1.35,0,8,1,4,19,2,4,34,2,21.596917940221335,,True,True,0.7494991902076371,0.0,0.0,0.0,0.7494991902076371,0.7494991902076371,0.7494991902076371
06037224410,24.386047352564677,15.22112167825947,24.65592218340363,1.3547804084758155,0.845617871014415,detour_factor_1.35,4.5,1.35,0,0,0,3,16,1,6,28,3,24.386047352564677,,True,True,0.46694406627337626,0.0,0.0,0.0,0.46694406627337626,0.46694406627337626,0.46694406627337626
06037181300,101.07107034242249,69.72040818651453,160.89590342884213,5.615059463467915,3.8733560103619182,detour_factor_1.35,4.5,1.35,0,0,0,0,0,0,0,0,0,101.07107034242249,,False,False,0.16053862341827171,0.0,0.0,0.0,0.16053862341827171,0.16053862341827171,0.16053862341827171
06037224320,20.02490974074088,24.459022610609033,26.86075892809339,1.1124949855967154,1.3588345894782794,detour_factor_1.35,4.5,1.35,0,0,0,3,12,1,4,30,4,24.459022610609033,0.0,True,True,0.3528050316077343,0.0,0.0,0.0,0.3528050316077343,0.3528050316077343,0.3528050316077343
06037187200,57.24982620482552,58.99054023337186,93.39482040055209,3.180545900268084,3.277252235187325,detour_factor_1.35,4.5,1.35,0,0,0,0,0,0,0,0,0,57.24982620482552,,False,False,0.18435590733446872,0.0,0.0,0.0,0.18435590733446872,0.18435590733446872,0.18435590733446872
06037224310,23.419008821424676,28.107200872917687,21.925766449100802,1.3010560456347042,1.561511159606538,detour_factor_1.35,4.5,1.35,0,0,0,3,9,1,3,33,3,28.107200872917687,0.0,True,True,0.32174617409546064,0.0,0.056406796786000024,0.0,0.32174617409546064,0.37815297088146066,0.32174617409546064
06037115104,145.48761763220622,279.034845426342,110.22637122937172,8.082645424011456,15.501935857018998,detour_factor_1.35,4.5,1.35,0,0,0,0,0,0,0,0,0,279.034845426342,0.0,False,False,0.04560459824970639,0.062305447185590265,0.062305447185590265,0.0,0.10791004543529666,0.10791004543529666,0.04560459824970639
06037113102,227.64566792442002,370.7328485868606,61.150730961418226,12.646981551356667,20.596269365936696,detour_factor_1.35,4.5,1.35,0,0,0,0,0,0,0,0,0,370.7328485868606,0.0,False,False,0.03471623892182182,0.03050870992768289,0.14429296874668146,0.0,0.06522494884950471,0.17900920766850328,0.03471623892182182
06037113101,247.7437415268205,398.25311295572914,37.096784947940826,13.76354119593447,22.125172941984953,detour_factor_1.35,4.5,1.35,0,0,0,0,0,0,0,0,1,398.25311295572914,0.0,False,False,0.03239497668970654,0.026938295492062246,0.23199729102155725,0.0,0.05933327218176879,0.2643922677112638,0.03239497668970654
06037111206,204.15630348652604,327.03722515660803,114.51305886579442,11.342016860362557,18.16873473092267,detour_factor_1.35,4.5,1.35,0,0,0,0,0,0,0,0,0,327.03722515660803,0.0,False,False,0.03917299249525825,0.03399007026399219,0.0651188307152547,0.0,0.07316306275925044,0.10429182321051295,0.03917299249525825
06037109604,179.69973631434254,235.87298182443385,157.61991868865528,9.98331868413014,13.10405454580188,detour_factor_1.35,4.5,1.35,0,0,0,0,0,0,0,0,0,235.87298182443385,0.0,False,False,0.053503192023413554,0.024490839535683984,0.024490839535683984,0.0,0.07799403155909754,0.07799403155909754,0.053503192023413554
06037109603,164.71700854837286,224.19085266237747,143.44466521776621,9.150944919354048,12.455047370132082,detour_factor_1.35,4.5,1.35,0,0,0,0,0,0,0,0,0,224.19085266237747,0.0,False,False,0.05613463436339954,0.02891131249493801,0.02891131249493801,0.0,0.08504594685833755,0.08504594685833755,0.05613463436339954
06037106648,244.97877807535934,280.9233388282174,222.47076243867156,13.60993211529774,15.60685215712319,detour_factor_1.35,4.5,1.35,0,0,0,0,0,0,0,0,0,280.9233388282174,0.0,False,False,0.04531191505493938,0.0112321975046029,0.0112321975046029,0.0,0.05654411255954228,0.05654411255954228,0.04531191505493938
06037106408,289.8386771380848,306.38314682719573,226.27442606557722,16.1021487298936,17.021285934844208,detour_factor_1.35,4.5,1.35,0,0,0,0,0,0,0,0,0,306.38314682719573,0.0,False,False,0.04170361604956582,0.013942884576214655,0.013942884576214655,0.0,0.05564650062578048,0.05564650062578048,0.04170361604956582
06037106407,286.5262737542055,299.4700378600479,233.75234719183922,15.918126319678079,16.637224325558215,detour_factor_1.35,4.5,1.35,0,0,0,0,0,0,0,0,0,299.4700378600479,0.0,False,False,0.042625286557702737,0.011337101327316614,0.011337101327316614,0.0,0.05396238788501935,0.05396238788501935,0.042625286557702737
06037106405,289.81264066658946,314.1913690782756,217.20195165973584,16.10070225925497,17.4550760599042,detour_factor_1.35,4.5,1.35,0,0,0,0,0,0,0,0,0,314.1913690782756,0.0,False,False,0.04070939759706118,0.017127012710949532,0.017127012710949532,0.0,0.05783641030801071,0.05783641030801071,0.04070939759706118
06037104821,187.36375435408326,168.07650551812114,169.9005662613088,10.409097464115737,9.337583639895618,detour_factor_1.35,4.5,1.35,0,0,0,0,0,0,0,0,0,168.07650551812114,0.0,False,False,0.07349840238958148,0.0,0.0,0.0,0.07349840238958148,0.07349840238958148,0.07349840238958148
06037104704,220.15835419637418,193.73670461143578,195.68488610612877,12.231019677576342,10.763150256190878,detour_factor_1.35,4.5,1.35,0,0,0,0,0,0,0,0,0,193.73670461143578,0.0,False,False,0.06439045197301636,0.0,0.0,0.0,0.06439045197301636,0.06439045197301636,0.06439045197301636
06037104703,214.33285062924665,176.194370385144,178.17991755857267,11.907380590513702,9.788576132508,detour_factor_1.35,4.5,1.35,0,0,0,0,0,0,0,0,0,176.194370385144,0.0,False,False,0.07035031328791141,0.0,0.0,0.0,0.07035031328791141,0.07035031328791141,0.07035031328791141
06037104404,204.91276156002465,208.02208322075526,192.1039660675562,11.384042308890256,11.55678240115307,detour_factor_1.35,4.5,1.35,0,0,0,0,0,0,0,0,0,208.02208322075526,0.0,False,False,0.06023495399795337,0.0046672491181162234,0.0046672491181162234,0.0,0.06490220311606959,0.06490220311606959,0.06023495399795337
06037104124,263.668936357242,237.36930030299453,239.48904080930924,14.648274242069,13.187183350166361,detour_factor_1.35,4.5,1.35,0,0,0,0,0,0,0,0,0,237.36930030299453,0.0,False,False,0.05318385826243382,0.0,0.0,0.0,0.05318385826243382,0.05318385826243382,0.05318385826243382
06037900102,1191.042446610044,1123.59870378318,1241.0131175984943,66.1690248116691,62.422150210176675,detour_factor_1.35,4.5,1.35,0,0,0,0,0,0,0,0,0,1191.042446610044,,False,False,0.011727467340219672,0.0,0.0,0.0,0.011727467340219672,0.011727467340219672,0.011727467340219672
06037910201,910.3803787932856,927.3197300935002,737.1225380162971,50.576687710738085,51.51776278297223,detour_factor_1.35,4.5,1.35,0,0,0,0,0,0,0,0,0,935.3197300935002,8.0,False,False,0.014174549418634233,0.003592429083851833,0.003592429083851833,0.0,0.017766978502486066,0.017766978502486066,0.014174549418634233
06037910302,921.779532012702,938.1775093562047,629.9723614577568,51.209974000705664,52.120972742011375,detour_factor_1.35,4.5,1.35,0,0,0,0,0,0,0,0,0,938.1775093562047,0.0,False,False,0.01401280230884744,0.006713476723492319,0.006713476723492319,0.0,0.02072627903233976,0.02072627903233976,0.01401280230884744
06037910402,844.1678129284528,859.3543249834588,716.2421211776037,46.89821182935849,47.741906943525485,detour_factor_1.35,4.5,1.35,0,0,0,0,0,0,0,0,0,867.3543249834588,8.0,False,False,0.015278471290690848,0.0029969973409549183,0.0029969973409549183,0.0,0.018275468631645767,0.018275468631645767,0.015278471290690848
06037910403,831.2283897166197,846.2685401046821,711.0167950398093,46.17935498425665,47.01491889470456,detour_factor_1.35,4.5,1.35,0,0,0,0,0,0,0,0,0,854.2685401046821,8.0,False,False,0.015511056624395293,0.002896247814522102,0.002896247814522102,0.0,0.018407304438917395,0.018407304438917395,0.015511056624395293
06037910501,841.1571617877215,854.0188638454722,733.2113770804159,46.73095343265119,47.44549243585956,detour_factor_1.35,4.5,1.35,0,0,0,0,0,0,0,0,0,841.1571617877215,,False,False,0.015372455822100896,0.002487604194858767,0.002487604194858767,0.0,0.017860060016959663,0.017860060016959663,0.015372455822100896
06037910601,857.6041831108105,864.196804398997,790.2871186659505,47.64467683948947,48.01093357772204,detour_factor_1.35,4.5,1.35,0,0,0,0,0,0,0,0,0,857.6041831108105,,False,False,0.015194160018012225,0.0013974203731563356,0.0013974203731563356,0.0,0.01659158039116856,0.01659158039116856,0.015194160018012225
06037910502,843.8021594103033,854.6040311092341,750.5880402153259,46.877897745016845,47.478001728290785,detour_factor_1.35,4.5,1.35,0,0,0,0,0,0,0,0,0,843.8021594103033,,False,False,0.015362091643440955,0.0020917115816157447,0.0020917115816157447,0.0,0.0174538032250567,0.0174538032250567,0.015362091643440955
06037910401,823.696812807555,842.6444759749322,673.5468106861895,45.760934044864165,46.81358199860735,detour_factor_1.35,4.5,1.35,0,0,0,0,0,0,0,0,0,823.696812807555,,False,False,0.015576727794039768,0.0038347131238889495,0.0038347131238889495,0.0,0.019411440917928718,0.019411440917928718,0.015576727794039768
06037910603,818.7429959505139,826.4211814286282,761.7390960641853,45.485721997250764,45.912287857146005,detour_factor_1.35,4.5,1.35,0,0,0,0,0,0,0,0,0,818.7429959505139,,False,False,0.01587765602797959,0.001325037330236794,0.001325037330236794,0.0,0.017202693358216385,0.017202693358216385,0.01587765602797959
06037531301,125.06017279078277,29.754639166122338,53.116583312364085,6.947787377265709,1.6530355092290188,detour_factor_1.35,4.5,1.35,0,0,0,0,1,0,0,11,0,125.06017279078277,,False,False,0.30944443564852747,0.0,0.0,0.0,0.30944443564852747,0.30944443564852747,0.30944443564852747
06037531603,149.14040286085142,8.015491741300936,13.765579391752178,8.285577936713967,0.4453050967389409,detour_factor_1.35,4.5,1.35,0,11,1,0,12,1,0,12,1,61.015491741300934,53.0,False,False,0.6245464697340843,0.0,0.0,0.0,0.6245464697340843,0.6245464697340843,0.6245464697340843
06037531701,169.51853745865282,22.883619316391567,23.847763324394347,9.41769652548071,1.2713121842439759,detour_factor_1.35,4.5,1.35,0,0,0,0,8,1,0,12,1,22.883619316391567,0.0,True,True,0.36815171785124257,0.0,0.0,0.0,0.36815171785124257,0.36815171785124257,0.36815171785124257
06037531604,152.25507913755854,19.438085412062417,23.323941354956922,8.458615507642142,1.0798936340034675,detour_factor_1.35,4.5,1.35,0,0,0,0,12,1,0,12,1,152.25507913755854,,False,False,0.40685859336519,0.0,0.0,0.0,0.40685859336519,0.40685859336519,0.40685859336519
06037531800,154.7892590082878,34.97732741288586,37.51905488056174,8.59940327823821,1.9431848562714367,detour_factor_1.35,4.5,1.35,0,0,0,0,0,0,0,7,1,34.97732741288586,0.0,False,True,0.2759915332844377,0.0,0.0,0.0,0.2759915332844377,0.2759915332844377,0.2759915332844377
06037531702,162.08625290237683,34.84042658017889,36.44197800471425,9.004791827909823,1.9355792544543828,detour_factor_1.35,4.5,1.35,0,0,0,0,0,0,0,12,1,87.8404265801789,53.0,False,False,0.27677584970056435,0.0,0.0,0.0,0.27677584970056435,0.27677584970056435,0.27677584970056435
06037531902,145.83805622605306,54.70213309102801,57.366945304635045,8.102114234780725,3.0390073939460005,detour_factor_1.35,4.5,1.35,0,0,0,0,0,0,0,0,0,54.70213309102801,0.0,False,False,0.1959762170243473,0.0,0.0,0.0,0.1959762170243473,0.1959762170243473,0.1959762170243473
06037531901,160.12824944047782,43.73653709865307,45.745687538904164,8.896013857804322,2.429807616591837,detour_factor_1.35,4.5,1.35,0,0,0,0,0,0,0,3,0,43.73653709865307,0.0,False,True,0.23363174355237884,0.0,0.0,0.0,0.23363174355237884,0.23363174355237884,0.23363174355237884
06037106643,240.21158212271223,341.85448697212513,150.38629064594886,13.345087895706234,18.99191594289584,detour_factor_1.35,4.5,1.35,0,0,0,0,0,0,0,0,0,341.85448697212513,0.0,False,False,0.03753882473184689,0.023025484899828377,0.04390121897983787,0.0,0.060564309631675264,0.08144004371168476,0.03753882473184689
06037482600,113.15477913990125,64.21721692174094,67.23998259653655,6.286376618883402,3.5676231623189407,detour_factor_1.35,4.5,1.35,0,0,0,0,0,0,0,0,0,64.21721692174094,0.0,False,False,0.17193086689234563,0.0,0.0,0.0,0.17193086689234563,0.17193086689234563,0.17193086689234563
06037134306,204.84966661986192,382.3849172759697,77.90795692608023,11.380537034436772,21.24360651533165,detour_factor_1.35,4.5,1.35,0,0,0,0,0,0,0,0,0,382.3849172759697,0.0,False,False,0.03369400656351703,0.03716167800522891,0.11243866314582768,0.0,0.07085568456874594,0.14613266970934471,0.03369400656351703
06037482800,103.56903660048789,66.41338706995587,69.93823037059066,5.753835366693772,3.6896326149975485,detour_factor_1.35,4.5,1.35,0,0,0,0,0,0,0,0,0,66.41338706995587,0.0,False,False,0.16719600838636356,0.0,0.0,0.0,0.16719600838636356,0.16719600838636356,0.16719600838636356
06037431001,69.11395908443437,29.87305257676809,150.73807910487741,3.839664393579687,1.6596140320426715,detour_factor_1.35,4.5,1.35,0,0,0,0,2,0,0,7,0,69.11395908443437,,False,False,0.30859635797994556,0.0,0.0,0.0,0.30859635797994556,0.30859635797994556,0.30859635797994556
06037460100,104.88677041607747,77.91098357151097,264.8655719815238,5.827042800893192,4.328387976195054,detour_factor_1.35,4.5,1.35,0,0,0,0,0,0,0,0,0,85.91098357151097,8.0,False,False,0.14612782237427704,0.0,0.0,0.0,0.14612782237427704,0.14612782237427704,0.14612782237427704
06037432401,105.00450328441623,89.37602892531791,37.43990696152553,5.8335835158009015,4.965334940295439,detour_factor_1.35,4.5,1.35,0,0,0,0,0,0,0,0,1,105.00450328441623,,False,False,0.12981614372949007,0.1327893794930139,0.1327893794930139,0.1327893794930139,0.26260552322250397,0.26260552322250397,0.26260552322250397
06037408629,97.14408019810685,269.7798952950715,191.02768331966732,5.396893344339269,14.987771960837307,detour_factor_1.35,4.5,1.35,0,0,0,0,0,0,0,0,0,269.7798952950715,0.0,False,False,0.047095409133402794,0.018148606343252244,0.018148606343252244,0.011188510423409778,0.06524401547665504,0.06524401547665504,0.05828391955681257
06037404703,110.70508448719139,138.65958928447452,77.98434419011436,6.150282471510632,7.703310515804139,detour_factor_1.35,4.5,1.35,0,0,0,0,0,0,0,0,0,110.70508448719139,,False,False,0.0877233827976354,0.05828704689063306,0.05828704689063306,0.05828704689063306,0.14601042968826847,0.14601042968826847,0.14601042968826847
06037121900,134.3557588368488,97.3773696043583,99.4448943400248,7.4642088242693765,5.409853866908794,detour_factor_1.35,4.5,1.35,0,0,0,0,0,0,0,0,0,97.3773696043583,0.0,False,False,0.1204340048390568,0.0,0.0,0.0,0.1204340048390568,0.1204340048390568,0.1204340048390568
06037122410,120.74050974122562,74.81662405161751,76.70168823847982,6.707806096734758,4.15647911397875,detour_factor_1.35,4.5,1.35,0,0,0,0,0,0,0,0,0,74.81662405161751,0.0,False,False,0.15125739965031032,0.0,0.0,0.0,0.15125739965031032,0.15125739965031032,0.15125739965031032
06037123010,100.4285537788114,66.09176291432102,68.2235656180855,5.579364098822856,3.671764606351168,detour_factor_1.35,4.5,1.35,0,0,0,0,0,0,0,0,0,66.09176291432102,0.0,False,False,0.16787305226245922,0.0,0.0,0.0,0.16787305226245922,0.16787305226245922,0.16787305226245922
06037122420,111.03607834396236,70.20261984190081,72.24455714399576,6.168671019109019,3.9001455467722677,detour_factor_1.35,4.5,1.35,0,0,0,0,0,0,0,0,0,70.20261984190081,0.0,False,False,0.15961191351182497,0.0,0.0,0.0,0.15961191351182497,0.15961191351182497,0.15961191351182497
06037123020,99.49460805206135,73.43402166381576,75.57013474152899,5.5274782251145185,4.079667870211986,detour_factor_1.35,4.5,1.35,0,0,0,0,0,0,0,0,0,73.43402166381576,0.0,False,False,0.15366762457806196,0.0,0.0,0.0,0.15366762457806196,0.15366762457806196,0.15366762457806196
06037123205,96.59378063550962,52.09664725469267,54.101585709774206,5.366321146417201,2.894258180816259,detour_factor_1.35,4.5,1.35,0,0,0,0,0,0,0,0,0,52.09664725469267,0.0,False,False,0.20378018170730433,0.0,0.0,0.0,0.20378018170730433,0.20378018170730433,0.20378018170730433
06037123203,104.57329207053242,56.00450590670614,57.83546409742051,5.809627337251801,3.111361439261452,detour_factor_1.35,4.5,1.35,0,0,0,0,0,0,0,0,0,56.00450590670614,0.0,False,False,0.19229519522774421,0.0,0.0,0.0,0.19229519522774421,0.19229519522774421,0.19229519522774421
06037123204,109.88690010635978,59.20849497637407,60.9039180228246,6.104827783686654,3.289360832020781,detour_factor_1.35,4.5,1.35,0,0,0,0,0,0,0,0,0,59.20849497637407,0.0,False,False,0.18380200284460013,0.0,0.0,0.0,0.18380200284460013,0.18380200284460013,0.18380200284460013
06037123520,107.0444403583884,90.26187178331939,90.94460345897042,5.9469133532438,5.014548432406633,detour_factor_1.35,4.5,1.35,0,0,0,0,0,0,0,0,0,90.26187178331939,0.0,False,False,0.12870608555984245,0.0,0.0,0.0,0.12870608555984245,0.12870608555984245,0.12870608555984245
06037123304,127.23519719021223,73.47191957020576,74.86011212109008,7.068622066122901,4.081773309455875,detour_factor_1.35,4.5,1.35,0,0,0,0,0,0,0,0,0,73.47191957020576,0.0,False,False,0.15360053553613606,0.0,0.0,0.0,0.15360053553613606,0.15360053553613606,0.15360053553613606
06037123303,133.29586257889662,79.85278097557261,81.09429309433371,7.405325698827589,4.436265609754034,detour_factor_1.35,4.5,1.35,0,0,0,0,0,0,0,0,0,79.85278097557261,0.0,False,False,0.1430828340919356,0.0,0.0,0.0,0.1430828340919356,0.1430828340919356,0.1430828340919356
06037123410,118.7470994110222,93.88900628166381,94.93748171719679,6.597061078390122,5.216055904536878,detour_factor_1.35,4.5,1.35,0,0,0,0,0,0,0,0,0,93.88900628166381,0.0,False,False,0.12435219545860762,0.0,0.0,0.0,0.12435219545860762,0.12435219545860762,0.12435219545860762
06037123301,122.13634084815736,70.96713081135839,72.58900640308194,6.7853522693420745,3.9426183784087994,detour_factor_1.35,4.5,1.35,0,0,0,0,0,0,0,0,0,70.96713081135839,0.0,False,False,0.15816441188803246,0.0,0.0,0.0,0.15816441188803246,0.15816441188803246,0.15816441188803246
06037900300,1150.691123382095,1162.178451451356,940.3165245347534,63.927284632338605,64.56546952507533,detour_factor_1.35,4.5,1.35,0,0,0,0,0,0,0,0,0,1150.691123382095,,False,False,0.011342577340282056,0.002638794568208978,0.002638794568208978,0.0,0.013981371908491034,0.013981371908491034,0.011342577340282056
06037301300,124.51214182753903,158.77374263508005,173.46828337418282,6.917341212641057,8.820763479726669,detour_factor_1.35,4.5,1.35,0,0,0,0,0,0,0,0,0,124.51214182753903,,False,False,0.07747115136498156,0.0,0.0,0.0,0.07747115136498156,0.07747115136498156,0.07747115136498156
06037301203,116.32009620441015,144.56815335430952,193.58528819626974,6.462227566911675,8.031564075239418,detour_factor_1.35,4.5,1.35,0,0,0,0,0,0,0,0,0,116.32009620441015,,False,False,0.08444083468136707,0.0,0.0,0.0,0.08444083468136707,0.08444083468136707,0.08444083468136707
06037700400,115.86040753789334,35.19063091501006,79.59904488745377,6.436689307660741,1.955035050833892,detour_factor_1.35,4.5,1.35,0,0,0,0,0,0,0,5,0,115.86040753789334,,False,False,0.27477831912277306,0.0,0.0,0.0,0.27477831912277306,0.27477831912277306,0.27477831912277306
06037127220,83.556893516597,144.90317097612098,83.55830270182202,4.642049639810944,8.050176165340055,detour_factor_1.35,4.5,1.35,0,0,0,0,0,0,0,0,0,144.90317097612098,0.0,False,False,0.08426205692245371,0.05221629050852737,0.05334872021929647,0.0,0.13647834743098108,0.13761077714175018,0.08426205692245371
06037702400,136.18277453868825,6.754807520261465,84.41031741381452,7.56570969659379,0.3752670844589702,detour_factor_1.35,4.5,1.35,0,4,0,0,8,0,0,14,0,136.18277453868825,,False,False,0.6637415294182047,0.0,0.0,0.0,0.6637415294182047,0.6637415294182047,0.6637415294182047
06037702801,114.11287418595339,38.09537686893893,96.06419647159983,6.339604121441854,2.1164098260521627,detour_factor_1.35,4.5,1.35,0,0,0,0,0,0,0,6,0,114.11287418595339,,False,False,0.2592585596817909,0.0,0.0,0.0,0.2592585596817909,0.2592585596817909,0.2592585596817909
06037186401,89.17807455612108,73.85224304024895,124.98705142684787,4.9543374753400595,4.102902391124942,detour_factor_1.35,4.5,1.35,0,0,0,0,0,0,0,0,0,100.85224304024895,27.0,False,False,0.1529304947896566,0.0,0.0,0.0,0.1529304947896566,0.1529304947896566,0.1529304947896566
06037187102,52.72090579071451,48.378415745410244,88.03388023073936,2.9289392105952503,2.6876897636339026,detour_factor_1.35,4.5,1.35,0,0,0,0,0,0,0,0,0,52.72090579071451,,False,False,0.21605826333523834,0.0,0.0,0.0,0.21605826333523834,0.21605826333523834,0.21605826333523834
06037189300,18.64025313212088,21.711681945588946,100.97960457831837,1.03556961845116,1.2062045525327192,detour_factor_1.35,4.5,1.35,0,0,0,1,4,0,1,12,0,21.711681945588946,0.0,True,True,0.3804630480886857,0.0,0.0,0.0,0.3804630480886857,0.3804630480886857,0.3804630480886857
06037123420,121.20674983405819,84.13892175648934,85.12451547939665,6.733708324114343,4.674384542027186,detour_factor_1.35,4.5,1.35,0,0,0,0,0,0,0,0,0,84.13892175648934,0.0,False,False,0.1367910624520423,0.0,0.0,0.0,0.1367910624520423,0.1367910624520423,0.1367910624520423
06037189902,86.45737746749128,19.58476810334979,95.2449177869745,4.803187637082849,1.0880426724083219,detour_factor_1.35,4.5,1.35,0,0,0,0,3,0,0,7,0,86.45737746749128,,False,False,0.4050456360303633,0.0,0.0,0.0,0.4050456360303633,0.4050456360303633,0.4050456360303633
06037190301,37.15992797694164,9.422431366123122,83.44894682548457,2.064440443163424,0.5234684092290623,detour_factor_1.35,4.5,1.35,0,4,0,0,8,0,1,16,0,37.15992797694164,,False,True,0.5859321147599937,0.0,0.0,0.0,0.5859321147599937,0.5859321147599937,0.5859321147599937
06037190520,36.953731005731186,8.005983151665053,76.25673534679798,2.0529850558739544,0.44477684175916954,detour_factor_1.35,4.5,1.35,0,4,0,0,13,0,1,17,0,8.005983151665053,0.0,True,True,0.6248247615009934,0.0,0.0,0.0,0.6248247615009934,0.6248247615009934,0.6248247615009934
06037199700,34.92248439824944,26.162163117196535,33.271339580133734,1.9401380221249687,1.4534535065109184,detour_factor_1.35,4.5,1.35,0,0,0,0,9,0,1,25,1,57.162163117196535,31.0,False,False,0.3375912327126719,0.0,0.0,0.0,0.3375912327126719,0.3375912327126719,0.3375912327126719
06037190902,56.568061999106796,17.353046823098385,67.09568370724776,3.1426701110614883,0.9640581568387993,detour_factor_1.35,4.5,1.35,0,0,0,0,8,0,0,11,0,56.568061999106796,,False,False,0.43450329642542507,0.0,0.0,0.0,0.43450329642542507,0.43450329642542507,0.43450329642542507
06037191110,44.56786032803644,12.260353227138678,68.68526633442262,2.4759922404464687,0.6811307348410376,detour_factor_1.35,4.5,1.35,0,4,0,0,13,0,1,18,0,12.260353227138678,0.0,True,True,0.5209618122746689,0.0,0.0,0.0,0.5209618122746689,0.5209618122746689,0.5209618122746689
06037191201,39.73897541466856,6.8265174894706755,73.50973941920262,2.2077208563704755,0.37925097163725974,detour_factor_1.35,4.5,1.35,0,4,0,0,13,0,1,16,0,39.73897541466856,,False,True,0.6613805553685549,0.0,0.0,0.0,0.6613805553685549,0.6613805553685549,0.6613805553685549
06037191204,52.19544496327239,10.831185410113958,61.18509845028929,2.8997469424040214,0.6017325227841087,detour_factor_1.35,4.5,1.35,0,5,0,0,13,0,0,16,0,52.19544496327239,,False,False,0.5517731793002889,0.0,0.0,0.0,0.5517731793002889,0.5517731793002889,0.5517731793002889
06037535804,187.24327218145507,46.75762107192494,152.13366477113644,10.402404010080838,2.597645615106941,detour_factor_1.35,4.5,1.35,0,0,0,0,0,0,0,0,0,187.24327218145507,,False,False,0.22188586394238727,0.0,0.0,0.0,0.22188586394238727,0.22188586394238727,0.22188586394238727
06037535803,178.30460082428772,46.19088729522863,141.89658832614361,9.905811156904873,2.566160405290479,detour_factor_1.35,4.5,1.35,0,0,0,0,0,0,0,0,0,178.30460082428772,,False,False,0.22399845294128048,0.0,0.0,0.0,0.22399845294128048,0.22399845294128048,0.22399845294128048
06037535502,153.5868599051425,46.576946606602036,120.75630940459328,8.532603328063471,2.5876081448112243,detour_factor_1.35,4.5,1.35,0,0,0,0,0,0,0,0,0,153.5868599051425,,False,False,0.22255501637950978,0.0,0.0,0.0,0.22255501637950978,0.22255501637950978,0.22255501637950978
06037535701,169.5876279711539,64.92062935648997,138.66165116630842,9.421534887286327,3.6067016309161093,detour_factor_1.35,4.5,1.35,0,0,0,0,0,0,0,0,0,169.5876279711539,,False,False,0.1703854076525545,0.0,0.0,0.0,0.1703854076525545,0.1703854076525545,0.1703854076525545
06037535603,148.49405933566126,29.947102533087644,111.1512184414661,8.249669963092291,1.663727918504869,detour_factor_1.35,4.5,1.35,0,0,0,0,1,0,0,7,0,148.49405933566126,,False,False,0.30806837007105947,0.0,0.0,0.0,0.30806837007105947,0.30806837007105947,0.30806837007105947
06037535501,145.99805508346876,35.57337676827308,111.35994462312976,8.111003060192708,1.9762987093485043,detour_factor_1.35,4.5,1.35,0,0,0,0,0,0,0,7,0,145.99805508346876,,False,False,0.2726278930975441,0.0,0.0,0.0,0.2726278930975441,0.2726278930975441,0.2726278930975441
06037535503,163.39197412787908,48.52239026548454,128.2123214802826,9.077331895993282,2.6956883480824745,detour_factor_1.35,4.5,1.35,0,0,0,0,0,0,0,0,0,163.39197412787908,,False,False,0.21555536913302145,0.0,0.0,0.0,0.21555536913302145,0.21555536913302145,0.21555536913302145
06037535604,159.75031383813757,34.298047406305464,120.61817762328519,8.875017435452087,1.9054470781280812,detour_factor_1.35,4.5,1.35,0,0,0,0,0,0,0,7,0,159.75031383813757,,False,False,0.2799275000280927,0.0,0.0,0.0,0.2799275000280927,0.2799275000280927,0.2799275000280927
06037535606,160.86396899668583,28.91533005129526,120.55903912095191,8.936887166482546,1.6064072250719588,detour_factor_1.35,4.5,1.35,0,0,0,0,3,0,0,14,0,160.86396899668583,,False,False,0.315591838064738,0.0,0.0,0.0,0.315591838064738,0.315591838064738,0.315591838064738
06037535902,190.48334779626384,37.39044991411291,160.49415046031564,10.582408210903546,2.077247217450717,detour_factor_1.35,4.5,1.35,0,0,0,0,0,0,0,4,0,190.48334779626384,,False,False,0.26286157064210347,0.0,0.0,0.0,0.26286157064210347,0.26286157064210347,0.26286157064210347
06037535702,176.11736311285972,58.60302915264057,142.71627402064513,9.784297950714429,3.255723841813365,detour_factor_1.35,4.5,1.35,0,0,0,0,0,0,0,0,0,176.11736311285972,,False,False,0.1853490067131634,0.0,0.0,0.0,0.1853490067131634,0.1853490067131634,0.1853490067131634
06037535901,200.71815106565117,50.62443094308563,159.11222274606934,11.151008392536175,2.812468385726979,detour_factor_1.35,4.5,1.35,0,0,0,0,0,0,0,0,0,200.71815106565117,,False,False,0.20847091020424074,0.0,0.0,0.0,0.20847091020424074,0.20847091020424074,0.20847091020424074
06037551800,249.90006943980111,24.484716158261584,54.617544716883174,13.883337191100061,1.3602620087923103,detour_factor_1.35,4.5,1.35,0,0,0,0,4,0,0,8,0,249.90006943980111,,False,False,0.35256533619738034,0.0,0.0,0.0,0.35256533619738034,0.35256533619738034,0.35256533619738034
06037501700,164.82460566770587,169.15105758643983,130.75869469428915,9.15692253709477,9.397280977024433,detour_factor_1.35,4.5,1.35,0,0,0,0,0,0,0,0,0,169.15105758643983,0.0,False,False,0.0730656099742534,0.019467846011093193,0.019467846011093193,0.019467846011093193,0.0925334559853466,0.0925334559853466,0.0925334559853466
06037190100,78.18530381980617,5.941988055252817,92.34854305045116,4.343627989989231,0.3301104475140454,detour_factor_1.35,4.5,1.35,0,3,0,0,7,0,0,7,0,78.18530381980617,,False,False,0.6917307921635301,0.0,0.0,0.0,0.6917307921635301,0.6917307921635301,0.6917307921635301
06037407200,36.72249504768412,194.89027171999902,153.99630141632474,2.0401386137602286,10.827237317777723,detour_factor_1.35,4.5,1.35,0,0,0,0,0,0,1,0,0,194.89027171999902,0.0,False,False,0.06403372629111029,0.01564930985058295,0.01564930985058295,0.01564930985058295,0.07968303614169324,0.07968303614169324,0.07968303614169324
06037407701,26.694179399687297,230.15014922927912,136.06385743482204,1.4830099666492942,12.786119401626618,detour_factor_1.35,4.5,1.35,0,0,0,1,0,0,1,0,0,230.15014922927912,0.0,False,False,0.05476073035017737,0.0344868201879375,0.0344868201879375,0.0033882023822751905,0.08924755053811487,0.08924755053811487,0.05814893273245256
06037407702,12.10884430940675,216.95089120364003,164.2717268505738,0.6727135727448195,12.05282728909111,detour_factor_1.35,4.5,1.35,1,0,0,1,0,0,1,0,0,216.95089120364003,0.0,False,False,0.05789946471644911,0.017173471378540993,0.017173471378540993,0.00868304519441835,0.0750729360949901,0.0750729360949901,0.06658250991086746
06037402101,56.56859619185637,35.71034177010846,45.51626068917352,3.142699788436465,1.9839078761171367,detour_factor_1.35,4.5,1.35,0,0,0,0,0,0,0,2,0,56.56859619185637,,False,False,0.27186652112042936,0.0,0.0,0.0,0.27186652112042936,0.27186652112042936,0.27186652112042936
06037408135,70.72609993430692,230.79374560318888,87.00550961685967,3.9292277741281616,12.821874755732713,detour_factor_1.35,4.5,1.35,0,0,0,0,0,0,0,0,0,230.79374560318888,0.0,False,False,0.05461636370457806,0.07826670471940048,0.07826670471940048,0.0,0.13288306842397854,0.13288306842397854,0.05461636370457806
06037408133,54.21869467876469,213.0287689699868,106.83162651203698,3.012149704375816,11.834931609443709,detour_factor_1.35,4.5,1.35,0,0,0,0,0,0,0,0,0,213.0287689699868,0.0,False,False,0.05890267495160019,0.0520559052409187,0.0520559052409187,0.0,0.11095858019251889,0.11095858019251889,0.05890267495160019
06037408202,44.516686528908814,220.35371985269563,158.81063167787852,2.473149251606045,12.241873325149758,detour_factor_1.35,4.5,1.35,0,0,0,0,0,0,1,0,0,220.35371985269563,0.0,False,False,0.05705636299294337,0.02039818693835934,0.02039818693835934,0.02039818693835934,0.07745454993130271,0.07745454993130271,0.07745454993130271
06037407002,102.07732295842861,159.84966034065704,88.66828615220139,5.670962386579367,8.880536685592057,detour_factor_1.35,4.5,1.35,0,0,0,0,0,0,0,0,0,102.07732295842861,,False,False,0.07698985362519352,0.05372702519087459,0.05372702519087459,0.05372702519087459,0.1307168788160681,0.1307168788160681,0.1307168788160681
06037407102,72.20373598866365,177.9824794797914,118.46516370219867,4.0113186660368685,9.887915526655078,detour_factor_1.35,4.5,1.35,0,0,0,0,0,0,0,0,0,72.20373598866365,,False,False,0.06969279296509166,0.03147173950858863,0.03147173950858863,0.03147173950858863,0.10116453247368029,0.10116453247368029,0.10116453247368029
06037407302,46.40917591967193,183.92789415384152,144.7966064546148,2.5782875510928847,10.218216341880083,detour_factor_1.35,4.5,1.35,0,0,0,0,0,0,0,0,0,183.92789415384152,0.0,False,False,0.06759226586583121,0.01672657565914061,0.01672657565914061,0.01672657565914061,0.08431884152497182,0.08431884152497182,0.08431884152497182
06037408301,88.21657947191758,172.92456004480402,86.4075232462176,4.900921081773198,9.606920002489112,detour_factor_1.35,4.5,1.35,0,0,0,0,0,0,0,0,0,88.21657947191758,,False,False,0.07158533306432413,0.062094422560182494,0.062094422560182494,0.062094422560182494,0.13367975562450662,0.13367975562450662,0.13367975562450662
06037407301,52.836034747592855,171.47068775917614,142.20219744932217,2.9353352637551584,9.52614931995423,detour_factor_1.35,4.5,1.35,0,0,0,0,0,0,0,0,0,171.47068775917614,0.0,False,False,0.07214850225936865,0.013576818934058599,0.013576818934058599,0.013576818934058599,0.08572532119342725,0.08572532119342725,0.08572532119342725
06037604100,127.5797536272212,43.84481996384375,104.30750526514225,7.087764090401178,2.4358233313246527,detour_factor_1.35,4.5,1.35,0,0,0,0,0,0,0,2,0,127.5797536272212,,False,False,0.23318929633901986,0.0,0.0,0.0,0.23318929633901986,0.23318929633901986,0.23318929633901986
06037601502,36.3054434988849,22.31245058823304,40.576778526559146,2.016969083271383,1.2395805882351687,detour_factor_1.35,4.5,1.35,0,0,0,0,8,0,1,26,2,36.3054434988849,,False,True,0.374050781508172,0.0,0.0,0.0,0.374050781508172,0.374050781508172,0.374050781508172
06037603101,73.04961077511143,83.79495463064659,38.245002962193425,4.058311709728413,4.655275257258144,detour_factor_1.35,4.5,1.35,0,0,0,0,0,0,0,0,1,73.04961077511143,,False,False,0.1372754901051896,0.12123097386716028,0.12123097386716028,0.12123097386716028,0.2585064639723499,0.2585064639723499,0.2585064639723499
06037603102,61.43777237323691,103.27125569095891,21.152449599406665,3.413209576290939,5.73729198283105,detour_factor_1.35,4.5,1.35,0,0,0,0,0,1,0,0,1,61.43777237323691,,False,False,0.114346557411695,0.2722861996098942,0.2722861996098942,0.2722861996098942,0.38663275702158917,0.38663275702158917,0.38663275702158917
06037603200,70.09173387631188,117.90003851240563,28.64460633870707,3.8939852153506602,6.5500021395780905,detour_factor_1.35,4.5,1.35,0,0,0,0,0,1,0,0,1,70.09173387631188,,False,False,0.10160017338429955,0.21602697643539637,0.21602697643539637,0.21602697643539637,0.3176271498196959,0.3176271498196959,0.3176271498196959
06037603301,84.96942416276414,87.84359416369198,44.709056979148386,4.7205235645980075,4.880199675760665,detour_factor_1.35,4.5,1.35,0,0,0,0,0,0,0,0,1,84.96942416276414,,False,False,0.13178235061274562,0.0979348140586423,0.0979348140586423,0.0979348140586423,0.22971716467138792,0.22971716467138792,0.22971716467138792
06037603302,78.67551379740259,100.88623204831804,36.60457645101296,4.370861877633477,5.604790669351002,detour_factor_1.35,4.5,1.35,0,0,0,0,0,0,0,0,1,78.67551379740259,,False,False,0.11673423278036081,0.15026399343520347,0.15026399343520347,0.15026399343520347,0.2669982262155643,0.2669982262155643,0.2669982262155643
06037603702,117.3061170790119,58.29052378843139,86.93003750709023,6.51700650438955,3.238362432690633,detour_factor_1.35,4.5,1.35,0,0,0,0,0,0,0,0,0,117.3061170790119,,False,False,0.1861577115382922,0.0,0.0,0.0,0.1861577115382922,0.1861577115382922,0.1861577115382922
06037224420,22.733508583115544,8.323666568731161,19.23521777530119,1.2629726990619745,0.46242592048506437,detour_factor_1.35,4.5,1.35,0,7,0,3,16,1,6,28,2,22.733508583115544,,True,True,0.6156592969307032,0.0,0.0,0.0,0.6156592969307032,0.6156592969307032,0.6156592969307032
06037224600,13.814300922841433,10.675345798726024,23.35065972995809,0.7674611623800794,0.5930747665958902,detour_factor_1.35,4.5,1.35,1,7,0,2,19,1,6,28,2,13.814300922841433,,True,True,0.5553547223482619,0.0,0.0,0.0,0.5553547223482619,0.5553547223482619,0.5553547223482619
06037224700,10.658530512451524,8.269811085678503,26.427921501567493,0.5921405840250846,0.45943394920436126,detour_factor_1.35,4.5,1.35,1,8,0,3,21,1,6,28,1,10.658530512451524,,True,True,0.6171941026140315,0.0,0.0,0.0,0.6171941026140315,0.6171941026140315,0.6171941026140315
06037226410,29.881985735443358,11.734546888056673,18.647944260661856,1.6601103186357418,0.6519192715587041,detour_factor_1.35,4.5,1.35,0,3,0,1,15,1,5,26,2,29.881985735443358,,True,True,0.5318891432214607,0.0,0.0,0.0,0.5318891432214607,0.5318891432214607,0.5318891432214607
06037226420,37.88847365058651,10.268578634425815,26.823307873628135,2.1049152028103615,0.5704765908014342,detour_factor_1.35,4.5,1.35,0,3,0,0,7,1,2,25,2,64.26857863442581,54.0,False,False,0.5649259836045074,0.0,0.0,0.0,0.5649259836045074,0.5649259836045074,0.5649259836045074
06037226700,29.742474320254956,21.847011592049324,31.605773422949596,1.6523596844586086,1.2137228662249624,detour_factor_1.35,4.5,1.35,0,0,0,1,10,0,3,25,1,75.84701159204933,54.0,False,False,0.3789995055936282,0.0,0.0,0.0,0.3789995055936282,0.3789995055936282,0.3789995055936282
06037227010,53.55294123020795,7.82682487930793,41.65642163798541,2.97516340167822,0.4348236044059961,detour_factor_1.35,4.5,1.35,0,3,0,0,6,0,0,10,2,53.55294123020795,,False,False,0.6301150113975936,0.0,0.0,0.0,0.6301150113975936,0.6301150113975936,0.6301150113975936
06037650102,116.73610775790038,78.56741435109362,75.85369900030852,6.485339319883354,4.364856352838534,detour_factor_1.35,4.5,1.35,0,0,0,0,0,0,0,0,0,116.73610775790038,,False,False,0.14508405719524667,0.004414507612407831,0.004414507612407831,0.004414507612407831,0.1494985648076545,0.1494985648076545,0.1494985648076545
06037650200,127.43614114851741,73.03681555696366,87.01717207763659,7.079785619362078,4.057600864275758,detour_factor_1.35,4.5,1.35,0,0,0,0,0,0,0,0,0,127.43614114851741,,False,False,0.1543743238218642,0.0,0.0,0.0,0.1543743238218642,0.1543743238218642,0.1543743238218642
06037650602,163.8289387468164,103.60366652512968,129.9108375470006,9.101607708156465,5.755759251396094,detour_factor_1.35,4.5,1.35,0,0,0,0,0,0,0,0,0,163.8289387468164,,False,False,0.11402151029589944,0.0,0.0,0.0,0.11402151029589944,0.11402151029589944,0.11402151029589944
06037650502,180.355669428809,81.53584800423536,142.77857885601088,10.01975941271161,4.529769333568631,detour_factor_1.35,4.5,1.35,0,0,0,0,0,0,0,0,0,180.355669428809,,False,False,0.14054441226692932,0.0,0.0,0.0,0.14054441226692932,0.14054441226692932,0.14054441226692932
06037650501,160.09100463332896,83.23894704275067,122.973460571115,8.89394470185161,4.624385946819482,detour_factor_1.35,4.5,1.35,0,0,0,0,0,0,0,0,0,160.09100463332896,,False,False,0.13806584333940317,0.0,0.0,0.0,0.13806584333940317,0.13806584333940317,0.13806584333940317
06037297202,42.591707840331836,196.10261589286432,196.90284751253873,2.366205991129546,10.894589771825794,detour_factor_1.35,4.5,1.35,0,0,0,0,0,0,1,0,0,196.10261589286432,0.0,False,False,0.06366305967335578,0.0,0.0,0.0,0.06366305967335578,0.06366305967335578,0.06366305967335578
06037297201,29.80051719697011,184.64933579649215,185.43639085116712,1.6555842887205616,10.258296433138453,detour_factor_1.35,4.5,1.35,0,0,0,1,0,0,1,0,0,184.64933579649215,0.0,False,False,0.06734596210838086,0.0,0.0,0.0,0.06734596210838086,0.06734596210838086,0.06734596210838086
06037296902,45.37777773144342,183.48344632949485,184.31772180687472,2.520987651746857,10.193524796083047,detour_factor_1.35,4.5,1.35,0,0,0,0,0,0,0,0,0,183.48344632949485,0.0,False,False,0.06774490140614536,0.0,0.0,0.0,0.06774490140614536,0.06774490140614536,0.06774490140614536
06037296901,38.16838971427195,184.78111661787526,185.59529608105822,2.1204660952373304,10.265617589881957,detour_factor_1.35,4.5,1.35,0,0,0,0,0,0,1,0,0,184.78111661787526,0.0,False,False,0.06730116524371166,0.0,0.0,0.0,0.06730116524371166,0.06730116524371166,0.06730116524371166
06037296402,68.2842118879226,190.34551986271973,191.21524292968533,3.7935673271068104,10.574751103484429,detour_factor_1.35,4.5,1.35,0,0,0,0,0,0,0,0,0,190.34551986271973,0.0,False,False,0.06546253145140798,0.0,0.0,0.0,0.06546253145140798,0.06546253145140798,0.06546253145140798
06037296401,78.130179555108,208.23348512574606,209.10045889350408,4.340565530839332,11.568526951430336,detour_factor_1.35,4.5,1.35,0,0,0,0,0,0,0,0,0,208.23348512574606,0.0,False,False,0.06017748246809723,0.0,0.0,0.0,0.06017748246809723,0.06017748246809723,0.06017748246809723
06037294701,110.52644924251624,103.16555400153904,105.56182598066283,6.140358291250902,5.731419666752169,detour_factor_1.35,4.5,1.35,0,0,0,0,0,0,0,0,0,110.52644924251624,,False,False,0.11445030625062613,0.0,0.0,0.0,0.11445030625062613,0.11445030625062613,0.11445030625062613
06037294421,138.08975965472197,175.20010818396486,160.93190440040524,7.671653314151219,9.733339343553602,detour_factor_1.35,4.5,1.35,0,0,0,0,0,0,0,0,0,138.08975965472197,,False,False,0.07072131726885166,0.00579040421231633,0.00579040421231633,0.00579040421231633,0.07651172148116799,0.07651172148116799,0.07651172148116799
06037294302,125.7139025535951,142.87637141023973,146.1004498386149,6.98410569742195,7.9375761894577614,detour_factor_1.35,4.5,1.35,0,0,0,0,0,0,0,0,0,125.7139025535951,,False,False,0.085355345592777,0.0,0.0,0.0,0.085355345592777,0.085355345592777,0.085355345592777
06037102105,104.71877179533776,94.38770355184731,96.41108992359268,5.817709544185431,5.243761308435961,detour_factor_1.35,4.5,1.35,0,0,0,0,0,0,0,0,0,94.38770355184731,0.0,False,False,0.12377650381833284,0.0,0.0,0.0,0.12377650381833284,0.12377650381833284,0.12377650381833284
06037101122,234.82678587449664,241.89364885546186,243.80794022023014,13.045932548583146,13.438536047525655,detour_factor_1.35,4.5,1.35,0,0,0,0,0,0,0,0,0,241.89364885546186,0.0,False,False,0.052241080543241586,0.0,0.0,0.0,0.052241080543241586,0.052241080543241586,0.052241080543241586
06037201602,120.8246536223589,78.18989526451442,87.11320559071301,6.712480756797716,4.343883070250801,detour_factor_1.35,4.5,1.35,0,0,0,0,0,0,0,0,0,120.8246536223589,,False,False,0.14568250637135935,0.0,0.0,0.0,0.14568250637135935,0.14568250637135935,0.14568250637135935
06037201601,103.3307749055421,66.3742634439939,84.4829429350982,5.7405986058634495,3.6874590802218834,detour_factor_1.35,4.5,1.35,0,0,0,0,0,0,0,0,0,103.3307749055421,,False,False,0.16727807476847664,0.0,0.0,0.0,0.16727807476847664,0.16727807476847664,0.16727807476847664
06037195903,71.98122763184512,16.962242515796866,39.311376785720434,3.9989570906580614,0.9423468064331592,detour_factor_1.35,4.5,1.35,0,0,0,0,8,0,0,16,1,22.962242515796866,6.0,True,True,0.4401082653035671,0.0,0.0,0.0,0.4401082653035671,0.4401082653035671,0.4401082653035671
06037195902,70.274503271616,21.861522060345976,52.81959612934545,3.9041390706453325,1.2145290033525542,detour_factor_1.35,4.5,1.35,0,0,0,0,8,0,0,12,0,25.861522060345976,4.0,True,True,0.3788432480881249,0.0,0.0,0.0,0.3788432480881249,0.3788432480881249,0.3788432480881249
06037195901,67.03068000760209,15.688485872581255,54.18149708936127,3.7239266670890045,0.8715825484767364,detour_factor_1.35,4.5,1.35,0,0,0,0,12,0,0,12,0,19.688485872581253,4.0,True,True,0.4594244502293649,0.0,0.0,0.0,0.4594244502293649,0.4594244502293649,0.4594244502293649
06037195804,55.609576576395625,31.701498085174837,45.62525383201863,3.0894209209108676,1.7611943380652686,detour_factor_1.35,4.5,1.35,0,0,0,0,0,0,0,16,0,37.70149808517483,6.0,False,True,0.29606713100415144,0.0,0.0,0.0,0.29606713100415144,0.29606713100415144,0.29606713100415144
06037195803,63.08028437003274,28.40028259888391,48.448384962719956,3.5044602427795963,1.5777934777157725,detour_factor_1.35,4.5,1.35,0,0,0,0,6,0,0,12,0,34.400282598883905,6.0,False,True,0.3194866544751124,0.0,0.0,0.0,0.3194866544751124,0.3194866544751124,0.3194866544751124
06037195202,47.707345784958115,21.6947883332195,82.59915976906905,2.6504080991643395,1.2052660185121944,detour_factor_1.35,4.5,1.35,0,0,0,0,4,0,0,9,0,47.707345784958115,,False,False,0.38064654052132296,0.0,0.0,0.0,0.38064654052132296,0.38064654052132296,0.38064654052132296
06037195201,46.72505774342714,33.52933903223668,96.10117445607344,2.595836541301508,1.8627410573464815,detour_factor_1.35,4.5,1.35,0,0,0,0,0,0,0,4,0,46.72505774342714,,False,False,0.284519270034829,0.0,0.0,0.0,0.284519270034829,0.284519270034829,0.284519270034829
06037910404,810.9045335171719,825.6890875384634,703.3471313849434,45.0502518620651,45.871615974359074,detour_factor_1.35,4.5,1.35,0,0,0,0,0,0,0,0,0,833.6890875384634,8.0,False,False,0.015891510169035967,0.0027127828035297015,0.0027127828035297015,0.0,0.01860429297256567,0.01860429297256567,0.015891510169035967
06037910602,841.5553311844191,848.722702001451,777.3318903468638,46.753073954689945,47.151261222302836,detour_factor_1.35,4.5,1.35,0,0,0,0,0,0,0,0,0,841.5553311844191,,False,False,0.015466898654859782,0.0013965385294298725,0.0013965385294298725,0.0,0.016863437184289655,0.016863437184289655,0.015466898654859782
06037910706,817.5496846486063,809.9265836549096,860.7528248036874,45.41942692492257,44.99592131416164,detour_factor_1.35,4.5,1.35,0,0,0,0,0,0,0,0,0,817.5496846486063,,False,False,0.01619577615549543,0.0,0.0,0.0,0.01619577615549543,0.01619577615549543,0.01619577615549543
06037910707,771.5671810544451,780.8094659044209,727.6614075049937,42.86484339191361,43.37830366135671,detour_factor_1.35,4.5,1.35,0,0,0,0,0,0,0,0,0,771.5671810544451,,False,False,0.01678959167813538,0.0012042382352167973,0.0012042382352167973,0.0,0.017993829913352178,0.017993829913352178,0.01678959167813538
06037269000,92.21969173334884,28.36901385547541,39.623888996085014,5.123316207408268,1.5760563253041895,detour_factor_1.35,4.5,1.35,0,0,0,0,6,0,0,13,1,92.21969173334884,,False,False,0.3197262080469051,0.0,0.0,0.0,0.3197262080469051,0.3197262080469051,0.3197262080469051
06037269500,106.25433278758666,29.003356816418844,52.159866859511155,5.903018488199259,1.611297600912158,detour_factor_1.35,4.5,1.35,0,0,0,0,4,0,0,10,0,106.25433278758666,,False,False,0.31493565713736793,0.0,0.0,0.0,0.31493565713736793,0.31493565713736793,0.31493565713736793
06037269300,81.86743932638286,18.788147467524826,37.70553790968022,4.548191073687937,1.0437859704180459,detour_factor_1.35,4.5,1.35,0,0,0,0,9,0,0,19,1,97.78814746752482,79.0,False,False,0.41509086757224223,0.0,0.0,0.0,0.41509086757224223,0.41509086757224223,0.41509086757224223
06037269700,121.2644390230517,16.628501237327555,67.6225624349437,6.7369132790584265,0.9238056242959751,detour_factor_1.35,4.5,1.35,0,0,0,0,4,0,0,14,0,121.2644390230517,,False,False,0.4450105784373281,0.0,0.0,0.0,0.4450105784373281,0.4450105784373281,0.4450105784373281
06037269800,113.32145276162123,12.974593241264664,62.99285306918739,6.2956362645345125,0.7208107356258147,detour_factor_1.35,4.5,1.35,0,6,0,0,10,0,0,14,0,113.32145276162123,,False,False,0.5068180989302109,0.0,0.0,0.0,0.5068180989302109,0.5068180989302109,0.5068180989302109
06037270100,121.75717648251714,12.869762574687323,73.34672356839134,6.764287582362062,0.7149868097048512,detour_factor_1.35,4.5,1.35,0,10,0,0,10,0,0,14,0,121.75717648251714,,False,False,0.5088457249531364,0.0,0.0,0.0,0.5088457249531364,0.5088457249531364,0.5088457249531364
06037480802,140.23988579022472,66.7034143816637,96.14419709790677,7.791104766123595,3.705745243425761,detour_factor_1.35,4.5,1.35,0,0,0,0,0,0,0,0,0,140.23988579022472,,False,False,0.16659014407746825,0.0,0.0,0.0,0.16659014407746825,0.16659014407746825,0.16659014407746825
06037480901,136.49262083764688,65.07964372087473,107.7601421131184,7.582923379869272,3.6155357622708175,detour_factor_1.35,4.5,1.35,0,0,0,0,0,0,0,0,0,136.49262083764688,,False,False,0.17003988158893396,0.0,0.0,0.0,0.17003988158893396,0.17003988158893396,0.17003988158893396
06037531302,134.6809170176924,39.51537960270581,54.66120427737476,7.482273167649577,2.1952988668169895,detour_factor_1.35,4.5,1.35,0,0,0,0,0,0,0,8,0,134.6809170176924,,False,False,0.2522924891183287,0.0,0.0,0.0,0.2522924891183287,0.2522924891183287,0.2522924891183287
06037481001,138.95766322154614,70.8271429946004,114.55023591073221,7.7198701789747854,3.9348412774778,detour_factor_1.35,4.5,1.35,0,0,0,0,0,0,0,0,0,138.95766322154614,,False,False,0.1584274937011955,0.0,0.0,0.0,0.1584274937011955,0.1584274937011955,0.1584274937011955
06037481002,133.91336682504038,74.48025378363766,136.97004450619735,7.439631490280021,4.137791876868759,detour_factor_1.35,4.5,1.35,0,0,0,0,0,0,0,0,0,133.91336682504038,,False,False,0.1518367916752203,0.0,0.0,0.0,0.1518367916752203,0.1518367916752203,0.1518367916752203
06037481102,113.49050221618468,99.36377910339016,108.1676902654307,6.305027900899148,5.520209950188342,detour_factor_1.35,4.5,1.35,0,0,0,0,0,0,0,0,0,113.49050221618468,,False,False,0.11831122417461809,0.0,0.0,0.0,0.11831122417461809,0.11831122417461809,0.11831122417461809
06037480803,121.90907717984734,48.40579988417103,114.63254213284117,6.772726509991519,2.689211104676168,detour_factor_1.35,4.5,1.35,0,0,0,0,0,0,0,0,0,121.90907717984734,,False,False,0.2159624315806405,0.0,0.0,0.0,0.2159624315806405,0.2159624315806405,0.2159624315806405
06037481902,149.15783308469773,64.71419660141596,64.57393437156037,8.286546282483206,3.5952331445231085,detour_factor_1.35,4.5,1.35,0,0,0,0,0,0,0,0,0,64.71419660141596,0.0,False,False,0.170836070590325,0.00030756884314736554,0.00030756884314736554,0.00030756884314736554,0.17114363943347236,0.17114363943347236,0.17114363943347236
06037430502,47.367397927906794,53.96614239500974,172.49451000707668,2.631522107105933,2.998119021944986,detour_factor_1.35,4.5,1.35,0,0,0,0,0,0,0,0,0,47.367397927906794,,False,False,0.19811942350270076,0.0,0.0,0.0,0.19811942350270076,0.19811942350270076,0.19811942350270076
06037432300,92.56193422989602,116.49183141049456,25.221004837006866,5.142329679438668,6.471768411694141,detour_factor_1.35,4.5,1.35,0,0,0,0,0,1,0,0,1,92.56193422989602,,False,False,0.10270222540940178,0.2431300198342904,0.2431300198342904,0.2431300198342904,0.34583224524369216,0.34583224524369216,0.34583224524369216
06037432500,108.31975629724187,74.5164229755885,61.73883471508001,6.0177642387356585,4.139801276421584,detour_factor_1.35,4.5,1.35,0,0,0,0,0,0,0,0,0,108.31975629724187,,False,False,0.15177427796665643,0.02583259925493639,0.02583259925493639,0.02583259925493639,0.17760687722159282,0.17760687722159282,0.17760687722159282
06037432602,113.12480990294235,102.53101233054839,51.495460394470676,6.284711661274574,5.696167351697133,detour_factor_1.35,4.5,1.35,0,0,0,0,0,0,0,0,0,113.12480990294235,,False,False,0.11507710380562498,0.09059282411738807,0.09059282411738807,0.09059282411738807,0.20566992792301306,0.20566992792301306,0.20566992792301306
06037432700,77.46324333865351,125.10511782124847,5.551888037979863,4.303513518814084,6.950284323402692,detour_factor_1.35,4.5,1.35,0,0,1,0,0,1,0,0,1,77.46324333865351,,False,False,0.09631235557847434,0.609707079999166,0.609707079999166,0.609707079999166,0.7060194355776404,0.7060194355776404,0.7060194355776404
06037432801,75.90944669453393,131.69110382096636,17.340461264025585,4.217191483029662,7.316172434498132,detour_factor_1.35,4.5,1.35,0,0,0,0,0,1,0,0,1,75.90944669453393,,False,False,0.09193852839537135,0.3427430461653895,0.3427430461653895,0.3427430461653895,0.43468157456076084,0.43468157456076084,0.43468157456076084
06037432902,80.84409146255707,136.16909264239948,41.165695938743255,4.491338414586504,7.564949591244416,detour_factor_1.35,4.5,1.35,0,0,0,0,0,0,0,0,1,80.84409146255707,,False,False,0.08918472891869725,0.1554679467605165,0.1554679467605165,0.1554679467605165,0.24465267567921375,0.24465267567921375,0.24465267567921375
06037123510,108.09641445847177,98.93032696355432,99.79178064328029,6.005356358803986,5.496129275753018,detour_factor_1.35,4.5,1.35,0,0,0,0,0,0,0,0,0,98.93032696355432,0.0,False,False,0.11876802607426634,0.0,0.0,0.0,0.11876802607426634,0.11876802607426634,0.11876802607426634
06037123602,100.84124150749838,85.1498803956544,85.37487273261458,5.602291194861021,4.73054891086969,detour_factor_1.35,4.5,1.35,0,0,0,0,0,0,0,0,0,85.1498803956544,0.0,False,False,0.13538686267920574,0.0,0.0,0.0,0.13538686267920574,0.13538686267920574,0.13538686267920574
06037123700,118.97353644542494,61.91661899721509,62.67659199177625,6.609640913634719,3.439812166511949,detour_factor_1.35,4.5,1.35,0,0,0,0,0,0,0,0,0,61.91661899721509,0.0,False,False,0.17718726617612146,0.0,0.0,0.0,0.17718726617612146,0.17718726617612146,0.17718726617612146
06037123800,103.62135346598711,46.69957129417,47.55772359800183,5.756741859221506,2.594420627453889,detour_factor_1.35,4.5,1.35,0,0,0,0,0,0,0,0,0,46.69957129417,0.0,False,False,0.22210042002906571,0.0,0.0,0.0,0.22210042002906571,0.22210042002906571,0.22210042002906571
06037123601,113.95237800012026,70.81970110411285,71.01457968567172,6.330687666673347,3.9344278391173804,detour_factor_1.35,4.5,1.35,0,0,0,0,0,0,0,0,0,70.81970110411285,0.0,False,False,0.1584415038918704,0.0,0.0,0.0,0.1584415038918704,0.1584415038918704,0.1584415038918704
06037124300,47.54600894698783,24.628289260403168,26.20771208929051,2.6414449414993237,1.3682382922446206,detour_factor_1.35,4.5,1.35,0,0,0,0,4,2,0,4,2,47.54600894698783,,False,False,0.35123191324106556,0.0,0.0,0.0,0.35123191324106556,0.35123191324106556,0.35123191324106556
06037124500,97.5980243342515,85.72354217423351,85.68602120917153,5.422112463013972,4.76241900967964,detour_factor_1.35,4.5,1.35,0,0,0,0,0,0,0,0,0,85.72354217423351,0.0,False,False,0.13460280535816835,5.1004444337393595e-05,5.1004444337393595e-05,0.0,0.13465380980250574,0.13465380980250574,0.13460280535816835
06037127300,79.1086378535089,174.69150431249312,67.10628262227692,4.394924325194938,9.705083572916283,detour_factor_1.35,4.5,1.35,0,0,0,0,0,0,0,0,0,174.69150431249312,0.0,False,False,0.07091261718544178,0.09484318827105359,0.09484318827105359,0.0,0.16575580545649538,0.16575580545649538,0.07091261718544178
06037127400,75.67337870245805,184.25680894386437,59.24748951332411,4.204076594581002,10.236489385770241,detour_factor_1.35,4.5,1.35,0,0,0,0,0,0,0,0,0,184.25680894386437,0.0,False,False,0.06747974964574954,0.11622350433227244,0.11622350433227244,0.0,0.18370325397802198,0.18370325397802198,0.06747974964574954
06037127920,97.84393849329503,112.97658209035471,97.84333977092183,5.435774360738613,6.2764767827974834,detour_factor_1.35,4.5,1.35,0,0,0,0,0,0,0,0,0,112.97658209035471,0.0,False,False,0.10556046442283352,0.003889809079701309,0.014368770380137147,0.0,0.10945027350253483,0.11992923480297067,0.10556046442283352
06037127910,85.83619550585678,125.93208026842866,85.83615876539076,4.7686775281031535,6.99622668157937,detour_factor_1.35,4.5,1.35,0,0,0,0,0,0,0,0,0,125.93208026842866,0.0,False,False,0.09574044975345292,0.028068503361542207,0.038709501044519146,0.0,0.12380895311499512,0.13444995079797206,0.09574044975345292
06037128210,73.22854061926898,115.54898072657663,73.22641927929628,4.068252256626054,6.419387818143146,detour_factor_1.35,4.5,1.35,0,0,0,0,0,0,0,0,0,115.54898072657663,0.0,False,False,0.10345355319377207,0.022128761427368013,0.05058262333046533,0.0,0.12558231462114008,0.1540361765242374,0.10345355319377207
06037128400,47.55996974072145,137.87646019208086,47.55766815190928,2.6422205411511914,7.659803344004491,detour_factor_1.35,4.5,1.35,0,0,0,0,0,0,0,0,0,137.87646019208086,0.0,False,False,0.08817771007069307,0.0712308919512528,0.13079279473476269,0.0,0.15940860202194587,0.21897050480545577,0.08817771007069307
06037134104,165.9124804863012,340.39760783848527,86.22196813575242,9.217360027016733,18.91097821324918,detour_factor_1.35,4.5,1.35,0,0,0,0,0,0,0,0,0,340.39760783848527,0.0,False,False,0.037693432440949234,0.05287112987866405,0.09623548080204512,0.0,0.09056456231961328,0.13392891324299436,0.037693432440949234
06037131400,111.26947702691896,272.678480163282,74.94640606248814,6.181637612606608,15.148804453515666,detour_factor_1.35,4.5,1.35,0,0,0,0,0,0,0,0,0,272.678480163282,0.0,False,False,0.04661812101509968,0.10441691176349094,0.10441691176349094,0.0,0.15103503277859062,0.15103503277859062,0.04661812101509968
06037131800,90.71045520844127,259.2026275280974,55.288443500007055,5.039469733802293,14.400145973783188,detour_factor_1.35,4.5,1.35,0,0,0,0,0,0,0,0,0,259.2026275280974,0.0,False,False,0.048923207385878104,0.14537857185419595,0.14537857185419595,0.0,0.19430177924007405,0.19430177924007405,0.048923207385878104
06037132300,81.62491852486872,255.68045853112554,48.431026094771184,4.534717695826039,14.20446991839586,detour_factor_1.35,4.5,1.35,0,0,0,0,0,0,0,0,0,255.68045853112554,0.0,False,False,0.049563753742600906,0.16631047302492047,0.16631047302492047,0.0,0.21587422676752138,0.21587422676752138,0.049563753742600906
06037702802,101.98733462200121,50.488774704270305,105.85359106594933,5.665963034555622,2.8049319280150167,detour_factor_1.35,4.5,1.35,0,0,0,0,0,0,0,0,0,101.98733462200121,,False,False,0.208914022794067,0.0,0.0,0.0,0.208914022794067,0.208914022794067,0.208914022794067
06037702502,133.52393155382964,30.3067173253488,98.76472599308414,7.41799619743498,1.683706518074933,detour_factor_1.35,4.5,1.35,0,0,0,0,0,0,0,8,0,133.52393155382964,,False,False,0.3055297400458146,0.0,0.0,0.0,0.3055297400458146,0.3055297400458146,0.3055297400458146
06037702700,123.13714981076383,45.39299775824688,107.03200525722245,6.840952767264657,2.521833208791493,detour_factor_1.35,4.5,1.35,0,0,0,0,0,0,0,0,0,123.13714981076383,,False,False,0.22704182409319587,0.0,0.0,0.0,0.22704182409319587,0.22704182409319587,0.22704182409319587
06037702803,65.33402932938827,79.03531597956818,119.55308990484019,3.629668296077126,4.390850887753787,detour_factor_1.35,4.5,1.35,0,0,0,0,0,0,0,0,0,65.33402932938827,,False,False,0.14434912096815744,0.0,0.0,0.0,0.14434912096815744,0.14434912096815744,0.14434912096815744
06037127210,80.76490045948928,161.0695492852434,74.84787399904033,4.486938914416071,8.948308293624633,detour_factor_1.35,4.5,1.35,0,0,0,0,0,0,0,0,0,161.0695492852434,0.0,False,False,0.07645133574135728,0.0747524608122233,0.0747524608122233,0.0,0.15120379655358057,0.15120379655358057,0.07645133574135728
06037181000,67.9327305897758,67.84806311418238,182.28196149326754,3.774040588320878,3.769336839676799,detour_factor_1.35,4.5,1.35,0,0,0,0,0,0,0,0,0,67.9327305897758,,False,False,0.16424124142719593,0.0,0.0,0.0,0.16424124142719593,0.16424124142719593,0.16424124142719593
06037191620,60.95502730074608,17.768491971978776,52.534583094641626,3.386390405597004,0.9871384428877097,detour_factor_1.35,4.5,1.35,0,0,0,0,16,0,0,16,0,60.95502730074608,,False,False,0.428699383474964,0.0,0.0,0.0,0.428699383474964,0.428699383474964,0.428699383474964
06037191720,61.70287440487842,25.63465835773073,54.252882852155324,3.4279374669376903,1.424147686540596,detour_factor_1.35,4.5,1.35,0,0,0,0,4,0,0,20,0,61.70287440487842,,False,False,0.34216116239808336,0.0,0.0,0.0,0.34216116239808336,0.34216116239808336,0.34216116239808336
06037191420,69.10741737085442,10.627509849577878,46.55038349977855,3.8393009650474674,0.5904172138654377,detour_factor_1.35,4.5,1.35,0,5,0,0,12,0,0,14,0,69.10741737085442,,False,False,0.5564634446104392,0.0,0.0,0.0,0.5564634446104392,0.5564634446104392,0.5564634446104392
06037191500,62.359249655177194,8.095658980299167,50.840635946048344,3.4644027586209556,0.44975883223884255,detour_factor_1.35,4.5,1.35,0,5,0,0,12,0,0,16,0,62.359249655177194,,False,False,0.6222100012071522,0.0,0.0,0.0,0.6222100012071522,0.6222100012071522,0.6222100012071522
06037191810,74.12668269737951,24.96304816193917,62.11086377415596,4.118149038743306,1.3868360089966205,detour_factor_1.35,4.5,1.35,0,0,0,0,4,0,0,11,0,74.12668269737951,,False,False,0.3481617012557509,0.0,0.0,0.0,0.3481617012557509,0.3481617012557509,0.3481617012557509
06037191410,61.581851914172,6.213746984626762,54.395203193524125,3.4212139952317777,0.34520816581259783,detour_factor_1.35,4.5,1.35,0,5,0,0,12,0,0,16,0,10.213746984626763,4.0,True,True,0.6821138050516171,0.0,0.0,0.0,0.6821138050516171,0.6821138050516171,0.6821138050516171
06037191820,80.69487035634081,33.0550293878974,55.19012413007323,4.483048353130045,1.8363905215498553,detour_factor_1.35,4.5,1.35,0,0,0,0,0,0,0,7,0,80.69487035634081,,False,False,0.2874284098677839,0.0,0.0,0.0,0.2874284098677839,0.2874284098677839,0.2874284098677839
06037191610,63.01287098931945,24.550101083146576,50.266054907540735,3.500715054962192,1.363894504619254,detour_factor_1.35,4.5,1.35,0,0,0,0,9,0,0,20,0,63.01287098931945,,False,False,0.3519568259506355,0.0,0.0,0.0,0.3519568259506355,0.3519568259506355,0.3519568259506355
06037192300,90.09927435871109,42.81831633029116,47.74702103615286,5.005515242150616,2.378795351682842,detour_factor_1.35,4.5,1.35,0,0,0,0,0,0,0,9,0,57.81831633029116,15.0,False,False,0.23745221045519482,0.0,0.0,0.0,0.23745221045519482,0.23745221045519482,0.23745221045519482
06037194200,77.82750224591852,57.40509174631048,114.64287295527835,4.323750124773251,3.189171763683915,detour_factor_1.35,4.5,1.35,0,0,0,0,0,0,0,0,0,77.82750224591852,,False,False,0.18848784544356822,0.0,0.0,0.0,0.18848784544356822,0.18848784544356822,0.18848784544356822
06037201120,114.39430329034201,42.66280073594169,121.5177202138162,6.355239071685666,2.3701555964412044,detour_factor_1.35,4.5,1.35,0,0,0,0,0,0,0,6,0,114.39430329034201,,False,False,0.23811167601031427,0.0,0.0,0.0,0.23811167601031427,0.23811167601031427,0.23811167601031427
06037201504,110.28303389040903,62.59373062988492,100.65302032441464,6.126835216133834,3.47742947943805,detour_factor_1.35,4.5,1.35,0,0,0,0,0,0,0,0,0,110.28303389040903,,False,False,0.1756071239603374,0.0,0.0,0.0,0.1756071239603374,0.1756071239603374,0.1756071239603374
06037104103,259.7358528288992,227.46560416359364,229.530039915483,14.42976960160551,12.636978009088535,detour_factor_1.35,4.5,1.35,0,0,0,0,0,0,0,0,0,227.46560416359364,0.0,False,False,0.055371229922904004,0.0,0.0,0.0,0.055371229922904004,0.055371229922904004,0.055371229922904004
06037262301,94.99782760288728,150.47504653699025,105.58164438525853,5.277657089049294,8.359724807610569,detour_factor_1.35,4.5,1.35,0,0,0,0,0,0,0,0,0,94.99782760288728,,False,False,0.08139591725336924,0.030729010902326992,0.030729010902326992,0.0,0.11212492815569623,0.11212492815569623,0.08139591725336924
06037400304,64.84569500298288,10.74507965422524,105.29305492707498,3.602538611276826,0.5969488696791799,detour_factor_1.35,4.5,1.35,0,2,0,0,2,0,0,2,0,64.84569500298288,,False,False,0.5537463511495848,0.0,0.0,0.0,0.5537463511495848,0.5537463511495848,0.5537463511495848
06037920326,435.6471338054766,553.6645127701364,201.3927831153671,24.202618544748695,30.759139598340912,detour_factor_1.35,4.5,1.35,0,0,0,0,0,0,0,0,0,553.6645127701364,0.0,False,False,0.02351566840149896,0.03857893636223392,0.03857893636223392,0.0,0.06209460476373288,0.06209460476373288,0.02351566840149896
06037108104,260.7438485200459,376.539367146165,124.31246992346354,14.48576936222477,20.918853730342498,detour_factor_1.35,4.5,1.35,0,0,0,0,0,0,0,0,0,376.539367146165,0.0,False,False,0.034199197114686095,0.021633771996829247,0.06266778333700408,0.0,0.05583296911151534,0.09686698045169018,0.034199197114686095
06037460800,17.283391837049855,58.17993213372018,232.73746369541496,0.9601884353916585,3.2322184518733432,detour_factor_1.35,4.5,1.35,0,0,0,1,0,0,2,0,0,58.17993213372018,0.0,False,False,0.18644559504104957,0.0,0.0,0.0,0.18644559504104957,0.18644559504104957,0.18644559504104957
06037535802,181.33673663924822,31.460036009595143,153.60621086976963,10.0742631466249,1.7477797783108415,detour_factor_1.35,4.5,1.35,0,0,0,0,0,0,0,4,0,181.33673663924822,,False,False,0.2976631034664121,0.0,0.0,0.0,0.2976631034664121,0.2976631034664121,0.2976631034664121
06037482521,82.8308524988972,95.10152098452275,98.30747918091556,4.60171402771651,5.283417832473487,detour_factor_1.35,4.5,1.35,0,0,0,0,0,0,0,0,0,95.10152098452275,0.0,False,False,0.1229616936105176,0.0,0.0,0.0,0.1229616936105176,0.1229616936105176,0.1229616936105176
06037540101,180.43398646992878,33.01339389757733,150.68238191553877,10.024110359440488,1.834077438754296,detour_factor_1.35,4.5,1.35,0,0,0,0,0,0,0,4,0,180.43398646992878,,False,False,0.28768662060868777,0.0,0.0,0.0,0.28768662060868777,0.28768662060868777,0.28768662060868777
06037536102,222.6568517677132,73.63926387086974,116.93965946513683,12.369825098206286,4.091070215048318,detour_factor_1.35,4.5,1.35,0,0,0,0,0,0,0,0,0,222.6568517677132,,False,False,0.15330499216929194,0.0,0.0,0.0,0.15330499216929194,0.15330499216929194,0.15330499216929194
06037536000,192.61387987040385,68.94909742191409,159.61311735833505,10.700771103911324,3.8305054123285602,detour_factor_1.35,4.5,1.35,0,0,0,0,0,0,0,0,0,192.61387987040385,,False,False,0.162043503223597,0.0,0.0,0.0,0.162043503223597,0.162043503223597,0.162043503223597
06037124201,72.82558661439924,32.173967626903845,34.31449864251108,4.04586592302218,1.7874426459391024,detour_factor_1.35,4.5,1.35,0,0,0,0,0,0,0,4,2,32.173967626903845,0.0,False,True,0.2929932791440119,0.0,0.0,0.0,0.2929932791440119,0.2929932791440119,0.2929932791440119
06037535605,170.19717756031193,45.81617396368405,132.5313487943959,9.455398753350662,2.545342997982447,detour_factor_1.35,4.5,1.35,0,0,0,0,0,0,0,0,0,170.19717756031193,,False,False,0.22541748769572026,0.0,0.0,0.0,0.22541748769572026,0.22541748769572026,0.22541748769572026
06037403305,178.96211872686015,266.83479088342904,47.07952507292992,9.942339929270007,14.824155049079389,detour_factor_1.35,4.5,1.35,0,0,0,0,0,0,0,0,0,178.96211872686015,,False,False,0.047590472223090985,0.17311309461808685,0.17311309461808685,0.003715034697328305,0.22070356684117784,0.22070356684117784,0.05130550692041929
06037402102,35.917064517324434,22.79953027330868,29.97062058779747,1.9953924731846906,1.266640570739371,detour_factor_1.35,4.5,1.35,0,0,0,0,2,1,1,2,1,35.917064517324434,,False,True,0.3690084870794014,0.0,0.0,0.0,0.3690084870794014,0.3690084870794014,0.3690084870794014
06037402200,9.429259269651562,28.089846634203827,32.63746341060461,0.5238477372028645,1.560547035233546,detour_factor_1.35,4.5,1.35,1,0,0,1,4,0,1,4,1,9.429259269651562,,True,True,0.3218809696354192,0.0,0.0,0.0,0.3218809696354192,0.3218809696354192,0.3218809696354192
06037402301,37.42600834931421,57.436442520696026,29.758536371407168,2.0792226860730114,3.1909134733720013,detour_factor_1.35,4.5,1.35,0,0,0,0,0,1,1,0,1,57.436442520696026,0.0,False,False,0.18840434595744426,0.12101210370444043,0.12101210370444043,0.12101210370444043,0.3094164496618847,0.3094164496618847,0.3094164496618847
06037403721,176.93157553426306,74.30422918011318,196.4040269705196,9.829531974125725,4.12801273222851,detour_factor_1.35,4.5,1.35,0,0,0,0,0,0,0,0,0,176.93157553426306,,False,False,0.15214176377038735,0.0,0.0,0.0,0.15214176377038735,0.15214176377038735,0.15214176377038735
06037402702,80.45085451682912,72.95771096021667,43.00570269189267,4.4694919176016175,4.053206164456482,detour_factor_1.35,4.5,1.35,0,0,0,0,0,0,0,0,1,80.45085451682912,,False,False,0.15451584162054183,0.08214659128589422,0.08214659128589422,0.08214659128589422,0.23666243290643604,0.23666243290643604,0.23666243290643604
06037403200,120.98248344211737,131.0672358580199,101.07414450114477,6.72124908011763,7.281513103223327,detour_factor_1.35,4.5,1.35,0,0,0,0,0,0,0,0,0,120.98248344211737,,False,False,0.09233573945033825,0.024206759219404905,0.024206759219404905,0.009866706587145155,0.11654249866974316,0.11654249866974316,0.10220244603748341
06037402703,73.00043226444488,55.89602292309513,49.43172133208374,4.055579570246938,3.105334606838618,detour_factor_1.35,4.5,1.35,0,0,0,0,0,0,0,0,0,73.00043226444488,,False,False,0.1925965234162528,0.01983591059355727,0.01983591059355727,0.01983591059355727,0.21243243400981007,0.21243243400981007,0.21243243400981007
06037402600,51.21038963809027,50.612475313738365,12.709422111888877,2.8450216465605704,2.8118041840965753,detour_factor_1.35,4.5,1.35,0,0,1,0,0,1,0,0,1,51.21038963809027,,False,False,0.20850988697198866,0.30346870766552536,0.30346870766552536,0.30346870766552536,0.511978594637514,0.511978594637514,0.511978594637514
06037402501,64.63624562138735,80.873612788095,36.603344420656086,3.590902534521519,4.492978488227499,detour_factor_1.35,4.5,1.35,0,0,0,0,0,0,0,0,1,64.63624562138735,,False,False,0.14153238038464055,0.12547243317182677,0.12547243317182677,0.12547243317182677,0.2670048135564673,0.2670048135564673,0.2670048135564673
06037407101,70.68404412963122,169.58130187948268,121.02001802427988,3.926891340535067,9.421183437749038,detour_factor_1.35,4.5,1.35,0,0,0,0,0,0,0,0,0,70.68404412963122,,False,False,0.07289374804711704,0.026347046459329726,0.026347046459329726,0.026347046459329726,0.09924079450644677,0.09924079450644677,0.09924079450644677
06037189701,34.578120079883355,46.190096590245766,101.45269331496645,1.9210066711046307,2.5661164772358758,detour_factor_1.35,4.5,1.35,0,0,0,0,0,0,1,0,0,34.578120079883355,,False,True,0.22400142852069718,0.0,0.0,0.0,0.22400142852069718,0.22400142852069718,0.22400142852069718
06037189600,47.62946996311976,22.838711459757327,106.3135887841012,2.6460816646177645,1.2688173033198513,detour_factor_1.35,4.5,1.35,0,0,0,0,7,0,0,11,0,25.838711459757327,3.0,True,True,0.3686087808859558,0.0,0.0,0.0,0.3686087808859558,0.3686087808859558,0.3686087808859558
06037189500,39.86687674971879,16.471853869546365,97.00569227967055,2.2148264860954883,0.9151029927525758,detour_factor_1.35,4.5,1.35,0,0,0,0,8,0,1,11,0,19.471853869546365,3.0,True,True,0.4473494241983859,0.0,0.0,0.0,0.4473494241983859,0.4473494241983859,0.4473494241983859
06037701202,30.79210318226745,26.43647618853065,91.66598721630174,1.7106723990148582,1.468693121585036,detour_factor_1.35,4.5,1.35,0,0,0,0,4,0,1,16,0,26.43647618853065,0.0,True,True,0.33526269030791195,0.0,0.0,0.0,0.33526269030791195,0.33526269030791195,0.33526269030791195
06037700902,88.92742792707693,31.247569147165226,38.073904976223446,4.940412662615385,1.7359760637314015,detour_factor_1.35,4.5,1.35,0,0,0,0,0,0,0,5,1,88.92742792707693,,False,False,0.2990817276336175,0.0,0.0,0.0,0.2990817276336175,0.2990817276336175,0.2990817276336175
06037311600,16.92714693493102,47.29401641449433,72.04781056523736,0.9403970519406122,2.6274453563607962,detour_factor_1.35,4.5,1.35,0,0,0,1,0,0,2,0,0,47.29401641449433,0.0,False,False,0.21992274755191785,0.0,0.0,0.0,0.21992274755191785,0.21992274755191785,0.21992274755191785
06037700901,101.60216594547212,18.843255814924625,50.84110796767239,5.644564774748451,1.0468475452735901,detour_factor_1.35,4.5,1.35,0,0,0,0,5,0,0,10,0,101.60216594547212,,False,False,0.4143799478527139,0.0,0.0,0.0,0.4143799478527139,0.4143799478527139,0.4143799478527139
06037189400,36.17252286107871,38.13731200516583,118.82669627933794,2.009584603393262,2.1187395558425464,detour_factor_1.35,4.5,1.35,0,0,0,0,0,0,1,8,0,41.13731200516583,3.0,False,True,0.2590473316517799,0.0,0.0,0.0,0.2590473316517799,0.2590473316517799,0.2590473316517799
06037702501,137.88182125051796,29.677397984222395,94.9030217101635,7.66010118058433,1.6487443324567996,detour_factor_1.35,4.5,1.35,0,0,0,0,3,0,0,10,0,137.88182125051796,,False,False,0.3100001540287936,0.0,0.0,0.0,0.3100001540287936,0.3100001540287936,0.3100001540287936
06037106112,291.6580910997535,276.98014407312075,266.9408898045369,16.203227283319638,15.387785781840039,detour_factor_1.35,4.5,1.35,0,0,0,0,0,0,0,0,0,276.98014407312075,0.0,False,False,0.04592736600604308,0.0016450906546413707,0.0016450906546413707,0.0,0.04757245666068445,0.04757245666068445,0.04592736600604308
06037555212,157.18649395451567,184.03176155716312,151.5001481161862,8.732582997473092,10.223986753175728,detour_factor_1.35,4.5,1.35,0,0,0,0,0,0,0,0,0,184.03176155716312,0.0,False,False,0.0675566940584455,0.013333020919859329,0.013333020919859329,0.013333020919859329,0.08088971497830483,0.08088971497830483,0.08088971497830483
06037555103,185.44382575976928,156.10655392167675,120.01444519829765,10.302434764431625,8.67258632898204,detour_factor_1.35,4.5,1.35,0,0,0,0,0,0,0,0,0,156.10655392167675,0.0,False,False,0.07869064096617596,0.021298526308707266,0.021298526308707266,0.021298526308707266,0.09998916727488323,0.09998916727488323,0.09998916727488323
06037555102,170.12236737085323,156.14397516931706,131.76711071439138,9.451242631714067,8.67466528718428,detour_factor_1.35,4.5,1.35,0,0,0,0,0,0,0,0,0,156.14397516931706,0.0,False,False,0.07867326576716799,0.013217103148228937,0.013217103148228937,0.013217103148228937,0.09189036891539692,0.09189036891539692,0.09189036891539692
06037541400,112.7023343879204,31.27780075303181,125.68109322398637,6.2612407993289105,1.7376555973906558,detour_factor_1.35,4.5,1.35,0,0,0,0,0,0,0,11,0,112.7023343879204,,False,False,0.29887904906251883,0.0,0.0,0.0,0.29887904906251883,0.29887904906251883,0.29887904906251883
06037555001,170.96001218658066,141.75947605709536,131.51086921450113,9.497778454810037,7.875526447616408,detour_factor_1.35,4.5,1.35,0,0,0,0,0,0,0,0,0,170.96001218658066,,False,False,0.0859700290796085,0.006082901578282562,0.006082901578282562,0.006082901578282562,0.09205293065789107,0.09205293065789107,0.09205293065789107
06037570100,182.7033191952589,98.86049666333548,157.83256082796498,10.150184399736604,5.492249814629749,detour_factor_1.35,4.5,1.35,0,0,0,0,0,0,0,0,0,182.7033191952589,,False,False,0.11884194820454225,0.0,0.0,0.0,0.11884194820454225,0.11884194820454225,0.11884194820454225
06037570002,204.33491226671637,98.48877975854568,139.54477277020374,11.351939570373132,5.4715988754747595,detour_factor_1.35,4.5,1.35,0,0,0,0,0,0,0,0,0,204.33491226671637,,False,False,0.11923700030939278,0.0,0.0,0.0,0.11923700030939278,0.11923700030939278,0.11923700030939278
06037650603,181.02137385421605,100.97392958414044,146.06543114216603,10.056742991900892,5.609662754674468,detour_factor_1.35,4.5,1.35,0,0,0,0,0,0,0,0,0,181.02137385421605,,False,False,0.11664467325194883,0.0,0.0,0.0,0.11664467325194883,0.11664467325194883,0.11664467325194883
06037650702,184.52803367126324,123.147425408309,152.99148530618513,10.251557426181291,6.841523633794943,detour_factor_1.35,4.5,1.35,0,0,0,0,0,0,0,0,0,184.52803367126324,,False,False,0.09769386876411856,0.0,0.0,0.0,0.09769386876411856,0.09769386876411856,0.09769386876411856
06037650800,142.43035125632738,145.69688525167282,118.8731248551403,7.912797292018187,8.094271402870712,detour_factor_1.35,4.5,1.35,0,0,0,0,0,0,0,0,0,142.43035125632738,,False,False,0.08384150793458345,0.01701085219993677,0.01701085219993677,0.01701085219993677,0.10085236013452022,0.10085236013452022,0.10085236013452022
06037650701,162.55614089440803,128.13424117384392,133.40871608683892,9.030896716356002,7.118568954102439,detour_factor_1.35,4.5,1.35,0,0,0,0,0,0,0,0,0,162.55614089440803,,False,False,0.09425010204481082,0.0,0.0,0.0,0.09425010204481082,0.09425010204481082,0.09425010204481082
06037670001,148.44227189903668,197.40456081875536,140.96374893197122,8.246792883279815,10.966920045486408,detour_factor_1.35,4.5,1.35,0,0,0,0,0,0,0,0,0,148.44227189903668,,False,False,0.06326974741292005,0.023143638618628296,0.023143638618628296,0.023143638618628296,0.08641338603154834,0.08641338603154834,0.08641338603154834
06037651221,174.3167002046398,147.04029316446193,148.31351552935934,9.684261122479988,8.16890517580344,detour_factor_1.35,4.5,1.35,0,0,0,0,0,0,0,0,0,174.3167002046398,,False,False,0.08313918955693524,0.0,0.0,0.0,0.08313918955693524,0.08313918955693524,0.08313918955693524
06037650902,122.64844089454601,160.81056039874764,105.48991364554529,6.813802271919224,8.933920022152646,detour_factor_1.35,4.5,1.35,0,0,0,0,0,0,0,0,0,122.64844089454601,,False,False,0.07656503508441452,0.035646452754353214,0.035646452754353214,0.035646452754353214,0.11221148783876773,0.11221148783876773,0.11221148783876773
06037651201,192.43498264601607,146.762419961133,164.63928387956082,10.690832369223113,8.153467775618498,detour_factor_1.35,4.5,1.35,0,0,0,0,0,0,0,0,0,192.43498264601607,,False,False,0.08328349165395506,0.0,0.0,0.0,0.08328349165395506,0.08328349165395506,0.08328349165395506
06037294301,138.04415385480146,148.0524087324636,149.0941935030596,7.669119658600081,8.2251338184702,detour_factor_1.35,4.5,1.35,0,0,0,0,0,0,0,0,0,138.04415385480146,,False,False,0.08261778991540242,0.0,0.0,0.0,0.08261778991540242,0.08261778991540242,0.08261778991540242
06037293307,136.21983634399695,182.76276974345973,166.7642809182902,7.567768685777607,10.153487207969984,detour_factor_1.35,4.5,1.35,0,0,0,0,0,0,0,0,0,136.21983634399695,,False,False,0.06799387200525793,0.006040053367593778,0.006040053367593778,0.006040053367593778,0.07403392537285171,0.07403392537285171,0.07403392537285171
06037278102,49.50786121282613,126.22447196946123,112.53251100270053,2.750436734045896,7.012470664970068,detour_factor_1.35,4.5,1.35,0,0,0,0,0,0,0,0,0,126.22447196946123,0.0,False,False,0.0955398610948659,0.010393034391349518,0.010393034391349518,0.010393034391349518,0.10593289548621541,0.10593289548621541,0.10593289548621541
06037980009,35.97011838912551,68.20261709032226,135.65761596728717,1.9983399105069728,3.7890342827956807,detour_factor_1.35,4.5,1.35,0,0,0,0,0,0,1,0,0,68.20261709032226,0.0,False,False,0.16352704867060708,0.0,0.0,0.0,0.16352704867060708,0.16352704867060708,0.16352704867060708
06037980008,69.3483230062424,203.40513283899173,43.01864830043366,3.852684611457911,11.300285157721763,detour_factor_1.35,4.5,1.35,0,0,0,0,0,0,0,0,1,203.40513283899173,0.0,False,False,0.06151807553501936,0.1750899894659067,0.1750899894659067,0.0,0.23660806500092607,0.23660806500092607,0.06151807553501936
06037980007,30.883133574085434,143.79426801800162,145.2312919344801,1.7157296430047464,7.988570445444532,detour_factor_1.35,4.5,1.35,0,0,0,0,0,0,1,0,0,30.883133574085434,,False,True,0.08485672293513985,0.0,0.0,0.0,0.08485672293513985,0.08485672293513985,0.08485672293513985
06037980006,109.10932404961736,172.49113638309666,188.47854159957154,6.061629113867631,9.582840910172036,detour_factor_1.35,4.5,1.35,0,0,0,0,0,0,0,0,0,109.10932404961736,,False,False,0.0717523012640915,0.0,0.0,0.0,0.0717523012640915,0.0717523012640915,0.0717523012640915
06037980005,108.96188827894663,106.61678579973383,74.23820247763341,6.0534382377192575,5.923154766651879,detour_factor_1.35,4.5,1.35,0,0,0,0,0,0,0,0,0,108.96188827894663,,False,False,0.11115731630530475,0.04109915847109828,0.04109915847109828,0.04109915847109828,0.15225647477640303,0.15225647477640303,0.15225647477640303
06037194402,111.8871929586821,40.02088711967421,91.21995217926482,6.215955164371228,2.223382617759678,detour_factor_1.35,4.5,1.35,0,0,0,0,0,0,0,5,0,111.8871929586821,,False,False,0.24990212995571454,0.0,0.0,0.0,0.24990212995571454,0.24990212995571454,0.24990212995571454
06037194401,110.17653141052683,43.194442798125976,101.68076502066697,6.120918411695935,2.399691266562554,detour_factor_1.35,4.5,1.35,0,0,0,0,0,0,0,10,0,110.17653141052683,,False,False,0.23587224274179353,0.0,0.0,0.0,0.23587224274179353,0.23587224274179353,0.23587224274179353
06037194102,51.31173832287398,46.067145105544505,104.58861821534354,2.850652129048554,2.559285839196917,detour_factor_1.35,4.5,1.35,0,0,0,0,0,0,0,0,0,51.31173832287398,,False,False,0.22446508317358294,0.0,0.0,0.0,0.22446508317358294,0.22446508317358294,0.22446508317358294
06037192002,110.9514872931351,42.577271833273386,87.87811794873986,6.163971516285283,2.36540399073741,detour_factor_1.35,4.5,1.35,0,0,0,0,0,0,0,8,0,110.9514872931351,,False,False,0.23847592587491487,0.0,0.0,0.0,0.23847592587491487,0.23847592587491487,0.23847592587491487
06037191902,92.80933811195153,34.29223605818803,66.43174208258054,5.1560743395528625,1.9051242254548904,detour_factor_1.35,4.5,1.35,0,0,0,0,0,0,0,12,0,39.29223605818803,5.0,False,True,0.27996165722917377,0.0,0.0,0.0,0.27996165722917377,0.27996165722917377,0.27996165722917377
06037191901,82.44957971283294,19.8035012170288,76.59530851353188,4.580532206268496,1.1001945120571555,detour_factor_1.35,4.5,1.35,0,0,0,0,7,0,0,7,0,24.8035012170288,5.0,True,True,0.40237196806077,0.0,0.0,0.0,0.40237196806077,0.40237196806077,0.40237196806077
06037191302,45.727417259738985,4.870411188079977,70.81463433148606,2.540412069985499,0.2705783993377765,detour_factor_1.35,4.5,1.35,0,5,0,0,9,0,0,16,0,6.870411188079977,2.0,True,True,0.7324500361806964,0.0,0.0,0.0,0.7324500361806964,0.7324500361806964,0.7324500361806964
06037191301,55.655282847856675,10.571631542144225,62.316778539662806,3.0919601582142593,0.5873128634524569,detour_factor_1.35,4.5,1.35,0,9,0,0,9,0,0,16,0,55.655282847856675,,False,False,0.5577641884348081,0.0,0.0,0.0,0.5577641884348081,0.5577641884348081,0.5577641884348081
06037190802,69.08432811467345,16.316829659655497,72.60276780734327,3.83801822859297,0.9064905366475274,detour_factor_1.35,4.5,1.35,0,0,0,0,7,0,0,11,0,69.08432811467345,,False,False,0.4496883655070016,0.0,0.0,0.0,0.4496883655070016,0.4496883655070016,0.4496883655070016
06037189905,77.0355855929239,20.308647507750752,104.65353807245569,4.279754755162438,1.1282581948750416,detour_factor_1.35,4.5,1.35,0,0,0,0,3,0,0,7,0,77.0355855929239,,False,False,0.39633021005262775,0.0,0.0,0.0,0.39633021005262775,0.39633021005262775,0.39633021005262775
06037189202,14.799426399999891,27.34619441936995,99.20383866456861,0.8221903555555494,1.5192330232983304,detour_factor_1.35,4.5,1.35,1,0,0,1,8,0,1,13,0,14.799426399999891,,True,True,0.3277651946794611,0.0,0.0,0.0,0.3277651946794611,0.3277651946794611,0.3277651946794611
06037189102,22.060609638647957,29.59443102161032,102.13575466144279,1.2255894243693308,1.6441350567561286,detour_factor_1.35,4.5,1.35,0,0,0,1,1,0,1,8,0,22.060609638647957,,True,True,0.3105992947382045,0.0,0.0,0.0,0.3105992947382045,0.3105992947382045,0.3105992947382045
06037189101,32.91824785162762,13.877114893509583,85.94472430938876,1.8287915473126455,0.770950827417199,detour_factor_1.35,4.5,1.35,0,2,0,0,6,0,1,13,0,32.91824785162762,,False,True,0.4900078536810024,0.0,0.0,0.0,0.4900078536810024,0.4900078536810024,0.4900078536810024
06037188202,35.42480439960065,40.82170583928623,110.06960280390193,1.9680446888667025,2.2678725466270127,detour_factor_1.35,4.5,1.35,0,0,0,0,0,0,1,4,0,35.42480439960065,,False,True,0.2462066972351962,0.0,0.0,0.0,0.2462066972351962,0.2462066972351962,0.2462066972351962
06037270200,133.23364210332005,16.263331576110556,79.41418532506698,7.401869005740002,0.9035184208950308,detour_factor_1.35,4.5,1.35,0,0,0,0,8,0,0,15,0,133.23364210332005,,False,False,0.4505012093129064,0.0,0.0,0.0,0.4505012093129064,0.4505012093129064,0.4505012093129064
06037270300,140.7707053242101,26.792108917001592,85.79848162427787,7.820594740233894,1.4884504953889772,detour_factor_1.35,4.5,1.35,0,0,0,0,4,0,0,12,0,140.7707053242101,,False,False,0.33229124928142173,0.0,0.0,0.0,0.33229124928142173,0.33229124928142173,0.33229124928142173
06037271100,79.56512171698297,6.299833735627287,52.644904683721634,4.4202845398323865,0.34999076309040483,detour_factor_1.35,4.5,1.35,0,13,0,0,13,0,0,29,0,79.56512171698297,,False,False,0.6791228988425859,0.0,0.0,0.0,0.6791228988425859,0.6791228988425859,0.6791228988425859
06037141500,71.51648185456791,180.30832714349725,71.51071657338856,3.9731378808093276,10.017129285749848,detour_factor_1.35,4.5,1.35,0,0,0,0,0,0,0,0,0,71.51648185456791,,False,False,0.06885570646575136,0.04328982978303812,0.08829536479961243,0.0,0.11214553624878948,0.1571510712653638,0.06885570646575136
06037271400,69.37610155739151,44.12530155689624,105.81997627572783,3.8542278642995282,2.451405642049791,detour_factor_1.35,4.5,1.35,0,0,0,0,0,0,0,10,0,69.37610155739151,,False,False,0.23205099388117506,0.0,0.0,0.0,0.23205099388117506,0.23205099388117506,0.23205099388117506
06037271600,101.04801498287415,27.287051082642908,78.2908907204387,5.613778610159675,1.5159472823690503,detour_factor_1.35,4.5,1.35,0,0,0,0,10,0,0,23,0,101.04801498287415,,False,False,0.3282424212629867,0.0,0.0,0.0,0.3282424212629867,0.3282424212629867,0.3282424212629867
06037271500,90.18238254857214,37.46310602962735,90.95620462223457,5.0101323638095625,2.0812836683126306,detour_factor_1.35,4.5,1.35,0,0,0,0,0,0,0,21,0,90.18238254857214,,False,False,0.2624855895520823,0.0,0.0,0.0,0.2624855895520823,0.2624855895520823,0.2624855895520823
06037271300,93.24982448803925,22.127049342612167,77.59790195669542,5.180545804891069,1.2292805190340093,detour_factor_1.35,4.5,1.35,0,0,0,0,20,0,0,26,0,93.24982448803925,,False,False,0.37600647052176284,0.0,0.0,0.0,0.37600647052176284,0.37600647052176284,0.37600647052176284
06037271200,79.39657859703574,11.214569584367089,63.93230619642602,4.410921033168652,0.6230316435759493,detour_factor_1.35,4.5,1.35,0,10,0,0,23,0,0,23,0,11.214569584367089,0.0,True,True,0.5431556975777042,0.0,0.0,0.0,0.5431556975777042,0.5431556975777042,0.5431556975777042
06037271701,100.5546132749728,23.13226333356811,65.00626955458924,5.586367404165155,1.2851257407537837,detour_factor_1.35,4.5,1.35,0,0,0,0,9,0,0,19,0,102.1322633335681,79.0,False,False,0.3656414415792499,0.0,0.0,0.0,0.3656414415792499,0.3656414415792499,0.3656414415792499
06037271801,111.67635845179032,34.14490704214982,84.30391087137833,6.204242136210573,1.8969392801194342,detour_factor_1.35,4.5,1.35,0,0,0,0,0,0,0,9,0,111.67635845179032,,False,False,0.2808304020512607,0.0,0.0,0.0,0.2808304020512607,0.2808304020512607,0.2808304020512607
06037271702,98.19876081550436,23.271202268856886,69.3181042545413,5.455486711972465,1.292844570492049,detour_factor_1.35,4.5,1.35,0,0,0,0,13,0,0,19,0,98.19876081550436,,False,False,0.36425358535447555,0.0,0.0,0.0,0.36425358535447555,0.36425358535447555,0.36425358535447555
06037464200,91.01901296383103,52.867433090446184,142.22595952975348,5.056611831323946,2.937079616135899,detour_factor_1.35,4.5,1.35,0,0,0,0,0,0,0,0,0,91.01901296383103,,False,False,0.20140753730826835,0.0,0.0,0.0,0.20140753730826835,0.20140753730826835,0.20140753730826835
06037139502,71.01749075011638,251.66640982971978,66.17273205947822,3.945416152784243,13.981467212762206,detour_factor_1.35,4.5,1.35,0,0,0,0,0,0,0,0,0,71.01749075011638,,False,False,0.050314514173432225,0.11738757581753909,0.11738757581753909,0.0,0.1677020899909713,0.1677020899909713,0.050314514173432225
06037530204,134.04044724654077,51.31199538237369,54.53723684696953,7.446691513696708,2.8506664101318715,detour_factor_1.35,4.5,1.35,0,0,0,0,0,0,0,0,0,51.31199538237369,0.0,False,False,0.2062536241708939,0.0,0.0,0.0,0.2062536241708939,0.2062536241708939,0.2062536241708939
06037530004,65.48312707626455,115.99066212837948,119.58716914652288,3.6379515042369195,6.44392567379886,detour_factor_1.35,4.5,1.35,0,0,0,0,0,0,0,0,0,115.99066212837948,0.0,False,False,0.10310022734551802,0.0,0.0,0.0,0.10310022734551802,0.10310022734551802,0.10310022734551802
06037530202,148.0568725952869,30.08213155353571,33.30645794262837,8.225381810849273,1.6712295307519835,detour_factor_1.35,4.5,1.35,0,0,0,0,0,0,0,8,1,30.08213155353571,0.0,False,True,0.30711022830406187,0.0,0.0,0.0,0.30711022830406187,0.30711022830406187,0.30711022830406187
06037530203,127.93043804310663,45.74890353568574,49.31685083822063,7.1072465579503685,2.541605751982541,detour_factor_1.35,4.5,1.35,0,0,0,0,0,0,0,0,0,45.74890353568574,0.0,False,False,0.2256741457316916,0.0,0.0,0.0,0.2256741457316916,0.2256741457316916,0.2256741457316916
06037432601,105.68507129810888,102.16636686027356,38.19346608386613,5.871392849894938,5.675909270015197,detour_factor_1.35,4.5,1.35,0,0,0,0,0,0,0,0,1,105.68507129810888,,False,False,0.11544041509184244,0.14332460590968937,0.14332460590968937,0.14332460590968937,0.2587650210015318,0.2587650210015318,0.2587650210015318
06037431300,71.2002668241342,17.628700296477586,107.27536924148905,3.955570379118567,0.9793722386931992,detour_factor_1.35,4.5,1.35,0,0,0,0,3,0,0,3,0,71.2002668241342,,False,False,0.4306349347962632,0.0,0.0,0.0,0.4306349347962632,0.4306349347962632,0.4306349347962632
06037432802,78.08955908695796,133.40152249845488,29.382752882317405,4.33830883816433,7.411195694358604,detour_factor_1.35,4.5,1.35,0,0,0,0,0,1,0,0,1,78.08955908695796,,False,False,0.09086684453909306,0.2212716146357584,0.2212716146357584,0.2212716146357584,0.31213845917485145,0.31213845917485145,0.31213845917485145
06037433401,41.84491370320544,160.8811944003583,36.33967202745711,2.324717427955858,8.937844133353238,detour_factor_1.35,4.5,1.35,0,0,0,0,0,0,1,0,1,41.84491370320544,,False,True,0.07653399235289364,0.19188812618994866,0.19188812618994866,0.19188812618994866,0.2684221185428423,0.2684221185428423,0.2684221185428423
06037433901,63.4106993957206,151.31964970008175,44.20890191477109,3.5228166330955886,8.406647205560098,detour_factor_1.35,4.5,1.35,0,0,0,0,0,0,0,0,1,63.4106993957206,,False,False,0.08097838914116383,0.15073546896400192,0.15073546896400192,0.15073546896400192,0.23171385810516576,0.23171385810516576,0.23171385810516576
06037134303,217.74317938083462,398.055255856305,97.61269433013767,12.096843298935255,22.11418088090583,detour_factor_1.35,4.5,1.35,0,0,0,0,0,0,0,0,0,398.055255856305,0.0,False,False,0.032410557034646015,0.033092073066595604,0.08776799837769289,0.0,0.06550263010124162,0.1201785554123389,0.032410557034646015
06037433602,54.91019127330473,136.6425242061632,77.2506244027421,3.0505661818502627,7.591251344786843,detour_factor_1.35,4.5,1.35,0,0,0,0,0,0,0,0,0,136.6425242061632,0.0,False,False,0.08890319783517134,0.05828989977910168,0.05828989977910168,0.05828989977910168,0.14719309761427302,0.14719309761427302,0.14719309761427302
06037434001,65.76351571292105,164.13924708688836,62.27753463825389,3.6535286507178353,9.118847060382686,detour_factor_1.35,4.5,1.35,0,0,0,0,0,0,0,0,0,65.76351571292105,,False,False,0.07512897655380063,0.10121251629010752,0.10121251629010752,0.10121251629010752,0.17634149284390815,0.17634149284390815,0.17634149284390815
06037433403,61.031041015766384,146.2820619892076,32.48544823711437,3.3906133897647988,8.126781221622643,detour_factor_1.35,4.5,1.35,0,0,0,0,0,0,0,0,1,61.031041015766384,,False,False,0.08353413094263344,0.20746735090238128,0.20746735090238128,0.20746735090238128,0.29100148184501473,0.29100148184501473,0.29100148184501473
06037133000,125.02379899392531,304.60131543034635,96.81281141201858,6.945766610773628,16.922295301685907,detour_factor_1.35,4.5,1.35,0,0,0,0,0,0,0,0,0,304.60131543034635,0.0,False,False,0.0419373395922128,0.07911395425160547,0.07911395425160547,0.0,0.12105129384381827,0.12105129384381827,0.0419373395922128
06037132700,72.74278877429828,251.2763852383239,43.68156901706836,4.041266043016571,13.959799179906884,detour_factor_1.35,4.5,1.35,0,0,0,0,0,0,0,0,1,251.2763852383239,0.0,False,False,0.05038867584042503,0.18346831213421796,0.18346831213421796,0.0,0.233856987974643,0.233856987974643,0.05038867584042503
06037131900,72.09655770224646,231.4705252038575,35.78111734132752,4.00536431679147,12.859473622436527,detour_factor_1.35,4.5,1.35,0,0,0,0,0,0,0,0,1,231.4705252038575,0.0,False,False,0.05446537245370959,0.21700937988862434,0.21700937988862434,0.0,0.2714747523423339,0.2714747523423339,0.05446537245370959
06037133100,98.74138870813229,280.427708910002,74.52521259820004,5.485632706007349,15.579317161666777,detour_factor_1.35,4.5,1.35,0,0,0,0,0,0,0,0,0,280.427708910002,0.0,False,False,0.045388364745413516,0.10637072928425284,0.10637072928425284,0.0,0.15175909402966636,0.15175909402966636,0.045388364745413516
06037134101,155.73051147777713,327.6942945938869,90.0778074149562,8.65169508209873,18.20523858854927,detour_factor_1.35,4.5,1.35,0,0,0,0,0,0,0,0,0,327.6942945938869,0.0,False,False,0.03909751656888879,0.05908022358566479,0.08983765653579309,0.0,0.09817774015455358,0.1289351731046819,0.03909751656888879
06037134103,178.62630083491783,353.1374793782225,77.0550059231534,9.923683379717657,19.618748854345693,detour_factor_1.35,4.5,1.35,0,0,0,0,0,0,0,0,0,353.1374793782225,0.0,False,False,0.03638307027694404,0.046933730729651096,0.11112858269743522,0.0,0.08331680100659514,0.14751165297437926,0.03638307027694404
06037131300,102.1656322275037,259.0765088520143,65.6108116339013,5.675868457083539,14.39313938066746,detour_factor_1.35,4.5,1.35,0,0,0,0,0,0,0,0,0,259.0765088520143,0.0,False,False,0.04894585755921893,0.1199499274146669,0.1199499274146669,0.0,0.16889578497388583,0.16889578497388583,0.04894585755921893
06037134201,191.8510868163604,367.4070402881701,72.83790756331183,10.658393712020022,20.41150223823167,detour_factor_1.35,4.5,1.35,0,0,0,0,0,0,0,0,0,367.4070402881701,0.0,False,False,0.03501948901953879,0.04165972736518164,0.11971117511613842,0.0,0.07667921638472043,0.1547306641356772,0.03501948901953879
06037131100,87.72773332241711,231.92171012095065,53.53016002007762,4.873762962356506,12.884539451163924,detour_factor_1.35,4.5,1.35,0,0,0,0,0,0,0,0,0,231.92171012095065,0.0,False,False,0.05436517490340089,0.14504608323800686,0.14504608323800686,0.0,0.19941125814140775,0.19941125814140775,0.05436517490340089
06037131010,120.30549835938714,285.4118234921661,84.62211554366166,6.68363879774373,15.856212416231449,detour_factor_1.35,4.5,1.35,0,0,0,0,0,0,0,0,0,285.4118234921661,0.0,False,False,0.04463112799891009,0.09148517268872516,0.09148517268872516,0.0,0.13611630068763525,0.13611630068763525,0.04463112799891009
06037134304,220.42038207913234,397.6799412629193,73.5700172694498,12.245576782174018,22.093330070162178,detour_factor_1.35,4.5,1.35,0,0,0,0,0,0,0,0,0,397.6799412629193,0.0,False,False,0.03244015256303087,0.03304883110234293,0.12098699657276235,0.0,0.0654889836653738,0.15342714913579322,0.03244015256303087
06037134302,236.0099787347851,414.02428793544357,79.6140208704989,13.111665485265837,23.001349329746862,detour_factor_1.35,4.5,1.35,0,0,0,0,0,0,0,0,0,414.02428793544357,0.0,False,False,0.03119947479525031,0.029476458843928095,0.11225090577280245,0.0,0.060675933639178406,0.14345038056805276,0.03119947479525031
06037134305,210.91548733315605,386.0004295791607,62.745695729900646,11.717527074064224,21.444468309953372,detour_factor_1.35,4.5,1.35,0,0,0,0,0,0,0,0,0,386.0004295791607,0.0,False,False,0.033388945718208815,0.03577488725165402,0.14186740938394654,0.0,0.06916383296986284,0.17525635510215537,0.033388945718208815
06037134422,245.62658176043516,426.2999497190842,105.73160024558679,13.645921208913064,23.68333053994912,detour_factor_1.35,4.5,1.35,0,0,0,0,0,0,0,0,0,426.2999497190842,0.0,False,False,0.030328307358257034,0.027182939748004974,0.08165540549953047,0.0,0.05751124710626201,0.1119837128577875,0.030328307358257034
06037703002,86.07959902407836,49.958168073261284,51.328220920006196,4.782199945782131,2.775453781847849,detour_factor_1.35,4.5,1.35,0,0,0,0,0,0,0,0,0,86.07959902407836,,False,False,0.21066546119166757,0.0,0.0,0.0,0.21066546119166757,0.21066546119166757,0.21066546119166757
06037231300,27.84340854460665,10.471290841654792,65.20549409214597,1.5468560302559247,0.5817383800919328,detour_factor_1.35,4.5,1.35,0,4,0,1,9,0,3,13,0,27.84340854460665,,True,True,0.5601152631236609,0.0,0.0,0.0,0.5601152631236609,0.5601152631236609,0.5601152631236609
06037228710,56.162329782217135,19.453302454045513,47.77369740744556,3.1201294323453963,1.0807390252247506,detour_factor_1.35,4.5,1.35,0,0,0,0,7,0,0,9,0,80.45330245404551,61.0,False,False,0.4066697608074195,0.0,0.0,0.0,0.4066697608074195,0.4066697608074195,0.4066697608074195
06037228720,62.633484572384404,12.903484503616292,54.34194780577195,3.4796380317991327,0.7168602502009052,detour_factor_1.35,4.5,1.35,0,3,0,0,7,0,0,10,0,73.9034845036163,61.0,False,False,0.5081917104503367,0.0,0.0,0.0,0.5081917104503367,0.5081917104503367,0.5081917104503367
06037229100,67.14007598590173,15.744792878892117,46.89796251409523,3.7300042214389846,0.8747107154940065,detour_factor_1.35,4.5,1.35,0,0,0,0,7,0,0,10,0,67.14007598590173,,False,False,0.4585348187851094,0.0,0.0,0.0,0.4585348187851094,0.4585348187851094,0.4585348187851094
06037229300,38.24814621364074,44.81861424527634,25.024511213402352,2.1248970118689297,2.489923013626463,detour_factor_1.35,4.5,1.35,0,0,0,0,0,1,2,2,1,105.81861424527634,61.0,False,False,0.22928438149572486,0.11831943959718957,0.11831943959718957,0.11831943959718957,0.34760382109291443,0.34760382109291443,0.34760382109291443
06037229410,48.06293322992456,43.82060913686074,18.42564106261176,2.670162957218031,2.434478285381152,detour_factor_1.35,4.5,1.35,0,0,0,0,0,1,0,4,1,48.06293322992456,,False,False,0.23328807702612472,0.18654076149693846,0.18654076149693846,0.18654076149693846,0.4198288385230632,0.4198288385230632,0.4198288385230632
06037229420,55.67058418043685,29.806626617091762,32.82015308627679,3.0928102322464914,1.6559237009495422,detour_factor_1.35,4.5,1.35,0,0,0,0,1,0,0,7,1,55.67058418043685,,False,False,0.3090715278515679,0.0,0.0,0.0,0.3090715278515679,0.3090715278515679,0.3090715278515679
06037231800,15.122086749976306,25.2415158254392,37.62447257851665,0.8401159305542392,1.402306434746622,detour_factor_1.35,4.5,1.35,0,0,0,3,9,0,3,16,1,25.2415158254392,0.0,True,True,0.34564835959445667,0.0,0.0,0.0,0.34564835959445667,0.34564835959445667,0.34564835959445667
06037231100,11.857584231649971,11.811941145109238,37.107156804189586,0.6587546795361094,0.6562189525060687,detour_factor_1.35,4.5,1.35,1,4,0,3,17,0,3,24,1,11.857584231649971,,True,True,0.5302520497346014,0.0,0.0,0.0,0.5302520497346014,0.5302520497346014,0.5302520497346014
06037231900,28.936951904037578,39.99532221004385,21.519788082372607,1.6076084391131986,2.221962345002436,detour_factor_1.35,4.5,1.35,0,0,0,1,0,1,3,11,1,39.99532221004385,0.0,False,True,0.2500219290637861,0.1325358675335913,0.1325358675335913,0.1325358675335913,0.38255779659737743,0.38255779659737743,0.38255779659737743
06037231210,17.114622033807443,12.588438527409357,59.80074239196346,0.9508123352115245,0.6993576959671864,detour_factor_1.35,4.5,1.35,0,5,0,2,13,0,3,17,0,17.114622033807443,,True,True,0.514368130580072,0.0,0.0,0.0,0.514368130580072,0.514368130580072,0.514368130580072
06037231720,10.400453452882148,21.38707890179391,37.95589098572425,0.5778029696045638,1.1881710500996616,detour_factor_1.35,4.5,1.35,2,0,0,3,11,0,3,14,1,21.38707890179391,0.0,True,True,0.3840200180527744,0.0,0.0,0.0,0.3840200180527744,0.3840200180527744,0.3840200180527744
06037232400,47.842433796934706,36.283730023517265,55.513264895597466,2.6579129887185946,2.0157627790842922,detour_factor_1.35,4.5,1.35,0,0,0,0,0,0,0,12,0,59.283730023517265,23.0,False,False,0.26872475780033056,0.0,0.0,0.0,0.26872475780033056,0.26872475780033056,0.26872475780033056
06037232300,37.23232584920319,43.00148018752126,34.3916569647446,2.068462547177955,2.3889711215289586,detour_factor_1.35,4.5,1.35,0,0,0,0,0,0,2,5,1,37.23232584920319,,False,True,0.23668017163840377,0.04269826825350165,0.04269826825350165,0.04269826825350165,0.2793784398919054,0.2793784398919054,0.2793784398919054
06037232200,29.63854293156312,34.4962792388505,39.49839079797934,1.646585718420173,1.9164599577139165,detour_factor_1.35,4.5,1.35,0,0,0,1,0,0,2,13,1,29.63854293156312,,True,True,0.2787673287800699,0.0,0.0,0.0,0.2787673287800699,0.2787673287800699,0.2787673287800699
06037232110,28.571399949561574,37.98405743695292,25.71556964262936,1.5872999971978652,2.1102254131640508,detour_factor_1.35,4.5,1.35,0,0,0,2,0,1,2,9,1,28.571399949561574,,True,True,0.25982095218008605,0.08163123513336862,0.08163123513336862,0.08163123513336862,0.34145218731345467,0.34145218731345467,0.34145218731345467
06037125320,45.31068258419733,11.326717500139495,11.576827864471483,2.517260143566518,0.629262083341083,detour_factor_1.35,4.5,1.35,0,4,2,0,4,2,0,4,2,45.31068258419733,,False,False,0.5406855575186025,0.0,0.0,0.0,0.5406855575186025,0.5406855575186025,0.5406855575186025
06037277200,69.32417109897553,8.993599544148129,10.464748514919885,3.851342838831973,0.49964441911934043,detour_factor_1.35,4.5,1.35,0,13,1,0,21,2,0,21,2,69.32417109897553,,False,False,0.5971860714814569,0.0,0.0,0.0,0.5971860714814569,0.5971860714814569,0.5971860714814569
06037291110,103.74848227154281,18.435952843104765,102.39890191487265,5.763804570641267,1.024219602394709,detour_factor_1.35,4.5,1.35,0,0,0,0,8,0,0,12,0,103.74848227154281,,False,False,0.4196925690833459,0.0,0.0,0.0,0.4196925690833459,0.4196925690833459,0.4196925690833459
06037703001,109.19561217376295,65.62802533519759,71.79888911473239,6.066422898542386,3.646001407510977,detour_factor_1.35,4.5,1.35,0,0,0,0,0,0,0,0,0,109.19561217376295,,False,False,0.16885896542516268,0.0,0.0,0.0,0.16885896542516268,0.16885896542516268,0.16885896542516268
06037231600,22.112141928586844,25.043268111801748,46.74437325141715,1.2284523293659357,1.3912926728778747,detour_factor_1.35,4.5,1.35,0,0,0,2,11,0,3,15,0,22.112141928586844,,True,True,0.34743392669606943,0.0,0.0,0.0,0.34743392669606943,0.34743392669606943,0.34743392669606943
06037291120,108.51108901686021,32.57713257698583,87.46852107377532,6.028393834270011,1.809840698721435,detour_factor_1.35,4.5,1.35,0,0,0,0,0,0,0,8,0,108.51108901686021,,False,False,0.29042034466342537,0.0,0.0,0.0,0.29042034466342537,0.29042034466342537,0.29042034466342537
06037125310,48.39231913933031,8.746302393526614,9.603032310490478,2.6884621744072392,0.4859056885292563,detour_factor_1.35,4.5,1.35,0,4,2,0,4,2,0,4,2,48.39231913933031,,False,False,0.6038746969504253,0.0,0.0,0.0,0.6038746969504253,0.6038746969504253,0.6038746969504253
06037291130,87.83247425677428,54.90350061792326,64.76546725488318,4.8795819031541265,3.050194478773514,detour_factor_1.35,4.5,1.35,0,0,0,0,0,0,0,0,0,87.83247425677428,,False,False,0.19539788939882077,0.0,0.0,0.0,0.19539788939882077,0.19539788939882077,0.19539788939882077
06037124600,102.21449468985556,84.18143433196241,83.7099603507672,5.678583038325309,4.676746351775689,detour_factor_1.35,4.5,1.35,0,0,0,0,0,0,0,0,0,102.21449468985556,,False,False,0.13673142696804574,0.0006642943348252051,0.0006642943348252051,0.0,0.13739572130287095,0.13739572130287095,0.13673142696804574
06037540400,152.8236217890918,18.24020713702684,140.59888505679726,8.490201210505099,1.0133448409459354,detour_factor_1.35,4.5,1.35,0,0,0,0,7,0,0,14,0,152.8236217890918,,False,False,0.4222945268317334,0.0,0.0,0.0,0.4222945268317334,0.4222945268317334,0.4222945268317334
06037535607,172.7095385290292,36.3616686990544,135.9032731582511,9.594974362723844,2.0200927055030222,detour_factor_1.35,4.5,1.35,0,0,0,0,0,0,0,14,0,105.3616686990544,69.0,False,False,0.2683033059268938,0.0,0.0,0.0,0.2683033059268938,0.2683033059268938,0.2683033059268938
06037124000,95.37463133069433,47.274807207967775,46.72810478199851,5.2985906294830185,2.626378178220432,detour_factor_1.35,4.5,1.35,0,0,0,0,0,0,0,0,0,95.37463133069433,,False,False,0.21999245009418167,0.002002456316987672,0.002002456316987672,0.0,0.22199490641116934,0.22199490641116934,0.21999245009418167
06037532700,91.99299647844717,8.783079494460091,66.84693895895968,5.110722026580397,0.48794886080333844,detour_factor_1.35,4.5,1.35,0,4,0,0,7,0,0,10,0,91.99299647844717,,False,False,0.6028705214155479,0.0,0.0,0.0,0.6028705214155479,0.6028705214155479,0.6028705214155479
06037540502,135.73327732186002,18.034078783117295,154.72016770331695,7.540737628992223,1.0018932657287385,detour_factor_1.35,4.5,1.35,0,0,0,0,4,0,0,7,0,135.73327732186002,,False,False,0.4250696003812399,0.0,0.0,0.0,0.4250696003812399,0.4250696003812399,0.4250696003812399
06037540202,171.7862606465084,19.174278802135824,165.62135480094523,9.543681147028243,1.065237711229768,detour_factor_1.35,4.5,1.35,0,0,0,0,4,0,0,4,0,171.7862606465084,,False,False,0.41016034268433055,0.0,0.0,0.0,0.41016034268433055,0.41016034268433055,0.41016034268433055
06037540501,142.64525043576037,15.173365298323887,157.02182134361163,7.92473613532002,0.8429647387957715,detour_factor_1.35,4.5,1.35,0,0,0,0,4,0,0,11,0,142.64525043576037,,False,False,0.46772632305188844,0.0,0.0,0.0,0.46772632305188844,0.46772632305188844,0.46772632305188844
06037540201,176.54290653310875,32.42514814145896,144.9868505737583,9.807939251839374,1.801397118969942,detour_factor_1.35,4.5,1.35,0,0,0,0,0,0,0,4,0,176.54290653310875,,False,False,0.2913849608553658,0.0,0.0,0.0,0.2913849608553658,0.2913849608553658,0.2913849608553658
06037532400,129.61967181196647,62.07753291015714,109.19195148116418,7.201092878442581,3.4487518283420635,detour_factor_1.35,4.5,1.35,0,0,0,0,0,0,0,0,0,123.07753291015715,61.0,False,False,0.17680917880298552,0.0,0.0,0.0,0.17680917880298552,0.17680917880298552,0.17680917880298552
06037402801,86.5240296718454,84.43488282748011,45.145745204470444,4.806890537324744,4.690826823748894,detour_factor_1.35,4.5,1.35,0,0,0,0,0,0,0,0,0,86.5240296718454,,False,False,0.13637697256746592,0.09162479604306384,0.09162479604306384,0.09162479604306384,0.22800176861052976,0.22800176861052976,0.22800176861052976
06037402502,79.54772225055794,93.88515217456964,47.19583915637766,4.419317902808775,5.215841787476091,detour_factor_1.35,4.5,1.35,0,0,0,0,0,0,0,0,0,79.54772225055794,,False,False,0.12435666545905971,0.09592279293928188,0.09592279293928188,0.09592279293928188,0.2202794583983416,0.2202794583983416,0.2202794583983416
06037402402,78.842524964634,96.05035294434701,72.88110518276493,4.380140275812999,5.336130719130389,detour_factor_1.35,4.5,1.35,0,0,0,0,0,0,0,0,0,96.05035294434701,0.0,False,False,0.12189508131482667,0.032758055245863074,0.032758055245863074,0.032758055245863074,0.15465313656068974,0.15465313656068974,0.15465313656068974
06037402403,106.43575246116343,110.31222219950067,109.12560926154818,5.913097358953523,6.128456788861148,detour_factor_1.35,4.5,1.35,0,0,0,0,0,0,0,0,0,106.43575246116343,,False,False,0.10783512012118118,0.0010449097958061537,0.0010449097958061537,0.0010449097958061537,0.10888002991698734,0.10888002991698734,0.10888002991698734
06037402902,112.68688070486355,121.0995992866051,73.5214815504161,6.260382261381308,6.727755515922505,detour_factor_1.35,4.5,1.35,0,0,0,0,0,0,0,0,0,112.68688070486355,,False,False,0.09918204619569387,0.05433084023644341,0.05433084023644341,0.05433084023644341,0.15351288643213729,0.15351288643213729,0.15351288643213729
06037402404,117.53423350843548,109.2686930421686,113.54420557292383,6.529679639357527,6.070482946787144,detour_factor_1.35,4.5,1.35,0,0,0,0,0,0,0,0,0,117.53423350843548,,False,False,0.10875296051385305,0.0,0.0,0.0,0.10875296051385305,0.10875296051385305,0.10875296051385305
06037403303,141.61565284684914,220.9386732205726,15.606494356243621,7.867536269269397,12.274370734476255,detour_factor_1.35,4.5,1.35,0,0,0,0,0,1,0,0,1,141.61565284684914,,False,False,0.056913899058893054,0.4038121797676061,0.4038121797676061,0.0,0.46072607882649913,0.46072607882649913,0.056913899058893054
06037403000,104.81720777232387,117.1541144486827,69.3548057345108,5.823178209573547,6.508561913815705,detour_factor_1.35,4.5,1.35,0,0,0,0,0,0,0,0,0,104.81720777232387,,False,False,0.10218096498911639,0.05906747382740568,0.05906747382740568,0.05906747382740568,0.16124843881652207,0.16124843881652207,0.16124843881652207
06037192420,79.1954031822473,32.84012150699149,35.42943532384443,4.399744621235961,1.8244511948328601,detour_factor_1.35,4.5,1.35,0,0,0,0,0,0,0,20,1,79.1954031822473,,False,False,0.2887662051592658,0.0,0.0,0.0,0.2887662051592658,0.2887662051592658,0.2887662051592658
06037192410,82.12570988427916,38.531057057118105,38.71298249678324,4.562539438015509,2.1406142809510054,detour_factor_1.35,4.5,1.35,0,0,0,0,0,0,0,9,1,82.12570988427916,,False,False,0.2570806912595677,0.0,0.0,0.0,0.2570806912595677,0.2570806912595677,0.2570806912595677
06037192510,77.31334791667196,25.71534104114188,35.89493643100321,4.295185995370664,1.4286300578412154,detour_factor_1.35,4.5,1.35,0,0,0,0,3,0,0,27,2,77.31334791667196,,False,False,0.34145418626679114,0.0,0.0,0.0,0.34145418626679114,0.34145418626679114,0.34145418626679114
06037192520,76.57700491686617,18.809127217898336,37.359570140090575,4.2542780509370095,1.044951512105463,detour_factor_1.35,4.5,1.35,0,0,0,0,8,0,0,28,2,76.57700491686617,,False,False,0.4148199330316176,0.0,0.0,0.0,0.4148199330316176,0.4148199330316176,0.4148199330316176
06037192610,71.3403601764704,13.946269406541054,41.926360589243174,3.963353343137244,0.7747927448078362,detour_factor_1.35,4.5,1.35,0,3,0,0,8,0,0,24,1,71.3403601764704,,False,False,0.48876567083743133,0.0,0.0,0.0,0.48876567083743133,0.48876567083743133,0.48876567083743133
06037195400,63.98359048775538,30.96342846750365,63.47239885473676,3.55464391598641,1.7201904704168693,detour_factor_1.35,4.5,1.35,0,0,0,0,0,0,0,12,0,34.96342846750365,4.0,False,True,0.3010001813062868,0.0,0.0,0.0,0.3010001813062868,0.3010001813062868,0.3010001813062868
06037192700,78.86660536744817,9.072927617118665,36.27469464162878,4.381478075969342,0.5040515342843703,detour_factor_1.35,4.5,1.35,0,3,0,0,8,0,0,20,1,15.072927617118665,6.0,True,True,0.5950717686818854,0.0,0.0,0.0,0.5950717686818854,0.5950717686818854,0.5950717686818854
06037194300,91.04312310826985,77.01287663118798,100.35982691949444,5.057951283792769,4.27849314617711,detour_factor_1.35,4.5,1.35,0,0,0,0,0,0,0,0,0,91.04312310826985,,False,False,0.14758043905294194,0.0,0.0,0.0,0.14758043905294194,0.14758043905294194,0.14758043905294194
06037192620,81.27105641023975,7.2076699848736325,32.154893566284606,4.5150586894577645,0.40042611027075736,detour_factor_1.35,4.5,1.35,0,3,0,0,8,0,0,24,2,81.27105641023975,,False,False,0.6491081826326878,0.0,0.0,0.0,0.6491081826326878,0.6491081826326878,0.6491081826326878
06037195600,44.86635072269784,44.4454448872174,57.455718177290734,2.49257504014988,2.4691913826231886,detour_factor_1.35,4.5,1.35,0,0,0,0,0,0,1,3,0,50.4454448872174,6.0,False,False,0.2307652349871071,0.0,0.0,0.0,0.2307652349871071,0.2307652349871071,0.2307652349871071
06037195100,66.59093838809373,42.13851831158873,87.85704288660429,3.6994965771163177,2.341028795088263,detour_factor_1.35,4.5,1.35,0,0,0,0,0,0,0,4,0,66.59093838809373,,False,False,0.24036214652938986,0.0,0.0,0.0,0.24036214652938986,0.24036214652938986,0.24036214652938986
06037570001,201.88125156720125,101.80135064022687,132.02316523635193,11.215625087066735,5.655630591123715,detour_factor_1.35,4.5,1.35,0,0,0,0,0,0,0,0,0,201.88125156720125,,False,False,0.11580640058381739,0.0,0.0,0.0,0.11580640058381739,0.11580640058381739,0.11580640058381739
06037570902,182.36835575497147,122.1584676165689,149.41910714550275,10.131575319720637,6.786581534253827,detour_factor_1.35,4.5,1.35,0,0,0,0,0,0,0,0,0,182.36835575497147,,False,False,0.09840693857382043,0.0,0.0,0.0,0.09840693857382043,0.09840693857382043,0.09840693857382043
06037570702,173.89794605293838,85.69822123433086,166.78964586837944,9.66099700294102,4.761012290796159,detour_factor_1.35,4.5,1.35,0,0,0,0,0,0,0,0,0,173.89794605293838,,False,False,0.13463722135375764,0.0,0.0,0.0,0.13463722135375764,0.13463722135375764,0.13463722135375764
06037570701,187.73758969128193,103.91148044985921,172.40905422826128,10.429866093960106,5.772860024992178,detour_factor_1.35,4.5,1.35,0,0,0,0,0,0,0,0,0,187.73758969128193,,False,False,0.11372215881539242,0.0,0.0,0.0,0.11372215881539242,0.11372215881539242,0.11372215881539242
06037571101,163.2145160874797,139.97642708771488,157.07218401556614,9.067473115971094,7.776468171539715,detour_factor_1.35,4.5,1.35,0,0,0,0,0,0,0,0,0,163.2145160874797,,False,False,0.08696989217591114,0.0,0.0,0.0,0.08696989217591114,0.08696989217591114,0.08696989217591114
06037571300,161.14071202275508,87.22635644049518,152.9843906076937,8.95226177904195,4.845908691138621,detour_factor_1.35,4.5,1.35,0,0,0,0,0,0,0,0,0,161.14071202275508,,False,False,0.13259123375700232,0.0,0.0,0.0,0.13259123375700232,0.13259123375700232,0.13259123375700232
06037570003,204.4261659517653,96.68533434990559,146.73079027910183,11.357009219542517,5.371407463883644,detour_factor_1.35,4.5,1.35,0,0,0,0,0,0,0,0,0,204.4261659517653,,False,False,0.12119155425261192,0.0,0.0,0.0,0.12119155425261192,0.12119155425261192,0.12119155425261192
06037571102,145.42511052540195,134.6621515365582,170.5977895987507,8.079172806966776,7.4812306409198985,detour_factor_1.35,4.5,1.35,0,0,0,0,0,0,0,0,0,223.6621515365582,89.0,False,False,0.09009283860960471,0.0,0.0,0.0,0.09009283860960471,0.09009283860960471,0.09009283860960471
06037555211,149.41060839079597,178.60391284161625,154.1544176160097,8.30058935504422,9.922439602312012,detour_factor_1.35,4.5,1.35,0,0,0,0,0,0,0,0,0,178.60391284161625,0.0,False,False,0.06946714928472031,0.010140662377674178,0.010140662377674178,0.010140662377674178,0.07960781166239449,0.07960781166239449,0.07960781166239449
06037570202,146.7477808271096,75.51551714941102,163.0095592932642,8.152654490394978,4.195306508300613,detour_factor_1.35,4.5,1.35,0,0,0,0,0,0,0,0,0,146.7477808271096,,False,False,0.15006759525744057,0.0,0.0,0.0,0.15006759525744057,0.15006759525744057,0.15006759525744057
06037503802,275.76460714113136,169.7637356270508,80.33264259641527,15.320255952285075,9.431318645947266,detour_factor_1.35,4.5,1.35,0,0,0,0,0,0,0,0,0,169.7637356270508,0.0,False,False,0.07282111837747772,0.06952868581752268,0.06952868581752268,0.06952868581752268,0.1423498041950004,0.1423498041950004,0.1423498041950004
06037503801,264.95349124066354,182.8936886297777,93.33034209508303,14.719638402259086,10.160760479432094,detour_factor_1.35,4.5,1.35,0,0,0,0,0,0,0,0,0,182.8936886297777,0.0,False,False,0.06794850780459728,0.057054997651030295,0.057054997651030295,0.057054997651030295,0.12500350545562758,0.12500350545562758,0.12500350545562758
06037503902,288.1905770271987,148.41632477742698,59.19982656200683,16.010587612622146,8.24535137652372,detour_factor_1.35,4.5,1.35,0,0,0,0,0,0,0,0,0,148.41632477742698,0.0,False,False,0.08243191045388887,0.10139205850833916,0.10139205850833916,0.10139205850833916,0.18382396896222802,0.18382396896222802,0.18382396896222802
06037504002,265.2075676483866,133.17532347928153,48.38460122381056,14.733753758243699,7.398629082182306,detour_factor_1.35,4.5,1.35,0,0,0,0,0,0,0,0,0,133.17532347928153,0.0,False,False,0.09100713652973229,0.12502947307177925,0.12502947307177925,0.12502947307177925,0.21603660960151155,0.21603660960151155,0.21603660960151155
06037503901,272.13490247796113,169.03575691619255,79.06683015701326,15.11860569322006,9.390875384232919,detour_factor_1.35,4.5,1.35,0,0,0,0,0,0,0,0,0,169.03575691619255,0.0,False,False,0.07311180482991962,0.07118808414945778,0.07118808414945778,0.07118808414945778,0.1442998889793774,0.1442998889793774,0.1442998889793774
06037480102,88.93630691850908,78.3805334567838,103.96590082738341,4.940905939917171,4.354474080932433,detour_factor_1.35,4.5,1.35,0,0,0,0,0,0,0,0,0,88.93630691850908,,False,False,0.14537968793580625,0.0,0.0,0.0,0.14537968793580625,0.14537968793580625,0.14537968793580625
06037504101,261.1133993556097,117.62547517956722,34.80734282388929,14.50629996420054,6.5347486210870676,detour_factor_1.35,4.5,1.35,0,0,0,0,0,0,0,0,1,117.62547517956722,0.0,False,False,0.1018131845023612,0.17515287409199676,0.17515287409199676,0.17515287409199676,0.27696605859435797,0.27696605859435797,0.27696605859435797
06037980004,948.9214087988648,957.7208770679131,825.7863051903715,52.71785604438138,53.206715392661835,detour_factor_1.35,4.5,1.35,0,0,0,0,0,0,0,0,0,948.9214087988648,,False,False,0.01373078165000068,0.0021588873807363157,0.0021588873807363157,0.0,0.015889669030736995,0.015889669030736995,0.01373078165000068
06037980003,1308.0105748509243,1302.516549091451,1183.6803363923955,72.66725415838468,72.3620305050806,detour_factor_1.35,4.5,1.35,0,0,0,0,0,0,0,0,0,1308.0105748509243,,False,False,0.010132868126843858,0.0010059631752150338,0.0010059631752150338,0.0,0.011138831302058892,0.011138831302058892,0.010132868126843858
06037980002,112.8481122767359,75.3882597152136,112.50740796578394,6.269339570929772,4.188236650845199,detour_factor_1.35,4.5,1.35,0,0,0,0,0,0,0,0,0,112.8481122767359,,False,False,0.15028284406522732,0.0,0.0,0.0,0.15028284406522732,0.15028284406522732,0.15028284406522732
06037980001,85.83559736156063,67.3131362764696,69.37307038348101,4.768644297864479,3.739618682026088,detour_factor_1.35,4.5,1.35,0,0,0,0,0,0,0,0,0,67.3131362764696,0.0,False,False,0.16533065114746956,0.0,0.0,0.0,0.16533065114746956,0.16533065114746956,0.16533065114746956
06037930301,387.34492175919695,317.0653391345868,485.26382028367397,21.519162319955385,17.6147410630326,detour_factor_1.35,4.5,1.35,0,0,0,0,0,0,0,0,0,387.34492175919695,,False,False,0.040355287246585186,0.0,0.0,0.0,0.040355287246585186,0.040355287246585186,0.040355287246585186
06037920338,464.0983574048979,568.4452757489465,158.91645299153944,25.78324207804988,31.580293097163693,detour_factor_1.35,4.5,1.35,0,0,0,0,0,0,0,0,0,568.4452757489465,0.0,False,False,0.022918225464435435,0.05448874041815739,0.05448874041815739,0.0,0.07740696588259283,0.07740696588259283,0.022918225464435435
06037920119,636.3499283848296,736.7030945141777,248.7861236247334,35.3527737991572,40.927949695232094,detour_factor_1.35,4.5,1.35,0,0,0,0,0,0,0,0,0,736.7030945141777,0.0,False,False,0.017776914344811153,0.03309047828627601,0.03309047828627601,0.0,0.050867392631087166,0.050867392631087166,0.017776914344811153
06037920116,665.4636874855881,759.092267857701,255.08355138315773,36.970204860310446,42.17179265876116,detour_factor_1.35,4.5,1.35,0,0,0,0,0,0,0,0,0,759.092267857701,0.0,False,False,0.017261640878777355,0.032412333049563063,0.032412333049563063,0.0,0.049673973928340415,0.049673973928340415,0.017261640878777355
06037920045,561.9539355289725,613.837376011593,84.63487837339632,31.219663084942912,34.1020764450885,detour_factor_1.35,4.5,1.35,0,0,0,0,0,0,0,0,0,613.837376011593,0.0,False,False,0.021259496233903954,0.1148390718735451,0.1148390718735451,0.0,0.13609856810744905,0.13609856810744905,0.021259496233903954
06037910713,849.0195053021569,848.5965166320254,838.3672347513158,47.167750294564264,47.144250924001405,detour_factor_1.35,4.5,1.35,0,0,0,0,0,0,0,0,0,849.0195053021569,,False,False,0.015469162987996303,0.00018579115077815324,0.00018579115077815324,0.0,0.015654954138774456,0.015654954138774456,0.015469162987996303
06037910712,801.8029289479631,802.9085431955289,801.8433094267851,44.54460716377572,44.606030177529384,detour_factor_1.35,4.5,1.35,0,0,0,0,0,0,0,0,0,801.8029289479631,,False,False,0.016335027296117743,2.1345830800864607e-05,2.1345830800864607e-05,0.0,0.016356373126918608,0.016356373126918608,0.016335027296117743
06037188201,43.248841319043464,38.20306602306789,103.59746266266929,2.402713406613526,2.1223925568371045,detour_factor_1.35,4.5,1.35,0,0,0,0,0,0,1,4,0,43.248841319043464,,False,True,0.2587168195652619,0.0,0.0,0.0,0.2587168195652619,0.2587168195652619,0.2587168195652619
06037187101,69.73966243662348,64.69547331630585,120.388047912507,3.874425690923526,3.594192962016992,detour_factor_1.35,4.5,1.35,0,0,0,0,0,0,0,0,0,69.73966243662348,,False,False,0.1708770633030691,0.0,0.0,0.0,0.1708770633030691,0.1708770633030691,0.1708770633030691
06037186404,67.61027803156139,50.78592888667431,102.19764836144682,3.756126557308966,2.8214404937041286,detour_factor_1.35,4.5,1.35,0,0,0,0,0,0,0,0,0,77.78592888667431,27.0,False,False,0.2079458320587604,0.0,0.0,0.0,0.2079458320587604,0.2079458320587604,0.2079458320587604
06037186403,75.14485210920093,61.55995351311675,110.60236767667996,4.174714006066718,3.419997417395375,detour_factor_1.35,4.5,1.35,0,0,0,0,0,0,0,0,0,88.55995351311675,27.0,False,False,0.17803108789536762,0.0,0.0,0.0,0.17803108789536762,0.17803108789536762,0.17803108789536762
06037186302,80.52012927335915,47.82092745316924,113.89982186585681,4.473340515186618,2.656718191842735,detour_factor_1.35,4.5,1.35,0,0,0,0,0,0,0,0,0,74.82092745316925,27.0,False,False,0.21802787184169758,0.0,0.0,0.0,0.21802787184169758,0.21802787184169758,0.21802787184169758
06037186203,92.02226936744027,36.27074615007265,121.75201752868479,5.112348298191127,2.0150414527818135,detour_factor_1.35,4.5,1.35,0,0,0,0,0,0,0,9,0,92.02226936744027,,False,False,0.268795096536238,0.0,0.0,0.0,0.268795096536238,0.268795096536238,0.268795096536238
06037186202,96.06998083094041,53.108200750039614,128.77789227403235,5.337221157274467,2.950455597224423,detour_factor_1.35,4.5,1.35,0,0,0,0,0,0,0,0,0,96.06998083094041,,False,False,0.2006776862888542,0.0,0.0,0.0,0.2006776862888542,0.2006776862888542,0.2006776862888542
06037271802,115.14856154983765,22.88892844495485,77.10258827046377,6.397142308324313,1.271607135830825,detour_factor_1.35,4.5,1.35,0,0,0,0,6,0,0,13,0,115.14856154983765,,False,False,0.3680977575322313,0.0,0.0,0.0,0.3680977575322313,0.3680977575322313,0.3680977575322313
06037272100,65.73977786163822,58.03149035105742,117.19597485688755,3.6522098812021233,3.2239716861698566,detour_factor_1.35,4.5,1.35,0,0,0,0,0,0,0,0,0,65.73977786163822,,False,False,0.18683340958424677,0.0,0.0,0.0,0.18683340958424677,0.18683340958424677,0.18683340958424677
06037272302,80.68479447601798,66.55588227452428,114.650029519678,4.482488582000999,3.697549015251349,detour_factor_1.35,4.5,1.35,0,0,0,0,0,0,0,0,0,80.68479447601798,,False,False,0.16689778754094955,0.0,0.0,0.0,0.16689778754094955,0.16689778754094955,0.16689778754094955
06037272301,89.89951484653506,59.01257709934793,109.46916387393799,4.994417491474169,3.2784765055193295,detour_factor_1.35,4.5,1.35,0,0,0,0,0,0,0,0,0,89.89951484653506,,False,False,0.1842997517563921,0.0,0.0,0.0,0.1842997517563921,0.1842997517563921,0.1842997517563921
06037139802,136.36903374005345,278.9448994424686,133.26597106975748,7.57605743000297,15.496938857914925,detour_factor_1.35,4.5,1.35,0,0,0,0,0,0,0,0,0,278.9448994424686,0.0,False,False,0.04561863265254153,0.045332230911393795,0.045332230911393795,0.0,0.09095086356393532,0.09095086356393532,0.04561863265254153
06037185320,39.42853911976705,15.337133242018604,66.6458972771322,2.190474395542614,0.8520629578899225,detour_factor_1.35,4.5,1.35,0,0,0,0,8,0,1,13,0,39.42853911976705,,False,True,0.4650546337741161,0.0,0.0,0.0,0.4650546337741161,0.4650546337741161,0.4650546337741161
06037139801,105.44676833644034,279.47525528802703,102.99651375716043,5.858153796468907,15.526403071557057,detour_factor_1.35,4.5,1.35,0,0,0,0,0,0,0,0,0,105.44676833644034,,False,False,0.0455360049242786,0.06908061038822365,0.06908061038822365,0.0,0.11461661531250225,0.11461661531250225,0.0455360049242786
06037135102,221.51951700117945,403.4092048969848,125.4300192896725,12.306639833398856,22.411622494276934,detour_factor_1.35,4.5,1.35,0,0,0,0,0,0,0,0,0,403.4092048969848,0.0,False,False,0.0319941741247554,0.03126792416934916,0.06409267504180743,0.0,0.06326209829410456,0.09608684916656283,0.0319941741247554
06037139702,68.98238290100761,221.33087327766765,68.97954088532258,3.832354605611534,12.29615962653709,detour_factor_1.35,4.5,1.35,0,0,0,0,0,0,0,0,0,68.98238290100761,,False,False,0.056818777460321344,0.07127958112047394,0.10516479388132163,0.0,0.1280983585807953,0.16198357134164298,0.056818777460321344
06037700300,99.93082789421126,52.52017616191835,98.33411258163262,5.551712660789515,2.9177875645510194,detour_factor_1.35,4.5,1.35,0,0,0,0,0,0,0,0,0,99.93082789421126,,False,False,0.2024695940357548,0.0,0.0,0.0,0.2024695940357548,0.2024695940357548,0.2024695940357548
06037113213,256.13029618797725,417.7097270053954,13.981304243848797,14.22946089933207,23.206095944744188,detour_factor_1.35,4.5,1.35,0,0,1,0,0,1,0,0,1,417.7097270053954,0.0,False,False,0.030932717772687336,0.025986401025452736,0.4572060428335167,0.0,0.05691911879814007,0.48813876060620404,0.030932717772687336
06037530301,158.831748671176,9.450865048557537,9.839770244638013,8.823986037287556,0.5250480582531964,detour_factor_1.35,4.5,1.35,0,8,1,0,12,1,0,12,1,158.831748671176,,False,False,0.5852008971239828,0.0,0.0,0.0,0.5852008971239828,0.5852008971239828,0.5852008971239828
06037530302,163.6505665147155,13.325665788915357,15.96140106463073,9.091698139706416,0.7403147660508531,detour_factor_1.35,4.5,1.35,0,3,0,0,8,1,0,12,1,13.325665788915357,0.0,True,True,0.5001438078073153,0.0,0.0,0.0,0.5001438078073153,0.5001438078073153,0.5001438078073153
06037532002,131.7096227485216,84.29887297549432,87.17519264128923,7.317201263806755,4.683270720860795,detour_factor_1.35,4.5,1.35,0,0,0,0,0,0,0,0,0,84.29887297549432,0.0,False,False,0.13656695712844674,0.0,0.0,0.0,0.13656695712844674,0.13656695712844674,0.13656695712844674
06037532101,113.72146057945328,97.93858538248595,101.12711980129328,6.317858921080736,5.44103252124922,detour_factor_1.35,4.5,1.35,0,0,0,0,0,0,0,0,0,97.93858538248595,0.0,False,False,0.11982657877398283,0.0,0.0,0.0,0.11982657877398283,0.11982657877398283,0.11982657877398283
06037138000,183.34975894663253,309.7258995526115,174.25167508539124,10.186097719257363,17.206994419589524,detour_factor_1.35,4.5,1.35,0,0,0,0,0,0,0,0,0,309.7258995526115,0.0,False,False,0.04127210113830931,0.02980678435327997,0.02980678435327997,0.0,0.07107888549158928,0.07107888549158928,0.04127210113830931
06037481714,138.71678416160898,73.97925633870221,75.59103512840339,7.706488008978275,4.1099586854834556,detour_factor_1.35,4.5,1.35,0,0,0,0,0,0,0,0,0,73.97925633870221,0.0,False,False,0.15270802736943365,0.0,0.0,0.0,0.15270802736943365,0.15270802736943365,0.15270802736943365
06037481800,156.5430592911101,66.75441232016834,67.55288461366308,8.696836627283894,3.7085784622315745,detour_factor_1.35,4.5,1.35,0,0,0,0,0,0,0,0,0,66.75441232016834,0.0,False,False,0.16648406350479364,0.0,0.0,0.0,0.16648406350479364,0.16648406350479364,0.16648406350479364
06037433200,60.719226892941656,141.96636632490168,17.496622181868833,3.3732903829412026,7.887020351383427,detour_factor_1.35,4.5,1.35,0,0,0,0,0,1,0,0,1,60.719226892941656,,False,False,0.08585549980248343,0.34662431116444137,0.34662431116444137,0.34662431116444137,0.4324798109669248,0.4324798109669248,0.4324798109669248
06037433302,78.4847428949022,142.22405681438198,48.542593110204216,4.360263494161233,7.901336489687886,detour_factor_1.35,4.5,1.35,0,0,0,0,0,0,0,0,0,78.4847428949022,,False,False,0.08571327482848723,0.1297717142407293,0.1297717142407293,0.1297717142407293,0.21548498906921654,0.21548498906921654,0.21548498906921654
06037433501,42.218796970937774,153.5656201764488,62.522330973581624,2.345488720607654,8.531423343136042,detour_factor_1.35,4.5,1.35,0,0,0,0,0,0,1,0,0,153.5656201764488,0.0,False,False,0.07988865749569755,0.09588375785599128,0.09588375785599128,0.09588375785599128,0.17577241535168883,0.17577241535168883,0.17577241535168883
06037433402,47.44666265534368,156.38458138235492,34.8586084384798,2.635925703074649,8.688032299019717,detour_factor_1.35,4.5,1.35,0,0,0,0,0,0,0,0,1,47.44666265534368,,False,False,0.07856173201084492,0.1981096956827334,0.1981096956827334,0.1981096956827334,0.27667142769357833,0.27667142769357833,0.27667142769357833
06037433700,17.09597268197606,159.19091909315796,72.5208803055625,0.9497762601097812,8.843939949619886,detour_factor_1.35,4.5,1.35,0,0,0,1,0,0,1,0,0,159.19091909315796,0.0,False,False,0.07728382036615036,0.07801820580362556,0.07801820580362556,0.07801820580362556,0.15530202616977593,0.15530202616977593,0.15530202616977593
06037433801,29.50707579967103,178.07040013608867,56.75660162825494,1.6392819888706125,9.892800007560481,detour_factor_1.35,4.5,1.35,0,0,0,1,0,0,1,0,0,29.50707579967103,,True,True,0.06966077981683372,0.12057100368589693,0.12057100368589693,0.12057100368589693,0.19023178350273065,0.19023178350273065,0.19023178350273065
06037433601,68.91632836442469,144.83321095138479,69.50894568594005,3.828684909134705,8.046289497299155,detour_factor_1.35,4.5,1.35,0,0,0,0,0,0,0,0,0,144.83321095138479,0.0,False,False,0.08429932760832018,0.07664908534192366,0.07664908534192366,0.07664908534192366,0.16094841295024384,0.16094841295024384,0.16094841295024384
06037134710,165.39000149665907,343.1269430913264,96.96529256704463,9.188333416481058,19.06260794951813,detour_factor_1.35,4.5,1.35,0,0,0,0,0,0,0,0,0,343.1269430913264,0.0,False,False,0.03740482240284472,0.05222516313234518,0.0834791253752177,0.0,0.0896299855351899,0.12088394777806243,0.03740482240284472
06037134520,192.68612405866224,373.5009987978028,105.07749909755819,10.704784669925681,20.750055488766822,detour_factor_1.35,4.5,1.35,0,0,0,0,0,0,0,0,0,373.5009987978028,0.0,False,False,0.03446781277110987,0.03994870866173546,0.07813449784194243,0.0,0.07441652143284533,0.1126023106130523,0.03446781277110987
06037134720,149.54769489027223,326.31477370807704,104.54927910595288,8.30820527168179,18.128598539337613,detour_factor_1.35,4.5,1.35,0,0,0,0,0,0,0,0,0,326.31477370807704,0.0,False,False,0.0392563157483098,0.061646567652685516,0.0738505543611432,0.0,0.10090288340099532,0.113106870109453,0.0392563157483098
06037134800,148.3274418777362,328.3598441947931,117.85380077889691,8.240413437652009,18.24221356637739,detour_factor_1.35,4.5,1.35,0,0,0,0,0,0,0,0,0,328.3598441947931,0.0,False,False,0.03902136246848476,0.0605376631922871,0.06261462053825356,0.0,0.09955902566077186,0.10163598300673832,0.03902136246848476
06037134901,125.3237473621487,307.1911855916156,100.93810236759519,6.9624304090082605,17.066176977311976,detour_factor_1.35,4.5,1.35,0,0,0,0,0,0,0,0,0,307.1911855916156,0.0,False,False,0.04159848169510971,0.07508276284818426,0.07508276284818426,0.0,0.11668124454329397,0.11668124454329397,0.04159848169510971
06037135111,208.22136601840663,390.0995689416335,116.19193567997452,11.567853667689256,21.67219827453519,detour_factor_1.35,4.5,1.35,0,0,0,0,0,0,0,0,0,390.0995689416335,0.0,False,False,0.03304969242257233,0.034832829970516954,0.0698903241078193,0.0,0.06788252239308928,0.10294001653039163,0.03304969242257233
06037135201,235.14046812518345,410.2574167947149,131.19287693299637,13.063359340287969,22.792078710817496,detour_factor_1.35,4.5,1.35,0,0,0,0,0,0,0,0,0,410.2574167947149,0.0,False,False,0.031476922782904884,0.02785549125007572,0.06077854637222595,0.0,0.059332414032980604,0.09225546915513083,0.031476922782904884
06037408628,84.28310495203529,292.98210901156995,165.72111662871674,4.682394719557515,16.276783833976104,detour_factor_1.35,4.5,1.35,0,0,0,0,0,0,0,0,0,292.98210901156995,0.0,False,False,0.04352811347434565,0.03093713067992855,0.03093713067992855,0.009638559971037047,0.0744652441542742,0.0744652441542742,0.0531666734453827
06037408705,133.23690819733542,274.96174964609315,59.9719307002928,7.402050455407523,15.275652758116284,detour_factor_1.35,4.5,1.35,0,0,0,0,0,0,0,0,0,133.23690819733542,,False,False,0.046248909955515394,0.13563889181568003,0.13563889181568003,6.36762024824461e-05,0.18188780177119543,0.18188780177119543,0.04631258615799784
06037408703,149.95438669372373,321.4626989010219,104.22826543148233,8.33079926076243,17.85903882783455,detour_factor_1.35,4.5,1.35,0,0,0,0,0,0,0,0,0,149.95438669372373,,False,False,0.0398252429825694,0.07359047672031534,0.07359047672031534,0.0038115353218973747,0.11341571970288473,0.11341571970288473,0.04363677830446677
06037406602,62.3380698544428,147.66721749569075,175.2411083453671,3.4632261030245997,8.203734305316152,detour_factor_1.35,4.5,1.35,0,0,0,0,0,0,0,0,0,147.66721749569075,0.0,False,False,0.08281545165328522,0.0,0.0,0.0,0.08281545165328522,0.08281545165328522,0.08281545165328522
06037408800,65.43927451292808,73.19806726659573,25.38621873660588,3.6355152507182256,4.066559292588652,detour_factor_1.35,4.5,1.35,0,0,0,0,0,1,0,0,1,65.43927451292808,,False,False,0.15408664647621875,0.19026995427291446,0.19026995427291446,0.19026995427291446,0.3443566007491332,0.3443566007491332,0.3443566007491332
06037232600,47.15995680780171,53.59745647777549,30.56411791753079,2.6199976004334284,2.9776364709875267,detour_factor_1.35,4.5,1.35,0,0,0,0,0,0,0,0,1,47.15995680780171,,False,False,0.19921075742513256,0.10452745409736136,0.10452745409736136,0.10452745409736136,0.3037382115224939,0.3037382115224939,0.3037382115224939
06037232500,58.410539106293754,33.754385366351165,51.62894163319925,3.245029950349653,1.8752436314639533,detour_factor_1.35,4.5,1.35,0,0,0,0,0,0,0,8,0,58.410539106293754,,False,False,0.28315946708674744,0.0,0.0,0.0,0.28315946708674744,0.28315946708674744,0.28315946708674744
06037232800,41.45518336072373,52.59860774783758,9.218853406275796,2.303065742262429,2.9221448748798657,detour_factor_1.35,4.5,1.35,0,0,1,0,0,1,1,0,1,52.59860774783758,0.0,False,False,0.2022287394347793,0.388992568160886,0.388992568160886,0.388992568160886,0.5912213075956653,0.5912213075956653,0.5912213075956653
06037232700,40.162311935489704,50.765546435732894,12.529359657050543,2.23123955197165,2.820308135318494,detour_factor_1.35,4.5,1.35,0,0,1,0,0,1,2,0,1,50.765546435732894,0.0,False,False,0.20801195561248997,0.30753116042306206,0.30753116042306206,0.30753116042306206,0.515543116035552,0.515543116035552,0.515543116035552
06037234300,70.2574336394901,7.7011613470645885,85.95132225199389,3.90319075774945,0.4278422970591438,detour_factor_1.35,4.5,1.35,0,8,0,0,8,0,0,28,0,70.2574336394901,,False,False,0.6338794221550131,0.0,0.0,0.0,0.6338794221550131,0.6338794221550131,0.6338794221550131
06037234700,70.10025791172764,5.208580193849627,54.25841788494715,3.8944587728737576,0.2893655663249793,detour_factor_1.35,4.5,1.35,0,4,0,0,8,0,0,12,0,70.10025791172764,,False,False,0.7190915497360235,0.0,0.0,0.0,0.7190915497360235,0.7190915497360235,0.7190915497360235
06037234800,63.33369773724794,18.211135018638238,55.06570517398998,3.5185387631804406,1.0117297232576798,detour_factor_1.35,4.5,1.35,0,0,0,0,8,0,0,8,0,63.33369773724794,,False,False,0.42268372332545534,0.0,0.0,0.0,0.42268372332545534,0.42268372332545534,0.42268372332545534
06037235100,65.41116114752609,24.12064785601972,36.710587194374106,3.6339533970847824,1.3400359920010954,detour_factor_1.35,4.5,1.35,0,0,0,0,8,0,0,16,1,65.41116114752609,,False,False,0.35599241816043753,0.0,0.0,0.0,0.35599241816043753,0.35599241816043753,0.35599241816043753
06037234600,78.07654690058637,9.60798169213403,62.92278725766943,4.337585938921464,0.5337767606741128,detour_factor_1.35,4.5,1.35,0,4,0,0,8,0,0,16,0,78.07654690058637,,False,False,0.5811930710393837,0.0,0.0,0.0,0.5811930710393837,0.5811930710393837,0.5811930710393837
06037234000,57.21308964840875,22.170354473542925,83.11185883319965,3.1785049804671526,1.2316863596412735,detour_factor_1.35,4.5,1.35,0,0,0,0,13,0,0,20,0,57.21308964840875,,False,False,0.37554784184281187,0.0,0.0,0.0,0.37554784184281187,0.37554784184281187,0.37554784184281187
06037235202,40.893526373861306,9.528331796606276,34.377245323763475,2.271862576325628,0.5293517664781264,detour_factor_1.35,4.5,1.35,0,4,0,0,5,0,1,12,1,40.893526373861306,,False,True,0.5832179439927153,0.0,0.0,0.0,0.5832179439927153,0.5832179439927153,0.5832179439927153
06037235201,50.60078435431783,22.234885985347372,49.29164712419069,2.8111546863509904,1.2352714436304095,detour_factor_1.35,4.5,1.35,0,0,0,0,5,0,0,8,0,50.60078435431783,,False,False,0.374866484427309,0.0,0.0,0.0,0.374866484427309,0.374866484427309,0.374866484427309
06037703100,84.84078616314457,40.2992943700841,52.27283284279308,4.713377009063587,2.238849687226894,detour_factor_1.35,4.5,1.35,0,0,0,0,0,0,0,11,0,84.84078616314457,,False,False,0.24860488669444294,0.0,0.0,0.0,0.24860488669444294,0.24860488669444294,0.24860488669444294
06037700600,82.90785100986052,70.6002675365743,69.44689787689593,4.605991722770028,3.9222370853652384,detour_factor_1.35,4.5,1.35,0,0,0,0,0,0,0,0,0,82.90785100986052,,False,False,0.15885572875634457,0.0022133228566172947,0.0022133228566172947,0.0,0.16106905161296187,0.16106905161296187,0.15885572875634457
06037703200,89.78591193763788,17.259797554055467,63.29247989391415,4.988106218757659,0.9588776418919703,detour_factor_1.35,4.5,1.35,0,0,0,0,12,0,0,12,0,89.78591193763788,,False,False,0.435827682443239,0.0,0.0,0.0,0.435827682443239,0.435827682443239,0.435827682443239
06037701502,46.83620529420697,11.775657056068535,100.55004386807009,2.6020114052337204,0.6542031697815852,detour_factor_1.35,4.5,1.35,0,4,0,0,13,0,0,16,0,46.83620529420697,,False,False,0.5310182976915366,0.0,0.0,0.0,0.5310182976915366,0.5310182976915366,0.5310182976915366
06037620002,114.83435494680211,29.349684798495293,66.5392215148962,6.37968638593345,1.6305380443608495,detour_factor_1.35,4.5,1.35,0,0,0,0,4,0,0,9,0,114.83435494680211,,False,False,0.31238028417186126,0.0,0.0,0.0,0.31238028417186126,0.31238028417186126,0.31238028417186126
06037533701,169.593951699655,90.22060632146523,99.13894583228341,9.421886205536389,5.012255906748067,detour_factor_1.35,4.5,1.35,0,0,0,0,0,0,0,0,0,169.593951699655,,False,False,0.12875737396163356,0.0,0.0,0.0,0.12875737396163356,0.12875737396163356,0.12875737396163356
06037191000,48.6421493912144,5.852336133861384,81.73071056363663,2.7023416328452448,0.32512978521452135,detour_factor_1.35,4.5,1.35,0,4,0,0,11,0,0,11,0,8.852336133861385,3.0,True,True,0.6949631523743175,0.0,0.0,0.0,0.6949631523743175,0.6949631523743175,0.6949631523743175
06037533107,135.01236791398475,43.176348629141515,108.24223214962025,7.500687106332485,2.398686034952306,detour_factor_1.35,4.5,1.35,0,0,0,0,0,0,0,3,0,135.01236791398475,,False,False,0.23594776806897105,0.0,0.0,0.0,0.23594776806897105,0.23594776806897105,0.23594776806897105
06037534302,210.32153964239492,87.28183635177164,138.34835197874003,11.684529980133052,4.848990908431758,detour_factor_1.35,4.5,1.35,0,0,0,0,0,0,0,0,0,210.32153964239492,,False,False,0.13251812201939955,0.0,0.0,0.0,0.13251812201939955,0.13251812201939955,0.13251812201939955
06037532500,111.66313184692739,34.62700587683027,95.42696473198401,6.203507324829299,1.9237225487127925,detour_factor_1.35,4.5,1.35,0,0,0,0,0,0,0,7,0,111.66313184692739,,False,False,0.27800748603770875,0.0,0.0,0.0,0.27800748603770875,0.27800748603770875,0.27800748603770875
06037534404,180.98659288970376,88.14417375029521,147.09978929692315,10.054810716094654,4.896898541683067,detour_factor_1.35,4.5,1.35,0,0,0,0,0,0,0,0,0,180.98659288970376,,False,False,0.13139200712080176,0.0,0.0,0.0,0.13139200712080176,0.13139200712080176,0.13139200712080176
06037481201,92.99543045728358,102.35149132275941,71.26878033648303,5.16641280318242,5.686193962375523,detour_factor_1.35,4.5,1.35,0,0,0,0,0,0,0,0,0,92.99543045728358,,False,False,0.11525568174538535,0.042344793644277276,0.042344793644277276,0.042344793644277276,0.15760047538966263,0.15760047538966263,0.15760047538966263
06037533401,150.79054670816728,79.54842258543368,101.91519549677591,8.377252594898183,4.4193568103018706,detour_factor_1.35,4.5,1.35,0,0,0,0,0,0,0,0,0,150.79054670816728,,False,False,0.14355169324096828,0.0,0.0,0.0,0.14355169324096828,0.14355169324096828,0.14355169324096828
06037123206,87.65130568328631,51.05471714034442,53.18965942437356,4.869516982404795,2.8363731744635787,detour_factor_1.35,4.5,1.35,0,0,0,0,0,0,0,0,0,51.05471714034442,0.0,False,False,0.20707776109456966,0.0,0.0,0.0,0.20707776109456966,0.20707776109456966,0.20707776109456966
06037534201,222.297651010425,97.13074374627868,125.79665833090831,12.349869500579164,5.396152430348816,detour_factor_1.35,4.5,1.35,0,0,0,0,0,0,0,0,0,222.297651010425,,False,False,0.12070288989717382,0.0,0.0,0.0,0.12070288989717382,0.12070288989717382,0.12070288989717382
06037534900,115.96511421315668,12.992022478036972,81.09551044665751,6.442506345175371,0.7217790265576095,detour_factor_1.35,4.5,1.35,0,3,0,0,7,0,0,11,0,115.96511421315668,,False,False,0.5064825497087668,0.0,0.0,0.0,0.5064825497087668,0.5064825497087668,0.5064825497087668
06037430801,33.315955566359165,11.003163148098775,122.10414164855777,1.8508864203532869,0.611286841561043,detour_factor_1.35,4.5,1.35,0,4,0,0,4,0,1,7,0,33.315955566359165,,False,True,0.5478739860318924,0.0,0.0,0.0,0.5478739860318924,0.5478739860318924,0.5478739860318924
06037430724,32.55215539469323,56.04224909687345,106.99281999783345,1.808453077482957,3.1134582831596362,detour_factor_1.35,4.5,1.35,0,0,0,0,0,0,1,0,0,32.55215539469323,,False,True,0.19219057867725914,0.0,0.0,0.0,0.19219057867725914,0.19219057867725914,0.19219057867725914
06037403304,157.8912528775123,249.78797132220112,27.273313775701595,8.771736270972903,13.87710951790006,detour_factor_1.35,4.5,1.35,0,0,0,0,0,1,0,0,1,157.8912528775123,,False,False,0.05067371245665068,0.2776797538497729,0.2776797538497729,0.0021641279387587253,0.3283534663064236,0.3283534663064236,0.052837840395409404
06037403321,143.2643299007217,162.17946563507513,117.17260350497966,7.959129438928984,9.009970313059728,detour_factor_1.35,4.5,1.35,0,0,0,0,0,0,0,0,0,143.2643299007217,,False,False,0.0759678690767918,0.026198619715609467,0.026198619715609467,0.026198619715609467,0.10216648879240127,0.10216648879240127,0.10216648879240127
06037403318,110.27910099932154,126.71017890032334,80.4366347816246,6.12661672218453,7.039454383351296,detour_factor_1.35,4.5,1.35,0,0,0,0,0,0,0,0,0,110.27910099932154,,False,False,0.0952085042760655,0.04698343202690136,0.04698343202690136,0.04698343202690136,0.14219193630296686,0.14219193630296686,0.14219193630296686
06037403317,104.75583950750125,123.57903536681681,87.41413639627129,5.819768861527847,6.865501964823155,detour_factor_1.35,4.5,1.35,0,0,0,0,0,0,0,0,0,123.57903536681681,0.0,False,False,0.09738589332666123,0.034958207911003264,0.034958207911003264,0.034958207911003264,0.1323441012376645,0.1323441012376645,0.1323441012376645
06037403320,168.46763698387844,187.5899894541697,93.9718413603488,9.359313165771022,10.421666080787206,detour_factor_1.35,4.5,1.35,0,0,0,0,0,0,0,0,0,187.5899894541697,0.0,False,False,0.06636030674962855,0.057895894047725605,0.057895894047725605,0.017322787584034396,0.12425620079735415,0.12425620079735415,0.08368309433366294
06037195500,51.41018560559041,45.3293862749541,70.65789592688256,2.8561214225328,2.51829923749745,detour_factor_1.35,4.5,1.35,0,0,0,0,0,0,0,0,0,49.3293862749541,4.0,False,False,0.2272880190752305,0.0,0.0,0.0,0.2272880190752305,0.2272880190752305,0.2272880190752305
06037195720,39.56747478067458,39.94308175711475,52.31949926625865,2.19819304337081,2.219060097617486,detour_factor_1.35,4.5,1.35,0,0,0,0,0,0,1,6,0,39.56747478067458,,False,True,0.2502670893057867,0.0,0.0,0.0,0.2502670893057867,0.2502670893057867,0.2502670893057867
06037195710,47.6338593940292,37.94400645926998,46.196095787792984,2.6463255218905113,2.108000358848332,detour_factor_1.35,4.5,1.35,0,0,0,0,0,0,0,11,0,47.6338593940292,,False,False,0.26002388944632127,0.0,0.0,0.0,0.26002388944632127,0.26002388944632127,0.26002388944632127
06037197410,44.40530904598988,55.01478248522558,80.52832093988926,2.466961613666104,3.0563768047347546,detour_factor_1.35,4.5,1.35,0,0,0,0,0,0,1,0,0,44.40530904598988,,False,True,0.19507974980215717,0.0,0.0,0.0,0.19507974980215717,0.19507974980215717,0.19507974980215717
06037195802,62.54799311110745,23.77406410953128,35.945187160328864,3.474888506172636,1.3207813394184045,detour_factor_1.35,4.5,1.35,0,0,0,0,3,0,0,16,1,29.77406410953128,6.0,True,True,0.3593173936238205,0.0,0.0,0.0,0.3593173936238205,0.3593173936238205,0.3593173936238205
06037197300,26.411892292434995,44.82831018673815,59.255250494136206,1.4673273495797219,2.4904616770410084,detour_factor_1.35,4.5,1.35,0,0,0,1,0,0,1,4,0,26.411892292434995,,True,True,0.22924615823024364,0.0,0.0,0.0,0.22924615823024364,0.22924615823024364,0.22924615823024364
06037197200,34.06265227191066,28.1112054093142,67.4938000027077,1.892369570661703,1.5617336338507888,detour_factor_1.35,4.5,1.35,0,0,0,0,4,0,1,8,0,34.06265227191066,,False,True,0.3217150856986853,0.0,0.0,0.0,0.3217150856986853,0.3217150856986853,0.3217150856986853
06037542502,85.9531624185781,10.642975435959004,111.81575246380838,4.775175689921006,0.5912764131088335,detour_factor_1.35,4.5,1.35,0,3,0,0,3,0,0,6,0,85.9531624185781,,False,False,0.5561045055613398,0.0,0.0,0.0,0.5561045055613398,0.5561045055613398,0.5561045055613398
06037543703,118.64048053276456,127.40087781250872,134.47768882220558,6.591137807375809,7.077826545139373,detour_factor_1.35,4.5,1.35,0,0,0,0,0,0,0,0,0,118.64048053276456,,False,False,0.0947412375766691,0.0,0.0,0.0,0.0947412375766691,0.0947412375766691,0.0947412375766691
06037571000,157.46562547773163,148.12558591027317,149.014259065464,8.748090304318424,8.229199217237399,detour_factor_1.35,4.5,1.35,0,0,0,0,0,0,0,0,0,157.46562547773163,,False,False,0.08258034548847823,0.0,0.0,0.0,0.08258034548847823,0.08258034548847823,0.08258034548847823
06037570204,179.6667847263595,86.65877085509756,149.1886148195495,9.981488040353305,4.814376158616531,detour_factor_1.35,4.5,1.35,0,0,0,0,0,0,0,0,0,179.6667847263595,,False,False,0.133343861913409,0.0,0.0,0.0,0.133343861913409,0.133343861913409,0.133343861913409
06037570303,119.15664993581936,41.486874434520026,160.04415390459312,6.619813885323298,2.3048263574733348,detour_factor_1.35,4.5,1.35,0,0,0,0,0,0,0,3,0,119.15664993581936,,False,False,0.2432193141221916,0.0,0.0,0.0,0.2432193141221916,0.2432193141221916,0.2432193141221916
06037555104,172.88960320102754,169.69565691624604,134.5387581634542,9.604977955612641,9.427536495347002,detour_factor_1.35,4.5,1.35,0,0,0,0,0,0,0,0,0,169.69565691624604,0.0,False,False,0.07284820462131121,0.017319812875235777,0.017319812875235777,0.017319812875235777,0.09016801749654699,0.09016801749654699,0.09016801749654699
06037570502,161.0498239722888,83.91631044862599,166.28553701410166,8.947212442904933,4.662017247145888,detour_factor_1.35,4.5,1.35,0,0,0,0,0,0,0,0,0,161.0498239722888,,False,False,0.13710418686188325,0.0,0.0,0.0,0.13710418686188325,0.13710418686188325,0.13710418686188325
06037570402,106.38497295451786,41.27428725167575,145.79445029461985,5.910276275250992,2.2930159584264302,detour_factor_1.35,4.5,1.35,0,0,0,0,0,0,0,5,0,106.38497295451786,,False,False,0.2441661656467341,0.0,0.0,0.0,0.2441661656467341,0.2441661656467341,0.2441661656467341
06037570501,139.9723484391787,66.35682568693844,179.5976171288103,7.776241579954372,3.686490315941024,detour_factor_1.35,4.5,1.35,0,0,0,0,0,0,0,0,0,139.9723484391787,,False,False,0.16731467846539957,0.0,0.0,0.0,0.16731467846539957,0.16731467846539957,0.16731467846539957
06037570603,168.3367132009734,83.40360734318548,178.29330932612908,9.3520396222763,4.633533741288082,detour_factor_1.35,4.5,1.35,0,0,0,0,0,0,0,0,0,168.3367132009734,,False,False,0.13783083525371154,0.0,0.0,0.0,0.13783083525371154,0.13783083525371154,0.13783083525371154
06037570301,125.67438403796304,57.30065213939584,164.3403497253036,6.981910224331279,3.1833695632997685,detour_factor_1.35,4.5,1.35,0,0,0,0,0,0,0,0,0,125.67438403796304,,False,False,0.1887665440948558,0.0,0.0,0.0,0.1887665440948558,0.1887665440948558,0.1887665440948558
06037570602,150.86775276421304,65.27048422967857,170.97016799172243,8.381541820234057,3.6261380127599208,detour_factor_1.35,4.5,1.35,0,0,0,0,0,0,0,0,0,150.86775276421304,,False,False,0.16962704543764442,0.0,0.0,0.0,0.16962704543764442,0.16962704543764442,0.16962704543764442
06037570304,117.5736629551041,35.4281895152984,159.02153617878326,6.53187016417245,1.9682327508499107,detour_factor_1.35,4.5,1.35,0,0,0,0,0,0,0,3,0,117.5736629551041,,False,False,0.2734396416355457,0.0,0.0,0.0,0.2734396416355457,0.2734396416355457,0.2734396416355457
06037504102,279.88886481805423,115.30851391084647,25.572546882314473,15.54938137878079,6.406028550602582,detour_factor_1.35,4.5,1.35,0,0,0,0,0,1,0,0,1,115.30851391084647,0.0,False,False,0.10364693619506912,0.23906047099965907,0.23906047099965907,0.23906047099965907,0.3427074071947282,0.3427074071947282,0.3427074071947282
06037480002,75.90339247512262,53.22288448072367,122.88335670360924,4.216855137506812,2.956826915595759,detour_factor_1.35,4.5,1.35,0,0,0,0,0,0,0,0,0,75.90339247512262,,False,False,0.2003318964215131,0.0,0.0,0.0,0.2003318964215131,0.2003318964215131,0.2003318964215131
06037620102,136.3909066811377,52.54490418314999,79.51123441929144,7.577272593396538,2.9191613435083323,detour_factor_1.35,4.5,1.35,0,0,0,0,0,0,0,0,0,136.3909066811377,,False,False,0.2023935951534407,0.0,0.0,0.0,0.2023935951534407,0.2023935951534407,0.2023935951534407
06037293301,123.9219669338134,171.71990178581058,120.36442505596276,6.884553718545188,9.539994543656144,detour_factor_1.35,4.5,1.35,0,0,0,0,0,0,0,0,0,123.9219669338134,,False,False,0.07205133876610616,0.02767608743732977,0.02767608743732977,0.02767608743732977,0.09972742620343593,0.09972742620343593,0.09972742620343593
06037300100,194.92040830439578,235.81226908919717,274.8579401060369,10.828911572466431,13.100681616066508,detour_factor_1.35,4.5,1.35,0,0,0,0,0,0,0,0,0,235.81226908919717,0.0,False,False,0.05351622988199926,0.0,0.0,0.0,0.05351622988199926,0.05351622988199926,0.05351622988199926
06037300501,171.7931284771671,213.91578231881505,248.02658903695115,9.544062693175949,11.884210128823058,detour_factor_1.35,4.5,1.35,0,0,0,0,0,0,0,0,0,213.91578231881505,0.0,False,False,0.05867276224626875,0.0,0.0,0.0,0.05867276224626875,0.05867276224626875,0.05867276224626875
06037101400,188.7722847924724,199.89436307612633,201.7084049332148,10.487349155137354,11.105242393118127,detour_factor_1.35,4.5,1.35,0,0,0,0,0,0,0,0,0,199.89436307612633,0.0,False,False,0.06253096364990704,0.0,0.0,0.0,0.06253096364990704,0.06253096364990704,0.06253096364990704
06037910210,908.7026873338812,932.3035022949811,657.7622504363914,50.48348262966006,51.79463901638783,detour_factor_1.35,4.5,1.35,0,0,0,0,0,0,0,0,0,908.7026873338812,,False,False,0.014099845554846852,0.005768163795529746,0.005768163795529746,0.0,0.019868009350376598,0.019868009350376598,0.014099845554846852
06037480303,120.84825026827691,52.2456426116635,125.84036247949913,6.713791681570939,2.902535700647972,detour_factor_1.35,4.5,1.35,0,0,0,0,0,0,0,0,0,120.84825026827691,,False,False,0.20331719337179682,0.0,0.0,0.0,0.20331719337179682,0.20331719337179682,0.20331719337179682
06037463602,36.98492883299042,3.8640714064762536,214.71097122235008,2.0547182684994674,0.21467063369312517,detour_factor_1.35,4.5,1.35,0,6,0,0,11,0,1,15,0,36.98492883299042,,False,True,0.7753107829385751,0.0,0.0,0.0,0.7753107829385751,0.7753107829385751,0.7753107829385751
06037463601,49.66258977942393,18.71535419011642,211.95430872816763,2.7590327655235516,1.0397418994509122,detour_factor_1.35,4.5,1.35,0,0,0,0,15,0,0,18,0,49.66258977942393,,False,False,0.41603367762181986,0.0,0.0,0.0,0.41603367762181986,0.41603367762181986,0.41603367762181986
06037462302,62.283056231545736,9.107545347903407,209.50068173055388,3.4601697906414297,0.5059747415501893,detour_factor_1.35,4.5,1.35,0,4,0,0,7,0,0,15,0,19.107545347903407,10.0,True,True,0.5941537995337764,0.0,0.0,0.0,0.5941537995337764,0.5941537995337764,0.5941537995337764
06037462301,62.424419432788795,9.300250522497686,217.15492057678796,3.4680233018215993,0.5166805845832048,detour_factor_1.35,4.5,1.35,0,4,0,0,7,0,0,15,0,19.300250522497684,10.0,True,True,0.5890950994885553,0.0,0.0,0.0,0.5890950994885553,0.5890950994885553,0.5890950994885553
06037462202,45.69144550211418,9.089262549055105,221.59434305403883,2.5384136390063428,0.5049590305030613,detour_factor_1.35,4.5,1.35,0,4,0,0,12,0,0,18,0,45.69144550211418,,False,False,0.5946382570184856,0.0,0.0,0.0,0.5946382570184856,0.5946382570184856,0.5946382570184856
06037462201,46.07618669223628,9.912577529771117,229.88384019093516,2.559788149568682,0.5506987516539509,detour_factor_1.35,4.5,1.35,0,4,0,0,8,0,0,15,0,46.07618669223628,,False,False,0.5735775815305132,0.0,0.0,0.0,0.5735775815305132,0.5735775815305132,0.5735775815305132
06037462002,32.50462024959904,31.535835229124885,255.89357052258828,1.8058122360888356,1.7519908460624933,detour_factor_1.35,4.5,1.35,0,0,0,0,0,0,2,10,0,31.535835229124885,0.0,False,True,0.29716024968845217,0.0,0.0,0.0,0.29716024968845217,0.29716024968845217,0.29716024968845217
06037462001,39.71550127772712,29.324024005372724,249.06502949360393,2.2064167376515065,1.629112444742929,detour_factor_1.35,4.5,1.35,0,0,0,0,2,0,2,12,0,39.71550127772712,,False,True,0.31256819843443634,0.0,0.0,0.0,0.31256819843443634,0.31256819843443634,0.31256819843443634
06037461902,26.67406665525072,1.9700018462366082,230.48069008579836,1.4818925919583732,0.10944454701314489,detour_factor_1.35,4.5,1.35,0,8,0,1,12,0,2,15,0,1.9700018462366082,0.0,True,True,0.8712697707316394,0.0,0.0,0.0,0.8712697707316394,0.8712697707316394,0.8712697707316394
06037461901,25.484808125191243,11.348647567482308,240.3015802490092,1.4158226736217356,0.6304804204156838,detour_factor_1.35,4.5,1.35,0,4,0,1,12,0,2,15,0,11.348647567482308,0.0,True,True,0.5402051556118302,0.0,0.0,0.0,0.5402051556118302,0.5402051556118302,0.5402051556118302
06037461502,45.30131073140238,52.18789213905337,269.2155300487536,2.51673948507791,2.89932734105852,detour_factor_1.35,4.5,1.35,0,0,0,0,0,0,0,0,0,45.30131073140238,,False,False,0.2034963973461171,0.0,0.0,0.0,0.2034963973461171,0.2034963973461171,0.2034963973461171
06037186201,100.71701498633715,50.749161931093745,132.5925298633642,5.5953897214631745,2.8193978850607637,detour_factor_1.35,4.5,1.35,0,0,0,0,0,0,0,0,0,100.71701498633715,,False,False,0.20806513975954394,0.0,0.0,0.0,0.20806513975954394,0.20806513975954394,0.20806513975954394
06037183702,99.43959940821568,16.156200953441328,125.91789672400834,5.524422189345315,0.8975667196356292,detour_factor_1.35,4.5,1.35,0,0,0,0,4,0,0,9,0,99.43959940821568,,False,False,0.4521378060321898,0.0,0.0,0.0,0.4521378060321898,0.4521378060321898,0.4521378060321898
06037183701,94.40085370516255,7.815914675938917,129.16578147147223,5.2444918725090295,0.4342174819966065,detour_factor_1.35,4.5,1.35,0,4,0,0,4,0,0,9,0,94.40085370516255,,False,False,0.6304400670646887,0.0,0.0,0.0,0.6304400670646887,0.6304400670646887,0.6304400670646887
06037183402,100.15890132802679,48.099147997334896,142.14703343891213,5.564383407112599,2.672174888740827,detour_factor_1.35,4.5,1.35,0,0,0,0,0,0,0,0,0,100.15890132802679,,False,False,0.21704044903485104,0.0,0.0,0.0,0.21704044903485104,0.21704044903485104,0.21704044903485104
06037183401,95.44197460505043,33.85388512431946,136.96952803558733,5.302331922502801,1.8807713957955252,detour_factor_1.35,4.5,1.35,0,0,0,0,0,0,0,4,0,95.44197460505043,,False,False,0.2825623922990727,0.0,0.0,0.0,0.2825623922990727,0.2825623922990727,0.2825623922990727
06037183222,73.0664573491996,34.75082657905551,155.58608151826994,4.059247630511088,1.9306014766141948,detour_factor_1.35,4.5,1.35,0,0,0,0,0,0,0,4,0,73.0664573491996,,False,False,0.27729159368963024,0.0,0.0,0.0,0.27729159368963024,0.27729159368963024,0.27729159368963024
06037183221,68.55191241120473,27.320338702559795,155.42693047451652,3.8084395784002623,1.517796594586655,detour_factor_1.35,4.5,1.35,0,0,0,0,4,0,0,4,0,68.55191241120473,,False,False,0.3279736531932794,0.0,0.0,0.0,0.3279736531932794,0.3279736531932794,0.3279736531932794
06037143603,28.252823763248273,15.03928666783298,49.335775689084976,1.5696013201804597,0.8355159259907211,detour_factor_1.35,4.5,1.35,0,0,0,1,5,0,1,5,0,15.03928666783298,0.0,True,True,0.46993662667688924,0.0,0.0,0.0,0.46993662667688924,0.46993662667688924,0.46993662667688924
06037701701,56.4401116622424,9.790488589956666,74.21624042067802,3.1355617590134663,0.5439160327753704,detour_factor_1.35,4.5,1.35,0,5,0,0,9,0,0,19,0,56.4401116622424,,False,False,0.5766059511081159,0.0,0.0,0.0,0.5766059511081159,0.5766059511081159,0.5766059511081159
06037701100,30.983827613732856,51.639077117173166,18.915526769791242,1.721323756318492,2.8688376176207315,detour_factor_1.35,4.5,1.35,0,0,0,0,0,1,1,0,1,30.983827613732856,,False,True,0.20521530971196084,0.20823599649533897,0.20823599649533897,0.0,0.4134513062072998,0.4134513062072998,0.20521530971196084
06037701302,36.28269904486339,28.131207242051904,110.40561999722772,2.015705502492411,1.5628448467806613,detour_factor_1.35,4.5,1.35,0,0,0,0,8,0,1,11,0,36.28269904486339,,False,True,0.3215598954748447,0.0,0.0,0.0,0.3215598954748447,0.3215598954748447,0.3215598954748447
06037701601,38.86503686655373,28.20963117823347,73.3170392674754,2.1591687148085406,1.5672017321240816,detour_factor_1.35,4.5,1.35,0,0,0,0,5,0,1,9,0,38.86503686655373,,False,True,0.3209528614555404,0.0,0.0,0.0,0.3209528614555404,0.3209528614555404,0.3209528614555404
06037701801,72.75908281820142,7.754395260715045,75.86630817745205,4.042171267677856,0.43079973670639143,detour_factor_1.35,4.5,1.35,0,5,0,0,18,0,0,19,0,72.75908281820142,,False,False,0.6322792553910439,0.0,0.0,0.0,0.6322792553910439,0.6322792553910439,0.6322792553910439
06037701602,49.3111093416116,17.03106316341994,73.27524554370973,2.739506074533977,0.9461701757455522,detour_factor_1.35,4.5,1.35,0,0,0,0,9,0,0,19,0,49.3111093416116,,False,False,0.43911076364580487,0.0,0.0,0.0,0.43911076364580487,0.43911076364580487,0.43911076364580487
06037701501,39.448731626072174,19.1183083761775,100.27789262527774,2.191596201448454,1.062128243120972,detour_factor_1.35,4.5,1.35,0,0,0,0,11,0,1,16,0,39.448731626072174,,False,True,0.41086775987131774,0.0,0.0,0.0,0.41086775987131774,0.41086775987131774,0.41086775987131774
06037701702,54.191072967612705,5.10399544813782,101.28136066325439,3.0106151648673727,0.2835553026743233,detour_factor_1.35,4.5,1.35,0,4,0,0,16,0,0,16,0,54.191072967612705,,False,False,0.7231705574797175,0.0,0.0,0.0,0.7231705574797175,0.7231705574797175,0.7231705574797175
06037482001,138.50607582106062,39.475856727609965,39.96494887645887,7.694781990058924,2.193103151533887,detour_factor_1.35,4.5,1.35,0,0,0,0,0,0,0,12,1,138.50607582106062,,False,False,0.2524813070972361,0.0,0.0,0.0,0.2524813070972361,0.2524813070972361,0.2524813070972361
06037482002,157.34864087313778,31.272558984523627,31.593125413985714,8.741591159618764,1.7373643880290905,detour_factor_1.35,4.5,1.35,0,0,0,0,0,0,0,12,1,31.272558984523627,0.0,False,True,0.29891417121131403,0.0,0.0,0.0,0.29891417121131403,0.29891417121131403,0.29891417121131403
06037482101,143.25727338456733,56.21489944658007,57.85613887256195,7.9587374102537405,3.123049969254448,detour_factor_1.35,4.5,1.35,0,0,0,0,0,0,0,0,0,56.21489944658007,0.0,False,False,0.19171347423775525,0.0,0.0,0.0,0.19171347423775525,0.19171347423775525,0.19171347423775525
06037482201,124.22654615368327,72.0521189849312,74.3227510155204,6.901474786315737,4.002895499162844,detour_factor_1.35,4.5,1.35,0,0,0,0,0,0,0,0,0,72.0521189849312,0.0,False,False,0.1561546255401313,0.0,0.0,0.0,0.1561546255401313,0.1561546255401313,0.1561546255401313
06037482202,108.95853616072496,84.27121807382682,86.88721231202058,6.053252008929164,4.681734337434823,detour_factor_1.35,4.5,1.35,0,0,0,0,0,0,0,0,0,84.27121807382682,0.0,False,False,0.13660565148968265,0.0,0.0,0.0,0.13660565148968265,0.13660565148968265,0.13660565148968265
06037482102,137.8552640210118,47.81061449429046,50.055594025121344,7.658625778945099,2.6561452496828033,detour_factor_1.35,4.5,1.35,0,0,0,0,0,0,0,0,0,47.81061449429046,0.0,False,False,0.21806464592247934,0.0,0.0,0.0,0.21806464592247934,0.21806464592247934,0.21806464592247934
06037433802,17.77052687246879,159.66323242917204,95.4761404230595,0.9872514929149326,8.870179579398446,detour_factor_1.35,4.5,1.35,0,0,0,1,0,0,1,0,0,159.66323242917204,0.0,False,False,0.07707282092314893,0.04546552866196671,0.04546552866196671,0.04546552866196671,0.12253834958511564,0.12253834958511564,0.12253834958511564
06037433902,48.08255755496478,165.93993827350187,51.37231942840592,2.6712531974980434,9.218885459638992,detour_factor_1.35,4.5,1.35,0,0,0,0,0,0,0,0,0,48.08255755496478,,False,False,0.0743743515908758,0.13168698562226783,0.13168698562226783,0.13168698562226783,0.20606133721314362,0.20606133721314362,0.20606133721314362
06037128910,52.609328572842564,137.36427503100842,52.60363527022947,2.922740476269031,7.631348612833801,detour_factor_1.35,4.5,1.35,0,0,0,0,0,0,0,0,0,52.609328572842564,,False,False,0.08847740503682926,0.0441940086685504,0.11373591498244877,0.0,0.13267141370537966,0.20221332001927803,0.08847740503682926
06037500500,74.90628127854727,118.53528481616202,122.08005313197366,4.161460071030404,6.58529360089789,detour_factor_1.35,4.5,1.35,0,0,0,0,0,0,0,0,0,118.53528481616202,0.0,False,False,0.10111073825174802,0.0,0.0,0.0,0.10111073825174802,0.10111073825174802,0.10111073825174802
06037500402,84.64064229625005,140.26172506382724,143.69076109192247,4.702257905347224,7.792318059101513,detour_factor_1.35,4.5,1.35,0,0,0,0,0,0,0,0,0,140.26172506382724,0.0,False,False,0.08680834834449218,0.0,0.0,0.0,0.08680834834449218,0.08680834834449218,0.08680834834449218
06037128702,82.01069847839376,106.06731477255383,82.00559719442768,4.55614991546632,5.892628598475213,detour_factor_1.35,4.5,1.35,0,0,0,0,0,0,0,0,0,82.01069847839376,,False,False,0.11166885226208348,0.00043649887002475407,0.02818307663542921,0.0,0.11210535113210823,0.1398519288975127,0.11166885226208348
06037500600,89.77708502870419,118.00653374012542,121.43227716112453,4.98761583492801,6.5559185411180785,detour_factor_1.35,4.5,1.35,0,0,0,0,0,0,0,0,0,118.00653374012542,0.0,False,False,0.10151779220147955,0.0,0.0,0.0,0.10151779220147955,0.10151779220147955,0.10151779220147955
06037541606,105.2021351470089,10.211359691548562,129.70458101079782,5.844563063722717,0.5672977606415868,detour_factor_1.35,4.5,1.35,0,3,0,0,3,0,0,3,0,105.2021351470089,,False,False,0.5662988818432563,0.0,0.0,0.0,0.5662988818432563,0.5662988818432563,0.5662988818432563
06037128302,46.13429147294358,143.90037503570574,46.13325701507725,2.56301619294131,7.994465279761428,detour_factor_1.35,4.5,1.35,0,0,0,0,0,0,0,0,0,143.90037503570574,0.0,False,False,0.08479945853620027,0.08752599768340344,0.13941607585402233,0.0,0.1723254562196037,0.2242155343902226,0.08479945853620027
06037602106,55.86836807611409,28.86326772400481,75.76502370307585,3.1037982264507824,1.603514873555823,detour_factor_1.35,4.5,1.35,0,0,0,0,4,0,0,9,0,55.86836807611409,,False,False,0.3159812164779707,0.0,0.0,0.0,0.3159812164779707,0.3159812164779707,0.3159812164779707
06037602002,33.64544222208242,21.836904277279256,81.33799235599476,1.8691912345601345,1.2131613487377364,detour_factor_1.35,4.5,1.35,0,0,0,0,8,0,1,8,0,21.836904277279256,0.0,True,True,0.37910842346171725,0.0,0.0,0.0,0.37910842346171725,0.37910842346171725,0.37910842346171725
06037128303,59.39587988215036,129.6483228972578,59.39415362829449,3.299771104563909,7.20268460540321,detour_factor_1.35,4.5,1.35,0,0,0,0,0,0,0,0,0,129.6483228972578,0.0,False,False,0.09325205543730894,0.05202345811869,0.09008073784851175,0.0,0.14527551355599894,0.1833327932858207,0.09325205543730894
06037603001,96.08224828286902,54.28269537224864,66.98613319857817,5.337902682381612,3.0157052984582577,detour_factor_1.35,4.5,1.35,0,0,0,0,0,0,0,0,0,96.08224828286902,,False,False,0.19719190240216833,0.0,0.0,0.0,0.19719190240216833,0.19719190240216833,0.19719190240216833
06037602404,78.1934056909398,40.851888355881975,110.0706801086627,4.3440780939411,2.2695493531045536,detour_factor_1.35,4.5,1.35,0,0,0,0,0,0,0,6,0,78.1934056909398,,False,False,0.24606955397927474,0.0,0.0,0.0,0.24606955397927474,0.24606955397927474,0.24606955397927474
06037128220,87.36155510200987,101.66608497294969,87.35919531574778,4.853419727889437,5.648115831830538,detour_factor_1.35,4.5,1.35,0,0,0,0,0,0,0,0,0,101.66608497294969,0.0,False,False,0.11594261544716757,0.0,0.016473696986505817,0.0,0.11594261544716757,0.13241631243367338,0.11594261544716757
06037602403,63.00867147136129,40.975767779223574,98.07033939081617,3.50048174840896,2.2764315432901987,detour_factor_1.35,4.5,1.35,0,0,0,0,0,0,0,8,0,40.975767779223574,0.0,False,True,0.24550826767873915,0.0,0.0,0.0,0.24550826767873915,0.24550826767873915,0.24550826767873915
06037600703,10.408948889957493,29.63528757142809,29.88480355019126,0.5782749383309718,1.6464048650793381,detour_factor_1.35,4.5,1.35,1,0,0,2,4,1,2,8,1,10.408948889957493,,True,True,0.31030396257972165,0.0,0.0,0.0,0.31030396257972165,0.31030396257972165,0.31030396257972165
06037602402,75.59434583134639,34.28297762514677,97.04102296778744,4.199685879519244,1.9046098680637094,detour_factor_1.35,4.5,1.35,0,0,0,0,0,0,0,10,0,75.59434583134639,,False,False,0.28001609248897025,0.0,0.0,0.0,0.28001609248897025,0.28001609248897025,0.28001609248897025
06037600602,19.766326094450463,33.10317731805698,62.395425791403426,1.0981292274694703,1.8390654065587209,detour_factor_1.35,4.5,1.35,0,0,0,2,0,0,2,8,0,19.766326094450463,,True,True,0.28713038827205967,0.0,0.0,0.0,0.28713038827205967,0.28713038827205967,0.28713038827205967
06037601303,55.739663790058245,21.739500745556338,21.916580108934717,3.096647988336569,1.2077500414197964,detour_factor_1.35,4.5,1.35,0,0,0,0,4,1,0,12,2,55.739663790058245,,False,False,0.38016127534326244,0.0,0.0,0.0,0.38016127534326244,0.38016127534326244,0.38016127534326244
06037236000,119.96171906027357,34.690825716747625,86.19545655677099,6.664539947792976,1.927268095374868,detour_factor_1.35,4.5,1.35,0,0,0,0,0,0,0,12,0,119.96171906027357,,False,False,0.2776380387927033,0.0,0.0,0.0,0.2776380387927033,0.2776380387927033,0.2776380387927033
06037236100,89.57498215862799,11.062110851517668,89.18739388565831,4.976387897701555,0.6145617139732037,detour_factor_1.35,4.5,1.35,0,4,0,0,20,0,0,24,0,89.57498215862799,,False,False,0.5465501358492592,0.0,0.0,0.0,0.5465501358492592,0.5465501358492592,0.5465501358492592
06037237300,68.10170732184037,37.234831321874694,55.90607880239891,3.7834281845466866,2.0686017401041497,detour_factor_1.35,4.5,1.35,0,0,0,0,0,0,0,8,0,68.10170732184037,,False,False,0.26367050147547977,0.0,0.0,0.0,0.26367050147547977,0.26367050147547977,0.26367050147547977
06037237500,69.32803736545232,71.35745313324726,26.118817996350543,3.8515576314140176,3.9643029518470696,detour_factor_1.35,4.5,1.35,0,0,0,0,0,1,0,0,1,69.32803736545232,,False,False,0.15743546481995102,0.18052667118405713,0.18052667118405713,0.18052667118405713,0.33796213600400815,0.33796213600400815,0.33796213600400815
06037237600,68.48497677719631,68.02722283944348,21.721637384117255,3.8047209320664614,3.77929015774686,detour_factor_1.35,4.5,1.35,0,0,0,0,0,1,0,0,1,68.48497677719631,,False,False,0.16387957458180033,0.21647542388054078,0.21647542388054078,0.21647542388054078,0.3803549984623411,0.3803549984623411,0.3803549984623411
06037237720,87.15727299983403,71.87789900487886,40.64529447976421,4.842070722213001,3.9932166113821586,detour_factor_1.35,4.5,1.35,0,0,0,0,0,0,0,0,1,87.15727299983403,,False,False,0.1564738939628517,0.09053744873930739,0.09053744873930739,0.09053744873930739,0.24701134270215908,0.24701134270215908,0.24701134270215908
06037237800,76.60216163794256,62.7762325778436,46.7279326596267,4.255675646552365,3.487568476546866,detour_factor_1.35,4.5,1.35,0,0,0,0,0,0,0,0,0,76.60216163794256,,False,False,0.1751860383607219,0.0468095042389991,0.0468095042389991,0.0468095042389991,0.221995542599721,0.221995542599721,0.221995542599721
06037237710,79.28631615263471,71.30621074403142,33.07775700617942,4.404795341813039,3.96145615244619,detour_factor_1.35,4.5,1.35,0,0,0,0,0,0,0,0,1,79.28631615263471,,False,False,0.15753077924363584,0.12975687626705162,0.12975687626705162,0.12975687626705162,0.28728765551068747,0.28728765551068747,0.28728765551068747
06037237900,58.59156210441398,41.17033284184378,62.545428984814315,3.255086783578554,2.2872407134357657,detour_factor_1.35,4.5,1.35,0,0,0,0,0,0,0,4,0,58.59156210441398,,False,False,0.24463186183621907,0.0,0.0,0.0,0.24463186183621907,0.24463186183621907,0.24463186183621907
06037239330,76.79691342705952,33.76228551205594,34.98279256195319,4.266495190392195,1.875682528447552,detour_factor_1.35,4.5,1.35,0,0,0,0,0,0,0,7,1,76.79691342705952,,False,False,0.2831119679540783,0.0,0.0,0.0,0.2831119679540783,0.2831119679540783,0.2831119679540783
06037239310,69.77112207512717,57.1372965844949,21.575787385636612,3.8761734486181756,3.174294254694161,detour_factor_1.35,4.5,1.35,0,0,0,0,0,1,0,0,1,69.77112207512717,,False,False,0.18920411735897025,0.19274000093238142,0.19274000093238142,0.19274000093238142,0.38194411829135166,0.38194411829135166,0.38194411829135166
06037239320,71.83453937227571,47.95277193154525,25.170477957576743,3.9908077429042055,2.664042885085847,detour_factor_1.35,4.5,1.35,0,0,0,0,0,1,0,0,1,71.83453937227571,,False,False,0.21755882961899206,0.12872723626147956,0.12872723626147956,0.12872723626147956,0.3462860658804716,0.3462860658804716,0.3462860658804716
06037238310,91.52907439153536,72.5888997839262,46.69493380755289,5.08494857730752,4.032716654662566,detour_factor_1.35,4.5,1.35,0,0,0,0,0,0,0,0,0,139.5888997839262,67.0,False,False,0.15517908287063614,0.06693849553688355,0.06693849553688355,0.06693849553688355,0.2221175784075197,0.2221175784075197,0.2221175784075197
06037238100,50.21943824675398,47.29508754410929,66.37996980212417,2.789968791486332,2.627504863561627,detour_factor_1.35,4.5,1.35,0,0,0,0,0,0,0,0,0,50.21943824675398,,False,False,0.21991886215024486,0.0,0.0,0.0,0.21991886215024486,0.21991886215024486,0.21991886215024486
06037534002,208.5091812992348,107.40863407996109,100.1543148162477,11.583843405513043,5.967146337775615,detour_factor_1.35,4.5,1.35,0,0,0,0,0,0,0,0,0,127.90863407996109,20.5,False,False,0.11042832594978283,0.007058762299323312,0.007058762299323312,0.0,0.11748708824910614,0.11748708824910614,0.11042832594978283
06037533203,147.5470302333248,57.912487813283136,122.5803241393372,8.19705723518471,3.217360434071285,detour_factor_1.35,4.5,1.35,0,0,0,0,0,0,0,0,0,147.5470302333248,,False,False,0.18714547911371143,0.0,0.0,0.0,0.18714547911371143,0.18714547911371143,0.18714547911371143
06037534301,196.44760692463774,80.86045449076876,152.9085211821752,10.913755940257651,4.492247471709375,detour_factor_1.35,4.5,1.35,0,0,0,0,0,0,0,0,0,196.44760692463774,,False,False,0.1415521515944561,0.0,0.0,0.0,0.1415521515944561,0.1415521515944561,0.1415521515944561
06037532001,138.73702246908317,74.40593465839856,77.14194940062845,7.70761235939351,4.133663036577698,detour_factor_1.35,4.5,1.35,0,0,0,0,0,0,0,0,0,74.40593465839856,0.0,False,False,0.15196540429981475,0.0,0.0,0.0,0.15196540429981475,0.15196540429981475,0.15196540429981475
06037532303,178.70811495083356,61.5239716500334,62.473097024373004,9.92822860837964,3.417998425001856,detour_factor_1.35,4.5,1.35,0,0,0,0,0,0,0,0,0,61.5239716500334,0.0,False,False,0.17811666257950368,0.0,0.0,0.0,0.17811666257950368,0.17811666257950368,0.17811666257950368
06037534403,171.21074518709764,78.31621935683181,144.90186536674773,9.51170806594987,4.350901075379545,detour_factor_1.35,4.5,1.35,0,0,0,0,0,0,0,0,0,171.21074518709764,,False,False,0.14548170658735932,0.0,0.0,0.0,0.14548170658735932,0.14548170658735932,0.14548170658735932
06037534700,145.80550532390814,48.69396308135447,116.14983981156357,8.10030585132823,2.705220171186359,detour_factor_1.35,4.5,1.35,0,0,0,0,0,0,0,0,0,145.80550532390814,,False,False,0.21495912451499427,0.0,0.0,0.0,0.21495912451499427,0.21495912451499427,0.21495912451499427
06037430701,23.56931288518586,38.5004514441071,132.41378729886097,1.3094062713992143,2.138913969117061,detour_factor_1.35,4.5,1.35,0,0,0,1,0,0,1,3,0,23.56931288518586,,True,True,0.25723248631337425,0.0,0.0,0.0,0.25723248631337425,0.25723248631337425,0.25723248631337425
06037431700,35.447490529524174,48.35123253541201,89.94593755064248,1.9693050294180094,2.686179585300667,detour_factor_1.35,4.5,1.35,0,0,0,0,0,0,1,0,0,35.447490529524174,,False,True,0.21615347608516017,0.0,0.0,0.0,0.21615347608516017,0.21615347608516017,0.21615347608516017
06037430802,49.1165892234781,30.745242917307948,102.90471377688817,2.728699401304339,1.7080690509615524,detour_factor_1.35,4.5,1.35,0,0,0,0,0,0,0,7,0,49.1165892234781,,False,False,0.3024901089707804,0.0,0.0,0.0,0.3024901089707804,0.3024901089707804,0.3024901089707804
06037431400,79.62006824213778,43.49390376497547,82.2124195300626,4.42333712456321,2.4163279869430814,detour_factor_1.35,4.5,1.35,0,0,0,0,0,0,0,3,0,79.62006824213778,,False,False,0.23462927311189194,0.0,0.0,0.0,0.23462927311189194,0.23462927311189194,0.23462927311189194
06037431800,45.94386270601424,64.78545621292608,96.04671544053606,2.5524368170007907,3.599192011829226,detour_factor_1.35,4.5,1.35,0,0,0,0,0,0,0,0,0,45.94386270601424,,False,False,0.17068023468845184,0.0,0.0,0.0,0.17068023468845184,0.17068023468845184,0.17068023468845184
06037430400,56.6291610891501,39.15553628770312,171.60762520961705,3.1460645049527836,2.1753075715390624,detour_factor_1.35,4.5,1.35,0,0,0,0,0,0,0,4,0,39.15553628770312,0.0,False,True,0.2540221084888749,0.0,0.0,0.0,0.2540221084888749,0.2540221084888749,0.2540221084888749
06037430600,40.78895971040673,30.44845166649473,160.87364588264782,2.2660533172448183,1.6915806481385958,detour_factor_1.35,4.5,1.35,0,0,0,0,0,0,1,4,0,30.44845166649473,0.0,False,True,0.3045406516291123,0.0,0.0,0.0,0.3045406516291123,0.3045406516291123,0.3045406516291123
06037401602,38.766694076121254,19.33739048893569,75.38785102456582,2.153705226451181,1.074299471607538,detour_factor_1.35,4.5,1.35,0,0,0,0,2,0,1,4,0,19.33739048893569,0.0,True,True,0.4081125782785708,0.0,0.0,0.0,0.4081125782785708,0.4081125782785708,0.4081125782785708
06037400204,91.82677154317665,72.18512847765452,125.63663953040586,5.101487307954258,4.01028491542525,detour_factor_1.35,4.5,1.35,0,0,0,0,0,0,0,0,0,72.18512847765452,0.0,False,False,0.15591175345041344,0.0,0.0,0.0,0.15591175345041344,0.15591175345041344,0.15591175345041344
06037404000,200.49759691592004,46.50105110219333,235.34265037311172,11.138755384217779,2.5833917278996292,detour_factor_1.35,4.5,1.35,0,0,0,0,0,0,0,0,0,200.49759691592004,,False,False,0.22283731100635618,0.0,0.0,0.0,0.22283731100635618,0.22283731100635618,0.22283731100635618
06037401601,56.97024277050447,37.84454638797219,91.2194987321537,3.1650134872502482,2.102474799331788,detour_factor_1.35,4.5,1.35,0,0,0,0,0,0,0,4,0,37.84454638797219,0.0,False,True,0.2605292248514669,0.0,0.0,0.0,0.2605292248514669,0.2605292248514669,0.2605292248514669
06037401701,66.73583256387136,43.07104283693936,89.69354252559299,3.7075462535484087,2.3928357131632976,detour_factor_1.35,4.5,1.35,0,0,0,0,0,0,0,2,0,66.73583256387136,,False,False,0.23638827762375855,0.0,0.0,0.0,0.23638827762375855,0.23638827762375855,0.23638827762375855
06037542402,90.79739997597882,18.319891557591422,125.15946151886588,5.0442999986654895,1.0177717531995234,detour_factor_1.35,4.5,1.35,0,0,0,0,3,0,0,6,0,90.79739997597882,,False,False,0.4212314346888588,0.0,0.0,0.0,0.4212314346888588,0.4212314346888588,0.4212314346888588
06037543100,40.77649724284466,49.87693387214623,61.97033651930084,2.2653609579358145,2.7709407706747906,detour_factor_1.35,4.5,1.35,0,0,0,0,0,0,1,0,0,49.87693387214623,0.0,False,False,0.21093619633010338,0.0,0.0,0.0,0.21093619633010338,0.21093619633010338,0.21093619633010338
06037553300,221.6057785241675,18.89706934868084,84.13701130194193,12.311432140231528,1.0498371860378244,detour_factor_1.35,4.5,1.35,0,0,0,0,4,0,0,4,0,221.6057785241675,,False,False,0.41368807783384776,0.0,0.0,0.0,0.41368807783384776,0.41368807783384776,0.41368807783384776
06037554802,224.31336546974742,96.94117113681622,80.05274030153191,12.46185363720819,5.385620618712013,detour_factor_1.35,4.5,1.35,0,0,0,0,0,0,0,0,0,96.94117113681622,0.0,False,False,0.12091038991648846,0.02186607357919272,0.02186607357919272,0.02186607357919272,0.14277646349568118,0.14277646349568118,0.14277646349568118
06037554900,208.64754724733288,117.76953660824873,92.7403294852183,11.591530402629603,6.542752033791595,detour_factor_1.35,4.5,1.35,0,0,0,0,0,0,0,0,0,117.76953660824873,0.0,False,False,0.10170130783006134,0.02399750353408639,0.02399750353408639,0.02399750353408639,0.12569881136414773,0.12569881136414773,0.12569881136414773
06037106604,261.96488462198647,312.62725459052507,223.27030031258104,14.553604701221468,17.368180810584725,detour_factor_1.35,4.5,1.35,0,0,0,0,0,0,0,0,0,312.62725459052507,0.0,False,False,0.04090474071806462,0.015448296333289945,0.015448296333289945,0.0,0.05635303705135456,0.05635303705135456,0.04090474071806462
06037553400,212.35352487747585,15.13853649239437,90.81995776638378,11.797418048748657,0.8410298051330206,detour_factor_1.35,4.5,1.35,0,0,0,0,4,0,0,4,0,212.35352487747585,,False,False,0.4682984789880252,0.0,0.0,0.0,0.4682984789880252,0.4682984789880252,0.4682984789880252
06037554002,222.37656329379084,44.61331545382277,95.71692650270569,12.35425351632171,2.4785175252123763,detour_factor_1.35,4.5,1.35,0,0,0,0,0,0,0,4,0,222.37656329379084,,False,False,0.23009671158565206,0.0,0.0,0.0,0.23009671158565206,0.23009671158565206,0.23009671158565206
06037570601,136.76518096232556,52.5294529518134,171.44810464611547,7.598065609018087,2.9183029417674105,detour_factor_1.35,4.5,1.35,0,0,0,0,0,0,0,0,0,136.76518096232556,,False,False,0.20244107614287565,0.0,0.0,0.0,0.20244107614287565,0.20244107614287565,0.20244107614287565
06037570901,181.14082065513168,122.02255160709635,136.59642471900614,10.063378925285091,6.779030644838686,detour_factor_1.35,4.5,1.35,0,0,0,0,0,0,0,0,0,181.14082065513168,,False,False,0.09850575273621351,0.0,0.0,0.0,0.09850575273621351,0.09850575273621351,0.09850575273621351
06037570800,181.63975427305888,120.68822831168754,163.95753650877472,10.091097459614382,6.704901572871528,detour_factor_1.35,4.5,1.35,0,0,0,0,0,0,0,0,0,181.63975427305888,,False,False,0.09948647941179016,0.0,0.0,0.0,0.09948647941179016,0.09948647941179016,0.09948647941179016
06037571200,155.67437794714624,111.06096187758766,166.2545997211993,8.648576552619234,6.170053437643759,detour_factor_1.35,4.5,1.35,0,0,0,0,0,0,0,0,0,155.67437794714624,,False,False,0.10718605150441622,0.0,0.0,0.0,0.10718605150441622,0.10718605150441622,0.10718605150441622
06037571400,146.65367271733632,65.24108257106329,134.60528362765726,8.147426262074239,3.6245045872812933,detour_factor_1.35,4.5,1.35,0,0,0,0,0,0,0,0,0,146.65367271733632,,False,False,0.16969051796142298,0.0,0.0,0.0,0.16969051796142298,0.16969051796142298,0.16969051796142298
06037573401,94.49518219184172,14.99362225271277,81.94552677857521,5.249732343991206,0.8329790140395984,detour_factor_1.35,4.5,1.35,0,2,0,0,7,0,0,7,0,103.99362225271277,89.0,False,False,0.47069418712617855,0.0,0.0,0.0,0.47069418712617855,0.47069418712617855,0.47069418712617855
06037572500,113.43945263637721,37.50943275685506,102.6631666983486,6.302191813132067,2.0838573753808367,detour_factor_1.35,4.5,1.35,0,0,0,0,0,0,0,4,0,113.43945263637721,,False,False,0.26224641888448297,0.0,0.0,0.0,0.26224641888448297,0.26224641888448297,0.26224641888448297
06037571502,137.34768053370738,45.86112104727481,141.78761809135344,7.630426696317077,2.5478400581819334,detour_factor_1.35,4.5,1.35,0,0,0,0,0,0,0,0,0,137.34768053370738,,False,False,0.22524632540073344,0.0,0.0,0.0,0.22524632540073344,0.22524632540073344,0.22524632540073344
06037571600,140.75808401112693,51.858179373485434,158.11122454214654,7.819893556173718,2.8810099651936354,detour_factor_1.35,4.5,1.35,0,0,0,0,0,0,0,0,0,140.75808401112693,,False,False,0.20452560125880806,0.0,0.0,0.0,0.20452560125880806,0.20452560125880806,0.20452560125880806
06037208720,43.29306547054541,14.189752220333421,17.71937929416578,2.405170303919189,0.7883195677963012,detour_factor_1.35,4.5,1.35,0,2,0,0,8,2,1,16,2,43.29306547054541,,False,True,0.4844418082171387,0.0,0.0,0.0,0.4844418082171387,0.4844418082171387,0.4844418082171387
06037209402,26.443377968027914,4.672466164550035,23.63740580242799,1.4690765537793284,0.259581453586113,detour_factor_1.35,4.5,1.35,0,4,0,3,8,2,3,32,2,26.443377968027914,,True,True,0.7405021551473293,0.0,0.0,0.0,0.7405021551473293,0.7405021551473293,0.7405021551473293
06037297300,72.16081511887293,229.34756330701404,230.14334962102808,4.008934173270719,12.741531294834113,detour_factor_1.35,4.5,1.35,0,0,0,0,0,0,0,0,0,229.34756330701404,0.0,False,False,0.054941833155880034,0.0,0.0,0.0,0.054941833155880034,0.054941833155880034,0.054941833155880034
06037530500,136.94750707827163,10.384784304156296,20.360293832697888,7.608194837681757,0.5769324613420165,detour_factor_1.35,4.5,1.35,0,8,0,0,12,1,0,16,1,136.94750707827163,,False,False,0.5621581584644066,0.0,0.0,0.0,0.5621581584644066,0.5621581584644066,0.5621581584644066
06037297120,22.383993862424298,174.4103404326997,175.19727531912014,1.2435552145791275,9.689463357372205,detour_factor_1.35,4.5,1.35,0,0,0,1,0,0,1,0,0,174.4103404326997,0.0,False,False,0.07101881552583972,0.0,0.0,0.0,0.07101881552583972,0.07101881552583972,0.07101881552583972
06037702901,39.6527570567034,107.65379524958563,109.82893951441629,2.2029309475946333,5.980766402754757,detour_factor_1.35,4.5,1.35,0,0,0,0,0,0,1,0,0,107.65379524958563,0.0,False,False,0.11020456051401605,0.0,0.0,0.0,0.11020456051401605,0.11020456051401605,0.11020456051401605
06037701000,72.7171478388851,49.63444460380415,19.794705421892754,4.039841546604728,2.757469144655786,detour_factor_1.35,4.5,1.35,0,0,0,0,0,1,0,0,1,72.7171478388851,,False,False,0.21174851281308318,0.19073028865927813,0.19073028865927813,0.0,0.4024788014723613,0.4024788014723613,0.21174851281308318
06037194500,121.71240883228509,30.39222922124429,89.31014108198424,6.761800490682504,1.6884571789580158,detour_factor_1.35,4.5,1.35,0,0,0,0,0,0,0,10,0,121.71240883228509,,False,False,0.3049322308132882,0.0,0.0,0.0,0.3049322308132882,0.3049322308132882,0.3049322308132882
06037701201,16.632415800237943,42.1808185024788,88.62621561711737,0.9240231000132192,2.3433788056932663,detour_factor_1.35,4.5,1.35,0,0,0,1,0,0,1,4,0,42.1808185024788,0.0,False,True,0.24017899747019122,0.0,0.0,0.0,0.24017899747019122,0.24017899747019122,0.24017899747019122
06037195300,48.050078740798014,13.576039932622175,74.63362549844861,2.669448818933223,0.754224440701232,detour_factor_1.35,4.5,1.35,0,4,0,0,9,0,0,13,0,48.050078740798014,,False,False,0.4954902963199833,0.0,0.0,0.0,0.4954902963199833,0.4954902963199833,0.4954902963199833
06037620101,132.4282071506487,54.65309105976631,70.87433292755318,7.357122619480482,3.0362828366536836,detour_factor_1.35,4.5,1.35,0,0,0,0,0,0,0,0,0,132.4282071506487,,False,False,0.1961175845377539,0.0,0.0,0.0,0.1961175845377539,0.1961175845377539,0.1961175845377539
06037620201,157.99277366538433,65.80655394662332,111.21650178967158,8.777376314743574,3.6559196637012956,detour_factor_1.35,4.5,1.35,0,0,0,0,0,0,0,0,0,157.99277366538433,,False,False,0.1684780430147289,0.0,0.0,0.0,0.1684780430147289,0.1684780430147289,0.1684780430147289
06037275603,101.22212341848976,74.86045535322215,81.20883960672265,5.623451301027209,4.158914186290119,detour_factor_1.35,4.5,1.35,0,0,0,0,0,0,0,0,0,101.22212341848976,,False,False,0.15118222645724602,0.0,0.0,0.0,0.15118222645724602,0.15118222645724602,0.15118222645724602
06037275500,94.65497073312739,75.36659616821812,95.69238118109931,5.258609485173744,4.1870331204565625,detour_factor_1.35,4.5,1.35,0,0,0,0,0,0,0,0,0,94.65497073312739,,False,False,0.15031954825961974,0.0,0.0,0.0,0.15031954825961974,0.15031954825961974,0.15031954825961974
06037275102,102.45319245997356,63.651365699453294,101.9211542452071,5.6918440255540865,3.5361869833029607,detour_factor_1.35,4.5,1.35,0,0,0,0,0,0,0,0,0,102.45319245997356,,False,False,0.17319458932553425,0.0,0.0,0.0,0.17319458932553425,0.17319458932553425,0.17319458932553425
06037274202,23.80041667068031,100.4708834399587,129.22906626728033,1.3222453705933506,5.581715746664372,detour_factor_1.35,4.5,1.35,0,0,0,1,0,0,1,0,0,100.4708834399587,0.0,False,False,0.11716027500013027,0.0,0.0,0.0,0.11716027500013027,0.11716027500013027,0.11716027500013027
06037273902,6.0652950635766505,73.01520056469525,149.0015644132161,0.33696083686536943,4.056400031371958,detour_factor_1.35,4.5,1.35,1,0,0,1,0,0,1,0,0,73.01520056469525,0.0,False,False,0.15441296720890527,0.0,0.0,0.0,0.15441296720890527,0.15441296720890527,0.15441296720890527
06037273502,14.839449354222433,61.89776300525476,158.47143235708427,0.8244138530123573,3.4387646114030423,detour_factor_1.35,4.5,1.35,1,0,0,1,0,0,1,0,0,61.89776300525476,0.0,False,False,0.17723167655732142,0.0,0.0,0.0,0.17723167655732142,0.17723167655732142,0.17723167655732142
06037273402,27.757727543866885,49.03546756223002,151.37263449749548,1.5420959746592715,2.724192642346112,detour_factor_1.35,4.5,1.35,0,0,0,1,0,0,1,0,0,49.03546756223002,0.0,False,False,0.21378210165784686,0.0,0.0,0.0,0.21378210165784686,0.21378210165784686,0.21378210165784686
06037272202,62.30401244047858,72.1692628696534,127.26160009551106,3.4613340244710322,4.009403492758522,detour_factor_1.35,4.5,1.35,0,0,0,0,0,0,0,0,0,62.30401244047858,,False,False,0.15594068397267663,0.0,0.0,0.0,0.15594068397267663,0.15594068397267663,0.15594068397267663
06037272201,70.5858328340515,69.75118605786955,120.50898109933974,3.921435157447305,3.8750658921038634,detour_factor_1.35,4.5,1.35,0,0,0,0,0,0,0,0,0,70.5858328340515,,False,False,0.16047915340947483,0.0,0.0,0.0,0.16047915340947483,0.16047915340947483,0.16047915340947483
06037271902,85.40065331945587,51.665242971603014,101.73147418258768,4.74448073996977,2.8702912762001676,detour_factor_1.35,4.5,1.35,0,0,0,0,0,0,0,0,0,85.40065331945587,,False,False,0.20513269814989357,0.0,0.0,0.0,0.20513269814989357,0.20513269814989357,0.20513269814989357
06037271901,100.36026729007938,45.3360950400815,91.3894865708255,5.5755704050044095,2.518671946671194,detour_factor_1.35,4.5,1.35,0,0,0,0,0,0,0,0,0,100.36026729007938,,False,False,0.2272620290156966,0.0,0.0,0.0,0.2272620290156966,0.2272620290156966,0.2272620290156966
06037269905,124.03968341205265,15.59467224614377,78.92224835509194,6.891093522891814,0.8663706803413205,detour_factor_1.35,4.5,1.35,0,0,0,0,10,0,0,10,0,124.03968341205265,,False,False,0.4609143653786016,0.0,0.0,0.0,0.4609143653786016,0.4609143653786016,0.4609143653786016
06037269904,105.25839243150857,12.504738940614832,64.13799922072477,5.847688468417142,0.6947077189230462,detour_factor_1.35,4.5,1.35,0,6,0,0,8,0,0,23,0,105.25839243150857,,False,False,0.5160343694361818,0.0,0.0,0.0,0.5160343694361818,0.5160343694361818,0.5160343694361818
06037141304,71.41292895598367,130.44203260333447,71.40687316916338,3.967384941999093,7.246779589074136,detour_factor_1.35,4.5,1.35,0,0,0,0,0,0,0,0,0,71.41292895598367,,False,False,0.09273725889320002,0.018030263117197423,0.06460639040437978,0.0,0.11076752201039744,0.1573436492975798,0.09273725889320002
06037141303,62.77088130189496,132.5147229804225,62.7649807100177,3.487271183438608,7.361929054467917,detour_factor_1.35,4.5,1.35,0,0,0,0,0,0,0,0,0,62.77088130189496,,False,False,0.09141934195303898,0.028439372189878825,0.08379259934881055,0.0,0.11985871414291781,0.17521194130184953,0.09141934195303898
06037141202,89.79682474442832,117.6358980673907,89.79083499606942,4.988712485801573,6.535327670410594,detour_factor_1.35,4.5,1.35,0,0,0,0,0,0,0,0,0,89.79682474442832,,False,False,0.10180508193208823,0.0005147350537339085,0.027488890075943323,0.0,0.10231981698582214,0.12929397200803155,0.10180508193208823
06037141201,84.37350648495281,113.83462263418511,84.367771042574,4.687417026941823,6.324145701899172,detour_factor_1.35,4.5,1.35,0,0,0,0,0,0,0,0,0,84.37350648495281,,False,False,0.1048482161397559,0.0004847114737502184,0.031622435021289474,0.0,0.10533292761350611,0.13647065116104537,0.1048482161397559
06037141102,99.90380920592402,102.04600416813543,99.8981303840572,5.550211622551334,5.669222453785301,detour_factor_1.35,4.5,1.35,0,0,0,0,0,0,0,0,0,99.90380920592402,,False,False,0.11556084149957614,0.0006710517789202952,0.002192059466284549,0.0,0.11623189327849644,0.11775290096586069,0.11556084149957614
06037139402,112.32689554906045,294.41188420681357,98.6261684925171,6.240383086058913,16.35621578926742,detour_factor_1.35,4.5,1.35,0,0,0,0,0,0,0,0,0,112.32689554906045,,False,False,0.04332588314420819,0.07576479800291702,0.07576479800291702,0.0,0.1190906811471252,0.1190906811471252,0.04332588314420819
06037139001,42.299667598826495,225.05490429801966,31.964378524997343,2.3499815332681386,12.50305023877887,detour_factor_1.35,4.5,1.35,0,0,0,0,0,0,1,0,2,225.05490429801966,0.0,False,False,0.05593117120968104,0.23841776577489665,0.23841776577489665,0.0,0.2943489369845777,0.2943489369845777,0.05593117120968104
06037137104,161.42536119995324,344.2031362113321,142.26432224252196,8.968075622219624,19.122396456185115,detour_factor_1.35,4.5,1.35,0,0,0,0,0,0,0,0,0,344.2031362113321,0.0,False,False,0.0372922330141979,0.04839886100638785,0.04839886100638785,0.0,0.08569109402058575,0.08569109402058575,0.0372922330141979
06037134904,157.82634325900293,339.3618459613154,123.431919296859,8.768130181055717,18.853435886739742,detour_factor_1.35,4.5,1.35,0,0,0,0,0,0,0,0,0,339.3618459613154,0.0,False,False,0.037804126951773265,0.05373993411034428,0.05968652273383161,0.0,0.09154406106211754,0.09749064968560488,0.037804126951773265
06037702300,79.2774697219446,27.09693370190945,90.68063160849594,4.404303873441366,1.505385205661636,detour_factor_1.35,4.5,1.35,0,0,0,0,14,0,0,19,0,79.2774697219446,,False,False,0.32978593294253433,0.0,0.0,0.0,0.32978593294253433,0.32978593294253433,0.32978593294253433
06037139600,42.4148878406509,220.91537569005766,42.41588712483887,2.3563826578139384,12.273076427225424,detour_factor_1.35,4.5,1.35,0,0,0,0,0,0,1,0,1,42.4148878406509,,False,True,0.05691955950972574,0.1513755879544835,0.18224671445346147,0.0,0.20829514746420924,0.2391662739631872,0.05691955950972574
06037702201,67.21375576096422,22.75224568235451,107.9388468418335,3.73409754227579,1.264013649019695,detour_factor_1.35,4.5,1.35,0,0,0,0,8,0,0,16,0,67.21375576096422,,False,False,0.3694920158420293,0.0,0.0,0.0,0.3694920158420293,0.3694920158420293,0.3694920158420293
06037702202,56.48075324781776,37.341372272532894,114.24258226881787,3.1378196248787646,2.0745206818073827,detour_factor_1.35,4.5,1.35,0,0,0,0,0,0,0,16,0,56.48075324781776,,False,False,0.26311614786746457,0.0,0.0,0.0,0.26311614786746457,0.26311614786746457,0.26311614786746457
06037701802,66.31482704010394,8.909074766221405,101.25196568926172,3.684157057783552,0.4949485981234113,detour_factor_1.35,4.5,1.35,0,4,0,0,16,0,0,16,0,66.31482704010394,,False,False,0.5994554759383381,0.0,0.0,0.0,0.5994554759383381,0.5994554759383381,0.5994554759383381
06037224200,12.398831753335914,16.79072082669459,23.727182554933442,0.6888239862964397,0.932817823705255,detour_factor_1.35,4.5,1.35,1,0,0,3,12,1,4,34,3,16.79072082669459,0.0,True,True,0.4426141734609394,0.0,0.0,0.0,0.4426141734609394,0.4426141734609394,0.4426141734609394
06037221210,56.489396379705376,35.57166408271353,25.811909407797508,3.138299798872521,1.9762035601507517,detour_factor_1.35,4.5,1.35,0,0,0,0,0,1,0,12,3,56.489396379705376,,False,False,0.2726374407078152,0.0,0.06797440378903041,0.0,0.2726374407078152,0.3406118444968456,0.2726374407078152
06037530700,95.946778648507,49.011247467499416,70.53202816467432,5.330376591583723,2.7228470815277452,detour_factor_1.35,4.5,1.35,0,0,0,0,0,0,0,0,0,95.946778648507,,False,False,0.21386515334714123,0.0,0.0,0.0,0.21386515334714123,0.21386515334714123,0.21386515334714123
06037482702,134.70243451381504,39.417394343629425,42.419211570600304,7.483468584100834,2.189855241312746,detour_factor_1.35,4.5,1.35,0,0,0,0,0,0,0,4,1,39.417394343629425,0.0,False,True,0.2527611261589525,0.0,0.0,0.0,0.2527611261589525,0.2527611261589525,0.2527611261589525
06037137501,150.66432720716725,325.3190701666298,135.91839100954155,8.37024040039818,18.073281675923877,detour_factor_1.35,4.5,1.35,0,0,0,0,0,0,0,0,0,325.3190701666298,0.0,False,False,0.03937173690643771,0.04996279769969364,0.04996279769969364,0.0,0.08933453460613135,0.08933453460613135,0.03937173690643771
06037530102,117.71689424429815,71.99982445313368,75.33730039209543,6.539827458016562,3.9999902473963154,detour_factor_1.35,4.5,1.35,0,0,0,0,0,0,0,0,0,71.99982445313368,0.0,False,False,0.1562503214365737,0.0,0.0,0.0,0.1562503214365737,0.1562503214365737,0.1562503214365737
06037137402,234.8908494700379,361.0196119703768,191.67145822799617,13.049491637224326,20.056645109465375,detour_factor_1.35,4.5,1.35,0,0,0,0,0,0,0,0,0,361.0196119703768,0.0,False,False,0.03561701196852101,0.021574865913304916,0.02942211824783062,0.0,0.05719187788182593,0.06503913021635163,0.03561701196852101
06037432201,109.52988588309974,119.8545313421888,81.39107026595123,6.084993660172207,6.658585074566045,detour_factor_1.35,4.5,1.35,0,0,0,0,0,0,0,0,0,109.52988588309974,,False,False,0.10010922065472375,0.04065000111602213,0.04065000111602213,0.04065000111602213,0.14075922177074587,0.14075922177074587,0.14075922177074587
06037481300,90.65204547596989,142.56372817807315,78.93373399730817,5.036224748664994,7.920207121004064,detour_factor_1.35,4.5,1.35,0,0,0,0,0,0,0,0,0,90.65204547596989,,False,False,0.08552652118050202,0.05898152181985669,0.05898152181985669,0.05898152181985669,0.14450804300035872,0.14450804300035872,0.14450804300035872
06037404600,145.5829983016642,46.48967654778947,132.80989275682813,8.087944350092455,2.5827598082105263,detour_factor_1.35,4.5,1.35,0,0,0,0,0,0,0,0,0,145.5829983016642,,False,False,0.22287968057489324,0.0,0.0,0.0,0.22287968057489324,0.22287968057489324,0.22287968057489324
06037540300,160.58391739196097,23.381233806038782,148.7896702371109,8.921328743997831,1.2989574336688212,detour_factor_1.35,4.5,1.35,0,0,0,0,4,0,0,14,0,160.58391739196097,,False,False,0.36316193740535424,0.0,0.0,0.0,0.36316193740535424,0.36316193740535424,0.36316193740535424
06037540203,160.7951807274854,8.50248684005124,174.89696418108107,8.933065595971408,0.47236038000284664,detour_factor_1.35,4.5,1.35,0,4,0,0,4,0,0,4,0,160.7951807274854,,False,False,0.6106174729165968,0.0,0.0,0.0,0.6106174729165968,0.6106174729165968,0.6106174729165968
06037541002,30.70065274477504,84.97017050951625,24.285711754509705,1.7055918191541688,4.720565028306457,detour_factor_1.35,4.5,1.35,0,0,0,0,0,1,1,0,1,84.97017050951625,0.0,False,False,0.13563436512546218,0.21879603846928858,0.21879603846928858,0.21879603846928858,0.35443040359475075,0.35443040359475075,0.35443040359475075
06037104610,207.23882058329036,195.45568198741432,197.31638752509826,11.513267810182796,10.858648999300796,detour_factor_1.35,4.5,1.35,0,0,0,0,0,0,0,0,0,195.45568198741432,0.0,False,False,0.0638603200118085,0.0,0.0,0.0,0.0638603200118085,0.0638603200118085,0.0638603200118085
06037106111,327.8493889006767,313.3397052959201,240.67419067626443,18.21385493892648,17.40776140532889,detour_factor_1.35,4.5,1.35,0,0,0,0,0,0,0,0,0,313.3397052959201,0.0,False,False,0.0408155303825534,0.011676353018623055,0.011676353018623055,0.0,0.052491883401176456,0.052491883401176456,0.0408155303825534
06037111201,206.6399403362347,305.8774129911102,157.19148280627857,11.479996685346372,16.993189610617232,detour_factor_1.35,4.5,1.35,0,0,0,0,0,0,0,0,0,305.8774129911102,0.0,False,False,0.041769688166392205,0.029223820493759337,0.03642029986688665,0.0,0.07099350866015154,0.07818998803327885,0.041769688166392205
06037109800,160.7752126665069,242.52449338976214,134.66816344503218,8.931956259250383,13.473582966097897,detour_factor_1.35,4.5,1.35,0,0,0,0,0,0,0,0,0,242.52449338976214,0.0,False,False,0.052112274633534884,0.03797690435159525,0.03797690435159525,0.0,0.09008917898513014,0.09008917898513014,0.052112274633534884
06037111100,190.21696041423843,278.4203535498981,160.6655367466204,10.567608911902134,15.467797419438783,detour_factor_1.35,4.5,1.35,0,0,0,0,0,0,0,0,0,278.4203535498981,0.0,False,False,0.04570065069535773,0.030928199406982416,0.030928199406982416,0.0,0.07662885010234015,0.07662885010234015,0.04570065069535773
06037600911,53.832355260084775,21.11666210007571,20.44422970132371,2.990686403338043,1.1731478944486506,detour_factor_1.35,4.5,1.35,0,0,0,0,8,1,0,12,1,53.832355260084775,,False,False,0.38703440060264516,0.007704951068546573,0.007704951068546573,0.007704951068546573,0.39473935167119173,0.39473935167119173,0.39473935167119173
06037601202,26.38310059281502,31.659440316782693,30.79528954818414,1.4657278107119456,1.758857795376816,detour_factor_1.35,4.5,1.35,0,0,0,1,0,0,2,29,2,26.38310059281502,,True,True,0.29634388484291524,0.0,0.005803167629863659,0.0,0.29634388484291524,0.3021470524727789,0.29634388484291524
06037600802,28.20635277292668,15.882952038036798,25.804563229764668,1.5670195984959265,0.8823862243353777,detour_factor_1.35,4.5,1.35,0,0,0,1,8,1,1,12,1,28.20635277292668,,True,True,0.45636648067515956,0.0,0.0,0.0,0.45636648067515956,0.45636648067515956,0.45636648067515956
06037601301,65.88427138318026,31.502803565418112,31.279975038231314,3.66023729906557,1.7501557536343395,detour_factor_1.35,4.5,1.35,0,0,0,0,0,0,0,8,2,65.88427138318026,,False,False,0.2973791734877281,0.0014853093317448995,0.0014853093317448995,0.0014853093317448995,0.298864482819473,0.298864482819473,0.298864482819473
06037601001,26.265753469764014,7.776420395945484,8.883957889996966,1.4592085260980006,0.43202335533030467,detour_factor_1.35,4.5,1.35,0,4,1,1,5,1,2,12,2,7.776420395945484,0.0,True,True,0.6316195586327594,0.0,0.0,0.0,0.6316195586327594,0.6316195586327594,0.6316195586327594
06037601302,52.65361288303855,20.69751782982572,21.596795876840634,2.9252007157243636,1.1498621016569845,detour_factor_1.35,4.5,1.35,0,0,0,0,8,2,0,8,2,52.65361288303855,,False,False,0.39180134723658233,0.0,0.0,0.0,0.39180134723658233,0.39180134723658233,0.39180134723658233
06037600704,25.326733916810205,44.491249851944765,51.03721526112694,1.4070407731561225,2.4717361028858202,detour_factor_1.35,4.5,1.35,0,0,0,1,0,0,2,4,0,25.326733916810205,,True,True,0.2305824374144031,0.0,0.0,0.0,0.2305824374144031,0.2305824374144031,0.2305824374144031
06037600912,44.84209611320644,6.722404324157663,22.869957238796083,2.491227561844802,0.373466906897648,detour_factor_1.35,4.5,1.35,0,4,0,0,11,1,1,12,1,44.84209611320644,,False,True,0.6648139081712218,0.0,0.0,0.0,0.6648139081712218,0.6648139081712218,0.6648139081712218
06037201401,93.04703091146428,48.65866638892062,96.26120599009562,5.169279495081348,2.7032592438289234,detour_factor_1.35,4.5,1.35,0,0,0,0,0,0,0,0,0,93.04703091146428,,False,False,0.21508151685816512,0.0,0.0,0.0,0.21508151685816512,0.21508151685816512,0.21508151685816512
06037238320,89.6822666138348,67.22052758497554,54.37235863769477,4.982348145213044,3.7344737547208635,detour_factor_1.35,4.5,1.35,0,0,0,0,0,0,0,0,0,89.6822666138348,,False,False,0.16552072341827176,0.03141003594888442,0.03141003594888442,0.03141003594888442,0.19693075936715618,0.19693075936715618,0.19693075936715618
06037301100,125.4646657937087,134.07764622638604,212.0363774197992,6.970259210761595,7.448758123688112,detour_factor_1.35,4.5,1.35,0,0,0,0,0,0,0,0,0,125.4646657937087,,False,False,0.0904500694124464,0.0,0.0,0.0,0.0904500694124464,0.0904500694124464,0.0904500694124464
06037301400,108.38659022121104,152.35380116070647,153.92982208842568,6.021477234511724,8.464100064483691,detour_factor_1.35,4.5,1.35,0,0,0,0,0,0,0,0,0,152.35380116070647,0.0,False,False,0.0804729550912293,0.0,0.0,0.0,0.0804729550912293,0.0804729550912293,0.0804729550912293
06037301502,97.53276100412931,139.07146694450083,147.28923134429826,5.418486722451628,7.726192608027822,detour_factor_1.35,4.5,1.35,0,0,0,0,0,0,0,0,0,139.07146694450083,0.0,False,False,0.08748630823324888,0.0,0.0,0.0,0.08748630823324888,0.08748630823324888,0.08748630823324888
06037301501,101.65153008493104,144.0689866114701,150.07899815235396,5.6473072269406135,8.003832589526116,detour_factor_1.35,4.5,1.35,0,0,0,0,0,0,0,0,0,144.0689866114701,0.0,False,False,0.08470862016524888,0.0,0.0,0.0,0.08470862016524888,0.08470862016524888,0.08470862016524888
06037301204,109.41084712608215,136.34144567336082,194.85193811473803,6.0783803958934515,7.574524759631156,detour_factor_1.35,4.5,1.35,0,0,0,0,0,0,0,0,0,109.41084712608215,,False,False,0.08908203120003942,0.0,0.0,0.0,0.08908203120003942,0.08908203120003942,0.08908203120003942
06037301702,83.31884441405693,111.41026978177275,181.45036176940053,4.628824689669829,6.189459432320708,detour_factor_1.35,4.5,1.35,0,0,0,0,0,0,0,0,0,83.31884441405693,,False,False,0.10688590837824458,0.0,0.0,0.0,0.10688590837824458,0.10688590837824458,0.10688590837824458
06037301701,94.32445073875323,125.52239839092289,174.96232619826316,5.2402472632640675,6.973466577273492,detour_factor_1.35,4.5,1.35,0,0,0,0,0,0,0,0,0,94.32445073875323,,False,False,0.0960229237048065,0.0,0.0,0.0,0.0960229237048065,0.0960229237048065,0.0960229237048065
06037301602,73.91564660770098,112.22802127994612,127.65421928097999,4.106424811538942,6.234890071108117,detour_factor_1.35,4.5,1.35,0,0,0,0,0,0,0,0,0,112.22802127994612,0.0,False,False,0.10618978565816772,0.0,0.0,0.0,0.10618978565816772,0.10618978565816772,0.10618978565816772
06037301900,114.88593930701354,127.4920148527445,200.40382013466802,6.382552183722974,7.08288971404136,detour_factor_1.35,4.5,1.35,0,0,0,0,0,0,0,0,0,114.88593930701354,,False,False,0.09467992449566323,0.0,0.0,0.0,0.09467992449566323,0.09467992449566323,0.09467992449566323
06037534501,155.75392841087842,60.39654073061972,127.50412362244018,8.652996022826578,3.355363373923317,detour_factor_1.35,4.5,1.35,0,0,0,0,0,0,0,0,0,155.75392841087842,,False,False,0.18084031069642198,0.0,0.0,0.0,0.18084031069642198,0.18084031069642198,0.18084031069642198
06037204920,109.07166153795411,31.63022476842616,76.79397957392261,6.059536752108561,1.7572347093570084,detour_factor_1.35,4.5,1.35,0,0,0,0,0,0,0,4,0,109.07166153795411,,False,False,0.2965364374224552,0.0,0.0,0.0,0.2965364374224552,0.2965364374224552,0.2965364374224552
06037206050,65.57847094597876,35.46056974987634,57.52721693139776,3.6432483858877087,1.9700316527709079,detour_factor_1.35,4.5,1.35,0,0,0,0,0,0,0,12,0,65.57847094597876,,False,False,0.2732581837242167,0.0,0.0,0.0,0.2732581837242167,0.2732581837242167,0.2732581837242167
06037543601,86.78582542378751,128.65841604525815,94.99699717584639,4.8214347457659725,7.14768978029212,detour_factor_1.35,4.5,1.35,0,0,0,0,0,0,0,0,0,86.78582542378751,,False,False,0.09390216960974802,0.029178165054268262,0.029178165054268262,0.029178165054268262,0.12308033466401629,0.12308033466401629,0.12308033466401629
06037532900,86.29703094890351,16.854034711408904,50.66913341069495,4.794279497161305,0.9363352617449389,detour_factor_1.35,4.5,1.35,0,0,0,0,7,0,0,11,0,86.29703094890351,,False,False,0.4416858506369724,0.0,0.0,0.0,0.4416858506369724,0.4416858506369724,0.4416858506369724
06037533103,112.73977892399031,20.655807778662087,84.20156383312273,6.263321051332795,1.147544876592338,detour_factor_1.35,4.5,1.35,0,0,0,0,4,0,0,11,0,112.73977892399031,,False,False,0.39228214944883516,0.0,0.0,0.0,0.39228214944883516,0.39228214944883516,0.39228214944883516
06037535102,121.24675945562745,10.606492991363542,77.77280822850858,6.735931080868192,0.5892496106313078,detour_factor_1.35,4.5,1.35,0,4,0,0,4,0,0,10,0,77.60649299136354,67.0,False,False,0.5569519658368767,0.0,0.0,0.0,0.5569519658368767,0.5569519658368767,0.5569519658368767
06037535200,136.48084460294527,19.605350838548862,90.92175394673316,7.5822691446080706,1.0891861576971589,detour_factor_1.35,4.5,1.35,0,0,0,0,7,0,0,7,0,136.48084460294527,,False,False,0.4047925309874768,0.0,0.0,0.0,0.4047925309874768,0.4047925309874768,0.4047925309874768
06037535400,150.5327496349768,25.11399243730242,109.93696976631686,8.362930535276488,1.3952218020723566,detour_factor_1.35,4.5,1.35,0,0,0,0,7,0,0,7,0,150.5327496349768,,False,False,0.346794817742999,0.0,0.0,0.0,0.346794817742999,0.346794817742999,0.346794817742999
06037430501,68.55368938273809,68.13914752389036,193.77612340222606,3.8085382990410044,3.7855081957716865,detour_factor_1.35,4.5,1.35,0,0,0,0,0,0,0,0,0,68.13914752389036,0.0,False,False,0.16365444126709863,0.0,0.0,0.0,0.16365444126709863,0.16365444126709863,0.16365444126709863
06037430200,125.56044381942729,44.833488738652854,187.5438019041636,6.975580212190405,2.490749374369603,detour_factor_1.35,4.5,1.35,0,0,0,0,0,0,0,2,0,125.56044381942729,,False,False,0.2292257486034263,0.0,0.0,0.0,0.2292257486034263,0.2292257486034263,0.2292257486034263
06037431600,58.21912054239508,68.27277012237245,67.19228700062972,3.2343955856886155,3.792931673465136,detour_factor_1.35,4.5,1.35,0,0,0,0,0,0,0,0,0,58.21912054239508,,False,False,0.16338647195145653,0.002192300096944211,0.002192300096944211,0.002192300096944211,0.16557877204840074,0.16557877204840074,0.16557877204840074
06037463102,54.33611066278183,20.742368658715602,140.8912084625074,3.0186728145989905,1.152353814373089,detour_factor_1.35,4.5,1.35,0,0,0,0,3,0,0,3,0,54.33611066278183,,False,False,0.3912856538199703,0.0,0.0,0.0,0.3912856538199703,0.3912856538199703,0.3912856538199703
06037431900,60.8877412925891,81.53026926185105,78.34901134203027,3.382652294032728,4.529459403436168,detour_factor_1.35,4.5,1.35,0,0,0,0,0,0,0,0,0,60.8877412925891,,False,False,0.14055267740812305,0.004876994799160678,0.004876994799160678,0.004876994799160678,0.14542967220728373,0.14542967220728373,0.14542967220728373
06037432000,74.41682129855211,89.79338829324448,57.99987090096792,4.134267849919561,4.988521571846915,detour_factor_1.35,4.5,1.35,0,0,0,0,0,0,0,0,0,74.41682129855211,,False,False,0.1292907708403005,0.05762545529106222,0.05762545529106222,0.05762545529106222,0.18691622613136272,0.18691622613136272,0.18691622613136272
06037401312,104.45968037024315,40.50725847229494,138.46466143441125,5.803315576124619,2.25040324846083,detour_factor_1.35,4.5,1.35,0,0,0,0,0,0,0,2,0,104.45968037024315,,False,False,0.24764462808039794,0.0,0.0,0.0,0.24764462808039794,0.24764462808039794,0.24764462808039794
06037407900,39.71166573244488,174.41308959398737,154.00430525656128,2.2062036518024932,9.689616088554853,detour_factor_1.35,4.5,1.35,0,0,0,0,0,0,1,0,0,174.41308959398737,0.0,False,False,0.07101777560094903,0.008661449262563084,0.008661449262563084,0.0,0.07967922486351212,0.07967922486351212,0.07101777560094903
06037403401,103.85869685771597,218.71231679328562,55.098501092369396,5.769927603206442,12.150684266293645,detour_factor_1.35,4.5,1.35,0,0,0,0,0,0,0,0,0,103.85869685771597,,False,False,0.05745995809901117,0.137381133700296,0.137381133700296,0.0,0.19484109179930717,0.19484109179930717,0.05745995809901117
06037403406,147.26964629255443,145.78855287413847,89.29040974425493,8.181647016253022,8.099364048563247,detour_factor_1.35,4.5,1.35,0,0,0,0,0,0,0,0,0,147.26964629255443,,False,False,0.08379320815710169,0.046131241424246364,0.046131241424246364,0.0,0.12992444958134805,0.12992444958134805,0.08379320815710169
06037403405,151.9641811309482,128.54327858006374,101.69104737617361,8.442454507274899,7.1412932544479855,detour_factor_1.35,4.5,1.35,0,0,0,0,0,0,0,0,0,151.9641811309482,,False,False,0.09397837426137676,0.021939079508763934,0.021939079508763934,0.0,0.11591745377014069,0.11591745377014069,0.09397837426137676
06037403403,161.55213077513113,157.74579560475377,64.80967316595341,8.975118376396173,8.763655311375208,detour_factor_1.35,4.5,1.35,0,0,0,0,0,0,0,0,0,161.55213077513113,,False,False,0.07793664496712874,0.09269069496578045,0.09269069496578045,0.0,0.17062733993290918,0.17062733993290918,0.07793664496712874
06037189800,80.92825893108665,34.14344824159342,111.77067168656893,4.496014385060368,1.8968582356440788,detour_factor_1.35,4.5,1.35,0,0,0,0,0,0,0,3,0,80.92825893108665,,False,False,0.2808390310175296,0.0,0.0,0.0,0.2808390310175296,0.2808390310175296,0.2808390310175296
06037554201,212.00203647477682,58.361806285047756,112.00538133270918,11.777890915265377,3.2423225713915413,detour_factor_1.35,4.5,1.35,0,0,0,0,0,0,0,0,0,212.00203647477682,,False,False,0.18597262526168445,0.0,0.0,0.0,0.18597262526168445,0.18597262526168445,0.18597262526168445
06037554404,222.49183303132148,80.66837747010078,122.72506240725637,12.36065739062897,4.48157652611671,detour_factor_1.35,4.5,1.35,0,0,0,0,0,0,0,0,0,222.49183303132148,,False,False,0.14184139011272373,0.0,0.0,0.0,0.14184139011272373,0.14184139011272373,0.14184139011272373
06037106603,295.8134199074008,382.0306966845744,187.39412131407323,16.43407888374449,21.223927593587465,detour_factor_1.35,4.5,1.35,0,0,0,0,0,0,0,0,0,382.0306966845744,0.0,False,False,0.033724194213442756,0.03270086635813862,0.03270086635813862,0.0,0.06642506057158137,0.06642506057158137,0.033724194213442756
06037554403,208.95416571213678,78.53238597038084,129.0729528872369,11.608564761785376,4.362910331687824,detour_factor_1.35,4.5,1.35,0,0,0,0,0,0,0,0,0,208.95416571213678,,False,False,0.14513937771773655,0.0,0.0,0.0,0.14513937771773655,0.14513937771773655,0.14513937771773655
06037554519,209.71121360306313,145.54261388916427,98.50380967368488,11.65062297794795,8.085700771620237,detour_factor_1.35,4.5,1.35,0,0,0,0,0,0,0,0,0,145.54261388916427,0.0,False,False,0.08392291952576487,0.03529805639362725,0.03529805639362725,0.03529805639362725,0.11922097591939212,0.11922097591939212,0.11922097591939212
06037554511,274.1834841813108,129.01629544703087,48.494936834712725,15.232415787850599,7.167571969279492,detour_factor_1.35,4.5,1.35,0,0,0,0,0,0,0,0,0,129.01629544703087,0.0,False,False,0.09366609135248087,0.12198499021739027,0.12198499021739027,0.12198499021739027,0.21565108156987114,0.21565108156987114,0.21565108156987114
06037554518,247.49579340512352,142.8144982358742,73.68234415383124,13.749766300284637,7.934138790881898,detour_factor_1.35,4.5,1.35,0,0,0,0,0,0,0,0,0,142.8144982358742,0.0,False,False,0.08538916742768703,0.0678399255170883,0.0678399255170883,0.0678399255170883,0.15322909294477532,0.15322909294477532,0.15322909294477532
06037554513,257.982766330798,84.48376529398837,44.96175724472661,14.332375907266552,4.693542516332687,detour_factor_1.35,4.5,1.35,0,0,0,0,0,0,0,0,1,84.48376529398837,0.0,False,False,0.13630882044592912,0.09241255559309347,0.09241255559309347,0.09241255559309347,0.2287213760390226,0.2287213760390226,0.2287213760390226
06037554522,186.0771654559821,124.74631276651492,118.78982056706636,10.337620303110116,6.9303507092508285,detour_factor_1.35,4.5,1.35,0,0,0,0,0,0,0,0,0,186.0771654559821,,False,False,0.0965626267878158,0.00435332124794327,0.00435332124794327,0.00435332124794327,0.10091594803575907,0.10091594803575907,0.10091594803575907
06037208903,31.59358553655619,6.634447519925575,30.75297214594099,1.7551991964753437,0.36858041777364303,detour_factor_1.35,4.5,1.35,0,4,0,0,8,0,3,28,2,31.59358553655619,,False,True,0.6677423711387148,0.0,0.0,0.0,0.6677423711387148,0.6677423711387148,0.6677423711387148
06037209102,22.334639064038385,11.588136877266404,36.31925867065699,1.2408132813354658,0.6437853820703557,detour_factor_1.35,4.5,1.35,0,4,0,3,18,0,4,35,4,22.334639064038385,,True,True,0.5350139145347182,0.0,0.0,0.0,0.5350139145347182,0.5350139145347182,0.5350139145347182
06037209300,13.659203369447539,14.322249739338137,32.159670210367764,0.7588446316359743,0.7956805410743408,detour_factor_1.35,4.5,1.35,1,2,0,3,23,0,4,41,5,13.659203369447539,,True,True,0.48212085416159567,0.0,0.0,0.0,0.48212085416159567,0.48212085416159567,0.48212085416159567
06037208904,30.514064029201645,10.28795111716105,36.14620308880018,1.6952257794000911,0.5715528398422806,detour_factor_1.35,4.5,1.35,0,4,0,0,11,0,4,34,3,30.514064029201645,,False,True,0.5644626718448527,0.0,0.0,0.0,0.5644626718448527,0.5644626718448527,0.5644626718448527
06037209401,33.39904636733194,8.499064644053394,18.34350716312718,1.8555025759628854,0.47217025800296636,detour_factor_1.35,4.5,1.35,0,4,0,0,8,2,3,28,2,33.39904636733194,,False,True,0.6107131862997165,0.0,0.0,0.0,0.6107131862997165,0.6107131862997165,0.6107131862997165
06037209200,21.708811367461514,9.688645640481496,24.25989303273735,1.206045075970084,0.5382580911378608,detour_factor_1.35,4.5,1.35,0,9,0,4,30,2,4,40,4,21.708811367461514,,True,True,0.5791566984097523,0.0,0.0,0.0,0.5791566984097523,0.5791566984097523,0.5791566984097523
06037209403,20.762310757682506,6.418132579280976,28.805373792280292,1.153461708760139,0.35656292107116533,detour_factor_1.35,4.5,1.35,0,4,0,3,17,1,3,32,4,20.762310757682506,,True,True,0.6750553803106825,0.0,0.0,0.0,0.6750553803106825,0.6750553803106825,0.6750553803106825
06037209510,29.451542815641275,12.116969357556384,15.652640809609284,1.6361968230911819,0.6731649643086879,detour_factor_1.35,4.5,1.35,0,4,0,1,8,2,3,28,2,29.451542815641275,,True,True,0.52389684693637,0.0,0.0,0.0,0.52389684693637,0.52389684693637,0.52389684693637
06037209520,20.389716409432097,12.107924201712143,23.521298019630944,1.1327620227462276,0.6726624556506745,detour_factor_1.35,4.5,1.35,0,4,0,3,10,1,3,36,4,20.389716409432097,,True,True,0.5240831085085551,0.0,0.0,0.0,0.5240831085085551,0.5240831085085551,0.5240831085085551
06037209810,26.662534790054767,18.23324103581058,15.828810835753488,1.4812519327808202,1.01295783532281,detour_factor_1.35,4.5,1.35,0,0,0,3,5,1,3,33,3,26.662534790054767,,True,True,0.42238771864857677,0.0,0.03482603271430357,0.0,0.42238771864857677,0.45721375136288034,0.42238771864857677
06037209820,19.176272264584124,18.835062260026852,23.347961554051462,1.0653484591435625,1.0463923477792696,detour_factor_1.35,4.5,1.35,0,0,0,3,8,1,3,33,4,19.176272264584124,,True,True,0.4144854938331286,0.0,0.0,0.0,0.4144854938331286,0.4144854938331286,0.4144854938331286
06037210010,9.323422905517019,15.469525555606632,29.27686705251184,0.5179679391953899,0.8594180864225907,detour_factor_1.35,4.5,1.35,3,0,0,3,21,1,3,38,5,15.469525555606632,0.0,True,True,0.4629170105906817,0.0,0.0,0.0,0.4629170105906817,0.4629170105906817,0.4629170105906817
06037211000,114.3837933071867,20.24455197026954,42.36390130962418,6.354655183732595,1.1246973316816409,detour_factor_1.35,4.5,1.35,0,0,0,0,5,0,0,9,1,35.24455197026954,15.0,False,True,0.3970867495905908,0.0,0.0,0.0,0.3970867495905908,0.3970867495905908,0.3970867495905908
06037211410,86.6518059627091,20.012055984168484,20.365979942388478,4.813989220150506,1.1117808880093603,detour_factor_1.35,4.5,1.35,0,0,0,0,11,1,0,20,2,86.6518059627091,,False,False,0.39985538049589175,0.0,0.0,0.0,0.39985538049589175,0.39985538049589175,0.39985538049589175
06037211320,69.33463287093507,11.942502622465481,18.2966624488462,3.8519240483852815,0.663472367914749,detour_factor_1.35,4.5,1.35,0,3,0,0,12,1,0,24,3,17.942502622465483,6.0,True,True,0.5275130506721928,0.0,0.0,0.0,0.5275130506721928,0.5275130506721928,0.5275130506721928
06037211310,74.23429290163662,15.79396567035425,21.181422643092542,4.124127383424256,0.8774425372419026,detour_factor_1.35,4.5,1.35,0,0,0,0,15,2,0,20,3,74.23429290163662,,False,False,0.4577607189614561,0.0,0.0,0.0,0.4577607189614561,0.4577607189614561,0.4577607189614561
06037211420,81.004780052342,20.51457741130938,22.324843603527786,4.500265558463444,1.1396987450727432,detour_factor_1.35,4.5,1.35,0,0,0,0,15,2,0,20,3,81.004780052342,,False,False,0.39391894625117063,0.0,0.0,0.0,0.39391894625117063,0.39391894625117063,0.39391894625117063
06037211802,73.21568814867497,6.498572731096319,7.740714879893617,4.067538230481943,0.3610318183942399,detour_factor_1.35,4.5,1.35,0,8,1,0,12,2,0,15,3,73.21568814867497,,False,False,0.6723172896249188,0.0,0.0,0.0,0.6723172896249188,0.6723172896249188,0.6723172896249188
06037211701,95.79769320602858,17.960635677993487,17.857999846285846,5.322094067001588,0.9978130932218604,detour_factor_1.35,4.5,1.35,0,0,0,0,6,1,0,13,1,95.79769320602858,,False,False,0.42606718657219056,0.0014019843206235505,0.0014019843206235505,0.0014019843206235505,0.4274691708928141,0.4274691708928141,0.4274691708928141
06037211910,69.1620635408641,11.94683711869715,15.481433324916633,3.842336863381338,0.6637131732609528,detour_factor_1.35,4.5,1.35,0,4,0,0,15,2,0,19,3,69.1620635408641,,False,False,0.527422604156627,0.0,0.0,0.0,0.527422604156627,0.527422604156627,0.527422604156627
06037296500,60.91450228618753,171.28127479370124,172.15291817720285,3.384139015899307,9.515626377427846,detour_factor_1.35,4.5,1.35,0,0,0,0,0,0,0,0,0,171.28127479370124,0.0,False,False,0.07222252598861828,0.0,0.0,0.0,0.07222252598861828,0.07222252598861828,0.07222252598861828
06037297110,30.059980103881987,165.3097402506702,166.12650137494262,1.6699988946601103,9.183874458370566,detour_factor_1.35,4.5,1.35,0,0,0,0,0,0,1,0,0,165.3097402506702,0.0,False,False,0.07463672151309905,0.0,0.0,0.0,0.07463672151309905,0.07463672151309905,0.07463672151309905
06037297400,82.65593472089259,234.69991690547837,235.52277026713543,4.591996373382921,13.038884272526577,detour_factor_1.35,4.5,1.35,0,0,0,0,0,0,0,0,0,234.69991690547837,0.0,False,False,0.05375623357148977,0.0,0.0,0.0,0.05375623357148977,0.05375623357148977,0.05375623357148977
06037297500,55.882266453439144,217.3711740162444,218.11896860062063,3.1045703585243967,12.076176334235798,detour_factor_1.35,4.5,1.35,0,0,0,0,0,0,0,0,0,217.3711740162444,0.0,False,False,0.057793987150540765,0.0,0.0,0.0,0.057793987150540765,0.057793987150540765,0.057793987150540765
06037300200,177.2005105788651,218.83256389044595,261.7074830438218,9.84447280993695,12.15736466058033,detour_factor_1.35,4.5,1.35,0,0,0,0,0,0,0,0,0,218.83256389044595,0.0,False,False,0.05743019751295189,0.0,0.0,0.0,0.05743019751295189,0.05743019751295189,0.05743019751295189
06037609900,57.29758621778309,185.45822265848292,186.31434581386014,3.1831992343212825,10.30323459213794,detour_factor_1.35,4.5,1.35,0,0,0,0,0,0,0,0,0,185.45822265848292,0.0,False,False,0.0670719300264556,0.0,0.0,0.0,0.0670719300264556,0.0670719300264556,0.0670719300264556
06037296220,40.91486113647698,159.8290967569767,160.6710731917854,2.2730478409153876,8.879394264276483,detour_factor_1.35,4.5,1.35,0,0,0,0,0,0,1,0,0,159.8290967569767,0.0,False,False,0.07699899641267191,0.0,0.0,0.0,0.07699899641267191,0.07699899641267191,0.07699899641267191
06037670413,229.62086947371597,249.00467740284273,267.8333751742222,12.756714970762,13.833593189046816,detour_factor_1.35,4.5,1.35,0,0,0,0,0,0,0,0,0,229.62086947371597,,False,False,0.05082501500989954,0.0,0.0,0.0,0.05082501500989954,0.05082501500989954,0.05082501500989954
06037269903,120.3950957707088,17.227205834152596,78.18863703475087,6.688616431706045,0.9570669907862553,detour_factor_1.35,4.5,1.35,0,0,0,0,6,0,0,13,0,120.3950957707088,,False,False,0.43629247704893165,0.0,0.0,0.0,0.43629247704893165,0.43629247704893165,0.43629247704893165
06037269602,117.56945524325569,30.617418236355142,62.72249805706241,6.531636402403093,1.7009676797975075,detour_factor_1.35,4.5,1.35,0,0,0,0,0,0,0,14,0,117.56945524325569,,False,False,0.3033698596073369,0.0,0.0,0.0,0.3033698596073369,0.3033698596073369,0.3033698596073369
06037269601,126.04456479823608,31.80369532079291,71.11409149169492,7.002475822124227,1.7668719622662727,detour_factor_1.35,4.5,1.35,0,0,0,0,0,0,0,8,0,126.04456479823608,,False,False,0.29539678908648,0.0,0.0,0.0,0.29539678908648,0.29539678908648,0.29539678908648
06037267902,64.17757440978477,22.367227402583183,23.715826940491162,3.5654208005435977,1.2426237445879544,detour_factor_1.35,4.5,1.35,0,0,0,0,3,1,0,13,1,101.36722740258318,79.0,False,False,0.37347686026453214,0.0,0.0,0.0,0.37347686026453214,0.37347686026453214,0.37347686026453214
06037910209,884.5286273564182,907.8904826942702,647.8495224398092,49.14047929757878,50.43836014968168,detour_factor_1.35,4.5,1.35,0,0,0,0,0,0,0,0,0,884.5286273564182,,False,False,0.014473500469004173,0.0056923783297469464,0.0056923783297469464,0.0,0.02016587879875112,0.02016587879875112,0.014473500469004173
06037910208,872.7022419652939,892.4514281742457,688.2649473088755,48.483457886960764,49.5806348985692,detour_factor_1.35,4.5,1.35,0,0,0,0,0,0,0,0,0,872.7022419652939,,False,False,0.014720200537643698,0.004284026954374456,0.004284026954374456,0.0,0.019004227492018154,0.019004227492018154,0.014720200537643698
06037910207,865.7209078829549,887.3890054365055,660.1265211301526,48.095605993497486,49.299389190916976,detour_factor_1.35,4.5,1.35,0,0,0,0,0,0,0,0,0,865.7209078829549,,False,False,0.014802934000219566,0.004995326051903922,0.004995326051903922,0.0,0.019798260052123488,0.019798260052123488,0.014802934000219566
06037910101,941.3854001111408,936.0352473373039,921.1268492836141,52.299188895063374,52.00195818540577,detour_factor_1.35,4.5,1.35,0,0,0,0,0,0,0,0,0,941.3854001111408,,False,False,0.014044422371672149,0.00022406501961877955,0.00022406501961877955,0.0,0.014268487391290928,0.014268487391290928,0.014044422371672149
06037901210,1015.2277345146466,1007.8666996334495,563.8722463078947,56.40154080636925,55.99259442408052,detour_factor_1.35,4.5,1.35,0,0,0,0,0,0,0,0,0,1007.8666996334495,0.0,False,False,0.013056534374169017,0.010043265426139387,0.010043265426139387,0.0,0.023099799800308404,0.023099799800308404,0.013056534374169017
06037901008,1069.3822055203705,1090.622325281244,790.1321502039686,59.41012252890947,60.59012918229133,detour_factor_1.35,4.5,1.35,0,0,0,0,0,0,0,0,0,1069.3822055203705,,False,False,0.012077779781541375,0.004517000711868972,0.004517000711868972,0.0,0.016594780493410347,0.016594780493410347,0.012077779781541375
06037900508,1046.9996672948635,1054.4623090883467,900.0230747188623,58.166648183047975,58.581239393797034,detour_factor_1.35,4.5,1.35,0,0,0,0,0,0,0,0,0,1046.9996672948635,,False,False,0.012486783803588426,0.0021113875299523504,0.0021113875299523504,0.0,0.014598171333540777,0.014598171333540777,0.012486783803588426
06037800331,516.4549651651107,584.3089597946155,375.126270896654,28.691942509172815,32.46160887747863,detour_factor_1.35,4.5,1.35,0,0,0,0,0,0,0,0,0,516.4549651651107,,False,False,0.02230988918730825,0.0038039537105043104,0.012013714060352322,0.0,0.026113842897812562,0.034323603247660574,0.02230988918730825
06037134424,289.94472391452064,469.78619718132006,117.64589366739898,16.108040217473366,26.09923317674,detour_factor_1.35,4.5,1.35,0,0,0,0,0,0,0,0,0,469.78619718132006,0.0,False,False,0.027598415073656235,0.02084325813840196,0.0741988976655523,0.0,0.048441673212058195,0.10179731273920853,0.027598415073656235
06037134423,257.65086178472006,436.4273010942438,91.74619384174049,14.313936765817779,24.24596117190243,detour_factor_1.35,4.5,1.35,0,0,0,0,0,0,0,0,0,436.4273010942438,0.0,False,False,0.02964539871370254,0.025450745280339897,0.09724262307115535,0.0,0.05509614399404244,0.1268880217848579,0.02964539871370254
06037134002,173.47166510369698,352.6214697786676,99.36296508524707,9.637314727983163,19.59008165437042,detour_factor_1.35,4.5,1.35,0,0,0,0,0,0,0,0,0,352.6214697786676,0.0,False,False,0.03643437173101578,0.04791190235327758,0.08187770701899084,0.0,0.08434627408429336,0.11831207875000663,0.03643437173101578
06037134001,181.47140396421966,360.82848801164965,97.08769391390685,10.08174466467887,20.046027111758313,detour_factor_1.35,4.5,1.35,0,0,0,0,0,0,0,0,0,360.82848801164965,0.0,False,False,0.035635205338173166,0.04454941490707181,0.08511474297990482,0.0,0.08018462024524498,0.12074994831807798,0.035635205338173166
06037132502,107.48374331368993,287.54238364741406,80.02201470290862,5.971319072982774,15.974576869300781,detour_factor_1.35,4.5,1.35,0,0,0,0,0,0,0,0,0,287.54238364741406,0.0,False,False,0.04431508619948387,0.09850836862987558,0.09850836862987558,0.0,0.14282345482935946,0.14282345482935946,0.04431508619948387
06037132501,113.38891096072747,290.79881641893246,82.98729794269732,6.299383942262637,16.1554898010518,detour_factor_1.35,4.5,1.35,0,0,0,0,0,0,0,0,0,290.79881641893246,0.0,False,False,0.04384059148036191,0.0945859652883885,0.0945859652883885,0.0,0.1384265567687504,0.1384265567687504,0.04384059148036191
06037132102,63.01776013526204,211.9049500634738,31.361742422230744,3.500986674181224,11.772497225748543,detour_factor_1.35,4.5,1.35,0,0,0,0,0,0,0,0,1,211.9049500634738,0.0,False,False,0.05919656788470418,0.2391211574560672,0.2391211574560672,0.0,0.2983177253407714,0.2983177253407714,0.05919656788470418
06037132101,36.0196152656156,201.49796024156922,8.049414385132144,2.0010897369786442,11.194331124531622,detour_factor_1.35,4.5,1.35,0,0,1,0,0,1,1,0,2,201.49796024156922,0.0,False,False,0.06206420448092012,0.5614914539819574,0.5614914539819574,0.0,0.6235556584628775,0.6235556584628775,0.06206420448092012
06037132002,50.70427942177595,218.97489915755978,14.16232324483629,2.816904412320886,12.165272175419986,detour_factor_1.35,4.5,1.35,0,0,1,0,0,1,0,0,1,218.97489915755978,0.0,False,False,0.057395010027705425,0.42753006515378456,0.42753006515378456,0.0,0.48492507518149,0.48492507518149,0.057395010027705425
06037132001,59.18701867784142,232.65790773369588,25.10403699353678,3.288167704324523,12.92543931853866,detour_factor_1.35,4.5,1.35,0,0,0,0,0,1,0,0,1,232.65790773369588,0.0,False,False,0.0542024719071204,0.2926821671810147,0.2926821671810147,0.0,0.3468846390881351,0.3468846390881351,0.0542024719071204
06037131702,120.11196408576275,293.90015112414125,87.32467636610858,6.6728868936534855,16.3277861735634,detour_factor_1.35,4.5,1.35,0,0,0,0,0,0,0,0,0,293.90015112414125,0.0,False,False,0.043398047438995384,0.0890636749132126,0.0890636749132126,0.0,0.132461722352208,0.132461722352208,0.043398047438995384
06037128802,53.331542234381,130.16489719672452,53.32701525304983,2.9628634574656108,7.231383177595806,detour_factor_1.35,4.5,1.35,0,0,0,0,0,0,0,0,0,53.331542234381,,False,False,0.0929163605995857,0.04426964392703385,0.10710259543775126,0.0,0.13718600452661955,0.20001895603733696,0.0929163605995857
06037128602,85.15128172410846,97.6742953565307,85.14738317111963,4.73062676245047,5.426349742029483,detour_factor_1.35,4.5,1.35,0,0,0,0,0,0,0,0,0,97.6742953565307,0.0,False,False,0.1201118651996823,0.00023232313611656896,0.015278430551572172,0.0,0.12034418833579887,0.13539029575125447,0.1201118651996823
06037530802,106.62635856065717,39.131101388905385,56.9294369685756,5.923686586703175,2.17395007716141,detour_factor_1.35,4.5,1.35,0,0,0,0,0,0,0,8,0,106.62635856065717,,False,False,0.25414041729266124,0.0,0.0,0.0,0.25414041729266124,0.25414041729266124,0.25414041729266124
06037530601,114.09636509067394,41.25534411634,51.98094845725122,6.338686949481885,2.2919635620188887,detour_factor_1.35,4.5,1.35,0,0,0,0,0,0,0,4,0,114.09636509067394,,False,False,0.24425089517190937,0.0,0.0,0.0,0.24425089517190937,0.24425089517190937,0.24425089517190937
06037530602,120.99199638353949,41.12793856252793,48.28092336369023,6.721777576863304,2.284885475695996,detour_factor_1.35,4.5,1.35,0,0,0,0,0,0,0,8,0,120.99199638353949,,False,False,0.24482229057795082,0.0,0.0,0.0,0.24482229057795082,0.24482229057795082,0.24482229057795082
06037574500,56.239245822566645,147.39598896788428,150.8558867940071,3.1244025456981466,8.188666053771348,detour_factor_1.35,4.5,1.35,0,0,0,0,0,0,0,0,0,56.239245822566645,,False,False,0.08295520159256173,0.0,0.0,0.0,0.08295520159256173,0.08295520159256173,0.08295520159256173
06037574901,58.16062541357484,106.45655781188664,114.90389350948817,3.2311458563097135,5.91425321177148,detour_factor_1.35,4.5,1.35,0,0,0,0,0,0,0,0,0,58.16062541357484,,False,False,0.11130599757511657,0.0,0.0,0.0,0.11130599757511657,0.11130599757511657,0.11130599757511657
06037577100,29.1352644260503,68.94701665879876,69.93944918495617,1.6186258014472388,3.830389814377709,detour_factor_1.35,4.5,1.35,0,0,0,1,0,0,2,0,0,29.1352644260503,,True,True,0.16204760109319308,0.0,0.0,0.0,0.16204760109319308,0.16204760109319308,0.16204760109319308
06037575002,59.75471515102773,76.11809548518444,82.82346796936315,3.319706397279318,4.228783082510247,detour_factor_1.35,4.5,1.35,0,0,0,0,0,0,0,0,0,59.75471515102773,,False,False,0.14905668371585737,0.0,0.0,0.0,0.14905668371585737,0.14905668371585737,0.14905668371585737
06037572201,101.42372478485387,7.59216390426957,89.04443579848702,5.634651376936326,0.4217868835705316,detour_factor_1.35,4.5,1.35,0,4,0,0,7,0,0,7,0,101.42372478485387,,False,False,0.637181194880926,0.0,0.0,0.0,0.637181194880926,0.637181194880926,0.637181194880926
06037481901,140.17523349325887,72.59623182985833,72.24001835943491,7.787512971847715,4.033123990547685,detour_factor_1.35,4.5,1.35,0,0,0,0,0,0,0,0,0,140.17523349325887,,False,False,0.1551658420243552,0.0006459039173445924,0.0006459039173445924,0.0006459039173445924,0.1558117459416998,0.1558117459416998,0.1558117459416998
06037481401,124.75874935178491,108.82064347174352,114.31283963336338,6.931041630654717,6.04559130398575,detour_factor_1.35,4.5,1.35,0,0,0,0,0,0,0,0,0,124.75874935178491,,False,False,0.10915185638703812,0.0,0.0,0.0,0.10915185638703812,0.10915185638703812,0.10915185638703812
06037482304,93.8652247201664,109.5283012573997,107.70548136259507,5.214734706675911,6.084905625411094,detour_factor_1.35,4.5,1.35,0,0,0,0,0,0,0,0,0,109.5283012573997,0.0,False,False,0.10852316410853786,0.0016343367462837988,0.0016343367462837988,0.0016343367462837988,0.11015750085482166,0.11015750085482166,0.11015750085482166
06037482402,52.31553177279974,121.54798099559228,97.5221868326177,2.9064184318222073,6.752665610866238,detour_factor_1.35,4.5,1.35,0,0,0,0,0,0,0,0,0,121.54798099559228,0.0,False,False,0.09885233844043265,0.021424336220182305,0.021424336220182305,0.021424336220182305,0.12027667466061495,0.12027667466061495,0.12027667466061495
06037482503,81.9930662599173,108.3511679016204,105.31090815767814,4.555170347773183,6.0195093278678,detour_factor_1.35,4.5,1.35,0,0,0,0,0,0,0,0,0,108.3511679016204,0.0,False,False,0.10957297928672734,0.0028078085692384153,0.0028078085692384153,0.0028078085692384153,0.11238078785596575,0.11238078785596575,0.11238078785596575
06037134421,272.9191292821775,453.24330639279214,122.9846320952794,15.16217384900986,25.18018368848845,detour_factor_1.35,4.5,1.35,0,0,0,0,0,0,0,0,0,453.24330639279214,0.0,False,False,0.028576941488454778,0.0227452194919296,0.06923359501280896,0.0,0.051322160980384376,0.09781053650126373,0.028576941488454778
06037530101,98.68700938835963,97.53117523683733,100.95390391591532,5.482611632686646,5.41839862426874,detour_factor_1.35,4.5,1.35,0,0,0,0,0,0,0,0,0,97.53117523683733,0.0,False,False,0.1202669231595802,0.0,0.0,0.0,0.1202669231595802,0.1202669231595802,0.1202669231595802
06037294820,115.24911027425975,120.6110717743478,123.34617178251621,6.402728348569986,6.700615098574877,detour_factor_1.35,4.5,1.35,0,0,0,0,0,0,0,0,0,115.24911027425975,,False,False,0.09954378701084488,0.0,0.0,0.0,0.09954378701084488,0.09954378701084488,0.09954378701084488
06037111204,204.60848634137523,340.1804116107656,88.21694152950965,11.3671381300764,18.898911756153645,detour_factor_1.35,4.5,1.35,0,0,0,0,0,0,0,0,0,340.1804116107656,0.0,False,False,0.03771659100678456,0.03567700775615435,0.09358126467447042,0.0,0.07339359876293891,0.131297855681255,0.03771659100678456
06037113212,259.16786934878496,416.44398127332386,21.81089803653688,14.398214963821385,23.13577673740688,detour_factor_1.35,4.5,1.35,0,0,0,0,0,1,0,0,1,416.44398127332386,0.0,False,False,0.03102381833609884,0.025300666888846874,0.3483651400681599,0.0,0.056324485224945715,0.37938895840425874,0.03102381833609884
06037113234,210.1508875767433,380.9054808203824,45.18264919992961,11.67504930981907,21.161415601132354,detour_factor_1.35,4.5,1.35,0,0,0,0,0,0,0,0,0,380.9054808203824,0.0,False,False,0.03382044804988328,0.03628641800283852,0.19403752777328787,0.0,0.0701068660527218,0.22785797582317113,0.03382044804988328
06037113211,284.5832045124816,444.6457141212316,42.377289650751976,15.810178028471196,24.702539673401752,detour_factor_1.35,4.5,1.35,0,0,0,0,0,0,0,0,1,444.6457141212316,0.0,False,False,0.029113413391812653,0.021662255597328036,0.21021855992218583,0.0,0.05077566898914069,0.23933197331399847,0.029113413391812653
06037113232,230.5785766422566,403.4407940522511,47.78838908377641,12.809920924569811,22.41337744734728,detour_factor_1.35,4.5,1.35,0,0,0,0,0,0,0,0,0,403.4407940522511,0.0,False,False,0.03199174914472993,0.03104754667466072,0.18615219062096203,0.0,0.06303929581939065,0.21814393976569196,0.03199174914472993
06037113321,235.98594994809446,393.7617083406916,16.01075906240459,13.110330552671913,21.875650463371752,detour_factor_1.35,4.5,1.35,0,0,0,0,0,1,0,0,1,393.7617083406916,0.0,False,False,0.03275238450093872,0.02969932220827392,0.4216264101647273,0.0,0.062451706709212636,0.454378794665666,0.03275238450093872
06037113231,303.1221467637241,479.9465979157702,104.48487303863472,16.84011926465134,26.663699884209457,detour_factor_1.35,4.5,1.35,0,0,0,0,0,0,0,0,0,479.9465979157702,0.0,False,False,0.027029952950995032,0.019556757700558366,0.08613874774402482,0.0,0.0465867106515534,0.11316870069501984,0.027029952950995032
06037113301,186.3182847440915,337.9547589071137,68.74386487294201,10.351015819116194,18.77526438372854,detour_factor_1.35,4.5,1.35,0,0,0,0,0,0,0,0,0,337.9547589071137,0.0,False,False,0.03795555166215834,0.04375908567998942,0.12449313840915932,0.0,0.08171463734214776,0.16244869007131765,0.03795555166215834
06037113303,206.59004864382766,366.88195908712964,37.055834948587766,11.477224924657092,20.38233106039609,detour_factor_1.35,4.5,1.35,0,0,0,0,0,0,0,0,1,366.88195908712964,0.0,False,False,0.03506785129144306,0.037294225170288325,0.22953928131163942,0.0,0.07236207646173139,0.2646071326030825,0.03506785129144306
06037113401,165.97713886757293,329.378846740449,76.5063609374708,9.220952159309606,18.298824818913833,detour_factor_1.35,4.5,1.35,0,0,0,0,0,0,0,0,0,329.378846740449,0.0,False,False,0.038905338381795496,0.05379965542185,0.1095071583609318,0.0,0.0927049938036455,0.1484124967427273,0.038905338381795496
06037601401,52.74968699289608,8.427574258219497,0.9304207821238811,2.9305381662720045,0.46819856990108316,detour_factor_1.35,4.5,1.35,0,4,1,0,17,1,0,25,3,52.74968699289608,,False,False,0.6127195420152917,0.0,0.3220507313228044,0.0,0.6127195420152917,0.934770273338096,0.6127195420152917
06037601211,35.86285507560772,13.043983713181346,15.586661226582567,1.9923808375337622,0.724665761843408,detour_factor_1.35,4.5,1.35,0,4,0,0,8,2,2,25,2,13.043983713181346,0.0,True,True,0.5054848190140365,0.0,0.0,0.0,0.5054848190140365,0.5054848190140365,0.5054848190140365
06037600201,70.4219056717498,41.226860378090265,84.73045941678505,3.912328092874989,2.2903811321161256,detour_factor_1.35,4.5,1.35,0,0,0,0,0,0,0,4,0,70.4219056717498,,False,False,0.24437840898907318,0.0,0.0,0.0,0.24437840898907318,0.24437840898907318,0.24437840898907318
06037601002,16.52850209028752,20.200583944112118,21.889984217498473,0.9182501161270844,1.1222546635617843,detour_factor_1.35,4.5,1.35,0,0,0,2,4,1,2,10,2,20.200583944112118,0.0,True,True,0.39760739024370373,0.0,0.0,0.0,0.39760739024370373,0.39760739024370373,0.39760739024370373
06037600100,71.73306575165294,52.518194857805504,73.0844838644807,3.985170319536274,2.9176774921003052,detour_factor_1.35,4.5,1.35,0,0,0,0,0,0,0,0,0,71.73306575165294,,False,False,0.2024756858281613,0.0,0.0,0.0,0.2024756858281613,0.2024756858281613,0.2024756858281613
06037601212,30.27165330537576,23.03991473610678,23.09037953496066,1.68175851696532,1.2799952631170433,detour_factor_1.35,4.5,1.35,0,0,0,0,4,2,2,25,2,23.03991473610678,0.0,True,True,0.3665697742439357,0.0,0.0,0.0,0.3665697742439357,0.3665697742439357,0.3665697742439357
06037600902,42.1021924805801,7.728695675632375,7.210512383918759,2.339010693365561,0.42937198197957643,detour_factor_1.35,4.5,1.35,0,4,1,0,7,1,1,12,2,42.1021924805801,,False,True,0.6330507534510367,0.015967620072690147,0.015967620072690147,0.015967620072690147,0.6490183735237268,0.6490183735237268,0.6490183735237268
06037273100,49.83425950799551,50.83765841611629,120.20923328823508,2.7685699726664175,2.824314356450905,detour_factor_1.35,4.5,1.35,0,0,0,0,0,0,0,0,0,49.83425950799551,,False,False,0.20777820273360023,0.0,0.0,0.0,0.20777820273360023,0.20777820273360023,0.20777820273360023
06037602004,27.539179998718023,19.323719706701752,74.87548482234611,1.5299544443732234,1.0735399837056527,detour_factor_1.35,4.5,1.35,0,0,0,1,4,0,2,8,0,27.539179998718023,,True,True,0.4082834209500677,0.0,0.0,0.0,0.4082834209500677,0.4082834209500677,0.4082834209500677
06037602003,20.49726124761395,20.420132099657764,69.82792275173098,1.1387367359785527,1.1344517833143202,detour_factor_1.35,4.5,1.35,0,0,0,1,8,0,2,8,0,20.420132099657764,0.0,True,True,0.39502116782062774,0.0,0.0,0.0,0.39502116782062774,0.39502116782062774,0.39502116782062774
06037602103,39.79409513442655,12.05155606838002,65.9248215950849,2.210783063023697,0.6695308926877789,detour_factor_1.35,4.5,1.35,0,4,0,0,4,0,1,9,0,39.79409513442655,,False,True,0.5252468554160177,0.0,0.0,0.0,0.5252468554160177,0.5252468554160177,0.5252468554160177
06037301000,108.66185615877434,112.65562801522017,200.8293251083482,6.036769786598574,6.258646000845565,detour_factor_1.35,4.5,1.35,0,0,0,0,0,0,0,0,0,108.66185615877434,,False,False,0.10582937735668867,0.0,0.0,0.0,0.10582937735668867,0.10582937735668867,0.10582937735668867
06037302002,102.74156358718506,121.41583956489472,186.3771372909725,5.707864643732503,6.7453244202719285,detour_factor_1.35,4.5,1.35,0,0,0,0,0,0,0,0,0,102.74156358718506,,False,False,0.09894927773251412,0.0,0.0,0.0,0.09894927773251412,0.09894927773251412,0.09894927773251412
06037300902,51.20583251879385,84.43511918732257,208.23947074033822,2.8447684732663245,4.690839954851254,detour_factor_1.35,4.5,1.35,0,0,0,0,0,0,0,0,0,84.43511918732257,0.0,False,False,0.13637664286970638,0.0,0.0,0.0,0.13637664286970638,0.13637664286970638,0.13637664286970638
06037302103,114.48587662401212,97.3398283046804,172.84824227887756,6.360326479111784,5.40776823914891,detour_factor_1.35,4.5,1.35,0,0,0,0,0,0,0,0,0,114.48587662401212,,False,False,0.12047485710170257,0.0,0.0,0.0,0.12047485710170257,0.12047485710170257,0.12047485710170257
06037302301,80.72612497799825,102.74527944056267,170.77065475927685,4.484784720999903,5.708071080031259,detour_factor_1.35,4.5,1.35,0,0,0,0,0,0,0,0,0,80.72612497799825,,False,False,0.11486468536029715,0.0,0.0,0.0,0.11486468536029715,0.11486468536029715,0.11486468536029715
06037302201,101.00916371211586,113.55865824091613,178.40855897589756,5.611620206228659,6.308814346717563,detour_factor_1.35,4.5,1.35,0,0,0,0,0,0,0,0,0,101.00916371211586,,False,False,0.10507623978406454,0.0,0.0,0.0,0.10507623978406454,0.10507623978406454,0.10507623978406454
06037302202,96.7616251619957,108.5166331242862,169.720802468327,5.3756458423330935,6.0287018402381225,detour_factor_1.35,4.5,1.35,0,0,0,0,0,0,0,0,0,96.7616251619957,,False,False,0.10942418550415262,0.0,0.0,0.0,0.10942418550415262,0.10942418550415262,0.10942418550415262
06037311700,41.01438180910699,82.79579343039636,94.605358580661,2.2785767671726105,4.599766301688686,detour_factor_1.35,4.5,1.35,0,0,0,0,0,0,1,0,0,82.79579343039636,0.0,False,False,0.13870232449010564,0.0,0.0,0.0,0.13870232449010564,0.13870232449010564,0.13870232449010564
06037535300,127.98617364251699,11.927990905846887,89.46939651954963,7.110342980139833,0.662666161435938,detour_factor_1.35,4.5,1.35,0,4,0,0,7,0,0,10,0,127.98617364251699,,False,False,0.5278160878301615,0.0,0.0,0.0,0.5278160878301615,0.5278160878301615,0.5278160878301615
06037534502,165.4032636134184,70.86091561112703,137.97115392962996,9.189070200745466,3.9367175339515015,detour_factor_1.35,4.5,1.35,0,0,0,0,0,0,0,0,0,165.4032636134184,,False,False,0.15836394409942192,0.0,0.0,0.0,0.15836394409942192,0.15836394409942192,0.15836394409942192
06037188300,60.34453891883713,63.13275020946859,125.18951309156624,3.3524743843798404,3.5073750116371434,detour_factor_1.35,4.5,1.35,0,0,0,0,0,0,0,0,0,60.34453891883713,,False,False,0.1743692460183343,0.0,0.0,0.0,0.1743692460183343,0.1743692460183343,0.1743692460183343
06037532606,120.61137943856752,38.74314507133179,98.97735385495446,6.70063219103153,2.1523969484073215,detour_factor_1.35,4.5,1.35,0,0,0,0,0,0,0,7,0,120.61137943856752,,False,False,0.25603369778051094,0.0,0.0,0.0,0.25603369778051094,0.25603369778051094,0.25603369778051094
06037532603,101.2895778837691,18.016359617153135,77.78208940841763,5.627198771320505,1.0009088676196185,detour_factor_1.35,4.5,1.35,0,0,0,0,7,0,0,10,0,101.2895778837691,,False,False,0.4253098540515828,0.0,0.0,0.0,0.4253098540515828,0.4253098540515828,0.4253098540515828
06037532604,108.28870270143564,25.465389188320422,85.43210220771533,6.016039038968645,1.4147438437955788,detour_factor_1.35,4.5,1.35,0,0,0,0,4,0,0,9,0,108.28870270143564,,False,False,0.34365392638615705,0.0,0.0,0.0,0.34365392638615705,0.34365392638615705,0.34365392638615705
06037532605,113.55437811199023,31.397166801187968,91.68604751904822,6.308576561777234,1.7442870445104426,detour_factor_1.35,4.5,1.35,0,0,0,0,0,0,0,7,0,113.55437811199023,,False,False,0.29808147222219794,0.0,0.0,0.0,0.29808147222219794,0.29808147222219794,0.29808147222219794
06037534203,239.9476359995221,91.09071061121176,107.07030424025693,13.330424222195672,5.060595033956209,detour_factor_1.35,4.5,1.35,0,0,0,0,0,0,0,0,0,239.9476359995221,,False,False,0.12768451430988503,0.0,0.0,0.0,0.12768451430988503,0.12768451430988503,0.12768451430988503
06037532800,74.97822048668553,15.039287788060822,46.73016720946099,4.165456693704751,0.835515988225601,detour_factor_1.35,4.5,1.35,0,0,0,0,7,0,0,10,0,74.97822048668553,,False,False,0.4699366081225198,0.0,0.0,0.0,0.4699366081225198,0.4699366081225198,0.4699366081225198
06037533106,129.752065767201,43.83228532603147,105.89714296544027,7.208448098177834,2.4351269625573035,detour_factor_1.35,4.5,1.35,0,0,0,0,0,0,0,3,0,129.752065767201,,False,False,0.233240427481127,0.0,0.0,0.0,0.233240427481127,0.233240427481127,0.233240427481127
06037432101,86.55651179327472,96.23471709043419,39.67953769772091,4.808695099626373,5.346373171690788,detour_factor_1.35,4.5,1.35,0,0,0,0,0,0,0,0,1,86.55651179327472,,False,False,0.12168997515028399,0.12982127247716183,0.12982127247716183,0.12982127247716183,0.2515112476274458,0.2515112476274458,0.2515112476274458
06037432402,97.5154285404175,105.2789078467497,19.4064682095818,5.417523807800972,5.848828213708317,detour_factor_1.35,4.5,1.35,0,0,0,0,0,1,0,0,1,97.5154285404175,,False,False,0.11241110698760004,0.29484039439539034,0.29484039439539034,0.29484039439539034,0.4072515013829904,0.4072515013829904,0.4072515013829904
06037432102,95.65729242481736,111.7916395212287,48.80995295241129,5.314294023600964,6.210646640068261,detour_factor_1.35,4.5,1.35,0,0,0,0,0,0,0,0,0,95.65729242481736,,False,False,0.10656012967795982,0.10799777561247763,0.10799777561247763,0.10799777561247763,0.21455790529043745,0.21455790529043745,0.21455790529043745
06037480101,76.19015442926748,79.17606170224936,89.65677990186138,4.232786357181527,4.398670094569408,detour_factor_1.35,4.5,1.35,0,0,0,0,0,0,0,0,0,76.19015442926748,,False,False,0.1441295052054423,0.0,0.0,0.0,0.1441295052054423,0.1441295052054423,0.1441295052054423
06037480012,62.75454952077225,59.30770401365591,105.6737264162699,3.4863638622651245,3.2948724452031057,detour_factor_1.35,4.5,1.35,0,0,0,0,0,0,0,0,0,62.75454952077225,,False,False,0.183550976421814,0.0,0.0,0.0,0.183550976421814,0.183550976421814,0.183550976421814
06037480201,122.64500566691876,77.04192166703855,141.18507729609308,6.81361142593993,4.280106759279919,detour_factor_1.35,4.5,1.35,0,0,0,0,0,0,0,0,0,122.64500566691876,,False,False,0.1475330092654064,0.0,0.0,0.0,0.1475330092654064,0.1475330092654064,0.1475330092654064
06037481101,129.1218546475588,91.29228594941665,125.25586243135366,7.1734363693088214,5.0717936638564804,detour_factor_1.35,4.5,1.35,0,0,0,0,0,0,0,0,0,129.1218546475588,,False,False,0.12743851290667246,0.0,0.0,0.0,0.12743851290667246,0.12743851290667246,0.12743851290667246
06037403402,140.19098327296783,194.30276778838774,35.8811462427459,7.788387959609323,10.794598210465985,detour_factor_1.35,4.5,1.35,0,0,0,0,0,0,0,0,1,140.19098327296783,,False,False,0.06421490897441301,0.20670806833192468,0.20670806833192468,0.0,0.2709229773063377,0.2709229773063377,0.06421490897441301
06037403404,145.15380105768978,171.69629170542746,57.20619184217386,8.064100058760543,9.538682872523745,detour_factor_1.35,4.5,1.35,0,0,0,0,0,0,0,0,0,145.15380105768978,,False,False,0.07206053263384289,0.11695879093204563,0.11695879093204563,0.0,0.18901932356588852,0.18901932356588852,0.07206053263384289
06037403407,112.61223218215228,174.97161989001006,87.17234171078438,6.256235121230683,9.720645549445003,detour_factor_1.35,4.5,1.35,0,0,0,0,0,0,0,0,0,112.61223218215228,,False,False,0.07080713016358645,0.06185536205369946,0.06185536205369946,0.0,0.1326624922172859,0.1326624922172859,0.07080713016358645
06037403703,131.03621841621867,71.87722259425955,161.06571651256974,7.279789912012147,3.9931790330144192,detour_factor_1.35,4.5,1.35,0,0,0,0,0,0,0,0,0,131.03621841621867,,False,False,0.1564751360695645,0.0,0.0,0.0,0.1564751360695645,0.1564751360695645,0.1564751360695645
06037403600,161.79713293564225,112.9498134244651,152.3347184792308,8.98872960753568,6.274989634692505,detour_factor_1.35,4.5,1.35,0,0,0,0,0,0,0,0,0,161.79713293564225,,False,False,0.10558284043163466,0.0,0.0,0.0,0.10558284043163466,0.10558284043163466,0.10558284043163466
06037404902,140.6594325077378,93.03670286597989,96.10204511259455,7.8144129170965435,5.16870571477666,detour_factor_1.35,4.5,1.35,0,0,0,0,0,0,0,0,0,140.6594325077378,,False,False,0.12534858320767797,0.0,0.0,0.0,0.12534858320767797,0.12534858320767797,0.12534858320767797
06037405400,137.9351158500705,72.07004309310821,178.75793055017076,7.663061991670584,4.003891282950456,detour_factor_1.35,4.5,1.35,0,0,0,0,0,0,0,0,0,72.07004309310821,0.0,False,False,0.156121852451787,0.0,0.0,0.0,0.156121852451787,0.156121852451787,0.156121852451787
06037554512,253.95369774472198,109.87533559898785,49.740805736004134,14.108538763595666,6.10418531105488,detour_factor_1.35,4.5,1.35,0,0,0,0,0,0,0,0,0,109.87533559898785,0.0,False,False,0.1082174935325157,0.1031739504105556,0.1031739504105556,0.1031739504105556,0.2113914439430713,0.2113914439430713,0.2113914439430713
06037554517,229.66253428018555,130.2526737639915,77.17065207277416,12.75902968223253,7.236259653555083,detour_factor_1.35,4.5,1.35,0,0,0,0,0,0,0,0,0,130.2526737639915,0.0,False,False,0.09285955924866544,0.054463603079538056,0.054463603079538056,0.054463603079538056,0.1473231623282035,0.1473231623282035,0.1473231623282035
06037554515,194.1953037410072,130.89268535884227,107.03177264341524,10.78862798561151,7.271815853269014,detour_factor_1.35,4.5,1.35,0,0,0,0,0,0,0,0,0,130.89268535884227,0.0,False,False,0.09244748939365044,0.018326586075605472,0.018326586075605472,0.018326586075605472,0.11077407546925591,0.11077407546925591,0.11077407546925591
06037500300,50.37279416564866,195.06423667167266,118.83371128010445,2.798488564758259,10.836902037315147,detour_factor_1.35,4.5,1.35,0,0,0,0,0,0,0,0,0,195.06423667167266,0.0,False,False,0.06398027257713729,0.03690216277072625,0.03690216277072625,0.03690216277072625,0.10088243534786354,0.10088243534786354,0.10088243534786354
06037551300,249.48873568287087,46.118820780828884,56.99413651730179,13.860485315715046,2.562156710046049,detour_factor_1.35,4.5,1.35,0,0,0,0,0,0,0,0,0,249.48873568287087,,False,False,0.2242699786408105,0.0,0.0,0.0,0.2242699786408105,0.2242699786408105,0.2242699786408105
06037552800,276.3911308344509,37.3829070554725,64.60161449362494,15.355062824136162,2.076828169748472,detour_factor_1.35,4.5,1.35,0,0,0,0,0,0,0,4,0,37.3829070554725,0.0,False,True,0.2629006651738382,0.0,0.0,0.0,0.2629006651738382,0.2629006651738382,0.2629006651738382
06037552900,261.99331200998824,50.21482440769147,68.40171656288788,14.555184000554904,2.78971246709397,detour_factor_1.35,4.5,1.35,0,0,0,0,0,0,0,0,0,50.21482440769147,0.0,False,False,0.20981463204126422,0.0,0.0,0.0,0.20981463204126422,0.20981463204126422,0.20981463204126422
06037552400,282.70068717110786,97.70224656189221,9.113190501469134,15.705593731728214,5.427902586771789,detour_factor_1.35,4.5,1.35,0,0,1,0,0,1,0,0,1,97.70224656189221,0.0,False,False,0.12008162920313309,0.4739227445458442,0.4739227445458442,0.4739227445458442,0.5940043737489773,0.5940043737489773,0.5940043737489773
06037211500,94.31192595649077,23.271564132789948,23.436093024084144,5.239551442027264,1.2928646740438858,detour_factor_1.35,4.5,1.35,0,0,0,0,4,1,0,12,2,94.31192595649077,,False,False,0.364249984463771,0.0,0.0,0.0,0.364249984463771,0.364249984463771,0.364249984463771
06037212202,41.98490446385445,12.84927309460321,10.110121012268229,2.332494692436358,0.7138485052557338,detour_factor_1.35,4.5,1.35,0,4,2,0,12,2,3,19,3,41.98490446385445,,False,True,0.5092439276445304,0.0,0.05950047054757823,0.0,0.5092439276445304,0.5687443981921086,0.5092439276445304
06037212304,59.93802480102674,5.662561390215285,11.777637365689882,3.3298902667237074,0.3145867439008492,detour_factor_1.35,4.5,1.35,0,8,1,0,12,3,0,19,3,59.93802480102674,,False,False,0.701906044825802,0.0,0.0,0.0,0.701906044825802,0.701906044825802,0.701906044825802
06037212303,53.47543001558018,6.881136546519202,5.482124379032635,2.970857223087788,0.3822853636955112,detour_factor_1.35,4.5,1.35,0,8,1,0,14,3,0,19,3,53.47543001558018,,False,False,0.6595935195224917,0.0,0.04904368384303415,0.0,0.6595935195224917,0.7086372033655258,0.6595935195224917
06037212204,43.88153430383198,8.858427564053223,9.894822439774714,2.4378630168795543,0.4921348646696235,detour_factor_1.35,4.5,1.35,0,4,1,0,12,2,1,19,3,43.88153430383198,,False,True,0.6008235847072213,0.0,0.0,0.0,0.6008235847072213,0.6008235847072213,0.6008235847072213
06037212203,48.617462065268306,6.472434047063335,5.880497400899946,2.700970114737128,0.3595796692812964,detour_factor_1.35,4.5,1.35,0,4,2,0,12,2,0,19,3,48.617462065268306,,False,False,0.6732045811327859,0.0,0.020739979832734345,0.0,0.6732045811327859,0.6939445609655203,0.6732045811327859
06037212306,50.74656830927638,13.223179713917116,10.111111684706016,2.8192537949597987,0.7346210952176174,detour_factor_1.35,4.5,1.35,0,4,2,0,13,3,0,19,3,50.74656830927638,,False,False,0.5020739473442961,0.0,0.066646417888235,0.0,0.5020739473442961,0.5687203652325311,0.5020739473442961
06037212410,65.49013875804006,3.8182761215072856,12.516624939935864,3.638341042113337,0.21212645119484916,detour_factor_1.35,4.5,1.35,0,8,1,0,12,3,0,17,3,65.49013875804006,,False,False,0.7773808847758209,0.0,0.0,0.0,0.7773808847758209,0.7773808847758209,0.7773808847758209
06037212305,57.21551478619838,10.236870857493182,15.040808390426344,3.178639710344354,0.56871504763851,detour_factor_1.35,4.5,1.35,0,4,0,0,12,3,0,19,3,57.21551478619838,,False,False,0.5656859493191257,0.0,0.0,0.0,0.5656859493191257,0.5656859493191257,0.5656859493191257
06037212610,83.45307218909538,9.04762108225455,8.902525033231072,4.6362817882830765,0.5026456156808082,detour_factor_1.35,4.5,1.35,0,4,1,0,8,1,0,12,3,83.45307218909538,,False,False,0.5957446266923692,0.0038874231943303306,0.0038874231943303306,0.0038874231943303306,0.5996320498866995,0.5996320498866995,0.5996320498866995
06037213201,63.217683465998356,18.38729584102218,19.987880572865244,3.5120935258887975,1.0215164356123432,detour_factor_1.35,4.5,1.35,0,0,0,0,9,3,0,12,3,63.217683465998356,,False,False,0.4203363451602859,0.0,0.0,0.0,0.4203363451602859,0.4203363451602859,0.4203363451602859
06037212420,62.795158303503634,9.374374810752771,15.632673860982864,3.488619905750201,0.5207986005973761,detour_factor_1.35,4.5,1.35,0,6,0,0,12,3,0,17,3,62.795158303503634,,False,False,0.5871721288969362,0.0,0.0,0.0,0.5871721288969362,0.5871721288969362,0.5871721288969362
06037212620,79.96848457628916,12.571842456464584,12.825906695164907,4.442693587571619,0.6984356920258101,detour_factor_1.35,4.5,1.35,0,4,1,0,8,1,0,12,3,79.96848457628916,,False,False,0.5146976589359537,0.0,0.0,0.0,0.5146976589359537,0.5146976589359537,0.5146976589359537
06037212900,88.1641292236495,31.539972834956988,31.75591438208087,4.898007179091638,1.752220713053166,detour_factor_1.35,4.5,1.35,0,0,0,0,0,0,0,10,1,88.1641292236495,,False,False,0.29713284961283554,0.0,0.0,0.0,0.29713284961283554,0.29713284961283554,0.29713284961283554
06037212800,103.62129789605792,30.10008597097236,40.1084155204044,5.756738772003218,1.6722269983873532,detour_factor_1.35,4.5,1.35,0,0,0,0,0,0,0,9,1,45.10008597097236,15.0,False,False,0.30698327571026757,0.0,0.0,0.0,0.30698327571026757,0.30698327571026757,0.30698327571026757
06037213100,74.70919764223099,23.165153389648097,23.65720317563852,4.1505109801239435,1.2869529660915608,detour_factor_1.35,4.5,1.35,0,0,0,0,8,1,0,12,3,74.70919764223099,,False,False,0.3653119493564631,0.0,0.0,0.0,0.3653119493564631,0.3653119493564631,0.3653119493564631
06037213202,60.94713525980419,25.39247015760481,23.209424753425033,3.3859519588780103,1.4106927865336005,detour_factor_1.35,4.5,1.35,0,0,0,0,8,2,0,12,3,60.94713525980419,,False,False,0.3443010120229872,0.0,0.02056836378268856,0.0,0.3443010120229872,0.36486937580567574,0.3443010120229872
06037213402,36.0679149922774,23.47433660748527,6.14897644101395,2.0037730551265223,1.3041298115269595,detour_factor_1.35,4.5,1.35,0,0,1,0,8,2,3,20,3,36.0679149922774,,False,True,0.3622433409876637,0.0,0.32213820759491657,0.0,0.3622433409876637,0.6843815485825803,0.3622433409876637
06037213401,39.48577520893669,17.434388112723692,6.48820218602446,2.1936541782742602,0.9685771173735385,detour_factor_1.35,4.5,1.35,0,0,1,0,12,2,3,18,3,39.48577520893669,,False,True,0.4333545906774334,0.0,0.23931445256151973,0.0,0.4333545906774334,0.6726690432389532,0.4333545906774334
06037213310,50.95033647729847,23.35605353096462,12.128911186826324,2.8305742487388037,1.2975585294980345,detour_factor_1.35,4.5,1.35,0,0,1,0,11,2,0,16,3,50.95033647729847,,False,False,0.3634111788962016,0.0,0.1602399596661001,0.0,0.3634111788962016,0.5236511385623017,0.3634111788962016
06037213320,45.138190969921276,23.650365228700025,5.054682205169539,2.507677276106737,1.3139091793722235,detour_factor_1.35,4.5,1.35,0,0,1,0,8,2,0,16,3,45.138190969921276,,False,False,0.3605191976937925,0.0,0.3645907689262877,0.0,0.3605191976937925,0.7251099666200802,0.3605191976937925
06037460000,93.82227342215995,57.27199932920235,213.03860118410842,5.21234852345333,3.181777740511241,detour_factor_1.35,4.5,1.35,0,0,0,0,0,0,0,0,0,93.82227342215995,,False,False,0.18884314867633523,0.0,0.0,0.0,0.18884314867633523,0.18884314867633523,0.18884314867633523
06037700200,94.24011626187131,46.498047060469716,109.50260315830047,5.235562014548406,2.5832248366927617,detour_factor_1.35,4.5,1.35,0,0,0,0,0,0,0,0,0,94.24011626187131,,False,False,0.22284849932551973,0.0,0.0,0.0,0.22284849932551973,0.22284849932551973,0.22284849932551973
06037221710,29.622521350702996,25.498678614780427,36.232062154793695,1.6456956305946109,1.4165932563766903,detour_factor_1.35,4.5,1.35,0,0,0,1,9,0,6,25,2,77.49867861478043,52.0,False,False,0.343359323002603,0.0,0.0,0.0,0.343359323002603,0.343359323002603,0.343359323002603
06037553000,264.61540540745506,38.90983977676721,71.92223348809964,14.700855855969722,2.161657765375956,detour_factor_1.35,4.5,1.35,0,0,0,0,0,0,0,4,0,264.61540540745506,,False,False,0.25521675923539006,0.0,0.0,0.0,0.25521675923539006,0.25521675923539006,0.25521675923539006
06037293304,149.38707435414963,188.14560321416005,154.8823243613403,8.299281908563868,10.45253351189778,detour_factor_1.35,4.5,1.35,0,0,0,0,0,0,0,0,0,149.38707435414963,,False,False,0.06617730648082087,0.013086024388975562,0.013086024388975562,0.013086024388975562,0.07926333086979644,0.07926333086979644,0.07926333086979644
06037227020,47.76277008722059,15.713568836022324,41.19296285509582,2.65348722706781,0.8729760464456846,detour_factor_1.35,4.5,1.35,0,0,0,0,9,0,0,15,1,47.76277008722059,,False,False,0.459027721978557,0.0,0.0,0.0,0.459027721978557,0.459027721978557,0.459027721978557
06037228220,54.24714529371292,15.452817657648861,57.65060636466875,3.013730294095162,0.8584898698693811,detour_factor_1.35,4.5,1.35,0,0,0,0,5,0,0,13,0,54.24714529371292,,False,False,0.46318569431217993,0.0,0.0,0.0,0.46318569431217993,0.46318569431217993,0.46318569431217993
06037228310,34.56630869233577,31.94710242346271,42.922722297041005,1.9203504829075426,1.7748390235257059,detour_factor_1.35,4.5,1.35,0,0,0,0,0,0,3,25,1,85.94710242346271,54.0,False,False,0.2944612416043757,0.0,0.0,0.0,0.2944612416043757,0.2944612416043757,0.2944612416043757
06037228210,48.8027481830779,21.189864508269658,49.73502406081278,2.711263787948772,1.1772146949038698,detour_factor_1.35,4.5,1.35,0,0,0,0,6,0,0,9,0,48.8027481830779,,False,False,0.3862137393676112,0.0,0.0,0.0,0.3862137393676112,0.3862137393676112,0.3862137393676112
06037228100,61.82823474052647,13.307313098987303,57.39072622815514,3.434901930029248,0.7392951721659612,detour_factor_1.35,4.5,1.35,0,3,0,0,6,0,0,13,0,61.82823474052647,,False,False,0.5004883559115605,0.0,0.0,0.0,0.5004883559115605,0.5004883559115605,0.5004883559115605
06037228420,22.384926561619054,29.184320208663657,40.050063789433985,1.2436070312010583,1.6213511227035364,detour_factor_1.35,4.5,1.35,0,0,0,3,2,0,3,17,1,22.384926561619054,,True,True,0.31359522980644444,0.0,0.0,0.0,0.31359522980644444,0.31359522980644444,0.31359522980644444
06037228320,36.00163797699322,34.20702759235022,46.97938667376587,2.0000909987218454,1.9003904217972343,detour_factor_1.35,4.5,1.35,0,0,0,0,0,0,3,18,0,36.00163797699322,,False,True,0.280463443560649,0.0,0.0,0.0,0.280463443560649,0.280463443560649,0.280463443560649
06037228410,22.672458592126176,21.813962786495633,37.96647873205678,1.2595810328958985,1.2118868214719796,detour_factor_1.35,4.5,1.35,0,0,0,2,7,0,3,27,1,22.672458592126176,,True,True,0.37935587670458376,0.0,0.0,0.0,0.37935587670458376,0.37935587670458376,0.37935587670458376
06037228500,30.50195487808032,38.81734989843817,33.794438601606764,1.69455304878224,2.1565194388021203,detour_factor_1.35,4.5,1.35,0,0,0,0,0,0,3,11,1,30.50195487808032,,False,True,0.2556693892978632,0.027249424511964326,0.027249424511964326,0.027249424511964326,0.28291881380982753,0.28291881380982753,0.28291881380982753
06037650605,147.4203223623915,102.1706850537385,113.48276824267892,8.19001790902175,5.676149169652138,detour_factor_1.35,4.5,1.35,0,0,0,0,0,0,0,0,0,147.4203223623915,,False,False,0.11543609927622839,0.0,0.0,0.0,0.11543609927622839,0.11543609927622839,0.11543609927622839
06037650604,150.37411401459494,113.081725615264,118.60212420919773,8.354117445255273,6.282318089736889,detour_factor_1.35,4.5,1.35,0,0,0,0,0,0,0,0,0,150.37411401459494,,False,False,0.1054726663439275,0.0,0.0,0.0,0.1054726663439275,0.1054726663439275,0.1054726663439275
06037461501,58.3506518225798,47.575523953754704,258.8389783545998,3.241702879032211,2.643084664097483,detour_factor_1.35,4.5,1.35,0,0,0,0,0,0,0,0,0,58.3506518225798,,False,False,0.21890631227061036,0.0,0.0,0.0,0.21890631227061036,0.21890631227061036,0.21890631227061036
06037267403,48.917153003351736,32.08030344155254,34.212577758658554,2.7176196112973185,1.7822390800862515,detour_factor_1.35,4.5,1.35,0,0,0,0,0,0,0,23,1,48.917153003351736,,False,False,0.2935975684886523,0.0,0.0,0.0,0.2935975684886523,0.2935975684886523,0.2935975684886523
06037265601,37.68571808782867,40.31755261384665,27.092736511396232,2.09365100487937,2.2398640341025917,detour_factor_1.35,4.5,1.35,0,0,0,0,0,2,1,13,2,37.68571808782867,,False,True,0.24852028252544012,0.08129989006478833,0.08129989006478833,0.0,0.32982017259022844,0.32982017259022844,0.24852028252544012
06037239802,106.60677140810529,33.31613886253315,60.020298198529424,5.922598411561404,1.8508966034740637,detour_factor_1.35,4.5,1.35,0,0,0,0,0,0,0,7,0,100.31613886253315,67.0,False,False,0.28581959678666574,0.0,0.0,0.0,0.28581959678666574,0.28581959678666574,0.28581959678666574
06037239702,101.80134160337747,53.363835938175974,53.57430976347446,5.655630089076525,2.964657552120887,detour_factor_1.35,4.5,1.35,0,0,0,0,0,0,0,0,0,120.36383593817598,67.0,False,False,0.199908534034725,0.0,0.0,0.0,0.199908534034725,0.199908534034725,0.199908534034725
06037264103,44.46818284167501,51.76927181810455,35.11069846601946,2.4704546023152782,2.876070656561364,detour_factor_1.35,4.5,1.35,0,0,0,0,0,0,1,0,1,44.46818284167501,,False,True,0.20480491221999655,0.07042678997518417,0.07042678997518417,0.0,0.2752317021951807,0.2752317021951807,0.20480491221999655
06037262802,14.09521724863222,61.62935127674635,112.87202959082977,0.7830676249240122,3.4238528487081297,detour_factor_1.35,4.5,1.35,1,0,0,1,0,0,1,0,0,14.09521724863222,,True,True,0.17786627310223757,0.0,0.0,0.0,0.17786627310223757,0.17786627310223757,0.17786627310223757
06037262706,42.66355584875421,74.13195386494165,141.51852082612126,2.3701975471530115,4.118441881385647,detour_factor_1.35,4.5,1.35,0,0,0,0,0,0,1,0,0,42.66355584875421,,False,True,0.15244142859907395,0.0,0.0,0.0,0.15244142859907395,0.15244142859907395,0.15244142859907395
06037262604,64.48697484472626,109.35238517883384,157.77971477298297,3.5826097135959034,6.075132509935213,detour_factor_1.35,4.5,1.35,0,0,0,0,0,0,0,0,0,64.48697484472626,,False,False,0.10867877284356467,0.0,0.0,0.0,0.10867877284356467,0.10867877284356467,0.10867877284356467
06037262501,31.130246465167616,84.85822058348245,124.88122507787064,1.7294581369537565,4.714345587971247,detour_factor_1.35,4.5,1.35,0,0,0,0,0,0,1,0,0,31.130246465167616,,False,True,0.13578900426230994,0.0,0.0,0.0,0.13578900426230994,0.13578900426230994,0.13578900426230994
06037241202,96.3110027471468,12.039350128211204,110.76652060350222,5.350611263730377,0.6688527849006224,detour_factor_1.35,4.5,1.35,0,8,0,0,8,0,0,12,0,96.3110027471468,,False,False,0.5254995339196842,0.0,0.0,0.0,0.5254995339196842,0.5254995339196842,0.5254995339196842
06037128601,78.36180414859699,106.34184334426176,78.35880556169437,4.353433563810944,5.90788018579232,detour_factor_1.35,4.5,1.35,0,0,0,0,0,0,0,0,0,106.34184334426176,0.0,False,False,0.11141268977820966,0.004637550656713563,0.03400144816220625,0.0,0.11605024043492322,0.1454141379404159,0.11141268977820966
06037128102,78.01226192292862,119.6200531594804,78.01118189974979,4.334014551273811,6.645558508860022,detour_factor_1.35,4.5,1.35,0,0,0,0,0,0,0,0,0,119.6200531594804,0.0,False,False,0.10028577447370259,0.025811120020518566,0.04568175624569272,0.0,0.12609689449422115,0.1459675307193953,0.10028577447370259
06037128101,91.32199910130814,106.16524428276647,91.32049777865784,5.073444394517119,5.898069126820359,detour_factor_1.35,4.5,1.35,0,0,0,0,0,0,0,0,0,106.16524428276647,0.0,False,False,0.1115773392397012,0.0,0.015826819706617645,0.0,0.1115773392397012,0.12740415894631885,0.1115773392397012
06037127806,57.54240806965774,139.36690855541875,57.54206484901586,3.196800448314319,7.742606030856598,detour_factor_1.35,4.5,1.35,0,0,0,0,0,0,0,0,0,139.36690855541875,0.0,False,False,0.08731704133806921,0.07153980944113413,0.10080653433524343,0.0,0.15885685077920333,0.18812357567331264,0.08731704133806921
06037127804,62.77094827779164,151.59513371881795,62.77242601143317,3.4872749043217577,8.421951873267663,detour_factor_1.35,4.5,1.35,0,0,0,0,0,0,0,0,0,151.59513371881795,0.0,False,False,0.08084312897370993,0.08773242595527853,0.09435167163174799,0.0,0.16857555492898846,0.17519480060545792,0.08084312897370993
06037127803,74.39064536275008,138.9834973822813,74.39131316319951,4.132813631263893,7.721305410126739,detour_factor_1.35,4.5,1.35,0,0,0,0,0,0,0,0,0,138.9834973822813,0.0,False,False,0.08753683536278094,0.05494956950549111,0.06445389775302944,0.0,0.14248640486827205,0.15199073311581038,0.08753683536278094
06037127711,39.08245569968707,158.9548760927645,39.083514400954385,2.1712475388715036,8.830826449598028,detour_factor_1.35,4.5,1.35,0,0,0,0,0,0,1,0,1,158.9548760927645,0.0,False,False,0.07738970285748195,0.1344533423807025,0.17698143752323817,0.0,0.21184304523818445,0.2543711403807201,0.07738970285748195
06037127603,44.63772519305466,178.85609148041317,35.92048286552973,2.4798736218363704,9.936449526689621,detour_factor_1.35,4.5,1.35,0,0,0,0,0,0,1,0,2,178.85609148041317,0.0,False,False,0.06937599894611712,0.20133060538073927,0.20133060538073927,0.0,0.2707066043268564,0.2707066043268564,0.06937599894611712
06037127104,106.30951205603967,121.47356571726733,106.30971411028906,5.906084003113314,6.748531428737072,detour_factor_1.35,4.5,1.35,0,0,0,0,0,0,0,0,0,121.47356571726733,0.0,False,False,0.09890690630253708,0.007292443483893213,0.012535702509447577,0.0,0.1061993497864303,0.11144260881198466,0.09890690630253708
06037127103,114.21105867614071,112.21697608183561,113.31321527732268,6.34505881534115,6.234276448990867,detour_factor_1.35,4.5,1.35,0,0,0,0,0,0,0,0,0,112.21697608183561,0.0,False,False,0.10619912762813474,0.0,0.0,0.0,0.10619912762813474,0.10619912762813474,0.10619912762813474
06037125502,34.598517030036874,30.89665589491369,30.305908587383943,1.9221398350020484,1.7164808830507605,detour_factor_1.35,4.5,1.35,0,0,0,0,0,0,2,9,2,34.598517030036874,,False,True,0.3014545914656958,0.004080810766016019,0.004080810766016019,0.0,0.30553540223171183,0.30553540223171183,0.3014545914656958
06037293302,137.8187035925015,179.75808373418337,136.0144526980626,7.6565946440278605,9.98656020745463,detour_factor_1.35,4.5,1.35,0,0,0,0,0,0,0,0,0,137.8187035925015,,False,False,0.06905192129110108,0.020225152629033225,0.020225152629033225,0.020225152629033225,0.0892770739201343,0.0892770739201343,0.0892770739201343
06037670403,191.80163947678733,234.65108071632375,228.97682394900704,10.655646637599295,13.036171150906876,detour_factor_1.35,4.5,1.35,0,0,0,0,0,0,0,0,0,191.80163947678733,,False,False,0.05376681992063997,0.001259075332266421,0.001259075332266421,0.001259075332266421,0.05502589525290639,0.05502589525290639,0.05502589525290639
06037574100,104.29627701910832,111.42383388173204,141.07586508618903,5.794237612172684,6.190212993429557,detour_factor_1.35,4.5,1.35,0,0,0,0,0,0,0,0,0,104.29627701910832,,False,False,0.10687428731327617,0.0,0.0,0.0,0.10687428731327617,0.10687428731327617,0.10687428731327617
06037101210,207.7824016696801,219.38101444713308,221.1999926042175,11.543466759426671,12.187834135951837,detour_factor_1.35,4.5,1.35,0,0,0,0,0,0,0,0,0,219.38101444713308,0.0,False,False,0.057294848643846735,0.0,0.0,0.0,0.057294848643846735,0.057294848643846735,0.057294848643846735
06037574400,86.74913258227848,145.18297715728835,158.96369693928065,4.819396254571027,8.065720953182685,detour_factor_1.35,4.5,1.35,0,0,0,0,0,0,0,0,0,86.74913258227848,,False,False,0.08411332115960506,0.0,0.0,0.0,0.08411332115960506,0.08411332115960506,0.08411332115960506
06037576802,34.64631599921612,52.55207629990197,53.655195174015084,1.9247953332897845,2.919559794438998,detour_factor_1.35,4.5,1.35,0,0,0,0,0,0,1,0,0,34.64631599921612,,False,True,0.2023715631056417,0.0,0.0,0.0,0.2023715631056417,0.2023715631056417,0.2023715631056417
06037576801,39.08099465445303,42.23950319840292,43.174265019447255,2.171166369691835,2.3466390665779397,detour_factor_1.35,4.5,1.35,0,0,0,0,0,0,2,8,1,39.08099465445303,,False,True,0.23992536939731343,0.0,0.0,0.0,0.23992536939731343,0.23992536939731343,0.23992536939731343
06037576700,23.982917052249487,49.908733317732775,53.479648915536586,1.332384280680527,2.7727074065407096,detour_factor_1.35,4.5,1.35,0,0,0,1,0,0,1,0,0,49.908733317732775,0.0,False,False,0.21083013315961213,0.0,0.0,0.0,0.21083013315961213,0.21083013315961213,0.21083013315961213
06037576601,14.882350472975698,17.536020296943082,20.9046039372441,0.8267972484986499,0.9742233498301712,detour_factor_1.35,4.5,1.35,1,0,0,2,16,2,2,20,2,17.536020296943082,0.0,True,True,0.43192784316209676,0.0,0.0,0.0,0.43192784316209676,0.43192784316209676,0.43192784316209676
06037576602,34.9876771149792,43.49688525743009,44.779470194389305,1.9437598397210665,2.4164936254127825,detour_factor_1.35,4.5,1.35,0,0,0,0,0,0,2,6,1,43.49688525743009,0.0,False,True,0.2346169637204315,0.0,0.0,0.0,0.2346169637204315,0.2346169637204315,0.2346169637204315
06037576501,22.459426932888345,17.767188983923017,18.826310419052454,1.247745940716019,0.9870660546623898,detour_factor_1.35,4.5,1.35,0,0,0,2,20,2,2,23,2,22.459426932888345,,True,True,0.4287173442722291,0.0,0.0,0.0,0.4287173442722291,0.4287173442722291,0.4287173442722291
06037576503,34.258424103664446,32.73388122540597,33.6742688142797,1.9032457835369134,1.8185489569669981,detour_factor_1.35,4.5,1.35,0,0,0,0,0,0,2,20,2,34.258424103664446,,False,True,0.28943215822897844,0.0,0.0,0.0,0.28943215822897844,0.28943215822897844,0.28943215822897844
06037576200,15.864470883377155,4.7669841334460195,5.694114213810304,0.881359493520953,0.26483245185811216,detour_factor_1.35,4.5,1.35,0,16,2,2,20,2,2,23,2,15.864470883377155,,True,True,0.7366353301705805,0.0,0.0,0.0,0.7366353301705805,0.7366353301705805,0.7366353301705805
06037576401,35.52066722175861,18.388906325763987,26.085503179550262,1.9733704012088116,1.0216059069868881,detour_factor_1.35,4.5,1.35,0,0,0,0,19,1,2,23,2,35.52066722175861,,False,True,0.42031500539116545,0.0,0.0,0.0,0.42031500539116545,0.42031500539116545,0.42031500539116545
06037576403,43.429378192646396,32.88618849826502,37.5687798253139,2.4127432329247998,1.8270104721258342,detour_factor_1.35,4.5,1.35,0,0,0,0,0,0,1,22,2,43.429378192646396,,False,True,0.2884783919209197,0.0,0.0,0.0,0.2884783919209197,0.2884783919209197,0.2884783919209197
06037294110,128.6019331777582,115.49287234126817,127.06534811833433,7.14455184320879,6.416270685626009,detour_factor_1.35,4.5,1.35,0,0,0,0,0,0,0,0,0,128.6019331777582,,False,False,0.10349861088831278,0.0,0.0,0.0,0.10349861088831278,0.10349861088831278,0.10349861088831278
06037294610,121.53435956180888,111.59769454964918,115.6583571486489,6.751908864544937,6.199871919424954,detour_factor_1.35,4.5,1.35,0,0,0,0,0,0,0,0,0,121.53435956180888,,False,False,0.10672555536661468,0.0,0.0,0.0,0.10672555536661468,0.10672555536661468,0.10672555536661468
06037543604,112.25394172307598,141.87572302844697,121.58640170622678,6.236330095726443,7.8819846126914985,detour_factor_1.35,4.5,1.35,0,0,0,0,0,0,0,0,0,112.25394172307598,,False,False,0.08590564008233105,0.012918548457794957,0.012918548457794957,0.012918548457794957,0.098824188540126,0.098824188540126,0.098824188540126
06037576502,28.505223796296512,25.41030678008441,26.49207399262929,1.583623544238695,1.4116837100046895,detour_factor_1.35,4.5,1.35,0,0,0,1,8,1,2,23,2,28.505223796296512,,True,True,0.3441425042742878,0.0,0.0,0.0,0.3441425042742878,0.3441425042742878,0.3441425042742878
06037294620,105.69551726128454,95.02903931391938,99.54285424993633,5.871973181182474,5.279391072995521,detour_factor_1.35,4.5,1.35,0,0,0,0,0,0,0,0,0,105.69551726128454,,False,False,0.12304394050817573,0.0,0.0,0.0,0.12304394050817573,0.12304394050817573,0.12304394050817573
06037294410,143.11606507656396,164.44134888158396,149.32063134475464,7.950892504253554,9.13563049342133,detour_factor_1.35,4.5,1.35,0,0,0,0,0,0,0,0,0,143.11606507656396,,False,False,0.07500130596332191,0.006972308142682973,0.006972308142682973,0.006972308142682973,0.08197361410600489,0.08197361410600489,0.08197361410600489
06037101110,219.68702346669716,228.2013967420827,230.08367334844309,12.20483463703873,12.677855374560147,detour_factor_1.35,4.5,1.35,0,0,0,0,0,0,0,0,0,228.2013967420827,0.0,False,False,0.05520255132324108,0.0,0.0,0.0,0.05520255132324108,0.05520255132324108,0.05520255132324108
06037294200,134.77321390260997,131.78052726175451,138.33153608570044,7.48740077236722,7.321140403430806,detour_factor_1.35,4.5,1.35,0,0,0,0,0,0,0,0,0,134.77321390260997,,False,False,0.09188187316260174,0.0,0.0,0.0,0.09188187316260174,0.09188187316260174,0.09188187316260174
06037543903,60.46298617518231,87.50270053975503,86.42161040247466,3.3590547875101273,4.8612611410975015,detour_factor_1.35,4.5,1.35,0,0,0,0,0,0,0,0,0,60.46298617518231,,False,False,0.13222786360394329,0.0014330140829357796,0.0014330140829357796,0.0014330140829357796,0.13366087768687906,0.13366087768687906,0.13366087768687906
06037572202,88.30986348377921,9.313510405053043,75.9603670920678,4.906103526876622,0.517417244725169,detour_factor_1.35,4.5,1.35,0,3,0,0,7,0,0,10,0,98.31351040505304,89.0,False,False,0.5887501802616912,0.0,0.0,0.0,0.5887501802616912,0.5887501802616912,0.5887501802616912
06037543701,82.07667889177031,111.01579750746505,99.07459626153654,4.559815493987239,6.16754430597028,detour_factor_1.35,4.5,1.35,0,0,0,0,0,0,0,0,0,82.07667889177031,,False,False,0.10722498213842543,0.011390611809333276,0.011390611809333276,0.011390611809333276,0.11861559394775871,0.11861559394775871,0.11861559394775871
06037113322,213.58761579402668,365.06774340669153,46.95349881942991,11.865978655223703,20.28154130037175,detour_factor_1.35,4.5,1.35,0,0,0,0,0,0,0,0,0,365.06774340669153,0.0,False,False,0.0352359814834613,0.03475021588081581,0.18592895383023145,0.0,0.06998619736427711,0.22116493531369275,0.0352359814834613
06037113421,199.39127530656955,364.34119887582983,43.16749557210185,11.077293072587198,20.24117771532388,detour_factor_1.35,4.5,1.35,0,0,0,0,0,0,0,0,1,364.34119887582983,0.0,False,False,0.03530376606370981,0.03968741079878051,0.20068097241949348,0.0,0.07499117686249032,0.23598473848320328,0.03530376606370981
06037115201,166.33180830765625,308.2928521897208,101.71502463147236,9.240656017092013,17.12738067720671,detour_factor_1.35,4.5,1.35,0,0,0,0,0,0,0,0,0,308.2928521897208,0.0,False,False,0.0414559943608124,0.051585807158056975,0.07443730102556867,0.0,0.09304180151886937,0.11589329538638107,0.0414559943608124
06037115302,148.25104991480745,308.73431439339976,95.99742728586826,8.236169439711524,17.151906355188874,detour_factor_1.35,4.5,1.35,0,0,0,0,0,0,0,0,0,308.73431439339976,0.0,False,False,0.04139917010430789,0.06482552841634837,0.08055491910004017,0.0,0.10622469852065625,0.12195408920434805,0.04139917010430789
06037115202,147.4568500022781,296.3603278308972,108.50704961693057,8.192047222348782,16.464462657272065,detour_factor_1.35,4.5,1.35,0,0,0,0,0,0,0,0,0,296.3603278308972,0.0,False,False,0.04305329751732525,0.06424974663970065,0.06637949488267972,0.0,0.1073030441570259,0.10943279240000497,0.04305329751732525
06037115101,138.12056913559985,263.5770612642071,104.39774101359964,7.673364951977769,14.643170070233726,detour_factor_1.35,4.5,1.35,0,0,0,0,0,0,0,0,0,263.5770612642071,0.0,False,False,0.048150353303681157,0.06510210283243056,0.06510210283243056,0.0,0.11325245613611172,0.11325245613611172,0.048150353303681157
06037117301,139.1027194079365,237.9733617592142,111.09141292408606,7.727928855996471,13.220742319956344,detour_factor_1.35,4.5,1.35,0,0,0,0,0,0,0,0,0,237.9733617592142,0.0,False,False,0.053056021163396104,0.05410379820041692,0.05410379820041692,0.0,0.10715981936381302,0.10715981936381302,0.053056021163396104
06037117302,125.4055697496627,242.4469674792184,94.34036132037545,6.966976097203482,13.469275971067685,detour_factor_1.35,4.5,1.35,0,0,0,0,0,0,0,0,0,242.4469674792184,0.0,False,False,0.05212806964014266,0.0717028565318894,0.0717028565318894,0.0,0.12383092617203206,0.12383092617203206,0.05212806964014266
06037117404,114.2555748232554,208.92000531128406,91.0575485581397,6.347531934625299,11.606666961738004,detour_factor_1.35,4.5,1.35,0,0,0,0,0,0,0,0,0,208.92000531128406,0.0,False,False,0.05999159974219016,0.06773347635396686,0.06773347635396686,0.0,0.12772507609615702,0.12772507609615702,0.05999159974219016
06037115401,112.79145972865527,254.7582661183409,77.43821250649862,6.2661922071475145,14.153237006574496,detour_factor_1.35,4.5,1.35,0,0,0,0,0,0,0,0,0,254.7582661183409,0.0,False,False,0.04973424516323488,0.09715466380015594,0.09715466380015594,0.0,0.14688890896339082,0.14688890896339082,0.04973424516323488
06037119320,142.61303875699085,189.25882591716692,127.90047858195717,7.9229465976106015,10.514379217620384,detour_factor_1.35,4.5,1.35,0,0,0,0,0,0,0,0,0,189.25882591716692,0.0,False,False,0.06581366911069343,0.028592430622212076,0.028592430622212076,0.0,0.09440609973290551,0.09440609973290551,0.06581366911069343
06037117510,125.71832955281666,191.97737137559318,108.84615699840201,6.984351641823148,10.665409520866287,detour_factor_1.35,4.5,1.35,0,0,0,0,0,0,0,0,0,191.97737137559318,0.0,False,False,0.06494222184973887,0.044186841441746186,0.044186841441746186,0.0,0.10912906329148506,0.10912906329148506,0.06494222184973887
06037119340,134.86222733634835,180.2142193041431,122.07699683477492,7.4923459631304645,10.011901072452394,detour_factor_1.35,4.5,1.35,0,0,0,0,0,0,0,0,0,180.2142193041431,0.0,False,False,0.0688891858958676,0.029576960053118426,0.029576960053118426,0.0,0.09846614594898602,0.09846614594898602,0.0688891858958676
06037119310,158.20943886833493,196.9774125725423,142.9083903202352,8.78941327046305,10.943189587363461,detour_factor_1.35,4.5,1.35,0,0,0,0,0,0,0,0,0,196.9774125725423,0.0,False,False,0.06339825041227638,0.021939603149151624,0.021939603149151624,0.0,0.085337853561428,0.085337853561428,0.06339825041227638
06037119400,157.86446610998553,172.55184502541724,148.66048542664038,8.770248117221417,9.58621361252318,detour_factor_1.35,4.5,1.35,0,0,0,0,0,0,0,0,0,172.55184502541724,0.0,False,False,0.07172886752487904,0.010578799739199327,0.010578799739199327,0.0,0.08230766726407837,0.08230766726407837,0.07172886752487904
06037602105,49.32454095077973,27.263610823037308,87.64307427294462,2.740252275043318,1.5146450457242948,detour_factor_1.35,4.5,1.35,0,0,0,0,4,0,0,8,0,27.263610823037308,0.0,True,True,0.3284319450739006,0.0,0.0,0.0,0.3284319450739006,0.3284319450739006,0.3284319450739006
06037601600,40.30318117008547,17.778584890155102,49.6702413542814,2.239065620560304,0.9876991605641724,detour_factor_1.35,4.5,1.35,0,0,0,0,9,0,1,26,0,40.30318117008547,,False,True,0.42856031047507454,0.0,0.0,0.0,0.42856031047507454,0.42856031047507454,0.42856031047507454
06037601700,23.49859890186932,3.2527482965643895,60.1063202484309,1.3054777167705178,0.18070823869802163,detour_factor_1.35,4.5,1.35,0,4,0,1,4,0,2,9,0,3.2527482965643895,0.0,True,True,0.8038868752037821,0.0,0.0,0.0,0.8038868752037821,0.8038868752037821,0.8038868752037821
06037601801,13.77226367358316,20.637656766166728,45.92130129905042,0.7651257596435088,1.1465364870092625,detour_factor_1.35,4.5,1.35,1,0,0,2,4,0,2,4,0,13.77226367358316,,True,True,0.39249174940972814,0.0,0.0,0.0,0.39249174940972814,0.39249174940972814,0.39249174940972814
06037601802,15.746618383130926,13.999831574793436,50.91535838070718,0.8748121323961625,0.7777684208218575,detour_factor_1.35,4.5,1.35,0,4,0,1,4,0,2,4,0,15.746618383130926,,True,True,0.4878078838711074,0.0,0.0,0.0,0.4878078838711074,0.4878078838711074,0.4878078838711074
06037601900,7.120018002612734,25.73232543739995,56.04279521922765,0.3955565557007074,1.4295736354111082,detour_factor_1.35,4.5,1.35,1,0,0,2,4,0,2,8,0,25.73232543739995,0.0,True,True,0.34130573380531937,0.0,0.0,0.0,0.34130573380531937,0.34130573380531937,0.34130573380531937
06037602104,33.393422996721775,11.694283587989505,72.97882662698683,1.8551901664845432,0.6496824215549725,detour_factor_1.35,4.5,1.35,0,4,0,0,4,0,1,8,0,11.694283587989505,0.0,True,True,0.5327448224594529,0.0,0.0,0.0,0.5327448224594529,0.5327448224594529,0.5327448224594529
06037600801,36.65280668528197,30.359074503598272,47.86120134823895,2.0362670380712204,1.6866152501999039,detour_factor_1.35,4.5,1.35,0,0,0,0,0,0,1,4,0,36.65280668528197,,False,True,0.30516361980085593,0.0,0.0,0.0,0.30516361980085593,0.30516361980085593,0.30516361980085593
06037602700,57.73924881398885,14.192278507410778,103.93411654043946,3.2077360452216026,0.7884599170783766,detour_factor_1.35,4.5,1.35,0,3,0,0,4,0,0,8,0,57.73924881398885,,False,False,0.48439734638693815,0.0,0.0,0.0,0.48439734638693815,0.48439734638693815,0.48439734638693815
06037601100,14.582278107299683,32.607391769702126,36.9648855544689,0.810126561516649,1.8115217649834512,detour_factor_1.35,4.5,1.35,1,0,0,2,0,0,2,8,2,14.582278107299683,,True,True,0.29022905719118386,0.0,0.0,0.0,0.29022905719118386,0.29022905719118386,0.29022905719118386
06037600601,33.96537737863386,32.922792050923384,71.29237661701015,1.8869654099241029,1.8290440028290769,detour_factor_1.35,4.5,1.35,0,0,0,0,0,0,2,4,0,33.96537737863386,,False,True,0.2882501122299218,0.0,0.0,0.0,0.2882501122299218,0.2882501122299218,0.2882501122299218
06037302104,110.44221653350246,95.14147745094252,180.09789780466474,6.135678696305692,5.2856376361634725,detour_factor_1.35,4.5,1.35,0,0,0,0,0,0,0,0,0,110.44221653350246,,False,False,0.12291640093154317,0.0,0.0,0.0,0.12291640093154317,0.12291640093154317,0.12291640093154317
06037300901,58.460517771930704,98.97840260449345,232.70614640381177,3.247806542885039,5.498800144694081,detour_factor_1.35,4.5,1.35,0,0,0,0,0,0,0,0,0,98.97840260449345,0.0,False,False,0.11871718678370674,0.0,0.0,0.0,0.11871718678370674,0.11871718678370674,0.11871718678370674
06037320100,261.97025857400337,265.90138351646743,244.75682422689377,14.553903254111297,14.772299084248191,detour_factor_1.35,4.5,1.35,0,0,0,0,0,0,0,0,0,265.90138351646743,0.0,False,False,0.04774955451010513,0.003911979038387164,0.003911979038387164,0.0,0.051661533548492296,0.051661533548492296,0.04774955451010513
06037106113,286.61386214209466,284.6366552514018,253.073764950918,15.92299234122748,15.813147513966763,detour_factor_1.35,4.5,1.35,0,0,0,0,0,0,0,0,0,284.6366552514018,0.0,False,False,0.044747235775866305,0.005301480715564855,0.005301480715564855,0.0,0.05004871649143116,0.05004871649143116,0.044747235775866305
06037311802,62.11563345604305,106.57658794925473,110.13351228403273,3.450868525335724,5.920921552736374,detour_factor_1.35,4.5,1.35,0,0,0,0,0,0,0,0,0,106.57658794925473,0.0,False,False,0.11119457998734794,0.0,0.0,0.0,0.11119457998734794,0.11119457998734794,0.11119457998734794
06037302102,106.03158533148574,87.91848539772857,154.25859456957298,5.890643629526985,4.884360299873809,detour_factor_1.35,4.5,1.35,0,0,0,0,0,0,0,0,0,106.03158533148574,,False,False,0.1316848773724096,0.0,0.0,0.0,0.1316848773724096,0.1316848773724096,0.1316848773724096
06037302302,77.19764813087254,96.44589304739262,163.4517283478209,4.2887582294929185,5.358105169299589,detour_factor_1.35,4.5,1.35,0,0,0,0,0,0,0,0,0,77.19764813087254,,False,False,0.12145588717388048,0.0,0.0,0.0,0.12145588717388048,0.12145588717388048,0.12145588717388048
06037124400,111.91515627724262,55.23853709563859,55.321275044025995,6.217508682069034,3.0688076164243663,detour_factor_1.35,4.5,1.35,0,0,0,0,0,0,0,0,0,55.23853709563859,0.0,False,False,0.19444319149999356,0.0,0.0,0.0,0.19444319149999356,0.19444319149999356,0.19444319149999356
06037125200,65.36367787500465,13.058205898368708,12.254448038773441,3.631315437500258,0.725455883242706,detour_factor_1.35,4.5,1.35,0,4,2,0,4,2,0,4,2,65.36367787500465,,False,False,0.5052124173688615,0.015869623290904022,0.015869623290904022,0.0,0.5210820406597655,0.5210820406597655,0.5052124173688615
06037124700,114.64831502304425,68.40574253109975,67.9275429227707,6.369350834613569,3.800319029505541,detour_factor_1.35,4.5,1.35,0,0,0,0,0,0,0,0,0,114.64831502304425,,False,False,0.1631206762778564,0.0009599237308320352,0.0009599237308320352,0.0,0.16408060000868843,0.16408060000868843,0.1631206762778564
06037125100,79.65971933009342,26.433111208705657,25.865880152500534,4.425539962782968,1.4685061782614253,detour_factor_1.35,4.5,1.35,0,0,0,0,4,2,0,4,2,79.65971933009342,,False,False,0.3352910597586373,0.0048518193364200934,0.0048518193364200934,0.0,0.3401428790950574,0.3401428790950574,0.3352910597586373
06037127102,96.84045072010656,134.82344164927827,96.84135666797182,5.38002504000592,7.490191202737681,detour_factor_1.35,4.5,1.35,0,0,0,0,0,0,0,0,0,134.82344164927827,0.0,False,False,0.08999475950322353,0.02824746432231945,0.03102517105592198,0.0,0.11824222382554297,0.1210199305591455,0.08999475950322353
06037534102,219.99503954648557,119.70162510096775,126.54401840485572,12.221946641471419,6.650090283387097,detour_factor_1.35,4.5,1.35,0,0,0,0,0,0,0,0,0,219.99503954648557,,False,False,0.10022428307757889,0.0,0.0,0.0,0.10022428307757889,0.10022428307757889,0.10022428307757889
06037533104,123.25756764920075,31.401311522040164,95.81038167498266,6.847642647177819,1.7445173067800088,detour_factor_1.35,4.5,1.35,0,0,0,0,0,0,0,7,0,123.25756764920075,,False,False,0.2980538546006081,0.0,0.0,0.0,0.2980538546006081,0.2980538546006081,0.2980538546006081
06037533105,127.59344032159542,46.17260199359399,106.46552129272455,7.088524462310856,2.565144555199666,detour_factor_1.35,4.5,1.35,0,0,0,0,0,0,0,0,0,127.59344032159542,,False,False,0.22406728438229928,0.0,0.0,0.0,0.22406728438229928,0.22406728438229928,0.22406728438229928
06037533601,162.33895964194,81.90589164545759,124.6968888647454,9.018831091218889,4.550327313636533,detour_factor_1.35,4.5,1.35,0,0,0,0,0,0,0,0,0,162.33895964194,,False,False,0.13999833930087702,0.0,0.0,0.0,0.13999833930087702,0.13999833930087702,0.13999833930087702
06037533602,161.9930002814809,77.79007453445779,132.1482222916594,8.99961112674894,4.321670807469877,detour_factor_1.35,4.5,1.35,0,0,0,0,0,0,0,0,0,161.9930002814809,,False,False,0.14632171519175802,0.0,0.0,0.0,0.14632171519175802,0.14632171519175802,0.14632171519175802
06037533501,149.35195907843635,71.43431040132131,122.39451062492287,8.29733105991313,3.968572800073406,detour_factor_1.35,4.5,1.35,0,0,0,0,0,0,0,0,0,149.35195907843635,,False,False,0.15729272097110808,0.0,0.0,0.0,0.15729272097110808,0.15729272097110808,0.15729272097110808
06037205120,92.34138779095714,43.28155894606685,83.03428565419397,5.130077099497619,2.4045310525592694,detour_factor_1.35,4.5,1.35,0,0,0,0,0,0,0,3,0,92.34138779095714,,False,False,0.2355092944014093,0.0,0.0,0.0,0.2355092944014093,0.2355092944014093,0.2355092944014093
06037533804,190.16056825045044,106.84683099031024,123.17865060218297,10.564476013913913,5.935935055017235,detour_factor_1.35,4.5,1.35,0,0,0,0,0,0,0,0,0,190.16056825045044,,False,False,0.11094454237412128,0.0,0.0,0.0,0.11094454237412128,0.11094454237412128,0.11094454237412128
06037460302,69.38547392152627,95.307827481895,305.0138635918977,3.8547485511959034,5.294879304549722,detour_factor_1.35,4.5,1.35,0,0,0,0,0,0,0,0,0,95.307827481895,0.0,False,False,0.12272819282564577,0.0,0.0,0.0,0.12272819282564577,0.12272819282564577,0.12272819282564577
06037800101,232.36347197097552,321.7344110004093,223.99121809525914,12.909081776165307,17.874133944467182,detour_factor_1.35,4.5,1.35,0,0,0,0,0,0,0,0,0,232.36347197097552,,False,False,0.03979294801964802,0.016388906125118542,0.016388906125118542,0.0,0.05618185414476656,0.05618185414476656,0.03979294801964802
06037800102,229.46980092392096,280.5715908891349,259.9869536815479,12.748322273551164,15.587310604951938,detour_factor_1.35,4.5,1.35,0,0,0,0,0,0,0,0,0,229.46980092392096,,False,False,0.04536614474428066,0.0034166714855566258,0.0034166714855566258,0.0,0.04878281622983729,0.04878281622983729,0.04536614474428066
06037800202,332.70698640986683,377.38035076431566,310.170440724332,18.483721467214824,20.965575042461982,detour_factor_1.35,4.5,1.35,0,0,0,0,0,0,0,0,0,332.70698640986683,,False,False,0.03412558575757742,0.0032052250351434983,0.007089801519347003,0.0,0.037330810792720916,0.04121538727692442,0.03412558575757742
06037651102,162.00786954862178,153.0398724737013,138.57810395352735,9.000437197145654,8.50221513742785,detour_factor_1.35,4.5,1.35,0,0,0,0,0,0,0,0,0,162.00786954862178,,False,False,0.0801411096736201,0.007629327967328847,0.007629327967328847,0.007629327967328847,0.08777043764094895,0.08777043764094895,0.08777043764094895
06037401704,48.496601495872085,20.678830443652018,63.18809856164705,2.69425563865956,1.1488239135362233,detour_factor_1.35,4.5,1.35,0,0,0,0,2,0,0,4,0,48.496601495872085,,False,False,0.392016615607251,0.0,0.0,0.0,0.392016615607251,0.392016615607251,0.392016615607251
06037408722,124.5345187240411,315.12516426427226,107.11388027591276,6.918584373557838,17.506953570237346,detour_factor_1.35,4.5,1.35,0,0,0,0,0,0,0,0,0,124.5345187240411,,False,False,0.04059366230697431,0.07010489960903006,0.07010489960903006,0.004467092374102838,0.11069856191600437,0.11069856191600437,0.04506075468107715
06037400900,207.16814759274484,19.35385546555192,245.66766810490134,11.509341532930268,1.0752141925306622,detour_factor_1.35,4.5,1.35,0,0,0,0,5,0,0,5,0,207.16814759274484,,False,False,0.407907006484083,0.0,0.0,0.0,0.407907006484083,0.407907006484083,0.407907006484083
06037190700,66.2255450329011,11.16062754772864,83.42166554014474,3.679196946272282,0.6200348637627021,detour_factor_1.35,4.5,1.35,0,7,0,0,7,0,0,11,0,16.160627547728637,5.0,True,True,0.5443518668980272,0.0,0.0,0.0,0.5443518668980272,0.5443518668980272,0.5443518668980272
06037403801,171.47052619089354,57.57863495151076,204.14119220724695,9.526140343938529,3.1988130528617087,detour_factor_1.35,4.5,1.35,0,0,0,0,0,0,0,0,0,171.47052619089354,,False,False,0.18802655822180933,0.0,0.0,0.0,0.18802655822180933,0.18802655822180933,0.18802655822180933
06037405202,118.68025647491126,103.81779026973281,121.64160912008795,6.593347581939514,5.767655014985156,detour_factor_1.35,4.5,1.35,0,0,0,0,0,0,0,0,0,118.68025647491126,,False,False,0.11381310672281393,0.0,0.0,0.0,0.11381310672281393,0.11381310672281393,0.11381310672281393
06037404801,125.15656116818045,110.25944105813298,94.50238548780305,6.953142287121136,6.1255245032296095,detour_factor_1.35,4.5,1.35,0,0,0,0,0,0,0,0,0,125.15656116818045,,False,False,0.10788117184829503,0.015763697208950295,0.015763697208950295,0.015763697208950295,0.12364486905724532,0.12364486905724532,0.12364486905724532
06037404903,137.07326344304744,90.39755125070798,107.13603433786639,7.615181302391524,5.022086180594887,detour_factor_1.35,4.5,1.35,0,0,0,0,0,0,0,0,0,137.07326344304744,,False,False,0.12853773865710028,0.0,0.0,0.0,0.12853773865710028,0.12853773865710028,0.12853773865710028
06037405201,123.11190469981938,92.72674954945015,139.58614550269525,6.839550261101076,5.151486086080563,detour_factor_1.35,4.5,1.35,0,0,0,0,0,0,0,0,0,92.72674954945015,0.0,False,False,0.12571490584322093,0.0,0.0,0.0,0.12571490584322093,0.12571490584322093,0.12571490584322093
06037405600,119.44032055771558,101.52481288046496,193.28915342408263,6.635573364317532,5.640267382248053,detour_factor_1.35,4.5,1.35,0,0,0,0,0,0,0,0,0,101.52481288046496,0.0,False,False,0.11608522140444884,0.0,0.0,0.0,0.11608522140444884,0.11608522140444884,0.11608522140444884
06037405203,107.82591307214783,111.18118857508001,131.6874899540327,5.990328504008212,6.176732698615556,detour_factor_1.35,4.5,1.35,0,0,0,0,0,0,0,0,0,111.18118857508001,0.0,False,False,0.1070825565482287,0.0,0.0,0.0,0.1070825565482287,0.1070825565482287,0.1070825565482287
06037406200,123.50511320434963,109.33134598069809,182.93347075138269,6.861395178019423,6.073963665594338,detour_factor_1.35,4.5,1.35,0,0,0,0,0,0,0,0,0,123.50511320434963,,False,False,0.10869741320726019,0.0,0.0,0.0,0.10869741320726019,0.10869741320726019,0.10869741320726019
06037501802,149.6720822695794,162.25288304752482,135.23231393744044,8.315115681643299,9.014049058195823,detour_factor_1.35,4.5,1.35,0,0,0,0,0,0,0,0,0,162.25288304752482,0.0,False,False,0.07593610482734277,0.013810977208601777,0.013810977208601777,0.013810977208601777,0.08974708203594454,0.08974708203594454,0.08974708203594454
06037109400,199.47615991121472,240.48220016954016,178.9599835806389,11.082008883956373,13.36012223164112,detour_factor_1.35,4.5,1.35,0,0,0,0,0,0,0,0,0,240.48220016954016,0.0,False,False,0.05253158917943998,0.01680692734996375,0.01680692734996375,0.0,0.06933851652940373,0.06933851652940373,0.05253158917943998
06037552602,274.6603785361129,80.29005684752764,28.799446015966048,15.25890991867294,4.460558713751535,detour_factor_1.35,4.5,1.35,0,0,0,0,0,1,0,0,1,80.29005684752764,0.0,False,False,0.1424145537517505,0.17404530337740065,0.17404530337740065,0.17404530337740065,0.31645985712915115,0.31645985712915115,0.31645985712915115
06037552700,283.6397175855733,59.65333817162996,35.82998299553487,15.757762088087404,3.3140743428683312,detour_factor_1.35,4.5,1.35,0,0,0,0,0,0,0,0,1,59.65333817162996,0.0,False,False,0.18268175624951782,0.08852316499994917,0.08852316499994917,0.08852316499994917,0.271204921249467,0.271204921249467,0.271204921249467
06037552601,267.6493779227669,62.90054572160317,47.349159657055004,14.869409884598163,3.4944747623112873,detour_factor_1.35,4.5,1.35,0,0,0,0,0,0,0,0,0,62.90054572160317,0.0,False,False,0.17490036580356771,0.04482253410176801,0.04482253410176801,0.04482253410176801,0.21972289990533572,0.21972289990533572,0.21972289990533572
06037553100,253.96110493022658,49.73004264101692,83.77914403079996,14.108950273901476,2.7627801467231623,detour_factor_1.35,4.5,1.35,0,0,0,0,0,0,0,0,0,253.96110493022658,,False,False,0.21142752235079193,0.0,0.0,0.0,0.21142752235079193,0.21142752235079193,0.21142752235079193
06037554514,236.12754718400097,97.27546432277751,65.83189457002634,13.118197065777832,5.404192462376528,detour_factor_1.35,4.5,1.35,0,0,0,0,0,0,0,0,0,97.27546432277751,0.0,False,False,0.12054496220804639,0.04787915133849574,0.04787915133849574,0.04787915133849574,0.16842411354654213,0.16842411354654213,0.16842411354654213
06037554516,208.17955834273067,131.83426335283045,94.43446060550127,11.565531019040591,7.324125741823913,detour_factor_1.35,4.5,1.35,0,0,0,0,0,0,0,0,0,131.83426335283045,0.0,False,False,0.09184786162822905,0.031874939461128765,0.031874939461128765,0.031874939461128765,0.12372280108935782,0.12372280108935782,0.12372280108935782
06037554600,247.50859389602533,65.8925324357182,71.57276689270458,13.750477438668074,3.6606962464287887,detour_factor_1.35,4.5,1.35,0,0,0,0,0,0,0,0,0,65.8925324357182,0.0,False,False,0.16829520515687202,0.0,0.0,0.0,0.16829520515687202,0.16829520515687202,0.16829520515687202
06037554521,223.68795865428288,82.09882990014091,97.03783879562239,12.427108814126825,4.561046105563384,detour_factor_1.35,4.5,1.35,0,0,0,0,0,0,0,0,0,223.68795865428288,,False,False,0.13971530018358075,0.0,0.0,0.0,0.13971530018358075,0.13971530018358075,0.13971530018358075
06037214000,118.06414920435223,25.641616104937235,70.65723768520903,6.55911940024179,1.4245342280520685,detour_factor_1.35,4.5,1.35,0,0,0,0,5,0,0,10,0,118.06414920435223,,False,False,0.34210008032084754,0.0,0.0,0.0,0.34210008032084754,0.34210008032084754,0.34210008032084754
06037214100,107.3492126335414,26.938659592721947,56.9115598009977,5.963845146307856,1.4965921995956637,detour_factor_1.35,4.5,1.35,0,0,0,0,5,0,0,10,0,107.3492126335414,,False,False,0.33108203405317194,0.0,0.0,0.0,0.33108203405317194,0.33108203405317194,0.33108203405317194
06037214400,122.17510131533074,30.876436792242863,86.4882451114642,6.787505628629485,1.7153575995690482,detour_factor_1.35,4.5,1.35,0,0,0,0,0,0,0,15,0,122.17510131533074,,False,False,0.301592460115954,0.0,0.0,0.0,0.301592460115954,0.301592460115954,0.301592460115954
06037214700,134.28607315692528,10.676090426827146,85.62138866810571,7.460337397606958,0.5931161348237303,detour_factor_1.35,4.5,1.35,0,7,0,0,10,0,0,15,0,134.28607315692528,,False,False,0.5553374985807745,0.0,0.0,0.0,0.5553374985807745,0.5553374985807745,0.5553374985807745
06037214800,122.56540721959217,10.52006135445354,76.24968602174856,6.809189289977342,0.5844478530251966,detour_factor_1.35,4.5,1.35,0,5,0,0,10,0,0,10,0,122.56540721959217,,False,False,0.5589700546966636,0.0,0.0,0.0,0.5589700546966636,0.5589700546966636,0.5589700546966636
06037214600,134.77304983715928,19.94428717820787,89.14496237909715,7.48739165761996,1.1080159543448815,detour_factor_1.35,4.5,1.35,0,0,0,0,10,0,0,15,0,134.77304983715928,,False,False,0.4006696731429197,0.0,0.0,0.0,0.4006696731429197,0.4006696731429197,0.4006696731429197
06037216100,118.98411461812425,13.903844384615157,49.54689164195752,6.610228589895791,0.7724357991452865,detour_factor_1.35,4.5,1.35,0,2,0,0,5,0,0,10,0,28.903844384615155,15.0,True,True,0.4895269793150067,0.0,0.0,0.0,0.4895269793150067,0.4895269793150067,0.4895269793150067
06037571701,108.02474354854486,19.59592887477609,150.15607013935244,6.001374641585826,1.0886627152653383,detour_factor_1.35,4.5,1.35,0,0,0,0,3,0,0,3,0,108.02474354854486,,False,False,0.4049083532169075,0.0,0.0,0.0,0.4049083532169075,0.4049083532169075,0.4049083532169075
06037572100,122.63101050408511,14.825375252386916,110.5251847938811,6.812833916893618,0.8236319584659398,detour_factor_1.35,4.5,1.35,0,1,0,0,4,0,0,7,0,122.63101050408511,,False,False,0.4735065634400183,0.0,0.0,0.0,0.4735065634400183,0.4735065634400183,0.4735065634400183
06037572301,110.42049109460366,43.76812343250846,109.10955762659607,6.134471727477981,2.4315624129171365,detour_factor_1.35,4.5,1.35,0,0,0,0,0,0,0,4,0,110.42049109460366,,False,False,0.23350250744056958,0.0,0.0,0.0,0.23350250744056958,0.23350250744056958,0.23350250744056958
06037572302,106.52277399479,25.312129016131834,95.10213514435148,5.917931888599444,1.406229389785102,detour_factor_1.35,4.5,1.35,0,0,0,0,4,0,0,7,0,106.52277399479,,False,False,0.34501678910610467,0.0,0.0,0.0,0.34501678910610467,0.34501678910610467,0.34501678910610467
06037228600,42.93442931886789,29.200248515049967,43.08576856373574,2.385246073270438,1.622236028613887,detour_factor_1.35,4.5,1.35,0,0,0,0,3,0,1,9,1,90.20024851504996,61.0,False,False,0.3134777922268997,0.0,0.0,0.0,0.3134777922268997,0.3134777922268997,0.3134777922268997
06037229200,48.42461515360429,30.632650471310786,36.89894151471957,2.6902563974224605,1.701813915072821,detour_factor_1.35,4.5,1.35,0,0,0,0,0,0,0,7,1,91.63265047131078,61.0,False,False,0.30326475560237404,0.0,0.0,0.0,0.30326475560237404,0.30326475560237404,0.30326475560237404
06037228800,73.36483454235517,8.10337919511301,64.23636140503496,4.075824141241953,0.45018773306183385,detour_factor_1.35,4.5,1.35,0,3,0,0,7,0,0,10,0,69.103379195113,61.0,False,False,0.621985918579638,0.0,0.0,0.0,0.621985918579638,0.621985918579638,0.621985918579638
06037228900,79.44795026120855,6.868236091192618,61.956299448722284,4.413775014511585,0.3815686717329232,detour_factor_1.35,4.5,1.35,0,4,0,0,7,0,0,10,0,79.44795026120855,,False,False,0.660014727229353,0.0,0.0,0.0,0.660014727229353,0.660014727229353,0.660014727229353
06037231400,41.893344174044756,10.689551634248508,74.51522147208456,2.3274080096691527,0.5938639796804726,detour_factor_1.35,4.5,1.35,0,4,0,0,4,0,1,27,0,41.893344174044756,,False,True,0.5550263155872521,0.0,0.0,0.0,0.5550263155872521,0.5550263155872521,0.5550263155872521
06037231220,2.8686514552463156,7.358124514079322,53.4407577718361,0.15936952529146198,0.40878469522662897,detour_factor_1.35,4.5,1.35,2,9,0,3,13,0,3,21,0,2.8686514552463156,,True,True,0.6443882993483994,0.0,0.0,0.0,0.6443882993483994,0.6443882993483994,0.6443882993483994
06037231500,40.25516059903912,21.42998231825674,63.522899963263335,2.236397811057729,1.1905545732364857,detour_factor_1.35,4.5,1.35,0,0,0,0,4,0,1,17,0,40.25516059903912,,False,True,0.38354607675989805,0.0,0.0,0.0,0.38354607675989805,0.38354607675989805,0.38354607675989805
06037231710,13.382454185974316,21.70516935299592,39.98757099032766,0.743469676998573,1.2058427418331066,detour_factor_1.35,4.5,1.35,2,0,0,2,9,0,3,17,1,13.382454185974316,,True,True,0.38053376460448796,0.0,0.0,0.0,0.38053376460448796,0.38053376460448796,0.38053376460448796
06037232120,25.290106750567602,36.217646953928714,23.40204868622356,1.405005930587089,2.012091497440484,detour_factor_1.35,4.5,1.35,0,0,0,2,0,1,3,13,1,36.217646953928714,0.0,False,True,0.26908313934529565,0.09387302444891887,0.09387302444891887,0.09387302444891887,0.3629561637942145,0.3629561637942145,0.3629561637942145
06037236400,104.00993912225961,25.100392242560424,74.06236412880119,5.778329951236644,1.3944662356978013,detour_factor_1.35,4.5,1.35,0,0,0,0,8,0,0,25,0,104.00993912225961,,False,False,0.34691753488754185,0.0,0.0,0.0,0.34691753488754185,0.34691753488754185,0.34691753488754185
06037236202,108.55286005281276,15.997296065935618,97.68844315886875,6.030714447378487,0.8887386703297565,detour_factor_1.35,4.5,1.35,0,0,0,0,8,0,0,28,0,108.55286005281276,,False,False,0.4545873582128333,0.0,0.0,0.0,0.4545873582128333,0.4545873582128333,0.4545873582128333
06037234200,72.11334129912186,10.963351111560705,95.97398554732516,4.006296738840103,0.6090750617533724,detour_factor_1.35,4.5,1.35,0,8,0,0,20,0,0,28,0,72.11334129912186,,False,False,0.5487717208318661,0.0,0.0,0.0,0.5487717208318661,0.5487717208318661,0.5487717208318661
06037261200,74.63021433463011,144.7722760203394,90.36192372904625,4.146123018590561,8.042904223352188,detour_factor_1.35,4.5,1.35,0,0,0,0,0,0,0,0,0,74.63021433463011,,False,False,0.0843318171179333,0.04425008441795322,0.04425008441795322,0.0,0.12858190153588653,0.12858190153588653,0.0843318171179333
06037262100,64.69366028144171,138.40180839615644,80.01987661981154,3.594092237857873,7.688989355342024,detour_factor_1.35,4.5,1.35,0,0,0,0,0,0,0,0,0,138.40180839615644,0.0,False,False,0.0878724149287956,0.05495431100837889,0.05495431100837889,0.0,0.1428267259371745,0.1428267259371745,0.0878724149287956
06037262400,85.98251381656507,137.56996051467914,117.11669008483594,4.7768063231425035,7.642775584148841,detour_factor_1.35,4.5,1.35,0,0,0,0,0,0,0,0,0,85.98251381656507,,False,False,0.08835680781602066,0.013853471522850241,0.013853471522850241,0.0,0.1022102793388709,0.1022102793388709,0.08835680781602066
06037262303,51.791243945412425,83.23050004949731,65.69199940168511,2.8772913303006904,4.623916669416516,detour_factor_1.35,4.5,1.35,0,0,0,0,0,0,0,0,0,51.791243945412425,,False,False,0.1380779207518914,0.030644346803015615,0.030644346803015615,0.0,0.16872226755490702,0.16872226755490702,0.1380779207518914
06037262302,49.05864491676857,94.78158085257277,53.93794287709325,2.7254802731538095,5.265643380698487,detour_factor_1.35,4.5,1.35,0,0,0,0,0,0,0,0,0,49.05864491676857,,False,False,0.12332556922171123,0.07487690417311874,0.07487690417311874,0.0,0.19820247339482996,0.19820247339482996,0.12332556922171123
06037267200,53.65705605019489,20.140536059188662,39.022315602519726,2.9809475583441603,1.1189186699549256,detour_factor_1.35,4.5,1.35,0,0,0,0,13,0,0,23,2,20.140536059188662,0.0,True,True,0.39832064757688207,0.0,0.0,0.0,0.39832064757688207,0.39832064757688207,0.39832064757688207
06037241002,125.7171238426436,7.0445880354239145,120.01887168220046,6.984284657924643,0.3913660019679952,detour_factor_1.35,4.5,1.35,0,4,0,0,4,0,0,15,0,125.7171238426436,,False,False,0.6543029140241732,0.0,0.0,0.0,0.6543029140241732,0.6543029140241732,0.6543029140241732
06037241001,128.18671344430632,4.616848528939746,120.90341725266072,7.121484080239239,0.25649158494109703,detour_factor_1.35,4.5,1.35,0,4,0,0,8,0,0,12,0,128.18671344430632,,False,False,0.742796559702649,0.0,0.0,0.0,0.742796559702649,0.742796559702649,0.742796559702649
06037240402,90.54487356005976,32.26540276977471,89.15497354540493,5.030270753336653,1.7925223760985947,detour_factor_1.35,4.5,1.35,0,0,0,0,0,0,0,8,0,90.54487356005976,,False,False,0.29240576544016367,0.0,0.0,0.0,0.29240576544016367,0.29240576544016367,0.29240576544016367
06037602507,83.21677238980071,43.449131130694155,100.58973041333266,4.623154021655595,2.4138406183718972,detour_factor_1.35,4.5,1.35,0,0,0,0,0,0,0,4,0,83.21677238980071,,False,False,0.23481427689318055,0.0,0.0,0.0,0.23481427689318055,0.23481427689318055,0.23481427689318055
06037602506,75.94004215656425,36.05712910990777,105.87896307492178,4.218891230920236,2.0031738394393206,detour_factor_1.35,4.5,1.35,0,0,0,0,0,0,0,4,0,75.94004215656425,,False,False,0.26995765323428245,0.0,0.0,0.0,0.26995765323428245,0.26995765323428245,0.26995765323428245
06037602505,77.57030710426574,46.447822392408675,116.48654455799128,4.30946150579254,2.580434577356037,detour_factor_1.35,4.5,1.35,0,0,0,0,0,0,0,0,0,77.57030710426574,,False,False,0.2230357237404821,0.0,0.0,0.0,0.2230357237404821,0.2230357237404821,0.2230357237404821
06037602504,77.68242058097877,42.80957350346297,111.13670121049535,4.315690032276598,2.3783096390812757,detour_factor_1.35,4.5,1.35,0,0,0,0,0,0,0,4,0,77.68242058097877,,False,False,0.23748918758503987,0.0,0.0,0.0,0.23748918758503987,0.23748918758503987,0.23748918758503987
06037600303,75.21736971672553,16.902244965672796,108.82462378048974,4.178742762040307,0.9390136092040443,detour_factor_1.35,4.5,1.35,0,0,0,0,4,0,0,8,0,75.21736971672553,,False,False,0.4409815880310651,0.0,0.0,0.0,0.4409815880310651,0.4409815880310651,0.4409815880310651
06037990200,172.8651386842699,117.99618044232919,156.23041258695355,9.603618815792771,6.5553433579071765,detour_factor_1.35,4.5,1.35,0,0,0,0,0,0,0,0,0,172.8651386842699,,False,False,0.1015257953068293,0.0,0.0,0.0,0.1015257953068293,0.1015257953068293,0.1015257953068293
06037101300,212.6006311111293,232.3963641738419,234.04966919314057,11.811146172840516,12.910909120768995,detour_factor_1.35,4.5,1.35,0,0,0,0,0,0,0,0,0,212.6006311111293,,False,False,0.05426016256315134,0.0,0.0,0.0,0.05426016256315134,0.05426016256315134,0.05426016256315134
06037651001,133.29522913487796,187.38735006048813,124.14813152081906,7.405290507493219,10.410408336693784,detour_factor_1.35,4.5,1.35,0,0,0,0,0,0,0,0,0,133.29522913487796,,False,False,0.06642730140158419,0.030555468948426548,0.030555468948426548,0.030555468948426548,0.09698277035001074,0.09698277035001074,0.09698277035001074
06037702600,124.72845766766335,65.82693613374603,81.48680559091152,6.92935875931463,3.6570520074303348,detour_factor_1.35,4.5,1.35,0,0,0,0,0,0,0,0,0,124.72845766766335,,False,False,0.16843466328621215,0.0,0.0,0.0,0.16843466328621215,0.16843466328621215,0.16843466328621215
06037670701,105.43844056709162,201.89618080541172,202.79462080258853,5.857691142616201,11.21645448918954,detour_factor_1.35,4.5,1.35,0,0,0,0,0,0,0,0,0,201.89618080541172,0.0,False,False,0.061949372448697554,0.0,0.0,0.0,0.061949372448697554,0.061949372448697554,0.061949372448697554
06037670002,157.84770292269573,200.04554747043818,153.61471063491751,8.769316829038651,11.113641526135455,detour_factor_1.35,4.5,1.35,0,0,0,0,0,0,0,0,0,157.84770292269573,,False,False,0.06248665886290309,0.017378507666804703,0.017378507666804703,0.017378507666804703,0.07986516652970779,0.07986516652970779,0.07986516652970779
06037294520,131.0280470842524,124.03901376883778,127.90027417925539,7.279335949125133,6.891056320490987,detour_factor_1.35,4.5,1.35,0,0,0,0,0,0,0,0,0,131.0280470842524,,False,False,0.09705980580951001,0.0,0.0,0.0,0.09705980580951001,0.09705980580951001,0.09705980580951001
06037296600,46.87234210947536,174.08145213465073,174.9282154295848,2.6040190060819643,9.671191785258374,detour_factor_1.35,4.5,1.35,0,0,0,0,0,0,0,0,0,174.08145213465073,0.0,False,False,0.07114344420606589,0.0,0.0,0.0,0.07114344420606589,0.07114344420606589,0.07114344420606589
06037575103,59.13796839487657,60.18088625251326,67.84923564372866,3.285442688604254,3.34338256958407,detour_factor_1.35,4.5,1.35,0,0,0,0,0,0,0,0,0,59.13796839487657,,False,False,0.18137080701459757,0.0,0.0,0.0,0.18137080701459757,0.18137080701459757,0.18137080701459757
06037576402,38.594207495528785,25.69976178916441,31.233504866537608,2.144122638640488,1.427764543842467,detour_factor_1.35,4.5,1.35,0,0,0,0,8,0,2,23,2,38.594207495528785,,False,True,0.3415904706375262,0.0,0.0,0.0,0.3415904706375262,0.3415904706375262,0.3415904706375262
06037575902,17.384044267706734,2.4959005123180975,9.227001993383894,0.9657802370948184,0.13866113957322765,detour_factor_1.35,4.5,1.35,0,16,2,2,20,2,2,23,2,17.384044267706734,,True,True,0.8423233533185963,0.0,0.0,0.0,0.8423233533185963,0.8423233533185963,0.8423233533185963
06037575401,46.28344486826709,17.75642317670271,35.179400682742795,2.5713024926815047,0.9864679542612615,detour_factor_1.35,4.5,1.35,0,0,0,0,8,0,0,26,2,46.28344486826709,,False,False,0.4288658011531618,0.0,0.0,0.0,0.4288658011531618,0.4288658011531618,0.4288658011531618
06037575901,25.05354399470748,13.457249762953811,17.952828778535693,1.3918635552615266,0.7476249868307673,detour_factor_1.35,4.5,1.35,0,4,0,2,20,2,2,23,2,25.05354399470748,,True,True,0.4976873136882629,0.0,0.0,0.0,0.4976873136882629,0.4976873136882629,0.4976873136882629
06037575102,59.606685167361434,45.49179087411627,53.55692633504667,3.311482509297857,2.5273217152286813,detour_factor_1.35,4.5,1.35,0,0,0,0,0,0,0,0,0,59.606685167361434,,False,False,0.2266605215538976,0.0,0.0,0.0,0.2266605215538976,0.2266605215538976,0.2266605215538976
06037575803,28.20761918654536,9.019210140246534,16.446638797925225,1.5670899548080754,0.5010672300136962,detour_factor_1.35,4.5,1.35,0,12,0,1,23,2,2,23,2,28.20761918654536,,True,True,0.5965018410138869,0.0,0.0,0.0,0.5965018410138869,0.5965018410138869,0.5965018410138869
06037297000,61.783731909412595,204.55426332740424,205.3930871951162,3.4324295505229214,11.364125740411346,detour_factor_1.35,4.5,1.35,0,0,0,0,0,0,0,0,0,204.55426332740424,0.0,False,False,0.06119363165997022,0.0,0.0,0.0,0.06119363165997022,0.06119363165997022,0.06119363165997022
06037575801,35.51170155118342,19.801748867087156,26.877993991021484,1.9728723083990787,1.1000971592826196,detour_factor_1.35,4.5,1.35,0,0,0,0,19,2,2,23,2,35.51170155118342,,False,True,0.4023932475158951,0.0,0.0,0.0,0.4023932475158951,0.4023932475158951,0.4023932475158951
06037294830,100.18049615918102,123.39529493708477,124.98448135694505,5.565583119954501,6.855294163171377,detour_factor_1.35,4.5,1.35,0,0,0,0,0,0,0,0,0,100.18049615918102,,False,False,0.0975167636946012,0.0,0.0,0.0,0.0975167636946012,0.0975167636946012,0.0975167636946012
06037294510,128.0309870275089,132.93743464464555,136.4708555635274,7.112832612639382,7.385413035813642,detour_factor_1.35,4.5,1.35,0,0,0,0,0,0,0,0,0,128.0309870275089,,False,False,0.09115514683932384,0.0,0.0,0.0,0.09115514683932384,0.09115514683932384,0.09115514683932384
06037294900,101.72084537956765,138.3459410105852,140.03283318709768,5.651158076642647,7.685885611699178,detour_factor_1.35,4.5,1.35,0,0,0,0,0,0,0,0,0,101.72084537956765,,False,False,0.08790478060371815,0.0,0.0,0.0,0.08790478060371815,0.08790478060371815,0.08790478060371815
06037296210,53.79297976108226,156.12135138794252,156.98703435705005,2.9884988756156803,8.673408410441251,detour_factor_1.35,4.5,1.35,0,0,0,0,0,0,0,0,0,156.12135138794252,0.0,False,False,0.0786837693821472,0.0,0.0,0.0,0.0786837693821472,0.0786837693821472,0.0786837693821472
06037294810,114.01916598398266,130.49265515561976,133.08627422973439,6.334398110221259,7.249591953089986,detour_factor_1.35,4.5,1.35,0,0,0,0,0,0,0,0,0,114.01916598398266,,False,False,0.09270461808338229,0.0,0.0,0.0,0.09270461808338229,0.09270461808338229,0.09270461808338229
06037577501,15.114816089216612,114.88925687508758,117.22452259903126,0.8397120049564784,6.3827364930604205,detour_factor_1.35,4.5,1.35,0,0,0,2,0,0,3,0,0,114.88925687508758,0.0,False,False,0.10398583675201467,0.0,0.0,0.0,0.10398583675201467,0.10398583675201467,0.10398583675201467
06037575201,47.39977131471115,20.892357640089433,36.57326111872175,2.633320628595064,1.160686535560524,detour_factor_1.35,4.5,1.35,0,0,0,0,7,0,0,23,2,47.39977131471115,,False,False,0.38957090285443907,0.0,0.0,0.0,0.38957090285443907,0.38957090285443907,0.38957090285443907
06037575202,52.92290142088715,31.34808604909747,44.02645846647307,2.940161190049286,1.7415603360609706,detour_factor_1.35,4.5,1.35,0,0,0,0,0,0,0,11,1,52.92290142088715,,False,False,0.29840890279721366,0.0,0.0,0.0,0.29840890279721366,0.29840890279721366,0.29840890279721366
06037104500,192.94000174386466,190.78058575962012,182.5879633866143,10.718888985770258,10.598921431090007,detour_factor_1.35,4.5,1.35,0,0,0,0,0,0,0,0,0,190.78058575962012,0.0,False,False,0.06532299900263702,0.0027315390009173823,0.0027315390009173823,0.0,0.0680545380035544,0.0680545380035544,0.06532299900263702
06037104810,198.5290480654058,172.17861286373136,174.06826183092474,11.029391559189209,9.56547849242952,detour_factor_1.35,4.5,1.35,0,0,0,0,0,0,0,0,0,172.17861286373136,0.0,False,False,0.0718731790952679,0.0,0.0,0.0,0.0718731790952679,0.0718731790952679,0.0718731790952679
06037106403,275.52719611769356,293.4941037294397,238.1874478035756,15.307066450982976,16.305227984968873,detour_factor_1.35,4.5,1.35,0,0,0,0,0,0,0,0,0,293.4941037294397,0.0,False,False,0.04345547927842418,0.009555382381057048,0.009555382381057048,0.0,0.053010861659481226,0.053010861659481226,0.04345547927842418
06037107010,265.0228341846335,289.62079805767144,241.38104271386686,14.723490788035194,16.0900443365373,detour_factor_1.35,4.5,1.35,0,0,0,0,0,0,0,0,0,289.62079805767144,0.0,False,False,0.044011062902868284,0.008335151473593067,0.008335151473593067,0.0,0.05234621437646135,0.05234621437646135,0.044011062902868284
06037106641,251.26161943393817,336.9217886650187,179.95964305242606,13.958978857441007,18.71787714805659,detour_factor_1.35,4.5,1.35,0,0,0,0,0,0,0,0,0,336.9217886650187,0.0,False,False,0.0380674899406498,0.01911108341864664,0.030912426363829272,0.0,0.057178573359296436,0.06897991630447907,0.0380674899406498
06037107020,255.60462641779145,283.83766664135834,234.02630901624227,14.200257023210638,15.76875925785324,detour_factor_1.35,4.5,1.35,0,0,0,0,0,0,0,0,0,283.83766664135834,0.0,False,False,0.04486754540136439,0.009035076734910746,0.009035076734910746,0.0,0.053902622136275134,0.053902622136275134,0.04486754540136439
06037108101,231.55639421661337,351.4261813166838,114.5170122169026,12.864244123145188,19.52367673981577,detour_factor_1.35,4.5,1.35,0,0,0,0,0,0,0,0,0,351.4261813166838,0.0,False,False,0.03655376432367096,0.02707033929633155,0.06773483400549271,0.0,0.06362410362000251,0.10428859832916368,0.03655376432367096
06037117530,110.61342760380884,182.661034538383,95.6920740778632,6.145190422433824,10.14783525213239,detour_factor_1.35,4.5,1.35,0,0,0,0,0,0,0,0,0,182.661034538383,0.0,False,False,0.06802916572613128,0.05426648672711558,0.05426648672711558,0.0,0.12229565245324686,0.12229565245324686,0.06802916572613128
06037119800,153.06796968835587,156.69494897538138,147.543982251295,8.50377609379755,8.705274943076743,detour_factor_1.35,4.5,1.35,0,0,0,0,0,0,0,0,0,156.69494897538138,0.0,False,False,0.0784183263648129,0.004460563582349544,0.004460563582349544,0.0,0.08287888994716244,0.08287888994716244,0.0784183263648129
06037117405,124.21327107259248,202.00664981352608,104.20103623632826,6.9007372818106925,11.222591656307003,detour_factor_1.35,4.5,1.35,0,0,0,0,0,0,0,0,0,202.00664981352608,0.0,False,False,0.06191759253663614,0.05152440219351625,0.05152440219351625,0.0,0.11344199473015239,0.11344199473015239,0.06191759253663614
06037120010,96.10560837349186,171.125172562689,85.02916289248597,5.339200465193993,9.506954031260499,detour_factor_1.35,4.5,1.35,0,0,0,0,0,0,0,0,0,171.125172562689,0.0,False,False,0.0722836459536825,0.06326937318404702,0.06326937318404702,0.0,0.13555301913772952,0.13555301913772952,0.0722836459536825
06037119900,132.88459071949768,157.64721924631556,126.39169585552841,7.382477262194316,8.75817884701753,detour_factor_1.35,4.5,1.35,0,0,0,0,0,0,0,0,0,157.64721924631556,0.0,False,False,0.07798157820973345,0.017443940115341325,0.017443940115341325,0.0,0.09542551832507477,0.09542551832507477,0.07798157820973345
06037120030,100.98495102287468,154.53696310951528,95.89643688756888,5.610275056826371,8.585386839417515,detour_factor_1.35,4.5,1.35,0,0,0,0,0,0,0,0,0,154.53696310951528,0.0,False,False,0.07942640011881233,0.04264044398759287,0.04264044398759287,0.0,0.1220668441064052,0.1220668441064052,0.07942640011881233
06037119700,136.5919799802185,129.4567551106155,130.90064989226502,7.588443332234361,7.192041950589749,detour_factor_1.35,4.5,1.35,0,0,0,0,0,0,0,0,0,129.4567551106155,0.0,False,False,0.09337716278932927,0.0,0.0,0.0,0.09337716278932927,0.09337716278932927,0.09337716278932927
06037121010,164.127175491445,119.36227841804211,121.2120500351617,9.118176416191389,6.631237689891228,detour_factor_1.35,4.5,1.35,0,0,0,0,0,0,0,0,0,119.36227841804211,0.0,False,False,0.10048058980514951,0.0,0.0,0.0,0.10048058980514951,0.10048058980514951,0.10048058980514951
06037120300,111.72346697108495,141.0820555093937,110.56748113866664,6.206859276171386,7.837891972744095,detour_factor_1.35,4.5,1.35,0,0,0,0,0,0,0,0,0,141.0820555093937,0.0,False,False,0.08634717972904507,0.021265779799534132,0.021265779799534132,0.0,0.1076129595285792,0.1076129595285792,0.08634717972904507
06037120020,99.76477807535643,163.340275162344,91.52130366322527,5.542487670853134,9.074459731241333,detour_factor_1.35,4.5,1.35,0,0,0,0,0,0,0,0,0,163.340275162344,0.0,False,False,0.07546873269223772,0.05169143604470561,0.05169143604470561,0.0,0.12716016873694333,0.12716016873694333,0.07546873269223772
06037121020,142.17827253505104,94.35364063763181,96.11505509659898,7.898792918613944,5.241868924312878,detour_factor_1.35,4.5,1.35,0,0,0,0,0,0,0,0,0,94.35364063763181,0.0,False,False,0.12381565607859223,0.0,0.0,0.0,0.12381565607859223,0.12381565607859223,0.12381565607859223
06037117520,119.8184923331887,188.0021082008598,103.71696757164062,6.656582907399372,10.444561566714432,detour_factor_1.35,4.5,1.35,0,0,0,0,0,0,0,0,0,188.0021082008598,0.0,False,False,0.066224472113465,0.04768666891092123,0.04768666891092123,0.0,0.11391114102438622,0.11391114102438622,0.066224472113465
06037121210,190.37580021137592,148.6217171955121,150.53771484636167,10.576433345076438,8.256762066417338,detour_factor_1.35,4.5,1.35,0,0,0,0,0,0,0,0,0,148.6217171955121,0.0,False,False,0.08232736978436227,0.0,0.0,0.0,0.08232736978436227,0.08232736978436227,0.08232736978436227
06037122120,113.63297823039481,83.92648843865112,86.06681851665283,6.312943235021934,4.662582691036173,detour_factor_1.35,4.5,1.35,0,0,0,0,0,0,0,0,0,83.92648843865112,0.0,False,False,0.13708983926160123,0.0,0.0,0.0,0.13708983926160123,0.13708983926160123,0.13708983926160123
06037127520,94.01814550084028,182.77764904052228,78.41957797772274,5.223230305602238,10.15431383558457,detour_factor_1.35,4.5,1.35,0,0,0,0,0,0,0,0,0,182.77764904052228,0.0,False,False,0.06798871318647198,0.07732910989743369,0.07732910989743369,0.0,0.14531782308390567,0.14531782308390567,0.06798871318647198
06037600202,70.87547149430723,29.89291009391417,97.23782213891889,3.937526194128179,1.660717227439676,detour_factor_1.35,4.5,1.35,0,0,0,0,1,0,0,8,0,70.87547149430723,,False,False,0.3084545932327933,0.0,0.0,0.0,0.3084545932327933,0.3084545932327933,0.3084545932327933
06037600501,38.65646050847707,19.778632080878232,81.91793528912594,2.147581139359837,1.098812893382124,detour_factor_1.35,4.5,1.35,0,0,0,0,4,0,1,4,0,38.65646050847707,,False,True,0.40267417432160957,0.0,0.0,0.0,0.40267417432160957,0.40267417432160957,0.40267417432160957
06037600400,49.52796160424633,33.13864623495421,86.19026272593906,2.7515534224581293,1.8410359019419005,detour_factor_1.35,4.5,1.35,0,0,0,0,0,0,0,8,0,49.52796160424633,,False,False,0.28691124107895744,0.0,0.0,0.0,0.28691124107895744,0.28691124107895744,0.28691124107895744
06037296300,76.18560276180287,180.09714074652956,180.98305718926318,4.232533486766825,10.00539670814053,detour_factor_1.35,4.5,1.35,0,0,0,0,0,0,0,0,0,180.09714074652956,0.0,False,False,0.06893088277200993,0.0,0.0,0.0,0.06893088277200993,0.06893088277200993,0.06893088277200993
06037600702,14.53380324588367,47.02501867912859,47.47109065639684,0.8074335136602038,2.6125010377293663,detour_factor_1.35,4.5,1.35,1,0,0,2,0,0,2,0,0,47.02501867912859,0.0,False,False,0.22090287240745832,0.0,0.0,0.0,0.22090287240745832,0.22090287240745832,0.22090287240745832
06037135202,251.1963687871774,421.10907256198675,136.33013036009476,13.955353821509854,23.39494847566593,detour_factor_1.35,4.5,1.35,0,0,0,0,0,0,0,0,0,421.10907256198675,0.0,False,False,0.030690681094667428,0.024694061117444013,0.05839808515656306,0.0,0.05538474221211144,0.08908876625123048,0.030690681094667428
06037135203,282.5328710903016,448.5801949118876,143.86307986580638,15.696270616127869,24.92112193954931,detour_factor_1.35,4.5,1.35,0,0,0,0,0,0,0,0,0,448.5801949118876,0.0,False,False,0.028865431553792738,0.020300173982906997,0.05595414582703711,0.0,0.049165605536699734,0.08481957738082985,0.028865431553792738
06037137302,280.05384205819126,423.52640185174045,171.959270033301,15.558546781010625,23.52924454731891,detour_factor_1.35,4.5,1.35,0,0,0,0,0,0,0,0,0,423.52640185174045,0.0,False,False,0.030520856603286465,0.01843904805936879,0.04143740341938139,0.0,0.048959904662655256,0.07195826002266785,0.030520856603286465
06037132900,77.04826600777608,257.9286129384924,51.786574775612806,4.280459222654226,14.329367385471798,detour_factor_1.35,4.5,1.35,0,0,0,0,0,0,0,0,0,257.9286129384924,0.0,False,False,0.04915298115561071,0.15559751251871323,0.15559751251871323,0.0,0.20475049367432394,0.20475049367432394,0.04915298115561071
06037131200,92.84122579161618,244.91215598202393,56.77155662884675,5.15784587731201,13.606230887890217,detour_factor_1.35,4.5,1.35,0,0,0,0,0,0,0,0,0,244.91215598202393,0.0,False,False,0.051630459717541446,0.13856074292932596,0.13856074292932596,0.0,0.1901912026468674,0.1901912026468674,0.051630459717541446
06037131600,137.12413476713132,306.1535723377887,102.63326474252142,7.618007487062852,17.008531796543817,detour_factor_1.35,4.5,1.35,0,0,0,0,0,0,0,0,0,306.1535723377887,0.0,False,False,0.04173358311923616,0.07324205257727609,0.07324205257727609,0.0,0.11497563569651226,0.11497563569651226,0.04173358311923616
06037137301,242.16392081912437,397.59240315000784,155.91207381178617,13.45355115661802,22.088466841667103,detour_factor_1.35,4.5,1.35,0,0,0,0,0,0,0,0,0,397.59240315000784,0.0,False,False,0.03244706317846768,0.024361853043846887,0.04633400130206304,0.0,0.05680891622231457,0.07878106448053072,0.03244706317846768
06037137201,211.88695822126553,370.5366153033954,158.53428132103633,11.771497678959195,20.5853675168553,detour_factor_1.35,4.5,1.35,0,0,0,0,0,0,0,0,0,370.5366153033954,0.0,False,False,0.03473398576962113,0.0299295250542786,0.0428451053241083,0.0,0.06466351082389973,0.07757909109372943,0.03473398576962113
06037137504,153.2398998379858,291.56931330225007,147.02215528223704,8.513327768776989,16.198295183458335,detour_factor_1.35,4.5,1.35,0,0,0,0,0,0,0,0,0,291.56931330225007,0.0,False,False,0.043729805170465444,0.03941878829800084,0.03941878829800084,0.0,0.08314859346846629,0.08314859346846629,0.043729805170465444
06037137401,208.80083036404557,346.2690672070483,184.3721784102699,11.600046131335864,19.23717040039157,detour_factor_1.35,4.5,1.35,0,0,0,0,0,0,0,0,0,346.2690672070483,0.0,False,False,0.03707798755875119,0.02718371658253732,0.03036238482006659,0.0,0.06426170414128851,0.06744037237881778,0.03707798755875119
06037460900,33.60534959060024,61.78819149953307,270.7337091357426,1.8669638661444579,3.4326773055296154,detour_factor_1.35,4.5,1.35,0,0,0,0,0,0,1,0,0,61.78819149953307,0.0,False,False,0.17749018491035565,0.0,0.0,0.0,0.17749018491035565,0.17749018491035565,0.17749018491035565
06037461700,3.659773060406501,38.67893112536901,236.99338828009095,0.20332072557813893,2.148829506964945,detour_factor_1.35,4.5,1.35,1,0,0,2,0,0,2,4,0,38.67893112536901,0.0,False,True,0.25634979503574545,0.0,0.0,0.0,0.25634979503574545,0.25634979503574545,0.25634979503574545
06037462400,66.81868190762228,25.005821733353415,230.65710403232904,3.7121489948679036,1.389212318519634,detour_factor_1.35,4.5,1.35,0,0,0,0,4,0,0,7,0,35.005821733353415,10.0,False,True,0.34777327017618065,0.0,0.0,0.0,0.34777327017618065,0.34777327017618065,0.34777327017618065
06037462100,50.96613451040014,23.779333644557234,241.02491905415027,2.831451917244452,1.3210740913642909,detour_factor_1.35,4.5,1.35,0,0,0,0,4,0,0,11,0,50.96613451040014,,False,False,0.35926637504323006,0.0,0.0,0.0,0.35926637504323006,0.35926637504323006,0.35926637504323006
06037461600,19.286675851217346,30.22895213459727,247.64214554877134,1.071481991734297,1.6793862296998483,detour_factor_1.35,4.5,1.35,0,0,0,2,0,0,2,10,0,30.22895213459727,0.0,False,True,0.30607515629888105,0.0,0.0,0.0,0.30607515629888105,0.30607515629888105,0.30607515629888105
06037462500,101.99363833974103,31.36967325930335,214.11512681119734,5.666313241096724,1.7427596255168527,detour_factor_1.35,4.5,1.35,0,0,0,0,0,0,0,3,0,101.99363833974103,,False,False,0.2982648002814547,0.0,0.0,0.0,0.2982648002814547,0.2982648002814547,0.2982648002814547
06037463000,57.6240629261949,16.448414056161653,168.91053117996813,3.2013368292330497,0.9138007808978694,detour_factor_1.35,4.5,1.35,0,0,0,0,3,0,0,3,0,57.6240629261949,,False,False,0.44770151190109303,0.0,0.0,0.0,0.44770151190109303,0.44770151190109303,0.44770151190109303
06037404803,96.23934129432317,130.86473059850493,116.15088243253412,5.3466300719068425,7.270262811028051,detour_factor_1.35,4.5,1.35,0,0,0,0,0,0,0,0,0,96.23934129432317,,False,False,0.09246541159967263,0.010507242283041396,0.010507242283041396,0.010507242283041396,0.10297265388271402,0.10297265388271402,0.10297265388271402
06037404802,110.15577625416287,117.27496375588176,110.71363766092546,6.119765347453492,6.515275764215653,detour_factor_1.35,4.5,1.35,0,0,0,0,0,0,0,0,0,110.15577625416287,,False,False,0.10208641893727229,0.005399747201765753,0.005399747201765753,0.005399747201765753,0.10748616613903804,0.10748616613903804,0.10748616613903804
06037405001,149.97055927051682,58.58025064088816,126.33905192290241,8.331697737250934,3.254458368938231,detour_factor_1.35,4.5,1.35,0,0,0,0,0,0,0,0,0,149.97055927051682,,False,False,0.18540771571213677,0.0,0.0,0.0,0.18540771571213677,0.18540771571213677,0.18540771571213677
06037405800,163.95881563050074,61.89986741499604,211.70842052440068,9.108823090583373,3.438881523055336,detour_factor_1.35,4.5,1.35,0,0,0,0,0,0,0,0,0,163.95881563050074,,False,False,0.17722671906431434,0.0,0.0,0.0,0.17722671906431434,0.17722671906431434,0.17722671906431434
06037430002,150.95118367960032,22.86148367034017,182.09810087288534,8.386176871088907,1.2700824261300094,detour_factor_1.35,4.5,1.35,0,0,0,0,6,0,0,10,0,150.95118367960032,,False,False,0.36837686821237686,0.0,0.0,0.0,0.36837686821237686,0.36837686821237686,0.36837686821237686
06037407400,63.2626718782703,157.94532567877408,138.59921971821387,3.514592882126128,8.774740315487449,detour_factor_1.35,4.5,1.35,0,0,0,0,0,0,0,0,0,157.94532567877408,0.0,False,False,0.07784585312750972,0.009912386074918761,0.009912386074918761,0.009912386074918761,0.08775823920242848,0.08775823920242848,0.08775823920242848
06037190510,40.514764995201055,4.906735837909806,76.34228606038121,2.2508202775111696,0.2725964354394336,detour_factor_1.35,4.5,1.35,0,4,0,0,8,0,1,17,0,40.514764995201055,,False,True,0.7309913799205516,0.0,0.0,0.0,0.7309913799205516,0.7309913799205516,0.7309913799205516
06037403722,170.38568130689512,87.02238388592454,180.89687688983074,9.465871183716395,4.834576882551363,detour_factor_1.35,4.5,1.35,0,0,0,0,0,0,0,0,0,170.38568130689512,,False,False,0.1328607248573848,0.0,0.0,0.0,0.1328607248573848,0.1328607248573848,0.1328607248573848
06037501900,171.32515977860027,152.425158833311,116.11457346140111,9.51806443214446,8.46806437962839,detour_factor_1.35,4.5,1.35,0,0,0,0,0,0,0,0,0,152.425158833311,0.0,False,False,0.08043831214348127,0.022563224640547233,0.022563224640547233,0.022563224640547233,0.1030015367840285,0.1030015367840285,0.1030015367840285
06037503301,192.8042316802759,162.34371567418845,110.59953911385675,10.71134620445977,9.019095315232692,detour_factor_1.35,4.5,1.35,0,0,0,0,0,0,0,0,0,162.34371567418845,0.0,False,False,0.07589684257937673,0.031688280480002814,0.031688280480002814,0.031688280480002814,0.10758512305937955,0.10758512305937955,0.10758512305937955
06037502100,133.88389078254292,144.25442991133335,114.92768931781256,7.4379939323634945,8.014134995074075,detour_factor_1.35,4.5,1.35,0,0,0,0,0,0,0,0,0,144.25442991133335,0.0,False,False,0.0846089382754443,0.019345739909200688,0.019345739909200688,0.0012378611210686896,0.10395467818464499,0.10395467818464499,0.08584679939651299
06037502200,128.4934063794192,138.09091956316215,105.87886294943998,7.138522576634401,7.671717753509007,detour_factor_1.35,4.5,1.35,0,0,0,0,0,0,0,0,0,138.09091956316215,0.0,False,False,0.08805282560942995,0.023792553882668682,0.023792553882668682,0.0,0.11184537949209863,0.11184537949209863,0.08805282560942995
06037502301,151.31107657680755,115.0225285117935,82.6510671026727,8.406170920933752,6.390140472877416,detour_factor_1.35,4.5,1.35,0,0,0,0,0,0,0,0,0,115.0225285117935,0.0,False,False,0.10387786846401474,0.035033592906448544,0.035033592906448544,0.0,0.13891146137046329,0.13891146137046329,0.10387786846401474
06037503202,202.4604952213723,125.18581008966092,80.06292862056829,11.247805290076238,6.954767227203384,detour_factor_1.35,4.5,1.35,0,0,0,0,0,0,0,0,0,125.18581008966092,0.0,False,False,0.09625625024706869,0.04650463819099729,0.04650463819099729,0.04650463819099729,0.14276088843806597,0.14276088843806597,0.14276088843806597
06037503401,191.4389977443006,203.23388786671643,131.21773730980993,10.635499874683367,11.290771548150913,detour_factor_1.35,4.5,1.35,0,0,0,0,0,0,0,0,0,203.23388786671643,0.0,False,False,0.061566719374475075,0.030672883376373146,0.030672883376373146,0.030672883376373146,0.09223960275084822,0.09223960275084822,0.09223960275084822
06037553200,251.6820737132214,30.04531857749251,59.44727845642836,13.982337428512299,1.6691843654162504,detour_factor_1.35,4.5,1.35,0,0,0,0,0,0,0,8,0,251.6820737132214,,False,False,0.30737085515573126,0.0,0.0,0.0,0.30737085515573126,0.30737085515573126,0.30737085515573126
06037554700,253.99299469496037,73.78929446184502,55.02555088560778,14.110721927497798,4.099405247880279,detour_factor_1.35,4.5,1.35,0,0,0,0,0,0,0,0,0,73.78929446184502,0.0,False,False,0.15304099142509153,0.042008027962484845,0.042008027962484845,0.042008027962484845,0.19504901938757638,0.19504901938757638,0.19504901938757638
06037554801,236.18329707868313,80.69125633902901,74.1833120216084,13.12129428214906,4.4828475743905,detour_factor_1.35,4.5,1.35,0,0,0,0,0,0,0,0,0,80.69125633902901,0.0,False,False,0.14180687605013334,0.01054509401518694,0.01054509401518694,0.01054509401518694,0.15235197006532028,0.15235197006532028,0.15235197006532028
06037553701,161.0248723095047,63.150560840851774,143.3348388743155,8.945826239416926,3.5083644911584315,detour_factor_1.35,4.5,1.35,0,0,0,0,0,0,0,0,0,161.0248723095047,,False,False,0.1743286410465435,0.0,0.0,0.0,0.1743286410465435,0.1743286410465435,0.1743286410465435
06037553801,167.89742682184914,62.22258801314526,136.99424973903598,9.327634823436062,3.4568104451747366,detour_factor_1.35,4.5,1.35,0,0,0,0,0,0,0,0,0,167.89742682184914,,False,False,0.1764697338834682,0.0,0.0,0.0,0.1764697338834682,0.1764697338834682,0.1764697338834682
06037553502,200.31955852815804,31.380276376387968,104.49545511542213,11.128864362675445,1.7433486875771091,detour_factor_1.35,4.5,1.35,0,0,0,0,0,0,0,4,0,200.31955852815804,,False,False,0.2981940715565735,0.0,0.0,0.0,0.2981940715565735,0.2981940715565735,0.2981940715565735
06037553601,177.61550947595506,50.843671464394404,126.19386284878934,9.867528304219725,2.824648414688578,detour_factor_1.35,4.5,1.35,0,0,0,0,0,0,0,0,0,177.61550947595506,,False,False,0.20775873500729994,0.0,0.0,0.0,0.20775873500729994,0.20775873500729994,0.20775873500729994
06037106520,273.60300774283576,311.7365848695677,220.07164067294084,15.20016709682421,17.318699159420426,detour_factor_1.35,4.5,1.35,0,0,0,0,0,0,0,0,0,311.7365848695677,0.0,False,False,0.04101681695754751,0.016108500915819314,0.016108500915819314,0.0,0.057125317873366825,0.057125317873366825,0.04101681695754751
06037400603,209.24761401758693,34.85658179433094,240.07826021593905,11.624867445421495,1.9364767663517188,detour_factor_1.35,4.5,1.35,0,0,0,0,0,0,0,4,0,209.24761401758693,,False,False,0.27668306320961117,0.0,0.0,0.0,0.27668306320961117,0.27668306320961117,0.27668306320961117
06037553901,195.22983163416532,44.72774548617324,113.79682216894057,10.84610175745363,2.484874749231847,detour_factor_1.35,4.5,1.35,0,0,0,0,0,0,0,3,0,195.22983163416532,,False,False,0.22964322407412416,0.0,0.0,0.0,0.22964322407412416,0.22964322407412416,0.22964322407412416
06037543501,51.39765621106782,120.18701825155813,53.095441894549346,2.855425345059323,6.677056569531007,detour_factor_1.35,4.5,1.35,0,0,0,0,0,0,0,0,0,51.39765621106782,,False,False,0.0998599327747881,0.10085629731666822,0.10085629731666822,0.10085629731666822,0.2007162300914563,0.2007162300914563,0.2007162300914563
06037555002,154.90678960608946,160.378770768319,146.3927826809139,8.605932755893859,8.909931709351055,detour_factor_1.35,4.5,1.35,0,0,0,0,0,0,0,0,0,154.90678960608946,,False,False,0.07675534990659588,0.0067208759357956505,0.0067208759357956505,0.0067208759357956505,0.08347622584239153,0.08347622584239153,0.08347622584239153
06037571900,139.51555117743797,35.97948806846114,126.94710554803268,7.750863954302109,1.9988604482478411,detour_factor_1.35,4.5,1.35,0,0,0,0,0,0,0,4,0,139.51555117743797,,False,False,0.27038269063323433,0.0,0.0,0.0,0.27038269063323433,0.27038269063323433,0.27038269063323433
06037572400,115.17125036145731,25.35616959657527,112.16176297170482,6.398402797858739,1.408676088698626,detour_factor_1.35,4.5,1.35,0,0,0,0,4,0,0,4,0,115.17125036145731,,False,False,0.34462405364805315,0.0,0.0,0.0,0.34462405364805315,0.34462405364805315,0.34462405364805315
06037572002,115.7854415775742,9.394910717895657,103.29295889814483,6.432524532087455,0.5219394843275365,detour_factor_1.35,4.5,1.35,0,4,0,0,4,0,0,7,0,115.7854415775742,,False,False,0.5866415946291441,0.0,0.0,0.0,0.5866415946291441,0.5866415946291441,0.5866415946291441
06037572001,117.88577199491431,33.08755856932828,105.4102177418635,6.549209555273016,1.8381976982960155,detour_factor_1.35,4.5,1.35,0,0,0,0,0,0,0,7,0,117.88577199491431,,False,False,0.28722699601057955,0.0,0.0,0.0,0.28722699601057955,0.28722699601057955,0.28722699601057955
06037573700,127.82391289051903,138.1695703918995,172.43446095688614,7.101328493917723,7.6760872439944166,detour_factor_1.35,4.5,1.35,0,0,0,0,0,0,0,0,0,127.82391289051903,,False,False,0.08800711409145529,0.0,0.0,0.0,0.08800711409145529,0.08800711409145529,0.08800711409145529
06037573800,131.7602401198665,157.26359512921601,170.4055547651891,7.320013339992584,8.736866396067555,detour_factor_1.35,4.5,1.35,0,0,0,0,0,0,0,0,0,131.7602401198665,,False,False,0.07815693666642048,0.0,0.0,0.0,0.07815693666642048,0.07815693666642048,0.07815693666642048
06037573902,122.39692638016804,185.27676088601828,184.2928899111712,6.799829243342669,10.29315338255657,detour_factor_1.35,4.5,1.35,0,0,0,0,0,0,0,0,0,122.39692638016804,,False,False,0.06713321085587702,0.0003342188932471263,0.0003342188932471263,0.0003342188932471263,0.06746742974912415,0.06746742974912415,0.06746742974912415
06037264301,49.640410140497025,41.28478935571285,37.573443802951935,2.7578005633609455,2.2935994086507137,detour_factor_1.35,4.5,1.35,0,0,0,0,0,0,0,10,1,49.640410140497025,,False,False,0.24411921678896098,0.017797448994809784,0.017797448994809784,0.0,0.26191666578377076,0.26191666578377076,0.24411921678896098
06037265520,39.79076474782501,34.08925161039683,24.757048154628198,2.2105980415458335,1.8938473116887127,detour_factor_1.35,4.5,1.35,0,0,0,0,0,1,1,23,2,34.08925161039683,0.0,False,True,0.2811599863051363,0.06888463946337531,0.06888463946337531,0.0,0.3500446257685116,0.3500446257685116,0.2811599863051363
06037262601,102.70271819193971,157.62720309167645,178.90524113437507,5.705706566218872,8.75706683842647,detour_factor_1.35,4.5,1.35,0,0,0,0,0,0,0,0,0,102.70271819193971,,False,False,0.07799070833625907,0.0,0.0,0.0,0.07799070833625907,0.07799070833625907,0.07799070833625907
06037265305,16.30099850870849,61.459256882126724,5.605002033488285,0.9056110282615826,3.4144031601181513,detour_factor_1.35,4.5,1.35,0,0,1,1,0,1,1,0,1,61.459256882126724,0.0,False,False,0.17827077916305747,0.525768571449152,0.525768571449152,0.0,0.7040393506122095,0.7040393506122095,0.17827077916305747
06037265420,21.539091376649452,78.36815253360942,26.11077610747908,1.1966161875916361,4.35378625186719,detour_factor_1.35,4.5,1.35,0,0,0,1,0,1,1,0,1,21.539091376649452,,True,True,0.14539931613190832,0.19263172379664112,0.19263172379664112,0.0,0.33803103992854944,0.33803103992854944,0.14539931613190832
06037265303,13.388927307695285,70.44361385173006,13.49531695585267,0.7438292948719603,3.913534102873892,detour_factor_1.35,4.5,1.35,1,0,1,1,0,1,1,0,1,13.388927307695285,,True,True,0.15915277151219154,0.3378283732570511,0.3378283732570511,0.0,0.49698114476924266,0.49698114476924266,0.15915277151219154
06037265304,9.828413471333974,69.50648321868596,11.078273684175588,0.5460229706296652,3.861471289926997,detour_factor_1.35,4.5,1.35,1,0,1,1,0,1,1,0,1,69.50648321868596,0.0,False,False,0.1609531972461656,0.3852350698257304,0.3852350698257304,0.0,0.546188267071896,0.546188267071896,0.1609531972461656
06037265100,30.474020110238904,73.31977705048874,34.711006660081935,1.6930011172354944,4.073320947249374,detour_factor_1.35,4.5,1.35,0,0,0,0,0,0,1,0,2,152.31977705048874,79.0,False,False,0.15387022201828124,0.12365119538823824,0.12365119538823824,0.0,0.2775214174065195,0.2775214174065195,0.15387022201828124
06037264000,39.889778062348675,59.819708162092994,60.31572766544166,2.216098781241593,3.3233171201162772,detour_factor_1.35,4.5,1.35,0,0,0,0,0,0,1,0,0,39.889778062348675,,False,True,0.18226628805539083,0.0,0.0,0.0,0.18226628805539083,0.18226628805539083,0.18226628805539083
06037265510,29.556298815551944,44.24535005913815,14.754132168363704,1.642016600863997,2.4580750032854524,detour_factor_1.35,4.5,1.35,0,0,1,1,0,1,1,10,2,44.24535005913815,0.0,False,True,0.23156717986150913,0.24314041995833716,0.24314041995833716,0.0,0.4747075998198463,0.4747075998198463,0.23156717986150913
06037990300,108.16834802311682,116.52738584112534,116.60710402177894,6.009352667950934,6.473743657840296,detour_factor_1.35,4.5,1.35,0,0,0,0,0,0,0,0,0,116.52738584112534,0.0,False,False,0.1026741066744051,0.0,0.0,0.0,0.1026741066744051,0.1026741066744051,0.1026741066744051
06037990100,490.3274312635279,498.91454067520294,588.1149408380911,27.24041284797377,27.717474481955723,detour_factor_1.35,4.5,1.35,0,0,0,0,0,0,0,0,0,490.3274312635279,,False,False,0.026029065243345726,0.0,0.0,0.0,0.026029065243345726,0.026029065243345726,0.026029065243345726
06037980033,56.93200565850429,58.095722989328834,58.69323551069024,3.1628892032502383,3.2275401660738243,detour_factor_1.35,4.5,1.35,0,0,0,0,0,0,0,0,0,58.095722989328834,0.0,False,False,0.18666539948537847,0.0,0.0,0.0,0.18666539948537847,0.18666539948537847,0.18666539948537847
06037980031,36.920187186968256,127.77893720191233,128.56227697206586,2.051121510387125,7.098829844550685,detour_factor_1.35,4.5,1.35,0,0,0,0,0,0,1,0,0,127.77893720191233,0.0,False,False,0.09448741263080351,0.0,0.0,0.0,0.09448741263080351,0.09448741263080351,0.09448741263080351
06037980030,139.6183464944921,48.0166706567765,93.98317394114669,7.75657480524956,2.667592814265361,detour_factor_1.35,4.5,1.35,0,0,0,0,0,0,0,0,0,139.6183464944921,,False,False,0.21733223253714512,0.0,0.0,0.0,0.21733223253714512,0.21733223253714512,0.21733223253714512
06037980019,123.27982592845665,180.39870924790773,185.9518626751029,6.848879218247591,10.022150513772651,detour_factor_1.35,4.5,1.35,0,0,0,0,0,0,0,0,0,180.39870924790773,0.0,False,False,0.06882358310831328,0.0,0.0,0.0,0.06882358310831328,0.06882358310831328,0.06882358310831328
06037980018,116.29104375546571,61.501971211481376,106.02076094649453,6.460613541970316,3.4167761784156316,detour_factor_1.35,4.5,1.35,0,0,0,0,0,0,0,0,0,116.29104375546571,,False,False,0.17816902616262809,0.0,0.0,0.0,0.17816902616262809,0.17816902616262809,0.17816902616262809
06037239701,94.8713774486372,54.54692320776632,46.65614301717384,5.270632080479844,3.0303846226536844,detour_factor_1.35,4.5,1.35,0,0,0,0,0,0,0,0,0,94.8713774486372,,False,False,0.19642432148529612,0.025836884053975273,0.025836884053975273,0.025836884053975273,0.2222612055392714,0.2222612055392714,0.2222612055392714
06037239602,88.32326148199988,53.750317984782555,40.136971862900495,4.906847860111104,2.986128776932364,detour_factor_1.35,4.5,1.35,0,0,0,0,0,0,0,0,1,88.32326148199988,,False,False,0.19875682183883567,0.05060276727142929,0.05060276727142929,0.05060276727142929,0.24935958911026496,0.24935958911026496,0.24935958911026496
06037239601,81.71067692556514,53.04249515181934,33.58574464919376,4.539482051420285,2.9468052862121854,detour_factor_1.35,4.5,1.35,0,0,0,0,0,0,0,0,1,81.71067692556514,,False,False,0.20087633763118767,0.08330088636069755,0.08330088636069755,0.08330088636069755,0.2841772239918852,0.2841772239918852,0.2841772239918852
06037239502,93.99622851710718,34.01216899797425,48.563116938396576,5.222012695394843,1.8895649443319027,detour_factor_1.35,4.5,1.35,0,0,0,0,0,0,0,7,0,93.99622851710718,,False,False,0.281617739316213,0.0,0.0,0.0,0.281617739316213,0.281617739316213,0.281617739316213
06037239501,87.53377545532277,32.8351426403689,43.061968080788425,4.862987525295709,1.8241745911316052,detour_factor_1.35,4.5,1.35,0,0,0,0,0,0,0,7,1,87.53377545532277,,False,False,0.2887973460706838,0.0,0.0,0.0,0.2887973460706838,0.2887973460706838,0.2887973460706838
06037601501,35.514894925400554,25.579802467331323,34.51961490904621,1.9730497180778082,1.4211001370739622,detour_factor_1.35,4.5,1.35,0,0,0,0,21,0,1,30,2,35.514894925400554,,False,True,0.3426435073655923,0.0,0.0,0.0,0.3426435073655923,0.3426435073655923,0.3426435073655923
06037670405,191.80501322960023,251.67816225603494,248.61868802048892,10.655834068311124,13.982120125335273,detour_factor_1.35,4.5,1.35,0,0,0,0,0,0,0,0,0,191.80501322960023,,False,False,0.05031228288297785,0.000587623383917539,0.000587623383917539,0.000587623383917539,0.05089990626689539,0.05089990626689539,0.05089990626689539
06037101220,212.39988527255946,227.0336734442467,228.79535683992833,11.799993626253302,12.612981858013702,detour_factor_1.35,4.5,1.35,0,0,0,0,0,0,0,0,0,227.0336734442467,0.0,False,False,0.05547072999777849,0.0,0.0,0.0,0.05547072999777849,0.05547072999777849,0.05547072999777849
06037670702,104.4285595110433,223.26799432075228,224.15563627494856,5.801586639502406,12.403777462264015,detour_factor_1.35,4.5,1.35,0,0,0,0,0,0,0,0,0,223.26799432075228,0.0,False,False,0.05635358628598589,0.0,0.0,0.0,0.05635358628598589,0.05635358628598589,0.05635358628598589
06037670500,147.40363914037343,259.898674797481,239.3694559163128,8.189091063354079,14.43881526652672,detour_factor_1.35,4.5,1.35,0,0,0,0,0,0,0,0,0,259.898674797481,0.0,False,False,0.048798577533236076,0.003964327747406779,0.003964327747406779,0.003964327747406779,0.052762905280642855,0.052762905280642855,0.052762905280642855
06037651222,189.32239896880483,163.15369425281236,165.25704047530843,10.517911053822491,9.064094125156242,detour_factor_1.35,4.5,1.35,0,0,0,0,0,0,0,0,0,189.32239896880483,,False,False,0.07554851773354931,0.0,0.0,0.0,0.07554851773354931,0.07554851773354931,0.07554851773354931
06037651302,214.39071896260975,176.6257403750953,190.09288767434643,11.910595497922763,9.812541131949738,detour_factor_1.35,4.5,1.35,0,0,0,0,0,0,0,0,0,214.39071896260975,,False,False,0.0701905577503441,0.0,0.0,0.0,0.0701905577503441,0.0701905577503441,0.0701905577503441
06037651002,139.6798311766307,176.05875898369143,125.3105491836998,7.7599906209239276,9.781042165760635,detour_factor_1.35,4.5,1.35,0,0,0,0,0,0,0,0,0,139.6798311766307,,False,False,0.07040068658735008,0.025768961083150355,0.025768961083150355,0.025768961083150355,0.09616964767050043,0.09616964767050043,0.09616964767050043
06037575402,42.48340917737603,7.141663047108746,30.05384506570517,2.360189398743113,0.39675905817270807,detour_factor_1.35,4.5,1.35,0,7,0,0,15,0,2,26,2,42.48340917737603,,False,True,0.6512007663195226,0.0,0.0,0.0,0.6512007663195226,0.6512007663195226,0.6512007663195226
06037113233,218.5425494291574,390.2532630374213,44.848317180932696,12.141252746064298,21.680736835412294,detour_factor_1.35,4.5,1.35,0,0,0,0,0,0,0,0,1,390.2532630374213,0.0,False,False,0.033037106418382325,0.03397634498568802,0.19613022065949126,0.0,0.06701345140407035,0.22916732707787357,0.033037106418382325
06037573002,57.42028184094158,8.366553537521593,44.96041167226385,3.190015657830087,0.4648085298623107,detour_factor_1.35,4.5,1.35,0,3,0,0,10,0,0,18,1,57.42028184094158,,False,False,0.6144425274051224,0.0,0.0,0.0,0.6144425274051224,0.6144425274051224,0.6144425274051224
06037577200,7.175278238548784,66.55820755120986,69.713198489293,0.3986265688082658,3.6976781972894366,detour_factor_1.35,4.5,1.35,1,0,0,1,0,0,2,0,0,66.55820755120986,0.0,False,False,0.16689292991109356,0.0,0.0,0.0,0.16689292991109356,0.16689292991109356,0.16689292991109356
06037573402,76.68206731231676,27.35421620646885,64.6792876001998,4.260114850684264,1.5196786781371583,detour_factor_1.35,4.5,1.35,0,0,0,0,3,0,0,7,0,76.68206731231676,,False,False,0.3277005738644972,0.0,0.0,0.0,0.3277005738644972,0.3277005738644972,0.3277005738644972
06037571800,119.38225504465244,30.099081622702293,128.99890524530585,6.632347502480691,1.6721712012612382,detour_factor_1.35,4.5,1.35,0,0,0,0,0,0,0,7,0,119.38225504465244,,False,False,0.30699037451244593,0.0,0.0,0.0,0.30699037451244593,0.30699037451244593,0.30699037451244593
06037575802,29.800118722287444,12.96561395057098,19.39979258674052,1.655562151238191,0.7203118861428321,detour_factor_1.35,4.5,1.35,0,7,0,1,23,2,2,23,2,29.800118722287444,,True,True,0.5069911426262185,0.0,0.0,0.0,0.5069911426262185,0.5069911426262185,0.5069911426262185
06037573403,79.8711316474253,49.37762311105598,70.81599890679821,4.437285091523627,2.743201283947555,detour_factor_1.35,4.5,1.35,0,0,0,0,0,0,0,0,0,79.8711316474253,,False,False,0.21261569093045227,0.0,0.0,0.0,0.21261569093045227,0.21261569093045227,0.21261569093045227
06037575500,59.796658897376254,43.085006897561996,52.23946592905745,3.322036605409792,2.393611494309,detour_factor_1.35,4.5,1.35,0,0,0,0,0,0,0,7,0,59.796658897376254,,False,False,0.236329769340358,0.0,0.0,0.0,0.236329769340358,0.236329769340358,0.236329769340358
06037108102,242.55905166590233,370.27081069379057,96.6227167704926,13.475502870327908,20.570600594099478,detour_factor_1.35,4.5,1.35,0,0,0,0,0,0,0,0,0,370.27081069379057,0.0,False,False,0.034758053428094765,0.02589077895041738,0.08650251677921388,0.0,0.060648832378512145,0.12126057020730864,0.034758053428094765
06037108103,239.70301100676846,353.031151894293,127.66133963344453,13.316833944820468,19.612841771905163,detour_factor_1.35,4.5,1.35,0,0,0,0,0,0,0,0,0,353.031151894293,0.0,False,False,0.03639362948908431,0.024695292531196768,0.058172591012558506,0.0,0.06108892202028108,0.09456622050164282,0.03639362948908431
06037109300,198.17289698426634,272.2080331163748,170.9037436925034,11.009605388014796,15.122668506465264,detour_factor_1.35,4.5,1.35,0,0,0,0,0,0,0,0,0,272.2080331163748,0.0,False,False,0.04669492725034539,0.02567559419178276,0.02567559419178276,0.0,0.07237052144212815,0.07237052144212815,0.04669492725034539
06037109200,211.6802403880732,273.0957902011006,186.08857256441863,11.760013354892955,15.171988344505587,detour_factor_1.35,4.5,1.35,0,0,0,0,0,0,0,0,0,273.0957902011006,0.0,False,False,0.0465502012114017,0.02030972209195711,0.02030972209195711,0.0,0.06685992330335881,0.06685992330335881,0.0465502012114017
06037109500,215.85620277892224,234.05335817171172,198.83558258713052,11.992011265495679,13.002964342872872,detour_factor_1.35,4.5,1.35,0,0,0,0,0,0,0,0,0,234.05335817171172,0.0,False,False,0.05389672844653173,0.008946281687580576,0.008946281687580576,0.0,0.06284301013411231,0.06284301013411231,0.05389672844653173
06037111202,195.1531397929338,302.57375046454166,145.95625028331196,10.841841099607434,16.809652803585646,detour_factor_1.35,4.5,1.35,0,0,0,0,0,0,0,0,0,302.57375046454166,0.0,False,False,0.04220650316871123,0.033794536419512425,0.04149848890046283,0.0,0.07600103958822366,0.08370499206917406,0.04220650316871123
06037111301,179.7341514160733,293.53988414896713,140.94412138321405,9.985230634226292,16.307771341609282,detour_factor_1.35,4.5,1.35,0,0,0,0,0,0,0,0,0,293.53988414896713,0.0,False,False,0.04344899643808884,0.040117673393859514,0.04297538331221589,0.0,0.08356666983194835,0.08642437975030473,0.04344899643808884
06037111302,166.73790711121538,282.2475070172087,133.43115882502818,9.263217061734187,15.680417056511592,detour_factor_1.35,4.5,1.35,0,0,0,0,0,0,0,0,0,282.2475070172087,0.0,False,False,0.04510892288390804,0.045739572806360346,0.045739572806360346,0.0,0.09084849569026839,0.09084849569026839,0.04510892288390804
06037111400,168.80783890934867,265.2617658575018,138.8972577047979,9.378213272741593,14.736764769861212,detour_factor_1.35,4.5,1.35,0,0,0,0,0,0,0,0,0,265.2617658575018,0.0,False,False,0.04785918119902073,0.03972724438342712,0.03972724438342712,0.0,0.08758642558244785,0.08758642558244785,0.04785918119902073
06037109700,180.3852029485977,255.04580855355468,154.18709592948127,10.021400163810982,14.169211586308592,detour_factor_1.35,4.5,1.35,0,0,0,0,0,0,0,0,0,255.04580855355468,0.0,False,False,0.04968095970346625,0.02991132281400103,0.02991132281400103,0.0,0.07959228251746728,0.07959228251746728,0.04968095970346625
06037920332,418.4071202214016,479.9068330551166,60.75630208698088,23.244840012300088,26.661490725284253,detour_factor_1.35,4.5,1.35,0,0,0,0,0,0,0,0,0,479.9068330551166,0.0,False,False,0.02703213209694829,0.15293006177393076,0.15293006177393076,0.0,0.17996219387087906,0.17996219387087906,0.02703213209694829
06037121600,147.34437267718337,101.69183027412183,103.27914153562257,8.185798482065742,5.649546126340101,detour_factor_1.35,4.5,1.35,0,0,0,0,0,0,0,0,0,101.69183027412183,0.0,False,False,0.11591666479898104,0.0,0.0,0.0,0.11591666479898104,0.11591666479898104,0.11591666479898104
06037541802,159.4228301780417,48.58818044648171,148.91007015787807,8.856823898780094,2.6993433581378725,detour_factor_1.35,4.5,1.35,0,0,0,0,0,0,0,0,0,159.4228301780417,,False,False,0.2153263465222274,0.0,0.0,0.0,0.2153263465222274,0.2153263465222274,0.2153263465222274
06037540700,127.82890049083608,13.412728122860162,130.41031860245832,7.1016055828242255,0.7451515623811201,detour_factor_1.35,4.5,1.35,0,2,0,0,7,0,0,14,0,127.82890049083608,,False,False,0.4985157667109816,0.0,0.0,0.0,0.4985157667109816,0.4985157667109816,0.4985157667109816
06037540901,116.42899739004157,20.260488182291525,104.03130009379267,6.4682776327800875,1.1255826767939736,detour_factor_1.35,4.5,1.35,0,0,0,0,8,0,0,12,0,116.42899739004157,,False,False,0.3968983798741638,0.0,0.0,0.0,0.3968983798741638,0.3968983798741638,0.3968983798741638
06037540800,108.28044875938552,23.505596995542408,105.00635183590332,6.015580486632528,1.305866499752356,detour_factor_1.35,4.5,1.35,0,0,0,0,4,0,0,15,0,108.28044875938552,,False,False,0.36193595238247633,0.0,0.0,0.0,0.36193595238247633,0.36193595238247633,0.36193595238247633
06037540902,94.99890212953345,39.315234863851714,82.84701868458306,5.27771678497408,2.1841797146584283,detour_factor_1.35,4.5,1.35,0,0,0,0,0,0,0,8,0,94.99890212953345,,False,False,0.2532515847989618,0.0,0.0,0.0,0.2532515847989618,0.2532515847989618,0.2532515847989618
06037541605,114.15832974686639,21.520842966574186,140.27049658341366,6.3421294303814655,1.1956023870318992,detour_factor_1.35,4.5,1.35,0,0,0,0,3,0,0,3,0,114.15832974686639,,False,False,0.3825462182380914,0.0,0.0,0.0,0.3825462182380914,0.3825462182380914,0.3825462182380914
06037139303,77.41664515356639,260.2281009557211,60.45004179662671,4.300924730753688,14.457116719762283,detour_factor_1.35,4.5,1.35,0,0,0,0,0,0,0,0,0,260.2281009557211,0.0,False,False,0.04873981366556542,0.13196936790614175,0.13196936790614175,0.0,0.18070918157170718,0.18070918157170718,0.04873981366556542
06037139301,115.16120185772984,297.8365024835762,94.1364386449834,6.397844547651657,16.546472360198678,detour_factor_1.35,4.5,1.35,0,0,0,0,0,0,0,0,0,297.8365024835762,0.0,False,False,0.042849054755996936,0.08121683919624376,0.08121683919624376,0.0,0.12406589395224069,0.12406589395224069,0.042849054755996936
06037460301,94.75633629493674,116.11943709809545,325.91849675655743,5.264240905274264,6.45107983878308,detour_factor_1.35,4.5,1.35,0,0,0,0,0,0,0,0,0,94.75633629493674,,False,False,0.10299766693982042,0.0,0.0,0.0,0.10299766693982042,0.10299766693982042,0.10299766693982042
06037460200,93.40206672192149,98.38526669185974,300.1775481108158,5.189003706773415,5.465848149547763,detour_factor_1.35,4.5,1.35,0,0,0,0,0,0,0,0,0,93.40206672192149,,False,False,0.11934747956317572,0.0,0.0,0.0,0.11934747956317572,0.11934747956317572,0.11934747956317572
06037300800,95.286583502839,137.3378453205284,259.02509319794956,5.293699083491055,7.62988029558491,detour_factor_1.35,4.5,1.35,0,0,0,0,0,0,0,0,0,137.3378453205284,0.0,False,False,0.08849292513974502,0.0,0.0,0.0,0.08849292513974502,0.08849292513974502,0.08849292513974502
06037460501,118.68732130417857,157.2583446629288,313.8530065878064,6.593740072454364,8.736574703496045,detour_factor_1.35,4.5,1.35,0,0,0,0,0,0,0,0,0,157.2583446629288,0.0,False,False,0.07815934217861133,0.0,0.0,0.0,0.07815934217861133,0.07815934217861133,0.07815934217861133
06037461100,64.00869332979961,67.1136631385565,277.7048139458383,3.5560385183222003,3.7285368410309165,detour_factor_1.35,4.5,1.35,0,0,0,0,0,0,0,0,0,64.00869332979961,,False,False,0.16574059838259256,0.0,0.0,0.0,0.16574059838259256,0.16574059838259256,0.16574059838259256
06037460600,155.2519534375369,195.89950918643726,285.0275171301956,8.625108524307606,10.88330606591318,detour_factor_1.35,4.5,1.35,0,0,0,0,0,0,0,0,0,195.89950918643726,0.0,False,False,0.06372485873996314,0.0,0.0,0.0,0.06372485873996314,0.06372485873996314,0.06372485873996314
06037137502,183.93853159262588,340.7377326668375,168.2933673910823,10.218807310701438,18.929874037046524,detour_factor_1.35,4.5,1.35,0,0,0,0,0,0,0,0,0,340.7377326668375,0.0,False,False,0.037657223686633864,0.03575342177547888,0.03575342177547888,0.0,0.07341064546211275,0.07341064546211275,0.037657223686633864
06037139302,85.76274726059151,268.54418744919906,67.39757167936384,4.7645970700328615,14.919121524955502,detour_factor_1.35,4.5,1.35,0,0,0,0,0,0,0,0,0,268.54418744919906,0.0,False,False,0.04730186818841775,0.11785586578268409,0.11785586578268409,0.0,0.16515773397110184,0.16515773397110184,0.04730186818841775
06037139200,62.90268151178054,245.7094176202624,47.823684156928344,3.4945934173211413,13.650523201125687,detour_factor_1.35,4.5,1.35,0,0,0,0,0,0,0,0,0,245.7094176202624,0.0,False,False,0.05147155550290552,0.16654648854995338,0.16654648854995338,0.0,0.2180180440528589,0.2180180440528589,0.05147155550290552
06037139701,35.82953349932086,199.8068646380631,35.82650089935286,1.9905296388511584,11.100381368781283,detour_factor_1.35,4.5,1.35,0,0,0,0,0,0,1,0,1,35.82953349932086,,False,True,0.0625566338974813,0.11504088257129495,0.20866749737650192,0.0,0.17759751646877625,0.2712241312739832,0.0625566338974813
06037139703,94.87352674530207,255.38090101147293,94.87331019993366,5.2707514858501145,14.187827833970719,detour_factor_1.35,4.5,1.35,0,0,0,0,0,0,0,0,0,94.87352674530207,,False,False,0.04961900647296707,0.06603399163055104,0.07360201672820207,0.0,0.11565299810351812,0.12322102320116915,0.04961900647296707
06037131020,101.71388832367353,277.1411541245457,69.70535789016967,5.650771573537418,15.396730784696986,detour_factor_1.35,4.5,1.35,0,0,0,0,0,0,0,0,0,277.1411541245457,0.0,False,False,0.04590190846026285,0.11466581168173659,0.11466581168173659,0.0,0.16056772014199944,0.16056772014199944,0.04590190846026285
06037141400,37.37067533821602,166.62377934240547,37.3643745394207,2.0761486299008896,9.256876630133636,detour_factor_1.35,4.5,1.35,0,0,0,0,0,0,1,0,1,37.37067533821602,,False,True,0.07409172738483756,0.07905098960034114,0.18890504096608302,0.0,0.1531427169851787,0.26299676835092056,0.07409172738483756
06037141302,57.13962536675171,145.8133040939296,57.1333666962344,3.174423631486206,8.100739116329422,detour_factor_1.35,4.5,1.35,0,0,0,0,0,0,0,0,0,57.13962536675171,,False,False,0.08378017625051776,0.04105146044949538,0.10543449291575063,0.0,0.12483163670001314,0.1892146691662684,0.08378017625051776
06037143100,17.498702109438092,19.43963845550116,53.29198519301271,0.9721501171910051,1.079979914194509,detour_factor_1.35,4.5,1.35,0,0,0,2,5,0,2,5,0,19.43963845550116,0.0,True,True,0.4068393131768385,0.0,0.0,0.0,0.4068393131768385,0.4068393131768385,0.4068393131768385
06037462800,97.41120232859353,18.471361291048932,186.92499310584907,5.41173346269964,1.0261867383916072,detour_factor_1.35,4.5,1.35,0,0,0,0,3,0,0,6,0,97.41120232859353,,False,False,0.41922532163260173,0.0,0.0,0.0,0.41922532163260173,0.41922532163260173,0.41922532163260173
06037463101,40.89229300321731,23.198198707215166,139.51173471215697,2.271794055734295,1.2887888170675093,detour_factor_1.35,4.5,1.35,0,0,0,0,3,0,1,3,0,40.89229300321731,,False,True,0.3649814992301412,0.0,0.0,0.0,0.3649814992301412,0.3649814992301412,0.3649814992301412
06037462900,79.42318698811277,17.581048108455597,178.57046951983097,4.412399277117376,0.9767248949141999,detour_factor_1.35,4.5,1.35,0,0,0,0,3,0,0,6,0,79.42318698811277,,False,False,0.43129872607801295,0.0,0.0,0.0,0.43129872607801295,0.43129872607801295,0.43129872607801295
06037462700,83.82276897131489,0.9257745012700682,198.6333819732856,4.656820498406383,0.051431916737226004,detour_factor_1.35,4.5,1.35,0,3,0,0,5,0,0,7,0,83.82276897131489,,False,False,0.9350748649909613,0.0,0.0,0.0,0.9350748649909613,0.9350748649909613,0.9350748649909613
06037300400,197.48671381921667,233.39263100436023,234.89758103319548,10.971484101067592,12.966257278020013,detour_factor_1.35,4.5,1.35,0,0,0,0,0,0,0,0,0,197.48671381921667,,False,False,0.05404106280068689,0.0,0.0,0.0,0.05404106280068689,0.05404106280068689,0.05404106280068689
06037462600,86.03568941388185,17.63766671766389,212.96186152268365,4.779760522993436,0.9798703732035494,detour_factor_1.35,4.5,1.35,0,0,0,0,3,0,0,7,0,86.03568941388185,,False,False,0.43051026157949385,0.0,0.0,0.0,0.43051026157949385,0.43051026157949385,0.43051026157949385
06037463200,72.53789130856018,22.505704351817517,153.04483592964775,4.029882850475565,1.2503169084343064,detour_factor_1.35,4.5,1.35,0,0,0,0,3,0,0,3,0,72.53789130856018,,False,False,0.3720337987439244,0.0,0.0,0.0,0.3720337987439244,0.3720337987439244,0.3720337987439244
06037406101,157.09050659662446,90.45939680816932,193.90328025033338,8.727250366479137,5.025522044898295,detour_factor_1.35,4.5,1.35,0,0,0,0,0,0,0,0,0,157.09050659662446,,False,False,0.12846114862915484,0.0,0.0,0.0,0.12846114862915484,0.12846114862915484,0.12846114862915484
06037430102,111.2127995712953,22.33332104103691,135.8159659393064,6.178488865071961,1.2407400578353838,detour_factor_1.35,4.5,1.35,0,0,0,0,6,0,0,9,0,111.2127995712953,,False,False,0.3738319045397921,0.0,0.0,0.0,0.3738319045397921,0.3738319045397921,0.3738319045397921
06037404702,120.54987975330032,123.48682303649855,85.95182119452201,6.697215541850016,6.860379057583254,detour_factor_1.35,4.5,1.35,0,0,0,0,0,0,0,0,0,120.54987975330032,,False,False,0.09745152824772871,0.03684179482498251,0.03684179482498251,0.03684179482498251,0.13429332307271122,0.13429332307271122,0.13429332307271122
06037404701,111.29695792528106,122.32721301401627,66.03111525512566,6.183164329182281,6.795956278556459,detour_factor_1.35,4.5,1.35,0,0,0,0,0,0,0,0,0,111.29695792528106,,False,False,0.0982845321822178,0.0697168030563444,0.0697168030563444,0.0697168030563444,0.1680013352385622,0.1680013352385622,0.1680013352385622
06037408623,57.934926238429654,266.54061797818264,145.01055418308945,3.2186070132460918,14.807812109899034,detour_factor_1.35,4.5,1.35,0,0,0,0,0,0,0,0,0,266.54061797818264,0.0,False,False,0.04764049412548779,0.03656441925931499,0.03656441925931499,0.006954485605657104,0.08420491338480278,0.08420491338480278,0.054594979731144896
06037403319,168.93966895127184,186.2552193396675,64.38945262283984,9.385537163959546,10.347512185537083,detour_factor_1.35,4.5,1.35,0,0,0,0,0,0,0,0,0,186.2552193396675,0.0,False,False,0.06680409850548001,0.10474576514521079,0.10474576514521079,0.012432574595328871,0.1715498636506908,0.1715498636506908,0.07923667310080888
06037408401,68.52221445932484,229.14337293313827,148.777702227878,3.8067896921847133,12.730187385174347,detour_factor_1.35,4.5,1.35,0,0,0,0,0,0,0,0,0,68.52221445932484,,False,False,0.05498809984114749,0.027260053636959276,0.027260053636959276,0.027260053636959276,0.08224815347810677,0.08224815347810677,0.08224815347810677
06037460700,81.19073569684483,122.30692782669087,283.69476593825385,4.510596427602491,6.794829323705048,detour_factor_1.35,4.5,1.35,0,0,0,0,0,0,0,0,0,122.30692782669087,0.0,False,False,0.09829923076897558,0.0,0.0,0.0,0.09829923076897558,0.09829923076897558,0.09829923076897558
06037503702,214.70108749267183,198.27183368839516,119.18125296049998,11.927838194037323,11.015101871577508,detour_factor_1.35,4.5,1.35,0,0,0,0,0,0,0,0,0,198.27183368839516,0.0,False,False,0.06301043363446891,0.03760742064285914,0.03760742064285914,0.03760742064285914,0.10061785427732806,0.10061785427732806,0.10061785427732806
06037532102,130.86461898168096,99.75302801988988,102.59565342757294,7.270256610093386,5.541834889993882,detour_factor_1.35,4.5,1.35,0,0,0,0,0,0,0,0,0,99.75302801988988,0.0,False,False,0.11790399101874811,0.0,0.0,0.0,0.11790399101874811,0.11790399101874811,0.11790399101874811
06037503402,194.9561268221138,179.58486515954993,115.58310729474049,10.830895934561877,9.97693695330833,detour_factor_1.35,4.5,1.35,0,0,0,0,0,0,0,0,0,179.58486515954993,0.0,False,False,0.06911392205347179,0.03431224506977537,0.03431224506977537,0.03431224506977537,0.10342616712324716,0.10342616712324716,0.10342616712324716
06037501600,140.0568182462119,203.1636373069409,168.95370653460253,7.780934347011771,11.286868739274494,detour_factor_1.35,4.5,1.35,0,0,0,0,0,0,0,0,0,203.1636373069409,0.0,False,False,0.06158669700504795,0.011558016645429485,0.011558016645429485,0.011558016645429485,0.07314471365047744,0.07314471365047744,0.07314471365047744
06037503501,220.96397837274273,152.92275089792324,87.84750942485238,12.275776576263484,8.495708383217957,detour_factor_1.35,4.5,1.35,0,0,0,0,0,0,0,0,0,152.92275089792324,0.0,False,False,0.08019756627244462,0.05157968493309195,0.05157968493309195,0.05157968493309195,0.13177725120553657,0.13177725120553657,0.13177725120553657
06037503502,210.25293258720575,175.63332694697382,104.66645772964007,11.680718477066986,9.757407052609656,detour_factor_1.35,4.5,1.35,0,0,0,0,0,0,0,0,0,175.63332694697382,0.0,False,False,0.07055918389812832,0.04243536645847089,0.04243536645847089,0.04243536645847089,0.11299455035659921,0.11299455035659921,0.11299455035659921
06037503601,235.66712874137636,153.92697453555155,78.62814682757012,13.092618263409797,8.551498585308419,detour_factor_1.35,4.5,1.35,0,0,0,0,0,0,0,0,0,153.92697453555155,0.0,False,False,0.07971606356114873,0.06527217836366832,0.06527217836366832,0.06527217836366832,0.14498824192481705,0.14498824192481705,0.14498824192481705
06037109100,214.34803034392314,260.77181655152543,191.58549069733292,11.908223907995728,14.487323141751412,detour_factor_1.35,4.5,1.35,0,0,0,0,0,0,0,0,0,260.77181655152543,0.0,False,False,0.04864313326084593,0.016423282166845535,0.016423282166845535,0.0,0.06506641542769147,0.06506641542769147,0.04864313326084593
06037553702,148.62011330172308,67.73267919135073,154.48455203679677,8.256672961206837,3.762926621741707,detour_factor_1.35,4.5,1.35,0,0,0,0,0,0,0,0,0,148.62011330172308,,False,False,0.16447501138992648,0.0,0.0,0.0,0.16447501138992648,0.16447501138992648,0.16447501138992648
06037554101,239.81350425600468,49.13529207010507,84.0507896755609,13.322972458666925,2.7297384483391705,detour_factor_1.35,4.5,1.35,0,0,0,0,0,0,0,0,0,239.81350425600468,,False,False,0.2134404790760681,0.0,0.0,0.0,0.2134404790760681,0.2134404790760681,0.2134404790760681
06037553802,156.26412613053702,75.5798332637574,149.95448203685552,8.68134034058539,4.1988796257643,detour_factor_1.35,4.5,1.35,0,0,0,0,0,0,0,0,0,156.26412613053702,,False,False,0.14995904255387982,0.0,0.0,0.0,0.14995904255387982,0.14995904255387982,0.14995904255387982
06037554001,228.7975040402729,32.29793230795916,83.26624731776042,12.710972446681827,1.7943295726643977,detour_factor_1.35,4.5,1.35,0,0,0,0,0,0,0,4,0,228.7975040402729,,False,False,0.29219731572090735,0.0,0.0,0.0,0.29219731572090735,0.29219731572090735,0.29219731572090735
06037602200,64.5036567629247,14.136453960734606,58.25240339945946,3.5835364868291504,0.7853585533741448,detour_factor_1.35,4.5,1.35,0,4,0,0,14,0,0,22,0,64.5036567629247,,False,False,0.4853817465202087,0.0,0.0,0.0,0.4853817465202087,0.4853817465202087,0.4853817465202087
06037603400,104.7386754958565,66.77441826451852,65.82663424548424,5.81881530532536,3.709689903584361,detour_factor_1.35,4.5,1.35,0,0,0,0,0,0,0,0,0,104.7386754958565,,False,False,0.166442486118795,0.001992819517954686,0.001992819517954686,0.001992819517954686,0.1684353056367497,0.1684353056367497,0.1684353056367497
06037106510,300.47141946968065,357.87462474153284,179.73572148707675,16.692856637204482,19.88192359675182,detour_factor_1.35,4.5,1.35,0,0,0,0,0,0,0,0,0,357.87462474153284,0.0,False,False,0.03591877017529951,0.03314114906310873,0.03314114906310873,0.0,0.06905991923840823,0.06905991923840823,0.03591877017529951
06037603004,84.81882723341519,73.70841838286037,50.52512827205807,4.712157068523066,4.094912132381131,detour_factor_1.35,4.5,1.35,0,0,0,0,0,0,0,0,0,84.81882723341519,,False,False,0.15318319163437435,0.05561189985601686,0.05561189985601686,0.05561189985601686,0.20879509149039122,0.20879509149039122,0.20879509149039122
06037574202,86.18289447771159,78.73628508382009,100.17946228719963,4.787938582095088,4.374238060212227,detour_factor_1.35,4.5,1.35,0,0,0,0,0,0,0,0,0,86.18289447771159,,False,False,0.14481794931442019,0.0,0.0,0.0,0.14481794931442019,0.14481794931442019,0.14481794931442019
06037574201,82.64187205656546,100.12637989409656,119.52151598793954,4.591215114253637,5.562576660783142,detour_factor_1.35,4.5,1.35,0,0,0,0,0,0,0,0,0,82.64187205656546,,False,False,0.11751601475147994,0.0,0.0,0.0,0.11751601475147994,0.11751601475147994,0.11751601475147994
06037574601,41.21762758042866,123.72544028628906,126.80646505146497,2.2898681989127034,6.873635571460501,detour_factor_1.35,4.5,1.35,0,0,0,0,0,0,1,0,0,41.21762758042866,,False,True,0.0972818666124737,0.0,0.0,0.0,0.0972818666124737,0.0972818666124737,0.0972818666124737
06037320300,228.16833775622035,254.08062186402242,208.64207396707664,12.676018764234461,14.115590103556801,detour_factor_1.35,4.5,1.35,0,0,0,0,0,0,0,0,0,254.08062186402242,0.0,False,False,0.04986027495645513,0.01020643916962232,0.01020643916962232,0.0,0.060066714126077454,0.060066714126077454,0.04986027495645513
06037291210,67.71443746719966,78.6287895644834,40.8400853353072,3.7619131926222034,4.368266086915744,detour_factor_1.35,4.5,1.35,0,0,0,0,0,0,0,0,1,67.71443746719966,,False,False,0.14498722858049506,0.10113593774372337,0.10113593774372337,0.10113593774372337,0.24612316632421843,0.24612316632421843,0.24612316632421843
06037570203,174.3791294947623,76.27648912712885,143.61383675678366,9.687729416375683,4.237582729284936,detour_factor_1.35,4.5,1.35,0,0,0,0,0,0,0,0,0,174.3791294947623,,False,False,0.1487932122532247,0.0,0.0,0.0,0.1487932122532247,0.1487932122532247,0.1487932122532247
06037291220,49.45790689646912,103.34324691089623,16.115152037413274,2.747661494248284,5.74129149504979,detour_factor_1.35,4.5,1.35,0,0,0,0,0,1,0,0,1,49.45790689646912,,False,False,0.11427600385119066,0.3384920473905325,0.3384920473905325,0.3384920473905325,0.45276805124172315,0.45276805124172315,0.45276805124172315
06037291300,39.735747099816635,107.53184483009714,6.165613713192699,2.2075415055453687,5.97399137944984,detour_factor_1.35,4.5,1.35,0,0,1,0,0,1,1,0,1,107.53184483009714,0.0,False,False,0.11031575459479634,0.5734818526051689,0.5734818526051689,0.5734818526051689,0.6837976071999653,0.6837976071999653,0.6837976071999653
06037103300,194.45166448422012,174.37263427736332,176.5149547759103,10.80287024912334,9.687368570964628,detour_factor_1.35,4.5,1.35,0,0,0,0,0,0,0,0,0,174.37263427736332,0.0,False,False,0.07103308170247816,0.0,0.0,0.0,0.07103308170247816,0.07103308170247816,0.07103308170247816
06037265700,42.366341558046265,50.62034414625316,12.656444575375271,2.3536856421136814,2.812241341458509,detour_factor_1.35,4.5,1.35,0,0,1,0,0,1,1,0,2,129.62034414625316,79.0,False,False,0.2084842320066618,0.3045379792707045,0.3045379792707045,0.0,0.5130222112773662,0.5130222112773662,0.2084842320066618
06037265410,28.386555586006285,72.20530869152492,28.048409077549177,1.577030865889238,4.011406038418051,detour_factor_1.35,4.5,1.35,0,0,0,1,0,1,1,0,1,28.386555586006285,,True,True,0.15587497086356075,0.16632831388326405,0.16632831388326405,0.0,0.3222032847468248,0.3222032847468248,0.15587497086356075
06037265301,0.282108673389574,73.76115045252466,15.840494376175421,0.015672704077198556,4.097841691806925,detour_factor_1.35,4.5,1.35,1,0,0,1,0,1,1,0,1,73.76115045252466,0.0,False,False,0.15309044561440227,0.3039402006928542,0.3039402006928542,0.0,0.4570306463072565,0.4570306463072565,0.15309044561440227
06037183101,66.21410347033708,26.212820442363913,157.14368330554626,3.6785613039076153,1.4562678023535507,detour_factor_1.35,4.5,1.35,0,0,0,0,4,0,0,10,0,66.21410347033708,,False,False,0.3371587894225815,0.0,0.0,0.0,0.3371587894225815,0.3371587894225815,0.3371587894225815
06037267100,52.42373249801781,31.658640879651838,17.321551942314937,2.912429583223212,1.7588133822028797,detour_factor_1.35,4.5,1.35,0,0,0,0,0,1,0,13,2,110.65864087965184,79.0,False,False,0.2963491504110346,0.13860055543324434,0.13860055543324434,0.0,0.43494970584427894,0.43494970584427894,0.2963491504110346
06037264302,42.33024700927928,39.741875204179884,59.513943722855295,2.3516803894044047,2.207881955787771,detour_factor_1.35,4.5,1.35,0,0,0,0,0,0,1,5,0,42.33024700927928,,False,True,0.2512158444730258,0.0,0.0,0.0,0.2512158444730258,0.2512158444730258,0.2512158444730258
06037267300,51.434430472031465,27.205745590456445,35.77033633621467,2.8574683595573034,1.5114303105809135,detour_factor_1.35,4.5,1.35,0,0,0,0,10,0,0,21,1,51.434430472031465,,False,False,0.32890074681763076,0.0,0.0,0.0,0.32890074681763076,0.32890074681763076,0.32890074681763076
06037267402,62.396305909755704,29.155205057228205,50.71740029921046,3.4664614394308724,1.6197336142904555,detour_factor_1.35,4.5,1.35,0,0,0,0,11,0,0,15,0,62.396305909755704,,False,False,0.31381012005569997,0.0,0.0,0.0,0.31381012005569997,0.31381012005569997,0.31381012005569997
06037267501,61.05072301120369,19.791703040041575,45.91279944950016,3.39170683395576,1.0995390577800874,detour_factor_1.35,4.5,1.35,0,0,0,0,10,0,0,25,0,61.05072301120369,,False,False,0.4025152812828408,0.0,0.0,0.0,0.4025152812828408,0.4025152812828408,0.4025152812828408
06037267502,68.66429112272466,18.790876518046467,56.716943167948905,3.8146828401513706,1.0439375843359147,detour_factor_1.35,4.5,1.35,0,0,0,0,15,0,0,19,0,68.66429112272466,,False,False,0.4150556043251797,0.0,0.0,0.0,0.4150556043251797,0.4150556043251797,0.4150556043251797
06037267600,73.58839055470185,5.063770138161526,57.987323981813674,4.088243919705658,0.28132056323119586,detour_factor_1.35,4.5,1.35,0,10,0,0,14,0,0,25,0,73.58839055470185,,False,False,0.7247517716032029,0.0,0.0,0.0,0.7247517716032029,0.7247517716032029,0.7247517716032029
06037239202,63.0234264006418,36.78522103258473,25.584782850436003,3.501301466702322,2.0436233906991514,detour_factor_1.35,4.5,1.35,0,0,0,0,0,1,0,7,1,63.0234264006418,,False,False,0.26603587238342913,0.07656378661275715,0.07656378661275715,0.07656378661275715,0.3425996589961863,0.3425996589961863,0.3425996589961863
06037239201,55.02803501569101,56.44120048787534,7.681624652100298,3.057113056427278,3.135622249326407,detour_factor_1.35,4.5,1.35,0,0,1,0,0,1,0,0,1,55.02803501569101,,False,False,0.19109168636653123,0.44337702599421863,0.44337702599421863,0.44337702599421863,0.6344687123607499,0.6344687123607499,0.6344687123607499
06037237402,74.85613386980626,52.368929570037125,41.46148373816659,4.158674103878125,2.9093849761131736,detour_factor_1.35,4.5,1.35,0,0,0,0,0,0,0,0,1,74.85613386980626,,False,False,0.2029356789878442,0.04039633754092914,0.04039633754092914,0.04039633754092914,0.24333201652877334,0.24333201652877334,0.24333201652877334
06037237401,71.07522990850846,62.55099616382784,32.40164671665426,3.9486238838060252,3.4750553424348793,detour_factor_1.35,4.5,1.35,0,0,0,0,0,0,0,0,1,71.07522990850846,,False,False,0.17570601758867926,0.11582867464820845,0.11582867464820845,0.11582867464820845,0.2915346922368877,0.2915346922368877,0.2915346922368877
06037237202,68.11856823874581,34.864025313676876,50.472315758475865,3.7843649021525447,1.9368902952042708,detour_factor_1.35,4.5,1.35,0,0,0,0,0,0,0,4,0,68.11856823874581,,False,False,0.2766403327407327,0.0,0.0,0.0,0.2766403327407327,0.2766403327407327,0.2766403327407327
06037237201,59.869386191166015,52.90851415496837,32.53087184139143,3.326077010620334,2.9393618974982427,detour_factor_1.35,4.5,1.35,0,0,0,0,0,0,0,0,1,59.869386191166015,,False,False,0.20128263082771047,0.08943064508186921,0.08943064508186921,0.08943064508186921,0.2907132759095797,0.2907132759095797,0.2907132759095797
06037237101,56.26856971642372,65.66098244632775,20.329124817732495,3.1260316509124286,3.6478323581293193,detour_factor_1.35,4.5,1.35,0,0,0,0,0,1,0,0,1,56.26856971642372,,False,False,0.1687885160056834,0.22730060123874962,0.22730060123874962,0.22730060123874962,0.396089117244433,0.396089117244433,0.396089117244433
06037236204,102.01440467741314,18.514766069269527,93.86663784778341,5.667466926522952,1.0285981149594179,detour_factor_1.35,4.5,1.35,0,0,0,0,20,0,0,27,0,102.01440467741314,,False,False,0.4186539725583636,0.0,0.0,0.0,0.4186539725583636,0.4186539725583636,0.4186539725583636
06037236203,96.02572922632237,12.544237690018388,99.6992381780983,5.334762734795687,0.6969020938899104,detour_factor_1.35,4.5,1.35,0,4,0,0,20,0,0,24,0,96.02572922632237,,False,False,0.5152467100293701,0.0,0.0,0.0,0.5152467100293701,0.5152467100293701,0.5152467100293701
06037234902,57.45150672075467,11.640094767058834,40.30008963178817,3.191750373375259,0.6466719315032685,detour_factor_1.35,4.5,1.35,0,8,0,0,8,0,0,14,1,57.45150672075467,,False,False,0.5339008036755657,0.0,0.0,0.0,0.5339008036755657,0.5339008036755657,0.5339008036755657
06037222001,50.63345494167345,20.092633971768514,60.868377360231115,2.812969718981858,1.1162574428760286,detour_factor_1.35,4.5,1.35,0,0,0,0,4,0,0,17,0,50.63345494167345,,False,False,0.39889147295666294,0.0,0.0,0.0,0.39889147295666294,0.39889147295666294,0.39889147295666294
06037221602,38.961429612706894,36.06994712876612,26.7846632051345,2.1645238673726053,2.003885951598117,detour_factor_1.35,4.5,1.35,0,0,0,0,0,1,4,25,2,38.961429612706894,,False,True,0.26988761087560215,0.0,0.0624653101021051,0.0,0.26988761087560215,0.33235292097770724,0.26988761087560215
06037221601,38.77819955104481,33.67204930267641,35.29168267884079,2.1543444195024892,1.8706694057042452,detour_factor_1.35,4.5,1.35,0,0,0,0,0,0,2,24,1,38.77819955104481,,False,True,0.28365545785641516,0.0,0.0,0.0,0.28365545785641516,0.28365545785641516,0.28365545785641516
06037221402,60.15714734933551,40.28084349248205,40.18838227794665,3.3420637416297505,2.2378246384712246,detour_factor_1.35,4.5,1.35,0,0,0,0,0,0,0,4,1,60.15714734933551,,False,False,0.2486904420196804,0.0,0.0004296241263917755,0.0,0.2486904420196804,0.24912006614607218,0.2486904420196804
06037430721,5.731897264108127,24.348764067144195,122.8341591660316,0.31843873689489594,1.3527091148413442,detour_factor_1.35,4.5,1.35,1,0,0,1,4,0,1,4,0,24.348764067144195,0.0,True,True,0.35383734593192695,0.0,0.0,0.0,0.35383734593192695,0.35383734593192695,0.35383734593192695
06037670406,203.54529123563526,262.9950381819963,267.4075987437801,11.308071735313069,14.610835454555346,detour_factor_1.35,4.5,1.35,0,0,0,0,0,0,0,0,0,203.54529123563526,,False,False,0.048251771109191564,0.0,0.0,0.0,0.048251771109191564,0.048251771109191564,0.048251771109191564
06037670202,190.17272131055512,215.3074968954563,202.12362400484528,10.56515118391973,11.961527605303127,detour_factor_1.35,4.5,1.35,0,0,0,0,0,0,0,0,0,190.17272131055512,,False,False,0.05831562682829363,0.003568349897533296,0.003568349897533296,0.003568349897533296,0.06188397672582693,0.06188397672582693,0.06188397672582693
06037301601,93.52364781365952,129.4568646180154,146.3542561533705,5.195758211869973,7.192048034334188,detour_factor_1.35,4.5,1.35,0,0,0,0,0,0,0,0,0,129.4568646180154,0.0,False,False,0.09337709117733872,0.0,0.0,0.0,0.09337709117733872,0.09337709117733872,0.09337709117733872
06037670003,162.7833824102886,207.25980554538032,154.10334968495647,9.043521245016032,11.514433641410017,detour_factor_1.35,4.5,1.35,0,0,0,0,0,0,0,0,0,162.7833824102886,,False,False,0.060443100819487665,0.01918899110314603,0.01918899110314603,0.01918899110314603,0.0796320919226337,0.0796320919226337,0.0796320919226337
06037670411,216.97818501459713,217.0605477417496,226.2744994164607,12.05434361192206,12.058919318986087,detour_factor_1.35,4.5,1.35,0,0,0,0,0,0,0,0,0,216.97818501459713,,False,False,0.05787190732286914,0.0,0.0,0.0,0.05787190732286914,0.05787190732286914,0.05787190732286914
06037211120,54.16618134354718,6.27130257619442,8.934928587440528,3.009232296863732,0.34840569867746773,detour_factor_1.35,4.5,1.35,0,4,1,0,15,2,0,19,3,54.16618134354718,,False,False,0.6801112448537441,0.0,0.0,0.0,0.6801112448537441,0.6801112448537441,0.6801112448537441
06037572600,93.37008818241361,38.626724776773656,82.69210647744585,5.187227121245201,2.145929154265203,detour_factor_1.35,4.5,1.35,0,0,0,0,0,0,0,7,0,93.37008818241361,,False,False,0.2566073599278713,0.0,0.0,0.0,0.2566073599278713,0.2566073599278713,0.2566073599278713
06037573300,64.34711265227736,23.43874754975716,52.46160451229059,3.5748395917931868,1.3021526416531755,detour_factor_1.35,4.5,1.35,0,0,0,0,3,0,0,10,0,64.34711265227736,,False,False,0.36259393031697096,0.0,0.0,0.0,0.36259393031697096,0.36259393031697096,0.36259393031697096
06037575300,43.50298498217552,9.529095817230786,31.077584744293926,2.416832499009751,0.529394212068377,detour_factor_1.35,4.5,1.35,0,7,0,0,11,0,2,26,2,43.50298498217552,,False,True,0.5831984539142613,0.0,0.0,0.0,0.5831984539142613,0.5831984539142613,0.5831984539142613
06037572900,66.89063253042805,35.9766742669427,56.99012313476301,3.716146251690447,1.9987041259412608,detour_factor_1.35,4.5,1.35,0,0,0,0,0,0,0,10,0,66.89063253042805,,False,False,0.27039811961535154,0.0,0.0,0.0,0.27039811961535154,0.27039811961535154,0.27039811961535154
06037573201,72.44301172608755,13.257465835030048,59.88005761677671,4.024611762560419,0.7365258797238915,detour_factor_1.35,4.5,1.35,0,3,0,0,6,0,0,14,0,72.44301172608755,,False,False,0.501426574241393,0.0,0.0,0.0,0.501426574241393,0.501426574241393,0.501426574241393
06037573100,72.7647663610366,17.330211198019803,60.64814439816749,4.042487020057589,0.9627895110011001,detour_factor_1.35,4.5,1.35,0,0,0,0,6,0,0,14,0,72.7647663610366,,False,False,0.4348268778810013,0.0,0.0,0.0,0.4348268778810013,0.4348268778810013,0.4348268778810013
06037572700,79.02581189378593,40.57307069978809,68.79085767868604,4.390322882988106,2.254059483321561,detour_factor_1.35,4.5,1.35,0,0,0,0,0,0,0,6,0,129.5730706997881,89.0,False,False,0.2473422884067912,0.0,0.0,0.0,0.2473422884067912,0.2473422884067912,0.2473422884067912
06037572800,84.17207670612639,57.11991051969086,75.63734777943104,4.676226483673688,3.1733283622050474,detour_factor_1.35,4.5,1.35,0,0,0,0,0,0,0,0,0,84.17207670612639,,False,False,0.189250808112521,0.0,0.0,0.0,0.189250808112521,0.189250808112521,0.189250808112521
06037577000,44.89325763087071,82.46769573800941,84.85044765656409,2.4940698683817057,4.581538652111634,detour_factor_1.35,4.5,1.35,0,0,0,0,0,0,1,0,0,44.89325763087071,,False,True,0.1391773497903038,0.0,0.0,0.0,0.1391773497903038,0.1391773497903038,0.1391773497903038
06037542200,119.48398158428718,46.75978890108772,153.9589092005181,6.637998976904844,2.5977660500604283,detour_factor_1.35,4.5,1.35,0,0,0,0,0,0,0,0,0,119.48398158428718,,False,False,0.22187785952143566,0.0,0.0,0.0,0.22187785952143566,0.22187785952143566,0.22187785952143566
06037573202,57.36334617444595,9.885563853401807,44.83898253427328,3.1868525652469972,0.549197991855656,detour_factor_1.35,4.5,1.35,0,3,0,0,10,0,0,18,1,57.36334617444595,,False,False,0.5742449017324824,0.0,0.0,0.0,0.5742449017324824,0.5742449017324824,0.5742449017324824
06037910205,739.6119235664223,754.7728686770388,670.2005578422772,41.089551309245685,41.93182603761326,detour_factor_1.35,4.5,1.35,0,0,0,0,0,0,0,0,0,762.7728686770388,8.0,False,False,0.01735871068146028,0.0021477593055674628,0.0021477593055674628,0.0,0.019506469987027743,0.019506469987027743,0.01735871068146028
06037910705,849.6409905714144,844.6689878794344,865.8697028055002,47.202277253967466,46.926054882190805,detour_factor_1.35,4.5,1.35,0,0,0,0,0,0,0,0,0,849.6409905714144,,False,False,0.015539973498541304,0.0,0.0,0.0,0.015539973498541304,0.015539973498541304,0.015539973498541304
06037910206,857.5249084037827,866.0504119420289,566.9021800109053,47.64027268909903,48.11391177455715,detour_factor_1.35,4.5,1.35,0,0,0,0,0,0,0,0,0,866.0504119420289,0.0,False,False,0.015162133033466812,0.007817041847583623,0.007817041847583623,0.0,0.022979174881050436,0.022979174881050436,0.015162133033466812
06037920328,504.69899479715104,588.9260169027023,105.47655078147457,28.03883304428617,32.718112050150125,detour_factor_1.35,4.5,1.35,0,0,0,0,0,0,0,0,0,588.9260169027023,0.0,False,False,0.02213885650444078,0.09008525205919622,0.09008525205919622,0.0,0.112224108563637,0.112224108563637,0.02213885650444078
06037920330,476.97646368495026,561.0714980073805,94.60540519931992,26.49869242694168,31.170638778187804,detour_factor_1.35,4.5,1.35,0,0,0,0,0,0,0,0,0,561.0714980073805,0.0,False,False,0.023212432427164836,0.10031442655405051,0.10031442655405051,0.0,0.12352685898121535,0.12352685898121535,0.023212432427164836
06037920329,486.29623931085445,562.1018221954798,71.0212298758079,27.01645773949191,31.227879010859986,detour_factor_1.35,4.5,1.35,0,0,0,0,0,0,0,0,0,562.1018221954798,0.0,False,False,0.023170870262662825,0.1348921061322934,0.1348921061322934,0.0,0.15806297639495623,0.15806297639495623,0.023170870262662825
06037109601,179.97316924875562,217.05677893977628,162.22425432091146,9.998509402708645,12.05870994109868,detour_factor_1.35,4.5,1.35,0,0,0,0,0,0,0,0,0,217.05677893977628,0.0,False,False,0.05787285401175421,0.018075633954444767,0.018075633954444767,0.0,0.07594848796619898,0.07594848796619898,0.05787285401175421
06037920303,337.35517842890823,467.58269719611167,130.56210584754575,18.741954357161568,25.976816510895095,detour_factor_1.35,4.5,1.35,0,0,0,0,0,0,0,0,0,467.58269719611167,0.0,False,False,0.027724867725150565,0.024105423234021366,0.06493500675893993,0.0,0.05183029095917193,0.0926598744840905,0.027724867725150565
06037920312,373.827230634329,453.35071331950434,116.40133923400349,20.768179479684942,25.186150739972465,detour_factor_1.35,4.5,1.35,0,0,0,0,0,0,0,0,0,453.35071331950434,0.0,False,False,0.02857036453027049,0.07420349745649228,0.07420349745649228,0.0,0.10277386198676278,0.10277386198676278,0.02857036453027049
06037920313,408.6104629094873,495.856632426726,110.05957150412522,22.700581272749293,27.547590690373667,detour_factor_1.35,4.5,1.35,0,0,0,0,0,0,0,0,0,495.856632426726,0.0,False,False,0.026185381154223825,0.08187053462875331,0.08187053462875331,0.0,0.10805591578297713,0.10805591578297713,0.026185381154223825
06037920314,465.1928555162316,527.5322999514239,27.85168245703293,25.844047528679532,29.307349997301326,detour_factor_1.35,4.5,1.35,0,0,0,0,0,1,0,0,1,527.5322999514239,0.0,False,False,0.024651840517871365,0.2990904982298094,0.2990904982298094,0.0,0.32374233874768077,0.32374233874768077,0.024651840517871365
06037541603,124.42725780293651,28.4491951820765,142.32894172035088,6.912625433496472,1.5805108434486943,detour_factor_1.35,4.5,1.35,0,0,0,0,4,0,0,14,0,124.42725780293651,,False,False,0.31911264844624854,0.0,0.0,0.0,0.31911264844624854,0.31911264844624854,0.31911264844624854
06037550700,203.20024592486374,101.96315292353482,85.89451535499198,11.288902551381318,5.664619606863045,detour_factor_1.35,4.5,1.35,0,0,0,0,0,0,0,0,0,122.46315292353482,20.5,False,False,0.115643882707996,0.01872699713656592,0.01872699713656592,0.0,0.13437087984456192,0.13437087984456192,0.115643882707996
06037551600,209.93590423772824,44.026567907674334,104.25062948770062,11.663105790984902,2.4459204393152407,detour_factor_1.35,4.5,1.35,0,0,0,0,0,0,0,4,0,209.93590423772824,,False,False,0.23245042346413744,0.0,0.0,0.0,0.23245042346413744,0.23245042346413744,0.23245042346413744
06037550400,217.22781187287552,49.49276366697119,16.663766695815763,12.068211770715306,2.7495979814983995,detour_factor_1.35,4.5,1.35,0,0,0,0,0,1,0,0,1,217.22781187287552,,False,False,0.21222603296952702,0.23226137815944636,0.23226137815944636,0.0,0.4444874111289734,0.4444874111289734,0.21222603296952702
06037551201,235.9026415379355,31.03391977657371,75.45249917528922,13.105702307663083,1.7241066542540948,detour_factor_1.35,4.5,1.35,0,0,0,0,0,0,0,4,0,235.9026415379355,,False,False,0.30052194803009,0.0,0.0,0.0,0.30052194803009,0.30052194803009,0.30052194803009
06037551202,242.05787144862384,23.333533240918204,64.49927534501938,13.447659524923546,1.2963074022732333,detour_factor_1.35,4.5,1.35,0,0,0,0,4,0,0,4,0,43.8335332409182,20.5,False,True,0.3636343810926118,0.0,0.0,0.0,0.3636343810926118,0.3636343810926118,0.3636343810926118
06037551700,220.71589438694252,14.456095930698206,83.71581037241214,12.261994132607917,0.8031164405943448,detour_factor_1.35,4.5,1.35,0,3,0,0,4,0,0,4,0,220.71589438694252,,False,False,0.47979874673392287,0.0,0.0,0.0,0.47979874673392287,0.47979874673392287,0.47979874673392287
06037553602,188.16955408461118,40.29920981620376,115.54398969004912,10.453864115811731,2.2388449897890976,detour_factor_1.35,4.5,1.35,0,0,0,0,0,0,0,4,0,188.16955408461118,,False,False,0.24860527863013362,0.0,0.0,0.0,0.24860527863013362,0.24860527863013362,0.24860527863013362
06037461200,93.5207972318504,54.97380820480353,245.375716381785,5.19559984621391,3.054100455822418,detour_factor_1.35,4.5,1.35,0,0,0,0,0,0,0,0,0,62.97380820480353,8.0,False,False,0.1951967690799818,0.0,0.0,0.0,0.1951967690799818,0.1951967690799818,0.1951967690799818
06037460502,96.38760349040172,135.42863452816118,305.56834807189034,5.354866860577872,7.523813029342288,detour_factor_1.35,4.5,1.35,0,0,0,0,0,0,0,0,0,135.42863452816118,0.0,False,False,0.08962864316064569,0.0,0.0,0.0,0.08962864316064569,0.08962864316064569,0.08962864316064569
06037461300,105.15131968185564,44.46316052194429,226.40340499162244,5.841739982325313,2.4701755845524604,detour_factor_1.35,4.5,1.35,0,0,0,0,0,0,0,3,0,105.15131968185564,,False,False,0.23069450141249037,0.0,0.0,0.0,0.23069450141249037,0.23069450141249037,0.23069450141249037
06037461000,53.913749536182756,80.77674159018238,290.12877972647186,2.9952083075657088,4.487596755010132,detour_factor_1.35,4.5,1.35,0,0,0,0,0,0,0,0,0,80.77674159018238,0.0,False,False,0.141678065224892,0.0,0.0,0.0,0.141678065224892,0.141678065224892,0.141678065224892
06037143200,36.677357044553965,25.519706470334196,36.81104254304873,2.0376309469196645,1.417761470574122,detour_factor_1.35,4.5,1.35,0,0,0,0,5,0,1,9,2,25.519706470334196,0.0,True,True,0.3431734917192949,0.0,0.0,0.0,0.3431734917192949,0.3431734917192949,0.3431734917192949
06037143300,61.306650977937984,36.85747162733961,35.8251023770995,3.405925054329888,2.0476373126299783,detour_factor_1.35,4.5,1.35,0,0,0,0,0,0,0,4,2,61.306650977937984,,False,False,0.2656529088103026,0.005578938595769689,0.005578938595769689,0.0,0.2712318474060723,0.2712318474060723,0.2656529088103026
06037143400,96.09542447311902,61.49797129035856,60.74713523836921,5.338634692951056,3.4165539605754756,detour_factor_1.35,4.5,1.35,0,0,0,0,0,0,0,0,0,96.09542447311902,,False,False,0.17817854974443337,0.0018059129675969676,0.0018059129675969676,0.0,0.17998446271203034,0.17998446271203034,0.17817854974443337
06037141700,107.19583446273813,118.81070697754666,107.18966896687007,5.955324136818786,6.600594832085926,detour_factor_1.35,4.5,1.35,0,0,0,0,0,0,0,0,0,107.19583446273813,,False,False,0.1008999974721943,0.0006051020498075571,0.00972895367293354,0.0,0.10150509952200186,0.11062895114512784,0.1008999974721943
06037143602,54.528802616196245,40.69899569574283,49.758171121407244,3.0293779231220133,2.261055316430157,detour_factor_1.35,4.5,1.35,0,0,0,0,0,0,0,5,0,40.69899569574283,0.0,False,True,0.246765845058397,0.0,0.0,0.0,0.246765845058397,0.246765845058397,0.246765845058397
06037240010,113.89638004268008,34.34055943521298,66.72247782972205,6.327576669037782,1.9078088575118324,detour_factor_1.35,4.5,1.35,0,0,0,0,0,0,0,4,0,101.34055943521298,67.0,False,False,0.2796778815203073,0.0,0.0,0.0,0.2796778815203073,0.2796778815203073,0.2796778815203073
06037238400,50.29210600385547,58.35522986382516,73.11598017760132,2.7940058891030817,3.241957214656953,detour_factor_1.35,4.5,1.35,0,0,0,0,0,0,0,0,0,50.29210600385547,,False,False,0.18598968564433196,0.0,0.0,0.0,0.18598968564433196,0.18598968564433196,0.18598968564433196
06037240020,121.61975637131788,35.85229971683339,74.165329036894,6.756653131739881,1.991794428712966,detour_factor_1.35,4.5,1.35,0,0,0,0,0,0,0,7,0,121.61975637131788,,False,False,0.27108186896230535,0.0,0.0,0.0,0.27108186896230535,0.27108186896230535,0.27108186896230535
06037240200,104.62188374334404,54.57077460806376,66.43850874927492,5.812326874630225,3.0317097004479865,detour_factor_1.35,4.5,1.35,0,0,0,0,0,0,0,0,0,104.62188374334404,,False,False,0.19635532720406734,0.0,0.0,0.0,0.19635532720406734,0.19635532720406734,0.19635532720406734
06037240300,88.13734409585733,55.689352028955426,65.83142750374704,4.896519116436518,3.0938528904975238,detour_factor_1.35,4.5,1.35,0,0,0,0,0,0,0,0,0,88.13734409585733,,False,False,0.1931732047709945,0.0,0.0,0.0,0.1931732047709945,0.1931732047709945,0.1931732047709945
06037238200,71.06229097894872,66.50770948514263,58.738122034885684,3.94790505438604,3.69487274917459,detour_factor_1.35,4.5,1.35,0,0,0,0,0,0,0,0,0,71.06229097894872,,False,False,0.16699848677637608,0.018003096238872224,0.018003096238872224,0.018003096238872224,0.1850015830152483,0.1850015830152483,0.1850015830152483
06037240700,132.99061236993188,28.663854034149654,88.77510391955249,7.388367353885103,1.5924363352305362,detour_factor_1.35,4.5,1.35,0,0,0,0,3,0,0,11,0,132.99061236993188,,False,False,0.31748157838914914,0.0,0.0,0.0,0.31748157838914914,0.31748157838914914,0.31748157838914914
06037240600,118.13383814468807,39.364140891551735,85.76847508867016,6.562991008038225,2.1868967161973183,detour_factor_1.35,4.5,1.35,0,0,0,0,0,0,0,11,0,118.13383814468807,,False,False,0.2530165540085221,0.0,0.0,0.0,0.2530165540085221,0.2530165540085221,0.2530165540085221
06037463400,84.24155313755058,26.846533998855033,182.1106912638431,4.680086285419477,1.4914741110475016,detour_factor_1.35,4.5,1.35,0,0,0,0,3,0,0,7,0,34.84653399885504,8.0,False,True,0.3318411487797997,0.0,0.0,0.0,0.3318411487797997,0.3318411487797997,0.3318411487797997
06037463700,23.873050852621294,18.12054407251414,209.0870176022732,1.326280602923405,1.0066968929174522,detour_factor_1.35,4.5,1.35,0,0,0,1,11,0,2,11,0,23.873050852621294,,True,True,0.42390110323424174,0.0,0.0,0.0,0.42390110323424174,0.42390110323424174,0.42390110323424174
06037463800,39.17067200593192,46.947471061150374,183.50760159724828,2.1761484447739954,2.6081928367305762,detour_factor_1.35,4.5,1.35,0,0,0,0,0,0,1,0,0,39.17067200593192,,False,True,0.22118705062524788,0.0,0.0,0.0,0.22118705062524788,0.22118705062524788,0.22118705062524788
06037463500,67.81486207249567,28.862006130367693,194.43185588198972,3.767492337360871,1.6034447850204272,detour_factor_1.35,4.5,1.35,0,0,0,0,4,0,0,18,0,38.86200613036769,10.0,False,True,0.31599066396428616,0.0,0.0,0.0,0.31599066396428616,0.31599066396428616,0.31599066396428616
06037463900,44.389912536903545,17.67188415571229,191.8945585055238,2.4661062520501966,0.981771341984016,detour_factor_1.35,4.5,1.35,0,0,0,0,13,0,1,17,0,44.389912536903545,,False,True,0.43003514934362586,0.0,0.0,0.0,0.43003514934362586,0.43003514934362586,0.43003514934362586
06037463300,94.3587977067259,31.838366118587736,167.2834928436085,5.242155428151438,1.7687981176993184,detour_factor_1.35,4.5,1.35,0,0,0,0,0,0,0,6,0,94.3587977067259,,False,False,0.29517006212097013,0.0,0.0,0.0,0.29517006212097013,0.29517006212097013,0.29517006212097013
06037406000,144.4377565172304,91.20603408936842,200.18479896505931,8.0243198065128,5.0670018938538,detour_factor_1.35,4.5,1.35,0,0,0,0,0,0,0,0,0,144.4377565172304,,False,False,0.1275436580692172,0.0,0.0,0.0,0.1275436580692172,0.1275436580692172,0.1275436580692172
06037535101,114.16790018300341,12.054091417337277,72.5079011137779,6.342661121277967,0.6696717454076264,detour_factor_1.35,4.5,1.35,0,4,0,0,7,0,0,10,0,114.16790018300341,,False,False,0.5251944009398248,0.0,0.0,0.0,0.5251944009398248,0.5251944009398248,0.5251944009398248
06037532302,148.73992527575686,49.235358329715126,59.28606063328871,8.263329181986492,2.7352976849841735,detour_factor_1.35,4.5,1.35,0,0,0,0,0,0,0,0,0,148.73992527575686,,False,False,0.213099123202662,0.0,0.0,0.0,0.213099123202662,0.213099123202662,0.213099123202662
06037481712,115.28264361543648,95.61105329249725,97.86779741155515,6.404591311968693,5.311725182916513,detour_factor_1.35,4.5,1.35,0,0,0,0,0,0,0,0,0,95.61105329249725,0.0,False,False,0.12238660243346598,0.0,0.0,0.0,0.12238660243346598,0.12238660243346598,0.12238660243346598
06037123104,59.486491517093285,34.268167455807784,36.199630580888865,3.3048050842829597,1.9037870808782098,detour_factor_1.35,4.5,1.35,0,0,0,0,0,0,0,4,2,34.268167455807784,0.0,False,True,0.28010321339227484,0.0,0.0,0.0,0.28010321339227484,0.28010321339227484,0.28010321339227484
06037532304,198.99220952243743,95.4631160710406,96.08148134756574,11.055122751246524,5.303506448391144,detour_factor_1.35,4.5,1.35,0,0,0,0,0,0,0,0,0,95.4631160710406,0.0,False,False,0.12255301902156833,0.0,0.0,0.0,0.12255301902156833,0.12255301902156833,0.12255301902156833
06037432901,80.62325268822703,143.2540111699037,58.61758050754846,4.47906959379039,7.958556176105759,detour_factor_1.35,4.5,1.35,0,0,0,0,0,0,0,0,0,80.62325268822703,,False,False,0.08514949516279526,0.10016202656185956,0.10016202656185956,0.10016202656185956,0.18531152172465482,0.18531152172465482,0.18531152172465482
06037500100,127.88119897920663,282.76165702388556,174.5495342527774,7.1045110544003665,15.708980945771417,detour_factor_1.35,4.5,1.35,0,0,0,0,0,0,0,0,0,282.76165702388556,0.0,False,False,0.04503059412537698,0.02593560680948144,0.02593560680948144,0.013293178351443016,0.07096620093485842,0.07096620093485842,0.058323772476819996
06037503703,240.31896174671095,197.52405943133635,112.084283539745,13.351053430372831,10.973558857296464,detour_factor_1.35,4.5,1.35,0,0,0,0,0,0,0,0,0,197.52405943133635,0.0,False,False,0.0632338907282904,0.04307759617252166,0.04307759617252166,0.04307759617252166,0.10631148690081206,0.10631148690081206,0.10631148690081206
06037201700,116.03587847217229,70.05937239683344,73.87024303920812,6.44643769289846,3.892187355379636,detour_factor_1.35,4.5,1.35,0,0,0,0,0,0,0,0,0,116.03587847217229,,False,False,0.15988608615813368,0.0,0.0,0.0,0.15988608615813368,0.15988608615813368,0.15988608615813368
06037536200,193.46534255162015,50.45919861521841,117.91133079136839,10.748074586201119,2.803288811956578,detour_factor_1.35,4.5,1.35,0,0,0,0,0,0,0,0,0,193.46534255162015,,False,False,0.20901088146315588,0.0,0.0,0.0,0.20901088146315588,0.20901088146315588,0.20901088146315588
06037542000,132.02060882929626,37.98688887218461,157.6012855157791,7.334478268294236,2.110382715121367,detour_factor_1.35,4.5,1.35,0,0,0,0,0,0,0,7,0,132.02060882929626,,False,False,0.25980661735910676,0.0,0.0,0.0,0.25980661735910676,0.25980661735910676,0.25980661735910676
06037540102,167.04351140108818,26.0899182770329,156.99608821677475,9.280195077838231,1.4494399042796056,detour_factor_1.35,4.5,1.35,0,0,0,0,4,0,0,4,0,167.04351140108818,,False,False,0.3382098834746389,0.0,0.0,0.0,0.3382098834746389,0.3382098834746389,0.3382098834746389
06037543603,124.89457069287027,162.00632675943896,127.82506975660414,6.938587260715015,9.000351486635497,detour_factor_1.35,4.5,1.35,0,0,0,0,0,0,0,0,0,124.89457069287027,,False,False,0.07604288343138489,0.018413649381884126,0.018413649381884126,0.018413649381884126,0.09445653281326902,0.09445653281326902,0.09445653281326902
06037541001,66.09932064516877,69.07463381255526,53.321837028060195,3.672184480287154,3.8374796562530697,detour_factor_1.35,4.5,1.35,0,0,0,0,0,0,0,0,0,66.09932064516877,,False,False,0.1617966538323782,0.038237841031893566,0.038237841031893566,0.038237841031893566,0.20003449486427177,0.20003449486427177,0.20003449486427177
06037600502,37.644237408196204,8.926846122987778,86.55939546581936,2.0913465226775667,0.49593589572154306,detour_factor_1.35,4.5,1.35,0,4,0,0,4,0,1,8,0,37.644237408196204,,False,True,0.5989769022076386,0.0,0.0,0.0,0.5989769022076386,0.5989769022076386,0.5989769022076386
06037603500,97.59056410889906,54.1460720476778,82.78519377183343,5.421698006049947,3.0081151137598776,detour_factor_1.35,4.5,1.35,0,0,0,0,0,0,0,0,0,97.59056410889906,,False,False,0.19759115033763125,0.0,0.0,0.0,0.19759115033763125,0.19759115033763125,0.19759115033763125
06037199110,72.31813080783428,30.57283603753888,77.76714242222879,4.017673933768571,1.6984908909743823,detour_factor_1.35,4.5,1.35,0,0,0,0,0,0,0,13,0,72.31813080783428,,False,False,0.3036779004952046,0.0,0.0,0.0,0.3036779004952046,0.3036779004952046,0.3036779004952046
06037197700,13.09177149684402,18.67569514153764,31.743767627672202,0.7273206387135566,1.0375386189743134,detour_factor_1.35,4.5,1.35,1,0,0,2,9,0,2,26,2,13.09177149684402,,True,True,0.4165491415586326,0.0,0.0,0.0,0.4165491415586326,0.4165491415586326,0.4165491415586326
06037197600,24.395749783429295,27.269322401987395,34.20279412555565,1.3553194324127384,1.5149623556659664,detour_factor_1.35,4.5,1.35,0,0,0,2,9,0,2,37,2,24.395749783429295,,True,True,0.3283857445249452,0.0,0.0,0.0,0.3283857445249452,0.3283857445249452,0.3283857445249452
06037197420,33.97011579253563,51.368742010031625,63.26051931665864,1.887228655140868,2.853819000557312,detour_factor_1.35,4.5,1.35,0,0,0,0,0,0,1,0,0,33.97011579253563,,False,True,0.2060727304738709,0.0,0.0,0.0,0.2060727304738709,0.2060727304738709,0.2060727304738709
06037197500,29.10721367338205,37.61756333618467,45.34870224630501,1.6170674262990026,2.089864629788037,detour_factor_1.35,4.5,1.35,0,0,0,1,0,0,2,15,0,29.10721367338205,,True,True,0.2616898662219258,0.0,0.0,0.0,0.2616898662219258,0.2616898662219258,0.2616898662219258
06037199000,36.02165218929999,0.3981621612066447,55.369990066687485,2.001202899405555,0.022120120067035814,detour_factor_1.35,4.5,1.35,0,4,0,0,8,0,1,18,0,36.02165218929999,,False,True,0.9710037292467549,0.0,0.0,0.0,0.9710037292467549,0.9710037292467549,0.9710037292467549
06037199120,66.55688686636319,38.76505237447047,64.4204302494621,3.6976048259090653,2.1536140208039147,detour_factor_1.35,4.5,1.35,0,0,0,0,0,0,0,8,0,66.55688686636319,,False,False,0.2559260359450281,0.0,0.0,0.0,0.2559260359450281,0.2559260359450281,0.2559260359450281
06037199202,61.53991212111898,18.725058073525517,71.32782256443731,3.418884006728832,1.040281004084751,detour_factor_1.35,4.5,1.35,0,0,0,0,8,0,0,13,0,61.53991212111898,,False,False,0.41590774671497344,0.0,0.0,0.0,0.41590774671497344,0.41590774671497344,0.41590774671497344
06037293201,92.940722944395,158.92228862807312,81.2358355148094,5.163373496910833,8.82901603489295,detour_factor_1.35,4.5,1.35,0,0,0,0,0,0,0,0,0,92.940722944395,,False,False,0.07740434350712015,0.06358593372312317,0.06358593372312317,0.06358593372312317,0.14099027723024332,0.14099027723024332,0.14099027723024332
06037292000,64.53651133214797,136.7383221900915,45.73441636191412,3.585361740674886,7.596573455005084,detour_factor_1.35,4.5,1.35,0,0,0,0,0,0,0,0,0,136.7383221900915,0.0,False,False,0.08884644663130353,0.1368830487722792,0.1368830487722792,0.1368830487722792,0.22572949540358273,0.22572949540358273,0.22572949540358273
06037293202,109.4341387369584,165.21610654031252,102.74758744024298,6.079674374275466,9.178672585572917,detour_factor_1.35,4.5,1.35,0,0,0,0,0,0,0,0,0,109.4341387369584,,False,False,0.07467586200645009,0.04018653953618499,0.04018653953618499,0.04018653953618499,0.11486240154263508,0.11486240154263508,0.11486240154263508
06037294120,113.37983967987387,98.25287014383947,106.67812053053588,6.298879982215214,5.458492785768859,detour_factor_1.35,4.5,1.35,0,0,0,0,0,0,0,0,0,113.37983967987387,,False,False,0.11948908483171879,0.0,0.0,0.0,0.11948908483171879,0.11948908483171879,0.11948908483171879
06037621201,199.30097458966486,90.64509459725544,164.48335411571313,11.072276366092492,5.0358385887364125,detour_factor_1.35,4.5,1.35,0,0,0,0,0,0,0,0,0,199.30097458966486,,False,False,0.12823172650998393,0.0,0.0,0.0,0.12823172650998393,0.12823172650998393,0.12823172650998393
06037620301,141.22859870040656,40.36104772853517,109.82133342234881,7.846033261133698,2.2422804293630647,detour_factor_1.35,4.5,1.35,0,0,0,0,0,0,0,4,0,141.22859870040656,,False,False,0.24831896875708856,0.0,0.0,0.0,0.24831896875708856,0.24831896875708856,0.24831896875708856
06037620303,142.13662879234897,39.03566865230354,116.21470275746452,7.896479377352721,2.168648258461308,detour_factor_1.35,4.5,1.35,0,0,0,0,0,0,0,4,0,142.13662879234897,,False,False,0.25460354079289566,0.0,0.0,0.0,0.25460354079289566,0.25460354079289566,0.25460354079289566
06037620400,124.39202967350391,22.104887672670966,110.53989304460669,6.910668315194662,1.2280493151483869,detour_factor_1.35,4.5,1.35,0,0,0,0,6,0,0,15,0,124.39202967350391,,False,False,0.3762416101833742,0.0,0.0,0.0,0.3762416101833742,0.3762416101833742,0.3762416101833742
06037620901,156.9686181355975,53.85126406378738,137.11169789475153,8.720478785310972,2.991736892432632,detour_factor_1.35,4.5,1.35,0,0,0,0,0,0,0,0,0,156.9686181355975,,False,False,0.19845818610062477,0.0,0.0,0.0,0.19845818610062477,0.19845818610062477,0.19845818610062477
06037620800,148.4977709676518,41.8193950557445,139.54125511997,8.249876164869544,2.323299725319139,detour_factor_1.35,4.5,1.35,0,0,0,0,0,0,0,6,0,148.4977709676518,,False,False,0.24175292361372638,0.0,0.0,0.0,0.24175292361372638,0.24175292361372638,0.24175292361372638
06037267700,63.95417296604619,17.413881078521655,48.292264375274854,3.5530096092247883,0.9674378376956474,detour_factor_1.35,4.5,1.35,0,0,0,0,20,0,0,23,0,17.413881078521655,0.0,True,True,0.4336436190522837,0.0,0.0,0.0,0.4336436190522837,0.4336436190522837,0.4336436190522837
06037267800,66.35901908898357,11.289788753697643,43.21444440883968,3.6866121716101983,0.6272104863165356,detour_factor_1.35,4.5,1.35,0,13,0,0,13,0,0,23,1,66.35901908898357,,False,False,0.5414964554944076,0.0,0.0,0.0,0.5414964554944076,0.5414964554944076,0.5414964554944076
06037269100,93.53055825964903,40.41185227536452,38.704531441586,5.196142125536056,2.2451029041869175,detour_factor_1.35,4.5,1.35,0,0,0,0,0,0,0,5,1,93.53055825964903,,False,False,0.24808423642648156,0.00813944590568813,0.00813944590568813,0.0,0.2562236823321697,0.2562236823321697,0.24808423642648156
06037700700,51.48281042897112,74.47126766776168,40.57605061864885,2.86015613494284,4.137292648208982,detour_factor_1.35,4.5,1.35,0,0,0,0,0,0,0,0,1,51.48281042897112,,False,False,0.15185233098624357,0.09547628521923032,0.09547628521923032,0.0,0.2473286162054739,0.2473286162054739,0.15185233098624357
06037226002,36.67921049694367,16.937950614624928,17.510904015979254,2.03773391649687,0.9409972563680513,detour_factor_1.35,4.5,1.35,0,0,0,0,6,2,3,41,3,70.93795061462492,54.0,False,False,0.44046144049442076,0.0,0.0,0.0,0.44046144049442076,0.44046144049442076,0.44046144049442076
06037226001,44.712699065334284,8.239592615970055,29.618802839977707,2.4840388369630158,0.4577551453316697,detour_factor_1.35,4.5,1.35,0,3,0,0,6,1,1,21,2,62.239592615970054,54.0,False,False,0.6180586427945292,0.0,0.0,0.0,0.6180586427945292,0.6180586427945292,0.6180586427945292
06037222002,45.566992530034156,10.583940938430722,69.81576084966665,2.5314995850018973,0.5879967188017067,detour_factor_1.35,4.5,1.35,0,4,0,0,4,0,0,21,0,45.566992530034156,,False,False,0.5574771264413783,0.0,0.0,0.0,0.5574771264413783,0.5574771264413783,0.5574771264413783
06037980014,96.85762826340085,78.4100928580945,89.80574423185885,5.380979347966714,4.356116269894138,detour_factor_1.35,4.5,1.35,0,0,0,0,0,0,0,0,0,96.85762826340085,,False,False,0.14533284712424607,0.0,0.0,0.0,0.14533284712424607,0.14533284712424607,0.14533284712424607
06037980013,90.63099576776459,2.0683641635230456,67.17507837991138,5.035055320431366,0.11490912019572473,detour_factor_1.35,4.5,1.35,0,9,0,0,17,0,0,18,0,90.63099576776459,,False,False,0.8657054416277675,0.0,0.0,0.0,0.8657054416277675,0.8657054416277675,0.8657054416277675
06037980010,16.699629054826797,30.754746542343575,52.208194130987614,0.9277571697125998,1.7085970301301985,detour_factor_1.35,4.5,1.35,0,0,0,1,0,0,1,13,0,61.754746542343575,31.0,False,False,0.30242490421292406,0.0,0.0,0.0,0.30242490421292406,0.30242490421292406,0.30242490421292406
06037651101,168.68315123922224,180.76115168052576,151.51729699796599,9.37128617995679,10.042286204473653,detour_factor_1.35,4.5,1.35,0,0,0,0,0,0,0,0,0,168.68315123922224,,False,False,0.06869506535634581,0.012186234924626213,0.012186234924626213,0.012186234924626213,0.08088130028097203,0.08088130028097203,0.08088130028097203
06037203600,60.80745625183402,14.403717516575929,42.28955875120951,3.3781920139907786,0.8002065286986627,detour_factor_1.35,4.5,1.35,0,3,0,0,9,0,0,18,1,60.40371751657593,46.0,False,False,0.48070479466193694,0.0,0.0,0.0,0.48070479466193694,0.48070479466193694,0.48070479466193694
06037670100,137.4670517161898,200.0411172324913,177.23127339432656,7.63705842867721,11.113395401805072,detour_factor_1.35,4.5,1.35,0,0,0,0,0,0,0,0,0,137.4670517161898,,False,False,0.06248795625706877,0.007479565846279061,0.007479565846279061,0.007479565846279061,0.06996752210334783,0.06996752210334783,0.06996752210334783
06037670407,213.3720883661864,245.6826108673335,255.21943328290445,11.854004909232575,13.649033937074082,detour_factor_1.35,4.5,1.35,0,0,0,0,0,0,0,0,0,213.3720883661864,,False,False,0.05147688253122994,0.0,0.0,0.0,0.05147688253122994,0.05147688253122994,0.05147688253122994
06037599100,717.5464894864074,857.5245281407246,857.9378889367969,39.863693860355966,47.64025156337358,detour_factor_1.35,4.5,1.35,0,0,0,0,0,0,0,0,0,857.5245281407246,0.0,False,False,0.015310573542695775,0.0,0.0,0.0,0.015310573542695775,0.015310573542695775,0.015310573542695775
06037670201,146.28215582361545,229.31923818918642,196.3286584563876,8.126786434645302,12.739957677177022,detour_factor_1.35,4.5,1.35,0,0,0,0,0,0,0,0,0,146.28215582361545,,False,False,0.05494824658017651,0.008646176135724756,0.008646176135724756,0.008646176135724756,0.06359442271590127,0.06359442271590127,0.06359442271590127
06037601402,41.43015999088081,20.709090308606193,19.23771575348174,2.301675555048934,1.1505050171447884,detour_factor_1.35,4.5,1.35,0,0,0,0,21,1,2,29,3,41.43015999088081,,False,True,0.3916681571668991,0.0,0.017693337385965402,0.0,0.3916681571668991,0.4093614945528645,0.3916681571668991
06037901205,1036.7790123560576,1022.5048053121284,644.6149597608583,57.59883401978097,56.805822517340474,detour_factor_1.35,4.5,1.35,0,0,0,0,0,0,0,0,0,1022.5048053121284,0.0,False,False,0.012872023954214488,0.0073929930285479215,0.0073929930285479215,0.0,0.02026501698276241,0.02026501698276241,0.012872023954214488
06037574000,109.40507190837083,146.85732592391648,170.6383636661331,6.078059550465046,8.15874032910647,detour_factor_1.35,4.5,1.35,0,0,0,0,0,0,0,0,0,109.40507190837083,,False,False,0.08323414982593563,0.0,0.0,0.0,0.08323414982593563,0.08323414982593563,0.08323414982593563
06037910807,549.3200419762887,544.8392237717413,172.43790243591008,30.517780109793815,30.268845765096735,detour_factor_1.35,4.5,1.35,0,0,0,0,0,0,0,0,0,544.8392237717413,0.0,False,False,0.023887475590856334,0.0478853867584871,0.0478853867584871,0.0,0.07177286234934344,0.07177286234934344,0.023887475590856334
06037920023,496.0396389149726,542.2473132770948,24.963830288898784,27.557757717498475,30.124850737616377,detour_factor_1.35,4.5,1.35,0,0,0,0,0,1,0,0,1,542.2473132770948,0.0,False,False,0.02399891611538196,0.32415567477951973,0.32415567477951973,0.0,0.3481545908949017,0.3481545908949017,0.02399891611538196
06037920200,615.0065880256459,697.6343655763254,183.22168682025512,34.16703266809143,38.7574647542403,detour_factor_1.35,4.5,1.35,0,0,0,0,0,0,0,0,0,697.6343655763254,0.0,False,False,0.018753782139162376,0.049081337629921326,0.049081337629921326,0.0,0.0678351197690837,0.0678351197690837,0.018753782139162376
06037920104,878.8380804079217,982.064084746769,476.8066552749896,48.82433780044009,54.55911581926493,detour_factor_1.35,4.5,1.35,0,0,0,0,0,0,0,0,0,982.064084746769,0.0,False,False,0.013394984848413947,0.013808127819849013,0.013808127819849013,0.0,0.02720311266826296,0.02720311266826296,0.013394984848413947
06037920016,582.5528207530485,634.6623381251087,105.53444635688977,32.36404559739158,35.25901878472826,detour_factor_1.35,4.5,1.35,0,0,0,0,0,0,0,0,0,634.6623381251087,0.0,False,False,0.02057626913359473,0.09159317971184378,0.09159317971184378,0.0,0.1121694488454385,0.1121694488454385,0.02057626913359473
06037920028,526.8671363213502,566.0209038221832,59.368311704512294,29.27039646229723,31.44560576789906,detour_factor_1.35,4.5,1.35,0,0,0,0,0,0,0,0,0,566.0209038221832,0.0,False,False,0.0230141293154196,0.16038382992460204,0.16038382992460204,0.0,0.18339795924002164,0.18339795924002164,0.0230141293154196
06037910805,620.0963761890973,635.7239942208975,456.19538159461285,34.44979867717207,35.31799967893875,detour_factor_1.35,4.5,1.35,0,0,0,0,0,0,0,0,0,635.7239942208975,0.0,False,False,0.020542612751289355,0.00785465648788692,0.00785465648788692,0.0,0.028397269239176275,0.028397269239176275,0.020542612751289355
06037920038,506.96178981088116,523.7825549385036,103.6297879148288,28.164543878382286,29.099030829916863,detour_factor_1.35,4.5,1.35,0,0,0,0,0,0,0,0,0,523.7825549385036,0.0,False,False,0.024823941396023775,0.08917210446054868,0.08917210446054868,0.0,0.11399604585657246,0.11399604585657246,0.024823941396023775
06037920035,493.3407188014333,520.2986468581139,74.08260795888256,27.407817711190738,28.905480381006324,detour_factor_1.35,4.5,1.35,0,0,0,0,0,0,0,0,0,520.2986468581139,0.0,False,False,0.02498600876309893,0.12754147233742916,0.12754147233742916,0.0,0.15252748110052808,0.15252748110052808,0.02498600876309893
06037920334,443.86155848777474,530.5203438744418,99.86439215709602,24.65897547154304,29.47335243746899,detour_factor_1.35,4.5,1.35,0,0,0,0,0,0,0,0,0,530.5203438744418,0.0,False,False,0.024516398237460907,0.09327159861112101,0.09327159861112101,0.0,0.11778799684858192,0.11778799684858192,0.024516398237460907
06037920042,440.6588534073481,479.3362504070563,59.85163198953964,24.481047411519334,26.629791689280903,detour_factor_1.35,4.5,1.35,0,0,0,0,0,0,0,0,0,479.3362504070563,0.0,False,False,0.027063439216412605,0.15512334292538585,0.15512334292538585,0.0,0.18218678214179845,0.18218678214179845,0.027063439216412605
06037910809,485.0532131058571,478.9297233211031,162.65961304592872,26.947400728103172,26.607206851172393,detour_factor_1.35,4.5,1.35,0,0,0,0,0,0,0,0,0,478.9297233211031,0.0,False,False,0.027085789098110595,0.048674822947102896,0.048674822947102896,0.0,0.07576061204521349,0.07576061204521349,0.027085789098110595
06037920018,566.8477377175731,624.440251932803,93.44667848493827,31.491540984309612,34.691125107377935,detour_factor_1.35,4.5,1.35,0,0,0,0,0,0,0,0,0,624.440251932803,0.0,False,False,0.020906060773541558,0.10396125386981389,0.10396125386981389,0.0,0.12486731464335545,0.12486731464335545,0.020906060773541558
06037910301,958.3100909310994,972.359027480463,652.2544664576595,53.239449496172185,54.019945971136835,detour_factor_1.35,4.5,1.35,0,0,0,0,0,0,0,0,0,972.359027480463,0.0,False,False,0.013526870921800807,0.006505547547288099,0.006505547547288099,0.0,0.020032418469088906,0.020032418469088906,0.013526870921800807
06037106020,308.3752680902326,313.85660068859556,224.3014037972317,17.131959338346256,17.436477816033086,detour_factor_1.35,4.5,1.35,0,0,0,0,0,0,0,0,0,313.85660068859556,0.0,False,False,0.04075104991597849,0.015357469799333681,0.015357469799333681,0.0,0.05610851971531217,0.05610851971531217,0.04075104991597849
06037920034,529.2595028150458,550.5542330542102,99.42039705489738,29.403305711946988,30.586346280789453,detour_factor_1.35,4.5,1.35,0,0,0,0,0,0,0,0,0,550.5542330542102,0.0,False,False,0.023645375653077838,0.09460643994028964,0.09460643994028964,0.0,0.11825181559336748,0.11825181559336748,0.023645375653077838
06037910808,584.470080274019,575.7589298708712,199.58560315118336,32.47056001522328,31.986607215048394,detour_factor_1.35,4.5,1.35,0,0,0,0,0,0,0,0,0,575.7589298708712,0.0,False,False,0.022633692829049142,0.0399879487847907,0.0399879487847907,0.0,0.06262164161383985,0.06262164161383985,0.022633692829049142
06037310400,88.26254000991445,95.7138945371163,97.41070790971403,4.903474444995246,5.31743858539535,detour_factor_1.35,4.5,1.35,0,0,0,0,0,0,0,0,0,95.7138945371163,0.0,False,False,0.12227118097099733,0.0,0.0,0.0,0.12227118097099733,0.12227118097099733,0.12227118097099733
06037550000,233.04199773169552,65.71792871565037,50.15520821352847,12.946777651760861,3.650996039758354,detour_factor_1.35,4.5,1.35,0,0,0,0,0,0,0,0,0,65.71792871565037,0.0,False,False,0.16866692558395086,0.04134472389600782,0.04134472389600782,0.04134472389600782,0.21001164947995868,0.21001164947995868,0.21001164947995868
06037550100,234.6160896134679,49.26674105940269,39.72312184588921,13.034227200748214,2.737041169966816,detour_factor_1.35,4.5,1.35,0,0,0,0,0,0,0,0,1,49.26674105940269,0.0,False,False,0.21299229214463208,0.03831234719272805,0.03831234719272805,0.0,0.25130463933736014,0.25130463933736014,0.21299229214463208
06037551000,226.6934074247294,49.435680885937124,25.362442995877494,12.594078190262744,2.7464267158853954,detour_factor_1.35,4.5,1.35,0,0,0,0,0,1,0,0,1,226.6934074247294,,False,False,0.21241903348611013,0.13214914935373673,0.13214914935373673,0.0,0.34456818283984686,0.34456818283984686,0.21241903348611013
06037552200,263.02641165792016,48.23033661124737,42.22452706076824,14.612578425440008,2.679463145069298,detour_factor_1.35,4.5,1.35,0,0,0,0,0,0,0,0,1,48.23033661124737,0.0,False,False,0.2165779484123661,0.023412095098180874,0.023412095098180874,0.023412095098180874,0.23999004351054698,0.23999004351054698,0.23999004351054698
06037552100,273.5533443078455,30.562892823215943,51.41495392910054,15.197408017102529,1.6979384901786634,detour_factor_1.35,4.5,1.35,0,0,0,0,0,0,0,4,0,30.562892823215943,0.0,False,True,0.30374668851445247,0.0,0.0,0.0,0.30374668851445247,0.30374668851445247,0.30374668851445247
06037551900,274.74767536805064,8.540833303674864,41.61209519707032,15.26375974266948,0.47449073909304795,detour_factor_1.35,4.5,1.35,0,4,0,0,4,0,0,4,1,274.74767536805064,,False,False,0.6095470311895264,0.0,0.0,0.0,0.6095470311895264,0.6095470311895264,0.6095470311895264
06037553902,187.4838675062658,60.97927950862113,127.41816176576995,10.415770417014766,3.387737750478952,detour_factor_1.35,4.5,1.35,0,0,0,0,0,0,0,0,0,187.4838675062658,,False,False,0.1794222114311902,0.0,0.0,0.0,0.1794222114311902,0.1794222114311902,0.1794222114311902
06037403500,144.024347564178,111.45953693962436,123.55703107192187,8.001352642454332,6.192196496645797,detour_factor_1.35,4.5,1.35,0,0,0,0,0,0,0,0,0,144.024347564178,,False,False,0.10684371073579381,0.0,0.0,0.0,0.10684371073579381,0.10684371073579381,0.10684371073579381
06037461400,75.13951512779936,43.42897107085373,242.00579772564507,4.174417507099964,2.412720615047429,detour_factor_1.35,4.5,1.35,0,0,0,0,0,0,0,7,0,53.42897107085373,10.0,False,False,0.23489767502021644,0.0,0.0,0.0,0.23489767502021644,0.23489767502021644,0.23489767502021644
06037920017,542.3793186506779,601.2835652450661,70.59392978220292,30.132184369482108,33.40464251361478,detour_factor_1.35,4.5,1.35,0,0,0,0,0,0,0,0,0,601.2835652450661,0.0,False,False,0.021693730459043922,0.13717399426323557,0.13717399426323557,0.0,0.1588677247222795,0.1588677247222795,0.021693730459043922
06037310900,49.78777448118465,78.2526778785399,79.52033985928436,2.7659874711769246,4.347370993252217,detour_factor_1.35,4.5,1.35,0,0,0,0,0,0,0,0,0,49.78777448118465,,False,False,0.14558264037166405,0.0,0.0,0.0,0.14558264037166405,0.14558264037166405,0.14558264037166405
06037311200,30.209837308859257,39.07113628853726,40.14142042987556,1.6783242949366253,2.1706186826965146,detour_factor_1.35,4.5,1.35,0,0,0,0,0,0,1,4,2,30.209837308859257,,False,True,0.2544312237017426,0.0,0.0,0.0,0.2544312237017426,0.2544312237017426,0.2544312237017426
06037311500,16.5677197804351,63.786823694522596,64.41659272922573,0.920428876690839,3.5437124274734777,detour_factor_1.35,4.5,1.35,0,0,0,1,0,0,1,0,0,16.5677197804351,,True,True,0.17289038102603072,0.0,0.0,0.0,0.17289038102603072,0.17289038102603072,0.17289038102603072
06037311400,12.135913808889011,45.01360483451578,45.34803032694886,0.6742174338271673,2.5007558241397656,detour_factor_1.35,4.5,1.35,1,0,0,1,0,0,1,0,0,12.135913808889011,,True,True,0.2285181322621723,0.0,0.0,0.0,0.2285181322621723,0.2285181322621723,0.2285181322621723
06037800325,559.0546081559753,604.6154465397526,426.19813493489795,31.058589341998626,33.589747029986256,detour_factor_1.35,4.5,1.35,0,0,0,0,0,0,0,0,0,559.0546081559753,,False,False,0.02157676132327946,0.0024526466816546175,0.008758571402423008,0.0,0.024029408004934076,0.030335332725702466,0.02157676132327946
06037238000,49.806799055529886,45.64258162243408,80.33926834360074,2.7670443919738825,2.535698979024115,detour_factor_1.35,4.5,1.35,0,0,0,0,0,0,0,0,0,49.806799055529886,,False,False,0.2260809915934917,0.0,0.0,0.0,0.2260809915934917,0.2260809915934917,0.2260809915934917
06037240500,106.39105048562205,37.506575479848166,84.00926843904675,5.9106139158678905,2.0836986377693427,detour_factor_1.35,4.5,1.35,0,0,0,0,0,0,0,8,0,106.39105048562205,,False,False,0.2622611575156157,0.0,0.0,0.0,0.2622611575156157,0.2622611575156157,0.2622611575156157
06037240900,133.5639270037907,15.761468872283812,111.84484212625411,7.420218166877261,0.8756371595713227,detour_factor_1.35,4.5,1.35,0,0,0,0,4,0,0,18,0,133.5639270037907,,False,False,0.45827200470739593,0.0,0.0,0.0,0.45827200470739593,0.45827200470739593,0.45827200470739593
06037240800,135.19799555139875,23.582185958129905,106.12752459197108,7.5109997528554855,1.310121442118328,detour_factor_1.35,4.5,1.35,0,0,0,0,7,0,0,18,0,135.19799555139875,,False,False,0.3611850405803904,0.0,0.0,0.0,0.3611850405803904,0.3611850405803904,0.3611850405803904
06037125600,19.890537473093946,38.531426662036644,38.44835169307373,1.1050298596163302,2.140634814557591,detour_factor_1.35,4.5,1.35,0,0,0,1,0,0,2,9,2,38.531426662036644,0.0,False,True,0.2570788592200873,0.0004124396152778709,0.0004124396152778709,0.0,0.25749129883536515,0.25749129883536515,0.2570788592200873
06037262200,72.5192257994347,142.1129637704937,86.03720068152678,4.028845877746372,7.895164653916318,detour_factor_1.35,4.5,1.35,0,0,0,0,0,0,0,0,0,72.5192257994347,,False,False,0.08577453166624881,0.04840340614516954,0.04840340614516954,0.0,0.13417793781141835,0.13417793781141835,0.08577453166624881
06037242100,156.2831058922007,13.32672199611148,113.3930630484165,8.682394771788926,0.7403734442284156,detour_factor_1.35,4.5,1.35,0,3,0,0,3,0,0,14,0,156.2831058922007,,False,False,0.5001239933139702,0.0,0.0,0.0,0.5001239933139702,0.5001239933139702,0.5001239933139702
06037241110,117.23120027878774,20.03524112309891,106.32333333927971,6.512844459932651,1.1130689512832725,detour_factor_1.35,4.5,1.35,0,0,0,0,8,0,0,12,0,117.23120027878774,,False,False,0.39957755314785864,0.0,0.0,0.0,0.39957755314785864,0.39957755314785864,0.39957755314785864
06037241300,99.85782069509904,9.401037476450938,114.0095018515682,5.54765670528328,0.5222798598028299,detour_factor_1.35,4.5,1.35,0,8,0,0,8,0,0,12,0,99.85782069509904,,False,False,0.5864834987029868,0.0,0.0,0.0,0.5864834987029868,0.5864834987029868,0.5864834987029868
06037241120,108.98254296432958,16.712238864813102,104.94343426220057,6.0545857202405315,0.9284577147118389,detour_factor_1.35,4.5,1.35,0,0,0,0,12,0,0,12,0,108.98254296432958,,False,False,0.44377032480532663,0.0,0.0,0.0,0.44377032480532663,0.44377032480532663,0.44377032480532663
06037241400,117.65498430560588,11.471711027444156,113.7094193058316,6.536388016978105,0.6373172793024531,detour_factor_1.35,4.5,1.35,0,4,0,0,12,0,0,12,0,117.65498430560588,,False,False,0.5375250751180439,0.0,0.0,0.0,0.5375250751180439,0.5375250751180439,0.5375250751180439
06037242000,150.38502709539065,12.942250103728522,110.45123588951486,8.354723727521701,0.7190138946515846,detour_factor_1.35,4.5,1.35,0,3,0,0,5,0,0,18,0,81.94225010372853,69.0,False,False,0.5074419513945632,0.0,0.0,0.0,0.5074419513945632,0.5074419513945632,0.5074419513945632
06037464000,63.01161509326441,17.63294416949586,187.13014153278198,3.500645282959134,0.9796080094164367,detour_factor_1.35,4.5,1.35,0,0,0,0,3,0,0,17,0,63.01161509326441,,False,False,0.4305759170476707,0.0,0.0,0.0,0.4305759170476707,0.4305759170476707,0.4305759170476707
06037464100,98.2226655704169,55.89591186463554,162.37162300385407,5.45681475391205,3.105328436924197,detour_factor_1.35,4.5,1.35,0,0,0,0,0,0,0,0,0,98.2226655704169,,False,False,0.19259683238211184,0.0,0.0,0.0,0.19259683238211184,0.19259683238211184,0.19259683238211184
06037191710,68.62832260098462,31.071864842857245,52.30612817079559,3.8126845889435894,1.726214713492069,detour_factor_1.35,4.5,1.35,0,0,0,0,0,0,0,15,0,68.62832260098462,,False,False,0.3002651464459058,0.0,0.0,0.0,0.3002651464459058,0.3002651464459058,0.3002651464459058
06037191203,51.61070276641974,5.598136890102319,61.86424898053082,2.8672612648010967,0.31100760500568436,detour_factor_1.35,4.5,1.35,0,9,0,0,12,0,0,16,0,51.61070276641974,,False,False,0.7042946573070553,0.0,0.0,0.0,0.7042946573070553,0.7042946573070553,0.7042946573070553
06037930200,369.4097798956041,361.04045505589966,355.85133912457974,20.522765549755782,20.05780305866109,detour_factor_1.35,4.5,1.35,0,0,0,0,0,0,0,0,0,361.04045505589966,0.0,False,False,0.035615029008042594,0.0005005909730478389,0.0005005909730478389,0.0,0.03611561998109043,0.03611561998109043,0.035615029008042594
06037910202,928.6802111529389,950.6478708544432,690.644540095302,51.593345064052166,52.813770603024615,detour_factor_1.35,4.5,1.35,0,0,0,0,0,0,0,0,0,928.6802111529389,,False,False,0.013831528327948702,0.005108460891307603,0.005108460891307603,0.0,0.018939989219256305,0.018939989219256305,0.013831528327948702
06037481711,126.03615657552244,85.55493203891018,87.55423430918798,7.002008698640136,4.7530517799394545,detour_factor_1.35,4.5,1.35,0,0,0,0,0,0,0,0,0,85.55493203891018,0.0,False,False,0.1348323108221474,0.0,0.0,0.0,0.1348323108221474,0.1348323108221474,0.1348323108221474
06037480600,66.22635057042214,7.442840789189251,170.41119500496177,3.679241698356785,0.41349115495495836,detour_factor_1.35,4.5,1.35,0,6,0,0,6,0,0,9,0,66.22635057042214,,False,False,0.6417607618564971,0.0,0.0,0.0,0.6417607618564971,0.6417607618564971,0.6417607618564971
06037480302,122.3999937396221,65.73754104421295,146.02235253945753,6.799999652201228,3.6520856135673863,detour_factor_1.35,4.5,1.35,0,0,0,0,0,0,0,0,0,122.3999937396221,,False,False,0.16862509031668926,0.0,0.0,0.0,0.16862509031668926,0.16862509031668926,0.16862509031668926
06037504001,264.09379117060837,148.04992323132052,62.282847821548785,14.67187728725602,8.224995735073362,detour_factor_1.35,4.5,1.35,0,0,0,0,0,0,0,0,0,148.04992323132052,0.0,False,False,0.08261906233123814,0.09371003984893025,0.09371003984893025,0.09371003984893025,0.1763291021801684,0.1763291021801684,0.1763291021801684
06037532200,157.94637180922126,106.7816698945138,108.97043400921119,8.774798433845625,5.932314994139655,detour_factor_1.35,4.5,1.35,0,0,0,0,0,0,0,0,0,106.7816698945138,0.0,False,False,0.11100472859365641,0.0,0.0,0.0,0.11100472859365641,0.11100472859365641,0.11100472859365641
06037503701,213.93407826987053,183.097844555905,107.75680276151954,11.885226570548362,10.172102475328055,detour_factor_1.35,4.5,1.35,0,0,0,0,0,0,0,0,0,183.097844555905,0.0,False,False,0.06787788718984113,0.04223292582377218,0.04223292582377218,0.04223292582377218,0.1101108130136133,0.1101108130136133,0.1101108130136133
06037500900,104.58023501728741,144.0543996300463,130.89599479427272,5.810013056515967,8.00302220166924,detour_factor_1.35,4.5,1.35,0,0,0,0,0,0,0,0,0,144.0543996300463,0.0,False,False,0.0847164711142747,0.007728897011802571,0.007728897011802571,0.0,0.09244536812607727,0.09244536812607727,0.0847164711142747
06037432202,100.36042328603024,122.11507964352705,61.87390970298838,5.575579071446124,6.7841710913070585,detour_factor_1.35,4.5,1.35,0,0,0,0,0,0,0,0,0,100.36042328603024,,False,False,0.09843846111073418,0.07884942759559604,0.07884942759559604,0.07884942759559604,0.17728788870633022,0.17728788870633022,0.17728788870633022
06037500800,125.5067203862236,143.3574317172031,110.54265161840469,6.972595577012422,7.964301762066839,detour_factor_1.35,4.5,1.35,0,0,0,0,0,0,0,0,0,125.5067203862236,,False,False,0.08509329397321547,0.02254123533872493,0.02254123533872493,0.0,0.1076345293119404,0.1076345293119404,0.08509329397321547
06037500700,117.33352203302182,121.09354186016415,124.163408004735,6.518529001834546,6.727418992231342,detour_factor_1.35,4.5,1.35,0,0,0,0,0,0,0,0,0,121.09354186016415,0.0,False,False,0.09918651545043349,0.0,0.0,0.0,0.09918651545043349,0.09918651545043349,0.09918651545043349
06037543322,21.296975052225974,73.80256281312798,59.496935793140715,1.1831652806792206,4.100142378507109,detour_factor_1.35,4.5,1.35,0,0,0,1,0,0,1,0,0,73.80256281312798,0.0,False,False,0.15301768757759904,0.030056376177118344,0.030056376177118344,0.030056376177118344,0.18307406375471738,0.18307406375471738,0.18307406375471738
06037543602,103.78527632730257,150.4697366281475,104.63042568910795,5.765848684850142,8.359429812674861,detour_factor_1.35,4.5,1.35,0,0,0,0,0,0,0,0,0,103.78527632730257,,False,False,0.08139855581747484,0.031630508734434,0.031630508734434,0.031630508734434,0.11302906455190884,0.11302906455190884,0.11302906455190884
06037106642,228.08989578766113,317.64331933039585,171.68622049218456,12.671660877092283,17.64685107391088,detour_factor_1.35,4.5,1.35,0,0,0,0,0,0,0,0,0,317.64331933039585,0.0,False,False,0.04028481533674806,0.02318156324722774,0.03177963978515376,0.0,0.0634663785839758,0.07206445512190182,0.04028481533674806
06037543801,42.96932291927926,104.03352494421092,57.75490088911114,2.3871846066266253,5.779640274678385,detour_factor_1.35,4.5,1.35,0,0,0,0,0,0,1,0,0,42.96932291927926,,False,True,0.11360390427937692,0.07395643505345237,0.07395643505345237,0.07395643505345237,0.18756033933282928,0.18756033933282928,0.18756033933282928
06037543802,66.72624434306627,105.97417733805037,83.55753051781275,3.7070135746147925,5.887454296558353,detour_factor_1.35,4.5,1.35,0,0,0,0,0,0,0,0,0,66.72624434306627,,False,False,0.11175602657621603,0.025855847272048954,0.025855847272048954,0.025855847272048954,0.13761187384826498,0.13761187384826498,0.13761187384826498
06037541300,103.33139452708029,34.80679367284666,112.51479968236032,5.740633029282238,1.9337107596025924,detour_factor_1.35,4.5,1.35,0,0,0,0,0,0,0,10,0,103.33139452708029,,False,False,0.27696921804177344,0.0,0.0,0.0,0.27696921804177344,0.27696921804177344,0.27696921804177344
06037541200,96.46874642875022,39.26124835655444,98.67743806155659,5.359374801597235,2.1811804642530244,detour_factor_1.35,4.5,1.35,0,0,0,0,0,0,0,6,0,96.46874642875022,,False,False,0.2535115387351184,0.0,0.0,0.0,0.2535115387351184,0.2535115387351184,0.2535115387351184
06037541604,125.29204809085363,28.996953477516872,147.9170629802136,6.9606693383807565,1.6109418598620482,detour_factor_1.35,4.5,1.35,0,0,0,0,3,0,0,7,0,125.29204809085363,,False,False,0.3149832977251574,0.0,0.0,0.0,0.3149832977251574,0.3149832977251574,0.3149832977251574
06037199400,56.82934527838296,4.57296782622807,74.50459768182883,3.1571858487990534,0.25405376812378166,detour_factor_1.35,4.5,1.35,0,4,0,0,13,0,0,13,0,56.82934527838296,,False,False,0.7446168370855167,0.0,0.0,0.0,0.7446168370855167,0.7446168370855167,0.7446168370855167
06037199300,78.66103665113631,18.92185002494053,93.34943146612292,4.370057591729795,1.0512138902744737,detour_factor_1.35,4.5,1.35,0,0,0,0,9,0,0,17,0,78.66103665113631,,False,False,0.41337025386690807,0.0,0.0,0.0,0.41337025386690807,0.41337025386690807,0.41337025386690807
06037199900,49.513981532216164,34.71665690528647,39.35140177769634,2.750776751789787,1.9287031614048036,detour_factor_1.35,4.5,1.35,0,0,0,0,0,0,0,24,1,49.513981532216164,,False,False,0.2774887833924422,0.0,0.0,0.0,0.2774887833924422,0.2774887833924422,0.2774887833924422
06037199201,47.0187209544251,16.374798442358077,55.23894135235247,2.6121511641347275,0.9097110245754487,detour_factor_1.35,4.5,1.35,0,0,0,0,8,0,0,11,0,47.0187209544251,,False,False,0.44881089911696476,0.0,0.0,0.0,0.44881089911696476,0.44881089911696476,0.44881089911696476
06037199800,49.44278841445199,26.512468488156415,49.00969182494454,2.746821578580666,1.4729149160086896,detour_factor_1.35,4.5,1.35,0,0,0,0,4,0,0,13,0,49.44278841445199,,False,False,0.33462329088186055,0.0,0.0,0.0,0.33462329088186055,0.33462329088186055,0.33462329088186055
06037201200,108.94533830498139,51.335333312485346,115.65058369441148,6.052518794721188,2.8519629618047415,detour_factor_1.35,4.5,1.35,0,0,0,0,0,0,0,0,0,108.94533830498139,,False,False,0.20617919040078792,0.0,0.0,0.0,0.20617919040078792,0.20617919040078792,0.20617919040078792
06037201301,93.10833939884577,37.60631162305728,101.91689155428841,5.1726855221580985,2.0892395346142933,detour_factor_1.35,4.5,1.35,0,0,0,0,0,0,0,9,0,93.10833939884577,,False,False,0.2617476691238816,0.0,0.0,0.0,0.2617476691238816,0.2617476691238816,0.2617476691238816
06037201110,112.48186646304751,43.497160868595884,127.20621504647369,6.248992581280416,2.4165089371442154,detour_factor_1.35,4.5,1.35,0,0,0,0,0,0,0,4,0,112.48186646304751,,False,False,0.23461582589722946,0.0,0.0,0.0,0.23461582589722946,0.23461582589722946,0.23461582589722946
06037201302,103.79155988404611,29.200689781069975,117.40799676598616,5.766197771335894,1.6222605433927761,detour_factor_1.35,4.5,1.35,0,0,0,0,4,0,0,9,0,103.79155988404611,,False,False,0.313474540075149,0.0,0.0,0.0,0.313474540075149,0.313474540075149,0.313474540075149
06037201503,112.84179800544963,59.83974550581941,107.76211427834565,6.268988778080535,3.324430305878856,detour_factor_1.35,4.5,1.35,0,0,0,0,0,0,0,0,0,112.84179800544963,,False,False,0.1822163771821374,0.0,0.0,0.0,0.1822163771821374,0.1822163771821374,0.1822163771821374
06037620521,141.47479442851102,36.46596060096553,131.72257093372355,7.859710801583946,2.0258867000536402,detour_factor_1.35,4.5,1.35,0,0,0,0,0,0,0,6,0,141.47479442851102,,False,False,0.2677414131799589,0.0,0.0,0.0,0.2677414131799589,0.2677414131799589,0.2677414131799589
06037620522,146.05220393683484,37.101673091440574,147.29896243410738,8.114011329824157,2.0612040606355873,detour_factor_1.35,4.5,1.35,0,0,0,0,0,0,0,6,0,146.05220393683484,,False,False,0.2643666429034881,0.0,0.0,0.0,0.2643666429034881,0.2643666429034881,0.2643666429034881
06037620701,162.8288086013355,53.6635213706138,156.43337325111116,9.046044922296417,2.9813067428118774,detour_factor_1.35,4.5,1.35,0,0,0,0,0,0,0,0,0,162.8288086013355,,False,False,0.19901431779524714,0.0,0.0,0.0,0.19901431779524714,0.19901431779524714,0.19901431779524714
06037620602,166.31186146360866,61.95127217737744,131.60736387788947,9.23954785908937,3.4417373431876355,detour_factor_1.35,4.5,1.35,0,0,0,0,0,0,0,0,0,166.31186146360866,,False,False,0.17710570763947742,0.0,0.0,0.0,0.17710570763947742,0.17710570763947742,0.17710570763947742
06037621002,185.2723161641829,81.43411798107505,165.11055593783198,10.292906453565717,4.524117665615281,detour_factor_1.35,4.5,1.35,0,0,0,0,0,0,0,0,0,185.2723161641829,,False,False,0.14069528248784022,0.0,0.0,0.0,0.14069528248784022,0.14069528248784022,0.14069528248784022
06037620601,153.1174206075965,50.452060607334644,125.90645542208397,8.506523367088693,2.8028922559630356,detour_factor_1.35,4.5,1.35,0,0,0,0,0,0,0,0,0,153.1174206075965,,False,False,0.20903427116458292,0.0,0.0,0.0,0.20903427116458292,0.20903427116458292,0.20903427116458292
06037621001,170.81298552375762,63.32604377555913,159.82389102541126,9.489610306875422,3.5181135430866184,detour_factor_1.35,4.5,1.35,0,0,0,0,0,0,0,0,0,170.81298552375762,,False,False,0.17392958090950456,0.0,0.0,0.0,0.17392958090950456,0.17392958090950456,0.17392958090950456
06037620501,122.69410227276717,13.930802339252132,128.2678395370924,6.816339015153732,0.773933463291785,detour_factor_1.35,4.5,1.35,0,5,0,0,6,0,0,10,0,122.69410227276717,,False,False,0.4890429498097098,0.0,0.0,0.0,0.4890429498097098,0.4890429498097098,0.4890429498097098
06037621102,184.81533953467166,75.66885948236316,170.06212866161508,10.267518863037314,4.203825526797953,detour_factor_1.35,4.5,1.35,0,0,0,0,0,0,0,0,0,184.81533953467166,,False,False,0.1498090430304753,0.0,0.0,0.0,0.1498090430304753,0.1498090430304753,0.1498090430304753
06037620702,177.04853497720592,68.41740431615156,154.0801138570074,9.836029720955883,3.8009669064528637,detour_factor_1.35,4.5,1.35,0,0,0,0,0,0,0,0,0,177.04853497720592,,False,False,0.1630974070289303,0.0,0.0,0.0,0.1630974070289303,0.1630974070289303,0.1630974070289303
06037621301,202.0639530081072,119.01039459340566,168.5990091400558,11.225775167117067,6.6116885885225365,detour_factor_1.35,4.5,1.35,0,0,0,0,0,0,0,0,0,202.0639530081072,,False,False,0.10074775391482257,0.0,0.0,0.0,0.10074775391482257,0.10074775391482257,0.10074775391482257
06037930401,237.49427152887185,381.2213561950643,170.86526593559495,13.194126196048435,21.178964233059126,detour_factor_1.35,4.5,1.35,0,0,0,0,0,0,0,0,0,381.2213561950643,0.0,False,False,0.033793371837172605,0.023576176360260048,0.038592267284147684,0.0,0.05736954819743265,0.07238563912132029,0.033793371837172605
06037920115,521.7742217631915,596.3688865554686,86.54667014802652,28.987456764621744,33.13160480863715,detour_factor_1.35,4.5,1.35,0,0,0,0,0,0,0,0,0,596.3688865554686,0.0,False,False,0.02186859896256418,0.11162492194847257,0.11162492194847257,0.0,0.13349352091103675,0.13349352091103675,0.02186859896256418
06037920102,889.9462827062408,944.6646725273829,416.36315469051254,49.441460150346714,52.481370695965715,detour_factor_1.35,4.5,1.35,0,0,0,0,0,0,0,0,0,944.6646725273829,0.0,False,False,0.013917913452600518,0.01711174051234742,0.01711174051234742,0.0,0.03102965396494794,0.03102965396494794,0.013917913452600518
06037221401,58.75716003546707,32.52115651983721,51.271068558090676,3.2642866686370593,1.8067309177687338,detour_factor_1.35,4.5,1.35,0,0,0,0,0,0,0,12,0,58.75716003546707,,False,False,0.29077487016053716,0.0,0.0,0.0,0.29077487016053716,0.29077487016053716,0.29077487016053716
06037221304,74.82639601320535,35.74836614327928,36.238823093441795,4.1570220007336305,1.9860203412932929,detour_factor_1.35,4.5,1.35,0,0,0,0,0,0,0,8,2,74.82639601320535,,False,False,0.2716559018028024,0.0,0.0,0.0,0.2716559018028024,0.2716559018028024,0.2716559018028024
06037221303,66.16696700246146,31.615427495279583,31.47310996619117,3.675942611247859,1.7564126386266434,detour_factor_1.35,4.5,1.35,0,0,0,0,0,0,0,10,3,66.16696700246146,,False,False,0.296634058148401,0.0,0.0009421909683154372,0.0,0.296634058148401,0.29757624911671643,0.296634058148401
06037219902,136.60508612353527,10.746069869760992,99.97486414825977,7.589171451307514,0.5970038816533885,detour_factor_1.35,4.5,1.35,0,4,0,0,8,0,0,16,0,136.60508612353527,,False,False,0.5537235794789105,0.0,0.0,0.0,0.5537235794789105,0.5537235794789105,0.5537235794789105
06037218702,86.96993406183921,20.34817566372526,72.61982852824637,4.831663003435511,1.1304542035402922,detour_factor_1.35,4.5,1.35,0,0,0,0,12,0,0,16,0,86.96993406183921,,False,False,0.3958650823660464,0.0,0.0,0.0,0.3958650823660464,0.3958650823660464,0.3958650823660464
06037218701,88.74256181935357,28.893846291284365,64.38143591558736,4.93014232329742,1.6052136828491315,detour_factor_1.35,4.5,1.35,0,0,0,0,6,0,0,16,0,88.74256181935357,,False,False,0.31575240051221026,0.0,0.0,0.0,0.31575240051221026,0.31575240051221026,0.31575240051221026
06037217002,118.07378798066225,32.28889390974386,63.38669056092388,6.559654887814569,1.7938274394302143,detour_factor_1.35,4.5,1.35,0,0,0,0,0,0,0,10,0,118.07378798066225,,False,False,0.29225520407613503,0.0,0.0,0.0,0.29225520407613503,0.29225520407613503,0.29225520407613503
06037217001,106.76479512205592,32.47307323993511,52.16462629901314,5.931377506780883,1.8040596244408393,detour_factor_1.35,4.5,1.35,0,0,0,0,0,0,0,5,0,106.76479512205592,,False,False,0.2910800984138834,0.0,0.0,0.0,0.2910800984138834,0.2910800984138834,0.2910800984138834
06037216402,111.9055196627929,10.564289162453294,60.974608717417155,6.216973314599605,0.5869049534696275,detour_factor_1.35,4.5,1.35,0,5,0,0,5,0,0,10,0,111.9055196627929,,False,False,0.5579355576348285,0.0,0.0,0.0,0.5579355576348285,0.5579355576348285,0.5579355576348285
06037216401,114.9031309842888,18.995900785011308,61.82242644166118,6.3835072769049335,1.055327821389517,detour_factor_1.35,4.5,1.35,0,0,0,0,5,0,0,10,0,114.9031309842888,,False,False,0.4124234209980116,0.0,0.0,0.0,0.4124234209980116,0.4124234209980116,0.4124234209980116
06037215102,132.0905816938196,3.424489924230076,60.960783324374496,7.338365649656643,0.19024944023500417,detour_factor_1.35,4.5,1.35,0,5,0,0,10,0,0,10,0,132.0905816938196,,False,False,0.7956482848878073,0.0,0.0,0.0,0.7956482848878073,0.7956482848878073,0.7956482848878073
06037215101,141.36951903103173,10.132559032268059,75.32363114278026,7.85386216839065,0.5629199462371143,detour_factor_1.35,4.5,1.35,0,5,0,0,10,0,0,15,0,141.36951903103173,,False,False,0.568200566404994,0.0,0.0,0.0,0.568200566404994,0.568200566404994,0.568200566404994
06037214501,135.44459355716162,15.867610556209508,83.6852952701381,7.524699642064533,0.8815339197894171,detour_factor_1.35,4.5,1.35,0,0,0,0,12,0,0,15,0,135.44459355716162,,False,False,0.45660624477649636,0.0,0.0,0.0,0.45660624477649636,0.45660624477649636,0.45660624477649636
06037212702,102.26808628348901,28.233052223712818,31.539331035843972,5.681560349082723,1.5685029013173788,detour_factor_1.35,4.5,1.35,0,0,0,0,5,0,0,13,1,43.23305222371282,15.0,False,True,0.32077201697112984,0.0,0.0,0.0,0.32077201697112984,0.32077201697112984,0.32077201697112984
06037212502,71.54038522748264,6.680558454718443,7.422067987088079,3.974465845971257,0.3711421363732468,detour_factor_1.35,4.5,1.35,0,8,1,0,12,3,0,15,3,71.54038522748264,,False,False,0.6662039284779828,0.0,0.0,0.0,0.6662039284779828,0.6662039284779828,0.6662039284779828
06037574700,32.08450267068566,117.97177300321216,119.72075035061832,1.7824723705936476,6.553987389067342,detour_factor_1.35,4.5,1.35,0,0,0,0,0,0,1,0,0,32.08450267068566,,False,True,0.10154466726647274,0.0,0.0,0.0,0.10154466726647274,0.10154466726647274,0.10154466726647274
06037574602,39.60966051858558,136.58774702708953,138.24601540605724,2.2005366954769765,7.58820816817164,detour_factor_1.35,4.5,1.35,0,0,0,0,0,0,1,0,0,39.60966051858558,,False,True,0.08893568070133219,0.0,0.0,0.0,0.08893568070133219,0.08893568070133219,0.08893568070133219
06037574800,40.472462476818045,103.71198856270826,107.11695324773616,2.2484701376010023,5.76177714237268,detour_factor_1.35,4.5,1.35,0,0,0,0,0,0,1,0,0,40.472462476818045,,False,True,0.11391598670791694,0.0,0.0,0.0,0.11391598670791694,0.11391598670791694,0.11391598670791694
06037599000,761.1691353326823,875.9712340780749,876.1834368611842,42.28717418514902,48.665068559893044,detour_factor_1.35,4.5,1.35,0,0,0,0,0,0,0,0,0,875.9712340780749,0.0,False,False,0.014992988703683442,0.0,0.0,0.0,0.014992988703683442,0.014992988703683442,0.014992988703683442
06037577603,16.259025592515606,100.23625482509327,101.49810961330857,0.9032791995842003,5.568680823616293,detour_factor_1.35,4.5,1.35,0,0,0,2,0,0,3,0,0,16.259025592515606,,True,True,0.11740232177943344,0.0,0.0,0.0,0.11740232177943344,0.11740232177943344,0.11740232177943344
06037577400,14.926509693162675,92.58428024320837,94.41458900997935,0.8292505385090374,5.143571124622687,detour_factor_1.35,4.5,1.35,1,0,0,3,0,0,3,0,0,92.58428024320837,0.0,False,False,0.12588400439836153,0.0,0.0,0.0,0.12588400439836153,0.12588400439836153,0.12588400439836153
06037577602,22.883286439345124,131.28129221323323,132.39643280328545,1.271293691074729,7.2934051229574015,detour_factor_1.35,4.5,1.35,0,0,0,1,0,0,1,0,0,22.883286439345124,,True,True,0.09219906550212613,0.0,0.0,0.0,0.09219906550212613,0.09219906550212613,0.09219906550212613
06037577300,20.526890554631365,89.13201150247912,92.58165188808454,1.1403828085906311,4.9517784168043955,detour_factor_1.35,4.5,1.35,0,0,0,2,0,0,3,0,0,89.13201150247912,0.0,False,False,0.13012529606666806,0.0,0.0,0.0,0.13012529606666806,0.13012529606666806,0.13012529606666806
06037502902,189.5736823507066,103.81605038524242,82.2724951887314,10.531871241705922,5.76755835473569,detour_factor_1.35,4.5,1.35,0,0,0,0,0,0,0,0,0,103.81605038524242,0.0,False,False,0.11381479705743545,0.025646714227476983,0.025646714227476983,0.02000169757831123,0.13946151128491244,0.13946151128491244,0.13381649463574669
06037555202,143.4307740709872,192.37749643769297,164.04783780888485,7.968376337277068,10.687638690982942,detour_factor_1.35,4.5,1.35,0,0,0,0,0,0,0,0,0,192.37749643769297,0.0,False,False,0.06481590370411938,0.010351788827593134,0.010351788827593134,0.010351788827593134,0.07516769253171252,0.07516769253171252,0.07516769253171252
06037920030,483.21948682917855,525.9724517548725,29.54989468279903,26.84552704606547,29.220691764159582,detour_factor_1.35,4.5,1.35,0,0,0,0,0,1,0,0,1,525.9724517548725,0.0,False,False,0.024723141679543835,0.28619872568355276,0.28619872568355276,0.0,0.31092186736309657,0.31092186736309657,0.024723141679543835
06037920037,485.443110393531,505.1253068117041,93.6427253441047,26.9690616885295,28.062517045094673,detour_factor_1.35,4.5,1.35,0,0,0,0,0,0,0,0,0,505.1253068117041,0.0,False,False,0.025717255535761478,0.0989212243089388,0.0989212243089388,0.0,0.12463847984470028,0.12463847984470028,0.025717255535761478
06037920041,498.4646661783691,506.13265803399327,126.83497921944793,27.692481454353835,28.11848100188851,detour_factor_1.35,4.5,1.35,0,0,0,0,0,0,0,0,0,506.13265803399327,0.0,False,False,0.025667384496601282,0.06945634989459773,0.06945634989459773,0.0,0.095123734391199,0.095123734391199,0.025667384496601282
06037920031,443.7347063340009,490.86431225805524,41.20414143443583,24.651928129666718,27.270239569891956,detour_factor_1.35,4.5,1.35,0,0,0,0,0,0,0,0,1,490.86431225805524,0.0,False,False,0.026444656078657938,0.218035554824197,0.218035554824197,0.0,0.24448021090285493,0.24448021090285493,0.026444656078657938
06037920111,562.4638298578617,624.9733252416898,95.15497955820449,31.24799054765898,34.72074029120498,detour_factor_1.35,4.5,1.35,0,0,0,0,0,0,0,0,0,624.9733252416898,0.0,False,False,0.02088860135518421,0.10201250179556211,0.10201250179556211,0.0,0.12290110315074632,0.12290110315074632,0.02088860135518421
06037920112,529.8786873330171,595.3508036919113,70.16956071099598,29.437704851834283,33.07504464955063,detour_factor_1.35,4.5,1.35,0,0,0,0,0,0,0,0,0,595.3508036919113,0.0,False,False,0.021905176301284725,0.1377699282077284,0.1377699282077284,0.0,0.15967510450901312,0.15967510450901312,0.021905176301284725
06037310300,93.89147626809844,115.95461690826279,117.48142034363272,5.216193126005469,6.441923161570155,detour_factor_1.35,4.5,1.35,0,0,0,0,0,0,0,0,0,93.89147626809844,,False,False,0.10312897148123838,0.0,0.0,0.0,0.10312897148123838,0.10312897148123838,0.10312897148123838
06037310701,74.83573970270277,109.59465851264177,110.85609477563257,4.157541094594598,6.088592139591209,detour_factor_1.35,4.5,1.35,0,0,0,0,0,0,0,0,0,74.83573970270277,,False,False,0.10846458266429325,0.0,0.0,0.0,0.10846458266429325,0.10846458266429325,0.10846458266429325
06037310702,77.80208456396367,118.37856264946936,119.51199182984669,4.322338031331315,6.576586813859408,detour_factor_1.35,4.5,1.35,0,0,0,0,0,0,0,0,0,77.80208456396367,,False,False,0.10123104852331816,0.0,0.0,0.0,0.10123104852331816,0.10123104852331816,0.10123104852331816
06037310800,51.90528264637935,93.6265365870901,94.64845106565464,2.883626813687741,5.201474254838339,detour_factor_1.35,4.5,1.35,0,0,0,0,0,0,0,0,0,51.90528264637935,,False,False,0.12465734432225034,0.0,0.0,0.0,0.12465734432225034,0.12465734432225034,0.12465734432225034
06037311100,57.39998616287345,50.095610212974066,51.78521800196043,3.188888120159636,2.7830894562763366,detour_factor_1.35,4.5,1.35,0,0,0,0,0,0,0,0,0,50.095610212974066,0.0,False,False,0.2102089769727775,0.0,0.0,0.0,0.2102089769727775,0.2102089769727775,0.2102089769727775
06037311000,53.92305475854239,63.70217494168353,65.22376085749778,2.9957252643634655,3.5390097189824186,detour_factor_1.35,4.5,1.35,0,0,0,0,0,0,0,0,0,53.92305475854239,,False,False,0.17308035777129316,0.0,0.0,0.0,0.17308035777129316,0.17308035777129316,0.17308035777129316
06037311300,30.53866253476244,56.984886759803516,58.06889841684745,1.6965923630423576,3.165827042211306,detour_factor_1.35,4.5,1.35,0,0,0,0,0,0,1,0,0,30.53866253476244,,False,True,0.1896142040522821,0.0,0.0,0.0,0.1896142040522821,0.1896142040522821,0.1896142040522821
06037277400,54.28245653140225,6.572904135162287,21.20326179143821,3.0156920295223464,0.36516134084234925,detour_factor_1.35,4.5,1.35,0,17,0,0,21,2,0,26,2,54.28245653140225,,False,False,0.6698068057529798,0.0,0.0,0.0,0.6698068057529798,0.6698068057529798,0.6698068057529798
06037310703,81.02928750279256,125.436778687739,127.4531147406398,4.501627083488475,6.968709927096611,detour_factor_1.35,4.5,1.35,0,0,0,0,0,0,0,0,0,125.436778687739,0.0,False,False,0.09608216884128952,0.0,0.0,0.0,0.09608216884128952,0.09608216884128952,0.09608216884128952
06037403316,119.4620670247312,137.36964492338288,105.55050654865059,6.636781501373955,7.631646940187937,detour_factor_1.35,4.5,1.35,0,0,0,0,0,0,0,0,0,137.36964492338288,0.0,False,False,0.08847425238418685,0.023680043326393674,0.023680043326393674,0.023680043326393674,0.11215429571058053,0.11215429571058053,0.11215429571058053
06037406300,123.67639670695986,147.29980750114026,126.30869592119957,6.870910928164436,8.183322638952237,detour_factor_1.35,4.5,1.35,0,0,0,0,0,0,0,0,0,123.67639670695986,,False,False,0.0830048722453409,0.012477364761040347,0.012477364761040347,0.0,0.09548223700638124,0.09548223700638124,0.0830048722453409
06037403323,199.20937116752057,215.21853914794897,43.214489287174366,11.067187287084476,11.956585508219387,detour_factor_1.35,4.5,1.35,0,0,0,0,0,0,0,0,1,199.20937116752057,,False,False,0.05833832463755156,0.17745030020152136,0.17745030020152136,0.008422875475045173,0.23578862483907292,0.23578862483907292,0.06676120011259673
06037403322,183.76115891298528,230.53923228812812,27.54041388547745,10.208953272943626,12.807735127118228,detour_factor_1.35,4.5,1.35,0,0,0,0,0,1,0,0,1,183.76115891298528,,False,False,0.05467336311223014,0.2715343922461313,0.2715343922461313,0.00543694953916999,0.32620775535836144,0.32620775535836144,0.06011031265140013
06037800324,489.9694991374116,552.5793096996942,359.4471836975246,27.2205277298562,30.698850538871902,detour_factor_1.35,4.5,1.35,0,0,0,0,0,0,0,0,0,489.9694991374116,,False,False,0.023560762420632434,0.0039155592836848385,0.012206485931109155,0.0,0.027476321704317273,0.03576724835174159,0.023560762420632434
06037800326,557.2162359635981,593.4060714410026,457.78614383210237,30.956457553533223,32.96700396894459,detour_factor_1.35,4.5,1.35,0,0,0,0,0,0,0,0,0,557.2162359635981,,False,False,0.02197538717349731,0.001333615768828584,0.0063259970391772065,0.0,0.023309002942325893,0.028301384212674516,0.02197538717349731
06037404401,210.20806058157876,19.078163402763476,227.0696910049224,11.678225587865487,1.059897966820193,detour_factor_1.35,4.5,1.35,0,0,0,0,4,0,0,11,0,210.20806058157876,,False,False,0.41137666186467553,0.0,0.0,0.0,0.41137666186467553,0.41137666186467553,0.41137666186467553
06037404302,196.61397682851697,35.55028602167763,234.43794989140545,10.922998712695387,1.9750158900932016,detour_factor_1.35,4.5,1.35,0,0,0,0,0,0,0,7,0,196.61397682851697,,False,False,0.27275667205616927,0.0,0.0,0.0,0.27275667205616927,0.27275667205616927,0.27275667205616927
06037404301,214.43412469202826,16.92490971533384,240.7992206568716,11.913006927334902,0.9402727619629911,detour_factor_1.35,4.5,1.35,0,0,0,0,7,0,0,7,0,214.43412469202826,,False,False,0.4406512735021687,0.0,0.0,0.0,0.4406512735021687,0.4406512735021687,0.4406512735021687
06037406102,140.1221813654866,109.21170350529351,174.80422293543043,7.784565631415922,6.067316861405194,detour_factor_1.35,4.5,1.35,0,0,0,0,0,0,0,0,0,140.1221813654866,,False,False,0.10880353604929184,0.0,0.0,0.0,0.10880353604929184,0.10880353604929184,0.10880353604929184
06037401002,197.32200100842343,19.521935840727153,237.17155116365518,10.962333389356855,1.0845519911515085,detour_factor_1.35,4.5,1.35,0,0,0,0,2,0,0,5,0,197.32200100842343,,False,False,0.40582024340437034,0.0,0.0,0.0,0.40582024340437034,0.40582024340437034,0.40582024340437034
06037400800,227.22852045412588,3.1983484606381114,265.2398907268306,12.623806691895883,0.17768602559100619,detour_factor_1.35,4.5,1.35,0,3,0,0,5,0,0,9,0,227.22852045412588,,False,False,0.8065321786072338,0.0,0.0,0.0,0.8065321786072338,0.8065321786072338,0.8065321786072338
06037181600,86.61195936776477,45.92638699342788,152.25326467904486,4.811775520431376,2.5514659440793266,detour_factor_1.35,4.5,1.35,0,0,0,0,0,0,0,0,0,86.61195936776477,,False,False,0.2249982493979491,0.0,0.0,0.0,0.2249982493979491,0.2249982493979491,0.2249982493979491
06037242200,148.4474030818665,11.527717651554486,105.0820636664429,8.247077948992583,0.6404287584196936,detour_factor_1.35,4.5,1.35,0,3,0,0,7,0,0,14,0,148.4474030818665,,False,False,0.5363141462297073,0.0,0.0,0.0,0.5363141462297073,0.5363141462297073,0.5363141462297073
06037242300,142.79095753748908,12.28025989961683,98.1187566255338,7.932830974304948,0.6822366610898238,detour_factor_1.35,4.5,1.35,0,3,0,0,7,0,0,14,0,142.79095753748908,,False,False,0.5205569250698062,0.0,0.0,0.0,0.5205569250698062,0.5205569250698062,0.5205569250698062
06037242600,141.8458906957544,19.902477156528438,122.91043895518419,7.880327260875244,1.1056931753626908,detour_factor_1.35,4.5,1.35,0,0,0,0,14,0,0,14,0,141.8458906957544,,False,False,0.40117370802197,0.0,0.0,0.0,0.40117370802197,0.40117370802197,0.40117370802197
06037242700,152.00823231087503,11.39349952594894,121.63135670420878,8.444901795048613,0.6329721958860521,detour_factor_1.35,4.5,1.35,0,3,0,0,10,0,0,14,0,80.39349952594894,69.0,False,False,0.5392252784338329,0.0,0.0,0.0,0.5392252784338329,0.5392252784338329,0.5392252784338329
06037243000,159.89903038570242,16.949290982551616,126.27063470237363,8.883279465872356,0.941627276808423,detour_factor_1.35,4.5,1.35,0,0,0,0,10,0,0,14,0,85.94929098255162,69.0,False,False,0.44029649459209014,0.0,0.0,0.0,0.44029649459209014,0.44029649459209014,0.44029649459209014
06037261101,101.99473152955994,94.35910331250281,104.07332741437607,5.666373973864441,5.242172406250156,detour_factor_1.35,4.5,1.35,0,0,0,0,0,0,0,0,0,101.99473152955994,,False,False,0.12380937555700534,0.0,0.0,0.0,0.12380937555700534,0.12380937555700534,0.12380937555700534
06037261102,87.4540468052664,118.80110873126668,102.16940992093214,4.858558155848133,6.600061596181481,detour_factor_1.35,4.5,1.35,0,0,0,0,0,0,0,0,0,87.4540468052664,,False,False,0.10090732684832254,0.014530046824972775,0.014530046824972775,0.0,0.11543737367329532,0.11543737367329532,0.10090732684832254
06037243100,149.61442290071963,11.049340905385508,133.9357646082227,8.311912383373311,0.613852272521417,detour_factor_1.35,4.5,1.35,0,7,0,0,10,0,0,13,0,149.61442290071963,,False,False,0.5468363807346637,0.0,0.0,0.0,0.5468363807346637,0.5468363807346637,0.5468363807346637
06037273700,44.84069306366554,65.6301226642594,130.0505911179671,2.4911496146480854,3.646117925792189,detour_factor_1.35,4.5,1.35,0,0,0,0,0,0,1,0,0,44.84069306366554,,False,True,0.1688544804034389,0.0,0.0,0.0,0.1688544804034389,0.1688544804034389,0.1688544804034389
06037273600,32.09785955519095,67.3539324362389,139.85237060597558,1.7832144197328306,3.7418851353466063,detour_factor_1.35,4.5,1.35,0,0,0,0,0,0,1,0,0,32.09785955519095,,False,True,0.1652470585806048,0.0,0.0,0.0,0.1652470585806048,0.1652470585806048,0.1652470585806048
06037273200,34.784474148721486,53.44086492187167,135.04175214959162,1.9324707860400823,2.968936940103982,detour_factor_1.35,4.5,1.35,0,0,0,0,0,0,1,0,0,34.784474148721486,,False,True,0.19967792473336074,0.0,0.0,0.0,0.19967792473336074,0.19967792473336074,0.19967792473336074
06037273300,31.792194092198223,47.54651758514434,141.13635692494665,1.7662330051221233,2.6414731991746856,detour_factor_1.35,4.5,1.35,0,0,0,0,0,0,1,0,0,47.54651758514434,0.0,False,False,0.2190106107714946,0.0,0.0,0.0,0.2190106107714946,0.2190106107714946,0.2190106107714946
06037273800,40.374978727272094,75.2936603593808,137.053594612735,2.2430543737373387,4.18298113107671,detour_factor_1.35,4.5,1.35,0,0,0,0,0,0,1,0,0,40.374978727272094,,False,True,0.15044325411242562,0.0,0.0,0.0,0.15044325411242562,0.15044325411242562,0.15044325411242562
06037480903,160.2163493655393,83.74350790497412,84.33815924110583,8.900908298085517,4.652417105831895,detour_factor_1.35,4.5,1.35,0,0,0,0,0,0,0,0,0,83.74350790497412,0.0,False,False,0.1373482404583213,0.0,0.0,0.0,0.1373482404583213,0.1373482404583213,0.1373482404583213
06037191120,50.69826537747296,18.00991705748933,62.50813776489953,2.8165702987484975,1.0005509476382959,detour_factor_1.35,4.5,1.35,0,0,0,0,13,0,0,20,0,50.69826537747296,,False,False,0.42539727587529813,0.0,0.0,0.0,0.42539727587529813,0.42539727587529813,0.42539727587529813
06037480902,146.366631793668,74.42314322350632,98.07941278072931,8.131479544092667,4.134619067972573,detour_factor_1.35,4.5,1.35,0,0,0,0,0,0,0,0,0,146.366631793668,,False,False,0.15193560471513878,0.0,0.0,0.0,0.15193560471513878,0.15193560471513878,0.15193560471513878
06037482502,95.60450665613955,96.17156531963916,98.99275227451845,5.3113614808966405,5.342864739979953,detour_factor_1.35,4.5,1.35,0,0,0,0,0,0,0,0,0,96.17156531963916,0.0,False,False,0.12176015408760348,0.0,0.0,0.0,0.12176015408760348,0.12176015408760348,0.12176015408760348
06037480702,91.5398865244923,25.97021881505358,145.80683543667092,5.085549251360683,1.4427899341696433,detour_factor_1.35,4.5,1.35,0,0,0,0,6,0,0,10,0,91.5398865244923,,False,False,0.33923990592490394,0.0,0.0,0.0,0.33923990592490394,0.33923990592490394,0.33923990592490394
06037480400,110.22652877077562,52.79752118701185,149.23710225266032,6.123696042820867,2.9331956215006585,detour_factor_1.35,4.5,1.35,0,0,0,0,0,0,0,0,0,110.22652877077562,,False,False,0.20162046037423165,0.0,0.0,0.0,0.20162046037423165,0.20162046037423165,0.20162046037423165
06037480804,116.30523741349091,44.373006455296824,123.72237792789315,6.461402078527273,2.465167025294268,detour_factor_1.35,4.5,1.35,0,0,0,0,0,0,0,4,0,116.30523741349091,,False,False,0.2310549132412725,0.0,0.0,0.0,0.2310549132412725,0.2310549132412725,0.2310549132412725
06037480704,89.80917614634481,16.988387221862478,146.9452709820667,4.989398674796934,0.9437992901034711,detour_factor_1.35,4.5,1.35,0,0,0,0,6,0,0,6,0,89.80917614634481,,False,False,0.43972878481820143,0.0,0.0,0.0,0.43972878481820143,0.43972878481820143,0.43972878481820143
06037480202,104.97742234550348,82.75111509934084,120.81517754140377,5.832079019194638,4.597284172185602,detour_factor_1.35,4.5,1.35,0,0,0,0,0,0,0,0,0,104.97742234550348,,False,False,0.13876681971771868,0.0,0.0,0.0,0.13876681971771868,0.13876681971771868,0.13876681971771868
06037122200,113.81606834326978,95.2263223691668,97.33876312503186,6.323114907959432,5.2903512427314885,detour_factor_1.35,4.5,1.35,0,0,0,0,0,0,0,0,0,95.2263223691668,0.0,False,False,0.12282033548330668,0.0,0.0,0.0,0.12282033548330668,0.12282033548330668,0.12282033548330668
06037122000,142.0524830707656,118.63233199922405,120.1502390152447,7.891804615042532,6.5906851110680025,detour_factor_1.35,4.5,1.35,0,0,0,0,0,0,0,0,0,118.63233199922405,0.0,False,False,0.10103638169620059,0.0,0.0,0.0,0.10103638169620059,0.10103638169620059,0.10103638169620059
06037502401,148.44591401229596,124.67787240827337,92.29983290014748,8.24699522290533,6.926548467126299,detour_factor_1.35,4.5,1.35,0,0,0,0,0,0,0,0,0,148.44591401229596,,False,False,0.09661051261516286,0.02961247026753032,0.02961247026753032,0.0,0.12622298288269318,0.12622298288269318,0.09661051261516286
06037120400,127.2981900332422,133.72958432046346,127.29921204908378,7.0721216685134545,7.429421351136858,detour_factor_1.35,4.5,1.35,0,0,0,0,0,0,0,0,0,133.72958432046346,0.0,False,False,0.09066414257278338,0.0039438333561653965,0.004145585126281381,0.0,0.09460797592894878,0.09480972769906476,0.09066414257278338
06037502901,188.10575743639217,125.55260097450312,91.21815986869778,10.450319857577343,6.975144498583506,detour_factor_1.35,4.5,1.35,0,0,0,0,0,0,0,0,0,125.55260097450312,0.0,False,False,0.09600204224986819,0.03152682343135679,0.03152682343135679,0.03152682343135679,0.12752886568122498,0.12752886568122498,0.12752886568122498
06037550800,234.8923017114348,77.62181769055896,86.33701987992013,13.049572317301932,4.312323205031053,detour_factor_1.35,4.5,1.35,0,0,0,0,0,0,0,0,0,98.12181769055896,20.5,False,False,0.14659239397921406,0.0,0.0,0.0,0.14659239397921406,0.14659239397921406,0.14659239397921406
06037550500,200.59880600503152,71.57713984404838,40.55583002090137,11.14437811139064,3.976507769113799,detour_factor_1.35,4.5,1.35,0,0,0,0,0,0,0,0,1,200.59880600503152,,False,False,0.1570281360401727,0.09039328421250561,0.09039328421250561,0.0,0.24742142025267833,0.24742142025267833,0.1570281360401727
06037531502,143.3660882378053,27.017787164518225,37.8821946724933,7.96478267987807,1.5009881758065682,detour_factor_1.35,4.5,1.35,0,0,0,0,4,0,0,13,1,143.3660882378053,,False,False,0.3304327901883976,0.0,0.0,0.0,0.3304327901883976,0.3304327901883976,0.3304327901883976
06037540000,179.30941878575462,46.4991171165216,137.3119920954704,9.961634376986366,2.5832842842512,detour_factor_1.35,4.5,1.35,0,0,0,0,0,0,0,0,0,179.30941878575462,,False,False,0.22284451385637108,0.0,0.0,0.0,0.22284451385637108,0.22284451385637108,0.22284451385637108
06037541700,150.3094711797433,18.694453403672394,171.4095114304567,8.350526176652405,1.0385807446484663,detour_factor_1.35,4.5,1.35,0,0,0,0,4,0,0,4,0,150.3094711797433,,False,False,0.41630517409208484,0.0,0.0,0.0,0.41630517409208484,0.41630517409208484,0.41630517409208484
06037541801,151.75361976230474,35.17691313404346,161.002920699249,8.430756653461374,1.9542729518913033,detour_factor_1.35,4.5,1.35,0,0,0,0,0,0,0,4,0,151.75361976230474,,False,False,0.27485602123872976,0.0,0.0,0.0,0.27485602123872976,0.27485602123872976,0.27485602123872976
06037543305,74.70888360764339,27.611766062633585,115.94833621500926,4.150493533757966,1.5339870034796435,detour_factor_1.35,4.5,1.35,0,0,0,0,3,0,0,6,0,74.70888360764339,,False,False,0.32563929578948986,0.0,0.0,0.0,0.32563929578948986,0.32563929578948986,0.32563929578948986
06037543502,68.69906801115788,139.7596752990607,57.61381022647921,3.816614889508771,7.764426405503372,detour_factor_1.35,4.5,1.35,0,0,0,0,0,0,0,0,0,139.7596752990607,0.0,False,False,0.08709302568707922,0.10084030981208097,0.10084030981208097,0.10084030981208097,0.1879333354991602,0.1879333354991602,0.1879333354991602
06037542601,106.27383731258232,17.0582333605307,124.56996226942096,5.904102072921239,0.9476796311405943,detour_factor_1.35,4.5,1.35,0,0,0,0,3,0,0,3,0,106.27383731258232,,False,False,0.43871819665108924,0.0,0.0,0.0,0.43871819665108924,0.43871819665108924,0.43871819665108924
06037542602,96.28859551633592,4.672240530280204,118.12015270688515,5.349366417574217,0.2595689183489002,detour_factor_1.35,4.5,1.35,0,3,0,0,3,0,0,3,0,96.28859551633592,,False,False,0.7405114346440201,0.0,0.0,0.0,0.7405114346440201,0.7405114346440201,0.7405114346440201
06037542800,78.70615269619549,38.84454536820294,89.7551488217245,4.372564038677527,2.1580302982334962,detour_factor_1.35,4.5,1.35,0,0,0,0,0,0,0,3,0,78.70615269619549,,False,False,0.2555361326511873,0.0,0.0,0.0,0.2555361326511873,0.2555361326511873,0.2555361326511873
06037542700,89.47498777774837,22.879881075674252,105.44587802715904,4.970832654319353,1.271104504204125,detour_factor_1.35,4.5,1.35,0,0,0,0,3,0,0,3,0,89.47498777774837,,False,False,0.36818972165080255,0.0,0.0,0.0,0.36818972165080255,0.36818972165080255,0.36818972165080255
06037542900,65.28462824288121,39.08309463148393,81.28010520099575,3.626923791271178,2.171283035082441,detour_factor_1.35,4.5,1.35,0,0,0,0,0,0,0,3,0,65.28462824288121,,False,False,0.25437317747563565,0.0,0.0,0.0,0.25437317747563565,0.25437317747563565,0.25437317747563565
06037201501,126.81823008702882,55.93574157567069,108.72838599742774,7.045457227057157,3.1075411986483714,detour_factor_1.35,4.5,1.35,0,0,0,0,0,0,0,0,0,126.81823008702882,,False,False,0.1924860892230594,0.0,0.0,0.0,0.1924860892230594,0.1924860892230594,0.1924860892230594
06037201402,87.00494745081896,55.97159760334774,81.00457504076346,4.833608191712164,3.1095332001859854,detour_factor_1.35,4.5,1.35,0,0,0,0,0,0,0,0,0,87.00494745081896,,False,False,0.1923865034295329,0.0,0.0,0.0,0.1923865034295329,0.1923865034295329,0.1923865034295329
06037203300,61.12898537769955,31.34155713929218,45.39242332564841,3.3960547432055304,1.7411976188495653,detour_factor_1.35,4.5,1.35,0,0,0,0,0,0,0,11,0,61.12898537769955,,False,False,0.29845251308457754,0.0,0.0,0.0,0.29845251308457754,0.29845251308457754,0.29845251308457754
06037203100,77.81875317167487,38.86840819795013,63.45952566034276,4.323264065093048,2.159356010997229,detour_factor_1.35,4.5,1.35,0,0,0,0,0,0,0,3,0,84.86840819795013,46.0,False,False,0.25541932016469093,0.0,0.0,0.0,0.25541932016469093,0.25541932016469093,0.25541932016469093
06037203500,41.812885061651905,15.172635087024936,22.80811716052052,2.3229380589806614,0.8429241715013854,detour_factor_1.35,4.5,1.35,0,0,0,0,15,1,1,28,2,41.812885061651905,,False,True,0.4677383043689542,0.0,0.0,0.0,0.4677383043689542,0.4677383043689542,0.4677383043689542
06037203710,75.59428591036718,19.87786193946926,57.01115945967489,4.199682550575954,1.1043256633038476,detour_factor_1.35,4.5,1.35,0,0,0,0,3,0,0,13,0,65.87786193946926,46.0,False,False,0.40147104685064755,0.0,0.0,0.0,0.40147104685064755,0.40147104685064755,0.40147104685064755
06037203200,81.74953052628068,27.33577475920709,62.903782718313664,4.541640584793371,1.5186541532892825,detour_factor_1.35,4.5,1.35,0,0,0,0,3,0,0,10,0,73.33577475920708,46.0,False,False,0.3278491700136141,0.0,0.0,0.0,0.3278491700136141,0.3278491700136141,0.3278491700136141
06037204410,53.82913963600185,7.00997386328769,37.128849538003095,2.990507757555658,0.38944299240487157,detour_factor_1.35,4.5,1.35,0,6,0,0,9,0,0,18,1,53.82913963600185,,False,False,0.6554162115562001,0.0,0.0,0.0,0.6554162115562001,0.6554162115562001,0.6554162115562001
06037203800,85.23422156809538,21.085777986010754,67.26848783139266,4.735234531560854,1.1714321103339307,detour_factor_1.35,4.5,1.35,0,0,0,0,7,0,0,10,0,85.23422156809538,,False,False,0.3873816848327455,0.0,0.0,0.0,0.3873816848327455,0.3873816848327455,0.3873816848327455
06037204420,60.701310974757476,2.9486041807170755,44.07553264660979,3.3722950541531924,0.16381134337317085,detour_factor_1.35,4.5,1.35,0,6,0,0,9,0,0,19,1,60.701310974757476,,False,False,0.8189033597400436,0.0,0.0,0.0,0.8189033597400436,0.8189033597400436,0.8189033597400436
06037204110,84.83900028051217,13.289694158771793,68.3681374732862,4.713277793361787,0.7383163421539884,detour_factor_1.35,4.5,1.35,0,4,0,0,7,0,0,10,0,84.83900028051217,,False,False,0.5008195757333473,0.0,0.0,0.0,0.5008195757333473,0.5008195757333473,0.5008195757333473
06037204300,70.71788085178528,10.699769395783727,55.48012865162779,3.928771158432516,0.594431633099096,detour_factor_1.35,4.5,1.35,0,3,0,0,10,0,0,13,0,70.71788085178528,,False,False,0.5547903441189668,0.0,0.0,0.0,0.5547903441189668,0.5547903441189668,0.5547903441189668
06037621400,210.82505107184926,145.19922872314115,180.9275411687416,11.712502837324958,8.066623817952285,detour_factor_1.35,4.5,1.35,0,0,0,0,0,0,0,0,0,210.82505107184926,,False,False,0.0841046984945816,0.0,0.0,0.0,0.0841046984945816,0.0841046984945816,0.0841046984945816
06037103200,232.06446702782517,217.24219270577336,219.37638096484713,12.892470390434731,12.069010705876297,detour_factor_1.35,4.5,1.35,0,0,0,0,0,0,0,0,0,217.24219270577336,0.0,False,False,0.057826316445536104,0.0,0.0,0.0,0.057826316445536104,0.057826316445536104,0.057826316445536104
06037650001,101.39244397002217,85.94008742274056,59.130255189010974,5.63291355389012,4.774449301263364,detour_factor_1.35,4.5,1.35,0,0,0,0,0,0,0,0,0,101.39244397002217,,False,False,0.1343091960746961,0.049691259950497446,0.049691259950497446,0.049691259950497446,0.18400045602519355,0.18400045602519355,0.18400045602519355
06037103102,216.88171867840168,218.79860830194673,220.78146955329964,12.048984371022314,12.15547823899704,detour_factor_1.35,4.5,1.35,0,0,0,0,0,0,0,0,0,218.79860830194673,0.0,False,False,0.0574385982360081,0.0,0.0,0.0,0.0574385982360081,0.0574385982360081,0.0574385982360081
06037650300,142.3331369080628,63.40607502811369,101.86907831044303,7.907396494892376,3.522559723784094,detour_factor_1.35,4.5,1.35,0,0,0,0,0,0,0,0,0,142.3331369080628,,False,False,0.1737481903760916,0.0,0.0,0.0,0.1737481903760916,0.1737481903760916,0.1737481903760916
06037650101,91.80090352143156,101.28042886147176,51.555005197886864,5.100050195635087,5.626690492303986,detour_factor_1.35,4.5,1.35,0,0,0,0,0,0,0,0,0,91.80090352143156,,False,False,0.11633274292725095,0.0891484519243967,0.0891484519243967,0.0891484519243967,0.20548119485164765,0.20548119485164765,0.20548119485164765
06037216200,132.04811823713302,12.593878216721437,65.85088454813638,7.336006568729611,0.6996599009289687,detour_factor_1.35,4.5,1.35,0,5,0,0,10,0,0,10,0,132.04811823713302,,False,False,0.5142602129655229,0.0,0.0,0.0,0.5142602129655229,0.5142602129655229,0.5142602129655229
06037216300,142.94954624787553,7.548726899401937,88.27574279835838,7.941641458215306,0.41937371663344086,detour_factor_1.35,4.5,1.35,0,5,0,0,11,0,0,15,0,142.94954624787553,,False,False,0.6385066025444964,0.0,0.0,0.0,0.6385066025444964,0.6385066025444964,0.6385066025444964
06037216900,144.251389359808,25.15590564760012,91.63201540206357,8.01396607554489,1.3975503137555623,detour_factor_1.35,4.5,1.35,0,0,0,0,5,0,0,15,0,144.251389359808,,False,False,0.3464171723410357,0.0,0.0,0.0,0.3464171723410357,0.3464171723410357,0.3464171723410357
06037216700,132.54018053324774,32.757335052247946,78.07253846816367,7.363343362958206,1.819851947347108,detour_factor_1.35,4.5,1.35,0,0,0,0,0,0,0,14,0,132.54018053324774,,False,False,0.28928487696881505,0.0,0.0,0.0,0.28928487696881505,0.28928487696881505,0.28928487696881505
06037216800,130.35456368557564,20.014332333756496,77.37899990886378,7.241920204754203,1.1119073518753608,detour_factor_1.35,4.5,1.35,0,0,0,0,10,0,0,10,0,130.35456368557564,,False,False,0.39982808591282426,0.0,0.0,0.0,0.39982808591282426,0.39982808591282426,0.39982808591282426
06037211921,61.25779919989754,8.53224899482607,9.03334306000927,3.4032110666609743,0.4740138330458928,detour_factor_1.35,4.5,1.35,0,4,1,0,15,3,0,19,3,61.25779919989754,,False,False,0.6097863360429286,0.0,0.0,0.0,0.6097863360429286,0.6097863360429286,0.6097863360429286
06037211201,79.4561728295554,11.671774795450444,27.470932773661907,4.414231823864188,0.6484319330805802,detour_factor_1.35,4.5,1.35,0,3,0,0,11,1,0,20,2,79.4561728295554,,False,False,0.5332243821807401,0.0,0.0,0.0,0.5332243821807401,0.5332243821807401,0.5332243821807401
06037209104,29.116270711291595,15.741748792170284,35.18481389081127,1.617570595071755,0.8745415995650156,detour_factor_1.35,4.5,1.35,0,0,0,1,15,0,4,34,4,29.116270711291595,,True,True,0.45858282620766233,0.0,0.0,0.0,0.45858282620766233,0.45858282620766233,0.45858282620766233
06037209103,25.5613578767393,17.05532321259116,30.839848833865858,1.4200754375966278,0.9475179562550642,detour_factor_1.35,4.5,1.35,0,0,0,2,20,0,4,33,2,25.5613578767393,,True,True,0.4387602101851227,0.0,0.0,0.0,0.4387602101851227,0.4387602101851227,0.4387602101851227
06037208802,39.56923671907104,10.474967691760869,20.7611076922672,2.19829092883728,0.5819426495422704,detour_factor_1.35,4.5,1.35,0,4,0,0,8,2,3,24,2,39.56923671907104,,False,True,0.5600287613668804,0.0,0.0,0.0,0.5600287613668804,0.5600287613668804,0.5600287613668804
06037208801,35.37733122856717,6.734203853267116,24.921640470780382,1.965407290475954,0.37412243629261754,detour_factor_1.35,4.5,1.35,0,4,0,0,8,2,3,30,2,35.37733122856717,,False,True,0.6644230036477173,0.0,0.0,0.0,0.6644230036477173,0.6644230036477173,0.6644230036477173
06037208502,44.81615459188507,18.701720297740117,30.118962475594977,2.4897863662158373,1.038984460985562,detour_factor_1.35,4.5,1.35,0,0,0,0,8,0,1,22,2,44.81615459188507,,False,True,0.4162107386141607,0.0,0.0,0.0,0.4162107386141607,0.4162107386141607,0.4162107386141607
06037208402,42.827776302807855,27.674429331614622,43.73520244786338,2.3793209057115474,1.5374682962008124,detour_factor_1.35,4.5,1.35,0,0,0,0,4,0,1,23,1,42.827776302807855,,False,True,0.3251416918858198,0.0,0.0,0.0,0.3251416918858198,0.3251416918858198,0.3251416918858198
06037208401,38.660220238947694,17.643177876721605,37.529058667423634,2.1477900132748715,0.9801765487067557,detour_factor_1.35,4.5,1.35,0,0,0,0,4,0,4,30,3,38.660220238947694,,False,True,0.4304336677206357,0.0,0.0,0.0,0.4304336677206357,0.4304336677206357,0.4304336677206357
06037208302,31.355279583806116,24.651828676111275,34.308919740501054,1.7419599768781175,1.3695460375617374,detour_factor_1.35,4.5,1.35,0,0,0,0,9,0,4,31,1,31.355279583806116,,False,True,0.3510142547244669,0.0,0.0,0.0,0.3510142547244669,0.3510142547244669,0.3510142547244669
06037206032,38.571948843537214,1.3832139075762293,23.553196543290486,2.1428860468631785,0.0768452170875683,detour_factor_1.35,4.5,1.35,0,6,0,0,17,1,1,32,2,38.571948843537214,,False,True,0.906009617274144,0.0,0.0,0.0,0.906009617274144,0.906009617274144,0.906009617274144
06037920012,873.1363817845001,865.0843509551559,430.4217141890066,48.50757676580556,48.060241719730875,detour_factor_1.35,4.5,1.35,0,0,0,0,0,0,0,0,0,865.0843509551559,0.0,False,False,0.015178807954137693,0.01486779863158705,0.01486779863158705,0.0,0.030046606585724743,0.030046606585724743,0.015178807954137693
06037920011,733.5238398540926,742.4674591053137,279.45645655303616,40.75132443633847,41.24819217251742,detour_factor_1.35,4.5,1.35,0,0,0,0,0,0,0,0,0,742.4674591053137,0.0,False,False,0.017641332830986258,0.027897595758388207,0.027897595758388207,0.0,0.045538928589374465,0.045538928589374465,0.017641332830986258
06037910812,695.4941683069693,698.5122613615252,740.0338590771661,38.63856490594274,38.80623674230696,detour_factor_1.35,4.5,1.35,0,0,0,0,0,0,0,0,0,695.4941683069693,,False,False,0.01873065371578064,0.0,0.0,0.0,0.01873065371578064,0.01873065371578064,0.01873065371578064
06037910811,554.2308110157551,555.3235728995392,707.308047135823,30.79060061198639,30.851309605529956,detour_factor_1.35,4.5,1.35,0,0,0,0,0,0,0,0,0,554.2308110157551,,False,False,0.023447061289840657,0.0,0.0,0.0,0.023447061289840657,0.023447061289840657,0.023447061289840657
06037910001,947.2658235240406,931.7069580668431,1033.9557866707623,52.62587908466892,51.761497670380166,detour_factor_1.35,4.5,1.35,0,0,0,0,0,0,0,0,0,947.2658235240406,,False,False,0.01410874589651474,0.0,0.0,0.0,0.01410874589651474,0.01410874589651474,0.01410874589651474
06037901213,935.1406332452763,920.070486907541,549.4137626721749,51.95225740251534,51.11502705041894,detour_factor_1.35,4.5,1.35,0,0,0,0,0,0,0,0,0,920.070486907541,0.0,False,False,0.014284635485949191,0.009408660184478976,0.009408660184478976,0.0,0.023693295670428167,0.023693295670428167,0.014284635485949191
06037901209,1114.703184385628,1136.88183790585,639.1528155106959,61.927954688090445,63.160102105880554,detour_factor_1.35,4.5,1.35,0,0,0,0,0,0,0,0,0,1136.88183790585,0.0,False,False,0.011592033966104514,0.008842627148089567,0.008842627148089567,0.0,0.02043466111419408,0.02043466111419408,0.011592033966104514
06037577604,24.87835476099025,134.4309002925931,136.62831674393274,1.3821308200550138,7.468383349588505,detour_factor_1.35,4.5,1.35,0,0,0,1,0,0,2,0,0,134.4309002925931,0.0,False,False,0.09023383403515242,0.0,0.0,0.0,0.09023383403515242,0.09023383403515242,0.09023383403515242
06037576904,45.180959571866225,53.8849423432358,56.29309249292874,2.5100533095481237,2.9936079079575437,detour_factor_1.35,4.5,1.35,0,0,0,0,0,0,0,0,0,45.180959571866225,,False,False,0.19835875287085133,0.0,0.0,0.0,0.19835875287085133,0.19835875287085133,0.19835875287085133
06037573004,58.20600680038547,14.04085377273389,46.16487028770886,3.233667044465859,0.7800474318185494,detour_factor_1.35,4.5,1.35,0,3,0,0,10,0,0,18,0,58.20600680038547,,False,False,0.487076868499161,0.0,0.0,0.0,0.487076868499161,0.487076868499161,0.487076868499161
06037571703,121.59298140184066,31.885254209886135,155.50610491573826,6.755165633435592,1.7714030116603405,detour_factor_1.35,4.5,1.35,0,0,0,0,0,0,0,3,0,121.59298140184066,,False,False,0.29486399416146003,0.0,0.0,0.0,0.29486399416146003,0.29486399416146003,0.29486399416146003
06037576901,49.09353219629102,41.057876250844394,44.72882780011099,2.7274184553495013,2.2809931250469107,detour_factor_1.35,4.5,1.35,0,0,0,0,0,0,0,8,1,49.09353219629102,,False,False,0.24513765064735699,0.0,0.0,0.0,0.24513765064735699,0.24513765064735699,0.24513765064735699
06037575101,65.95643869204665,45.342236835633244,58.49303332924167,3.664246594002591,2.5190131575351797,detour_factor_1.35,4.5,1.35,0,0,0,0,0,0,0,0,0,65.95643869204665,,False,False,0.22723824063298692,0.0,0.0,0.0,0.22723824063298692,0.22723824063298692,0.22723824063298692
06037575001,76.12790140802515,68.68120699220924,83.75257713366268,4.229327856001397,3.815622610678291,detour_factor_1.35,4.5,1.35,0,0,0,0,0,0,0,0,0,76.12790140802515,,False,False,0.16257279843804484,0.0,0.0,0.0,0.16257279843804484,0.16257279843804484,0.16257279843804484
06037574902,61.28803740611889,85.7657056195128,94.73726219110083,3.4048909670066045,4.7647614233062665,detour_factor_1.35,4.5,1.35,0,0,0,0,0,0,0,0,0,61.28803740611889,,False,False,0.13454553620522672,0.0,0.0,0.0,0.13454553620522672,0.13454553620522672,0.13454553620522672
06037574300,74.43601775263107,119.47171178281485,132.3480485088473,4.135334319590616,6.63731732126749,detour_factor_1.35,4.5,1.35,0,0,0,0,0,0,0,0,0,74.43601775263107,,False,False,0.10039779228019774,0.0,0.0,0.0,0.10039779228019774,0.10039779228019774,0.10039779228019774
06037900602,1101.2195311138717,1116.4091029378442,873.8338345823239,61.178862839659544,62.022727940991345,detour_factor_1.35,4.5,1.35,0,0,0,0,0,0,0,0,0,1124.4091029378442,8.0,False,False,0.011802100111722162,0.003227010314736869,0.003227010314736869,0.0,0.015029110426459031,0.015029110426459031,0.011802100111722162
06037900504,1000.1354454954374,1014.8886660588953,809.4228686406055,55.563080305302066,56.38270366993862,detour_factor_1.35,4.5,1.35,0,0,0,0,0,0,0,0,0,1022.8886660588953,8.0,False,False,0.012967368273791583,0.0032383234017549396,0.0032383234017549396,0.0,0.016205691675546523,0.016205691675546523,0.012967368273791583
06037900606,1079.046611374549,1094.6571368427458,854.7737262945598,59.94703396525272,60.81428538015254,detour_factor_1.35,4.5,1.35,0,0,0,0,0,0,0,0,0,1102.6571368427458,8.0,False,False,0.012033797845945764,0.003325290857985011,0.003325290857985011,0.0,0.015359088703930775,0.015359088703930775,0.012033797845945764
06037900605,1092.9707042518103,1103.3580042226888,907.9387504974713,60.720594680656134,61.29766690126049,detour_factor_1.35,4.5,1.35,0,0,0,0,0,0,0,0,0,1092.9707042518103,,False,False,0.011940034712290788,0.002532707452967367,0.002532707452967367,0.0,0.014472742165258155,0.014472742165258155,0.011940034712290788
06037920108,564.6109290696766,637.942073466465,117.5420996415433,31.36727383720425,35.441226303692495,detour_factor_1.35,4.5,1.35,0,0,0,0,0,0,0,0,0,637.942073466465,0.0,False,False,0.020472649810085633,0.08140539582658365,0.08140539582658365,0.0,0.10187804563666929,0.10187804563666929,0.020472649810085633
06037920106,609.2629599551487,719.1887709228029,257.9569556710624,33.847942219730484,39.95493171793348,detour_factor_1.35,4.5,1.35,0,0,0,0,0,0,0,0,0,719.1887709228029,0.0,False,False,0.018201953573637356,0.030945892382313146,0.030945892382313146,0.0,0.0491478459559505,0.0491478459559505,0.018201953573637356
06037920107,573.9297992983941,651.9574443469437,136.50698485475456,31.88498884991078,36.219858019274646,detour_factor_1.35,4.5,1.35,0,0,0,0,0,0,0,0,0,651.9574443469437,0.0,False,False,0.020041362033942123,0.06894225395515763,0.06894225395515763,0.0,0.08898361598909975,0.08898361598909975,0.020041362033942123
06037920109,574.4717574455516,640.71206608456,112.57238331175992,31.915097635863972,35.59511478247555,detour_factor_1.35,4.5,1.35,0,0,0,0,0,0,0,0,0,640.71206608456,0.0,False,False,0.020385944683962504,0.0855134035634068,0.0855134035634068,0.0,0.1058993482473693,0.1058993482473693,0.020385944683962504
06037920331,456.51242008765,533.9700341989981,71.7809384407713,25.361801115980555,29.665001899944336,detour_factor_1.35,4.5,1.35,0,0,0,0,0,0,0,0,0,533.9700341989981,0.0,False,False,0.024361869713044805,0.13229027634208831,0.13229027634208831,0.0,0.1566521460551331,0.1566521460551331,0.024361869713044805
06037920110,555.6314753616624,623.0019996871555,97.02935101927058,30.868415297870133,34.611222204841965,detour_factor_1.35,4.5,1.35,0,0,0,0,0,0,0,0,0,623.0019996871555,0.0,False,False,0.020953312886216907,0.09986046952173831,0.09986046952173831,0.0,0.12081378240795522,0.12081378240795522,0.020953312886216907
06037910804,736.154040116243,761.7079648795806,555.9568718927178,40.897446673124605,42.317109159976695,detour_factor_1.35,4.5,1.35,0,0,0,0,0,0,0,0,0,736.154040116243,,False,False,0.01720338434103739,0.006217593590664414,0.006217593590664414,0.0,0.023420977931701805,0.023420977931701805,0.01720338434103739
06037910709,760.3805824957715,755.3382329036446,820.7515295713831,42.24336569420952,41.963235161313584,detour_factor_1.35,4.5,1.35,0,0,0,0,0,0,0,0,0,760.3805824957715,,False,False,0.01734594320771679,0.0,0.0,0.0,0.01734594320771679,0.01734594320771679,0.01734594320771679
06037920033,580.9257992698326,588.6963546067092,159.00371200657042,32.2736555149907,32.70535303370606,detour_factor_1.35,4.5,1.35,0,0,0,0,0,0,0,0,0,588.6963546067092,0.0,False,False,0.02214730203581128,0.05522047055792059,0.05522047055792059,0.0,0.07736777259373187,0.07736777259373187,0.02214730203581128
06037920040,537.9262551146949,542.363858786467,145.25478578773192,29.884791950816375,30.131325488137048,detour_factor_1.35,4.5,1.35,0,0,0,0,0,0,0,0,0,542.363858786467,0.0,False,False,0.023993882859963886,0.0600813518248913,0.0600813518248913,0.0,0.08407523468485519,0.08407523468485519,0.023993882859963886
06037920013,519.6162231145272,574.6900084615111,43.71432781082611,28.86756795080706,31.927222692306167,detour_factor_1.35,4.5,1.35,0,0,0,0,0,0,0,0,1,574.6900084615111,0.0,False,False,0.02267483684004028,0.21104786214388474,0.21104786214388474,0.0,0.23372269898392503,0.23372269898392503,0.02267483684004028
06037920039,502.11404197116934,515.6813189081653,111.4736487721904,27.895224553953852,28.648962161564736,detour_factor_1.35,4.5,1.35,0,0,0,0,0,0,0,0,0,515.6813189081653,0.0,False,False,0.025204090807009596,0.0816275391899409,0.0816275391899409,0.0,0.10683162999695049,0.10683162999695049,0.025204090807009596
06037300701,159.9089696237641,201.98785797396903,220.6203217019529,8.883831645764673,11.221547665220502,detour_factor_1.35,4.5,1.35,0,0,0,0,0,0,0,0,0,201.98785797396903,0.0,False,False,0.061922996303249364,0.0,0.0,0.0,0.061922996303249364,0.061922996303249364,0.061922996303249364
06037300702,144.82239334116488,187.5067642721802,188.6707072865389,8.045688518953606,10.417042459565566,detour_factor_1.35,4.5,1.35,0,0,0,0,0,0,0,0,0,144.82239334116488,,False,False,0.06638780548455231,0.0,0.0,0.0,0.06638780548455231,0.06638780548455231,0.06638780548455231
06037300600,142.60428630917298,184.93147589336223,248.48720031610003,7.922460350509608,10.273970882964568,detour_factor_1.35,4.5,1.35,0,0,0,0,0,0,0,0,0,184.93147589336223,0.0,False,False,0.06725012565436173,0.0,0.0,0.0,0.06725012565436173,0.06725012565436173,0.06725012565436173
06037300502,139.26927548915165,181.24574690393555,265.80763884973965,7.737181971619536,10.069208161329753,detour_factor_1.35,4.5,1.35,0,0,0,0,0,0,0,0,0,181.24574690393555,0.0,False,False,0.06852398169975274,0.0,0.0,0.0,0.06852398169975274,0.06852398169975274,0.06852398169975274
06037123103,74.04175665915129,48.09762878315104,50.178589446215845,4.113430925508404,2.6720904879528353,detour_factor_1.35,4.5,1.35,0,0,0,0,0,0,0,0,0,48.09762878315104,0.0,False,False,0.21704581653874944,0.0,0.0,0.0,0.21704581653874944,0.21704581653874944,0.21704581653874944
06037103101,239.00468984884156,238.18760086646728,240.21448308650147,13.278038324935642,13.232644492581516,detour_factor_1.35,4.5,1.35,0,0,0,0,0,0,0,0,0,238.18760086646728,0.0,False,False,0.053010829399757785,0.0,0.0,0.0,0.053010829399757785,0.053010829399757785,0.053010829399757785
06037106010,308.8260179861143,325.7965234811854,208.18811459494304,17.157000999228572,18.099806860065854,detour_factor_1.35,4.5,1.35,0,0,0,0,0,0,0,0,0,325.7965234811854,0.0,False,False,0.03931630632163942,0.020873501293063264,0.020873501293063264,0.0,0.06018980761470268,0.06018980761470268,0.03931630632163942
06037403702,152.73465994643743,82.51764365093852,182.14029166251206,8.48525888591319,4.584313536163251,detour_factor_1.35,4.5,1.35,0,0,0,0,0,0,0,0,0,152.73465994643743,,False,False,0.1391048245185982,0.0,0.0,0.0,0.1391048245185982,0.1391048245185982,0.1391048245185982
06037403408,97.17461064217699,204.1705524735455,71.62337240807601,5.398589480120943,11.342808470752528,detour_factor_1.35,4.5,1.35,0,0,0,0,0,0,0,0,0,97.17461064217699,,False,False,0.06130158679175032,0.09564109615451696,0.09564109615451696,0.0,0.1569426829462673,0.1569426829462673,0.06130158679175032
06037408501,54.74828081179695,242.14004021030703,171.87422867890393,3.0415711562109418,13.452224456128167,detour_factor_1.35,4.5,1.35,0,0,0,0,0,0,0,0,0,242.14004021030703,0.0,False,False,0.05219069662089741,0.019800604319894402,0.019800604319894402,0.019800604319894402,0.07199130094079181,0.07199130094079181,0.07199130094079181
06037408626,86.12674307181037,289.00319612318356,120.01102613875841,4.784819059545019,16.05573311795464,detour_factor_1.35,4.5,1.35,0,0,0,0,0,0,0,0,0,289.00319612318356,0.0,False,False,0.04410096708228233,0.05589076399745584,0.05589076399745584,0.003531477255541128,0.09999173107973817,0.09999173107973817,0.04763244433782346
06037408402,97.51104072103513,240.93683945571397,143.79705211361392,5.4172800400575065,13.385379969761885,detour_factor_1.35,4.5,1.35,0,0,0,0,0,0,0,0,0,97.51104072103513,,False,False,0.05243766182671847,0.03241755758490282,0.03241755758490282,0.03241755758490282,0.08485521941162129,0.08485521941162129,0.08485521941162129
06037431200,86.80291205530649,20.297964977835907,114.47221686283707,4.822384003072583,1.1276647209908837,detour_factor_1.35,4.5,1.35,0,0,0,0,3,0,0,3,0,86.80291205530649,,False,False,0.396456099017302,0.0,0.0,0.0,0.396456099017302,0.396456099017302,0.396456099017302
06037401001,179.41963935874782,29.51481958797902,220.02372703265527,9.967757742152656,1.6397121993321677,detour_factor_1.35,4.5,1.35,0,0,0,0,2,0,0,2,0,179.41963935874782,,False,False,0.3111763850782336,0.0,0.0,0.0,0.3111763850782336,0.3111763850782336,0.3111763850782336
06037401102,186.90055070495194,2.3005459497871996,225.39615224560868,10.383363928052885,0.12780810832151107,detour_factor_1.35,4.5,1.35,0,2,0,0,2,0,0,5,0,186.90055070495194,,False,False,0.8528486814996048,0.0,0.0,0.0,0.8528486814996048,0.8528486814996048,0.8528486814996048
06037401101,167.5017487929752,20.38640608944007,206.1487466884396,9.305652710720844,1.1325781160800037,detour_factor_1.35,4.5,1.35,0,0,0,0,2,0,0,2,0,167.5017487929752,,False,False,0.39541626244977324,0.0,0.0,0.0,0.39541626244977324,0.39541626244977324,0.39541626244977324
06037401500,27.096483926951763,13.922553443047846,69.14663043065465,1.5053602181639867,0.7734751912804357,detour_factor_1.35,4.5,1.35,0,2,0,1,2,0,1,4,0,13.922553443047846,0.0,True,True,0.48919095690137093,0.0,0.0,0.0,0.48919095690137093,0.48919095690137093,0.48919095690137093
06037401203,154.94217049810663,43.37472437918163,190.89771243423388,8.607898361005923,2.409706909954535,detour_factor_1.35,4.5,1.35,0,0,0,0,0,0,0,2,0,154.94217049810663,,False,False,0.23512237715718456,0.0,0.0,0.0,0.23512237715718456,0.23512237715718456,0.23512237715718456
06037401201,131.29619073632296,57.492333561285825,171.1854020751624,7.294232818684608,3.1940185311825453,detour_factor_1.35,4.5,1.35,0,0,0,0,0,0,0,0,0,131.29619073632296,,False,False,0.18825566941956048,0.0,0.0,0.0,0.18825566941956048,0.18825566941956048,0.18825566941956048
06037403902,182.88641124702886,40.04037768788519,217.618946779061,10.160356180390492,2.2244654271047324,detour_factor_1.35,4.5,1.35,0,0,0,0,0,0,0,2,0,182.88641124702886,,False,False,0.24981087277279101,0.0,0.0,0.0,0.24981087277279101,0.24981087277279101,0.24981087277279101
06037404100,194.6986234240259,45.483444967467484,239.66672897511899,10.816590190223659,2.5268580537481937,detour_factor_1.35,4.5,1.35,0,0,0,0,0,0,0,0,0,60.483444967467484,15.0,False,False,0.2266926839335536,0.0,0.0,0.0,0.2266926839335536,0.2266926839335536,0.2266926839335536
06037274100,36.195772785352226,85.45619571037535,129.1605870646134,2.0108762658529016,4.747566428354186,detour_factor_1.35,4.5,1.35,0,0,0,0,0,0,1,0,0,36.195772785352226,,False,True,0.1349670705225662,0.0,0.0,0.0,0.1349670705225662,0.1349670705225662,0.1349670705225662
06037275200,83.85305556093365,73.63159619458449,107.83200846694929,4.658503086718536,4.090644233032471,detour_factor_1.35,4.5,1.35,0,0,0,0,0,0,0,0,0,83.85305556093365,,False,False,0.15331850903246022,0.0,0.0,0.0,0.15331850903246022,0.15331850903246022,0.15331850903246022
06037275400,53.72378845849655,84.66381691186172,119.1108376513099,2.9846549143609193,4.703545383992317,detour_factor_1.35,4.5,1.35,0,0,0,0,0,0,0,0,0,53.72378845849655,,False,False,0.13605837822806574,0.0,0.0,0.0,0.13605837822806574,0.13605837822806574,0.13605837822806574
06037275302,61.3653402109488,104.07247301380566,99.07445670682462,3.409185567274933,5.781804056322536,detour_factor_1.35,4.5,1.35,0,0,0,0,0,0,0,0,0,61.3653402109488,,False,False,0.11356621744848013,0.005049523761003372,0.005049523761003372,0.005049523761003372,0.1186157412094835,0.1186157412094835,0.1186157412094835
06037275311,77.46847984254367,87.00008485378389,98.25979446893864,4.30380443569687,4.833338047432438,detour_factor_1.35,4.5,1.35,0,0,0,0,0,0,0,0,0,77.46847984254367,,False,False,0.13289025306072277,0.0,0.0,0.0,0.13289025306072277,0.13289025306072277,0.13289025306072277
06037276000,87.41513157648212,27.31315777741643,35.591760674675264,4.856396198693451,1.5173976543009124,detour_factor_1.35,4.5,1.35,0,0,0,0,4,0,0,17,2,87.41513157648212,,False,False,0.32803159556882566,0.0,0.0,0.0,0.32803159556882566,0.32803159556882566,0.32803159556882566
06037276100,77.6368296970264,27.199255335841233,33.555588208533685,4.313157205390355,1.5110697408800682,detour_factor_1.35,4.5,1.35,0,0,0,0,4,0,0,4,1,77.6368296970264,,False,False,0.3289534118375584,0.0,0.0,0.0,0.3289534118375584,0.3289534118375584,0.3289534118375584
06037276500,86.57515674159531,75.15779846903293,63.051798935032565,4.809730930088628,4.175433248279607,detour_factor_1.35,4.5,1.35,0,0,0,0,0,0,0,0,0,82.65779846903293,7.5,False,False,0.15067423211527733,0.023879806574987422,0.023879806574987422,0.023879806574987422,0.17455403869026476,0.17455403869026476,0.17455403869026476
06037276400,101.19060197613993,59.876983745834345,52.31098704061471,5.621700109785551,3.3264990969907964,detour_factor_1.35,4.5,1.35,0,0,0,0,0,0,0,0,0,101.19060197613993,,False,False,0.1821236932892262,0.02099111172937937,0.02099111172937937,0.02099111172937937,0.20311480501860557,0.20311480501860557,0.20311480501860557
06037276601,65.20143437750677,96.43833229155787,83.48784905835147,3.622301909861487,5.357685127308771,detour_factor_1.35,4.5,1.35,0,0,0,0,0,0,0,0,0,103.93833229155787,7.5,False,False,0.12146425270520757,0.016246659349078887,0.016246659349078887,0.016246659349078887,0.13771091205428646,0.13771091205428646,0.13771091205428646
06037431002,105.10143052040486,35.5341675834768,163.03407873908515,5.838968362244714,1.9741204213042667,detour_factor_1.35,4.5,1.35,0,0,0,0,0,0,0,9,0,105.10143052040486,,False,False,0.272846638014729,0.0,0.0,0.0,0.272846638014729,0.272846638014729,0.272846638014729
06037190901,51.43633908681257,15.118138188926476,65.2267739256372,2.8575743937118094,0.8398965660514709,detour_factor_1.35,4.5,1.35,0,0,0,0,8,0,0,17,0,51.43633908681257,,False,False,0.46863422592752796,0.0,0.0,0.0,0.46863422592752796,0.46863422592752796,0.46863422592752796
06037480703,88.4657025501729,15.25865128066815,147.07699497045368,4.914761252787383,0.8477028489260083,detour_factor_1.35,4.5,1.35,0,0,0,0,6,0,0,6,0,88.4657025501729,,False,False,0.46633115935589875,0.0,0.0,0.0,0.46633115935589875,0.46633115935589875,0.46633115935589875
06037430101,115.24010093968276,16.935208140702397,156.96910128177907,6.402227829982376,0.9408448967056886,detour_factor_1.35,4.5,1.35,0,0,0,0,6,0,0,7,0,115.24010093968276,,False,False,0.44050134839733285,0.0,0.0,0.0,0.44050134839733285,0.44050134839733285,0.44050134839733285
06037480011,54.88851032486574,44.98317155345749,117.76931240093556,3.0493616847147633,2.499065086303194,detour_factor_1.35,4.5,1.35,0,0,0,0,0,0,0,2,0,54.88851032486574,,False,False,0.2286373876352361,0.0,0.0,0.0,0.2286373876352361,0.2286373876352361,0.2286373876352361
06037400206,123.46065988663801,96.63418382623375,136.19958601018968,6.858925549257667,5.368565768124097,detour_factor_1.35,4.5,1.35,0,0,0,0,0,0,0,0,0,123.46065988663801,,False,False,0.12124792554865228,0.0,0.0,0.0,0.12124792554865228,0.12124792554865228,0.12124792554865228
06037400302,66.31191950735482,32.38033321110333,108.3573138595932,3.6839955281863785,1.7989074006168513,detour_factor_1.35,4.5,1.35,0,0,0,0,0,0,0,2,0,66.31191950735482,,False,False,0.29167061715280407,0.0,0.0,0.0,0.29167061715280407,0.29167061715280407,0.29167061715280407
06037481202,102.27277382958914,101.58633454648628,85.40034753917202,5.681820768310508,5.643685252582571,detour_factor_1.35,4.5,1.35,0,0,0,0,0,0,0,0,0,102.27277382958914,,False,False,0.1160230757652122,0.019020338148937804,0.019020338148937804,0.019020338148937804,0.13504341391415,0.13504341391415,0.13504341391415
06037502602,172.4376338634109,102.09084532944435,70.40042435245807,9.579868547967271,5.671713629413575,detour_factor_1.35,4.5,1.35,0,0,0,0,0,0,0,0,0,172.4376338634109,,False,False,0.11551594724609554,0.04371891455679039,0.04371891455679039,0.0,0.15923486180288593,0.15923486180288593,0.11551594724609554
06037502601,174.7050844155525,93.19492046450256,60.41675300449126,9.70583802308625,5.177495581361253,detour_factor_1.35,4.5,1.35,0,0,0,0,0,0,0,0,0,174.7050844155525,,False,False,0.12516241333155315,0.05562833547188245,0.05562833547188245,0.0,0.1807907488034356,0.1807907488034356,0.12516241333155315
06037530003,64.53431617276519,108.69405697601263,112.29212613173225,3.5852397873758437,6.038558720889591,detour_factor_1.35,4.5,1.35,0,0,0,0,0,0,0,0,0,108.69405697601263,0.0,False,False,0.10926508630179355,0.0,0.0,0.0,0.10926508630179355,0.10926508630179355,0.10926508630179355
06037117303,109.7423824223589,223.26893196584507,81.52646363460511,6.096799023464382,12.403829553658058,detour_factor_1.35,4.5,1.35,0,0,0,0,0,0,0,0,0,223.26893196584507,0.0,False,False,0.0563533629590301,0.08420495320350452,0.08420495320350452,0.0,0.1405583161625346,0.1405583161625346,0.0563533629590301
06037503000,230.86248455057037,90.86532590137979,44.94396474341729,12.825693586142796,5.0480736611877655,detour_factor_1.35,4.5,1.35,0,0,0,0,0,0,0,0,1,90.86532590137979,0.0,False,False,0.12796069960266263,0.10083050680799605,0.10083050680799605,0.10083050680799605,0.22879120641065867,0.22879120641065867,0.22879120641065867
06037115301,170.56549524856118,321.17459516058994,84.59647314053457,9.475860847142288,17.843033064477215,detour_factor_1.35,4.5,1.35,0,0,0,0,0,0,0,0,0,321.17459516058994,0.0,False,False,0.03985954351923694,0.050625313614721376,0.09629239850355535,0.0,0.09048485713395832,0.1361519420227923,0.03985954351923694
06037503201,219.02203311340014,133.33036393917988,73.50940822139214,12.167890728522229,7.407242441065547,detour_factor_1.35,4.5,1.35,0,0,0,0,0,0,0,0,0,133.33036393917988,0.0,False,False,0.09091093147992106,0.0626232971110902,0.0626232971110902,0.0626232971110902,0.15353422859101126,0.15353422859101126,0.15353422859101126
06037503302,203.61954908487334,148.95630537054805,94.31648061992944,11.312197171381852,8.275350298363781,detour_factor_1.35,4.5,1.35,0,0,0,0,0,0,0,0,0,148.95630537054805,0.0,False,False,0.08215763766448293,0.04170075877568308,0.04170075877568308,0.04170075877568308,0.12385839644016601,0.12385839644016601,0.12385839644016601
06037540600,133.40584341849654,8.89015578788175,141.7570186258154,7.411435745472031,0.49389754377120826,detour_factor_1.35,4.5,1.35,0,7,0,0,7,0,0,14,0,133.40584341849654,,False,False,0.5999657956771968,0.0,0.0,0.0,0.5999657956771968,0.5999657956771968,0.5999657956771968
06037542501,73.28266571904346,24.514236043026553,94.52575064943863,4.071259206613526,1.3619020023903639,detour_factor_1.35,4.5,1.35,0,0,0,0,3,0,0,6,0,73.28266571904346,,False,False,0.35229034659386915,0.0,0.0,0.0,0.35229034659386915,0.35229034659386915,0.35229034659386915
06037543000,57.093043910270055,58.65681715030565,64.18416924294165,3.1718357727927806,3.258712063905869,detour_factor_1.35,4.5,1.35,0,0,0,0,0,0,0,0,0,57.093043910270055,,False,False,0.18521052176941297,0.0,0.0,0.0,0.18521052176941297,0.18521052176941297,0.18521052176941297
06037543503,76.93851858781036,140.20393821619712,72.20799350949719,4.2743621437672426,7.789107678677616,detour_factor_1.35,4.5,1.35,0,0,0,0,0,0,0,0,0,76.93851858781036,,False,False,0.08684102041654465,0.06902905812258478,0.06902905812258478,0.06902905812258478,0.15587007853912943,0.15587007853912943,0.15587007853912943
06037543202,75.9880952891446,8.72943046815361,108.97202153708203,4.221560849396922,0.48496835934186716,detour_factor_1.35,4.5,1.35,0,3,0,0,3,0,0,6,0,8.72943046815361,0.0,True,True,0.604336494434787,0.0,0.0,0.0,0.604336494434787,0.604336494434787,0.604336494434787
06037543400,24.63530162646933,95.18584739129335,39.5846330226031,1.368627868137185,5.288102632849631,detour_factor_1.35,4.5,1.35,0,0,0,1,0,0,1,0,1,95.18584739129335,0.0,False,False,0.12286614443917883,0.12909617103702004,0.12909617103702004,0.12909617103702004,0.25196231547619885,0.25196231547619885,0.25196231547619885
06037543304,40.991660755729754,51.26419932664964,82.9458300369444,2.2773144864294306,2.8480110737027573,detour_factor_1.35,4.5,1.35,0,0,0,0,0,0,1,0,0,40.991660755729754,,False,True,0.2064062323171841,0.0,0.0,0.0,0.2064062323171841,0.2064062323171841,0.2064062323171841
06037543201,65.2838805418728,24.813549328208275,93.08964453975373,3.6268822523262667,1.378530518233793,detour_factor_1.35,4.5,1.35,0,0,0,0,3,0,0,6,0,24.813549328208275,0.0,True,True,0.3495261579205146,0.0,0.0,0.0,0.3495261579205146,0.3495261579205146,0.3495261579205146
06037203720,72.16140136728357,12.806701927951625,54.15405873657777,4.008966742626865,0.7114834404417568,detour_factor_1.35,4.5,1.35,0,3,0,0,6,0,0,13,0,58.80670192795162,46.0,False,False,0.5100732726661942,0.0,0.0,0.0,0.5100732726661942,0.5100732726661942,0.5100732726661942
06037204120,85.68472551985543,14.98406290268509,70.60579379280507,4.760262528880857,0.8324479390380605,detour_factor_1.35,4.5,1.35,0,1,0,0,7,0,0,10,0,85.68472551985543,,False,False,0.4708530834616054,0.0,0.0,0.0,0.4708530834616054,0.4708530834616054,0.4708530834616054
06037204200,71.53523977914347,8.274583285675746,54.41933915462388,3.974179987730192,0.45969907142643024,detour_factor_1.35,4.5,1.35,0,3,0,0,10,0,0,13,0,54.274583285675746,46.0,False,False,0.6170577926797272,0.0,0.0,0.0,0.6170577926797272,0.6170577926797272,0.6170577926797272
06037204600,61.64800301855253,18.22625750919401,49.14693987342035,3.424889056586252,1.0125698616218892,detour_factor_1.35,4.5,1.35,0,0,0,0,9,0,0,15,0,61.64800301855253,,False,False,0.422481184875386,0.0,0.0,0.0,0.422481184875386,0.422481184875386,0.422481184875386
06037203900,94.90543015496556,4.0782351967063315,65.72532728893596,5.272523897498086,0.22656862203924058,detour_factor_1.35,4.5,1.35,0,4,0,0,4,0,0,10,0,94.90543015496556,,False,False,0.7657743936354573,0.0,0.0,0.0,0.7657743936354573,0.7657743936354573,0.7657743936354573
06037204700,73.83627909238206,25.66224228851936,61.86190332404198,4.102015505132336,1.4256801271399644,detour_factor_1.35,4.5,1.35,0,0,0,0,3,0,0,13,0,73.83627909238206,,False,False,0.3419191310991055,0.0,0.0,0.0,0.3419191310991055,0.3419191310991055,0.3419191310991055
06037204820,91.61096590568296,29.81113393427843,79.8409750599279,5.089498105871275,1.6561741074599128,detour_factor_1.35,4.5,1.35,0,0,0,0,1,0,0,7,0,91.61096590568296,,False,False,0.3090392390438106,0.0,0.0,0.0,0.3090392390438106,0.3090392390438106,0.3090392390438106
06037204910,102.78362341420774,18.508537065123434,70.14753092469729,5.710201300789318,1.028252059173524,detour_factor_1.35,4.5,1.35,0,0,0,0,4,0,0,7,0,102.78362341420774,,False,False,0.41873587092985404,0.0,0.0,0.0,0.41873587092985404,0.41873587092985404,0.41873587092985404
06037205110,80.73035912307544,38.696193985347996,71.02016833214462,4.485019951281969,2.149788554741555,detour_factor_1.35,4.5,1.35,0,0,0,0,0,0,0,7,0,80.73035912307544,,False,False,0.2562647408204681,0.0,0.0,0.0,0.2562647408204681,0.2562647408204681,0.2562647408204681
06037204810,89.0365208306587,20.47023382769009,75.54630491104005,4.946473379481039,1.1372352126494494,detour_factor_1.35,4.5,1.35,0,0,0,0,4,0,0,7,0,89.0365208306587,,False,False,0.3944356898732003,0.0,0.0,0.0,0.3944356898732003,0.3944356898732003,0.3944356898732003
06037124102,73.3538960827079,18.03869487429229,19.58070418535587,4.075216449039328,1.0021497152384606,detour_factor_1.35,4.5,1.35,0,0,0,0,4,2,0,4,2,18.03869487429229,0.0,True,True,0.42500705549194895,0.0,0.0,0.0,0.42500705549194895,0.42500705549194895,0.42500705549194895
06037320000,8.43896726223708,21.228136639065315,76.27598183364746,0.4688315145687266,1.1793409243925175,detour_factor_1.35,4.5,1.35,1,0,0,1,5,0,2,5,0,8.43896726223708,,True,True,0.38578606014100525,0.0,0.0,0.0,0.38578606014100525,0.38578606014100525,0.38578606014100525
06037206200,17.835297139619616,6.881121770352023,12.306392433288455,0.9908498410899788,0.3822845427973346,detour_factor_1.35,4.5,1.35,0,5,1,1,33,3,3,45,3,17.835297139619616,,True,True,0.6595940016657929,0.0,0.0,0.0,0.6595940016657929,0.6595940016657929,0.6595940016657929
06037207900,12.499271390797142,9.02700187450774,8.962722610004613,0.6944039661553968,0.5015001041393188,detour_factor_1.35,4.5,1.35,3,4,1,3,26,2,4,43,3,9.02700187450774,0.0,True,True,0.5962939825990511,0.0,0.001719108470418007,0.0,0.5962939825990511,0.5980130910694691,0.5962939825990511
06037217200,115.55181990896322,25.590548997500846,61.38436824101201,6.419545550497957,1.4216971665278246,detour_factor_1.35,4.5,1.35,0,0,0,0,5,0,0,10,0,40.590548997500846,15.0,False,True,0.3425489066071685,0.0,0.0,0.0,0.3425489066071685,0.3425489066071685,0.3425489066071685
06037217100,130.2000786861778,29.481701031868738,79.44910523744491,7.233337704787654,1.6378722795482632,detour_factor_1.35,4.5,1.35,0,0,0,0,3,0,0,10,0,130.2000786861778,,False,False,0.3114170882032504,0.0,0.0,0.0,0.3114170882032504,0.3114170882032504,0.3114170882032504
06037218210,107.3892767790835,37.40426515447186,65.69562856660013,5.966070932171306,2.078014730803992,detour_factor_1.35,4.5,1.35,0,0,0,0,0,0,0,21,0,52.40426515447186,15.0,False,False,0.2627899965848405,0.0,0.0,0.0,0.2627899965848405,0.2627899965848405,0.2627899965848405
06037218110,87.80428137425706,45.423383658100036,45.72885193769809,4.878015631903169,2.5235213143388906,detour_factor_1.35,4.5,1.35,0,0,0,0,0,0,0,0,0,87.80428137425706,,False,False,0.22692440994069343,0.0,0.0,0.0,0.22692440994069343,0.22692440994069343,0.22692440994069343
06037218120,81.9641297630515,39.6341034148187,39.97442711332528,4.553562764613972,2.2018946341565946,detour_factor_1.35,4.5,1.35,0,0,0,0,0,0,0,4,1,81.9641297630515,,False,False,0.25172698835192386,0.0,0.0,0.0,0.25172698835192386,0.25172698835192386,0.25172698835192386
06037188100,61.47824336252076,84.67279069194457,154.33144811443623,3.4154579645844865,4.704043927330254,detour_factor_1.35,4.5,1.35,0,0,0,0,0,0,0,0,0,61.47824336252076,,False,False,0.13604592025182402,0.0,0.0,0.0,0.13604592025182402,0.13604592025182402,0.13604592025182402
06037218300,131.87227369608428,33.64501170374939,94.32283658087708,7.326237427560237,1.8691673168749658,detour_factor_1.35,4.5,1.35,0,0,0,0,0,0,0,17,0,131.87227369608428,,False,False,0.2838187109998993,0.0,0.0,0.0,0.2838187109998993,0.2838187109998993,0.2838187109998993
06037218600,102.39839422494495,26.415110394939617,75.22551752084797,5.6887996791636075,1.467506133052201,detour_factor_1.35,4.5,1.35,0,0,0,0,4,0,0,16,0,102.39839422494495,,False,False,0.3354429024814718,0.0,0.0,0.0,0.3354429024814718,0.3354429024814718,0.3354429024814718
06037218220,96.58153881816908,40.54863154183156,55.02740981132165,5.365641045453837,2.2527017523239756,detour_factor_1.35,4.5,1.35,0,0,0,0,0,0,0,17,0,55.54863154183156,15.0,False,False,0.24745447505903578,0.0,0.0,0.0,0.24745447505903578,0.24745447505903578,0.24745447505903578
06037218400,127.00614173275547,26.120706249533967,95.81235002897292,7.055896762930859,1.4511503471963314,detour_factor_1.35,4.5,1.35,0,0,0,0,4,0,0,12,0,127.00614173275547,,False,False,0.33794596128309407,0.0,0.0,0.0,0.33794596128309407,0.33794596128309407,0.33794596128309407
06037218500,114.1857987900892,25.822481758368657,84.97581417677581,6.343655488338288,1.4345823199093697,detour_factor_1.35,4.5,1.35,0,0,0,0,8,0,0,20,0,114.1857987900892,,False,False,0.3405198768588263,0.0,0.0,0.0,0.3405198768588263,0.3405198768588263,0.3405198768588263
06037218800,74.92671070127324,36.350042688841654,53.67242232763221,4.162595038959624,2.0194468160467585,detour_factor_1.35,4.5,1.35,0,0,0,0,0,0,0,11,0,74.92671070127324,,False,False,0.26836608944171425,0.0,0.0,0.0,0.26836608944171425,0.26836608944171425,0.26836608944171425
06037219500,88.11911360211975,8.728456592441043,97.07865106656904,4.895506311228875,0.48491425513561354,detour_factor_1.35,4.5,1.35,0,12,0,0,20,0,0,24,0,88.11911360211975,,False,False,0.6043631717187302,0.0,0.0,0.0,0.6043631717187302,0.6043631717187302,0.6043631717187302
06037219300,77.21122200404574,9.735538561451527,80.07016745996053,4.289512333558096,0.5408632534139737,detour_factor_1.35,4.5,1.35,0,8,0,0,12,0,0,26,0,77.21122200404574,,False,False,0.5779794258750718,0.0,0.0,0.0,0.5779794258750718,0.5779794258750718,0.5779794258750718
06037220000,92.34114862594852,12.409243174351674,85.23890495625822,5.130063812552695,0.689402398575093,detour_factor_1.35,4.5,1.35,0,8,0,0,16,0,0,20,0,92.34114862594852,,False,False,0.5179486726727953,0.0,0.0,0.0,0.5179486726727953,0.5179486726727953,0.5179486726727953
06037554103,249.2665061148867,37.106639220041046,69.53089804099407,13.848139228604815,2.061479956668947,detour_factor_1.35,4.5,1.35,0,0,0,0,0,0,0,8,0,249.2665061148867,,False,False,0.2643406143654086,0.0,0.0,0.0,0.2643406143654086,0.2643406143654086,0.2643406143654086
06037552301,257.74686356126443,67.94986267602168,26.651722519778108,14.319270197848024,3.7749923708900934,detour_factor_1.35,4.5,1.35,0,0,0,0,0,1,0,0,1,67.94986267602168,0.0,False,False,0.1640355447120802,0.1694223697226147,0.1694223697226147,0.1694223697226147,0.3334579144346949,0.3334579144346949,0.3334579144346949
06037433102,53.38059347491793,160.17318856149336,42.38695779113031,2.9655885263843293,8.898510475638519,detour_factor_1.35,4.5,1.35,0,0,0,0,0,0,0,0,1,53.38059347491793,,False,False,0.07684629481199279,0.16244415152739147,0.16244415152739147,0.16244415152739147,0.23929044633938426,0.23929044633938426,0.23929044633938426
06037800328,383.888999592137,466.3074949581257,273.5859164486581,21.327166644007608,25.905971942118093,detour_factor_1.35,4.5,1.35,0,0,0,0,0,0,0,0,0,383.888999592137,,False,False,0.02779857874240678,0.0072987466360805026,0.018672103665498374,0.0,0.03509732537848728,0.04647068240790515,0.02779857874240678
06037800204,262.0639030085458,375.8305800413123,204.58016318973893,14.559105722696989,20.879476668961793,detour_factor_1.35,4.5,1.35,0,0,0,0,0,0,0,0,0,262.0639030085458,,False,False,0.03426148436455211,0.016973206468423298,0.026924874195490653,0.0,0.05123469083297541,0.061186358560042765,0.03426148436455211
06037930101,182.92294507230304,178.96103967592487,355.64218771503056,10.162385837350168,9.942279981995824,detour_factor_1.35,4.5,1.35,0,0,0,0,0,0,0,0,0,186.96103967592487,8.0,False,False,0.06933813571701022,0.0,0.0,0.0,0.06933813571701022,0.06933813571701022,0.06933813571701022
06037920339,531.0805283761131,636.0342698900427,188.5150003836817,29.504473798672947,35.33523721611348,detour_factor_1.35,4.5,1.35,0,0,0,0,0,0,0,0,0,636.0342698900427,0.0,False,False,0.020532797243269313,0.04552339994102969,0.04552339994102969,0.0,0.066056197184299,0.066056197184299,0.020532797243269313
06037542104,143.99521289668627,56.50516379093471,160.74749880900308,7.9997340498159035,3.1391757661630395,detour_factor_1.35,4.5,1.35,0,0,0,0,0,0,0,0,0,143.99521289668627,,False,False,0.19091667035171866,0.0,0.0,0.0,0.19091667035171866,0.19091667035171866,0.19091667035171866
06037542103,135.53246549168804,46.59999652049236,164.12595089458296,7.52958141620489,2.588888695582909,detour_factor_1.35,4.5,1.35,0,0,0,0,0,0,0,0,0,135.53246549168804,,False,False,0.22246942337181408,0.0,0.0,0.0,0.22246942337181408,0.22246942337181408,0.22246942337181408
06037900607,1066.8376772090032,1082.3578982867525,847.1411823023097,59.26875984494461,60.13099434926403,detour_factor_1.35,4.5,1.35,0,0,0,0,0,0,0,0,0,1090.3578982867525,8.0,False,False,0.012168878374264898,0.003326447856848219,0.003326447856848219,0.0,0.015495326231113117,0.015495326231113117,0.012168878374264898
06037900704,997.8913293829719,1015.4190050383486,784.6092553505573,55.43840718794288,56.41216694657491,detour_factor_1.35,4.5,1.35,0,0,0,0,0,0,0,0,0,1023.4190050383486,8.0,False,False,0.01296068337928393,0.0037489565402058275,0.0037489565402058275,0.0,0.016709639919489757,0.016709639919489757,0.01296068337928393
06037900703,1040.2700383260415,1059.9373851484008,790.9296330197523,57.7927799070023,58.885410286022264,detour_factor_1.35,4.5,1.35,0,0,0,0,0,0,0,0,0,1040.2700383260415,,False,False,0.012423084971697428,0.004155240639629756,0.004155240639629756,0.0,0.016578325611327185,0.016578325611327185,0.012423084971697428
06037900701,1041.045919254916,1058.8426670234014,810.3760775303867,57.83588440305089,58.82459261241119,detour_factor_1.35,4.5,1.35,0,0,0,0,0,0,0,0,0,1066.8426670234014,8.0,False,False,0.012435769247676745,0.003751168958300957,0.003751168958300957,0.0,0.0161869382059777,0.0161869382059777,0.012435769247676745
06037900705,996.8090010034555,1016.4927331088452,762.1235817989385,55.3782778335253,56.471818506046944,detour_factor_1.35,4.5,1.35,0,0,0,0,0,0,0,0,0,996.8090010034555,,False,False,0.012947170175442398,0.004246993772478589,0.004246993772478589,0.0,0.017194163947920987,0.017194163947920987,0.012947170175442398
06037900804,1099.1470031438573,1117.2653850885524,847.3863908832362,61.06372239688096,62.07029917158624,detour_factor_1.35,4.5,1.35,0,0,0,0,0,0,0,0,0,1125.2653850885524,8.0,False,False,0.011793161548904186,0.003697750252227577,0.003697750252227577,0.0,0.015490911801131763,0.015490911801131763,0.011793161548904186
06037900806,1070.0846558354344,1088.038292536787,828.6388639382201,59.449147546413016,60.44657180759927,detour_factor_1.35,4.5,1.35,0,0,0,0,0,0,0,0,0,1096.038292536787,8.0,False,False,0.012106116609640779,0.0037297190349809377,0.0037297190349809377,0.0,0.015835835644621717,0.015835835644621717,0.012106116609640779
06037900900,1205.1939790959748,1207.2032196120035,830.2386753848056,66.95522106088748,67.06684553400018,detour_factor_1.35,4.5,1.35,0,0,0,0,0,0,0,0,0,1207.2032196120035,0.0,False,False,0.010924157331591595,0.004881646080015411,0.004881646080015411,0.0,0.015805803411607006,0.015805803411607006,0.010924157331591595
06037901003,1074.0865572187708,1082.460887132212,732.155383459047,59.67147540104283,60.136715951789554,detour_factor_1.35,4.5,1.35,0,0,0,0,0,0,0,0,0,1082.460887132212,0.0,False,False,0.012167734675283011,0.005717624328811328,0.005717624328811328,0.0,0.01788535900409434,0.01788535900409434,0.012167734675283011
06037920026,610.4684445829091,617.3343618894296,180.67198515053514,33.91491358793939,34.296353438301644,detour_factor_1.35,4.5,1.35,0,0,0,0,0,0,0,0,0,617.3343618894296,0.0,False,False,0.02114161456870526,0.04758502363653549,0.04758502363653549,0.0,0.06872663820524075,0.06872663820524075,0.02114161456870526
06037920043,451.2311145255534,465.29235259071925,114.48834958756156,25.068395251419634,25.849575143928845,detour_factor_1.35,4.5,1.35,0,0,0,0,0,0,0,0,0,465.29235259071925,0.0,False,False,0.02785753820878105,0.07645444571013624,0.07645444571013624,0.0,0.10431198391891729,0.10431198391891729,0.02785753820878105
06037910810,596.7553327279006,576.2563464420717,266.1525334015987,33.15307404043892,32.014241469003984,detour_factor_1.35,4.5,1.35,0,0,0,0,0,0,0,0,0,576.2563464420717,0.0,False,False,0.022614597559462806,0.02509204853716732,0.02509204853716732,0.0,0.047706646096630126,0.047706646096630126,0.022614597559462806
06037920032,570.0813437726468,597.472120353293,112.15597967162068,31.671185765147044,33.192895575182945,detour_factor_1.35,4.5,1.35,0,0,0,0,0,0,0,0,0,597.472120353293,0.0,False,False,0.02182910000697865,0.08442164767865865,0.08442164767865865,0.0,0.1062507476856373,0.1062507476856373,0.02182910000697865
06037920036,493.0297211683288,527.7877161047459,52.7408070566862,27.39054006490715,29.32153978359699,detour_factor_1.35,4.5,1.35,0,0,0,0,0,0,0,0,0,527.7877161047459,0.0,False,False,0.024640204529428632,0.1771533149114588,0.1771533149114588,0.0,0.20179351944088744,0.20179351944088744,0.024640204529428632
06037920029,512.5194304071651,549.7637811706896,53.627287612023856,28.473301689286952,30.542432287260535,detour_factor_1.35,4.5,1.35,0,0,0,0,0,0,0,0,0,549.7637811706896,0.0,False,False,0.023678568030094344,0.1754434404741864,0.1754434404741864,0.0,0.19912200850428075,0.19912200850428075,0.023678568030094344
06037920020,592.0093391951262,628.6857899665035,118.94300774605188,32.88940773306257,34.92698833147242,detour_factor_1.35,4.5,1.35,0,0,0,0,0,0,0,0,0,628.6857899665035,0.0,False,False,0.02076781337104561,0.08003126547050912,0.08003126547050912,0.0,0.10079907884155473,0.10079907884155473,0.02076781337104561
06037920322,433.3088129622844,514.8160718799609,87.21806036387711,24.07271183123802,28.600892882220048,detour_factor_1.35,4.5,1.35,0,0,0,0,0,0,0,0,0,514.8160718799609,0.0,False,False,0.02524538170775491,0.10735679159959761,0.10735679159959761,0.0,0.13260217330735252,0.13260217330735252,0.02524538170775491
06037103400,198.20036224331653,200.35167493450774,202.32122170391665,11.011131235739807,11.13064860747265,detour_factor_1.35,4.5,1.35,0,0,0,0,0,0,0,0,0,200.35167493450774,0.0,False,False,0.06239713979663381,0.0,0.0,0.0,0.06239713979663381,0.06239713979663381,0.06239713979663381
06037104105,247.17560798477595,219.15867372474003,221.16114163293895,13.73197822137644,12.175481873596667,detour_factor_1.35,4.5,1.35,0,0,0,0,0,0,0,0,0,219.15867372474003,0.0,False,False,0.05734964183092474,0.0,0.0,0.0,0.05734964183092474,0.05734964183092474,0.05734964183092474
06037104201,255.65840955301795,243.39023398364395,242.02328038709277,14.203244975167662,13.521679665757999,detour_factor_1.35,4.5,1.35,0,0,0,0,0,0,0,0,0,243.39023398364395,0.0,False,False,0.05193653809301672,0.0002780223175123872,0.0002780223175123872,0.0,0.052214560410529104,0.052214560410529104,0.05193653809301672
06037104310,226.7077653694886,231.18998460126582,211.68914864455704,12.594875853860476,12.843888033403655,detour_factor_1.35,4.5,1.35,0,0,0,0,0,0,0,0,0,231.18998460126582,0.0,False,False,0.05452786035276808,0.004725478318713658,0.004725478318713658,0.0,0.05925333867148174,0.05925333867148174,0.05452786035276808
06037104701,224.5204209661218,208.66179444078546,210.58001297090476,12.4733567203401,11.592321913376969,detour_factor_1.35,4.5,1.35,0,0,0,0,0,0,0,0,0,208.66179444078546,0.0,False,False,0.060061378224931454,0.0,0.0,0.0,0.060061378224931454,0.060061378224931454,0.060061378224931454
06037530006,111.24681793641696,69.72846557268804,73.23029401584682,6.180378774245386,3.8738036429271125,detour_factor_1.35,4.5,1.35,0,0,0,0,0,0,0,0,0,69.72846557268804,0.0,False,False,0.16052305041477696,0.0,0.0,0.0,0.16052305041477696,0.16052305041477696,0.16052305041477696
06037482701,150.91932474325824,22.805996958373665,25.567914235385807,8.384406930181012,1.266999831020759,detour_factor_1.35,4.5,1.35,0,0,0,0,4,1,0,9,1,22.805996958373665,0.0,True,True,0.36894245758596617,0.0,0.0,0.0,0.36894245758596617,0.36894245758596617,0.36894245758596617
06037481500,133.38833292915612,99.35340204725786,120.50019649853427,7.410462940508673,5.519633447069881,detour_factor_1.35,4.5,1.35,0,0,0,0,0,0,0,0,0,133.38833292915612,,False,False,0.11832211917668017,0.0,0.0,0.0,0.11832211917668017,0.11832211917668017,0.11832211917668017
06037481604,148.04504959014614,80.90281709773494,111.9543934710406,8.22472497723034,4.494600949874163,detour_factor_1.35,4.5,1.35,0,0,0,0,0,0,0,0,0,148.04504959014614,,False,False,0.14148851870903176,0.0,0.0,0.0,0.14148851870903176,0.14148851870903176,0.14148851870903176
06037481402,111.2179319382444,125.2492440936807,95.67385712208583,6.1787739965691335,6.958291338537816,detour_factor_1.35,4.5,1.35,0,0,0,0,0,0,0,0,0,111.2179319382444,,False,False,0.09621219045630375,0.026103899680761905,0.026103899680761905,0.026103899680761905,0.12231609013706565,0.12231609013706565,0.12231609013706565
06037481603,145.42517739099347,87.67241212324844,117.19362096972951,8.079176521721859,4.870689562402691,detour_factor_1.35,4.5,1.35,0,0,0,0,0,0,0,0,0,145.42517739099347,,False,False,0.13200569208278143,0.0,0.0,0.0,0.13200569208278143,0.13200569208278143,0.13200569208278143
06037481713,142.09353897262892,80.00644268528877,81.43030232594464,7.8940854984793845,4.444802371404932,detour_factor_1.35,4.5,1.35,0,0,0,0,0,0,0,0,0,80.00644268528877,0.0,False,False,0.14284728228481303,0.0,0.0,0.0,0.14284728228481303,0.14284728228481303,0.14284728228481303
06037480500,93.97831655403256,28.201500238738426,148.95409917882884,5.221017586335142,1.566750013263246,detour_factor_1.35,4.5,1.35,0,0,0,0,6,0,0,6,0,93.97831655403256,,False,False,0.3210156918095547,0.0,0.0,0.0,0.3210156918095547,0.3210156918095547,0.3210156918095547
06037408624,62.0965242271071,270.1976214830243,164.81860453695973,3.4498069015059505,15.010978971279126,detour_factor_1.35,4.5,1.35,0,0,0,0,0,0,0,0,0,270.1976214830243,0.0,False,False,0.04702602346177441,0.027816459268000457,0.027816459268000457,0.010301300965664784,0.07484248272977487,0.07484248272977487,0.057327324427439194
06037408706,149.94025730110917,277.1007253080925,56.387193633886135,8.330014294506064,15.39448473933847,detour_factor_1.35,4.5,1.35,0,0,0,0,0,0,0,0,0,149.94025730110917,,False,False,0.04590829806842614,0.1453314115740766,0.1453314115740766,0.0011943106579434468,0.19123970964250275,0.19123970964250275,0.04710260872636959
06037128500,70.81633116776065,112.09515692968667,70.81225577631773,3.9342406204311464,6.227508718315926,detour_factor_1.35,4.5,1.35,0,0,0,0,0,0,0,0,0,112.09515692968667,0.0,False,False,0.10630227076299578,0.012513636264571262,0.05215325227052317,0.0,0.11881590702756704,0.15845552303351895,0.10630227076299578
06037430803,61.55797556123359,49.60065725043788,78.23778137313832,3.4198875311796435,2.7555920694687708,detour_factor_1.35,4.5,1.35,0,0,0,0,0,0,0,0,0,61.55797556123359,,False,False,0.21186219417606103,0.0,0.0,0.0,0.21186219417606103,0.21186219417606103,0.21186219417606103
06037400205,143.09671582097477,117.64576976125088,159.88507522727897,7.949817545609709,6.53587609784727,detour_factor_1.35,4.5,1.35,0,0,0,0,0,0,0,0,0,143.09671582097477,,False,False,0.10179740903940154,0.0,0.0,0.0,0.10179740903940154,0.10179740903940154,0.10179740903940154
06037408303,82.57631020358542,194.46190018573483,99.8086441839208,4.587572789088079,10.80343889920749,detour_factor_1.35,4.5,1.35,0,0,0,0,0,0,0,0,0,82.57631020358542,,False,False,0.06416573232951375,0.053680301705908706,0.053680301705908706,0.053680301705908706,0.11784603403542246,0.11784603403542246,0.11784603403542246
06037408625,80.16590636324234,278.0983020261212,189.88087854788932,4.453661464624574,15.449905668117843,detour_factor_1.35,4.5,1.35,0,0,0,0,0,0,0,0,0,278.0983020261212,0.0,False,False,0.0457511529827154,0.01986105597600929,0.01986105597600929,0.013425164268226666,0.06561220895872469,0.06561220895872469,0.059176317250942065
06037408627,99.73140531839165,306.0489569649721,135.5633561629474,5.540633628799536,17.00271983138734,detour_factor_1.35,4.5,1.35,0,0,0,0,0,0,0,0,0,306.0489569649721,0.0,False,False,0.04174725317699958,0.047800294041411784,0.047800294041411784,0.0076782874108768245,0.08954754721841136,0.08954754721841136,0.049425540587876404
06037404402,198.63409080890537,23.426611691232896,211.40326208142537,11.035227267161408,1.3014784272907165,detour_factor_1.35,4.5,1.35,0,0,0,0,4,0,0,8,0,198.63409080890537,,False,False,0.3627136363893587,0.0,0.0,0.0,0.3627136363893587,0.3627136363893587,0.3627136363893587
06037400402,131.14818715115425,67.85838541026524,173.14636108126035,7.286010397286347,3.769910300570291,detour_factor_1.35,4.5,1.35,0,0,0,0,0,0,0,0,0,131.14818715115425,,False,False,0.16422036064342554,0.0,0.0,0.0,0.16422036064342554,0.16422036064342554,0.16422036064342554
06037401311,92.79105299896828,18.681420994199804,132.3158023821581,5.155058499942682,1.037856721899989,detour_factor_1.35,4.5,1.35,0,0,0,0,2,0,0,2,0,92.79105299896828,,False,False,0.4164746415644514,0.0,0.0,0.0,0.4164746415644514,0.4164746415644514,0.4164746415644514
06037401902,71.86256965585143,44.254987284958524,74.0100915198339,3.9923649808806347,2.4586104047199178,detour_factor_1.35,4.5,1.35,0,0,0,0,0,0,0,2,0,71.86256965585143,,False,False,0.2315284278162862,0.0,0.0,0.0,0.2315284278162862,0.2315284278162862,0.2315284278162862
06037401901,98.85430137802261,72.04369889473408,92.83006420537079,5.491905632112368,4.002427716374115,detour_factor_1.35,4.5,1.35,0,0,0,0,0,0,0,0,0,98.85430137802261,,False,False,0.15617002588841505,0.0,0.0,0.0,0.15617002588841505,0.15617002588841505,0.15617002588841505
06037401800,98.8891365507487,70.9242255843027,105.22632599406342,5.493840919486038,3.9402347546834826,detour_factor_1.35,4.5,1.35,0,0,0,0,0,0,0,0,0,98.8891365507487,,False,False,0.15824495160567156,0.0,0.0,0.0,0.15824495160567156,0.15824495160567156,0.15824495160567156
06037401703,38.29043300986186,15.887595125385573,63.811090694358676,2.1272462783256585,0.8826441736325318,detour_factor_1.35,4.5,1.35,0,0,0,0,4,0,1,4,0,38.29043300986186,,False,True,0.45629396588714305,0.0,0.0,0.0,0.45629396588714305,0.45629396588714305,0.45629396588714305
06037277000,109.39748807071845,48.25891525419615,48.76039807170838,6.077638226151025,2.6810508474553414,detour_factor_1.35,4.5,1.35,0,0,0,0,0,0,0,0,0,109.39748807071845,,False,False,0.2164774568083056,0.0,0.0,0.0,0.2164774568083056,0.2164774568083056,0.2164774568083056
06037277100,69.57589297437114,10.413786358326027,18.218019961440582,3.8653273874650633,0.5785436865736682,detour_factor_1.35,4.5,1.35,0,4,0,0,4,1,0,25,2,69.57589297437114,,False,False,0.5614716018808953,0.0,0.0,0.0,0.5614716018808953,0.5614716018808953,0.5614716018808953
06037143500,88.42511372499588,65.83641951329506,64.94001321109425,4.912506318055327,3.6575788618497254,detour_factor_1.35,4.5,1.35,0,0,0,0,0,0,0,0,0,88.42511372499588,,False,False,0.16841448727474662,0.0019287256063507119,0.0019287256063507119,0.0,0.17034321288109733,0.17034321288109733,0.16841448727474662
06037143700,22.646386882928955,26.640150812478172,89.13293526807361,1.258132604607164,1.4800083784710096,detour_factor_1.35,4.5,1.35,0,0,0,1,5,0,1,5,0,22.646386882928955,,True,True,0.3335544453592601,0.0,0.0,0.0,0.3335544453592601,0.3335544453592601,0.3335544453592601
06037141600,82.97526617340523,152.95934537411677,82.96893605137548,4.609737009633624,8.497741409673152,detour_factor_1.35,4.5,1.35,0,0,0,0,0,0,0,0,0,82.97526617340523,,False,False,0.08017991794329059,0.02026399532291563,0.05827303252737033,0.0,0.10044391326620622,0.13845295047066092,0.08017991794329059
06037143800,48.44912625385788,34.87932643053459,67.80886472231498,2.6916181252143265,1.9377403572519214,detour_factor_1.35,4.5,1.35,0,0,0,0,0,0,0,5,0,48.44912625385788,,False,False,0.2765525361727865,0.0,0.0,0.0,0.2765525361727865,0.2765525361727865,0.2765525361727865
06037143902,105.16596414102202,91.40156313093478,90.49274866799196,5.842553563390112,5.077864618385265,detour_factor_1.35,4.5,1.35,0,0,0,0,0,0,0,0,0,105.16596414102202,,False,False,0.12730554746747855,0.0011143358250754465,0.0011143358250754465,0.0,0.128419883292554,0.128419883292554,0.12730554746747855
06037143901,76.41804315942166,62.75871873506108,79.68121672943943,4.245446842190091,3.4865954852811716,detour_factor_1.35,4.5,1.35,0,0,0,0,0,0,0,0,0,76.41804315942166,,False,False,0.17522636032142788,0.0,0.0,0.0,0.17522636032142788,0.17522636032142788,0.17522636032142788
06037181500,59.828281303005696,44.79273673057352,169.3760708416282,3.323793405722538,2.488485373920751,detour_factor_1.35,4.5,1.35,0,0,0,0,0,0,0,1,0,59.828281303005696,,False,False,0.2293864580673348,0.0,0.0,0.0,0.2293864580673348,0.2293864580673348,0.2293864580673348
06037181400,80.49847970767422,56.961429267116806,165.06673093000725,4.472137761537456,3.164523848173156,detour_factor_1.35,4.5,1.35,0,0,0,0,0,0,0,0,0,80.49847970767422,,False,False,0.18967747866393606,0.0,0.0,0.0,0.18967747866393606,0.18967747866393606,0.18967747866393606
06037183620,83.95140376615585,7.445775122802065,138.7825987650247,4.663966875897547,0.4136541734890035,detour_factor_1.35,4.5,1.35,0,4,0,0,4,0,0,9,0,83.95140376615585,,False,False,0.6416701352456934,0.0,0.0,0.0,0.6416701352456934,0.6416701352456934,0.6416701352456934
06037183300,84.71034131037271,24.312856961575726,141.86846846761364,4.706130072798484,1.3507142756430957,detour_factor_1.35,4.5,1.35,0,0,0,0,4,0,0,4,0,84.71034131037271,,False,False,0.35417483758340396,0.0,0.0,0.0,0.35417483758340396,0.35417483758340396,0.35417483758340396
06037183510,95.69020330542162,17.60055422367128,129.5595643434011,5.316122405856756,0.9778085679817378,detour_factor_1.35,4.5,1.35,0,0,0,0,4,0,0,9,0,95.69020330542162,,False,False,0.43102676017564295,0.0,0.0,0.0,0.43102676017564295,0.43102676017564295,0.43102676017564295
06037183610,90.64818778901247,7.465008873070107,132.30913609071507,5.0360104327229145,0.4147227151705615,detour_factor_1.35,4.5,1.35,0,4,0,0,4,0,0,9,0,90.64818778901247,,False,False,0.6410767358769699,0.0,0.0,0.0,0.6410767358769699,0.6410767358769699,0.6410767358769699
06037183520,97.46318610155683,13.289588702004975,121.6111026735497,5.41462145008649,0.7383104834447208,detour_factor_1.35,4.5,1.35,0,3,0,0,9,0,0,9,0,97.46318610155683,,False,False,0.5008215595431316,0.0,0.0,0.0,0.5008215595431316,0.5008215595431316,0.5008215595431316
06037183810,97.66136960779866,9.069236544621065,119.52287752036256,5.425631644877703,0.5038464747011703,detour_factor_1.35,4.5,1.35,0,4,0,0,9,0,0,9,0,97.66136960779866,,False,False,0.5951698133728046,0.0,0.0,0.0,0.5951698133728046,0.5951698133728046,0.5951698133728046
06037400602,227.643381374478,9.009001147422024,245.7655206452278,12.646854520804332,0.500500063745668,detour_factor_1.35,4.5,1.35,0,4,0,0,6,0,0,7,0,227.643381374478,,False,False,0.5967744035350488,0.0,0.0,0.0,0.5967744035350488,0.5967744035350488,0.5967744035350488
06037430302,82.17867279796747,45.68206419336113,168.3822891206591,4.565481822109303,2.5378924551867295,detour_factor_1.35,4.5,1.35,0,0,0,0,0,0,0,0,0,82.17867279796747,,False,False,0.22592973854496634,0.0,0.0,0.0,0.22592973854496634,0.22592973854496634,0.22592973854496634
06037430723,27.47898535771469,51.141067304570086,113.52096357123344,1.526610297650816,2.841170405809449,detour_factor_1.35,4.5,1.35,0,0,0,1,0,0,1,0,0,27.47898535771469,,True,True,0.20680042313561098,0.0,0.0,0.0,0.20680042313561098,0.20680042313561098,0.20680042313561098
06037431100,83.63650807461346,12.247499288543192,134.05509358564112,4.646472670811858,0.6804166271412884,detour_factor_1.35,4.5,1.35,0,3,0,0,3,0,0,3,0,83.63650807461346,,False,False,0.5212235868323837,0.0,0.0,0.0,0.5212235868323837,0.5212235868323837,0.5212235868323837
06037533603,168.27652835470835,79.82746406868087,139.32866413318192,9.348696019706018,4.434859114926715,detour_factor_1.35,4.5,1.35,0,0,0,0,0,0,0,0,0,168.27652835470835,,False,False,0.14312171755890377,0.0,0.0,0.0,0.14312171755890377,0.14312171755890377,0.14312171755890377
06037534101,213.64316838952283,117.72701582210627,126.07215947571837,11.869064910529044,6.540389767894792,detour_factor_1.35,4.5,1.35,0,0,0,0,0,0,0,0,0,213.64316838952283,,False,False,0.10173430346595363,0.0,0.0,0.0,0.10173430346595363,0.10173430346595363,0.10173430346595363
